set,card_name,card_number,pikawiz_label,psa_10,psa_9,psa_8,psa_7,psa_total,source_url,captured_date
Neo Genesis,Lugia,9/111,Unlimited Holo,15,491,1945,2245,10501,https://www.pikawiz.com/cards/pop-report/neogenesis,2026-09-30
Neo Genesis,Lugia,9/111,1st Edition Holo,45,598,1688,1414,6357,https://www.pikawiz.com/cards/pop-report/neogenesis,2026-09-30
Neo Genesis,Typhlosion,17/111,Unlimited Holo,4,199,794,932,3776,https://www.pikawiz.com/cards/pop-report/neogenesis,2026-09-30
Neo Genesis,Slowking,14/111,1st Edition Holo,17,524,1292,837,3559,https://www.pikawiz.com/cards/pop-report/neogenesis,2026-09-30
Neo Genesis,Pichu,12/111,1st Edition Holo,37,529,1151,667,3189,https://www.pikawiz.com/cards/pop-report/neogenesis,2026-09-30
Neo Genesis,Typhlosion,17/111,1st Edition Holo,13,275,992,783,3151,https://www.pikawiz.com/cards/pop-report/neogenesis,2026-09-30
Neo Genesis,Pichu,12/111,Unlimited Holo,21,338,886,688,2998,https://www.pikawiz.com/cards/pop-report/neogenesis,2026-09-30
Neo Genesis,Slowking,14/111,Unlimited Holo,8,263,809,705,2871,https://www.pikawiz.com/cards/pop-report/neogenesis,2026-09-30
Neo Genesis,Kingdra,8/111,Unlimited Holo,37,500,800,537,2786,https://www.pikawiz.com/cards/pop-report/neogenesis,2026-09-30
Neo Genesis,Typhlosion,18/111,Unlimited Holo,65,566,722,511,2784,https://www.pikawiz.com/cards/pop-report/neogenesis,2026-09-30
Neo Genesis,Ampharos,1/111,1st Edition Holo,285,1012,619,312,2656,https://www.pikawiz.com/cards/pop-report/neogenesis,2026-09-30
Neo Genesis,Steelix,15/111,1st Edition Holo,281,965,620,257,2547,https://www.pikawiz.com/cards/pop-report/neogenesis,2026-09-30
Neo Genesis,Heracross,6/111,1st Edition Holo,27,425,941,562,2526,https://www.pikawiz.com/cards/pop-report/neogenesis,2026-09-30
Neo Genesis,Typhlosion,18/111,1st Edition Holo,146,855,656,349,2510,https://www.pikawiz.com/cards/pop-report/neogenesis,2026-09-30
Neo Genesis,Togetic,16/111,1st Edition Holo,151,943,613,312,2359,https://www.pikawiz.com/cards/pop-report/neogenesis,2026-09-30
Neo Genesis,Azumarill,2/111,1st Edition Holo,38,584,837,459,2322,https://www.pikawiz.com/cards/pop-report/neogenesis,2026-09-30
Neo Genesis,Skarmory,13/111,1st Edition Holo,59,650,848,386,2294,https://www.pikawiz.com/cards/pop-report/neogenesis,2026-09-30
Neo Genesis,Kingdra,8/111,1st Edition Holo,116,845,642,287,2232,https://www.pikawiz.com/cards/pop-report/neogenesis,2026-09-30
Neo Genesis,Feraligatr,4/111,1st Edition Holo,101,616,620,342,2151,https://www.pikawiz.com/cards/pop-report/neogenesis,2026-09-30
Neo Genesis,Feraligatr,5/111,1st Edition Holo,22,432,729,393,2107,https://www.pikawiz.com/cards/pop-report/neogenesis,2026-09-30
Neo Genesis,Bellossom,3/111,1st Edition Holo,178,832,594,232,2080,https://www.pikawiz.com/cards/pop-report/neogenesis,2026-09-30
Neo Genesis,Jumpluff,7/111,Unlimited Holo,17,276,597,443,1993,https://www.pikawiz.com/cards/pop-report/neogenesis,2026-09-30
Neo Genesis,Feraligatr,4/111,Unlimited Holo,32,360,572,393,1989,https://www.pikawiz.com/cards/pop-report/neogenesis,2026-09-30
Neo Genesis,Feraligatr,5/111,Unlimited Holo,8,222,547,469,1980,https://www.pikawiz.com/cards/pop-report/neogenesis,2026-09-30
Neo Genesis,Meganium,11/111,1st Edition Holo,93,693,590,251,1970,https://www.pikawiz.com/cards/pop-report/neogenesis,2026-09-30
Neo Genesis,Meganium,10/111,1st Edition Holo,22,363,703,406,1886,https://www.pikawiz.com/cards/pop-report/neogenesis,2026-09-30
Neo Genesis,Togetic,16/111,Unlimited Holo,48,447,545,342,1874,https://www.pikawiz.com/cards/pop-report/neogenesis,2026-09-30
Neo Genesis,Ampharos,1/111,Unlimited Holo,68,466,541,293,1809,https://www.pikawiz.com/cards/pop-report/neogenesis,2026-09-30
Neo Genesis,Steelix,15/111,Unlimited Holo,77,492,478,268,1802,https://www.pikawiz.com/cards/pop-report/neogenesis,2026-09-30
Neo Genesis,Meganium,11/111,Unlimited Holo,26,384,486,358,1747,https://www.pikawiz.com/cards/pop-report/neogenesis,2026-09-30
Neo Genesis,Skarmory,13/111,Unlimited Holo,23,367,538,356,1718,https://www.pikawiz.com/cards/pop-report/neogenesis,2026-09-30
Neo Genesis,Jumpluff,7/111,1st Edition Holo,36,498,626,285,1703,https://www.pikawiz.com/cards/pop-report/neogenesis,2026-09-30
Neo Genesis,Heracross,6/111,Unlimited Holo,4,216,502,410,1647,https://www.pikawiz.com/cards/pop-report/neogenesis,2026-09-30
Neo Genesis,Azumarill,2/111,Unlimited Holo,15,256,520,347,1614,https://www.pikawiz.com/cards/pop-report/neogenesis,2026-09-30
Neo Genesis,Meganium,10/111,Unlimited Holo,9,198,478,374,1563,https://www.pikawiz.com/cards/pop-report/neogenesis,2026-09-30
Neo Genesis,Bellossom,3/111,Unlimited Holo,57,458,459,223,1467,https://www.pikawiz.com/cards/pop-report/neogenesis,2026-09-30
Neo Genesis,Metal Energy,19/111,1st Edition Holo,22,253,550,286,1353,https://www.pikawiz.com/cards/pop-report/neogenesis,2026-09-30
Neo Genesis,Metal Energy,19/111,Unlimited Holo,10,141,252,156,798,https://www.pikawiz.com/cards/pop-report/neogenesis,2026-09-30
Neo Discovery,Umbreon,13/75,Unlimited Holo,109,943,1483,1227,6154,https://www.pikawiz.com/cards/pop-report/neodiscovery,2026-09-30
Neo Discovery,Espeon,1/75,Unlimited Holo,100,688,1223,853,4291,https://www.pikawiz.com/cards/pop-report/neodiscovery,2026-09-30
Neo Discovery,Tyranitar,12/75,Unlimited Holo,83,552,779,558,2903,https://www.pikawiz.com/cards/pop-report/neodiscovery,2026-09-30
Neo Discovery,Houndoom,4/75,Unlimited Holo,18,309,602,390,1907,https://www.pikawiz.com/cards/pop-report/neodiscovery,2026-09-30
Neo Discovery,Umbreon,13/75,1st Edition Holo,102,612,392,219,1712,https://www.pikawiz.com/cards/pop-report/neodiscovery,2026-09-30
Neo Discovery,Espeon,1/75,1st Edition Holo,95,525,436,204,1573,https://www.pikawiz.com/cards/pop-report/neodiscovery,2026-09-30
Neo Discovery,Scizor,10/75,Unlimited Holo,19,233,441,328,1489,https://www.pikawiz.com/cards/pop-report/neodiscovery,2026-09-30
Neo Discovery,Kabutops,6/75,Unlimited Holo,26,324,431,292,1487,https://www.pikawiz.com/cards/pop-report/neodiscovery,2026-09-30
Neo Discovery,Hitmontop,3/75,Unlimited Holo,20,282,460,314,1484,https://www.pikawiz.com/cards/pop-report/neodiscovery,2026-09-30
Neo Discovery,Houndour,5/75,Unlimited Holo,9,208,481,319,1477,https://www.pikawiz.com/cards/pop-report/neodiscovery,2026-09-30
Neo Discovery,Unown [A],14/75,Unlimited Holo,49,356,441,243,1394,https://www.pikawiz.com/cards/pop-report/neodiscovery,2026-09-30
Neo Discovery,Tyranitar,12/75,1st Edition Holo,77,427,336,170,1208,https://www.pikawiz.com/cards/pop-report/neodiscovery,2026-09-30
Neo Discovery,Politoed,8/75,Unlimited Holo,20,265,352,258,1189,https://www.pikawiz.com/cards/pop-report/neodiscovery,2026-09-30
Neo Discovery,Poliwrath,9/75,Unlimited Holo,26,287,355,208,1116,https://www.pikawiz.com/cards/pop-report/neodiscovery,2026-09-30
Neo Discovery,Wobbuffet,16/75,Unlimited Holo,10,237,369,193,1058,https://www.pikawiz.com/cards/pop-report/neodiscovery,2026-09-30
Neo Discovery,Houndoom,4/75,1st Edition Holo,42,341,344,168,1051,https://www.pikawiz.com/cards/pop-report/neodiscovery,2026-09-30
Neo Discovery,Scizor,10/75,1st Edition Holo,41,287,343,172,990,https://www.pikawiz.com/cards/pop-report/neodiscovery,2026-09-30
Neo Discovery,Yanma,17/75,Unlimited Holo,10,175,334,211,979,https://www.pikawiz.com/cards/pop-report/neodiscovery,2026-09-30
Neo Discovery,Smeargle,11/75,Unlimited Holo,4,126,296,242,937,https://www.pikawiz.com/cards/pop-report/neodiscovery,2026-09-30
Neo Discovery,Ursaring,15/75,Unlimited Holo,46,287,259,162,927,https://www.pikawiz.com/cards/pop-report/neodiscovery,2026-09-30
Neo Discovery,Yanma,17/75,1st Edition Holo,14,251,364,164,918,https://www.pikawiz.com/cards/pop-report/neodiscovery,2026-09-30
Neo Discovery,Politoed,8/75,1st Edition Holo,37,278,329,127,897,https://www.pikawiz.com/cards/pop-report/neodiscovery,2026-09-30
Neo Discovery,Houndour,5/75,1st Edition Holo,27,319,296,131,895,https://www.pikawiz.com/cards/pop-report/neodiscovery,2026-09-30
Neo Discovery,Kabutops,6/75,1st Edition Holo,52,325,257,126,888,https://www.pikawiz.com/cards/pop-report/neodiscovery,2026-09-30
Neo Discovery,Poliwrath,9/75,1st Edition Holo,47,322,271,97,822,https://www.pikawiz.com/cards/pop-report/neodiscovery,2026-09-30
Neo Discovery,Wobbuffet,16/75,1st Edition Holo,43,313,262,94,804,https://www.pikawiz.com/cards/pop-report/neodiscovery,2026-09-30
Neo Discovery,Smeargle,11/75,1st Edition Holo,24,184,301,136,762,https://www.pikawiz.com/cards/pop-report/neodiscovery,2026-09-30
Neo Discovery,Unown [A],14/75,1st Edition Holo,61,336,237,64,754,https://www.pikawiz.com/cards/pop-report/neodiscovery,2026-09-30
Neo Discovery,Forretress,2/75,Unlimited Holo,61,256,224,106,752,https://www.pikawiz.com/cards/pop-report/neodiscovery,2026-09-30
Neo Discovery,Magnemite,7/75,Unlimited Holo,75,261,210,99,751,https://www.pikawiz.com/cards/pop-report/neodiscovery,2026-09-30
Neo Discovery,Ursaring,15/75,1st Edition Holo,67,314,196,61,704,https://www.pikawiz.com/cards/pop-report/neodiscovery,2026-09-30
Neo Discovery,Hitmontop,3/75,1st Edition Holo,35,263,211,100,673,https://www.pikawiz.com/cards/pop-report/neodiscovery,2026-09-30
Neo Discovery,Magnemite,7/75,1st Edition Holo,141,290,127,31,638,https://www.pikawiz.com/cards/pop-report/neodiscovery,2026-09-30
Neo Discovery,Forretress,2/75,1st Edition Holo,78,283,169,54,632,https://www.pikawiz.com/cards/pop-report/neodiscovery,2026-09-30
Neo Revelation,Shining Magikarp,66/64,Unlimited Holo,66,869,1417,1204,6208,https://www.pikawiz.com/cards/pop-report/neorevelation,2026-09-30
Neo Revelation,Shining Gyarados,65/64,Unlimited Holo,120,989,1268,939,6053,https://www.pikawiz.com/cards/pop-report/neorevelation,2026-09-30
Neo Revelation,Ho-oh,7/64,Unlimited Holo,49,545,761,498,2866,https://www.pikawiz.com/cards/pop-report/neorevelation,2026-09-30
Neo Revelation,Suicune,14/64,Unlimited Holo,16,307,689,490,2342,https://www.pikawiz.com/cards/pop-report/neorevelation,2026-09-30
Neo Revelation,Entei,6/64,Unlimited Holo,12,328,710,454,2268,https://www.pikawiz.com/cards/pop-report/neorevelation,2026-09-30
Neo Revelation,Raikou,13/64,Unlimited Holo,16,292,659,461,2155,https://www.pikawiz.com/cards/pop-report/neorevelation,2026-09-30
Neo Revelation,Houndoom,8/64,Unlimited Holo,10,256,585,426,1866,https://www.pikawiz.com/cards/pop-report/neorevelation,2026-09-30
Neo Revelation,Shining Gyarados,65/64,1st Edition Holo,116,623,436,210,1844,https://www.pikawiz.com/cards/pop-report/neorevelation,2026-09-30
Neo Revelation,Shining Magikarp,66/64,1st Edition Holo,126,692,420,173,1745,https://www.pikawiz.com/cards/pop-report/neorevelation,2026-09-30
Neo Revelation,Celebi,3/64,Unlimited Holo,43,399,451,251,1532,https://www.pikawiz.com/cards/pop-report/neorevelation,2026-09-30
Neo Revelation,Ho-oh,7/64,1st Edition Holo,88,576,374,186,1519,https://www.pikawiz.com/cards/pop-report/neorevelation,2026-09-30
Neo Revelation,Suicune,14/64,1st Edition Holo,35,491,443,196,1440,https://www.pikawiz.com/cards/pop-report/neorevelation,2026-09-30
Neo Revelation,Entei,6/64,1st Edition Holo,40,448,471,179,1374,https://www.pikawiz.com/cards/pop-report/neorevelation,2026-09-30
Neo Revelation,Raikou,13/64,1st Edition Holo,36,433,432,173,1343,https://www.pikawiz.com/cards/pop-report/neorevelation,2026-09-30
Neo Revelation,Houndoom,8/64,1st Edition Holo,29,424,421,152,1214,https://www.pikawiz.com/cards/pop-report/neorevelation,2026-09-30
Neo Revelation,Celebi,3/64,1st Edition Holo,94,447,266,90,1048,https://www.pikawiz.com/cards/pop-report/neorevelation,2026-09-30
Neo Revelation,Ampharos,1/64,1st Edition Holo,10,234,385,158,944,https://www.pikawiz.com/cards/pop-report/neorevelation,2026-09-30
Neo Revelation,Misdreavus,11/64,Unlimited Holo,7,159,315,200,915,https://www.pikawiz.com/cards/pop-report/neorevelation,2026-09-30
Neo Revelation,Blissey,2/64,1st Edition Holo,11,264,356,132,897,https://www.pikawiz.com/cards/pop-report/neorevelation,2026-09-30
Neo Revelation,Ampharos,1/64,Unlimited Holo,2,126,271,213,892,https://www.pikawiz.com/cards/pop-report/neorevelation,2026-09-30
Neo Revelation,Misdreavus,11/64,1st Edition Holo,22,301,334,119,892,https://www.pikawiz.com/cards/pop-report/neorevelation,2026-09-30
Neo Revelation,Porygon2,12/64,Unlimited Holo,9,168,285,177,876,https://www.pikawiz.com/cards/pop-report/neorevelation,2026-09-30
Neo Revelation,Blissey,2/64,Unlimited Holo,1,110,302,193,824,https://www.pikawiz.com/cards/pop-report/neorevelation,2026-09-30
Neo Revelation,Porygon2,12/64,1st Edition Holo,21,303,261,100,784,https://www.pikawiz.com/cards/pop-report/neorevelation,2026-09-30
Neo Revelation,Magneton,10/64,1st Edition Holo,21,284,256,110,779,https://www.pikawiz.com/cards/pop-report/neorevelation,2026-09-30
Neo Revelation,Shining Gyarados,65/64,Double Holo Error,6,51,114,124,747,https://www.pikawiz.com/cards/pop-report/neorevelation,2026-09-30
Neo Revelation,Delibird,5/64,1st Edition Holo,64,325,203,67,713,https://www.pikawiz.com/cards/pop-report/neorevelation,2026-09-30
Neo Revelation,Magneton,10/64,Unlimited Holo,14,141,224,146,703,https://www.pikawiz.com/cards/pop-report/neorevelation,2026-09-30
Neo Revelation,Jumpluff,9/64,1st Edition Holo,60,346,181,54,693,https://www.pikawiz.com/cards/pop-report/neorevelation,2026-09-30
Neo Revelation,Crobat,4/64,1st Edition Holo,72,284,186,55,659,https://www.pikawiz.com/cards/pop-report/neorevelation,2026-09-30
Neo Revelation,Shining Magikarp,66/64,Double Holo Error,1,45,96,113,639,https://www.pikawiz.com/cards/pop-report/neorevelation,2026-09-30
Neo Revelation,Delibird,5/64,Unlimited Holo,26,200,215,67,613,https://www.pikawiz.com/cards/pop-report/neorevelation,2026-09-30
Neo Revelation,Jumpluff,9/64,Unlimited Holo,20,196,210,70,594,https://www.pikawiz.com/cards/pop-report/neorevelation,2026-09-30
Neo Revelation,Crobat,4/64,Unlimited Holo,22,171,199,79,576,https://www.pikawiz.com/cards/pop-report/neorevelation,2026-09-30
Neo Revelation,Ho-oh,7/64,Double Holo Error,4,18,71,75,390,https://www.pikawiz.com/cards/pop-report/neorevelation,2026-09-30
Neo Revelation,Misdreavus,11/64,Double Holo Error,1,13,43,31,146,https://www.pikawiz.com/cards/pop-report/neorevelation,2026-09-30
Neo Revelation,Celebi,3/64,Double Holo Error,3,7,44,25,133,https://www.pikawiz.com/cards/pop-report/neorevelation,2026-09-30
Neo Revelation,Crobat,4/64,Double Holo Error,0,18,27,16,98,https://www.pikawiz.com/cards/pop-report/neorevelation,2026-09-30
Neo Revelation,Ho-oh,7/64,Double Holo Error,0,14,12,6,41,https://www.pikawiz.com/cards/pop-report/neorevelation,2026-09-30
Neo Revelation,Houndoom,8/64,Double Holo Error,1,9,15,8,40,https://www.pikawiz.com/cards/pop-report/neorevelation,2026-09-30
Neo Revelation,Shining Gyarados,65/64,Double Holo Error,1,3,11,7,35,https://www.pikawiz.com/cards/pop-report/neorevelation,2026-09-30
Neo Revelation,Shining Magikarp,66/64,Double Holo Error,1,5,7,4,28,https://www.pikawiz.com/cards/pop-report/neorevelation,2026-09-30
Neo Revelation,Celebi,3/64,Double Holo Error,1,6,8,3,23,https://www.pikawiz.com/cards/pop-report/neorevelation,2026-09-30
Neo Revelation,Misdreavus,11/64,Double Holo Error,0,8,7,1,22,https://www.pikawiz.com/cards/pop-report/neorevelation,2026-09-30
Neo Revelation,Crobat,4/64,Double Holo Error,3,4,3,1,12,https://www.pikawiz.com/cards/pop-report/neorevelation,2026-09-30
Neo Destiny,Shining Charizard,107/105,Unlimited Holo,384,1207,1016,778,6864,https://www.pikawiz.com/cards/pop-report/neodestiny,2026-09-30
Neo Destiny,Shining Mewtwo,109/105,Unlimited Holo,299,850,736,566,4463,https://www.pikawiz.com/cards/pop-report/neodestiny,2026-09-30
Neo Destiny,Shining Tyranitar,113/105,Unlimited Holo,262,823,731,555,4141,https://www.pikawiz.com/cards/pop-report/neodestiny,2026-09-30
Neo Destiny,Shining Raichu,111/105,Unlimited Holo,293,849,723,515,3779,https://www.pikawiz.com/cards/pop-report/neodestiny,2026-09-30
Neo Destiny,Shining Celebi,106/105,Unlimited Holo,289,795,657,444,3491,https://www.pikawiz.com/cards/pop-report/neodestiny,2026-09-30
Neo Destiny,Shining Kabutops,108/105,Unlimited Holo,327,795,605,397,3269,https://www.pikawiz.com/cards/pop-report/neodestiny,2026-09-30
Neo Destiny,Shining Noctowl,110/105,Unlimited Holo,275,755,647,413,3254,https://www.pikawiz.com/cards/pop-report/neodestiny,2026-09-30
Neo Destiny,Shining Steelix,112/105,Unlimited Holo,312,684,569,350,3030,https://www.pikawiz.com/cards/pop-report/neodestiny,2026-09-30
Neo Destiny,Dark Typhlosion,10/105,Unlimited Holo,78,544,757,532,2895,https://www.pikawiz.com/cards/pop-report/neodestiny,2026-09-30
Neo Destiny,Dark Espeon,4/105,Unlimited Holo,45,299,464,418,2055,https://www.pikawiz.com/cards/pop-report/neodestiny,2026-09-30
Neo Destiny,Dark Gengar,6/105,Unlimited Holo,94,444,566,354,2047,https://www.pikawiz.com/cards/pop-report/neodestiny,2026-09-30
Neo Destiny,Light Dragonite,14/105,Unlimited Holo,91,476,536,333,1965,https://www.pikawiz.com/cards/pop-report/neodestiny,2026-09-30
Neo Destiny,Light Arcanine,12/105,Unlimited Holo,37,367,495,340,1806,https://www.pikawiz.com/cards/pop-report/neodestiny,2026-09-30
Neo Destiny,Shining Charizard,107/105,1st Edition,267,441,168,123,1375,https://www.pikawiz.com/cards/pop-report/neodestiny,2026-09-30
Neo Destiny,Dark Tyranitar,11/105,Unlimited Holo,27,252,364,249,1316,https://www.pikawiz.com/cards/pop-report/neodestiny,2026-09-30
Neo Destiny,Light Azumarill,13/105,Unlimited Holo,52,286,321,206,1132,https://www.pikawiz.com/cards/pop-report/neodestiny,2026-09-30
Neo Destiny,Dark Feraligatr,5/105,Unlimited Holo,50,290,290,196,1125,https://www.pikawiz.com/cards/pop-report/neodestiny,2026-09-30
Neo Destiny,Dark Houndoom,7/105,Unlimited Holo,47,263,348,217,1117,https://www.pikawiz.com/cards/pop-report/neodestiny,2026-09-30
Neo Destiny,Shining Mewtwo,109/105,1st Edition,235,374,170,77,1110,https://www.pikawiz.com/cards/pop-report/neodestiny,2026-09-30
Neo Destiny,Dark Scizor,9/105,Unlimited Holo,28,204,270,213,983,https://www.pikawiz.com/cards/pop-report/neodestiny,2026-09-30
Neo Destiny,Shining Tyranitar,113/105,1st Edition,177,373,161,71,981,https://www.pikawiz.com/cards/pop-report/neodestiny,2026-09-30
Neo Destiny,Shining Raichu,111/105,1st Edition,219,341,145,96,960,https://www.pikawiz.com/cards/pop-report/neodestiny,2026-09-30
Neo Destiny,Shining Celebi,106/105,1st Edition,192,347,118,70,902,https://www.pikawiz.com/cards/pop-report/neodestiny,2026-09-30
Neo Destiny,Light Togetic,15/105,Unlimited Holo,11,224,244,177,895,https://www.pikawiz.com/cards/pop-report/neodestiny,2026-09-30
Neo Destiny,Shining Noctowl,110/105,1st Edition,176,352,145,84,877,https://www.pikawiz.com/cards/pop-report/neodestiny,2026-09-30
Neo Destiny,Dark Ampharos,1/105,Unlimited Holo,42,232,229,159,877,https://www.pikawiz.com/cards/pop-report/neodestiny,2026-09-30
Neo Destiny,Shining Kabutops,108/105,1st Edition,223,318,105,62,860,https://www.pikawiz.com/cards/pop-report/neodestiny,2026-09-30
Neo Destiny,Dark Espeon,4/105,1st Edition Holo,52,290,211,120,857,https://www.pikawiz.com/cards/pop-report/neodestiny,2026-09-30
Neo Destiny,Light Dragonite,14/105,1st Edition Holo,105,384,189,66,843,https://www.pikawiz.com/cards/pop-report/neodestiny,2026-09-30
Neo Destiny,Dark Gengar,6/105,1st Edition Holo,114,293,218,76,836,https://www.pikawiz.com/cards/pop-report/neodestiny,2026-09-30
Neo Destiny,Light Arcanine,12/105,1st Edition Holo,74,343,210,76,815,https://www.pikawiz.com/cards/pop-report/neodestiny,2026-09-30
Neo Destiny,Shining Steelix,112/105,1st Edition,184,289,114,68,796,https://www.pikawiz.com/cards/pop-report/neodestiny,2026-09-30
Neo Destiny,Dark Crobat,2/105,Unlimited Holo,55,224,186,117,715,https://www.pikawiz.com/cards/pop-report/neodestiny,2026-09-30
Neo Destiny,Dark Porygon2,8/105,Unlimited Holo,38,192,206,106,689,https://www.pikawiz.com/cards/pop-report/neodestiny,2026-09-30
Neo Destiny,Dark Feraligatr,5/105,1st Edition Holo,81,289,160,71,659,https://www.pikawiz.com/cards/pop-report/neodestiny,2026-09-30
Neo Destiny,Dark Houndoom,7/105,1st Edition Holo,85,260,166,63,651,https://www.pikawiz.com/cards/pop-report/neodestiny,2026-09-30
Neo Destiny,Dark Tyranitar,11/105,1st Edition Holo,55,231,175,72,633,https://www.pikawiz.com/cards/pop-report/neodestiny,2026-09-30
Neo Destiny,Dark Donphan,3/105,Unlimited Holo,35,188,193,79,616,https://www.pikawiz.com/cards/pop-report/neodestiny,2026-09-30
Neo Destiny,Dark Scizor,9/105,1st Edition Holo,61,240,176,59,605,https://www.pikawiz.com/cards/pop-report/neodestiny,2026-09-30
Neo Destiny,Light Togetic,15/105,1st Edition Holo,40,252,169,66,600,https://www.pikawiz.com/cards/pop-report/neodestiny,2026-09-30
Neo Destiny,Dark Ampharos,1/105,1st Edition Holo,68,241,139,51,591,https://www.pikawiz.com/cards/pop-report/neodestiny,2026-09-30
Neo Destiny,Dark Typhlosion,10/105,1st Edition Holo,87,241,147,47,590,https://www.pikawiz.com/cards/pop-report/neodestiny,2026-09-30
Neo Destiny,Dark Porygon2,8/105,1st Edition Holo,66,265,118,58,552,https://www.pikawiz.com/cards/pop-report/neodestiny,2026-09-30
Neo Destiny,Dark Crobat,2/105,1st Edition Holo,94,251,131,39,546,https://www.pikawiz.com/cards/pop-report/neodestiny,2026-09-30
Neo Destiny,Light Azumarill,13/105,1st Edition Holo,76,258,123,37,535,https://www.pikawiz.com/cards/pop-report/neodestiny,2026-09-30
Neo Destiny,Dark Donphan,3/105,1st Edition Holo,70,232,118,35,499,https://www.pikawiz.com/cards/pop-report/neodestiny,2026-09-30
Neo Destiny,Miracle Energy,16/105,1st Edition Holo,62,171,64,24,345,https://www.pikawiz.com/cards/pop-report/neodestiny,2026-09-30
Neo Destiny,Miracle Energy,16/105,Unlimited Holo,27,119,97,37,331,https://www.pikawiz.com/cards/pop-report/neodestiny,2026-09-30
Neo Destiny,Shining Mewtwo,109/105,Incomplete Holo Error,1,1,0,0,3,https://www.pikawiz.com/cards/pop-report/neodestiny,2026-09-30
Neo Destiny,Shining Celebi,106/105,Incomplete Holo Error,0,0,0,0,2,https://www.pikawiz.com/cards/pop-report/neodestiny,2026-09-30
Neo Destiny,Shining Tyranitar,113/105,,0,0,0,1,2,https://www.pikawiz.com/cards/pop-report/neodestiny,2026-09-30
Neo Destiny,Shining Kabutops,108/105,Incomplete Holo Error,0,0,1,0,1,https://www.pikawiz.com/cards/pop-report/neodestiny,2026-09-30
Team Rocket,Dark Charizard,4/82,Unlimited Holo,174,2371,4048,3174,17103,https://www.pikawiz.com/cards/pop-report/teamrocket,2026-09-30
Team Rocket,Dark Gyarados,8/82,Prerelease Holo,476,3404,3525,1688,10872,https://www.pikawiz.com/cards/pop-report/teamrocket,2026-09-30
Team Rocket,Dark Charizard,4/82,1st Edition Holo,554,3489,2796,1474,10858,https://www.pikawiz.com/cards/pop-report/teamrocket,2026-09-30
Team Rocket,Dark Blastoise,3/82,Unlimited Holo,65,1131,2675,2145,10125,https://www.pikawiz.com/cards/pop-report/teamrocket,2026-09-30
Team Rocket,Dark Dragonite,5/82,Unlimited Holo,53,970,2272,1838,8367,https://www.pikawiz.com/cards/pop-report/teamrocket,2026-09-30
Team Rocket,Dark Blastoise,3/82,1st Edition Holo,228,2129,2610,1364,8093,https://www.pikawiz.com/cards/pop-report/teamrocket,2026-09-30
Team Rocket,Dark Dragonite,5/82,1st Edition Holo,223,2261,2425,1368,8009,https://www.pikawiz.com/cards/pop-report/teamrocket,2026-09-30
Team Rocket,Dark Raichu,83/82,1st Edition Holo,244,2082,2363,1232,7174,https://www.pikawiz.com/cards/pop-report/teamrocket,2026-09-30
Team Rocket,Dark Raichu,83/82,Unlimited Holo,33,903,1962,1538,6665,https://www.pikawiz.com/cards/pop-report/teamrocket,2026-09-30
Team Rocket,Dark Alakazam,1/82,1st Edition Holo,310,1844,1621,717,5399,https://www.pikawiz.com/cards/pop-report/teamrocket,2026-09-30
Team Rocket,Dark Arbok,2/82,Unlimited Holo,51,822,1619,1152,5358,https://www.pikawiz.com/cards/pop-report/teamrocket,2026-09-30
Team Rocket,Dark Gyarados,8/82,1st Edition Holo,469,2018,1499,624,5291,https://www.pikawiz.com/cards/pop-report/teamrocket,2026-09-30
Team Rocket,Dark Magneton,11/82,1st Edition Holo,66,1010,1816,967,4660,https://www.pikawiz.com/cards/pop-report/teamrocket,2026-09-30
Team Rocket,Dark Machamp,10/82,1st Edition Holo,256,1579,1483,641,4582,https://www.pikawiz.com/cards/pop-report/teamrocket,2026-09-30
Team Rocket,Dark Slowbro,12/82,1st Edition Holo,285,1683,1307,596,4398,https://www.pikawiz.com/cards/pop-report/teamrocket,2026-09-30
Team Rocket,Dark Arbok,2/82,1st Edition Holo,294,1715,1332,544,4374,https://www.pikawiz.com/cards/pop-report/teamrocket,2026-09-30
Team Rocket,Dark Alakazam,1/82,Unlimited Holo,65,817,1326,876,4345,https://www.pikawiz.com/cards/pop-report/teamrocket,2026-09-30
Team Rocket,Dark Hypno,9/82,1st Edition Holo,401,1720,1135,490,4227,https://www.pikawiz.com/cards/pop-report/teamrocket,2026-09-30
Team Rocket,Dark Dugtrio,6/82,1st Edition Holo,153,1378,1407,619,4178,https://www.pikawiz.com/cards/pop-report/teamrocket,2026-09-30
Team Rocket,Dark Vileplume,13/82,1st Edition Holo,191,1503,1245,552,3975,https://www.pikawiz.com/cards/pop-report/teamrocket,2026-09-30
Team Rocket,Dark Gyarados,8/82,Unlimited Holo,104,890,1183,659,3863,https://www.pikawiz.com/cards/pop-report/teamrocket,2026-09-30
Team Rocket,Dark Golbat,7/82,1st Edition Holo,307,1492,1086,479,3860,https://www.pikawiz.com/cards/pop-report/teamrocket,2026-09-30
Team Rocket,Dark Weezing,14/82,1st Edition Holo,554,1678,906,294,3691,https://www.pikawiz.com/cards/pop-report/teamrocket,2026-09-30
Team Rocket,Dark Weezing,14/82,Unlimited Holo,167,1003,1072,583,3654,https://www.pikawiz.com/cards/pop-report/teamrocket,2026-09-30
Team Rocket,Dark Machamp,10/82,Unlimited Holo,49,695,1072,690,3477,https://www.pikawiz.com/cards/pop-report/teamrocket,2026-09-30
Team Rocket,Here Comes Team Rocket!,15/82,1st Edition Holo,808,1502,714,206,3460,https://www.pikawiz.com/cards/pop-report/teamrocket,2026-09-30
Team Rocket,Rocket's Sneak Attack,16/82,1st Edition Holo,370,1384,818,241,3075,https://www.pikawiz.com/cards/pop-report/teamrocket,2026-09-30
Team Rocket,Dark Slowbro,12/82,Unlimited Holo,42,562,993,618,3023,https://www.pikawiz.com/cards/pop-report/teamrocket,2026-09-30
Team Rocket,Rainbow Energy,17/82,1st Edition Holo,99,1002,968,467,2957,https://www.pikawiz.com/cards/pop-report/teamrocket,2026-09-30
Team Rocket,Dark Hypno,9/82,Unlimited Holo,112,727,903,464,2890,https://www.pikawiz.com/cards/pop-report/teamrocket,2026-09-30
Team Rocket,Dark Magneton,11/82,Unlimited Holo,6,323,892,666,2821,https://www.pikawiz.com/cards/pop-report/teamrocket,2026-09-30
Team Rocket,Dark Dugtrio,6/82,Unlimited Holo,34,443,874,593,2772,https://www.pikawiz.com/cards/pop-report/teamrocket,2026-09-30
Team Rocket,Dark Vileplume,13/82,Unlimited Holo,22,426,808,515,2458,https://www.pikawiz.com/cards/pop-report/teamrocket,2026-09-30
Team Rocket,Dark Golbat,7/82,Unlimited Holo,36,480,750,489,2310,https://www.pikawiz.com/cards/pop-report/teamrocket,2026-09-30
Team Rocket,Here Comes Team Rocket!,15/82,Unlimited Holo,224,716,535,203,1977,https://www.pikawiz.com/cards/pop-report/teamrocket,2026-09-30
Team Rocket,Rocket's Sneak Attack,16/82,Unlimited Holo,78,543,550,250,1781,https://www.pikawiz.com/cards/pop-report/teamrocket,2026-09-30
Team Rocket,Rainbow Energy,17/82,Unlimited Holo,17,259,526,369,1637,https://www.pikawiz.com/cards/pop-report/teamrocket,2026-09-30
Gym Heroes,Misty's Seadra,9/132,Prerelease Holo,107,1997,2607,1235,7166,https://www.pikawiz.com/cards/pop-report/gymheroes,2026-09-30
Gym Heroes,Sabrina's Gengar,14/132,Unlimited Holo,34,737,1809,1551,7147,https://www.pikawiz.com/cards/pop-report/gymheroes,2026-09-30
Gym Heroes,Blaine's Moltres,1/132,Unlimited Holo,27,511,1237,946,4362,https://www.pikawiz.com/cards/pop-report/gymheroes,2026-09-30
Gym Heroes,Rocket's Moltres,12/132,Unlimited Holo,64,713,1074,709,3616,https://www.pikawiz.com/cards/pop-report/gymheroes,2026-09-30
Gym Heroes,Erika's Dragonair,4/132,Unlimited Holo,82,868,1052,564,3414,https://www.pikawiz.com/cards/pop-report/gymheroes,2026-09-30
Gym Heroes,Brock's Rhydon,2/132,Unlimited Holo,50,608,960,647,3141,https://www.pikawiz.com/cards/pop-report/gymheroes,2026-09-30
Gym Heroes,Sabrina's Gengar,14/132,1st Edition Holo,114,983,943,496,3113,https://www.pikawiz.com/cards/pop-report/gymheroes,2026-09-30
Gym Heroes,Rocket's Scyther,13/132,Unlimited Holo,44,612,943,611,3079,https://www.pikawiz.com/cards/pop-report/gymheroes,2026-09-30
Gym Heroes,Erika's Vileplume,5/132,Unlimited Holo,74,651,902,570,3042,https://www.pikawiz.com/cards/pop-report/gymheroes,2026-09-30
Gym Heroes,Misty's Tentacruel,10/132,Unlimited Holo,71,590,910,595,2950,https://www.pikawiz.com/cards/pop-report/gymheroes,2026-09-30
Gym Heroes,Lt. Surge's Magneton,8/132,Unlimited Holo,40,579,897,509,2901,https://www.pikawiz.com/cards/pop-report/gymheroes,2026-09-30
Gym Heroes,Blaine's Moltres,1/132,1st Edition Holo,81,832,836,388,2645,https://www.pikawiz.com/cards/pop-report/gymheroes,2026-09-30
Gym Heroes,Rocket's Hitmonchan,11/132,Unlimited Holo,55,561,726,462,2382,https://www.pikawiz.com/cards/pop-report/gymheroes,2026-09-30
Gym Heroes,Rocket's Scyther,13/132,1st Edition Holo,105,938,677,230,2247,https://www.pikawiz.com/cards/pop-report/gymheroes,2026-09-30
Gym Heroes,Erika's Dragonair,4/132,1st Edition Holo,209,940,570,243,2195,https://www.pikawiz.com/cards/pop-report/gymheroes,2026-09-30
Gym Heroes,Rocket's Moltres,12/132,1st Edition Holo,152,918,562,220,2173,https://www.pikawiz.com/cards/pop-report/gymheroes,2026-09-30
Gym Heroes,Lt. Surge's Electabuzz,6/132,Unlimited Holo,169,667,613,325,2149,https://www.pikawiz.com/cards/pop-report/gymheroes,2026-09-30
Gym Heroes,Lt. Surge's Fearow,7/132,Unlimited Holo,37,414,706,367,2074,https://www.pikawiz.com/cards/pop-report/gymheroes,2026-09-30
Gym Heroes,Erika's Clefable,3/132,Unlimited Holo,56,502,701,365,2038,https://www.pikawiz.com/cards/pop-report/gymheroes,2026-09-30
Gym Heroes,Rocket's Hitmonchan,11/132,1st Edition Holo,199,827,495,181,1892,https://www.pikawiz.com/cards/pop-report/gymheroes,2026-09-30
Gym Heroes,Misty,18/132,Unlimited Holo,77,486,556,338,1854,https://www.pikawiz.com/cards/pop-report/gymheroes,2026-09-30
Gym Heroes,Brock's Rhydon,2/132,1st Edition Holo,138,847,483,182,1834,https://www.pikawiz.com/cards/pop-report/gymheroes,2026-09-30
Gym Heroes,Lt. Surge's Fearow,7/132,1st Edition Holo,95,711,552,221,1817,https://www.pikawiz.com/cards/pop-report/gymheroes,2026-09-30
Gym Heroes,Lt. Surge's Electabuzz,6/132,1st Edition Holo,330,798,377,119,1771,https://www.pikawiz.com/cards/pop-report/gymheroes,2026-09-30
Gym Heroes,Erika's Vileplume,5/132,1st Edition Holo,197,805,464,153,1749,https://www.pikawiz.com/cards/pop-report/gymheroes,2026-09-30
Gym Heroes,Erika's Clefable,3/132,1st Edition Holo,140,741,484,171,1715,https://www.pikawiz.com/cards/pop-report/gymheroes,2026-09-30
Gym Heroes,Lt. Surge's Magneton,8/132,1st Edition Holo,150,791,467,142,1704,https://www.pikawiz.com/cards/pop-report/gymheroes,2026-09-30
Gym Heroes,Misty's Tentacruel,10/132,1st Edition Holo,146,748,475,147,1677,https://www.pikawiz.com/cards/pop-report/gymheroes,2026-09-30
Gym Heroes,Misty's Seadra,9/132,1st Edition Holo,162,735,395,136,1586,https://www.pikawiz.com/cards/pop-report/gymheroes,2026-09-30
Gym Heroes,Misty's Seadra,9/132,Unlimited Holo,60,413,467,247,1528,https://www.pikawiz.com/cards/pop-report/gymheroes,2026-09-30
Gym Heroes,Misty,18/132,1st Edition Holo,189,655,392,131,1502,https://www.pikawiz.com/cards/pop-report/gymheroes,2026-09-30
Gym Heroes,Erika,16/132,Unlimited Holo,80,432,455,233,1470,https://www.pikawiz.com/cards/pop-report/gymheroes,2026-09-30
Gym Heroes,Lt. Surge,17/132,Unlimited Holo,54,367,457,246,1441,https://www.pikawiz.com/cards/pop-report/gymheroes,2026-09-30
Gym Heroes,Brock,15/132,Unlimited Holo,25,258,438,301,1341,https://www.pikawiz.com/cards/pop-report/gymheroes,2026-09-30
Gym Heroes,Erika,16/132,1st Edition Holo,201,604,317,100,1326,https://www.pikawiz.com/cards/pop-report/gymheroes,2026-09-30
Gym Heroes,Lt. Surge,17/132,1st Edition Holo,110,615,363,112,1295,https://www.pikawiz.com/cards/pop-report/gymheroes,2026-09-30
Gym Heroes,The Rocket's Trap,19/132,1st Edition Holo,205,582,291,108,1290,https://www.pikawiz.com/cards/pop-report/gymheroes,2026-09-30
Gym Heroes,The Rocket's Trap,19/132,Unlimited Holo,71,405,392,186,1279,https://www.pikawiz.com/cards/pop-report/gymheroes,2026-09-30
Gym Heroes,Brock,15/132,1st Edition Holo,66,506,416,154,1261,https://www.pikawiz.com/cards/pop-report/gymheroes,2026-09-30
Gym Challenge,Blaine's Charizard,2/132,Unlimited Holo,171,1573,2015,1400,8186,https://www.pikawiz.com/cards/pop-report/gymchallenge,2026-09-30
Gym Challenge,Blaine's Arcanine,1/132,Unlimited Holo,61,757,1387,1132,5340,https://www.pikawiz.com/cards/pop-report/gymchallenge,2026-09-30
Gym Challenge,Erika's Venusaur,4/132,Unlimited Holo,40,628,1128,889,4225,https://www.pikawiz.com/cards/pop-report/gymchallenge,2026-09-30
Gym Challenge,Sabrina's Alakazam,16/132,Unlimited Holo,94,816,1235,748,4017,https://www.pikawiz.com/cards/pop-report/gymchallenge,2026-09-30
Gym Challenge,Rocket's Mewtwo,14/132,Unlimited Holo,72,795,1073,677,3765,https://www.pikawiz.com/cards/pop-report/gymchallenge,2026-09-30
Gym Challenge,Blaine's Charizard,2/132,1st Edition Holo,420,1432,726,371,3614,https://www.pikawiz.com/cards/pop-report/gymchallenge,2026-09-30
Gym Challenge,Misty's Gyarados,13/132,Unlimited Holo,162,916,937,512,3368,https://www.pikawiz.com/cards/pop-report/gymchallenge,2026-09-30
Gym Challenge,Giovanni's Gyarados,5/132,Unlimited Holo,68,625,903,574,3131,https://www.pikawiz.com/cards/pop-report/gymchallenge,2026-09-30
Gym Challenge,Giovanni's Persian,8/132,Unlimited Holo,28,396,919,700,2917,https://www.pikawiz.com/cards/pop-report/gymchallenge,2026-09-30
Gym Challenge,Rocket's Zapdos,15/132,Unlimited Holo,113,777,839,513,2910,https://www.pikawiz.com/cards/pop-report/gymchallenge,2026-09-30
Gym Challenge,Erika's Venusaur,4/132,1st Edition Holo,107,882,902,404,2750,https://www.pikawiz.com/cards/pop-report/gymchallenge,2026-09-30
Gym Challenge,Misty's Gyarados,13/132,1st Edition Holo,364,1032,526,207,2400,https://www.pikawiz.com/cards/pop-report/gymchallenge,2026-09-30
Gym Challenge,Lt. Surge's Raichu,11/132,Unlimited Holo,170,719,704,352,2388,https://www.pikawiz.com/cards/pop-report/gymchallenge,2026-09-30
Gym Challenge,Rocket's Mewtwo,14/132,1st Edition Holo,293,953,506,242,2307,https://www.pikawiz.com/cards/pop-report/gymchallenge,2026-09-30
Gym Challenge,Rocket's Zapdos,15/132,1st Edition Holo,261,984,577,183,2260,https://www.pikawiz.com/cards/pop-report/gymchallenge,2026-09-30
Gym Challenge,Giovanni's Gyarados,5/132,1st Edition Holo,200,785,632,306,2232,https://www.pikawiz.com/cards/pop-report/gymchallenge,2026-09-30
Gym Challenge,Brock's Ninetales,3/132,Unlimited Holo,210,695,555,302,2175,https://www.pikawiz.com/cards/pop-report/gymchallenge,2026-09-30
Gym Challenge,Koga's Beedrill,9/132,Unlimited Holo,27,413,665,440,2139,https://www.pikawiz.com/cards/pop-report/gymchallenge,2026-09-30
Gym Challenge,Blaine's Arcanine,1/132,1st Edition Holo,199,693,567,299,2135,https://www.pikawiz.com/cards/pop-report/gymchallenge,2026-09-30
Gym Challenge,Giovanni's Machamp,6/132,Unlimited Holo,169,716,518,272,2076,https://www.pikawiz.com/cards/pop-report/gymchallenge,2026-09-30
Gym Challenge,Lt. Surge's Raichu,11/132,1st Edition Holo,420,938,412,144,2065,https://www.pikawiz.com/cards/pop-report/gymchallenge,2026-09-30
Gym Challenge,Giovanni's Nidoking,7/132,Unlimited Holo,100,602,580,306,2009,https://www.pikawiz.com/cards/pop-report/gymchallenge,2026-09-30
Gym Challenge,Sabrina's Alakazam,16/132,1st Edition Holo,214,841,520,188,1964,https://www.pikawiz.com/cards/pop-report/gymchallenge,2026-09-30
Gym Challenge,Brock's Ninetales,3/132,1st Edition Holo,424,853,396,123,1951,https://www.pikawiz.com/cards/pop-report/gymchallenge,2026-09-30
Gym Challenge,Misty's Golduck,12/132,1st Edition Holo,65,720,739,227,1944,https://www.pikawiz.com/cards/pop-report/gymchallenge,2026-09-30
Gym Challenge,Giovanni's Nidoking,7/132,1st Edition Holo,268,859,439,146,1905,https://www.pikawiz.com/cards/pop-report/gymchallenge,2026-09-30
Gym Challenge,Giovanni's Persian,8/132,1st Edition Holo,77,670,728,232,1900,https://www.pikawiz.com/cards/pop-report/gymchallenge,2026-09-30
Gym Challenge,Giovanni's Machamp,6/132,1st Edition Holo,438,831,371,104,1887,https://www.pikawiz.com/cards/pop-report/gymchallenge,2026-09-30
Gym Challenge,Misty's Golduck,12/132,Unlimited Holo,19,329,599,411,1824,https://www.pikawiz.com/cards/pop-report/gymchallenge,2026-09-30
Gym Challenge,Koga's Ditto,10/132,1st Edition Holo,336,818,358,107,1715,https://www.pikawiz.com/cards/pop-report/gymchallenge,2026-09-30
Gym Challenge,Koga's Ditto,10/132,Unlimited Holo,127,560,461,182,1574,https://www.pikawiz.com/cards/pop-report/gymchallenge,2026-09-30
Gym Challenge,Koga's Beedrill,9/132,1st Edition Holo,97,631,466,157,1513,https://www.pikawiz.com/cards/pop-report/gymchallenge,2026-09-30
Gym Challenge,Sabrina,20/132,1st Edition Holo,338,684,245,90,1429,https://www.pikawiz.com/cards/pop-report/gymchallenge,2026-09-30
Gym Challenge,Sabrina,20/132,Unlimited Holo,138,546,360,150,1408,https://www.pikawiz.com/cards/pop-report/gymchallenge,2026-09-30
Gym Challenge,Blaine,17/132,1st Edition Holo,270,639,286,83,1360,https://www.pikawiz.com/cards/pop-report/gymchallenge,2026-09-30
Gym Challenge,Giovanni,18/132,1st Edition Holo,379,628,203,75,1348,https://www.pikawiz.com/cards/pop-report/gymchallenge,2026-09-30
Gym Challenge,Koga,19/132,1st Edition Holo,193,612,357,96,1333,https://www.pikawiz.com/cards/pop-report/gymchallenge,2026-09-30
Gym Challenge,Blaine,17/132,Unlimited Holo,95,425,353,198,1257,https://www.pikawiz.com/cards/pop-report/gymchallenge,2026-09-30
Gym Challenge,Giovanni,18/132,Unlimited Holo,133,449,297,138,1197,https://www.pikawiz.com/cards/pop-report/gymchallenge,2026-09-30
Gym Challenge,Koga,19/132,Unlimited Holo,50,301,359,176,1057,https://www.pikawiz.com/cards/pop-report/gymchallenge,2026-09-30
Base Set,Charizard,4/102,Unlimited Holo,489,8417,15339,15750,92856,https://www.pikawiz.com/cards/pop-report/baseset,2026-09-30
Base Set,Blastoise,2/102,Unlimited Holo,382,4851,9520,8670,46290,https://www.pikawiz.com/cards/pop-report/baseset,2026-09-30
Base Set,Venusaur,15/102,Unlimited Holo,585,5682,8604,7305,41972,https://www.pikawiz.com/cards/pop-report/baseset,2026-09-30
Base Set,Machamp,8/102,1st Edition Holo,429,5826,6543,4453,32776,https://www.pikawiz.com/cards/pop-report/baseset,2026-09-30
Base Set,Mewtwo,10/102,Unlimited Holo,595,4757,6350,4867,27341,https://www.pikawiz.com/cards/pop-report/baseset,2026-09-30
Base Set,Gyarados,6/102,Unlimited Holo,533,4361,5598,4163,22588,https://www.pikawiz.com/cards/pop-report/baseset,2026-09-30
Base Set,Ninetales,12/102,Unlimited Holo,478,4106,4844,3286,19295,https://www.pikawiz.com/cards/pop-report/baseset,2026-09-30
Base Set,Alakazam,1/102,Unlimited Holo,457,3603,4697,3217,18344,https://www.pikawiz.com/cards/pop-report/baseset,2026-09-30
Base Set,Zapdos,16/102,Unlimited Holo,684,4093,4462,2888,17520,https://www.pikawiz.com/cards/pop-report/baseset,2026-09-30
Base Set,Hitmonchan,7/102,Unlimited Holo,210,2353,4026,3109,15941,https://www.pikawiz.com/cards/pop-report/baseset,2026-09-30
Base Set,Raichu,14/102,Unlimited Holo,255,2624,4245,3178,15547,https://www.pikawiz.com/cards/pop-report/baseset,2026-09-30
Base Set,Chansey,3/102,Unlimited Holo,148,2063,3848,3189,14745,https://www.pikawiz.com/cards/pop-report/baseset,2026-09-30
Base Set,Nidoking,11/102,Unlimited Holo,373,3011,4074,2800,14741,https://www.pikawiz.com/cards/pop-report/baseset,2026-09-30
Base Set,Poliwrath,13/102,Unlimited Holo,566,3678,3815,2238,14122,https://www.pikawiz.com/cards/pop-report/baseset,2026-09-30
Base Set,Charizard,4/102,Shadowless Holo,58,847,1447,1621,13072,https://www.pikawiz.com/cards/pop-report/baseset,2026-09-30
Base Set,Clefairy,5/102,Unlimited Holo,167,2278,3550,2476,12437,https://www.pikawiz.com/cards/pop-report/baseset,2026-09-30
Base Set,Magneton,9/102,Unlimited Holo,190,2122,3505,2590,12194,https://www.pikawiz.com/cards/pop-report/baseset,2026-09-30
Base Set,Machamp,8/102,Shadowless Holo,16,444,939,1025,7002,https://www.pikawiz.com/cards/pop-report/baseset,2026-09-30
Base Set,Blastoise,2/102,Shadowless Holo,44,644,1155,1015,6939,https://www.pikawiz.com/cards/pop-report/baseset,2026-09-30
Base Set,Venusaur,15/102,Shadowless Holo,101,856,1093,984,6841,https://www.pikawiz.com/cards/pop-report/baseset,2026-09-30
Base Set,Mewtwo,10/102,Shadowless Holo,75,649,1181,1164,6520,https://www.pikawiz.com/cards/pop-report/baseset,2026-09-30
Base Set,Gyarados,6/102,Shadowless Holo,61,762,1212,1114,6174,https://www.pikawiz.com/cards/pop-report/baseset,2026-09-30
Base Set,Charizard,4/102,1st Edition Holo,125,729,704,588,5302,https://www.pikawiz.com/cards/pop-report/baseset,2026-09-30
Base Set,Ninetales,12/102,Shadowless Holo,48,598,1017,884,5086,https://www.pikawiz.com/cards/pop-report/baseset,2026-09-30
Base Set,Hitmonchan,7/102,Shadowless Holo,41,414,860,825,4456,https://www.pikawiz.com/cards/pop-report/baseset,2026-09-30
Base Set,Alakazam,1/102,Shadowless Holo,33,449,846,717,4086,https://www.pikawiz.com/cards/pop-report/baseset,2026-09-30
Base Set,Blastoise,2/102,1st Edition Holo,102,718,623,498,3813,https://www.pikawiz.com/cards/pop-report/baseset,2026-09-30
Base Set,Venusaur,15/102,1st Edition Holo,144,720,583,457,3553,https://www.pikawiz.com/cards/pop-report/baseset,2026-09-30
Base Set,Nidoking,11/102,Shadowless Holo,53,548,899,623,3549,https://www.pikawiz.com/cards/pop-report/baseset,2026-09-30
Base Set,Chansey,3/102,Shadowless Holo,16,218,636,768,3443,https://www.pikawiz.com/cards/pop-report/baseset,2026-09-30
Base Set,Raichu,14/102,Shadowless Holo,26,335,664,732,3442,https://www.pikawiz.com/cards/pop-report/baseset,2026-09-30
Base Set,Zapdos,16/102,Shadowless Holo,65,539,713,577,3351,https://www.pikawiz.com/cards/pop-report/baseset,2026-09-30
Base Set,Poliwrath,13/102,Shadowless Holo,48,523,725,571,3205,https://www.pikawiz.com/cards/pop-report/baseset,2026-09-30
Base Set,Magneton,9/102,Shadowless Holo,57,494,720,653,3117,https://www.pikawiz.com/cards/pop-report/baseset,2026-09-30
Base Set,Clefairy,5/102,Shadowless Holo,28,303,614,590,2864,https://www.pikawiz.com/cards/pop-report/baseset,2026-09-30
Base Set,Raichu,14/102,1st Edition Holo,89,500,545,450,2786,https://www.pikawiz.com/cards/pop-report/baseset,2026-09-30
Base Set,Zapdos,16/102,1st Edition Holo,135,614,486,353,2756,https://www.pikawiz.com/cards/pop-report/baseset,2026-09-30
Base Set,Chansey,3/102,1st Edition Holo,48,465,532,397,2696,https://www.pikawiz.com/cards/pop-report/baseset,2026-09-30
Base Set,Mewtwo,10/102,1st Edition Holo,82,563,478,358,2570,https://www.pikawiz.com/cards/pop-report/baseset,2026-09-30
Base Set,Alakazam,1/102,1st Edition Holo,93,520,422,324,2517,https://www.pikawiz.com/cards/pop-report/baseset,2026-09-30
Base Set,Nidoking,11/102,1st Edition Holo,91,603,464,376,2480,https://www.pikawiz.com/cards/pop-report/baseset,2026-09-30
Base Set,Gyarados,6/102,1st Edition Holo,89,498,508,355,2416,https://www.pikawiz.com/cards/pop-report/baseset,2026-09-30
Base Set,Poliwrath,13/102,1st Edition Holo,100,545,444,327,2197,https://www.pikawiz.com/cards/pop-report/baseset,2026-09-30
Base Set,Ninetales,12/102,1st Edition Holo,68,491,449,329,2176,https://www.pikawiz.com/cards/pop-report/baseset,2026-09-30
Base Set,Hitmonchan,7/102,1st Edition Holo,59,403,431,343,2161,https://www.pikawiz.com/cards/pop-report/baseset,2026-09-30
Base Set,Magneton,9/102,1st Edition Holo,64,509,485,333,2150,https://www.pikawiz.com/cards/pop-report/baseset,2026-09-30
Base Set,Clefairy,5/102,1st Edition Holo,67,478,472,322,2142,https://www.pikawiz.com/cards/pop-report/baseset,2026-09-30
Base Set,Charizard,4/102,4th Print Holo,6,53,95,110,750,https://www.pikawiz.com/cards/pop-report/baseset,2026-09-30
Base Set,Blastoise,2/102,Stage Error Holo,6,117,152,104,622,https://www.pikawiz.com/cards/pop-report/baseset,2026-09-30
Base Set,Mewtwo,10/102,4th Print Holo,7,72,103,75,379,https://www.pikawiz.com/cards/pop-report/baseset,2026-09-30
Base Set,Blastoise,2/102,4th Print Holo,1,32,88,57,367,https://www.pikawiz.com/cards/pop-report/baseset,2026-09-30
Base Set,Gyarados,6/102,4th Print Holo,7,63,93,53,339,https://www.pikawiz.com/cards/pop-report/baseset,2026-09-30
Base Set,Venusaur,15/102,4th Print Holo,7,50,57,50,294,https://www.pikawiz.com/cards/pop-report/baseset,2026-09-30
Base Set,Ninetales,12/102,4th Print Holo,4,54,87,45,275,https://www.pikawiz.com/cards/pop-report/baseset,2026-09-30
Base Set,Machamp,8/102,4th Print Holo,5,41,54,28,255,https://www.pikawiz.com/cards/pop-report/baseset,2026-09-30
Base Set,Hitmonchan,7/102,4th Print Holo,2,17,70,57,227,https://www.pikawiz.com/cards/pop-report/baseset,2026-09-30
Base Set,Alakazam,1/102,4th Print Holo,2,25,44,27,164,https://www.pikawiz.com/cards/pop-report/baseset,2026-09-30
Base Set,Zapdos,16/102,4th Print Holo,9,29,31,27,141,https://www.pikawiz.com/cards/pop-report/baseset,2026-09-30
Base Set,Raichu,14/102,4th Print Holo,0,34,38,22,139,https://www.pikawiz.com/cards/pop-report/baseset,2026-09-30
Base Set,Chansey,3/102,4th Print Holo,1,18,40,20,127,https://www.pikawiz.com/cards/pop-report/baseset,2026-09-30
Base Set,Magneton,9/102,4th Print Holo,3,18,40,29,113,https://www.pikawiz.com/cards/pop-report/baseset,2026-09-30
Base Set,Poliwrath,13/102,4th Print Holo,3,29,28,28,113,https://www.pikawiz.com/cards/pop-report/baseset,2026-09-30
Base Set,Clefairy,5/102,4th Print Holo,1,23,41,22,110,https://www.pikawiz.com/cards/pop-report/baseset,2026-09-30
Base Set,Nidoking,11/102,4th Print Holo,4,17,31,19,101,https://www.pikawiz.com/cards/pop-report/baseset,2026-09-30
Base Set,Blastoise,2/102,Trainer Deck B Holo,23,18,11,1,75,https://www.pikawiz.com/cards/pop-report/baseset,2026-09-30
Base Set,Machamp,8/102,Trainer Deck A Holo,9,13,16,8,67,https://www.pikawiz.com/cards/pop-report/baseset,2026-09-30
Base Set,Charizard,4/102,Incomplete Holo Error,0,0,0,0,13,https://www.pikawiz.com/cards/pop-report/baseset,2026-09-30
Base Set,Venusaur,15/102,Incomplete Holo Error,0,2,0,1,8,https://www.pikawiz.com/cards/pop-report/baseset,2026-09-30
Base Set,Zapdos,16/102,Incomplete Holo Error,0,1,0,0,5,https://www.pikawiz.com/cards/pop-report/baseset,2026-09-30
Base Set,Blastoise,2/102,Incomplete Holo Error,0,0,0,0,2,https://www.pikawiz.com/cards/pop-report/baseset,2026-09-30
Base Set,Magneton,9/102,Incomplete Holo Error,0,0,0,1,1,https://www.pikawiz.com/cards/pop-report/baseset,2026-09-30
Jungle,Vaporeon,12/64,Unlimited Holo,34,907,3004,3303,14598,https://www.pikawiz.com/cards/pop-report/jungle,2026-09-30
Jungle,Kangaskhan,5/64,Unlimited Holo,29,937,2287,1933,9353,https://www.pikawiz.com/cards/pop-report/jungle,2026-09-30
Jungle,Snorlax,11/64,Unlimited Holo,39,797,2096,1917,8267,https://www.pikawiz.com/cards/pop-report/jungle,2026-09-30
Jungle,Flareon,3/64,Unlimited Holo,120,1528,2329,1550,8233,https://www.pikawiz.com/cards/pop-report/jungle,2026-09-30
Jungle,Jolteon,4/64,Unlimited Holo,81,1144,2073,1653,7862,https://www.pikawiz.com/cards/pop-report/jungle,2026-09-30
Jungle,Scyther,10/64,Unlimited Holo,93,1058,1588,1132,5745,https://www.pikawiz.com/cards/pop-report/jungle,2026-09-30
Jungle,Snorlax,11/64,1st Edition Holo,76,918,1338,1022,5174,https://www.pikawiz.com/cards/pop-report/jungle,2026-09-30
Jungle,Nidoqueen,7/64,Unlimited Holo,56,832,1462,1008,4902,https://www.pikawiz.com/cards/pop-report/jungle,2026-09-30
Jungle,Clefable,1/64,Unlimited Holo,35,656,1351,1052,4842,https://www.pikawiz.com/cards/pop-report/jungle,2026-09-30
Jungle,Pidgeot,8/64,Unlimited Holo,46,716,1329,1048,4837,https://www.pikawiz.com/cards/pop-report/jungle,2026-09-30
Jungle,Flareon,3/64,1st Edition Holo,209,1295,1192,773,4730,https://www.pikawiz.com/cards/pop-report/jungle,2026-09-30
Jungle,Jolteon,4/64,1st Edition Holo,136,1023,1200,838,4674,https://www.pikawiz.com/cards/pop-report/jungle,2026-09-30
Jungle,Mr. Mime,6/64,Unlimited Holo,58,798,1415,934,4574,https://www.pikawiz.com/cards/pop-report/jungle,2026-09-30
Jungle,Vaporeon,12/64,1st Edition Holo,72,893,1255,853,4468,https://www.pikawiz.com/cards/pop-report/jungle,2026-09-30
Jungle,Electrode,2/64,Unlimited Holo,77,932,1283,814,4375,https://www.pikawiz.com/cards/pop-report/jungle,2026-09-30
Jungle,Pinsir,9/64,Unlimited Holo,44,673,1273,849,4319,https://www.pikawiz.com/cards/pop-report/jungle,2026-09-30
Jungle,Venomoth,13/64,Unlimited Holo,40,661,1245,914,4145,https://www.pikawiz.com/cards/pop-report/jungle,2026-09-30
Jungle,Vileplume,15/64,Unlimited Holo,45,672,1157,836,4091,https://www.pikawiz.com/cards/pop-report/jungle,2026-09-30
Jungle,Wigglytuff,16/64,Unlimited Holo,36,540,1141,798,3834,https://www.pikawiz.com/cards/pop-report/jungle,2026-09-30
Jungle,Scyther,10/64,1st Edition Holo,142,981,1003,579,3746,https://www.pikawiz.com/cards/pop-report/jungle,2026-09-30
Jungle,Victreebel,14/64,Unlimited Holo,39,569,1094,775,3704,https://www.pikawiz.com/cards/pop-report/jungle,2026-09-30
Jungle,Pidgeot,8/64,1st Edition Holo,110,874,949,547,3503,https://www.pikawiz.com/cards/pop-report/jungle,2026-09-30
Jungle,Clefable,1/64,1st Edition Holo,69,776,993,588,3420,https://www.pikawiz.com/cards/pop-report/jungle,2026-09-30
Jungle,Nidoqueen,7/64,1st Edition Holo,105,846,896,519,3236,https://www.pikawiz.com/cards/pop-report/jungle,2026-09-30
Jungle,Kangaskhan,5/64,1st Edition Holo,70,787,986,560,3225,https://www.pikawiz.com/cards/pop-report/jungle,2026-09-30
Jungle,Mr. Mime,6/64,1st Edition Holo,105,850,961,516,3188,https://www.pikawiz.com/cards/pop-report/jungle,2026-09-30
Jungle,Pinsir,9/64,1st Edition Holo,109,836,903,451,3049,https://www.pikawiz.com/cards/pop-report/jungle,2026-09-30
Jungle,Electrode,2/64,1st Edition Holo,116,904,888,446,3022,https://www.pikawiz.com/cards/pop-report/jungle,2026-09-30
Jungle,Vileplume,15/64,1st Edition Holo,107,827,827,468,2980,https://www.pikawiz.com/cards/pop-report/jungle,2026-09-30
Jungle,Venomoth,13/64,1st Edition Holo,108,737,871,481,2979,https://www.pikawiz.com/cards/pop-report/jungle,2026-09-30
Jungle,Wigglytuff,16/64,1st Edition Holo,75,674,809,480,2771,https://www.pikawiz.com/cards/pop-report/jungle,2026-09-30
Jungle,Victreebel,14/64,1st Edition Holo,93,724,800,463,2755,https://www.pikawiz.com/cards/pop-report/jungle,2026-09-30
Jungle,Flareon,3/64,No Symbol Holo,56,431,477,288,1679,https://www.pikawiz.com/cards/pop-report/jungle,2026-09-30
Jungle,Jolteon,4/64,No Symbol Holo,29,355,486,328,1664,https://www.pikawiz.com/cards/pop-report/jungle,2026-09-30
Jungle,Snorlax,11/64,No Symbol Holo,36,312,499,327,1640,https://www.pikawiz.com/cards/pop-report/jungle,2026-09-30
Jungle,Vaporeon,12/64,No Symbol Holo,18,241,455,353,1452,https://www.pikawiz.com/cards/pop-report/jungle,2026-09-30
Jungle,Scyther,10/64,No Symbol Holo,41,380,422,228,1383,https://www.pikawiz.com/cards/pop-report/jungle,2026-09-30
Jungle,Clefable,1/64,No Symbol Holo,28,241,384,218,1186,https://www.pikawiz.com/cards/pop-report/jungle,2026-09-30
Jungle,Nidoqueen,7/64,No Symbol Holo,29,288,358,206,1173,https://www.pikawiz.com/cards/pop-report/jungle,2026-09-30
Jungle,Mr. Mime,6/64,No Symbol Holo,37,305,377,195,1155,https://www.pikawiz.com/cards/pop-report/jungle,2026-09-30
Jungle,Vileplume,15/64,No Symbol Holo,32,273,348,207,1144,https://www.pikawiz.com/cards/pop-report/jungle,2026-09-30
Jungle,Pidgeot,8/64,No Symbol Holo,31,272,350,219,1124,https://www.pikawiz.com/cards/pop-report/jungle,2026-09-30
Jungle,Pinsir,9/64,No Symbol Holo,25,292,322,212,1088,https://www.pikawiz.com/cards/pop-report/jungle,2026-09-30
Jungle,Electrode,2/64,No Symbol Holo,43,322,318,171,1078,https://www.pikawiz.com/cards/pop-report/jungle,2026-09-30
Jungle,Venomoth,13/64,No Symbol Holo,29,276,317,212,1065,https://www.pikawiz.com/cards/pop-report/jungle,2026-09-30
Jungle,Kangaskhan,5/64,No Symbol Holo,23,254,345,171,1047,https://www.pikawiz.com/cards/pop-report/jungle,2026-09-30
Jungle,Victreebel,14/64,No Symbol Holo,22,260,308,176,982,https://www.pikawiz.com/cards/pop-report/jungle,2026-09-30
Jungle,Wigglytuff,16/64,No Symbol Holo,17,225,277,187,905,https://www.pikawiz.com/cards/pop-report/jungle,2026-09-30
Jungle,Clefable,1/64,Prerelease Holo,0,9,74,255,806,https://www.pikawiz.com/cards/pop-report/jungle,2026-09-30
Jungle,Snorlax,11/64,Incomplete Holo Error,0,0,2,0,3,https://www.pikawiz.com/cards/pop-report/jungle,2026-09-30
Jungle,Flareon,3/64,Incomplete Holo Error,0,0,0,1,1,https://www.pikawiz.com/cards/pop-report/jungle,2026-09-30
Jungle,Vileplume,15/64,Incomplete Holo Error,0,0,1,0,1,https://www.pikawiz.com/cards/pop-report/jungle,2026-09-30
Fossil,Dragonite,4/62,Unlimited Holo,60,1467,3722,3244,14560,https://www.pikawiz.com/cards/pop-report/fossil,2026-09-30
Fossil,Lapras,10/62,Unlimited Holo,51,1188,3252,3008,11995,https://www.pikawiz.com/cards/pop-report/fossil,2026-09-30
Fossil,Gengar,5/62,Unlimited Holo,51,1147,2983,2758,11538,https://www.pikawiz.com/cards/pop-report/fossil,2026-09-30
Fossil,Articuno,2/62,Unlimited Holo,66,1005,2473,1993,8784,https://www.pikawiz.com/cards/pop-report/fossil,2026-09-30
Fossil,Moltres,12/62,Unlimited Holo,96,1198,2179,1683,7892,https://www.pikawiz.com/cards/pop-report/fossil,2026-09-30
Fossil,Muk,13/62,Unlimited Holo,285,2084,2249,1308,7828,https://www.pikawiz.com/cards/pop-report/fossil,2026-09-30
Fossil,Dragonite,4/62,1st Edition Holo,235,2132,2172,1279,7727,https://www.pikawiz.com/cards/pop-report/fossil,2026-09-30
Fossil,Gengar,5/62,1st Edition Holo,181,1962,2051,1061,6771,https://www.pikawiz.com/cards/pop-report/fossil,2026-09-30
Fossil,Aerodactyl,1/62,Unlimited Holo,71,1007,1967,1551,6709,https://www.pikawiz.com/cards/pop-report/fossil,2026-09-30
Fossil,Raichu,14/62,Unlimited Holo,48,864,1952,1599,6684,https://www.pikawiz.com/cards/pop-report/fossil,2026-09-30
Fossil,Haunter,6/62,Unlimited Holo,131,1261,1957,1334,6440,https://www.pikawiz.com/cards/pop-report/fossil,2026-09-30
Fossil,Articuno,2/62,1st Edition Holo,148,1665,1970,1070,6250,https://www.pikawiz.com/cards/pop-report/fossil,2026-09-30
Fossil,Kabutops,9/62,Unlimited Holo,46,873,1634,1442,6045,https://www.pikawiz.com/cards/pop-report/fossil,2026-09-30
Fossil,Magneton,11/62,Unlimited Holo,169,1420,1687,953,5597,https://www.pikawiz.com/cards/pop-report/fossil,2026-09-30
Fossil,Aerodactyl,1/62,Prerelease Holo,62,989,1530,1350,5531,https://www.pikawiz.com/cards/pop-report/fossil,2026-09-30
Fossil,Moltres,12/62,1st Edition Holo,322,2004,1473,691,5452,https://www.pikawiz.com/cards/pop-report/fossil,2026-09-30
Fossil,Zapdos,15/62,1st Edition Holo,378,1893,1489,593,5255,https://www.pikawiz.com/cards/pop-report/fossil,2026-09-30
Fossil,Haunter,6/62,1st Edition Holo,435,2072,1407,541,5132,https://www.pikawiz.com/cards/pop-report/fossil,2026-09-30
Fossil,Hitmonlee,7/62,Unlimited Holo,27,672,1519,1149,5101,https://www.pikawiz.com/cards/pop-report/fossil,2026-09-30
Fossil,Lapras,10/62,1st Edition Holo,120,1553,1669,830,5073,https://www.pikawiz.com/cards/pop-report/fossil,2026-09-30
Fossil,Hypno,8/62,Unlimited Holo,77,947,1593,1011,5046,https://www.pikawiz.com/cards/pop-report/fossil,2026-09-30
Fossil,Ditto,3/62,Unlimited Holo,115,1099,1587,931,4982,https://www.pikawiz.com/cards/pop-report/fossil,2026-09-30
Fossil,Aerodactyl,1/62,1st Edition Holo,203,1512,1551,768,4875,https://www.pikawiz.com/cards/pop-report/fossil,2026-09-30
Fossil,Raichu,14/62,1st Edition Holo,173,1456,1547,753,4822,https://www.pikawiz.com/cards/pop-report/fossil,2026-09-30
Fossil,Zapdos,15/62,Unlimited Holo,120,1253,1353,817,4813,https://www.pikawiz.com/cards/pop-report/fossil,2026-09-30
Fossil,Kabutops,9/62,1st Edition Holo,232,1539,1508,679,4788,https://www.pikawiz.com/cards/pop-report/fossil,2026-09-30
Fossil,Magneton,11/62,1st Edition Holo,408,1870,1111,426,4295,https://www.pikawiz.com/cards/pop-report/fossil,2026-09-30
Fossil,Hitmonlee,7/62,1st Edition Holo,178,1404,1283,557,4183,https://www.pikawiz.com/cards/pop-report/fossil,2026-09-30
Fossil,Ditto,3/62,1st Edition Holo,311,1598,1128,441,3994,https://www.pikawiz.com/cards/pop-report/fossil,2026-09-30
Fossil,Hypno,8/62,1st Edition Holo,277,1591,1072,457,3909,https://www.pikawiz.com/cards/pop-report/fossil,2026-09-30
Fossil,Muk,13/62,1st Edition Holo,489,1586,786,306,3506,https://www.pikawiz.com/cards/pop-report/fossil,2026-09-30
Fossil,Zapdos,15/62,Incomplete Holo Error,0,7,24,3,41,https://www.pikawiz.com/cards/pop-report/fossil,2026-09-30
Fossil,Gengar,5/62,Incomplete Holo Error,0,7,8,1,23,https://www.pikawiz.com/cards/pop-report/fossil,2026-09-30
Fossil,Haunter,6/62,Incomplete Holo Error,0,5,7,2,18,https://www.pikawiz.com/cards/pop-report/fossil,2026-09-30
Fossil,Dragonite,4/62,Incomplete Holo Error,1,5,4,0,16,https://www.pikawiz.com/cards/pop-report/fossil,2026-09-30
Fossil,Magneton,11/62,Incomplete Holo Error,2,1,6,0,13,https://www.pikawiz.com/cards/pop-report/fossil,2026-09-30
Fossil,Hypno,8/62,Incomplete Holo Error,0,2,7,2,11,https://www.pikawiz.com/cards/pop-report/fossil,2026-09-30
Fossil,Moltres,12/62,Incomplete Holo Error,0,6,3,1,11,https://www.pikawiz.com/cards/pop-report/fossil,2026-09-30
Fossil,Kabutops,9/62,Incomplete Holo Error,2,1,4,0,9,https://www.pikawiz.com/cards/pop-report/fossil,2026-09-30
Fossil,Lapras,10/62,Incomplete Holo Error,1,4,2,2,9,https://www.pikawiz.com/cards/pop-report/fossil,2026-09-30
Fossil,Hitmonlee,7/62,Incomplete Holo Error,3,2,2,0,8,https://www.pikawiz.com/cards/pop-report/fossil,2026-09-30
Fossil,Raichu,14/62,Incomplete Holo Error,0,4,3,0,8,https://www.pikawiz.com/cards/pop-report/fossil,2026-09-30
Fossil,Haunter,6/62,Incomplete Holo Error,0,2,1,2,8,https://www.pikawiz.com/cards/pop-report/fossil,2026-09-30
Fossil,Zapdos,15/62,Incomplete Holo Error,0,1,1,1,8,https://www.pikawiz.com/cards/pop-report/fossil,2026-09-30
Fossil,Muk,13/62,Incomplete Holo Error,1,3,2,1,7,https://www.pikawiz.com/cards/pop-report/fossil,2026-09-30
Fossil,Gengar,5/62,Incomplete Holo Error,0,0,2,2,6,https://www.pikawiz.com/cards/pop-report/fossil,2026-09-30
Fossil,Moltres,12/62,Incomplete Holo Error,1,0,3,1,6,https://www.pikawiz.com/cards/pop-report/fossil,2026-09-30
Fossil,Muk,13/62,Incomplete Holo Error,0,1,1,2,6,https://www.pikawiz.com/cards/pop-report/fossil,2026-09-30
Fossil,Dragonite,4/62,Incomplete Holo Error,0,0,0,2,5,https://www.pikawiz.com/cards/pop-report/fossil,2026-09-30
Fossil,Lapras,10/62,Incomplete Holo Error,0,2,1,0,5,https://www.pikawiz.com/cards/pop-report/fossil,2026-09-30
Fossil,Hitmonlee,7/62,Incomplete Holo Error,0,1,0,1,4,https://www.pikawiz.com/cards/pop-report/fossil,2026-09-30
Fossil,Aerodactyl,1/62,Incomplete Holo Error,0,1,2,1,4,https://www.pikawiz.com/cards/pop-report/fossil,2026-09-30
Fossil,Articuno,2/62,Incomplete Holo Error,0,1,0,2,4,https://www.pikawiz.com/cards/pop-report/fossil,2026-09-30
Fossil,Aerodactyl,1/62,Incomplete Holo Error,0,1,3,0,4,https://www.pikawiz.com/cards/pop-report/fossil,2026-09-30
Fossil,Kabutops,9/62,Incomplete Holo Error,0,1,1,0,4,https://www.pikawiz.com/cards/pop-report/fossil,2026-09-30
Fossil,Magneton,11/62,Incomplete Holo Error,0,0,3,0,4,https://www.pikawiz.com/cards/pop-report/fossil,2026-09-30
Fossil,Hypno,8/62,Incomplete Holo Error,0,0,3,0,3,https://www.pikawiz.com/cards/pop-report/fossil,2026-09-30
Fossil,Raichu,14/62,Incomplete Holo Error,0,0,1,0,2,https://www.pikawiz.com/cards/pop-report/fossil,2026-09-30
Fossil,Kabutops,9/62,3rd Print Holo,0,0,0,1,1,https://www.pikawiz.com/cards/pop-report/fossil,2026-09-30
Fossil,Ditto,3/62,Incomplete Holo Error,0,0,0,0,1,https://www.pikawiz.com/cards/pop-report/fossil,2026-09-30
Base Set 2,Charizard,4/130,Unlimited Holo,70,1386,3780,3961,21396,https://www.pikawiz.com/cards/pop-report/baseset2,2026-09-30
Base Set 2,Blastoise,2/130,Unlimited Holo,61,1077,2421,2063,10722,https://www.pikawiz.com/cards/pop-report/baseset2,2026-09-30
Base Set 2,Venusaur,18/130,Unlimited Holo,105,1320,2278,1705,9241,https://www.pikawiz.com/cards/pop-report/baseset2,2026-09-30
Base Set 2,Chansey,3/130,Unlimited Holo,29,421,1318,1227,4951,https://www.pikawiz.com/cards/pop-report/baseset2,2026-09-30
Base Set 2,Alakazam,1/130,Unlimited Holo,69,811,1368,919,4650,https://www.pikawiz.com/cards/pop-report/baseset2,2026-09-30
Base Set 2,Poliwrath,15/130,Unlimited Holo,111,1015,1308,766,4418,https://www.pikawiz.com/cards/pop-report/baseset2,2026-09-30
Base Set 2,Mewtwo,10/130,Unlimited Holo,80,820,1162,825,4184,https://www.pikawiz.com/cards/pop-report/baseset2,2026-09-30
Base Set 2,Gyarados,7/130,Unlimited Holo,81,874,1141,737,3928,https://www.pikawiz.com/cards/pop-report/baseset2,2026-09-30
Base Set 2,Wigglytuff,19/130,Unlimited Holo,11,358,1171,945,3863,https://www.pikawiz.com/cards/pop-report/baseset2,2026-09-30
Base Set 2,Clefairy,6/130,Unlimited Holo,23,437,1060,857,3611,https://www.pikawiz.com/cards/pop-report/baseset2,2026-09-30
Base Set 2,Zapdos,20/130,Unlimited Holo,106,834,979,563,3346,https://www.pikawiz.com/cards/pop-report/baseset2,2026-09-30
Base Set 2,Scyther,17/130,Unlimited Holo,36,554,1079,720,3272,https://www.pikawiz.com/cards/pop-report/baseset2,2026-09-30
Base Set 2,Ninetales,13/130,Unlimited Holo,86,774,990,612,3269,https://www.pikawiz.com/cards/pop-report/baseset2,2026-09-30
Base Set 2,Nidoking,11/130,Unlimited Holo,28,539,996,672,3227,https://www.pikawiz.com/cards/pop-report/baseset2,2026-09-30
Base Set 2,Raichu,16/130,Unlimited Holo,32,407,939,762,3175,https://www.pikawiz.com/cards/pop-report/baseset2,2026-09-30
Base Set 2,Clefable,5/130,Unlimited Holo,19,404,1002,686,3003,https://www.pikawiz.com/cards/pop-report/baseset2,2026-09-30
Base Set 2,Pidgeot,14/130,Unlimited Holo,24,361,836,629,2696,https://www.pikawiz.com/cards/pop-report/baseset2,2026-09-30
Base Set 2,Magneton,9/130,Unlimited Holo,24,392,839,620,2662,https://www.pikawiz.com/cards/pop-report/baseset2,2026-09-30
Base Set 2,Nidoqueen,12/130,Unlimited Holo,23,416,775,545,2464,https://www.pikawiz.com/cards/pop-report/baseset2,2026-09-30
Base Set 2,Hitmonchan,8/130,Unlimited Holo,21,315,745,525,2265,https://www.pikawiz.com/cards/pop-report/baseset2,2026-09-30
Southern Islands,Mew,1/18,Holo,20,483,1324,923,4099,https://www.pikawiz.com/cards/pop-report/southernislands,2026-09-30
Southern Islands,Slowking,14/18,Holo,53,620,791,424,2359,https://www.pikawiz.com/cards/pop-report/southernislands,2026-09-30
Southern Islands,Togepi,4/18,Holo,18,377,747,422,2070,https://www.pikawiz.com/cards/pop-report/southernislands,2026-09-30
Southern Islands,Marill,11/18,Holo,37,478,686,375,2019,https://www.pikawiz.com/cards/pop-report/southernislands,2026-09-30
Southern Islands,Vileplume,17/18,Holo,59,534,583,312,1821,https://www.pikawiz.com/cards/pop-report/southernislands,2026-09-30
Southern Islands,Ledyba,7/18,Holo,62,519,557,231,1601,https://www.pikawiz.com/cards/pop-report/southernislands,2026-09-30
Southern Islands,Wartortle,15/18,Non Holo,286,433,191,67,1048,https://www.pikawiz.com/cards/pop-report/southernislands,2026-09-30
Southern Islands,Ivysaur,5/18,Non Holo,241,486,165,55,998,https://www.pikawiz.com/cards/pop-report/southernislands,2026-09-30
Southern Islands,Lapras,12/18,Non Holo,305,397,168,39,983,https://www.pikawiz.com/cards/pop-report/southernislands,2026-09-30
Southern Islands,Pidgeot,2/18,Non Holo,282,426,154,46,952,https://www.pikawiz.com/cards/pop-report/southernislands,2026-09-30
Southern Islands,Onix,3/18,Non Holo,246,396,144,54,918,https://www.pikawiz.com/cards/pop-report/southernislands,2026-09-30
Southern Islands,Tentacruel,10/18,Non Holo,293,392,119,43,910,https://www.pikawiz.com/cards/pop-report/southernislands,2026-09-30
Southern Islands,Jigglypuff,8/18,Non Holo,192,406,187,67,908,https://www.pikawiz.com/cards/pop-report/southernislands,2026-09-30
Southern Islands,Exeggutor,13/18,Non Holo,244,418,147,37,901,https://www.pikawiz.com/cards/pop-report/southernislands,2026-09-30
Southern Islands,Raticate,6/18,Non Holo,262,387,140,32,879,https://www.pikawiz.com/cards/pop-report/southernislands,2026-09-30
Southern Islands,Butterfree,9/18,Non Holo,230,361,177,50,878,https://www.pikawiz.com/cards/pop-report/southernislands,2026-09-30
Southern Islands,Primeape,18/18,Non Holo,269,357,138,55,870,https://www.pikawiz.com/cards/pop-report/southernislands,2026-09-30
Southern Islands,Lickitung,16/18,Non Holo,287,348,127,40,866,https://www.pikawiz.com/cards/pop-report/southernislands,2026-09-30
Legendary Collection,Charizard,3/110,Reverse Holo,85,522,549,420,3797,https://www.pikawiz.com/cards/pop-report/legendarycollection,2026-09-30
Legendary Collection,Charizard,3/110,Holo,17,356,655,472,2879,https://www.pikawiz.com/cards/pop-report/legendarycollection,2026-09-30
Legendary Collection,Venusaur,18/110,Reverse Holo,80,313,359,290,1848,https://www.pikawiz.com/cards/pop-report/legendarycollection,2026-09-30
Legendary Collection,Dark Blastoise,4/110,Reverse Holo,71,322,376,281,1802,https://www.pikawiz.com/cards/pop-report/legendarycollection,2026-09-30
Legendary Collection,Gengar,11/110,Reverse Holo,11,82,284,388,1774,https://www.pikawiz.com/cards/pop-report/legendarycollection,2026-09-30
Legendary Collection,Mewtwo,29/110,Reverse Holo,54,302,376,255,1754,https://www.pikawiz.com/cards/pop-report/legendarycollection,2026-09-30
Legendary Collection,Dark Dragonite,5/110,Reverse Holo,44,271,383,296,1752,https://www.pikawiz.com/cards/pop-report/legendarycollection,2026-09-30
Legendary Collection,Pikachu,86/110,Reverse Holo,35,220,354,253,1523,https://www.pikawiz.com/cards/pop-report/legendarycollection,2026-09-30
Legendary Collection,Gyarados,12/110,Reverse Holo,21,172,297,267,1347,https://www.pikawiz.com/cards/pop-report/legendarycollection,2026-09-30
Legendary Collection,Charmander,70/110,Reverse Holo,35,244,311,232,1324,https://www.pikawiz.com/cards/pop-report/legendarycollection,2026-09-30
Legendary Collection,Alakazam,1/110,Reverse Holo,35,238,301,211,1309,https://www.pikawiz.com/cards/pop-report/legendarycollection,2026-09-30
Legendary Collection,Venusaur,18/110,Holo,31,307,338,206,1249,https://www.pikawiz.com/cards/pop-report/legendarycollection,2026-09-30
Legendary Collection,Articuno,2/110,Reverse Holo,47,225,294,203,1247,https://www.pikawiz.com/cards/pop-report/legendarycollection,2026-09-30
Legendary Collection,Snorlax,64/110,Reverse Holo,21,204,286,198,1240,https://www.pikawiz.com/cards/pop-report/legendarycollection,2026-09-30
Legendary Collection,Dark Vaporeon,9/110,Reverse Holo,37,243,312,222,1232,https://www.pikawiz.com/cards/pop-report/legendarycollection,2026-09-30
Legendary Collection,Flareon,10/110,Reverse Holo,58,253,298,186,1223,https://www.pikawiz.com/cards/pop-report/legendarycollection,2026-09-30
Legendary Collection,Dark Raichu,7/110,Reverse Holo,42,234,279,213,1217,https://www.pikawiz.com/cards/pop-report/legendarycollection,2026-09-30
Legendary Collection,Dark Dragonite,5/110,Holo,14,190,334,247,1193,https://www.pikawiz.com/cards/pop-report/legendarycollection,2026-09-30
Legendary Collection,Zapdos,19/110,Reverse Holo,49,240,251,200,1191,https://www.pikawiz.com/cards/pop-report/legendarycollection,2026-09-30
Legendary Collection,Jolteon,14/110,Reverse Holo,33,191,276,221,1173,https://www.pikawiz.com/cards/pop-report/legendarycollection,2026-09-30
Legendary Collection,Squirtle,95/110,Reverse Holo,51,231,268,162,1148,https://www.pikawiz.com/cards/pop-report/legendarycollection,2026-09-30
Legendary Collection,Moltres,30/110,Reverse Holo,43,279,274,125,1124,https://www.pikawiz.com/cards/pop-report/legendarycollection,2026-09-30
Legendary Collection,Dark Blastoise,4/110,Holo,8,156,292,238,1104,https://www.pikawiz.com/cards/pop-report/legendarycollection,2026-09-30
Legendary Collection,Gengar,11/110,Holo,20,221,352,218,1102,https://www.pikawiz.com/cards/pop-report/legendarycollection,2026-09-30
Legendary Collection,Eevee,74/110,Reverse Holo,27,225,266,185,1083,https://www.pikawiz.com/cards/pop-report/legendarycollection,2026-09-30
Legendary Collection,Charmeleon,37/110,Reverse Holo,46,186,295,183,1078,https://www.pikawiz.com/cards/pop-report/legendarycollection,2026-09-30
Legendary Collection,Bulbasaur,68/110,Reverse Holo,25,199,267,196,1072,https://www.pikawiz.com/cards/pop-report/legendarycollection,2026-09-30
Legendary Collection,Dark Dragonair,38/110,Reverse Holo,47,203,252,193,1071,https://www.pikawiz.com/cards/pop-report/legendarycollection,2026-09-30
Legendary Collection,Dark Vaporeon,9/110,Holo,17,224,348,203,1012,https://www.pikawiz.com/cards/pop-report/legendarycollection,2026-09-30
Legendary Collection,Arcanine,36/110,Reverse Holo,51,245,229,148,1012,https://www.pikawiz.com/cards/pop-report/legendarycollection,2026-09-30
Legendary Collection,Ninetales,17/110,Reverse Holo,19,142,272,193,977,https://www.pikawiz.com/cards/pop-report/legendarycollection,2026-09-30
Legendary Collection,Ivysaur,47/110,Reverse Holo,58,226,237,168,976,https://www.pikawiz.com/cards/pop-report/legendarycollection,2026-09-30
Legendary Collection,Magikarp,52/110,Reverse Holo,27,149,278,193,950,https://www.pikawiz.com/cards/pop-report/legendarycollection,2026-09-30
Legendary Collection,Machamp,15/110,Reverse Holo,31,188,256,164,949,https://www.pikawiz.com/cards/pop-report/legendarycollection,2026-09-30
Legendary Collection,Dark Wartortle,39/110,Reverse Holo,39,166,305,146,947,https://www.pikawiz.com/cards/pop-report/legendarycollection,2026-09-30
Legendary Collection,Flareon,10/110,Holo,47,299,250,125,896,https://www.pikawiz.com/cards/pop-report/legendarycollection,2026-09-30
Legendary Collection,Haunter,46/110,Reverse Holo,50,208,225,164,893,https://www.pikawiz.com/cards/pop-report/legendarycollection,2026-09-30
Legendary Collection,Kabutops,27/110,Reverse Holo,63,216,223,127,868,https://www.pikawiz.com/cards/pop-report/legendarycollection,2026-09-30
Legendary Collection,Nidoking,31/110,Reverse Holo,41,230,217,125,868,https://www.pikawiz.com/cards/pop-report/legendarycollection,2026-09-30
Legendary Collection,Dark Slowbro,8/110,Reverse Holo,51,205,229,129,859,https://www.pikawiz.com/cards/pop-report/legendarycollection,2026-09-30
Legendary Collection,Nidoqueen,32/110,Reverse Holo,39,209,225,140,841,https://www.pikawiz.com/cards/pop-report/legendarycollection,2026-09-30
Legendary Collection,Dark Raichu,7/110,Holo,8,129,266,197,839,https://www.pikawiz.com/cards/pop-report/legendarycollection,2026-09-30
Legendary Collection,Pidgeot,33/110,Reverse Holo,36,193,210,134,826,https://www.pikawiz.com/cards/pop-report/legendarycollection,2026-09-30
Legendary Collection,Psyduck,88/110,Reverse Holo,44,209,200,138,809,https://www.pikawiz.com/cards/pop-report/legendarycollection,2026-09-30
Legendary Collection,Jolteon,14/110,Holo,22,215,268,131,805,https://www.pikawiz.com/cards/pop-report/legendarycollection,2026-09-30
Legendary Collection,Butterfree,21/110,Reverse Holo,31,166,243,132,803,https://www.pikawiz.com/cards/pop-report/legendarycollection,2026-09-30
Legendary Collection,Hypno,25/110,Reverse Holo,42,182,238,125,793,https://www.pikawiz.com/cards/pop-report/legendarycollection,2026-09-30
Legendary Collection,Hitmonlee,13/110,Reverse Holo,64,202,181,107,778,https://www.pikawiz.com/cards/pop-report/legendarycollection,2026-09-30
Legendary Collection,Kadabra,49/110,Reverse Holo,15,123,257,156,768,https://www.pikawiz.com/cards/pop-report/legendarycollection,2026-09-30
Legendary Collection,Dratini,72/110,Reverse Holo,14,127,245,152,766,https://www.pikawiz.com/cards/pop-report/legendarycollection,2026-09-30
Legendary Collection,Gyarados,12/110,Holo,34,228,254,105,763,https://www.pikawiz.com/cards/pop-report/legendarycollection,2026-09-30
Legendary Collection,Dark Persian,6/110,Reverse Holo,49,166,208,110,758,https://www.pikawiz.com/cards/pop-report/legendarycollection,2026-09-30
Legendary Collection,Beedrill,20/110,Reverse Holo,70,210,174,99,756,https://www.pikawiz.com/cards/pop-report/legendarycollection,2026-09-30
Legendary Collection,Magneton,28/110,Reverse Holo,46,182,199,107,756,https://www.pikawiz.com/cards/pop-report/legendarycollection,2026-09-30
Legendary Collection,Electrode,22/110,Reverse Holo,47,209,199,115,752,https://www.pikawiz.com/cards/pop-report/legendarycollection,2026-09-30
Legendary Collection,Rhydon,35/110,Reverse Holo,39,215,207,99,738,https://www.pikawiz.com/cards/pop-report/legendarycollection,2026-09-30
Legendary Collection,Growlithe,45/110,Reverse Holo,44,184,190,100,733,https://www.pikawiz.com/cards/pop-report/legendarycollection,2026-09-30
Legendary Collection,Golem,24/110,Reverse Holo,41,192,219,110,733,https://www.pikawiz.com/cards/pop-report/legendarycollection,2026-09-30
Legendary Collection,Abra,67/110,Reverse Holo,15,151,215,142,728,https://www.pikawiz.com/cards/pop-report/legendarycollection,2026-09-30
Legendary Collection,Zapdos,19/110,Holo,47,254,197,102,723,https://www.pikawiz.com/cards/pop-report/legendarycollection,2026-09-30
Legendary Collection,Articuno,2/110,Holo,11,160,235,149,722,https://www.pikawiz.com/cards/pop-report/legendarycollection,2026-09-30
Legendary Collection,Gastly,76/110,Reverse Holo,18,167,198,125,706,https://www.pikawiz.com/cards/pop-report/legendarycollection,2026-09-30
Legendary Collection,Pidgeotto,34/110,Reverse Holo,19,120,199,124,699,https://www.pikawiz.com/cards/pop-report/legendarycollection,2026-09-30
Legendary Collection,Jynx,26/110,Reverse Holo,40,187,209,112,695,https://www.pikawiz.com/cards/pop-report/legendarycollection,2026-09-30
Legendary Collection,Exeggutor,23/110,Reverse Holo,38,169,218,97,692,https://www.pikawiz.com/cards/pop-report/legendarycollection,2026-09-30
Legendary Collection,Rapidash,60/110,Reverse Holo,50,189,187,103,692,https://www.pikawiz.com/cards/pop-report/legendarycollection,2026-09-30
Legendary Collection,Alakazam,1/110,Holo,17,185,201,132,691,https://www.pikawiz.com/cards/pop-report/legendarycollection,2026-09-30
Legendary Collection,Meowth,53/110,Reverse Holo,12,127,217,133,682,https://www.pikawiz.com/cards/pop-report/legendarycollection,2026-09-30
Legendary Collection,Seadra,63/110,Reverse Holo,48,189,171,103,680,https://www.pikawiz.com/cards/pop-report/legendarycollection,2026-09-30
Legendary Collection,Muk,16/110,Reverse Holo,30,167,203,110,678,https://www.pikawiz.com/cards/pop-report/legendarycollection,2026-09-30
Legendary Collection,Golduck,43/110,Reverse Holo,36,173,199,108,671,https://www.pikawiz.com/cards/pop-report/legendarycollection,2026-09-30
Legendary Collection,Onix,84/110,Reverse Holo,31,160,182,100,660,https://www.pikawiz.com/cards/pop-report/legendarycollection,2026-09-30
Legendary Collection,Dark Persian,6/110,Holo,21,220,234,91,656,https://www.pikawiz.com/cards/pop-report/legendarycollection,2026-09-30
Legendary Collection,Vulpix,98/110,Reverse Holo,36,186,166,94,655,https://www.pikawiz.com/cards/pop-report/legendarycollection,2026-09-30
Legendary Collection,Slowpoke,93/110,Reverse Holo,21,108,224,119,636,https://www.pikawiz.com/cards/pop-report/legendarycollection,2026-09-30
Legendary Collection,Dewgong,40/110,Reverse Holo,43,182,177,100,633,https://www.pikawiz.com/cards/pop-report/legendarycollection,2026-09-30
Legendary Collection,Machamp,15/110,Holo,16,181,224,95,631,https://www.pikawiz.com/cards/pop-report/legendarycollection,2026-09-30
Legendary Collection,Ninetales,17/110,Holo,15,222,203,91,628,https://www.pikawiz.com/cards/pop-report/legendarycollection,2026-09-30
Legendary Collection,Omanyte,57/110,Reverse Holo,40,178,173,82,623,https://www.pikawiz.com/cards/pop-report/legendarycollection,2026-09-30
Legendary Collection,Dark Slowbro,8/110,Holo,36,211,197,78,615,https://www.pikawiz.com/cards/pop-report/legendarycollection,2026-09-30
Legendary Collection,Ponyta,87/110,Reverse Holo,40,178,149,96,615,https://www.pikawiz.com/cards/pop-report/legendarycollection,2026-09-30
Legendary Collection,Kabuto,48/110,Reverse Holo,36,172,181,82,612,https://www.pikawiz.com/cards/pop-report/legendarycollection,2026-09-30
Legendary Collection,Omastar,58/110,Reverse Holo,23,145,179,97,611,https://www.pikawiz.com/cards/pop-report/legendarycollection,2026-09-30
Legendary Collection,Fearow,42/110,Reverse Holo,34,186,144,78,610,https://www.pikawiz.com/cards/pop-report/legendarycollection,2026-09-30
Legendary Collection,Geodude,77/110,Reverse Holo,40,166,159,94,605,https://www.pikawiz.com/cards/pop-report/legendarycollection,2026-09-30
Legendary Collection,Graveler,44/110,Reverse Holo,26,141,189,107,602,https://www.pikawiz.com/cards/pop-report/legendarycollection,2026-09-30
Legendary Collection,Sandslash,62/110,Reverse Holo,24,127,208,95,598,https://www.pikawiz.com/cards/pop-report/legendarycollection,2026-09-30
Legendary Collection,Machop,79/110,Reverse Holo,20,97,208,115,593,https://www.pikawiz.com/cards/pop-report/legendarycollection,2026-09-30
Legendary Collection,Nidorino,56/110,Reverse Holo,32,186,140,95,593,https://www.pikawiz.com/cards/pop-report/legendarycollection,2026-09-30
Legendary Collection,Caterpie,69/110,Reverse Holo,19,127,197,109,593,https://www.pikawiz.com/cards/pop-report/legendarycollection,2026-09-30
Legendary Collection,Nidorina,55/110,Reverse Holo,37,177,179,84,591,https://www.pikawiz.com/cards/pop-report/legendarycollection,2026-09-30
Legendary Collection,Metapod,54/110,Reverse Holo,48,187,151,61,588,https://www.pikawiz.com/cards/pop-report/legendarycollection,2026-09-30
Legendary Collection,Nidoran♂,83/110,Reverse Holo,56,165,157,93,588,https://www.pikawiz.com/cards/pop-report/legendarycollection,2026-09-30
Legendary Collection,Mankey,81/110,Reverse Holo,42,163,171,79,587,https://www.pikawiz.com/cards/pop-report/legendarycollection,2026-09-30
Legendary Collection,Machoke,51/110,Reverse Holo,28,161,163,86,586,https://www.pikawiz.com/cards/pop-report/legendarycollection,2026-09-30
Legendary Collection,Primeape,59/110,Reverse Holo,52,172,144,90,586,https://www.pikawiz.com/cards/pop-report/legendarycollection,2026-09-30
Legendary Collection,Pidgey,85/110,Reverse Holo,13,118,176,108,582,https://www.pikawiz.com/cards/pop-report/legendarycollection,2026-09-30
Legendary Collection,Exeggcute,75/110,Reverse Holo,24,145,189,88,577,https://www.pikawiz.com/cards/pop-report/legendarycollection,2026-09-30
Legendary Collection,Tentacruel,66/110,Reverse Holo,30,158,159,75,572,https://www.pikawiz.com/cards/pop-report/legendarycollection,2026-09-30
Legendary Collection,Grimer,78/110,Reverse Holo,46,171,167,85,571,https://www.pikawiz.com/cards/pop-report/legendarycollection,2026-09-30
Legendary Collection,Hitmonlee,13/110,Holo,19,191,200,77,565,https://www.pikawiz.com/cards/pop-report/legendarycollection,2026-09-30
Legendary Collection,Tauros,65/110,Reverse Holo,10,133,155,101,560,https://www.pikawiz.com/cards/pop-report/legendarycollection,2026-09-30
Legendary Collection,Magnemite,80/110,Reverse Holo,42,161,155,71,556,https://www.pikawiz.com/cards/pop-report/legendarycollection,2026-09-30
Legendary Collection,Rhyhorn,90/110,Reverse Holo,31,147,157,86,555,https://www.pikawiz.com/cards/pop-report/legendarycollection,2026-09-30
Legendary Collection,Dodrio,41/110,Reverse Holo,19,122,168,88,552,https://www.pikawiz.com/cards/pop-report/legendarycollection,2026-09-30
Legendary Collection,Nidoran♀,82/110,Reverse Holo,30,166,157,69,546,https://www.pikawiz.com/cards/pop-report/legendarycollection,2026-09-30
Legendary Collection,Sandshrew,91/110,Reverse Holo,30,146,179,81,546,https://www.pikawiz.com/cards/pop-report/legendarycollection,2026-09-30
Legendary Collection,Weedle,99/110,Reverse Holo,39,146,144,90,544,https://www.pikawiz.com/cards/pop-report/legendarycollection,2026-09-30
Legendary Collection,Raticate,61/110,Reverse Holo,15,101,186,102,544,https://www.pikawiz.com/cards/pop-report/legendarycollection,2026-09-30
Legendary Collection,Tentacool,96/110,Reverse Holo,13,100,183,98,544,https://www.pikawiz.com/cards/pop-report/legendarycollection,2026-09-30
Legendary Collection,Drowzee,73/110,Reverse Holo,20,137,156,91,542,https://www.pikawiz.com/cards/pop-report/legendarycollection,2026-09-30
Legendary Collection,Seel,92/110,Reverse Holo,23,176,141,83,542,https://www.pikawiz.com/cards/pop-report/legendarycollection,2026-09-30
Legendary Collection,Voltorb,97/110,Reverse Holo,16,72,183,126,542,https://www.pikawiz.com/cards/pop-report/legendarycollection,2026-09-30
Legendary Collection,Kakuna,50/110,Reverse Holo,24,133,170,93,541,https://www.pikawiz.com/cards/pop-report/legendarycollection,2026-09-30
Legendary Collection,Rattata,89/110,Reverse Holo,20,118,161,97,526,https://www.pikawiz.com/cards/pop-report/legendarycollection,2026-09-30
Legendary Collection,Doduo,71/110,Reverse Holo,12,130,165,77,524,https://www.pikawiz.com/cards/pop-report/legendarycollection,2026-09-30
Legendary Collection,Spearow,94/110,Reverse Holo,24,133,142,83,506,https://www.pikawiz.com/cards/pop-report/legendarycollection,2026-09-30
Legendary Collection,Pokemon Breeder,102/110,Reverse Holo,44,135,137,65,506,https://www.pikawiz.com/cards/pop-report/legendarycollection,2026-09-30
Legendary Collection,Muk,16/110,Holo,56,205,130,38,490,https://www.pikawiz.com/cards/pop-report/legendarycollection,2026-09-30
Legendary Collection,Challenge!,106/110,Reverse Holo,6,41,127,129,480,https://www.pikawiz.com/cards/pop-report/legendarycollection,2026-09-30
Legendary Collection,Pokemon Trader,103/110,Reverse Holo,12,96,134,91,469,https://www.pikawiz.com/cards/pop-report/legendarycollection,2026-09-30
Legendary Collection,Scoop Up,104/110,Reverse Holo,13,116,148,84,465,https://www.pikawiz.com/cards/pop-report/legendarycollection,2026-09-30
Legendary Collection,The Boss's Way,105/110,Reverse Holo,25,113,134,65,462,https://www.pikawiz.com/cards/pop-report/legendarycollection,2026-09-30
Legendary Collection,Bill,108/110,Reverse Holo,13,124,137,73,450,https://www.pikawiz.com/cards/pop-report/legendarycollection,2026-09-30
Legendary Collection,Mysterious Fossil,109/110,Reverse Holo,17,70,152,91,435,https://www.pikawiz.com/cards/pop-report/legendarycollection,2026-09-30
Legendary Collection,Potion,110/110,Reverse Holo,19,129,112,67,433,https://www.pikawiz.com/cards/pop-report/legendarycollection,2026-09-30
Legendary Collection,Full Heal Energy,100/110,Reverse Holo,32,137,121,43,420,https://www.pikawiz.com/cards/pop-report/legendarycollection,2026-09-30
Legendary Collection,Energy Retrieval,107/110,Reverse Holo,10,118,141,65,416,https://www.pikawiz.com/cards/pop-report/legendarycollection,2026-09-30
Legendary Collection,Potion Energy,101/110,Reverse Holo,48,137,100,34,377,https://www.pikawiz.com/cards/pop-report/legendarycollection,2026-09-30
Expedition,Charizard,6/165,Holo,45,458,662,511,3152,https://www.pikawiz.com/cards/pop-report/expbaseset,2026-09-30
Expedition,Gengar,13/165,Holo,84,446,509,336,2003,https://www.pikawiz.com/cards/pop-report/expbaseset,2026-09-30
Expedition,Dragonite,9/165,Holo,36,345,540,418,1960,https://www.pikawiz.com/cards/pop-report/expbaseset,2026-09-30
Expedition,Tyranitar,29/165,Holo,71,383,428,325,1768,https://www.pikawiz.com/cards/pop-report/expbaseset,2026-09-30
Expedition,Blastoise,4/165,Holo,89,357,378,264,1615,https://www.pikawiz.com/cards/pop-report/expbaseset,2026-09-30
Expedition,Mewtwo,20/165,Holo,62,376,414,239,1596,https://www.pikawiz.com/cards/pop-report/expbaseset,2026-09-30
Expedition,Mew,19/165,Holo,27,235,401,317,1578,https://www.pikawiz.com/cards/pop-report/expbaseset,2026-09-30
Expedition,Feraligatr,12/165,Holo,49,296,378,242,1315,https://www.pikawiz.com/cards/pop-report/expbaseset,2026-09-30
Expedition,Raichu,25/165,Holo,69,315,331,202,1209,https://www.pikawiz.com/cards/pop-report/expbaseset,2026-09-30
Expedition,Venusaur,30/165,Holo,104,339,294,146,1127,https://www.pikawiz.com/cards/pop-report/expbaseset,2026-09-30
Expedition,Charizard,6/165,Reverse Holo,77,279,203,137,1078,https://www.pikawiz.com/cards/pop-report/expbaseset,2026-09-30
Expedition,Charizard,39/165,Reverse Holo,73,239,203,186,1072,https://www.pikawiz.com/cards/pop-report/expbaseset,2026-09-30
Expedition,Alakazam,1/165,Holo,72,260,299,148,1041,https://www.pikawiz.com/cards/pop-report/expbaseset,2026-09-30
Expedition,Charizard,40/165,Reverse Holo,86,259,210,124,1028,https://www.pikawiz.com/cards/pop-report/expbaseset,2026-09-30
Expedition,Skarmory,27/165,Holo,10,184,311,193,883,https://www.pikawiz.com/cards/pop-report/expbaseset,2026-09-30
Expedition,Typhlosion,28/165,Holo,38,193,275,155,881,https://www.pikawiz.com/cards/pop-report/expbaseset,2026-09-30
Expedition,Pichu,22/165,Holo,37,227,228,156,843,https://www.pikawiz.com/cards/pop-report/expbaseset,2026-09-30
Expedition,Poliwrath,24/165,Holo,15,209,285,158,833,https://www.pikawiz.com/cards/pop-report/expbaseset,2026-09-30
Expedition,Rapidash,26/165,Holo,55,281,232,136,819,https://www.pikawiz.com/cards/pop-report/expbaseset,2026-09-30
Expedition,Cloyster,8/165,Holo,39,261,271,113,818,https://www.pikawiz.com/cards/pop-report/expbaseset,2026-09-30
Expedition,Ampharos,2/165,Holo,22,169,242,161,776,https://www.pikawiz.com/cards/pop-report/expbaseset,2026-09-30
Expedition,Dugtrio,10/165,Holo,16,187,263,142,766,https://www.pikawiz.com/cards/pop-report/expbaseset,2026-09-30
Expedition,Vileplume,31/165,Holo,42,260,226,119,762,https://www.pikawiz.com/cards/pop-report/expbaseset,2026-09-30
Expedition,Golem,14/165,Holo,123,284,183,74,739,https://www.pikawiz.com/cards/pop-report/expbaseset,2026-09-30
Expedition,Meganium,18/165,Holo,35,190,222,123,734,https://www.pikawiz.com/cards/pop-report/expbaseset,2026-09-30
Expedition,Kingler,15/165,Holo,46,280,215,97,734,https://www.pikawiz.com/cards/pop-report/expbaseset,2026-09-30
Expedition,Ninetales,21/165,Holo,73,259,204,97,721,https://www.pikawiz.com/cards/pop-report/expbaseset,2026-09-30
Expedition,Pidgeot,23/165,Holo,46,247,211,107,714,https://www.pikawiz.com/cards/pop-report/expbaseset,2026-09-30
Expedition,Butterfree,5/165,Holo,19,190,225,126,711,https://www.pikawiz.com/cards/pop-report/expbaseset,2026-09-30
Expedition,Machamp,16/165,Holo,75,268,177,90,707,https://www.pikawiz.com/cards/pop-report/expbaseset,2026-09-30
Expedition,Clefable,7/165,Holo,39,191,213,107,681,https://www.pikawiz.com/cards/pop-report/expbaseset,2026-09-30
Expedition,Weezing,32/165,Holo,35,179,201,121,652,https://www.pikawiz.com/cards/pop-report/expbaseset,2026-09-30
Expedition,Gengar,48/165,Reverse Holo,43,148,165,86,618,https://www.pikawiz.com/cards/pop-report/expbaseset,2026-09-30
Expedition,Mewtwo,20/165,Reverse Holo,51,151,150,88,613,https://www.pikawiz.com/cards/pop-report/expbaseset,2026-09-30
Expedition,Arbok,3/165,Holo,42,187,173,93,602,https://www.pikawiz.com/cards/pop-report/expbaseset,2026-09-30
Expedition,Blastoise,37/165,Reverse Holo,52,171,153,66,597,https://www.pikawiz.com/cards/pop-report/expbaseset,2026-09-30
Expedition,Fearow,11/165,Holo,29,172,201,101,593,https://www.pikawiz.com/cards/pop-report/expbaseset,2026-09-30
Expedition,Blastoise,4/165,Reverse Holo,17,127,136,99,593,https://www.pikawiz.com/cards/pop-report/expbaseset,2026-09-30
Expedition,Magby,17/165,Holo,28,178,189,105,592,https://www.pikawiz.com/cards/pop-report/expbaseset,2026-09-30
Expedition,Gengar,13/165,Reverse Holo,32,132,161,86,589,https://www.pikawiz.com/cards/pop-report/expbaseset,2026-09-30
Expedition,Dragonite,9/165,Reverse Holo,28,138,152,99,581,https://www.pikawiz.com/cards/pop-report/expbaseset,2026-09-30
Expedition,Mew,19/165,Reverse Holo,36,155,142,96,576,https://www.pikawiz.com/cards/pop-report/expbaseset,2026-09-30
Expedition,Mewtwo,56/165,Reverse Holo,37,143,134,68,530,https://www.pikawiz.com/cards/pop-report/expbaseset,2026-09-30
Expedition,Blastoise,36/165,Reverse Holo,24,139,116,94,512,https://www.pikawiz.com/cards/pop-report/expbaseset,2026-09-30
Expedition,Dragonite,43/165,Reverse Holo,28,123,131,89,496,https://www.pikawiz.com/cards/pop-report/expbaseset,2026-09-30
Expedition,Mew,55/165,Reverse Holo,7,89,163,78,448,https://www.pikawiz.com/cards/pop-report/expbaseset,2026-09-30
Expedition,Pikachu,124/165,Reverse Holo,19,116,138,73,436,https://www.pikawiz.com/cards/pop-report/expbaseset,2026-09-30
Expedition,Venusaur,30/165,Reverse Holo,20,114,116,58,403,https://www.pikawiz.com/cards/pop-report/expbaseset,2026-09-30
Expedition,Tyranitar,29/165,Reverse Holo,56,121,78,50,379,https://www.pikawiz.com/cards/pop-report/expbaseset,2026-09-30
Expedition,Alakazam,1/165,Reverse Holo,32,115,102,42,379,https://www.pikawiz.com/cards/pop-report/expbaseset,2026-09-30
Expedition,Venusaur,67/165,Reverse Holo,27,122,90,45,375,https://www.pikawiz.com/cards/pop-report/expbaseset,2026-09-30
Expedition,Charmander,97/165,Reverse Holo,43,113,105,52,372,https://www.pikawiz.com/cards/pop-report/expbaseset,2026-09-30
Expedition,Alakazam,33/165,Reverse Holo,33,114,94,48,352,https://www.pikawiz.com/cards/pop-report/expbaseset,2026-09-30
Expedition,Feraligatr,47/165,Reverse Holo,48,111,74,44,339,https://www.pikawiz.com/cards/pop-report/expbaseset,2026-09-30
Expedition,Venusaur,68/165,Reverse Holo,18,115,71,52,328,https://www.pikawiz.com/cards/pop-report/expbaseset,2026-09-30
Expedition,Typhlosion,65/165,Reverse Holo,35,127,77,43,324,https://www.pikawiz.com/cards/pop-report/expbaseset,2026-09-30
Expedition,Squirtle,132/165,Reverse Holo,17,81,89,58,321,https://www.pikawiz.com/cards/pop-report/expbaseset,2026-09-30
Expedition,Magikarp,118/165,Reverse Holo,23,91,101,48,310,https://www.pikawiz.com/cards/pop-report/expbaseset,2026-09-30
Expedition,Raichu,25/165,Reverse Holo,14,93,89,53,308,https://www.pikawiz.com/cards/pop-report/expbaseset,2026-09-30
Expedition,Tyranitar,66/165,Reverse Holo,40,111,85,34,308,https://www.pikawiz.com/cards/pop-report/expbaseset,2026-09-30
Expedition,Typhlosion,64/165,Reverse Holo,61,113,56,34,307,https://www.pikawiz.com/cards/pop-report/expbaseset,2026-09-30
Expedition,Charmander,98/165,Reverse Holo,28,91,74,40,295,https://www.pikawiz.com/cards/pop-report/expbaseset,2026-09-30
Expedition,Raichu,61/165,Reverse Holo,40,89,69,54,295,https://www.pikawiz.com/cards/pop-report/expbaseset,2026-09-30
Expedition,Feraligatr,12/165,Reverse Holo,8,62,71,47,274,https://www.pikawiz.com/cards/pop-report/expbaseset,2026-09-30
Expedition,Charmeleon,73/165,Reverse Holo,38,89,77,34,273,https://www.pikawiz.com/cards/pop-report/expbaseset,2026-09-30
Expedition,Typhlosion,28/165,Reverse Holo,9,62,73,27,271,https://www.pikawiz.com/cards/pop-report/expbaseset,2026-09-30
Expedition,Pichu,22/165,Reverse Holo,20,78,73,37,262,https://www.pikawiz.com/cards/pop-report/expbaseset,2026-09-30
Expedition,Ninetales,21/165,Reverse Holo,32,87,72,25,258,https://www.pikawiz.com/cards/pop-report/expbaseset,2026-09-30
Expedition,Meganium,18/165,Reverse Holo,46,96,58,28,256,https://www.pikawiz.com/cards/pop-report/expbaseset,2026-09-30
Expedition,Squirtle,131/165,Reverse Holo,13,62,84,43,247,https://www.pikawiz.com/cards/pop-report/expbaseset,2026-09-30
Expedition,Feraligatr,46/165,Reverse Holo,36,73,59,32,247,https://www.pikawiz.com/cards/pop-report/expbaseset,2026-09-30
Expedition,Pichu,58/165,Reverse Holo,21,100,68,25,246,https://www.pikawiz.com/cards/pop-report/expbaseset,2026-09-30
Expedition,Ampharos,2/165,Reverse Holo,22,89,60,36,243,https://www.pikawiz.com/cards/pop-report/expbaseset,2026-09-30
Expedition,Bulbasaur,94/165,Reverse Holo,8,75,80,30,237,https://www.pikawiz.com/cards/pop-report/expbaseset,2026-09-30
Expedition,Ninetales,57/165,Reverse Holo,26,91,51,32,230,https://www.pikawiz.com/cards/pop-report/expbaseset,2026-09-30
Expedition,Machamp,16/165,Reverse Holo,31,70,67,24,229,https://www.pikawiz.com/cards/pop-report/expbaseset,2026-09-30
Expedition,Wartortle,92/165,Reverse Holo,27,72,67,23,227,https://www.pikawiz.com/cards/pop-report/expbaseset,2026-09-30
Expedition,Bulbasaur,95/165,Reverse Holo,19,83,53,39,214,https://www.pikawiz.com/cards/pop-report/expbaseset,2026-09-30
Expedition,Pidgeot,23/165,Reverse Holo,20,61,64,34,210,https://www.pikawiz.com/cards/pop-report/expbaseset,2026-09-30
Expedition,Meganium,54/165,Reverse Holo,27,78,61,19,209,https://www.pikawiz.com/cards/pop-report/expbaseset,2026-09-30
Expedition,Ampharos,34/165,Reverse Holo,23,84,46,26,208,https://www.pikawiz.com/cards/pop-report/expbaseset,2026-09-30
Expedition,Clefable,7/165,Reverse Holo,20,60,56,33,206,https://www.pikawiz.com/cards/pop-report/expbaseset,2026-09-30
Expedition,Poliwrath,24/165,Reverse Holo,15,75,60,26,201,https://www.pikawiz.com/cards/pop-report/expbaseset,2026-09-30
Expedition,Machamp,51/165,Reverse Holo,28,85,45,12,198,https://www.pikawiz.com/cards/pop-report/expbaseset,2026-09-30
Expedition,Meganium,53/165,Reverse Holo,18,62,65,20,195,https://www.pikawiz.com/cards/pop-report/expbaseset,2026-09-30
Expedition,Clefable,41/165,Reverse Holo,25,67,53,20,194,https://www.pikawiz.com/cards/pop-report/expbaseset,2026-09-30
Expedition,Ivysaur,82/165,Reverse Holo,23,64,61,26,194,https://www.pikawiz.com/cards/pop-report/expbaseset,2026-09-30
Expedition,Cloyster,8/165,Reverse Holo,22,65,61,23,192,https://www.pikawiz.com/cards/pop-report/expbaseset,2026-09-30
Expedition,Weezing,32/165,Reverse Holo,24,72,48,19,189,https://www.pikawiz.com/cards/pop-report/expbaseset,2026-09-30
Expedition,Cyndaquil,105/165,Reverse Holo,36,62,57,17,187,https://www.pikawiz.com/cards/pop-report/expbaseset,2026-09-30
Expedition,Rapidash,26/165,Reverse Holo,20,90,34,19,186,https://www.pikawiz.com/cards/pop-report/expbaseset,2026-09-30
Expedition,Haunter,80/165,Reverse Holo,20,64,48,27,185,https://www.pikawiz.com/cards/pop-report/expbaseset,2026-09-30
Expedition,Cubone,103/165,Reverse Holo,12,59,61,27,180,https://www.pikawiz.com/cards/pop-report/expbaseset,2026-09-30
Expedition,Butterfree,5/165,Reverse Holo,21,76,40,27,179,https://www.pikawiz.com/cards/pop-report/expbaseset,2026-09-30
Expedition,Totodile,135/165,Reverse Holo,6,71,50,25,178,https://www.pikawiz.com/cards/pop-report/expbaseset,2026-09-30
Expedition,Skarmory,27/165,Reverse Holo,18,59,55,25,177,https://www.pikawiz.com/cards/pop-report/expbaseset,2026-09-30
Expedition,Chansey,72/165,Reverse Holo,21,68,47,23,176,https://www.pikawiz.com/cards/pop-report/expbaseset,2026-09-30
Expedition,Golem,14/165,Reverse Holo,19,77,39,18,174,https://www.pikawiz.com/cards/pop-report/expbaseset,2026-09-30
Expedition,Dragonair,75/165,Reverse Holo,10,56,57,30,171,https://www.pikawiz.com/cards/pop-report/expbaseset,2026-09-30
Expedition,Butterfree,38/165,Reverse Holo,21,62,52,15,171,https://www.pikawiz.com/cards/pop-report/expbaseset,2026-09-30
Expedition,Magby,17/165,Reverse Holo,18,62,44,19,170,https://www.pikawiz.com/cards/pop-report/expbaseset,2026-09-30
Expedition,Meowth,121/165,Reverse Holo,5,57,49,39,169,https://www.pikawiz.com/cards/pop-report/expbaseset,2026-09-30
Expedition,Golem,49/165,Reverse Holo,19,66,46,19,169,https://www.pikawiz.com/cards/pop-report/expbaseset,2026-09-30
Expedition,Fearow,11/165,Reverse Holo,11,53,60,20,168,https://www.pikawiz.com/cards/pop-report/expbaseset,2026-09-30
Expedition,Vileplume,69/165,Reverse Holo,15,68,52,14,167,https://www.pikawiz.com/cards/pop-report/expbaseset,2026-09-30
Expedition,Abra,93/165,Reverse Holo,6,48,60,27,166,https://www.pikawiz.com/cards/pop-report/expbaseset,2026-09-30
Expedition,Cyndaquil,104/165,Reverse Holo,23,59,46,11,166,https://www.pikawiz.com/cards/pop-report/expbaseset,2026-09-30
Expedition,Pidgeot,59/165,Reverse Holo,7,60,56,19,165,https://www.pikawiz.com/cards/pop-report/expbaseset,2026-09-30
Expedition,Arbok,3/165,Reverse Holo,11,62,50,24,164,https://www.pikawiz.com/cards/pop-report/expbaseset,2026-09-30
Expedition,Totodile,134/165,Reverse Holo,3,33,52,41,163,https://www.pikawiz.com/cards/pop-report/expbaseset,2026-09-30
Expedition,Poliwrath,60/165,Reverse Holo,11,58,45,21,162,https://www.pikawiz.com/cards/pop-report/expbaseset,2026-09-30
Expedition,Weezing,70/165,Reverse Holo,17,48,60,17,162,https://www.pikawiz.com/cards/pop-report/expbaseset,2026-09-30
Expedition,Rapidash,62/165,Reverse Holo,25,66,39,15,161,https://www.pikawiz.com/cards/pop-report/expbaseset,2026-09-30
Expedition,Magby,52/165,Reverse Holo,14,51,57,18,158,https://www.pikawiz.com/cards/pop-report/expbaseset,2026-09-30
Expedition,Vileplume,31/165,Reverse Holo,13,68,44,19,158,https://www.pikawiz.com/cards/pop-report/expbaseset,2026-09-30
Expedition,Kadabra,84/165,Reverse Holo,8,38,57,26,155,https://www.pikawiz.com/cards/pop-report/expbaseset,2026-09-30
Expedition,Cloyster,42/165,Reverse Holo,14,44,46,21,154,https://www.pikawiz.com/cards/pop-report/expbaseset,2026-09-30
Expedition,Arbok,35/165,Reverse Holo,24,59,41,11,154,https://www.pikawiz.com/cards/pop-report/expbaseset,2026-09-30
Expedition,Dugtrio,10/165,Reverse Holo,16,50,41,25,153,https://www.pikawiz.com/cards/pop-report/expbaseset,2026-09-30
Expedition,Dugtrio,44/165,Reverse Holo,17,65,41,14,148,https://www.pikawiz.com/cards/pop-report/expbaseset,2026-09-30
Expedition,Kingler,15/165,Reverse Holo,17,54,41,19,147,https://www.pikawiz.com/cards/pop-report/expbaseset,2026-09-30
Expedition,Fearow,45/165,Reverse Holo,19,53,34,20,141,https://www.pikawiz.com/cards/pop-report/expbaseset,2026-09-30
Expedition,Gastly,109/165,Reverse Holo,18,60,32,16,140,https://www.pikawiz.com/cards/pop-report/expbaseset,2026-09-30
Expedition,Kingler,50/165,Reverse Holo,15,67,32,14,138,https://www.pikawiz.com/cards/pop-report/expbaseset,2026-09-30
Expedition,Croconaw,74/165,Reverse Holo,10,46,42,25,137,https://www.pikawiz.com/cards/pop-report/expbaseset,2026-09-30
Expedition,Jynx,83/165,Reverse Holo,13,57,33,22,136,https://www.pikawiz.com/cards/pop-report/expbaseset,2026-09-30
Expedition,Magmar,86/165,Reverse Holo,11,60,39,12,135,https://www.pikawiz.com/cards/pop-report/expbaseset,2026-09-30
Expedition,Dratini,107/165,Reverse Holo,2,48,46,26,134,https://www.pikawiz.com/cards/pop-report/expbaseset,2026-09-30
Expedition,Electabuzz,76/165,Reverse Holo,15,49,37,14,132,https://www.pikawiz.com/cards/pop-report/expbaseset,2026-09-30
Expedition,Clefairy,101/165,Reverse Holo,2,43,48,29,131,https://www.pikawiz.com/cards/pop-report/expbaseset,2026-09-30
Expedition,Chikorita,99/165,Reverse Holo,24,48,32,16,129,https://www.pikawiz.com/cards/pop-report/expbaseset,2026-09-30
Expedition,Flaaffy,77/165,Reverse Holo,9,46,46,17,128,https://www.pikawiz.com/cards/pop-report/expbaseset,2026-09-30
Expedition,Marill,120/165,Reverse Holo,15,47,40,16,128,https://www.pikawiz.com/cards/pop-report/expbaseset,2026-09-30
Expedition,Skarmory,63/165,Reverse Holo,7,24,47,23,126,https://www.pikawiz.com/cards/pop-report/expbaseset,2026-09-30
Expedition,Hitmonlee,81/165,Reverse Holo,13,45,40,14,126,https://www.pikawiz.com/cards/pop-report/expbaseset,2026-09-30
Expedition,Bayleef,71/165,Reverse Holo,19,43,36,11,124,https://www.pikawiz.com/cards/pop-report/expbaseset,2026-09-30
Expedition,Chikorita,100/165,Reverse Holo,8,51,34,13,122,https://www.pikawiz.com/cards/pop-report/expbaseset,2026-09-30
Expedition,Quilava,91/165,Reverse Holo,26,42,31,12,122,https://www.pikawiz.com/cards/pop-report/expbaseset,2026-09-30
Expedition,Ekans,108/165,Reverse Holo,8,40,45,13,120,https://www.pikawiz.com/cards/pop-report/expbaseset,2026-09-30
Expedition,Goldeen,111/165,Reverse Holo,12,42,30,16,118,https://www.pikawiz.com/cards/pop-report/expbaseset,2026-09-30
Expedition,Shellder,129/165,Reverse Holo,14,38,38,11,118,https://www.pikawiz.com/cards/pop-report/expbaseset,2026-09-30
Expedition,Master Ball,143/165,Reverse Holo,14,38,35,13,116,https://www.pikawiz.com/cards/pop-report/expbaseset,2026-09-30
Expedition,Corsola,102/165,Reverse Holo,5,39,40,16,114,https://www.pikawiz.com/cards/pop-report/expbaseset,2026-09-30
Expedition,Machoke,85/165,Reverse Holo,12,44,30,14,114,https://www.pikawiz.com/cards/pop-report/expbaseset,2026-09-30
Expedition,Pidgeotto,88/165,Reverse Holo,8,38,41,10,114,https://www.pikawiz.com/cards/pop-report/expbaseset,2026-09-30
Expedition,Vulpix,136/165,Reverse Holo,9,46,31,14,111,https://www.pikawiz.com/cards/pop-report/expbaseset,2026-09-30
Expedition,Gloom,78/165,Reverse Holo,4,51,30,12,108,https://www.pikawiz.com/cards/pop-report/expbaseset,2026-09-30
Expedition,Pidgey,123/165,Reverse Holo,8,41,34,17,106,https://www.pikawiz.com/cards/pop-report/expbaseset,2026-09-30
Expedition,Machop,117/165,Reverse Holo,11,40,28,16,106,https://www.pikawiz.com/cards/pop-report/expbaseset,2026-09-30
Expedition,Hoppip,112/165,Reverse Holo,11,31,44,12,105,https://www.pikawiz.com/cards/pop-report/expbaseset,2026-09-30
Expedition,Larvitar,116/165,Reverse Holo,9,34,35,13,104,https://www.pikawiz.com/cards/pop-report/expbaseset,2026-09-30
Expedition,Geodude,110/165,Reverse Holo,9,38,36,13,104,https://www.pikawiz.com/cards/pop-report/expbaseset,2026-09-30
Expedition,Ponyta,126/165,Reverse Holo,14,34,37,12,103,https://www.pikawiz.com/cards/pop-report/expbaseset,2026-09-30
Expedition,Poliwhirl,89/165,Reverse Holo,7,32,34,19,102,https://www.pikawiz.com/cards/pop-report/expbaseset,2026-09-30
Expedition,Graveler,79/165,Reverse Holo,6,40,33,11,101,https://www.pikawiz.com/cards/pop-report/expbaseset,2026-09-30
Expedition,Tauros,133/165,Reverse Holo,9,33,33,14,101,https://www.pikawiz.com/cards/pop-report/expbaseset,2026-09-30
Expedition,Caterpie,96/165,Reverse Holo,13,50,27,5,100,https://www.pikawiz.com/cards/pop-report/expbaseset,2026-09-30
Expedition,Pokemon Nurse,145/165,Reverse Holo,13,32,22,19,100,https://www.pikawiz.com/cards/pop-report/expbaseset,2026-09-30
Expedition,Mareep,119/165,Reverse Holo,7,43,28,15,100,https://www.pikawiz.com/cards/pop-report/expbaseset,2026-09-30
Expedition,Darkness Energy,158/165,Reverse Holo,19,35,22,12,98,https://www.pikawiz.com/cards/pop-report/expbaseset,2026-09-30
Expedition,Diglett,106/165,Reverse Holo,19,38,26,7,95,https://www.pikawiz.com/cards/pop-report/expbaseset,2026-09-30
Expedition,Metapod,87/165,Reverse Holo,5,28,42,10,93,https://www.pikawiz.com/cards/pop-report/expbaseset,2026-09-30
Expedition,Krabby,115/165,Reverse Holo,11,21,39,11,91,https://www.pikawiz.com/cards/pop-report/expbaseset,2026-09-30
Expedition,Pupitar,90/165,Reverse Holo,16,32,25,9,88,https://www.pikawiz.com/cards/pop-report/expbaseset,2026-09-30
Expedition,Metal Energy,159/165,Reverse Holo,2,33,31,11,88,https://www.pikawiz.com/cards/pop-report/expbaseset,2026-09-30
Expedition,Oddish,122/165,Reverse Holo,11,32,28,10,88,https://www.pikawiz.com/cards/pop-report/expbaseset,2026-09-30
Expedition,Poliwag,125/165,Reverse Holo,9,37,21,13,88,https://www.pikawiz.com/cards/pop-report/expbaseset,2026-09-30
Expedition,Koffing,114/165,Reverse Holo,15,28,28,11,87,https://www.pikawiz.com/cards/pop-report/expbaseset,2026-09-30
Expedition,Copycat,138/165,Reverse Holo,11,26,29,9,87,https://www.pikawiz.com/cards/pop-report/expbaseset,2026-09-30
Expedition,Rattata,128/165,Reverse Holo,7,35,24,11,84,https://www.pikawiz.com/cards/pop-report/expbaseset,2026-09-30
Expedition,Warp Point,152/165,Reverse Holo,3,33,12,13,79,https://www.pikawiz.com/cards/pop-report/expbaseset,2026-09-30
Expedition,Qwilfish,127/165,Reverse Holo,12,24,24,10,78,https://www.pikawiz.com/cards/pop-report/expbaseset,2026-09-30
Expedition,Houndour,113/165,Reverse Holo,9,36,24,8,78,https://www.pikawiz.com/cards/pop-report/expbaseset,2026-09-30
Expedition,Spearow,130/165,Reverse Holo,5,28,27,12,77,https://www.pikawiz.com/cards/pop-report/expbaseset,2026-09-30
Expedition,Professor Oak's Research,149/165,Reverse Holo,9,26,26,9,76,https://www.pikawiz.com/cards/pop-report/expbaseset,2026-09-30
Expedition,Mary's Impulse,142/165,Reverse Holo,11,20,25,9,75,https://www.pikawiz.com/cards/pop-report/expbaseset,2026-09-30
Expedition,Professor Elm's Training Method,148/165,Reverse Holo,12,25,20,8,75,https://www.pikawiz.com/cards/pop-report/expbaseset,2026-09-30
Expedition,Bill's Maintenance,137/165,Reverse Holo,4,30,17,19,74,https://www.pikawiz.com/cards/pop-report/expbaseset,2026-09-30
Expedition,Strength Charm,150/165,Reverse Holo,12,16,20,12,72,https://www.pikawiz.com/cards/pop-report/expbaseset,2026-09-30
Expedition,Super Scoop Up,151/165,Reverse Holo,7,29,15,5,67,https://www.pikawiz.com/cards/pop-report/expbaseset,2026-09-30
Expedition,Moo-Moo Milk,155/165,Reverse Holo,6,25,21,5,66,https://www.pikawiz.com/cards/pop-report/expbaseset,2026-09-30
Expedition,Multi Technical Machine 01,144/165,Reverse Holo,9,28,21,4,65,https://www.pikawiz.com/cards/pop-report/expbaseset,2026-09-30
Expedition,Pokemon Reversal,146/165,Reverse Holo,11,18,19,7,64,https://www.pikawiz.com/cards/pop-report/expbaseset,2026-09-30
Expedition,Energy Removal 2,140/165,Reverse Holo,6,27,11,13,63,https://www.pikawiz.com/cards/pop-report/expbaseset,2026-09-30
Expedition,Power Charge,147/165,Reverse Holo,5,30,18,4,63,https://www.pikawiz.com/cards/pop-report/expbaseset,2026-09-30
Expedition,Energy Search,153/165,Reverse Holo,6,26,19,4,61,https://www.pikawiz.com/cards/pop-report/expbaseset,2026-09-30
Expedition,Energy Restore,141/165,Reverse Holo,8,20,18,8,61,https://www.pikawiz.com/cards/pop-report/expbaseset,2026-09-30
Expedition,Switch,157/165,Reverse Holo,1,18,22,9,58,https://www.pikawiz.com/cards/pop-report/expbaseset,2026-09-30
Expedition,Dual Ball,139/165,Reverse Holo,7,21,14,6,58,https://www.pikawiz.com/cards/pop-report/expbaseset,2026-09-30
Expedition,Full Heal,154/165,Reverse Holo,7,23,12,7,57,https://www.pikawiz.com/cards/pop-report/expbaseset,2026-09-30
Expedition,Potion,156/165,Reverse Holo,8,20,15,8,53,https://www.pikawiz.com/cards/pop-report/expbaseset,2026-09-30
Aquapolis,Lugia,149/147,Holo,138,527,391,322,2886,https://www.pikawiz.com/cards/pop-report/aquapolis,2026-09-30
Aquapolis,Nidoking,150/147,Holo,112,463,390,272,2019,https://www.pikawiz.com/cards/pop-report/aquapolis,2026-09-30
Aquapolis,Kingdra,148/147,Holo,95,338,310,231,1622,https://www.pikawiz.com/cards/pop-report/aquapolis,2026-09-30
Aquapolis,Umbreon,H29/147,Holo,91,295,254,208,1542,https://www.pikawiz.com/cards/pop-report/aquapolis,2026-09-30
Aquapolis,Tyranitar,H28/147,Holo,116,302,282,182,1270,https://www.pikawiz.com/cards/pop-report/aquapolis,2026-09-30
Aquapolis,Houndoom,H11/147,Holo,59,271,243,209,1158,https://www.pikawiz.com/cards/pop-report/aquapolis,2026-09-30
Aquapolis,Espeon,H9/147,Holo,105,286,274,173,1097,https://www.pikawiz.com/cards/pop-report/aquapolis,2026-09-30
Aquapolis,Arcanine,H2/147,Holo,73,253,232,156,968,https://www.pikawiz.com/cards/pop-report/aquapolis,2026-09-30
Aquapolis,Suicune,H25/147,Holo,70,225,237,122,922,https://www.pikawiz.com/cards/pop-report/aquapolis,2026-09-30
Aquapolis,Entei,H8/147,Holo,79,272,217,146,915,https://www.pikawiz.com/cards/pop-report/aquapolis,2026-09-30
Aquapolis,Scizor,H21/147,Holo,97,293,220,99,846,https://www.pikawiz.com/cards/pop-report/aquapolis,2026-09-30
Aquapolis,Zapdos,H32/147,Holo,111,255,190,114,838,https://www.pikawiz.com/cards/pop-report/aquapolis,2026-09-30
Aquapolis,Hypno,H12/147,Holo,106,240,208,103,789,https://www.pikawiz.com/cards/pop-report/aquapolis,2026-09-30
Aquapolis,Tentacruel,H26/147,Holo,53,240,208,130,749,https://www.pikawiz.com/cards/pop-report/aquapolis,2026-09-30
Aquapolis,Steelix,H23/147,Holo,72,190,185,97,717,https://www.pikawiz.com/cards/pop-report/aquapolis,2026-09-30
Aquapolis,Slowking,H22/147,Holo,54,205,176,101,708,https://www.pikawiz.com/cards/pop-report/aquapolis,2026-09-30
Aquapolis,Togetic,H27/147,Holo,62,208,178,93,687,https://www.pikawiz.com/cards/pop-report/aquapolis,2026-09-30
Aquapolis,Ninetales,H19/147,Holo,56,237,156,95,681,https://www.pikawiz.com/cards/pop-report/aquapolis,2026-09-30
Aquapolis,Nidoking,H18/147,Holo,82,220,153,77,642,https://www.pikawiz.com/cards/pop-report/aquapolis,2026-09-30
Aquapolis,Ampharos,H1/147,Holo,38,173,161,103,620,https://www.pikawiz.com/cards/pop-report/aquapolis,2026-09-30
Aquapolis,Victreebel,H30/147,Holo,83,239,148,77,620,https://www.pikawiz.com/cards/pop-report/aquapolis,2026-09-30
Aquapolis,Lanturn,H15/147,Holo,101,202,146,70,595,https://www.pikawiz.com/cards/pop-report/aquapolis,2026-09-30
Aquapolis,Kingdra,H14/147,Holo,55,195,154,79,590,https://www.pikawiz.com/cards/pop-report/aquapolis,2026-09-30
Aquapolis,Blissey,H6/147,Holo,87,190,143,69,572,https://www.pikawiz.com/cards/pop-report/aquapolis,2026-09-30
Aquapolis,Sudowoodo,H24/147,Holo,39,197,154,70,555,https://www.pikawiz.com/cards/pop-report/aquapolis,2026-09-30
Aquapolis,Exeggutor,H10/147,Holo,40,167,147,83,544,https://www.pikawiz.com/cards/pop-report/aquapolis,2026-09-30
Aquapolis,Electrode,H7/147,Holo,81,163,137,64,541,https://www.pikawiz.com/cards/pop-report/aquapolis,2026-09-30
Aquapolis,Azumarill,H4/147,Holo,78,195,110,57,534,https://www.pikawiz.com/cards/pop-report/aquapolis,2026-09-30
Aquapolis,Vileplume,H31/147,Holo,41,163,139,100,528,https://www.pikawiz.com/cards/pop-report/aquapolis,2026-09-30
Aquapolis,Magneton,H16/147,Holo,95,196,129,50,515,https://www.pikawiz.com/cards/pop-report/aquapolis,2026-09-30
Aquapolis,Muk,H17/147,Holo,67,175,136,70,512,https://www.pikawiz.com/cards/pop-report/aquapolis,2026-09-30
Aquapolis,Bellossom,H5/147,Holo,42,162,137,54,482,https://www.pikawiz.com/cards/pop-report/aquapolis,2026-09-30
Aquapolis,Octillery,H20/147,Holo,60,178,136,48,470,https://www.pikawiz.com/cards/pop-report/aquapolis,2026-09-30
Aquapolis,Umbreon,41/147,Reverse Holo,32,101,115,67,459,https://www.pikawiz.com/cards/pop-report/aquapolis,2026-09-30
Aquapolis,Ariados,H3/147,Holo,77,149,109,42,427,https://www.pikawiz.com/cards/pop-report/aquapolis,2026-09-30
Aquapolis,Jumpluff,H13/147,Holo,51,171,93,47,409,https://www.pikawiz.com/cards/pop-report/aquapolis,2026-09-30
Aquapolis,Tyranitar,40/147,Reverse Holo,34,102,84,49,324,https://www.pikawiz.com/cards/pop-report/aquapolis,2026-09-30
Aquapolis,Houndoom,15/147,Reverse Holo,26,86,63,47,276,https://www.pikawiz.com/cards/pop-report/aquapolis,2026-09-30
Aquapolis,Espeon,11/147,Reverse Holo,7,42,86,47,269,https://www.pikawiz.com/cards/pop-report/aquapolis,2026-09-30
Aquapolis,Zapdos,44/147,Reverse Holo,13,66,67,43,238,https://www.pikawiz.com/cards/pop-report/aquapolis,2026-09-30
Aquapolis,Entei,10/147,Reverse Holo,20,89,58,22,237,https://www.pikawiz.com/cards/pop-report/aquapolis,2026-09-30
Aquapolis,Suicune,37/147,Reverse Holo,9,54,68,52,226,https://www.pikawiz.com/cards/pop-report/aquapolis,2026-09-30
Aquapolis,Arcanine,2/147,Reverse Holo,12,62,75,27,219,https://www.pikawiz.com/cards/pop-report/aquapolis,2026-09-30
Aquapolis,Houndoom,14/147,Reverse Holo,25,75,51,19,203,https://www.pikawiz.com/cards/pop-report/aquapolis,2026-09-30
Aquapolis,Scizor,32/147,Reverse Holo,14,61,45,24,173,https://www.pikawiz.com/cards/pop-report/aquapolis,2026-09-30
Aquapolis,Steelix,35/147,Reverse Holo,15,53,58,12,162,https://www.pikawiz.com/cards/pop-report/aquapolis,2026-09-30
Aquapolis,Eevee,75/147,Reverse Holo,6,26,55,35,159,https://www.pikawiz.com/cards/pop-report/aquapolis,2026-09-30
Aquapolis,Psyduck,104/147,Reverse Holo,3,32,52,29,155,https://www.pikawiz.com/cards/pop-report/aquapolis,2026-09-30
Aquapolis,Kingdra,19/147,Reverse Holo,10,55,40,18,146,https://www.pikawiz.com/cards/pop-report/aquapolis,2026-09-30
Aquapolis,Ninetales,25/147,Reverse Holo,5,30,56,20,143,https://www.pikawiz.com/cards/pop-report/aquapolis,2026-09-30
Aquapolis,Hypno,16/147,Reverse Holo,8,53,40,18,141,https://www.pikawiz.com/cards/pop-report/aquapolis,2026-09-30
Aquapolis,Nidoking,24/147,Reverse Holo,9,56,38,19,140,https://www.pikawiz.com/cards/pop-report/aquapolis,2026-09-30
Aquapolis,Togetic,39/147,Reverse Holo,4,47,47,16,139,https://www.pikawiz.com/cards/pop-report/aquapolis,2026-09-30
Aquapolis,Slowking,34/147,Reverse Holo,9,53,37,20,133,https://www.pikawiz.com/cards/pop-report/aquapolis,2026-09-30
Aquapolis,Slowbro,33/147,Reverse Holo,12,41,39,22,130,https://www.pikawiz.com/cards/pop-report/aquapolis,2026-09-30
Aquapolis,Magneton,22/147,Reverse Holo,20,44,32,13,124,https://www.pikawiz.com/cards/pop-report/aquapolis,2026-09-30
Aquapolis,Tentacruel,38/147,Reverse Holo,14,50,35,12,124,https://www.pikawiz.com/cards/pop-report/aquapolis,2026-09-30
Aquapolis,Ampharos,1/147,Reverse Holo,4,46,37,20,122,https://www.pikawiz.com/cards/pop-report/aquapolis,2026-09-30
Aquapolis,Azumarill,4/147,Reverse Holo,4,34,45,14,119,https://www.pikawiz.com/cards/pop-report/aquapolis,2026-09-30
Aquapolis,Vulpix,116/147,Reverse Holo,12,49,44,11,119,https://www.pikawiz.com/cards/pop-report/aquapolis,2026-09-30
Aquapolis,Scyther,57/147,Reverse Holo,8,41,36,18,119,https://www.pikawiz.com/cards/pop-report/aquapolis,2026-09-30
Aquapolis,Blissey,6/147,Reverse Holo,5,43,38,14,118,https://www.pikawiz.com/cards/pop-report/aquapolis,2026-09-30
Aquapolis,Elekid,9/147,Reverse Holo,9,47,35,12,117,https://www.pikawiz.com/cards/pop-report/aquapolis,2026-09-30
Aquapolis,Muk,23/147,Reverse Holo,13,50,30,17,117,https://www.pikawiz.com/cards/pop-report/aquapolis,2026-09-30
Aquapolis,Primeape,29/147,Reverse Holo,13,41,35,12,115,https://www.pikawiz.com/cards/pop-report/aquapolis,2026-09-30
Aquapolis,Metal Energy,143/147,Reverse Holo,16,40,38,12,115,https://www.pikawiz.com/cards/pop-report/aquapolis,2026-09-30
Aquapolis,Rapidash,31/147,Reverse Holo,19,47,23,12,114,https://www.pikawiz.com/cards/pop-report/aquapolis,2026-09-30
Aquapolis,Electrode,8/147,Reverse Holo,12,45,31,15,114,https://www.pikawiz.com/cards/pop-report/aquapolis,2026-09-30
Aquapolis,Exeggutor,13/147,Reverse Holo,19,39,28,11,113,https://www.pikawiz.com/cards/pop-report/aquapolis,2026-09-30
Aquapolis,Victreebel,42/147,Reverse Holo,10,37,48,6,110,https://www.pikawiz.com/cards/pop-report/aquapolis,2026-09-30
Aquapolis,Ariados,3/147,Reverse Holo,15,35,36,12,109,https://www.pikawiz.com/cards/pop-report/aquapolis,2026-09-30
Aquapolis,Scyther,106/147,Reverse Holo,5,42,35,12,106,https://www.pikawiz.com/cards/pop-report/aquapolis,2026-09-30
Aquapolis,Exeggutor,12/147,Reverse Holo,6,42,29,13,106,https://www.pikawiz.com/cards/pop-report/aquapolis,2026-09-30
Aquapolis,Lanturn,21/147,Reverse Holo,4,53,30,10,106,https://www.pikawiz.com/cards/pop-report/aquapolis,2026-09-30
Aquapolis,Vileplume,43/147,Reverse Holo,9,45,25,16,104,https://www.pikawiz.com/cards/pop-report/aquapolis,2026-09-30
Aquapolis,Bellossom,5/147,Reverse Holo,9,48,29,11,104,https://www.pikawiz.com/cards/pop-report/aquapolis,2026-09-30
Aquapolis,Growlithe,80/147,Reverse Holo,11,40,29,16,103,https://www.pikawiz.com/cards/pop-report/aquapolis,2026-09-30
Aquapolis,Porygon2,28/147,Reverse Holo,6,31,18,14,103,https://www.pikawiz.com/cards/pop-report/aquapolis,2026-09-30
Aquapolis,Jynx,18/147,Reverse Holo,13,40,31,6,98,https://www.pikawiz.com/cards/pop-report/aquapolis,2026-09-30
Aquapolis,Cubone,72/147,Reverse Holo,11,30,34,15,98,https://www.pikawiz.com/cards/pop-report/aquapolis,2026-09-30
Aquapolis,Jumpluff,17/147,Reverse Holo,12,39,23,14,95,https://www.pikawiz.com/cards/pop-report/aquapolis,2026-09-30
Aquapolis,Quagsire,30/147,Reverse Holo,13,29,24,19,95,https://www.pikawiz.com/cards/pop-report/aquapolis,2026-09-30
Aquapolis,Octillery,26/147,Reverse Holo,6,37,28,11,94,https://www.pikawiz.com/cards/pop-report/aquapolis,2026-09-30
Aquapolis,Crystal Energy,146/147,Reverse Holo,4,34,26,13,93,https://www.pikawiz.com/cards/pop-report/aquapolis,2026-09-30
Aquapolis,Onix,98/147,Reverse Holo,8,38,26,12,93,https://www.pikawiz.com/cards/pop-report/aquapolis,2026-09-30
Aquapolis,Donphan,7/147,Reverse Holo,8,44,21,12,93,https://www.pikawiz.com/cards/pop-report/aquapolis,2026-09-30
Aquapolis,Lanturn,20/147,Reverse Holo,7,36,25,8,93,https://www.pikawiz.com/cards/pop-report/aquapolis,2026-09-30
Aquapolis,Houndour,87/147,Reverse Holo,12,33,22,11,92,https://www.pikawiz.com/cards/pop-report/aquapolis,2026-09-30
Aquapolis,Togepi,114/147,Reverse Holo,6,33,28,12,91,https://www.pikawiz.com/cards/pop-report/aquapolis,2026-09-30
Aquapolis,Darkness Energy,142/147,Reverse Holo,4,35,21,9,88,https://www.pikawiz.com/cards/pop-report/aquapolis,2026-09-30
Aquapolis,Boost Energy,145/147,Reverse Holo,8,41,15,12,88,https://www.pikawiz.com/cards/pop-report/aquapolis,2026-09-30
Aquapolis,Parasect,27/147,Reverse Holo,4,28,30,15,87,https://www.pikawiz.com/cards/pop-report/aquapolis,2026-09-30
Aquapolis,Warp Energy,147/147,Reverse Holo,9,33,22,9,85,https://www.pikawiz.com/cards/pop-report/aquapolis,2026-09-30
Aquapolis,Hitmontop,82/147,Reverse Holo,13,27,30,6,85,https://www.pikawiz.com/cards/pop-report/aquapolis,2026-09-30
Aquapolis,Magnemite,91/147,Reverse Holo,14,26,22,10,83,https://www.pikawiz.com/cards/pop-report/aquapolis,2026-09-30
Aquapolis,Sudowoodo,36/147,Reverse Holo,2,20,34,9,83,https://www.pikawiz.com/cards/pop-report/aquapolis,2026-09-30
Aquapolis,Rainbow Energy,144/147,Reverse Holo,10,36,13,7,82,https://www.pikawiz.com/cards/pop-report/aquapolis,2026-09-30
Aquapolis,Chansey,69/147,Reverse Holo,7,27,22,16,81,https://www.pikawiz.com/cards/pop-report/aquapolis,2026-09-30
Aquapolis,Marill,53/147,Reverse Holo,3,28,27,13,81,https://www.pikawiz.com/cards/pop-report/aquapolis,2026-09-30
Aquapolis,Kangaskhan,88/147,Reverse Holo,6,29,25,11,80,https://www.pikawiz.com/cards/pop-report/aquapolis,2026-09-30
Aquapolis,Drowzee,74/147,Reverse Holo,7,36,26,8,79,https://www.pikawiz.com/cards/pop-report/aquapolis,2026-09-30
Aquapolis,Wooper,117/147,Reverse Holo,8,29,19,10,79,https://www.pikawiz.com/cards/pop-report/aquapolis,2026-09-30
Aquapolis,Horsea,84/147,Reverse Holo,6,24,25,17,79,https://www.pikawiz.com/cards/pop-report/aquapolis,2026-09-30
Aquapolis,Mr. Mime,95/147,Reverse Holo,7,21,24,13,79,https://www.pikawiz.com/cards/pop-report/aquapolis,2026-09-30
Aquapolis,Larvitar,89/147,Reverse Holo,7,27,18,18,78,https://www.pikawiz.com/cards/pop-report/aquapolis,2026-09-30
Aquapolis,Houndour,86/147,Reverse Holo,9,28,26,11,77,https://www.pikawiz.com/cards/pop-report/aquapolis,2026-09-30
Aquapolis,Nidorino,55/147,Reverse Holo,4,33,23,11,77,https://www.pikawiz.com/cards/pop-report/aquapolis,2026-09-30
Aquapolis,Wooper,66/147,Reverse Holo,4,24,24,13,76,https://www.pikawiz.com/cards/pop-report/aquapolis,2026-09-30
Aquapolis,Nidoran♂,96/147,Reverse Holo,9,34,18,9,76,https://www.pikawiz.com/cards/pop-report/aquapolis,2026-09-30
Aquapolis,Slowpoke,108/147,Reverse Holo,3,28,23,14,76,https://www.pikawiz.com/cards/pop-report/aquapolis,2026-09-30
Aquapolis,Seaking,59/147,Reverse Holo,5,30,25,8,75,https://www.pikawiz.com/cards/pop-report/aquapolis,2026-09-30
Aquapolis,Exeggcute,77/147,Reverse Holo,5,31,22,14,75,https://www.pikawiz.com/cards/pop-report/aquapolis,2026-09-30
Aquapolis,Porygon,103/147,Reverse Holo,8,26,21,13,75,https://www.pikawiz.com/cards/pop-report/aquapolis,2026-09-30
Aquapolis,Mr. Mime,95/147,Reverse Holo,12,18,23,16,75,https://www.pikawiz.com/cards/pop-report/aquapolis,2026-09-30
Aquapolis,Bellsprout,68/147,Reverse Holo,8,27,27,6,74,https://www.pikawiz.com/cards/pop-report/aquapolis,2026-09-30
Aquapolis,Golduck,50/147,Reverse Holo,4,24,23,13,74,https://www.pikawiz.com/cards/pop-report/aquapolis,2026-09-30
Aquapolis,Grimer,79/147,Reverse Holo,10,31,16,14,73,https://www.pikawiz.com/cards/pop-report/aquapolis,2026-09-30
Aquapolis,Ponyta,102/147,Reverse Holo,9,28,20,13,73,https://www.pikawiz.com/cards/pop-report/aquapolis,2026-09-30
Aquapolis,Marowak,54/147,Reverse Holo,4,25,28,11,73,https://www.pikawiz.com/cards/pop-report/aquapolis,2026-09-30
Aquapolis,Hitmonchan,81/147,Reverse Holo,6,25,26,9,72,https://www.pikawiz.com/cards/pop-report/aquapolis,2026-09-30
Aquapolis,Pinsir,101/147,Reverse Holo,9,28,21,6,72,https://www.pikawiz.com/cards/pop-report/aquapolis,2026-09-30
Aquapolis,Sneasel,110/147,Reverse Holo,13,29,17,3,72,https://www.pikawiz.com/cards/pop-report/aquapolis,2026-09-30
Aquapolis,Hoppip,83/147,Reverse Holo,18,24,19,6,71,https://www.pikawiz.com/cards/pop-report/aquapolis,2026-09-30
Aquapolis,Lickitung,90/147,Reverse Holo,4,32,25,4,70,https://www.pikawiz.com/cards/pop-report/aquapolis,2026-09-30
Aquapolis,Flaaffy,47/147,Reverse Holo,6,31,17,13,70,https://www.pikawiz.com/cards/pop-report/aquapolis,2026-09-30
Aquapolis,Golduck,50/147,Reverse Holo,7,18,25,14,70,https://www.pikawiz.com/cards/pop-report/aquapolis,2026-09-30
Aquapolis,Voltorb,115/147,Reverse Holo,10,25,23,7,69,https://www.pikawiz.com/cards/pop-report/aquapolis,2026-09-30
Aquapolis,Tyrogue,63/147,Reverse Holo,8,30,17,8,68,https://www.pikawiz.com/cards/pop-report/aquapolis,2026-09-30
Aquapolis,Miltank,94/147,Reverse Holo,1,22,20,13,68,https://www.pikawiz.com/cards/pop-report/aquapolis,2026-09-30
Aquapolis,Oddish,97/147,Reverse Holo,6,27,15,10,67,https://www.pikawiz.com/cards/pop-report/aquapolis,2026-09-30
Aquapolis,Phanpy,100/147,Reverse Holo,12,25,16,10,67,https://www.pikawiz.com/cards/pop-report/aquapolis,2026-09-30
Aquapolis,Smeargle,109/147,Reverse Holo,8,17,22,9,67,https://www.pikawiz.com/cards/pop-report/aquapolis,2026-09-30
Aquapolis,Chinchou,71/147,Reverse Holo,8,32,15,6,66,https://www.pikawiz.com/cards/pop-report/aquapolis,2026-09-30
Aquapolis,Sentret,107/147,Reverse Holo,3,32,15,8,66,https://www.pikawiz.com/cards/pop-report/aquapolis,2026-09-30
Aquapolis,Drowzee,74/147,Reverse Holo,5,21,21,11,65,https://www.pikawiz.com/cards/pop-report/aquapolis,2026-09-30
Aquapolis,Mareep,93/147,Reverse Holo,8,26,17,10,65,https://www.pikawiz.com/cards/pop-report/aquapolis,2026-09-30
Aquapolis,Seadra,58/147,Reverse Holo,3,22,22,9,64,https://www.pikawiz.com/cards/pop-report/aquapolis,2026-09-30
Aquapolis,Skiploom,60/147,Reverse Holo,10,26,18,4,64,https://www.pikawiz.com/cards/pop-report/aquapolis,2026-09-30
Aquapolis,Chinchou,70/147,Reverse Holo,6,17,31,6,63,https://www.pikawiz.com/cards/pop-report/aquapolis,2026-09-30
Aquapolis,Apricorn Forest,118/147,Reverse Holo,7,27,16,8,63,https://www.pikawiz.com/cards/pop-report/aquapolis,2026-09-30
Aquapolis,Water Cube 01,140/147,Reverse Holo,4,19,26,7,63,https://www.pikawiz.com/cards/pop-report/aquapolis,2026-09-30
Aquapolis,Weepinbell,65/147,Reverse Holo,5,27,18,9,62,https://www.pikawiz.com/cards/pop-report/aquapolis,2026-09-30
Aquapolis,Fighting Cube 01,121/147,Reverse Holo,8,29,16,5,62,https://www.pikawiz.com/cards/pop-report/aquapolis,2026-09-30
Aquapolis,Metal Cube 01,129/147,Reverse Holo,3,33,13,8,62,https://www.pikawiz.com/cards/pop-report/aquapolis,2026-09-30
Aquapolis,Pokemon Park,131/147,Reverse Holo,1,15,27,13,62,https://www.pikawiz.com/cards/pop-report/aquapolis,2026-09-30
Aquapolis,Horsea,85/147,Reverse Holo,4,21,22,10,62,https://www.pikawiz.com/cards/pop-report/aquapolis,2026-09-30
Aquapolis,Dodrio,46/147,Reverse Holo,4,16,21,7,62,https://www.pikawiz.com/cards/pop-report/aquapolis,2026-09-30
Aquapolis,Magnemite,52/147,Reverse Holo,11,21,19,6,62,https://www.pikawiz.com/cards/pop-report/aquapolis,2026-09-30
Aquapolis,Smoochum,61/147,Reverse Holo,3,20,24,10,62,https://www.pikawiz.com/cards/pop-report/aquapolis,2026-09-30
Aquapolis,Grass Cube 01,124/147,Reverse Holo,6,22,23,5,61,https://www.pikawiz.com/cards/pop-report/aquapolis,2026-09-30
Aquapolis,Mankey,92/147,Reverse Holo,12,20,18,8,61,https://www.pikawiz.com/cards/pop-report/aquapolis,2026-09-30
Aquapolis,Tentacool,113/147,Reverse Holo,2,26,22,7,61,https://www.pikawiz.com/cards/pop-report/aquapolis,2026-09-30
Aquapolis,Voltorb,64/147,Reverse Holo,3,28,10,12,60,https://www.pikawiz.com/cards/pop-report/aquapolis,2026-09-30
Aquapolis,Lightning Cube 01,127/147,Reverse Holo,13,27,12,6,60,https://www.pikawiz.com/cards/pop-report/aquapolis,2026-09-30
Aquapolis,Furret,48/147,Reverse Holo,2,23,20,8,60,https://www.pikawiz.com/cards/pop-report/aquapolis,2026-09-30
Aquapolis,Porygon,103/147,Reverse Holo,3,26,12,11,60,https://www.pikawiz.com/cards/pop-report/aquapolis,2026-09-30
Aquapolis,Doduo,73/147,Reverse Holo,6,26,20,5,59,https://www.pikawiz.com/cards/pop-report/aquapolis,2026-09-30
Aquapolis,Bellsprout,45/147,Reverse Holo,6,22,19,6,59,https://www.pikawiz.com/cards/pop-report/aquapolis,2026-09-30
Aquapolis,Growlithe,51/147,Reverse Holo,1,15,23,13,59,https://www.pikawiz.com/cards/pop-report/aquapolis,2026-09-30
Aquapolis,Darkness Cube 01,119/147,Reverse Holo,9,27,15,4,58,https://www.pikawiz.com/cards/pop-report/aquapolis,2026-09-30
Aquapolis,Tangela,112/147,Reverse Holo,6,30,14,6,58,https://www.pikawiz.com/cards/pop-report/aquapolis,2026-09-30
Aquapolis,Gloom,49/147,Reverse Holo,4,18,20,12,58,https://www.pikawiz.com/cards/pop-report/aquapolis,2026-09-30
Aquapolis,Town Volunteers,136/147,Reverse Holo,4,28,9,7,57,https://www.pikawiz.com/cards/pop-report/aquapolis,2026-09-30
Aquapolis,Paras,99/147,Reverse Holo,8,22,17,5,57,https://www.pikawiz.com/cards/pop-report/aquapolis,2026-09-30
Aquapolis,Spinarak,111/147,Reverse Holo,7,25,14,6,57,https://www.pikawiz.com/cards/pop-report/aquapolis,2026-09-30
Aquapolis,Aipom,67/147,Reverse Holo,6,19,21,5,56,https://www.pikawiz.com/cards/pop-report/aquapolis,2026-09-30
Aquapolis,Fire Cube 01,122/147,Reverse Holo,6,30,13,4,56,https://www.pikawiz.com/cards/pop-report/aquapolis,2026-09-30
Aquapolis,Pupitar,56/147,Reverse Holo,1,18,27,8,56,https://www.pikawiz.com/cards/pop-report/aquapolis,2026-09-30
Aquapolis,Seer,133/147,Reverse Holo,6,25,12,6,55,https://www.pikawiz.com/cards/pop-report/aquapolis,2026-09-30
Aquapolis,Remoraid,105/147,Reverse Holo,4,18,19,9,55,https://www.pikawiz.com/cards/pop-report/aquapolis,2026-09-30
Aquapolis,Spinarak,62/147,Reverse Holo,10,23,16,3,54,https://www.pikawiz.com/cards/pop-report/aquapolis,2026-09-30
Aquapolis,Pokemon Fan Club,130/147,Reverse Holo,3,23,16,7,54,https://www.pikawiz.com/cards/pop-report/aquapolis,2026-09-30
Aquapolis,Forest Guardian,123/147,Reverse Holo,7,19,17,7,53,https://www.pikawiz.com/cards/pop-report/aquapolis,2026-09-30
Aquapolis,Psychic Cube 01,132/147,Reverse Holo,6,22,14,6,53,https://www.pikawiz.com/cards/pop-report/aquapolis,2026-09-30
Aquapolis,Undersea Ruins,138/147,Reverse Holo,8,22,14,3,52,https://www.pikawiz.com/cards/pop-report/aquapolis,2026-09-30
Aquapolis,Exeggcute,76/147,Reverse Holo,6,18,14,8,49,https://www.pikawiz.com/cards/pop-report/aquapolis,2026-09-30
Aquapolis,Weakness Guard,141/147,Reverse Holo,5,19,14,5,48,https://www.pikawiz.com/cards/pop-report/aquapolis,2026-09-30
Aquapolis,Goldeen,78/147,Reverse Holo,5,16,17,7,48,https://www.pikawiz.com/cards/pop-report/aquapolis,2026-09-30
Aquapolis,Energy Switch,120/147,Reverse Holo,0,11,21,10,46,https://www.pikawiz.com/cards/pop-report/aquapolis,2026-09-30
Aquapolis,Power Plant,139/147,Reverse Holo,7,23,11,2,46,https://www.pikawiz.com/cards/pop-report/aquapolis,2026-09-30
Aquapolis,Traveling Salesman,137/147,Reverse Holo,4,18,13,6,45,https://www.pikawiz.com/cards/pop-report/aquapolis,2026-09-30
Aquapolis,Juggler,126/147,Reverse Holo,8,15,9,6,44,https://www.pikawiz.com/cards/pop-report/aquapolis,2026-09-30
Aquapolis,Super Energy Removal 2,134/147,Reverse Holo,2,24,11,2,44,https://www.pikawiz.com/cards/pop-report/aquapolis,2026-09-30
Aquapolis,Healing Berry,125/147,Reverse Holo,2,20,15,3,42,https://www.pikawiz.com/cards/pop-report/aquapolis,2026-09-30
Aquapolis,Time Shard,135/147,Reverse Holo,5,18,14,3,42,https://www.pikawiz.com/cards/pop-report/aquapolis,2026-09-30
Aquapolis,Memory Berry,128/147,Reverse Holo,4,18,9,2,37,https://www.pikawiz.com/cards/pop-report/aquapolis,2026-09-30
Aquapolis,Espeon,11/147,Reverse Holo,1,2,1,1,5,https://www.pikawiz.com/cards/pop-report/aquapolis,2026-09-30
Skyridge,Charizard,146/144,Holo,249,339,167,114,1495,https://www.pikawiz.com/cards/pop-report/skyridge,2026-09-30
Skyridge,Umbreon,H30/144,Holo,129,390,285,179,1379,https://www.pikawiz.com/cards/pop-report/skyridge,2026-09-30
Skyridge,Charizard,146/144,Reverse Holo,129,303,174,158,1350,https://www.pikawiz.com/cards/pop-report/skyridge,2026-09-30
Skyridge,Gengar,H9/144,Holo,99,335,273,183,1346,https://www.pikawiz.com/cards/pop-report/skyridge,2026-09-30
Skyridge,Kabutops,150/144,Holo,221,398,180,118,1281,https://www.pikawiz.com/cards/pop-report/skyridge,2026-09-30
Skyridge,Golem,148/144,Holo,257,376,189,123,1259,https://www.pikawiz.com/cards/pop-report/skyridge,2026-09-30
Skyridge,Ho-oh,149/144,Holo,106,314,207,128,1200,https://www.pikawiz.com/cards/pop-report/skyridge,2026-09-30
Skyridge,Gyarados,H10/144,Holo,133,334,207,119,1073,https://www.pikawiz.com/cards/pop-report/skyridge,2026-09-30
Skyridge,Celebi,145/144,Holo,217,262,154,83,1032,https://www.pikawiz.com/cards/pop-report/skyridge,2026-09-30
Skyridge,Vaporeon,H31/144,Holo,113,324,176,134,975,https://www.pikawiz.com/cards/pop-report/skyridge,2026-09-30
Skyridge,Houndoom,H11/144,Holo,75,301,217,143,954,https://www.pikawiz.com/cards/pop-report/skyridge,2026-09-30
Skyridge,Crobat,147/144,Holo,101,269,142,110,924,https://www.pikawiz.com/cards/pop-report/skyridge,2026-09-30
Skyridge,Flareon,H7/144,Holo,99,312,178,138,905,https://www.pikawiz.com/cards/pop-report/skyridge,2026-09-30
Skyridge,Alakazam,H1/144,Holo,154,265,165,104,856,https://www.pikawiz.com/cards/pop-report/skyridge,2026-09-30
Skyridge,Celebi,145/144,Reverse Holo,87,213,174,112,856,https://www.pikawiz.com/cards/pop-report/skyridge,2026-09-30
Skyridge,Articuno,H3/144,Holo,149,268,162,91,827,https://www.pikawiz.com/cards/pop-report/skyridge,2026-09-30
Skyridge,Raikou,H26/144,Holo,156,304,131,69,806,https://www.pikawiz.com/cards/pop-report/skyridge,2026-09-30
Skyridge,Moltres,H20/144,Holo,114,285,167,93,795,https://www.pikawiz.com/cards/pop-report/skyridge,2026-09-30
Skyridge,Ho-oh,149/144,Reverse Holo,65,246,139,96,774,https://www.pikawiz.com/cards/pop-report/skyridge,2026-09-30
Skyridge,Arcanine,H2/144,Holo,134,258,149,92,761,https://www.pikawiz.com/cards/pop-report/skyridge,2026-09-30
Skyridge,Jolteon,H12/144,Holo,169,285,121,67,736,https://www.pikawiz.com/cards/pop-report/skyridge,2026-09-30
Skyridge,Starmie,H28/144,Holo,133,277,131,75,699,https://www.pikawiz.com/cards/pop-report/skyridge,2026-09-30
Skyridge,Poliwrath,H24/144,Holo,135,260,139,59,695,https://www.pikawiz.com/cards/pop-report/skyridge,2026-09-30
Skyridge,Kabutops,150/144,Reverse Holo,53,215,167,84,675,https://www.pikawiz.com/cards/pop-report/skyridge,2026-09-30
Skyridge,Machamp,H15/144,Holo,183,243,105,50,666,https://www.pikawiz.com/cards/pop-report/skyridge,2026-09-30
Skyridge,Nidoqueen,H21/144,Holo,161,257,108,65,663,https://www.pikawiz.com/cards/pop-report/skyridge,2026-09-30
Skyridge,Raichu,H25/144,Holo,132,238,138,64,661,https://www.pikawiz.com/cards/pop-report/skyridge,2026-09-30
Skyridge,Kabutops,H13/144,Holo,173,239,130,55,658,https://www.pikawiz.com/cards/pop-report/skyridge,2026-09-30
Skyridge,Golem,148/144,Reverse Holo,55,215,159,74,653,https://www.pikawiz.com/cards/pop-report/skyridge,2026-09-30
Skyridge,Crobat,147/144,Reverse Holo,64,221,156,73,653,https://www.pikawiz.com/cards/pop-report/skyridge,2026-09-30
Skyridge,Rhydon,H27/144,Holo,181,224,112,50,635,https://www.pikawiz.com/cards/pop-report/skyridge,2026-09-30
Skyridge,Xatu,H32/144,Holo,105,254,139,58,605,https://www.pikawiz.com/cards/pop-report/skyridge,2026-09-30
Skyridge,Crobat,H5/144,Holo,132,246,110,53,604,https://www.pikawiz.com/cards/pop-report/skyridge,2026-09-30
Skyridge,Steelix,H29/144,Holo,156,239,110,40,601,https://www.pikawiz.com/cards/pop-report/skyridge,2026-09-30
Skyridge,Magneton,H18/144,Holo,83,227,143,61,600,https://www.pikawiz.com/cards/pop-report/skyridge,2026-09-30
Skyridge,Politoed,H23/144,Holo,154,225,100,44,600,https://www.pikawiz.com/cards/pop-report/skyridge,2026-09-30
Skyridge,Dewgong,H6/144,Holo,96,238,118,65,599,https://www.pikawiz.com/cards/pop-report/skyridge,2026-09-30
Skyridge,Beedrill,H4/144,Holo,112,242,125,60,594,https://www.pikawiz.com/cards/pop-report/skyridge,2026-09-30
Skyridge,Ledian,H14/144,Holo,137,235,100,40,581,https://www.pikawiz.com/cards/pop-report/skyridge,2026-09-30
Skyridge,Magcargo,H17/144,Holo,99,225,114,56,569,https://www.pikawiz.com/cards/pop-report/skyridge,2026-09-30
Skyridge,Magneton,H19/144,Holo,91,206,119,78,556,https://www.pikawiz.com/cards/pop-report/skyridge,2026-09-30
Skyridge,Forretress,H8/144,Holo,73,222,118,67,538,https://www.pikawiz.com/cards/pop-report/skyridge,2026-09-30
Skyridge,Piloswine,H22/144,Holo,134,205,95,49,535,https://www.pikawiz.com/cards/pop-report/skyridge,2026-09-30
Skyridge,Umbreon,32/144,Reverse Holo,48,131,125,107,535,https://www.pikawiz.com/cards/pop-report/skyridge,2026-09-30
Skyridge,Magcargo,H16/144,Holo,94,241,93,54,527,https://www.pikawiz.com/cards/pop-report/skyridge,2026-09-30
Skyridge,Gengar,10/144,Reverse Holo,74,169,107,51,505,https://www.pikawiz.com/cards/pop-report/skyridge,2026-09-30
Skyridge,Gyarados,11/144,Reverse Holo,64,133,113,66,462,https://www.pikawiz.com/cards/pop-report/skyridge,2026-09-30
Skyridge,Vaporeon,33/144,Reverse Holo,35,114,89,47,338,https://www.pikawiz.com/cards/pop-report/skyridge,2026-09-30
Skyridge,Flareon,8/144,Reverse Holo,88,135,56,29,332,https://www.pikawiz.com/cards/pop-report/skyridge,2026-09-30
Skyridge,Moltres,21/144,Reverse Holo,67,125,80,25,329,https://www.pikawiz.com/cards/pop-report/skyridge,2026-09-30
Skyridge,Alakazam,2/144,Reverse Holo,45,119,72,44,327,https://www.pikawiz.com/cards/pop-report/skyridge,2026-09-30
Skyridge,Pikachu,84/144,Reverse Holo,43,137,74,26,319,https://www.pikawiz.com/cards/pop-report/skyridge,2026-09-30
Skyridge,Snorlax,100/144,Reverse Holo,16,124,81,45,318,https://www.pikawiz.com/cards/pop-report/skyridge,2026-09-30
Skyridge,Articuno,4/144,Reverse Holo,26,91,83,34,296,https://www.pikawiz.com/cards/pop-report/skyridge,2026-09-30
Skyridge,Arcanine,3/144,Reverse Holo,69,124,50,23,287,https://www.pikawiz.com/cards/pop-report/skyridge,2026-09-30
Skyridge,Raikou,28/144,Reverse Holo,48,111,63,27,278,https://www.pikawiz.com/cards/pop-report/skyridge,2026-09-30
Skyridge,Houndoom,12/144,Reverse Holo,70,103,52,27,275,https://www.pikawiz.com/cards/pop-report/skyridge,2026-09-30
Skyridge,Jolteon,13/144,Reverse Holo,51,115,58,12,261,https://www.pikawiz.com/cards/pop-report/skyridge,2026-09-30
Skyridge,Raichu,27/144,Reverse Holo,64,107,37,18,246,https://www.pikawiz.com/cards/pop-report/skyridge,2026-09-30
Skyridge,Machamp,16/144,Reverse Holo,57,92,37,8,219,https://www.pikawiz.com/cards/pop-report/skyridge,2026-09-30
Skyridge,Aerodactyl,1/144,Reverse Holo,41,86,42,22,214,https://www.pikawiz.com/cards/pop-report/skyridge,2026-09-30
Skyridge,Magikarp,75/144,Reverse Holo,48,82,45,18,209,https://www.pikawiz.com/cards/pop-report/skyridge,2026-09-30
Skyridge,Kabutops,14/144,Reverse Holo,67,90,25,12,207,https://www.pikawiz.com/cards/pop-report/skyridge,2026-09-30
Skyridge,Nidoqueen,22/144,Reverse Holo,59,85,40,11,205,https://www.pikawiz.com/cards/pop-report/skyridge,2026-09-30
Skyridge,Politoed,25/144,Reverse Holo,31,95,37,17,203,https://www.pikawiz.com/cards/pop-report/skyridge,2026-09-30
Skyridge,Eevee,54/144,Reverse Holo,17,67,58,35,199,https://www.pikawiz.com/cards/pop-report/skyridge,2026-09-30
Skyridge,Steelix,31/144,Reverse Holo,43,76,48,11,199,https://www.pikawiz.com/cards/pop-report/skyridge,2026-09-30
Skyridge,Magneton,20/144,Reverse Holo,55,96,25,11,196,https://www.pikawiz.com/cards/pop-report/skyridge,2026-09-30
Skyridge,Poliwrath,26/144,Reverse Holo,55,82,33,9,190,https://www.pikawiz.com/cards/pop-report/skyridge,2026-09-30
Skyridge,Beedrill,5/144,Reverse Holo,84,65,27,3,185,https://www.pikawiz.com/cards/pop-report/skyridge,2026-09-30
Skyridge,Dewgong,7/144,Reverse Holo,32,80,40,16,179,https://www.pikawiz.com/cards/pop-report/skyridge,2026-09-30
Skyridge,Starmie,30/144,Reverse Holo,15,69,57,22,177,https://www.pikawiz.com/cards/pop-report/skyridge,2026-09-30
Skyridge,Crobat,6/144,Reverse Holo,13,86,43,17,171,https://www.pikawiz.com/cards/pop-report/skyridge,2026-09-30
Skyridge,Magcargo,18/144,Reverse Holo,42,78,24,13,170,https://www.pikawiz.com/cards/pop-report/skyridge,2026-09-30
Skyridge,Rhydon,29/144,Reverse Holo,31,94,26,4,168,https://www.pikawiz.com/cards/pop-report/skyridge,2026-09-30
Skyridge,Kadabra,69/144,Reverse Holo,29,72,32,17,167,https://www.pikawiz.com/cards/pop-report/skyridge,2026-09-30
Skyridge,Haunter,63/144,Reverse Holo,13,74,47,16,166,https://www.pikawiz.com/cards/pop-report/skyridge,2026-09-30
Skyridge,Lapras,71/144,Reverse Holo,25,62,31,24,165,https://www.pikawiz.com/cards/pop-report/skyridge,2026-09-30
Skyridge,Xatu,35/144,Reverse Holo,30,79,29,16,163,https://www.pikawiz.com/cards/pop-report/skyridge,2026-09-30
Skyridge,Omastar,23/144,Reverse Holo,20,78,35,17,162,https://www.pikawiz.com/cards/pop-report/skyridge,2026-09-30
Skyridge,Magcargo,17/144,Reverse Holo,68,70,12,1,159,https://www.pikawiz.com/cards/pop-report/skyridge,2026-09-30
Skyridge,Magneton,19/144,Reverse Holo,29,74,36,9,159,https://www.pikawiz.com/cards/pop-report/skyridge,2026-09-30
Skyridge,Wigglytuff,34/144,Reverse Holo,29,66,34,15,156,https://www.pikawiz.com/cards/pop-report/skyridge,2026-09-30
Skyridge,Forretress,9/144,Reverse Holo,17,65,32,25,151,https://www.pikawiz.com/cards/pop-report/skyridge,2026-09-30
Skyridge,Ditto,51/144,Reverse Holo,14,62,43,17,149,https://www.pikawiz.com/cards/pop-report/skyridge,2026-09-30
Skyridge,Ledian,15/144,Reverse Holo,31,85,27,4,148,https://www.pikawiz.com/cards/pop-report/skyridge,2026-09-30
Skyridge,Growlithe,62/144,Reverse Holo,41,58,34,14,148,https://www.pikawiz.com/cards/pop-report/skyridge,2026-09-30
Skyridge,Meowth,78/144,Reverse Holo,1,47,58,24,145,https://www.pikawiz.com/cards/pop-report/skyridge,2026-09-30
Skyridge,Teddiursa,109/144,Reverse Holo,4,67,51,12,145,https://www.pikawiz.com/cards/pop-report/skyridge,2026-09-30
Skyridge,Poliwhirl,88/144,Reverse Holo,10,70,37,14,141,https://www.pikawiz.com/cards/pop-report/skyridge,2026-09-30
Skyridge,Abra,46/144,Reverse Holo,10,73,34,12,139,https://www.pikawiz.com/cards/pop-report/skyridge,2026-09-30
Skyridge,Piloswine,24/144,Reverse Holo,18,63,37,10,138,https://www.pikawiz.com/cards/pop-report/skyridge,2026-09-30
Skyridge,Gastly,57/144,Reverse Holo,33,64,24,13,138,https://www.pikawiz.com/cards/pop-report/skyridge,2026-09-30
Skyridge,Houndour,66/144,Reverse Holo,31,61,28,8,136,https://www.pikawiz.com/cards/pop-report/skyridge,2026-09-30
Skyridge,Ursaring,110/144,Reverse Holo,13,61,43,11,134,https://www.pikawiz.com/cards/pop-report/skyridge,2026-09-30
Skyridge,Golbat,60/144,Reverse Holo,27,63,29,8,132,https://www.pikawiz.com/cards/pop-report/skyridge,2026-09-30
Skyridge,Heracross,64/144,Reverse Holo,24,51,44,7,132,https://www.pikawiz.com/cards/pop-report/skyridge,2026-09-30
Skyridge,Seel,94/144,Reverse Holo,3,43,57,21,131,https://www.pikawiz.com/cards/pop-report/skyridge,2026-09-30
Skyridge,Machoke,38/144,Reverse Holo,16,61,32,13,131,https://www.pikawiz.com/cards/pop-report/skyridge,2026-09-30
Skyridge,Oracle,138/144,Reverse Holo,10,65,31,15,130,https://www.pikawiz.com/cards/pop-report/skyridge,2026-09-30
Skyridge,Poliwag,87/144,Reverse Holo,2,68,39,10,127,https://www.pikawiz.com/cards/pop-report/skyridge,2026-09-30
Skyridge,Electrode,36/144,Reverse Holo,13,54,44,11,127,https://www.pikawiz.com/cards/pop-report/skyridge,2026-09-30
Skyridge,Cleffa,48/144,Reverse Holo,13,62,35,9,127,https://www.pikawiz.com/cards/pop-report/skyridge,2026-09-30
Skyridge,Magnemite,76/144,Reverse Holo,26,63,24,6,126,https://www.pikawiz.com/cards/pop-report/skyridge,2026-09-30
Skyridge,Farfetch'd,55/144,Reverse Holo,12,41,49,13,126,https://www.pikawiz.com/cards/pop-report/skyridge,2026-09-30
Skyridge,Igglybuff,67/144,Reverse Holo,5,47,49,15,126,https://www.pikawiz.com/cards/pop-report/skyridge,2026-09-30
Skyridge,Sandshrew,92/144,Reverse Holo,35,64,15,5,123,https://www.pikawiz.com/cards/pop-report/skyridge,2026-09-30
Skyridge,Skarmory,97/144,Reverse Holo,29,49,29,8,123,https://www.pikawiz.com/cards/pop-report/skyridge,2026-09-30
Skyridge,Venomoth,111/144,Reverse Holo,25,69,22,4,122,https://www.pikawiz.com/cards/pop-report/skyridge,2026-09-30
Skyridge,Misdreavus,39/144,Reverse Holo,18,61,27,12,122,https://www.pikawiz.com/cards/pop-report/skyridge,2026-09-30
Skyridge,Jigglypuff,68/144,Reverse Holo,7,50,48,10,121,https://www.pikawiz.com/cards/pop-report/skyridge,2026-09-30
Skyridge,Sandslash,93/144,Reverse Holo,29,56,25,7,121,https://www.pikawiz.com/cards/pop-report/skyridge,2026-09-30
Skyridge,Shuckle,96/144,Reverse Holo,22,61,23,10,121,https://www.pikawiz.com/cards/pop-report/skyridge,2026-09-30
Skyridge,Weedle,115/144,Reverse Holo,19,53,31,10,120,https://www.pikawiz.com/cards/pop-report/skyridge,2026-09-30
Skyridge,Slugma,98/144,Reverse Holo,31,59,21,5,119,https://www.pikawiz.com/cards/pop-report/skyridge,2026-09-30
Skyridge,Dugtrio,52/144,Reverse Holo,45,47,20,3,118,https://www.pikawiz.com/cards/pop-report/skyridge,2026-09-30
Skyridge,Staryu,103/144,Reverse Holo,7,72,25,7,118,https://www.pikawiz.com/cards/pop-report/skyridge,2026-09-30
Skyridge,Persian,42/144,Reverse Holo,8,46,41,12,117,https://www.pikawiz.com/cards/pop-report/skyridge,2026-09-30
Skyridge,Noctowl,40/144,Reverse Holo,10,45,42,12,117,https://www.pikawiz.com/cards/pop-report/skyridge,2026-09-30
Skyridge,Nidoran♀,81/144,Reverse Holo,36,53,22,2,117,https://www.pikawiz.com/cards/pop-report/skyridge,2026-09-30
Skyridge,Nidorina,83/144,Reverse Holo,5,63,30,11,116,https://www.pikawiz.com/cards/pop-report/skyridge,2026-09-30
Skyridge,Machop,74/144,Reverse Holo,14,60,27,7,115,https://www.pikawiz.com/cards/pop-report/skyridge,2026-09-30
Skyridge,Rhyhorn,91/144,Reverse Holo,20,60,23,8,115,https://www.pikawiz.com/cards/pop-report/skyridge,2026-09-30
Skyridge,Wobbuffet,45/144,Reverse Holo,13,58,22,12,114,https://www.pikawiz.com/cards/pop-report/skyridge,2026-09-30
Skyridge,Gligar,59/144,Reverse Holo,24,61,18,7,114,https://www.pikawiz.com/cards/pop-report/skyridge,2026-09-30
Skyridge,Forretress,56/144,Reverse Holo,42,48,14,4,114,https://www.pikawiz.com/cards/pop-report/skyridge,2026-09-30
Skyridge,Pineco,86/144,Reverse Holo,5,57,39,7,114,https://www.pikawiz.com/cards/pop-report/skyridge,2026-09-30
Skyridge,Staryu,104/144,Reverse Holo,11,58,33,5,113,https://www.pikawiz.com/cards/pop-report/skyridge,2026-09-30
Skyridge,Natu,80/144,Reverse Holo,21,61,21,3,111,https://www.pikawiz.com/cards/pop-report/skyridge,2026-09-30
Skyridge,Piloswine,43/144,Reverse Holo,16,58,23,9,110,https://www.pikawiz.com/cards/pop-report/skyridge,2026-09-30
Skyridge,Mantine,77/144,Reverse Holo,26,57,20,3,109,https://www.pikawiz.com/cards/pop-report/skyridge,2026-09-30
Skyridge,Delibird,49/144,Reverse Holo,16,42,32,8,108,https://www.pikawiz.com/cards/pop-report/skyridge,2026-09-30
Skyridge,Voltorb,113/144,Reverse Holo,6,53,33,10,107,https://www.pikawiz.com/cards/pop-report/skyridge,2026-09-30
Skyridge,Snubbull,101/144,Reverse Holo,3,29,57,10,107,https://www.pikawiz.com/cards/pop-report/skyridge,2026-09-30
Skyridge,Kabuto,37/144,Reverse Holo,12,46,31,10,107,https://www.pikawiz.com/cards/pop-report/skyridge,2026-09-30
Skyridge,Seel,95/144,Reverse Holo,12,58,28,5,107,https://www.pikawiz.com/cards/pop-report/skyridge,2026-09-30
Skyridge,Fisherman,125/144,Reverse Holo,22,49,14,7,106,https://www.pikawiz.com/cards/pop-report/skyridge,2026-09-30
Skyridge,Dunsparce,53/144,Reverse Holo,6,55,33,8,106,https://www.pikawiz.com/cards/pop-report/skyridge,2026-09-30
Skyridge,Cyclone Energy,143/144,Reverse Holo,1,37,42,11,106,https://www.pikawiz.com/cards/pop-report/skyridge,2026-09-30
Skyridge,Zubat,118/144,Reverse Holo,24,58,14,7,105,https://www.pikawiz.com/cards/pop-report/skyridge,2026-09-30
Skyridge,Yanma,116/144,Reverse Holo,17,48,25,5,105,https://www.pikawiz.com/cards/pop-report/skyridge,2026-09-30
Skyridge,Swinub,107/144,Reverse Holo,14,44,32,9,105,https://www.pikawiz.com/cards/pop-report/skyridge,2026-09-30
Skyridge,Omanyte,41/144,Reverse Holo,14,59,24,3,104,https://www.pikawiz.com/cards/pop-report/skyridge,2026-09-30
Skyridge,Girafarig,58/144,Reverse Holo,7,38,41,12,104,https://www.pikawiz.com/cards/pop-report/skyridge,2026-09-30
Skyridge,Zubat,117/144,Reverse Holo,16,61,18,4,103,https://www.pikawiz.com/cards/pop-report/skyridge,2026-09-30
Skyridge,Starmie,44/144,Reverse Holo,12,38,35,9,103,https://www.pikawiz.com/cards/pop-report/skyridge,2026-09-30
Skyridge,Apricorn Maker,121/144,Reverse Holo,15,54,21,6,102,https://www.pikawiz.com/cards/pop-report/skyridge,2026-09-30
Skyridge,Kakuna,70/144,Reverse Holo,42,36,20,2,101,https://www.pikawiz.com/cards/pop-report/skyridge,2026-09-30
Skyridge,Sunflora,105/144,Reverse Holo,19,56,22,1,100,https://www.pikawiz.com/cards/pop-report/skyridge,2026-09-30
Skyridge,Sunkern,106/144,Reverse Holo,24,60,12,2,100,https://www.pikawiz.com/cards/pop-report/skyridge,2026-09-30
Skyridge,Swinub,108/144,Reverse Holo,6,75,13,4,100,https://www.pikawiz.com/cards/pop-report/skyridge,2026-09-30
Skyridge,Nidoran♀,82/144,Reverse Holo,17,55,20,3,99,https://www.pikawiz.com/cards/pop-report/skyridge,2026-09-30
Skyridge,Raticate,89/144,Reverse Holo,6,41,40,6,99,https://www.pikawiz.com/cards/pop-report/skyridge,2026-09-30
Skyridge,Venonat,112/144,Reverse Holo,20,48,19,4,98,https://www.pikawiz.com/cards/pop-report/skyridge,2026-09-30
Skyridge,Murkrow,79/144,Reverse Holo,26,46,19,4,98,https://www.pikawiz.com/cards/pop-report/skyridge,2026-09-30
Skyridge,Rattata,90/144,Reverse Holo,11,49,26,4,97,https://www.pikawiz.com/cards/pop-report/skyridge,2026-09-30
Skyridge,Crystal Shard,122/144,Reverse Holo,7,53,26,8,97,https://www.pikawiz.com/cards/pop-report/skyridge,2026-09-30
Skyridge,Hoothoot,65/144,Reverse Holo,6,46,31,9,97,https://www.pikawiz.com/cards/pop-report/skyridge,2026-09-30
Skyridge,Desert Shaman,123/144,Reverse Holo,13,38,33,7,95,https://www.pikawiz.com/cards/pop-report/skyridge,2026-09-30
Skyridge,Diglett,50/144,Reverse Holo,15,46,19,8,93,https://www.pikawiz.com/cards/pop-report/skyridge,2026-09-30
Skyridge,Pineco,85/144,Reverse Holo,26,42,12,9,92,https://www.pikawiz.com/cards/pop-report/skyridge,2026-09-30
Skyridge,Hyper Potion,127/144,Reverse Holo,12,52,19,4,92,https://www.pikawiz.com/cards/pop-report/skyridge,2026-09-30
Skyridge,Weedle,114/144,Reverse Holo,15,57,15,2,92,https://www.pikawiz.com/cards/pop-report/skyridge,2026-09-30
Skyridge,Granbull,61/144,Reverse Holo,23,35,28,2,91,https://www.pikawiz.com/cards/pop-report/skyridge,2026-09-30
Skyridge,Slugma,99/144,Reverse Holo,23,49,15,3,91,https://www.pikawiz.com/cards/pop-report/skyridge,2026-09-30
Skyridge,Lure Ball,128/144,Reverse Holo,5,47,33,5,91,https://www.pikawiz.com/cards/pop-report/skyridge,2026-09-30
Skyridge,Relic Hunter,120/144,Reverse Holo,14,47,17,6,90,https://www.pikawiz.com/cards/pop-report/skyridge,2026-09-30
Skyridge,Star Piece,139/144,Reverse Holo,11,45,24,5,90,https://www.pikawiz.com/cards/pop-report/skyridge,2026-09-30
Skyridge,Retro Energy,144/144,Reverse Holo,13,44,17,4,90,https://www.pikawiz.com/cards/pop-report/skyridge,2026-09-30
Skyridge,Fast Ball,124/144,Reverse Holo,7,43,29,10,90,https://www.pikawiz.com/cards/pop-report/skyridge,2026-09-30
Skyridge,Stantler,102/144,Reverse Holo,9,42,31,3,89,https://www.pikawiz.com/cards/pop-report/skyridge,2026-09-30
Skyridge,Friend Ball,126/144,Reverse Holo,6,45,27,10,89,https://www.pikawiz.com/cards/pop-report/skyridge,2026-09-30
Skyridge,Ledyba,73/144,Reverse Holo,18,45,18,3,87,https://www.pikawiz.com/cards/pop-report/skyridge,2026-09-30
Skyridge,Mystery Zone,137/144,Reverse Holo,9,48,20,7,87,https://www.pikawiz.com/cards/pop-report/skyridge,2026-09-30
Skyridge,Bounce Energy,142/144,Reverse Holo,4,44,25,4,87,https://www.pikawiz.com/cards/pop-report/skyridge,2026-09-30
Skyridge,Buried Fossil,47/144,Reverse Holo,13,45,15,7,86,https://www.pikawiz.com/cards/pop-report/skyridge,2026-09-30
Skyridge,Mirage Stadium,132/144,Reverse Holo,9,48,19,5,86,https://www.pikawiz.com/cards/pop-report/skyridge,2026-09-30
Skyridge,Ledyba,72/144,Reverse Holo,20,34,25,3,85,https://www.pikawiz.com/cards/pop-report/skyridge,2026-09-30
Skyridge,Mystery Plate Beta,134/144,Reverse Holo,5,42,21,7,78,https://www.pikawiz.com/cards/pop-report/skyridge,2026-09-30
Skyridge,Mystery Plate Alpha,133/144,Reverse Holo,7,29,27,7,76,https://www.pikawiz.com/cards/pop-report/skyridge,2026-09-30
Skyridge,Underground Expedition,140/144,Reverse Holo,7,42,17,4,74,https://www.pikawiz.com/cards/pop-report/skyridge,2026-09-30
Skyridge,Miracle Sphere Gamma,131/144,Reverse Holo,6,38,22,3,72,https://www.pikawiz.com/cards/pop-report/skyridge,2026-09-30
Skyridge,Miracle Sphere Beta,130/144,Reverse Holo,9,38,15,2,66,https://www.pikawiz.com/cards/pop-report/skyridge,2026-09-30
Skyridge,Miracle Sphere Alpha,129/144,Reverse Holo,11,31,17,4,63,https://www.pikawiz.com/cards/pop-report/skyridge,2026-09-30
Skyridge,Mystery Plate Gamma,135/144,Reverse Holo,6,28,18,7,63,https://www.pikawiz.com/cards/pop-report/skyridge,2026-09-30
Skyridge,Underground Lake,141/144,Reverse Holo,6,26,21,5,62,https://www.pikawiz.com/cards/pop-report/skyridge,2026-09-30
Skyridge,Mystery Plate Delta,136/144,Reverse Holo,13,24,12,6,59,https://www.pikawiz.com/cards/pop-report/skyridge,2026-09-30
Skyridge,Ancient Ruins,119/144,Reverse Holo,17,25,7,4,57,https://www.pikawiz.com/cards/pop-report/skyridge,2026-09-30
Team Rocket Returns,Rocket's Snorlax ex,104/109,Holo,109,314,259,191,1361,https://www.pikawiz.com/cards/pop-report/exrocketreturns,2026-09-30
Team Rocket Returns,Dark Dragonite,15/109,Cosmos Holo Variant,21,161,264,303,1352,https://www.pikawiz.com/cards/pop-report/exrocketreturns,2026-09-30
Team Rocket Returns,Torchic Star,108/109,Gold Star Holo,19,232,245,188,1271,https://www.pikawiz.com/cards/pop-report/exrocketreturns,2026-09-30
Team Rocket Returns,Rocket's Mewtwo ex,99/109,Holo,84,302,238,198,1229,https://www.pikawiz.com/cards/pop-report/exrocketreturns,2026-09-30
Team Rocket Returns,Mudkip Star,107/109,Gold Star Holo,42,280,252,162,1171,https://www.pikawiz.com/cards/pop-report/exrocketreturns,2026-09-30
Team Rocket Returns,Treecko Star,109/109,Gold Star Holo,52,284,242,141,1143,https://www.pikawiz.com/cards/pop-report/exrocketreturns,2026-09-30
Team Rocket Returns,Rocket's Suicune ex,105/109,Holo,81,254,238,134,1020,https://www.pikawiz.com/cards/pop-report/exrocketreturns,2026-09-30
Team Rocket Returns,Rocket's Entei ex,97/109,Holo,87,284,210,124,940,https://www.pikawiz.com/cards/pop-report/exrocketreturns,2026-09-30
Team Rocket Returns,Rocket's Moltres ex,100/109,Holo,82,260,234,112,928,https://www.pikawiz.com/cards/pop-report/exrocketreturns,2026-09-30
Team Rocket Returns,Rocket's Scyther ex,102/109,Holo,54,264,250,142,919,https://www.pikawiz.com/cards/pop-report/exrocketreturns,2026-09-30
Team Rocket Returns,Rocket's Zapdos ex,106/109,Holo,79,250,223,131,918,https://www.pikawiz.com/cards/pop-report/exrocketreturns,2026-09-30
Team Rocket Returns,Rocket's Articuno ex,96/109,Holo,69,260,238,132,912,https://www.pikawiz.com/cards/pop-report/exrocketreturns,2026-09-30
Team Rocket Returns,Dark Dragonite,15/109,Reverse Holo,55,216,252,145,905,https://www.pikawiz.com/cards/pop-report/exrocketreturns,2026-09-30
Team Rocket Returns,Rocket's Scizor ex,101/109,Holo,86,250,205,112,856,https://www.pikawiz.com/cards/pop-report/exrocketreturns,2026-09-30
Team Rocket Returns,Rocket's Hitmonchan ex,98/109,Holo,57,225,196,138,813,https://www.pikawiz.com/cards/pop-report/exrocketreturns,2026-09-30
Team Rocket Returns,Charmeleon,110/109,Holo,21,253,309,121,793,https://www.pikawiz.com/cards/pop-report/exrocketreturns,2026-09-30
Team Rocket Returns,Dark Tyranitar,19/109,Reverse Holo,45,231,171,91,661,https://www.pikawiz.com/cards/pop-report/exrocketreturns,2026-09-30
Team Rocket Returns,Rocket's Sneasel ex,103/109,Holo,79,184,141,90,624,https://www.pikawiz.com/cards/pop-report/exrocketreturns,2026-09-30
Team Rocket Returns,Dark Tyranitar,20/109,Cosmos Holo Variant,22,95,144,117,555,https://www.pikawiz.com/cards/pop-report/exrocketreturns,2026-09-30
Team Rocket Returns,Dark Gyarados,36/109,Reverse Holo,60,181,145,78,552,https://www.pikawiz.com/cards/pop-report/exrocketreturns,2026-09-30
Team Rocket Returns,Dark Tyranitar,20/109,Reverse Holo,45,194,153,59,548,https://www.pikawiz.com/cards/pop-report/exrocketreturns,2026-09-30
Team Rocket Returns,Dark Houndoom,5/109,Holo,49,222,141,50,522,https://www.pikawiz.com/cards/pop-report/exrocketreturns,2026-09-30
Team Rocket Returns,Dark Slowking,9/109,Holo,67,177,119,40,447,https://www.pikawiz.com/cards/pop-report/exrocketreturns,2026-09-30
Team Rocket Returns,Magikarp,65/109,Reverse Holo,10,129,148,79,435,https://www.pikawiz.com/cards/pop-report/exrocketreturns,2026-09-30
Team Rocket Returns,Dark Houndoom,5/109,Reverse Holo,45,164,108,48,417,https://www.pikawiz.com/cards/pop-report/exrocketreturns,2026-09-30
Team Rocket Returns,Dark Hypno,6/109,Holo,45,183,115,39,413,https://www.pikawiz.com/cards/pop-report/exrocketreturns,2026-09-30
Team Rocket Returns,Dark Steelix,10/109,Holo,36,163,113,52,408,https://www.pikawiz.com/cards/pop-report/exrocketreturns,2026-09-30
Team Rocket Returns,Dark Houndoom,37/109,Reverse Holo,23,149,108,63,397,https://www.pikawiz.com/cards/pop-report/exrocketreturns,2026-09-30
Team Rocket Returns,Dark Ampharos,2/109,Holo,36,138,125,39,384,https://www.pikawiz.com/cards/pop-report/exrocketreturns,2026-09-30
Team Rocket Returns,Dark Slowking,9/109,Reverse Holo,11,173,86,37,363,https://www.pikawiz.com/cards/pop-report/exrocketreturns,2026-09-30
Team Rocket Returns,Here Comes Team Rocket!,111/109,Holo,24,141,97,52,362,https://www.pikawiz.com/cards/pop-report/exrocketreturns,2026-09-30
Team Rocket Returns,Togetic,14/109,Holo,21,117,121,51,362,https://www.pikawiz.com/cards/pop-report/exrocketreturns,2026-09-30
Team Rocket Returns,Dark Marowak,7/109,Holo,43,162,91,36,353,https://www.pikawiz.com/cards/pop-report/exrocketreturns,2026-09-30
Team Rocket Returns,Dark Crobat,3/109,Holo,46,145,87,41,346,https://www.pikawiz.com/cards/pop-report/exrocketreturns,2026-09-30
Team Rocket Returns,Dark Ampharos,2/109,Reverse Holo,18,124,93,49,336,https://www.pikawiz.com/cards/pop-report/exrocketreturns,2026-09-30
Team Rocket Returns,Dark Steelix,10/109,Reverse Holo,17,123,99,39,324,https://www.pikawiz.com/cards/pop-report/exrocketreturns,2026-09-30
Team Rocket Returns,Dark Octillery,8/109,Holo,55,139,77,26,319,https://www.pikawiz.com/cards/pop-report/exrocketreturns,2026-09-30
Team Rocket Returns,Dark Dragonair,32/109,Reverse Holo,39,130,90,32,316,https://www.pikawiz.com/cards/pop-report/exrocketreturns,2026-09-30
Team Rocket Returns,Dark Electrode,4/109,Holo,29,142,86,27,312,https://www.pikawiz.com/cards/pop-report/exrocketreturns,2026-09-30
Team Rocket Returns,Dark Dragonair,31/109,Reverse Holo,41,127,82,34,311,https://www.pikawiz.com/cards/pop-report/exrocketreturns,2026-09-30
Team Rocket Returns,Rocket's Meowth,46/109,Reverse Holo,23,134,94,19,307,https://www.pikawiz.com/cards/pop-report/exrocketreturns,2026-09-30
Team Rocket Returns,Dark Hypno,6/109,Reverse Holo,49,132,61,28,305,https://www.pikawiz.com/cards/pop-report/exrocketreturns,2026-09-30
Team Rocket Returns,Dark Crobat,3/109,Reverse Holo,35,127,74,32,295,https://www.pikawiz.com/cards/pop-report/exrocketreturns,2026-09-30
Team Rocket Returns,Cubone,51/109,Reverse Holo,39,127,71,26,294,https://www.pikawiz.com/cards/pop-report/exrocketreturns,2026-09-30
Team Rocket Returns,Dark Marowak,7/109,Reverse Holo,34,127,84,24,293,https://www.pikawiz.com/cards/pop-report/exrocketreturns,2026-09-30
Team Rocket Returns,Kingdra,12/109,Holo,19,115,95,31,276,https://www.pikawiz.com/cards/pop-report/exrocketreturns,2026-09-30
Team Rocket Returns,Azumarill,1/109,Holo,16,98,97,33,271,https://www.pikawiz.com/cards/pop-report/exrocketreturns,2026-09-30
Team Rocket Returns,Dark Sandslash,18/109,Reverse Holo,28,126,61,18,258,https://www.pikawiz.com/cards/pop-report/exrocketreturns,2026-09-30
Team Rocket Returns,Dark Electrode,4/109,Reverse Holo,39,109,64,23,255,https://www.pikawiz.com/cards/pop-report/exrocketreturns,2026-09-30
Team Rocket Returns,Dark Golduck,35/109,Reverse Holo,24,114,69,29,255,https://www.pikawiz.com/cards/pop-report/exrocketreturns,2026-09-30
Team Rocket Returns,Onix,69/109,Reverse Holo,32,114,66,17,249,https://www.pikawiz.com/cards/pop-report/exrocketreturns,2026-09-30
Team Rocket Returns,Togetic,14/109,Reverse Holo,7,63,82,36,240,https://www.pikawiz.com/cards/pop-report/exrocketreturns,2026-09-30
Team Rocket Returns,Dark Octillery,8/109,Reverse Holo,19,116,66,23,235,https://www.pikawiz.com/cards/pop-report/exrocketreturns,2026-09-30
Team Rocket Returns,Grimer,56/109,Reverse Holo,28,100,73,23,234,https://www.pikawiz.com/cards/pop-report/exrocketreturns,2026-09-30
Team Rocket Returns,Jumpluff,11/109,Holo,26,104,71,12,231,https://www.pikawiz.com/cards/pop-report/exrocketreturns,2026-09-30
Team Rocket Returns,Marill,68/109,Reverse Holo,23,120,53,12,224,https://www.pikawiz.com/cards/pop-report/exrocketreturns,2026-09-30
Team Rocket Returns,Azumarill,1/109,Reverse Holo,2,52,90,45,223,https://www.pikawiz.com/cards/pop-report/exrocketreturns,2026-09-30
Team Rocket Returns,Dark Muk,16/109,Reverse Holo,22,99,59,24,222,https://www.pikawiz.com/cards/pop-report/exrocketreturns,2026-09-30
Team Rocket Returns,Psyduck,70/109,Reverse Holo,4,80,75,30,222,https://www.pikawiz.com/cards/pop-report/exrocketreturns,2026-09-30
Team Rocket Returns,Mareep,67/109,Reverse Holo,42,112,51,7,218,https://www.pikawiz.com/cards/pop-report/exrocketreturns,2026-09-30
Team Rocket Returns,Rocket's Wobbuffet,47/109,Reverse Holo,6,99,73,13,211,https://www.pikawiz.com/cards/pop-report/exrocketreturns,2026-09-30
Team Rocket Returns,Magby,24/109,Reverse Holo,19,82,47,31,206,https://www.pikawiz.com/cards/pop-report/exrocketreturns,2026-09-30
Team Rocket Returns,Magnemite,66/109,Reverse Holo,25,114,48,10,206,https://www.pikawiz.com/cards/pop-report/exrocketreturns,2026-09-30
Team Rocket Returns,Koffing,61/109,Reverse Holo,12,87,67,25,205,https://www.pikawiz.com/cards/pop-report/exrocketreturns,2026-09-30
Team Rocket Returns,Drowzee,54/109,Reverse Holo,25,75,79,14,204,https://www.pikawiz.com/cards/pop-report/exrocketreturns,2026-09-30
Team Rocket Returns,Piloswine,13/109,Holo,28,94,53,16,203,https://www.pikawiz.com/cards/pop-report/exrocketreturns,2026-09-30
Team Rocket Returns,Zubat,82/109,Reverse Holo,29,90,55,13,201,https://www.pikawiz.com/cards/pop-report/exrocketreturns,2026-09-30
Team Rocket Returns,Dark Raticate,17/109,Reverse Holo,12,106,51,18,200,https://www.pikawiz.com/cards/pop-report/exrocketreturns,2026-09-30
Team Rocket Returns,Houndour,59/109,Reverse Holo,22,95,54,15,200,https://www.pikawiz.com/cards/pop-report/exrocketreturns,2026-09-30
Team Rocket Returns,Quagsire,26/109,Reverse Holo,1,87,84,18,200,https://www.pikawiz.com/cards/pop-report/exrocketreturns,2026-09-30
Team Rocket Returns,Togepi,50/109,Reverse Holo,5,86,59,23,198,https://www.pikawiz.com/cards/pop-report/exrocketreturns,2026-09-30
Team Rocket Returns,Dark Arbok,29/109,Reverse Holo,12,87,63,23,197,https://www.pikawiz.com/cards/pop-report/exrocketreturns,2026-09-30
Team Rocket Returns,Dark Magneton,39/109,Reverse Holo,17,83,59,15,194,https://www.pikawiz.com/cards/pop-report/exrocketreturns,2026-09-30
Team Rocket Returns,Ledyba,64/109,Reverse Holo,14,84,66,18,193,https://www.pikawiz.com/cards/pop-report/exrocketreturns,2026-09-30
Team Rocket Returns,Kingdra,12/109,Reverse Holo,4,85,58,24,191,https://www.pikawiz.com/cards/pop-report/exrocketreturns,2026-09-30
Team Rocket Returns,Houndour,60/109,Reverse Holo,30,96,43,12,190,https://www.pikawiz.com/cards/pop-report/exrocketreturns,2026-09-30
Team Rocket Returns,Rocket's Admin.,86/109,Reverse Holo,25,86,49,18,190,https://www.pikawiz.com/cards/pop-report/exrocketreturns,2026-09-30
Team Rocket Returns,Dark Weezing,42/109,Reverse Holo,13,105,45,16,187,https://www.pikawiz.com/cards/pop-report/exrocketreturns,2026-09-30
Team Rocket Returns,Sandshrew,74/109,Reverse Holo,7,86,78,11,187,https://www.pikawiz.com/cards/pop-report/exrocketreturns,2026-09-30
Team Rocket Returns,Misdreavus,25/109,Reverse Holo,33,97,35,13,184,https://www.pikawiz.com/cards/pop-report/exrocketreturns,2026-09-30
Team Rocket Returns,Dark Pupitar,40/109,Reverse Holo,16,104,43,10,183,https://www.pikawiz.com/cards/pop-report/exrocketreturns,2026-09-30
Team Rocket Returns,Horsea,58/109,Reverse Holo,8,63,78,17,182,https://www.pikawiz.com/cards/pop-report/exrocketreturns,2026-09-30
Team Rocket Returns,Dark Magcargo,38/109,Reverse Holo,38,72,47,10,179,https://www.pikawiz.com/cards/pop-report/exrocketreturns,2026-09-30
Team Rocket Returns,Dratini,53/109,Reverse Holo,9,79,52,21,177,https://www.pikawiz.com/cards/pop-report/exrocketreturns,2026-09-30
Team Rocket Returns,Dark Flaaffy,33/109,Reverse Holo,28,80,38,15,175,https://www.pikawiz.com/cards/pop-report/exrocketreturns,2026-09-30
Team Rocket Returns,R Energy,95/109,Reverse Holo,7,71,42,29,174,https://www.pikawiz.com/cards/pop-report/exrocketreturns,2026-09-30
Team Rocket Returns,Dratini,52/109,Reverse Holo,21,77,56,9,170,https://www.pikawiz.com/cards/pop-report/exrocketreturns,2026-09-30
Team Rocket Returns,Delibird,21/109,Reverse Holo,20,74,49,13,169,https://www.pikawiz.com/cards/pop-report/exrocketreturns,2026-09-30
Team Rocket Returns,Dark Golbat,34/109,Reverse Holo,30,74,37,13,168,https://www.pikawiz.com/cards/pop-report/exrocketreturns,2026-09-30
Team Rocket Returns,Yanma,28/109,Reverse Holo,20,87,39,14,165,https://www.pikawiz.com/cards/pop-report/exrocketreturns,2026-09-30
Team Rocket Returns,Dark Pupitar,41/109,Reverse Holo,11,81,45,15,163,https://www.pikawiz.com/cards/pop-report/exrocketreturns,2026-09-30
Team Rocket Returns,Dark Ariados,30/109,Reverse Holo,32,63,40,11,163,https://www.pikawiz.com/cards/pop-report/exrocketreturns,2026-09-30
Team Rocket Returns,Magmar,44/109,Reverse Holo,17,77,32,17,161,https://www.pikawiz.com/cards/pop-report/exrocketreturns,2026-09-30
Team Rocket Returns,Ekans,55/109,Reverse Holo,22,75,41,12,158,https://www.pikawiz.com/cards/pop-report/exrocketreturns,2026-09-30
Team Rocket Returns,Ledian,23/109,Reverse Holo,25,78,35,7,151,https://www.pikawiz.com/cards/pop-report/exrocketreturns,2026-09-30
Team Rocket Returns,Jumpluff,11/109,Reverse Holo,20,66,40,17,149,https://www.pikawiz.com/cards/pop-report/exrocketreturns,2026-09-30
Team Rocket Returns,Slowpoke,76/109,Reverse Holo,21,71,35,13,146,https://www.pikawiz.com/cards/pop-report/exrocketreturns,2026-09-30
Team Rocket Returns,Heracross,43/109,Reverse Holo,12,61,49,14,143,https://www.pikawiz.com/cards/pop-report/exrocketreturns,2026-09-30
Team Rocket Returns,Larvitar,63/109,Reverse Holo,5,58,46,16,141,https://www.pikawiz.com/cards/pop-report/exrocketreturns,2026-09-30
Team Rocket Returns,Larvitar,62/109,Reverse Holo,11,69,46,9,140,https://www.pikawiz.com/cards/pop-report/exrocketreturns,2026-09-30
Team Rocket Returns,Rocket's Mission,88/109,Reverse Holo,25,52,42,10,139,https://www.pikawiz.com/cards/pop-report/exrocketreturns,2026-09-30
Team Rocket Returns,Seadra,48/109,Reverse Holo,11,59,38,13,133,https://www.pikawiz.com/cards/pop-report/exrocketreturns,2026-09-30
Team Rocket Returns,Spinarak,78/109,Reverse Holo,8,91,24,7,133,https://www.pikawiz.com/cards/pop-report/exrocketreturns,2026-09-30
Team Rocket Returns,Rocket's Hideout,87/109,Reverse Holo,20,55,34,14,133,https://www.pikawiz.com/cards/pop-report/exrocketreturns,2026-09-30
Team Rocket Returns,Qwilfish,27/109,Reverse Holo,5,50,55,8,130,https://www.pikawiz.com/cards/pop-report/exrocketreturns,2026-09-30
Team Rocket Returns,Piloswine,13/109,Reverse Holo,12,60,38,13,129,https://www.pikawiz.com/cards/pop-report/exrocketreturns,2026-09-30
Team Rocket Returns,Rattata,71/109,Reverse Holo,4,69,43,7,127,https://www.pikawiz.com/cards/pop-report/exrocketreturns,2026-09-30
Team Rocket Returns,Mantine,45/109,Reverse Holo,6,70,35,9,124,https://www.pikawiz.com/cards/pop-report/exrocketreturns,2026-09-30
Team Rocket Returns,Surprise! Time Machine,91/109,Reverse Holo,23,51,31,6,124,https://www.pikawiz.com/cards/pop-report/exrocketreturns,2026-09-30
Team Rocket Returns,Voltorb,80/109,Reverse Holo,8,67,28,7,122,https://www.pikawiz.com/cards/pop-report/exrocketreturns,2026-09-30
Team Rocket Returns,Furret,22/109,Reverse Holo,9,47,44,14,119,https://www.pikawiz.com/cards/pop-report/exrocketreturns,2026-09-30
Team Rocket Returns,Rattata,72/109,Reverse Holo,9,64,38,7,118,https://www.pikawiz.com/cards/pop-report/exrocketreturns,2026-09-30
Team Rocket Returns,Venture Bomb,93/109,Reverse Holo,16,58,24,14,117,https://www.pikawiz.com/cards/pop-report/exrocketreturns,2026-09-30
Team Rocket Returns,Dark Metal Energy,94/109,Reverse Holo,17,47,32,12,117,https://www.pikawiz.com/cards/pop-report/exrocketreturns,2026-09-30
Team Rocket Returns,Slugma,77/109,Reverse Holo,5,62,36,10,115,https://www.pikawiz.com/cards/pop-report/exrocketreturns,2026-09-30
Team Rocket Returns,Hoppip,57/109,Reverse Holo,11,50,36,8,111,https://www.pikawiz.com/cards/pop-report/exrocketreturns,2026-09-30
Team Rocket Returns,Skiploom,49/109,Reverse Holo,11,50,38,8,111,https://www.pikawiz.com/cards/pop-report/exrocketreturns,2026-09-30
Team Rocket Returns,Rocket's Tricky Gym,90/109,Reverse Holo,17,51,24,6,107,https://www.pikawiz.com/cards/pop-report/exrocketreturns,2026-09-30
Team Rocket Returns,Sentret,75/109,Reverse Holo,13,55,24,6,104,https://www.pikawiz.com/cards/pop-report/exrocketreturns,2026-09-30
Team Rocket Returns,Wooper,81/109,Reverse Holo,8,47,32,12,104,https://www.pikawiz.com/cards/pop-report/exrocketreturns,2026-09-30
Team Rocket Returns,Pokemon Retriever,84/109,Reverse Holo,14,42,36,7,103,https://www.pikawiz.com/cards/pop-report/exrocketreturns,2026-09-30
Team Rocket Returns,Remoraid,73/109,Reverse Holo,5,42,33,14,103,https://www.pikawiz.com/cards/pop-report/exrocketreturns,2026-09-30
Team Rocket Returns,Swoop! Teleporter,92/109,Reverse Holo,10,45,33,6,103,https://www.pikawiz.com/cards/pop-report/exrocketreturns,2026-09-30
Team Rocket Returns,Pow! Hand Extension,85/109,Reverse Holo,17,45,27,8,101,https://www.pikawiz.com/cards/pop-report/exrocketreturns,2026-09-30
Team Rocket Returns,Copycat,83/109,Reverse Holo,2,7,19,33,98,https://www.pikawiz.com/cards/pop-report/exrocketreturns,2026-09-30
Team Rocket Returns,Swinub,79/109,Reverse Holo,22,43,21,4,96,https://www.pikawiz.com/cards/pop-report/exrocketreturns,2026-09-30
Team Rocket Returns,Rocket's Poke Ball,89/109,Reverse Holo,3,15,21,22,87,https://www.pikawiz.com/cards/pop-report/exrocketreturns,2026-09-30
