a,b,etype,nat,own_ratio,n_pairs,w_pairs,last_pair_ratio,nat_ratio
"('Neo Destiny|106|Shining Celebi|1st|EN', 8)","('Neo Destiny|106|Shining Celebi|1st|EN', 9)",grade9:8<-9,-0.5142253423559725,-0.5057217118478148,15,8.166305422193537,-0.6279189073863201,0.5979636323458716
"('Neo Destiny|106|Shining Celebi|1st|EN', 8)","('Neo Destiny|106|Shining Celebi|1st|EN', 10)",grade10:8<-10,-2.027153391111989,-1.9208408580630207,23,8.913340659924229,-2.4947623731629847,0.13170991463340198
"('Neo Destiny|106|Shining Celebi|1st|EN', 8)","('Neo Destiny|106|Shining Celebi|unl|EN', 8)",ed_unl:8<-8,0.7875740850418237,0.777709973978804,13,7.618048522596963,0.777709973978804,2.198057652230825
"('Neo Destiny|106|Shining Celebi|1st|EN', 9)","('Neo Destiny|106|Shining Celebi|1st|EN', 8)",grade8:9<-8,0.5853825951101069,0.5966020615422174,25,14.76742522502555,0.6962181194470727,1.795677871804957
"('Neo Destiny|106|Shining Celebi|1st|EN', 9)","('Neo Destiny|106|Shining Celebi|1st|EN', 10)",grade10:9<-10,-1.573681632933112,-1.516586341517602,25,14.76742522502555,-1.798544253715912,0.20728064459934523
"('Neo Destiny|106|Shining Celebi|1st|EN', 9)","('Neo Destiny|106|Shining Celebi|unl|EN', 9)",ed_unl:9<-9,0.7943413758015686,0.7705040876063594,25,14.76742522502555,0.842030730076285,2.212982992568721
"('Neo Destiny|106|Shining Celebi|1st|EN', 10)","('Neo Destiny|106|Shining Celebi|1st|EN', 8)",grade8:10<-8,2.037357379196584,1.9596095371842317,43,12.679279820895209,2.53262961368144,7.670312664852268
"('Neo Destiny|106|Shining Celebi|1st|EN', 10)","('Neo Destiny|106|Shining Celebi|1st|EN', 9)",grade9:10<-9,1.5462869586444257,1.4610477016464554,26,11.161383317822064,1.9018233788911498,4.694008736554128
"('Neo Destiny|106|Shining Celebi|1st|EN', 10)","('Neo Destiny|106|Shining Celebi|unl|EN', 10)",ed_unl:10<-10,0.9643023123013331,0.9977750516167276,51,12.924862518745021,1.4238140935650332,2.622957013097981
"('Neo Destiny|106|Shining Celebi|unl|EN', 8)","('Neo Destiny|106|Shining Celebi|1st|EN', 8)",ed_1st:8<-8,-0.7110238921663391,-0.6931352467350154,21,13.656886195653827,-0.777709973978804,0.49114106443949357
"('Neo Destiny|106|Shining Celebi|unl|EN', 8)","('Neo Destiny|106|Shining Celebi|unl|EN', 9)",grade9:8<-9,-0.5534937548990366,-0.5880706773714302,21,13.656886195653827,-0.6318973633495917,0.5749376062747485
"('Neo Destiny|106|Shining Celebi|unl|EN', 8)","('Neo Destiny|106|Shining Celebi|unl|EN', 10)",grade10:8<-10,-1.8912211854105263,-1.8300378472296233,21,13.656886195653827,-1.8672670217361995,0.15088743474786454
"('Neo Destiny|106|Shining Celebi|unl|EN', 9)","('Neo Destiny|106|Shining Celebi|1st|EN', 9)",ed_1st:9<-9,-0.8470887634549517,-0.8311329235338487,26,14.638157933093773,-0.43205850250266575,0.4286610509119454
"('Neo Destiny|106|Shining Celebi|unl|EN', 9)","('Neo Destiny|106|Shining Celebi|unl|EN', 8)",grade8:9<-8,0.48792871592971243,0.5055518682635771,26,14.638157933093773,0.6506595091113923,1.628938728451003
"('Neo Destiny|106|Shining Celebi|unl|EN', 9)","('Neo Destiny|106|Shining Celebi|unl|EN', 10)",grade10:9<-10,-1.2978356469576457,-1.2279023640567805,26,14.638157933093773,-1.140059478582284,0.27312228683742373
"('Neo Destiny|106|Shining Celebi|unl|EN', 10)","('Neo Destiny|106|Shining Celebi|1st|EN', 10)",ed_1st:10<-10,-0.9153167700556,-0.9318601125122079,53,12.939379046903875,-1.31819394841596,0.4003897745093553
"('Neo Destiny|106|Shining Celebi|unl|EN', 10)","('Neo Destiny|106|Shining Celebi|unl|EN', 8)",grade8:10<-8,1.8500897650078256,1.8297564789035397,14,8.929160745861282,1.9542783987258288,6.360390437474753
"('Neo Destiny|106|Shining Celebi|unl|EN', 10)","('Neo Destiny|106|Shining Celebi|unl|EN', 9)",grade9:10<-9,1.3054723794704028,1.2353696583866078,15,9.242326855517312,1.322381035376237,3.6894314938307353
"('Neo Destiny|107|Shining Charizard|1st|EN', 8)","('Neo Destiny|107|Shining Charizard|1st|EN', 9)",grade9:8<-9,-0.5370300022714649,-0.5368753414954028,11,6.654978765968647,-0.6912210547498869,0.5844815860843113
"('Neo Destiny|107|Shining Charizard|1st|EN', 8)","('Neo Destiny|107|Shining Charizard|1st|EN', 10)",grade10:8<-10,-1.8677073535405464,-1.6936233951094053,18,8.19109324632727,-2.256599979752222,0.15447741824697336
"('Neo Destiny|107|Shining Charizard|1st|EN', 8)","('Neo Destiny|107|Shining Charizard|unl|EN', 8)",ed_unl:8<-8,0.8819547589846686,0.9132090653367477,11,6.654978765968647,0.6279066586915452,2.4156170434057835
"('Neo Destiny|107|Shining Charizard|1st|EN', 9)","('Neo Destiny|107|Shining Charizard|1st|EN', 8)",grade8:9<-8,0.5632202513606954,0.5763585257030606,12,7.55012399404522,0.6874568640705228,1.7563191928022333
"('Neo Destiny|107|Shining Charizard|1st|EN', 9)","('Neo Destiny|107|Shining Charizard|1st|EN', 10)",grade10:9<-10,-1.449578307071401,-1.2885928152803583,12,7.55012399404522,-1.5691431156816993,0.23466922558470024
"('Neo Destiny|107|Shining Charizard|1st|EN', 9)","('Neo Destiny|107|Shining Charizard|unl|EN', 9)",ed_unl:9<-9,1.0335012952444111,1.0869243769878594,10,6.840945438030818,1.104895171405749,2.8108903824699394
"('Neo Destiny|107|Shining Charizard|1st|EN', 10)","('Neo Destiny|107|Shining Charizard|1st|EN', 8)",grade8:10<-8,1.9266039932295849,1.8505003223805403,39,17.31909627409139,2.256599979752222,6.866153101107518
"('Neo Destiny|107|Shining Charizard|1st|EN', 10)","('Neo Destiny|107|Shining Charizard|1st|EN', 9)",grade9:10<-9,1.3825346520453665,1.2845715606842703,24,14.726412987113891,1.565378925002335,3.984989399129805
"('Neo Destiny|107|Shining Charizard|1st|EN', 10)","('Neo Destiny|107|Shining Charizard|unl|EN', 10)",ed_unl:10<-10,0.9134027786851597,0.9287630533213349,55,18.2244106670769,1.1692872463380457,2.492790532340814
"('Neo Destiny|107|Shining Charizard|unl|EN', 8)","('Neo Destiny|107|Shining Charizard|1st|EN', 8)",ed_1st:8<-8,-0.8045539021729929,-0.8067440240794692,23,16.56840884640736,-0.6053189859615227,0.4472874160044714
"('Neo Destiny|107|Shining Charizard|unl|EN', 8)","('Neo Destiny|107|Shining Charizard|unl|EN', 9)",grade9:8<-9,-0.40554137566890663,-0.4072528229040575,23,16.56840884640736,-0.2826790711165419,0.6666158235650361
"('Neo Destiny|107|Shining Charizard|unl|EN', 8)","('Neo Destiny|107|Shining Charizard|unl|EN', 10)",grade10:8<-10,-1.8391593005841205,-1.7793008343741281,23,16.56840884640736,-1.5812983786432184,0.1589509999641449
"('Neo Destiny|107|Shining Charizard|unl|EN', 9)","('Neo Destiny|107|Shining Charizard|1st|EN', 9)",ed_1st:9<-9,-1.0336282286418688,-1.0527940068550858,25,17.012316808280424,-1.0817486715805629,0.3557140046776399
"('Neo Destiny|107|Shining Charizard|unl|EN', 9)","('Neo Destiny|107|Shining Charizard|unl|EN', 8)",grade8:9<-8,0.42304463297093275,0.4267665386337125,25,17.012316808280424,0.23361485118150505,1.526602431247845
"('Neo Destiny|107|Shining Charizard|unl|EN', 9)","('Neo Destiny|107|Shining Charizard|unl|EN', 10)",grade10:9<-10,-1.463112772355814,-1.432084484460825,25,17.012316808280424,-1.4816045409242165,0.2315145000167437
"('Neo Destiny|107|Shining Charizard|unl|EN', 10)","('Neo Destiny|107|Shining Charizard|1st|EN', 10)",ed_1st:10<-10,-0.9574665315401376,-0.9852325855558473,58,12.263530965175871,-1.0005000576866365,0.38386416285539804
"('Neo Destiny|107|Shining Charizard|unl|EN', 10)","('Neo Destiny|107|Shining Charizard|unl|EN', 8)",grade8:10<-8,1.8264406386918512,1.7861184914786765,9,6.2622299782234245,1.6999519199749322,6.2117374454630925
"('Neo Destiny|107|Shining Charizard|unl|EN', 10)","('Neo Destiny|107|Shining Charizard|unl|EN', 9)",grade9:10<-9,1.4887146702168528,1.4747774156443718,11,7.044815674969053,1.4747774156443718,4.431396051614673
"('Neo Destiny|108|Shining Kabutops|1st|EN', 8)","('Neo Destiny|108|Shining Kabutops|1st|EN', 9)",grade9:8<-9,-0.5375257568116408,-0.5375662006785804,24,11.324323675356297,-0.5468142324674448,0.5841918984972622
"('Neo Destiny|108|Shining Kabutops|1st|EN', 8)","('Neo Destiny|108|Shining Kabutops|1st|EN', 10)",grade10:8<-10,-1.9491697648539228,-1.8448323460259566,24,11.324323675356297,-2.333262513477089,0.14239224156876865
"('Neo Destiny|108|Shining Kabutops|1st|EN', 8)","('Neo Destiny|108|Shining Kabutops|unl|EN', 8)",ed_unl:8<-8,0.5450646167535672,0.46584880934627915,18,10.13274632736105,0.7422184469443041,1.724719824571757
"('Neo Destiny|108|Shining Kabutops|1st|EN', 9)","('Neo Destiny|108|Shining Kabutops|1st|EN', 8)",grade8:9<-8,0.5303572715348471,0.5304540612423336,19,6.267824243396955,0.5455070069955799,1.6995393972133317
"('Neo Destiny|108|Shining Kabutops|1st|EN', 9)","('Neo Destiny|108|Shining Kabutops|1st|EN', 10)",grade10:9<-10,-1.393842911678175,-1.179582682470092,21,6.453211664875024,-0.9967605253735421,0.24811996704942932
"('Neo Destiny|108|Shining Kabutops|1st|EN', 9)","('Neo Destiny|108|Shining Kabutops|unl|EN', 9)",ed_unl:9<-9,0.7678531960929411,0.6634510096130466,8,4.132862774853029,1.386227639589336,2.1551346325231044
"('Neo Destiny|108|Shining Kabutops|1st|EN', 10)","('Neo Destiny|108|Shining Kabutops|1st|EN', 8)",grade8:10<-8,1.8645086228692693,1.7477622852730992,28,12.885482699516059,2.3230695151595357,6.452764366009393
"('Neo Destiny|108|Shining Kabutops|1st|EN', 10)","('Neo Destiny|108|Shining Kabutops|1st|EN', 9)",grade9:10<-9,1.249266756100099,1.107148871248624,29,12.964227765134488,1.776255282692091,3.4877846228359726
"('Neo Destiny|108|Shining Kabutops|1st|EN', 10)","('Neo Destiny|108|Shining Kabutops|unl|EN', 10)",ed_unl:10<-10,0.968649986341829,1.002670994926775,33,13.099951895487283,1.47330573810952,2.6343856010986664
"('Neo Destiny|108|Shining Kabutops|unl|EN', 8)","('Neo Destiny|108|Shining Kabutops|1st|EN', 8)",ed_1st:8<-8,-0.5211543941725658,-0.4561489833814969,21,12.520676031834784,-0.7372012795320266,0.5938346328985
"('Neo Destiny|108|Shining Kabutops|unl|EN', 8)","('Neo Destiny|108|Shining Kabutops|unl|EN', 9)",grade9:8<-9,-0.23374392772257133,-0.19484535826117444,21,12.520676031834784,-0.21941405026606198,0.7915644876662538
"('Neo Destiny|108|Shining Kabutops|unl|EN', 8)","('Neo Destiny|108|Shining Kabutops|unl|EN', 10)",grade10:8<-10,-1.5550360681378803,-1.4077493534480432,21,12.520676031834784,-1.5869650565820423,0.2111817655705668
"('Neo Destiny|108|Shining Kabutops|unl|EN', 9)","('Neo Destiny|108|Shining Kabutops|1st|EN', 9)",ed_1st:9<-9,-0.8579734111589633,-0.843699437712564,22,14.07527920397747,-1.0537242333269425,0.42402052743556473
"('Neo Destiny|108|Shining Kabutops|unl|EN', 9)","('Neo Destiny|108|Shining Kabutops|unl|EN', 8)",grade8:9<-8,0.2594426029509685,0.22907106675626565,22,14.07527920397747,0.23029127867252885,1.2962073830977936
"('Neo Destiny|108|Shining Kabutops|unl|EN', 9)","('Neo Destiny|108|Shining Kabutops|unl|EN', 10)",grade10:9<-10,-1.406813916475964,-1.3573115498635318,22,14.07527920397747,-1.3566737779095135,0.24492238452735873
"('Neo Destiny|108|Shining Kabutops|unl|EN', 10)","('Neo Destiny|108|Shining Kabutops|1st|EN', 10)",ed_1st:10<-10,-0.9209059712863167,-0.9337333187767634,59,17.99500501665293,-1.3581748464704901,0.39815815777588276
"('Neo Destiny|108|Shining Kabutops|unl|EN', 10)","('Neo Destiny|108|Shining Kabutops|unl|EN', 8)",grade8:10<-8,1.5278855622462657,1.44259882801322,23,13.462489784918514,1.6120508936434295,4.608422291181974
"('Neo Destiny|108|Shining Kabutops|unl|EN', 10)","('Neo Destiny|108|Shining Kabutops|unl|EN', 9)",grade9:10<-9,1.2966137964030267,1.2429863258301346,20,12.577285553733919,1.4219371483483174,3.656892695085576
"('Neo Destiny|109|Shining Mewtwo|1st|EN', 8)","('Neo Destiny|109|Shining Mewtwo|1st|EN', 9)",grade9:8<-9,-0.561861637797073,-0.5748631477118185,12,5.650546965540026,-0.5748631477118185,0.5701466686698616
"('Neo Destiny|109|Shining Mewtwo|1st|EN', 8)","('Neo Destiny|109|Shining Mewtwo|1st|EN', 10)",grade10:8<-10,-2.086798226177698,-1.954173745521338,13,5.795802663909756,-1.9371328601433024,0.12408378870864001
"('Neo Destiny|109|Shining Mewtwo|1st|EN', 8)","('Neo Destiny|109|Shining Mewtwo|unl|EN', 8)",ed_unl:8<-8,0.7990769910637662,0.7901798403538356,8,4.567367685385423,0.8625031166557875,2.2234876820556906
"('Neo Destiny|109|Shining Mewtwo|1st|EN', 9)","('Neo Destiny|109|Shining Mewtwo|1st|EN', 8)",grade8:9<-8,0.5850934016780147,0.6002075254170958,21,10.904704377828535,1.125810559310569,1.795158648639861
"('Neo Destiny|109|Shining Mewtwo|1st|EN', 9)","('Neo Destiny|109|Shining Mewtwo|1st|EN', 10)",grade10:9<-10,-1.5083836179697068,-1.4130995593131157,21,10.904704377828535,-1.1756120223172832,0.22126734161835582
"('Neo Destiny|109|Shining Mewtwo|1st|EN', 9)","('Neo Destiny|109|Shining Mewtwo|unl|EN', 9)",ed_unl:9<-9,0.8539346732672118,0.8362480242006196,17,9.79470322167612,1.4546796873067915,2.3488707324269202
"('Neo Destiny|109|Shining Mewtwo|1st|EN', 10)","('Neo Destiny|109|Shining Mewtwo|1st|EN', 8)",grade8:10<-8,2.027150257964001,1.9446805033694918,35,12.324615406467927,2.435200860974737,7.592419064580569
"('Neo Destiny|109|Shining Mewtwo|1st|EN', 10)","('Neo Destiny|109|Shining Mewtwo|1st|EN', 9)",grade9:10<-9,1.488475065649281,1.3785329823931214,21,10.231056814207806,1.309390301664168,4.430334396073824
"('Neo Destiny|109|Shining Mewtwo|1st|EN', 10)","('Neo Destiny|109|Shining Mewtwo|unl|EN', 10)",ed_unl:10<-10,1.0021003642761521,1.0434932019875323,53,13.191284770302191,1.2194769908619012,2.723997210595154
"('Neo Destiny|109|Shining Mewtwo|unl|EN', 8)","('Neo Destiny|109|Shining Mewtwo|1st|EN', 8)",ed_1st:8<-8,-0.7905726716788588,-0.7901946276035101,22,14.963483575862007,-0.6457943888426758,0.45358496562714357
"('Neo Destiny|109|Shining Mewtwo|unl|EN', 8)","('Neo Destiny|109|Shining Mewtwo|unl|EN', 9)",grade9:8<-9,-0.5231015320098132,-0.5485659517488379,22,14.963483575862007,-0.35352696285810126,0.5926794800016374
"('Neo Destiny|109|Shining Mewtwo|unl|EN', 8)","('Neo Destiny|109|Shining Mewtwo|unl|EN', 10)",grade10:8<-10,-1.8515571814378151,-1.7877641553229093,22,14.963483575862007,-1.8615182589555115,0.15699251005344006
"('Neo Destiny|109|Shining Mewtwo|unl|EN', 9)","('Neo Destiny|109|Shining Mewtwo|1st|EN', 9)",ed_1st:9<-9,-0.9060540914586362,-0.9021621392367027,21,14.560333086787232,-1.435880214721939,0.40411568562334954
"('Neo Destiny|109|Shining Mewtwo|unl|EN', 9)","('Neo Destiny|109|Shining Mewtwo|unl|EN', 8)",grade8:9<-8,0.46051716248110025,0.4725866546931785,21,14.560333086787232,0.34528516112657126,1.5848934204991936
"('Neo Destiny|109|Shining Mewtwo|unl|EN', 9)","('Neo Destiny|109|Shining Mewtwo|unl|EN', 10)",grade10:9<-10,-1.3536654621176094,-1.2948615192888795,21,14.560333086787232,-1.5257935255242057,0.2582917646910987
"('Neo Destiny|109|Shining Mewtwo|unl|EN', 10)","('Neo Destiny|109|Shining Mewtwo|1st|EN', 10)",ed_1st:10<-10,-1.0304053222321028,-1.0780480019282148,46,11.740024676318564,-1.1748842310796057,0.35686228703269424
"('Neo Destiny|109|Shining Mewtwo|unl|EN', 10)","('Neo Destiny|109|Shining Mewtwo|unl|EN', 8)",grade8:10<-8,1.7846822495738526,1.7414324749366639,13,8.734883119918887,1.871078686650777,5.957686589338208
"('Neo Destiny|109|Shining Mewtwo|unl|EN', 10)","('Neo Destiny|109|Shining Mewtwo|unl|EN', 9)",grade9:10<-9,1.3199279344972585,1.2534398804891733,14,9.0925446030277,1.5079912960974102,3.7431516154377147
"('Neo Destiny|10|Dark Typhlosion|1st|EN', 8)","('Neo Destiny|10|Dark Typhlosion|1st|EN', 9)",grade9:8<-9,-0.39164914624149577,-0.321696608216536,13,6.249549260307624,-0.2529353361219462,0.6759412288825444
"('Neo Destiny|10|Dark Typhlosion|1st|EN', 8)","('Neo Destiny|10|Dark Typhlosion|1st|EN', 10)",grade10:8<-10,-2.1868215292624607,-2.116454671037861,26,6.659319754447665,-3.27349052142361,0.11227303865662473
"('Neo Destiny|10|Dark Typhlosion|1st|EN', 8)","('Neo Destiny|10|Dark Typhlosion|unl|EN', 8)",ed_unl:8<-8,1.065928338947984,1.2054966739173345,8,5.444770013019021,1.7220081867657395,2.9035331962479294
"('Neo Destiny|10|Dark Typhlosion|1st|EN', 9)","('Neo Destiny|10|Dark Typhlosion|1st|EN', 8)",grade8:9<-8,0.45838839458984576,0.44192607430716,25,13.078348997154974,0.6931471805599454,1.5815231388210302
"('Neo Destiny|10|Dark Typhlosion|1st|EN', 9)","('Neo Destiny|10|Dark Typhlosion|1st|EN', 10)",grade10:9<-10,-2.1808013402761146,-2.2555973772653566,25,13.078348997154974,-2.6855773452501515,0.11295098219397802
"('Neo Destiny|10|Dark Typhlosion|1st|EN', 9)","('Neo Destiny|10|Dark Typhlosion|unl|EN', 9)",ed_unl:9<-9,1.0729545968340284,1.1148245002510082,17,11.555419349523378,1.421979525771171,2.924006008669729
"('Neo Destiny|10|Dark Typhlosion|1st|EN', 10)","('Neo Destiny|10|Dark Typhlosion|1st|EN', 8)",grade8:10<-8,2.3638400176102294,2.3633150401098755,35,12.074287184036306,3.378724525810097,10.631699078249435
"('Neo Destiny|10|Dark Typhlosion|1st|EN', 10)","('Neo Destiny|10|Dark Typhlosion|1st|EN', 9)",grade9:10<-9,1.7833240119539981,1.762226096275243,19,11.388653969924029,2.6855773452501515,5.949600128196299
"('Neo Destiny|10|Dark Typhlosion|1st|EN', 10)","('Neo Destiny|10|Dark Typhlosion|unl|EN', 10)",ed_unl:10<-10,0.705378088554552,0.6769164945299977,38,12.091456197645854,1.7047505922415507,2.0246120228637254
"('Neo Destiny|10|Dark Typhlosion|unl|EN', 8)","('Neo Destiny|10|Dark Typhlosion|1st|EN', 8)",ed_1st:8<-8,-1.163125768030626,-1.245536484141339,22,13.493420336852418,-1.2730132959943292,0.31250782565268836
"('Neo Destiny|10|Dark Typhlosion|unl|EN', 8)","('Neo Destiny|10|Dark Typhlosion|unl|EN', 9)",grade9:8<-9,-0.6134781279615754,-0.6618102926839535,22,13.493420336852418,-0.5604910812502037,0.5414643079761484
"('Neo Destiny|10|Dark Typhlosion|unl|EN', 8)","('Neo Destiny|10|Dark Typhlosion|unl|EN', 10)",grade10:8<-10,-2.805614233651269,-2.9469872295628754,22,13.493420336852418,-2.9469872295628754,0.06046961728934738
"('Neo Destiny|10|Dark Typhlosion|unl|EN', 9)","('Neo Destiny|10|Dark Typhlosion|1st|EN', 9)",ed_1st:9<-9,-1.061140474603459,-1.0880852555276839,22,15.164013761117916,-1.438289656238271,0.34606091150599827
"('Neo Destiny|10|Dark Typhlosion|unl|EN', 9)","('Neo Destiny|10|Dark Typhlosion|unl|EN', 8)",grade8:9<-8,0.6552162325171135,0.7053238787428491,22,15.164013761117916,0.9758230782496504,1.9255588407984057
"('Neo Destiny|10|Dark Typhlosion|unl|EN', 9)","('Neo Destiny|10|Dark Typhlosion|unl|EN', 10)",grade10:9<-10,-2.1919314876150957,-2.30130840511319,22,15.164013761117916,-2.4191164092468718,0.11170079142990745
"('Neo Destiny|10|Dark Typhlosion|unl|EN', 10)","('Neo Destiny|10|Dark Typhlosion|1st|EN', 10)",ed_1st:10<-10,-0.8360398607448167,-0.8328460713546111,35,7.442616365518045,-0.8328460713546111,0.4334235468867709
"('Neo Destiny|10|Dark Typhlosion|unl|EN', 10)","('Neo Destiny|10|Dark Typhlosion|unl|EN', 8)",grade8:10<-8,2.524172777636948,2.970427291057341,6,4.124753481286572,2.970427291057341,12.480566788272075
"('Neo Destiny|10|Dark Typhlosion|unl|EN', 10)","('Neo Destiny|10|Dark Typhlosion|unl|EN', 9)",grade9:10<-9,2.005294634400915,2.2548605803545225,12,5.816316394961074,2.4125571277289968,7.428282201843383
"('Neo Destiny|110|Shining Noctowl|1st|EN', 8)","('Neo Destiny|110|Shining Noctowl|1st|EN', 9)",grade9:8<-9,-0.3473465290160654,-0.24112124604518215,13,5.3667043099624445,-0.9748273864008885,0.7065604421353225
"('Neo Destiny|110|Shining Noctowl|1st|EN', 8)","('Neo Destiny|110|Shining Noctowl|1st|EN', 10)",grade10:8<-10,-1.8977795894969203,-1.6584050834187574,19,5.58004797676308,-2.4936507013768088,0.14990109193203907
"('Neo Destiny|110|Shining Noctowl|1st|EN', 8)","('Neo Destiny|110|Shining Noctowl|unl|EN', 8)",ed_unl:8<-8,0.8076100861826653,0.8044347261658338,9,4.735612090640737,0.4331730520160306,2.2425420948825114
"('Neo Destiny|110|Shining Noctowl|1st|EN', 9)","('Neo Destiny|110|Shining Noctowl|1st|EN', 8)",grade8:9<-8,0.3905032656059873,0.35005148886345605,24,10.356908661344196,1.0289595689223106,1.4777242945903821
"('Neo Destiny|110|Shining Noctowl|1st|EN', 9)","('Neo Destiny|110|Shining Noctowl|1st|EN', 10)",grade10:9<-10,-1.508818429779264,-1.408620572477079,24,10.356908661344196,-1.525379609427211,0.22117115287866626
"('Neo Destiny|110|Shining Noctowl|1st|EN', 9)","('Neo Destiny|110|Shining Noctowl|unl|EN', 9)",ed_unl:9<-9,0.8109843026363343,0.7745049700178468,15,8.281033911589333,0.787162583673684,2.25012169773608
"('Neo Destiny|110|Shining Noctowl|1st|EN', 10)","('Neo Destiny|110|Shining Noctowl|1st|EN', 8)",grade8:10<-8,1.8995706224913909,1.760507906422446,34,10.061265549906828,2.579656986333812,6.6830242858152324
"('Neo Destiny|110|Shining Noctowl|1st|EN', 10)","('Neo Destiny|110|Shining Noctowl|1st|EN', 9)",grade9:10<-9,1.5231265072830957,1.4172838373735752,24,9.645158951842173,1.590394351260544,4.586542660682044
"('Neo Destiny|110|Shining Noctowl|1st|EN', 10)","('Neo Destiny|110|Shining Noctowl|unl|EN', 10)",ed_unl:10<-10,1.0217915823284889,1.0817663729129787,38,10.089211783179044,1.34707364796661,2.7781676240108215
"('Neo Destiny|110|Shining Noctowl|unl|EN', 8)","('Neo Destiny|110|Shining Noctowl|1st|EN', 8)",ed_1st:8<-8,-0.6120586649985292,-0.5539592948365879,16,9.315055823237449,-0.4673685816077304,0.542233442256802
"('Neo Destiny|110|Shining Noctowl|unl|EN', 8)","('Neo Destiny|110|Shining Noctowl|unl|EN', 9)",grade9:8<-9,-0.4187069966216237,-0.42599120636301,16,9.315055823237449,-0.5574184683300096,0.6578969330540351
"('Neo Destiny|110|Shining Noctowl|unl|EN', 8)","('Neo Destiny|110|Shining Noctowl|unl|EN', 10)",grade10:8<-10,-1.7609099244997648,-1.6292405397302803,16,9.315055823237449,-1.6999519199749322,0.1718883871881575
"('Neo Destiny|110|Shining Noctowl|unl|EN', 9)","('Neo Destiny|110|Shining Noctowl|1st|EN', 9)",ed_1st:9<-9,-0.8453286109992999,-0.8298819940150413,23,15.462580727587495,-0.7763361471693999,0.4294162241283768
"('Neo Destiny|110|Shining Noctowl|unl|EN', 9)","('Neo Destiny|110|Shining Noctowl|unl|EN', 8)",grade8:9<-8,0.5097173557634128,0.5306282510621712,23,15.462580727587495,0.709165566856357,1.6648205764993242
"('Neo Destiny|110|Shining Noctowl|unl|EN', 9)","('Neo Destiny|110|Shining Noctowl|unl|EN', 10)",grade10:9<-10,-1.2379098505965334,-1.1600786107687107,23,15.462580727587495,-0.9907863531185752,0.2899897067501528
"('Neo Destiny|110|Shining Noctowl|unl|EN', 10)","('Neo Destiny|110|Shining Noctowl|1st|EN', 10)",ed_1st:10<-10,-0.8501621715127626,-0.8512335028183475,59,17.358573415460523,-1.261067363009607,0.42734562304275214
"('Neo Destiny|110|Shining Noctowl|unl|EN', 10)","('Neo Destiny|110|Shining Noctowl|unl|EN', 8)",grade8:10<-8,1.763108831778512,1.7338079009571628,26,15.101976879255977,1.6657563903832324,5.8305354017389
"('Neo Destiny|110|Shining Noctowl|unl|EN', 10)","('Neo Destiny|110|Shining Noctowl|unl|EN', 9)",grade9:10<-9,1.3655712116390426,1.332189379242231,22,14.00809157667272,1.110434135465102,3.9179603975133546
"('Neo Destiny|111|Shining Raichu|1st|EN', 8)","('Neo Destiny|111|Shining Raichu|1st|EN', 9)",grade9:8<-9,-0.4588511559065656,-0.4296977023731099,16,8.080202333661415,-0.3715635564324833,0.6320093087515011
"('Neo Destiny|111|Shining Raichu|1st|EN', 8)","('Neo Destiny|111|Shining Raichu|1st|EN', 10)",grade10:8<-10,-1.8574106927292162,-1.683268133789218,20,8.36572017490096,-1.938741659576701,0.1560762369468971
"('Neo Destiny|111|Shining Raichu|1st|EN', 8)","('Neo Destiny|111|Shining Raichu|unl|EN', 8)",ed_unl:8<-8,0.7596461449703622,0.7381576950271187,13,7.396024252308873,0.7444404749474955,2.1375197145560505
"('Neo Destiny|111|Shining Raichu|1st|EN', 9)","('Neo Destiny|111|Shining Raichu|1st|EN', 8)",grade8:9<-8,0.43318217885147275,0.41035417506991934,26,12.743935911299868,0.36424670689787053,1.5421571435279549
"('Neo Destiny|111|Shining Raichu|1st|EN', 9)","('Neo Destiny|111|Shining Raichu|1st|EN', 10)",grade10:9<-10,-1.5550364828939685,-1.4844863872991052,26,12.743935911299868,-1.5671781031442178,0.21118167798166199
"('Neo Destiny|111|Shining Raichu|1st|EN', 9)","('Neo Destiny|111|Shining Raichu|unl|EN', 9)",ed_unl:9<-9,0.662534397986334,0.5965535205115966,19,11.328074633775811,0.26199640110303335,1.9397020872041062
"('Neo Destiny|111|Shining Raichu|1st|EN', 10)","('Neo Destiny|111|Shining Raichu|1st|EN', 8)",grade8:10<-8,1.9822639238563098,1.8667761176762099,34,9.967000399774953,1.8655731642305735,7.2591585786057395
"('Neo Destiny|111|Shining Raichu|1st|EN', 10)","('Neo Destiny|111|Shining Raichu|1st|EN', 9)",grade9:10<-9,1.591231643354887,1.4997355964984047,21,8.924472641207448,1.5380892238727508,4.909792318995251
"('Neo Destiny|111|Shining Raichu|1st|EN', 10)","('Neo Destiny|111|Shining Raichu|unl|EN', 10)",ed_unl:10<-10,0.8566702275676161,0.8675246069641762,39,10.109679749253145,0.7624709081877263,2.3553049924815506
"('Neo Destiny|111|Shining Raichu|unl|EN', 8)","('Neo Destiny|111|Shining Raichu|1st|EN', 8)",ed_1st:8<-8,-0.7889913176039058,-0.7882462247099085,20,13.959223904942627,-0.8029752712243976,0.4543028114955281
"('Neo Destiny|111|Shining Raichu|unl|EN', 8)","('Neo Destiny|111|Shining Raichu|unl|EN', 9)",grade9:8<-9,-0.44583290108050433,-0.4565233617223017,20,13.959223904942627,-0.7444404749474955,0.6402907550163565
"('Neo Destiny|111|Shining Raichu|unl|EN', 8)","('Neo Destiny|111|Shining Raichu|unl|EN', 10)",grade10:8<-10,-1.793989350631541,-1.7132349047812516,20,13.959223904942627,-1.9807179719738741,0.16629543382251905
"('Neo Destiny|111|Shining Raichu|unl|EN', 9)","('Neo Destiny|111|Shining Raichu|1st|EN', 9)",ed_1st:9<-9,-0.7145759573376025,-0.6696191003709435,23,14.03795918251923,-0.26199640110303335,0.48939959410940875
"('Neo Destiny|111|Shining Raichu|unl|EN', 9)","('Neo Destiny|111|Shining Raichu|unl|EN', 8)",grade8:9<-8,0.44031547120431597,0.44851685941673214,23,14.03795918251923,0.8540076302769455,1.553197130199962
"('Neo Destiny|111|Shining Raichu|unl|EN', 9)","('Neo Destiny|111|Shining Raichu|unl|EN', 10)",grade10:9<-10,-1.4516628751791545,-1.4116134101601823,23,14.03795918251923,-1.1431943845934684,0.23418055111573985
"('Neo Destiny|111|Shining Raichu|unl|EN', 10)","('Neo Destiny|111|Shining Raichu|1st|EN', 10)",ed_1st:10<-10,-0.709324695642557,-0.6859801196537827,52,17.30233372773929,-0.7448191911042663,0.4919763190587816
"('Neo Destiny|111|Shining Raichu|unl|EN', 10)","('Neo Destiny|111|Shining Raichu|unl|EN', 8)",grade8:10<-8,1.8363550112431073,1.8199741229138429,22,13.598984190188506,1.9383629434199303,6.273629226807953
"('Neo Destiny|111|Shining Raichu|unl|EN', 10)","('Neo Destiny|111|Shining Raichu|unl|EN', 9)",grade9:10<-9,1.364857826367668,1.3310660409343322,23,13.90148271249333,1.0843553131429848,3.9151663789962625
"('Neo Destiny|112|Shining Steelix|1st|EN', 8)","('Neo Destiny|112|Shining Steelix|1st|EN', 9)",grade9:8<-9,-0.35348970920155937,-0.20705427324383052,9,3.767190228119245,-0.20705427324383052,0.7022332190913996
"('Neo Destiny|112|Shining Steelix|1st|EN', 8)","('Neo Destiny|112|Shining Steelix|1st|EN', 10)",grade10:8<-10,-2.0049731595515405,-1.7585066681711021,20,4.114719662239419,-1.7060378597820556,0.13466391008673773
"('Neo Destiny|112|Shining Steelix|1st|EN', 8)","('Neo Destiny|112|Shining Steelix|unl|EN', 8)",ed_unl:8<-8,0.7133007561068626,0.620751200181072,6,3.219521266576043,0.620751200181072,2.0407160600741703
"('Neo Destiny|112|Shining Steelix|1st|EN', 9)","('Neo Destiny|112|Shining Steelix|1st|EN', 8)",grade8:9<-8,0.2825320678481567,0.2091002874697585,25,10.11645021211428,0.4996447055422033,1.3264843119122103
"('Neo Destiny|112|Shining Steelix|1st|EN', 9)","('Neo Destiny|112|Shining Steelix|1st|EN', 10)",grade10:9<-10,-1.5946289968774576,-1.5174963724404646,25,10.11645021211428,-1.2698344932941863,0.20298382216643754
"('Neo Destiny|112|Shining Steelix|1st|EN', 9)","('Neo Destiny|112|Shining Steelix|unl|EN', 9)",ed_unl:9<-9,0.6416526345661328,0.5446579752674632,17,8.351816487153298,0.7549469292536601,1.8996176604226196
"('Neo Destiny|112|Shining Steelix|1st|EN', 10)","('Neo Destiny|112|Shining Steelix|1st|EN', 8)",grade8:10<-8,1.9235869736836144,1.743979003181586,42,7.388858396288651,1.7694791988363896,6.845469000852819
"('Neo Destiny|112|Shining Steelix|1st|EN', 10)","('Neo Destiny|112|Shining Steelix|1st|EN', 9)",grade9:10<-9,1.581200337995213,1.449266399236551,16,6.417210696461135,1.4224903710150762,4.860786898100175
"('Neo Destiny|112|Shining Steelix|1st|EN', 10)","('Neo Destiny|112|Shining Steelix|unl|EN', 10)",ed_unl:10<-10,1.0339166706104428,1.1218538506366222,35,7.294680458409321,1.1968219836558722,2.8120581996158793
"('Neo Destiny|112|Shining Steelix|unl|EN', 8)","('Neo Destiny|112|Shining Steelix|1st|EN', 8)",ed_1st:8<-8,-0.5981899284778871,-0.5523540824625721,20,12.715050262639744,-0.5511769192895573,0.5498059240021678
"('Neo Destiny|112|Shining Steelix|unl|EN', 8)","('Neo Destiny|112|Shining Steelix|unl|EN', 9)",grade9:8<-9,-0.27308868865024566,-0.24406779640657295,20,12.715050262639744,-0.4054651081081637,0.7610252903300542
"('Neo Destiny|112|Shining Steelix|unl|EN', 8)","('Neo Destiny|112|Shining Steelix|unl|EN', 10)",grade10:8<-10,-1.506148980035199,-1.349579366733531,20,12.715050262639744,-1.38629436111989,0.22176234688639027
"('Neo Destiny|112|Shining Steelix|unl|EN', 9)","('Neo Destiny|112|Shining Steelix|1st|EN', 9)",ed_1st:9<-9,-0.6939326017867796,-0.6453565167235968,22,14.266950266234051,-0.6453565167235968,0.49960744356784037
"('Neo Destiny|112|Shining Steelix|unl|EN', 9)","('Neo Destiny|112|Shining Steelix|unl|EN', 8)",grade8:9<-8,0.24461476308637536,0.21153331522397156,22,14.266950266234051,0.4054651081081637,1.2771292211055132
"('Neo Destiny|112|Shining Steelix|unl|EN', 9)","('Neo Destiny|112|Shining Steelix|unl|EN', 10)",grade10:9<-10,-1.141200273245765,-1.0365107262054858,22,14.266950266234051,-0.9808292530117262,0.3194353818833626
"('Neo Destiny|112|Shining Steelix|unl|EN', 10)","('Neo Destiny|112|Shining Steelix|1st|EN', 10)",ed_1st:10<-10,-1.0083682998479861,-1.0432028691042632,59,14.158784754804215,-0.934361757006057,0.36481376085624845
"('Neo Destiny|112|Shining Steelix|unl|EN', 10)","('Neo Destiny|112|Shining Steelix|unl|EN', 8)",grade8:10<-8,1.4007061949205364,1.2429560513778055,16,9.69704277932566,1.38629436111989,4.058064739888048
"('Neo Destiny|112|Shining Steelix|unl|EN', 10)","('Neo Destiny|112|Shining Steelix|unl|EN', 9)",grade9:10<-9,1.1199301596089912,0.9957130195268684,16,9.69704277932566,0.9808292530117262,3.0646401601515745
"('Neo Destiny|113|Shining Tyranitar|1st|EN', 8)","('Neo Destiny|113|Shining Tyranitar|1st|EN', 9)",grade9:8<-9,-0.48423687194502074,-0.4297985210873989,6,2.9282418120429714,-0.5595513638302005,0.6161672318941943
"('Neo Destiny|113|Shining Tyranitar|1st|EN', 8)","('Neo Destiny|113|Shining Tyranitar|1st|EN', 10)",grade10:8<-10,-2.107075750817661,-1.9319828352480535,19,4.042612130052136,-2.031550551681418,0.1215930153303074
"('Neo Destiny|113|Shining Tyranitar|1st|EN', 8)","('Neo Destiny|113|Shining Tyranitar|unl|EN', 8)",ed_unl:8<-8,0.7320907603105994,0.6238753697428185,4,2.2325405807477825,0.5452661137462833,2.079423642390197
"('Neo Destiny|113|Shining Tyranitar|1st|EN', 9)","('Neo Destiny|113|Shining Tyranitar|1st|EN', 8)",grade8:9<-8,0.40851429746991624,0.35328572669870617,16,6.607490583658668,0.7086513670959089,1.5045807643023588
"('Neo Destiny|113|Shining Tyranitar|1st|EN', 9)","('Neo Destiny|113|Shining Tyranitar|1st|EN', 10)",grade10:9<-10,-1.7829402248966169,-1.767748134007542,24,14.176762919707983,-2.092864562011977,0.16814304140744601
"('Neo Destiny|113|Shining Tyranitar|1st|EN', 9)","('Neo Destiny|113|Shining Tyranitar|unl|EN', 9)",ed_unl:9<-9,0.8677556472503395,0.8576582791196419,20,13.050188419219506,0.6490871907659139,2.3815597906694523
"('Neo Destiny|113|Shining Tyranitar|1st|EN', 10)","('Neo Destiny|113|Shining Tyranitar|1st|EN', 8)",grade8:10<-8,2.0323404993357466,1.8813716279177406,30,6.629428136590748,1.9187591599893619,7.63192799386794
"('Neo Destiny|113|Shining Tyranitar|1st|EN', 10)","('Neo Destiny|113|Shining Tyranitar|1st|EN', 9)",grade9:10<-9,1.5701027005562107,1.445134861142824,15,7.041337991245472,2.0004470176014255,4.807141864567886
"('Neo Destiny|113|Shining Tyranitar|1st|EN', 10)","('Neo Destiny|113|Shining Tyranitar|unl|EN', 10)",ed_unl:10<-10,0.8983856513260129,0.9255826956278206,40,8.636253566557286,1.2764893369388925,2.455635657424394
"('Neo Destiny|113|Shining Tyranitar|unl|EN', 8)","('Neo Destiny|113|Shining Tyranitar|1st|EN', 8)",ed_1st:8<-8,-0.674522442057817,-0.6425728945970128,17,11.073945432548271,-0.6035350218702593,0.5093996303687781
"('Neo Destiny|113|Shining Tyranitar|unl|EN', 8)","('Neo Destiny|113|Shining Tyranitar|unl|EN', 9)",grade9:8<-9,-0.28190557053319104,-0.2611137183369383,23,16.47527380739319,-0.1928770707334717,0.7543449135579539
"('Neo Destiny|113|Shining Tyranitar|unl|EN', 8)","('Neo Destiny|113|Shining Tyranitar|unl|EN', 10)",grade10:8<-10,-1.7958594543845257,-1.7277780924115635,23,16.47527380739319,-1.9200980188239551,0.16598473471795444
"('Neo Destiny|113|Shining Tyranitar|unl|EN', 9)","('Neo Destiny|113|Shining Tyranitar|1st|EN', 9)",ed_1st:9<-9,-0.8245880029414645,-0.8049988778463062,25,15.369057311045408,-0.6490871907659139,0.4384155811912497
"('Neo Destiny|113|Shining Tyranitar|unl|EN', 9)","('Neo Destiny|113|Shining Tyranitar|unl|EN', 8)",grade8:9<-8,0.35474485462683386,0.34553276738549066,25,15.369057311045408,0.3821190703720001,1.4258168173038757
"('Neo Destiny|113|Shining Tyranitar|unl|EN', 9)","('Neo Destiny|113|Shining Tyranitar|unl|EN', 10)",grade10:9<-10,-1.5139091155407387,-1.4894785973551201,25,15.369057311045408,-1.537978948451955,0.2200481010172487
"('Neo Destiny|113|Shining Tyranitar|unl|EN', 10)","('Neo Destiny|113|Shining Tyranitar|1st|EN', 10)",ed_1st:10<-10,-0.8690637891245903,-0.8748044860725308,54,13.117159229729637,-1.203972804325936,0.419343959905215
"('Neo Destiny|113|Shining Tyranitar|unl|EN', 10)","('Neo Destiny|113|Shining Tyranitar|unl|EN', 8)",grade8:10<-8,1.8850514374861078,1.875830252396689,13,8.315000939509805,1.9247089686374022,6.586693236243467
"('Neo Destiny|113|Shining Tyranitar|unl|EN', 10)","('Neo Destiny|113|Shining Tyranitar|unl|EN', 9)",grade9:10<-9,1.4966497816664592,1.4894785973551201,19,10.372074109407238,1.7272209480904834,4.4666995565414975
"('Neo Destiny|11|Dark Tyranitar|1st|EN', 8)","('Neo Destiny|11|Dark Tyranitar|1st|EN', 9)",grade9:8<-9,-0.47786059557373173,-0.45736020056615434,20,8.70897776398109,-0.5453662885499515,0.6201086368455476
"('Neo Destiny|11|Dark Tyranitar|1st|EN', 8)","('Neo Destiny|11|Dark Tyranitar|1st|EN', 10)",grade10:8<-10,-2.6184673990690053,-2.7111980662172757,23,8.911207325456502,-3.4044291769538653,0.07291452610855147
"('Neo Destiny|11|Dark Tyranitar|1st|EN', 8)","('Neo Destiny|11|Dark Tyranitar|unl|EN', 8)",ed_unl:8<-8,0.9142508929025258,0.9501646756778594,18,8.489363228012271,0.8062898366598263,2.4949056002149947
"('Neo Destiny|11|Dark Tyranitar|1st|EN', 9)","('Neo Destiny|11|Dark Tyranitar|1st|EN', 8)",grade8:9<-8,0.4199683184571725,0.38834748829271515,23,10.453874760362444,0.5559946214787779,1.5219133382922312
"('Neo Destiny|11|Dark Tyranitar|1st|EN', 9)","('Neo Destiny|11|Dark Tyranitar|1st|EN', 10)",grade10:9<-10,-2.1153919029269264,-2.190194823492501,23,10.453874760362444,-2.8610266316203106,0.12058602227659464
"('Neo Destiny|11|Dark Tyranitar|1st|EN', 9)","('Neo Destiny|11|Dark Tyranitar|unl|EN', 9)",ed_unl:9<-9,1.0124253391670874,1.0413367740211186,23,10.453874760362444,1.0012361727740506,2.75226811041149
"('Neo Destiny|11|Dark Tyranitar|1st|EN', 10)","('Neo Destiny|11|Dark Tyranitar|1st|EN', 8)",grade8:10<-8,2.719932205739136,2.827835796436439,19,9.841543070251458,3.442205405389533,15.179293141111682
"('Neo Destiny|11|Dark Tyranitar|1st|EN', 10)","('Neo Destiny|11|Dark Tyranitar|1st|EN', 9)",grade9:10<-9,2.1591398532607546,2.249285337199141,19,9.841543070251458,2.886210783910755,8.663682414442546
"('Neo Destiny|11|Dark Tyranitar|1st|EN', 10)","('Neo Destiny|11|Dark Tyranitar|unl|EN', 10)",ed_unl:10<-10,0.8158644283122813,0.8145886698608802,23,9.941614085302014,1.6582280766035336,2.261129412075606
"('Neo Destiny|11|Dark Tyranitar|unl|EN', 8)","('Neo Destiny|11|Dark Tyranitar|1st|EN', 8)",ed_1st:8<-8,-0.9564647541400398,-1.0178585551402772,19,8.014154247742553,-0.84418948386039,0.3842489019777572
"('Neo Destiny|11|Dark Tyranitar|unl|EN', 8)","('Neo Destiny|11|Dark Tyranitar|unl|EN', 9)",grade9:8<-9,-0.4029502796267881,-0.4055185692738803,19,8.014154247742553,-0.3389835279164988,0.6683453288766468
"('Neo Destiny|11|Dark Tyranitar|unl|EN', 8)","('Neo Destiny|11|Dark Tyranitar|unl|EN', 10)",grade10:8<-10,-2.916984786585536,-3.1967044984378115,19,8.014154247742553,-2.590267165445826,0.05409655429377497
"('Neo Destiny|11|Dark Tyranitar|unl|EN', 9)","('Neo Destiny|11|Dark Tyranitar|1st|EN', 9)",ed_1st:9<-9,-1.0803084839958517,-1.1238258735188555,25,10.710547255047333,-0.9902037940500232,0.33949078201691196
"('Neo Destiny|11|Dark Tyranitar|unl|EN', 9)","('Neo Destiny|11|Dark Tyranitar|unl|EN', 8)",grade8:9<-8,0.31822472170302746,0.2934519104071587,20,10.137787453289786,0.372080664088581,1.3746851481070776
"('Neo Destiny|11|Dark Tyranitar|unl|EN', 9)","('Neo Destiny|11|Dark Tyranitar|unl|EN', 10)",grade10:9<-10,-2.389308066256607,-2.5994488521957795,25,10.710547255047333,-2.218186501357245,0.09169310748761365
"('Neo Destiny|11|Dark Tyranitar|unl|EN', 10)","('Neo Destiny|11|Dark Tyranitar|1st|EN', 10)",ed_1st:10<-10,-0.6622230527186183,-0.39549385025520145,7,2.0440977899183634,-1.019988329047191,0.5157036229117723
"('Neo Destiny|11|Dark Tyranitar|unl|EN', 10)","('Neo Destiny|11|Dark Tyranitar|unl|EN', 8)",grade8:10<-8,2.280654065192269,2.8680098072030367,4,1.8900534055155647,2.6848809455403835,9.783077087574902
"('Neo Destiny|11|Dark Tyranitar|unl|EN', 10)","('Neo Destiny|11|Dark Tyranitar|unl|EN', 9)",grade9:10<-9,1.937980578790108,2.5641096432476607,5,1.9957743653444955,2.4184169085191662,6.944712500895399
"('Neo Destiny|12|Light Arcanine|1st|EN', 8)","('Neo Destiny|12|Light Arcanine|1st|EN', 9)",grade9:8<-9,-0.6195577897313986,-0.6488365227720108,17,8.420927840599806,-0.6286086594223734,0.5381823747541661
"('Neo Destiny|12|Light Arcanine|1st|EN', 8)","('Neo Destiny|12|Light Arcanine|1st|EN', 10)",grade10:8<-10,-2.6724133556133953,-2.784924237594109,21,8.78297327887535,-2.7880925241602883,0.0690852965728772
"('Neo Destiny|12|Light Arcanine|1st|EN', 8)","('Neo Destiny|12|Light Arcanine|unl|EN', 8)",ed_unl:8<-8,0.9450418921678699,0.9941039261903715,15,8.097058195458722,1.0810771465194087,2.572921161575896
"('Neo Destiny|12|Light Arcanine|1st|EN', 9)","('Neo Destiny|12|Light Arcanine|1st|EN', 8)",grade8:9<-8,0.5135440130009757,0.5077848070840929,21,8.65277530369851,0.6286086594223734,1.671203479008774
"('Neo Destiny|12|Light Arcanine|1st|EN', 9)","('Neo Destiny|12|Light Arcanine|1st|EN', 10)",grade10:9<-10,-2.0810256241122125,-2.159483864737915,21,8.65277530369851,-2.159483864737915,0.12480214644549598
"('Neo Destiny|12|Light Arcanine|1st|EN', 9)","('Neo Destiny|12|Light Arcanine|unl|EN', 9)",ed_unl:9<-9,0.9650992825654972,0.9836203169939708,21,8.65277530369851,0.9215091900681767,2.625048265063726
"('Neo Destiny|12|Light Arcanine|1st|EN', 10)","('Neo Destiny|12|Light Arcanine|1st|EN', 8)",grade8:10<-8,2.5831805762401547,2.7592058163424618,14,3.702213082661229,2.888714759735816,13.23917948610795
"('Neo Destiny|12|Light Arcanine|1st|EN', 10)","('Neo Destiny|12|Light Arcanine|1st|EN', 9)",grade9:10<-9,1.9576023776111202,2.0491990628368066,8,3.084808529077092,2.1700340213540894,7.082325948912079
"('Neo Destiny|12|Light Arcanine|1st|EN', 10)","('Neo Destiny|12|Light Arcanine|unl|EN', 10)",ed_unl:10<-10,0.6730679021117992,0.44677525421427333,13,1.9491250859863196,0.03922032853782298,1.9602419355145781
"('Neo Destiny|12|Light Arcanine|unl|EN', 8)","('Neo Destiny|12|Light Arcanine|1st|EN', 8)",ed_1st:8<-8,-0.9152167082853468,-0.9533654546415793,20,9.653665944041348,-0.8813761518183663,0.40042984022347367
"('Neo Destiny|12|Light Arcanine|unl|EN', 8)","('Neo Destiny|12|Light Arcanine|unl|EN', 9)",grade9:8<-9,-0.4325188234339762,-0.4438397352450689,20,9.653665944041348,-0.5936857459985294,0.6488726390082186
"('Neo Destiny|12|Light Arcanine|unl|EN', 8)","('Neo Destiny|12|Light Arcanine|unl|EN', 10)",grade10:8<-10,-2.9801574314825117,-3.8632328412587142,3,2.7531452293811562,-3.6302483474408316,0.050784838103171005
"('Neo Destiny|12|Light Arcanine|unl|EN', 9)","('Neo Destiny|12|Light Arcanine|1st|EN', 9)",ed_1st:9<-9,-1.0239296899567012,-1.0675549400152864,16,6.807036621823113,-0.9162990652422103,0.3591806944517991
"('Neo Destiny|12|Light Arcanine|unl|EN', 9)","('Neo Destiny|12|Light Arcanine|unl|EN', 8)",grade8:9<-8,0.4551404168813332,0.47975653141986374,14,6.4837848291256455,0.7601032415827316,1.5763947199242314
"('Neo Destiny|12|Light Arcanine|unl|EN', 9)","('Neo Destiny|12|Light Arcanine|unl|EN', 10)",grade10:9<-10,-1.843236771344479,-2.119249093656009,9,2.219136189820464,-3.036562601442302,0.15830420145658913
"('Neo Destiny|12|Light Arcanine|unl|EN', 10)","('Neo Destiny|12|Light Arcanine|1st|EN', 10)",ed_1st:10<-10,-0.5508861827148236,-0.03922032853782298,15,1.718369862080711,-0.03922032853782298,0.5764387539093575
"('Neo Destiny|12|Light Arcanine|unl|EN', 10)","('Neo Destiny|12|Light Arcanine|unl|EN', 8)",grade8:10<-8,2.371980046258346,3.829949342141874,1,0.9493421209505192,3.829949342141874,10.718594599532803
"('Neo Destiny|12|Light Arcanine|unl|EN', 10)","('Neo Destiny|12|Light Arcanine|unl|EN', 9)",grade9:10<-9,1.9967988406349448,3.0417727262682686,4,1.3646916362046078,3.0417727262682686,7.36544037182033
"('Neo Destiny|13|Light Azumarill|1st|EN', 8)","('Neo Destiny|13|Light Azumarill|1st|EN', 9)",grade9:8<-9,-0.5337540663882266,-0.532086568696255,17,6.510996616432003,-0.6141741408265506,0.5863994499696472
"('Neo Destiny|13|Light Azumarill|1st|EN', 8)","('Neo Destiny|13|Light Azumarill|1st|EN', 10)",grade10:8<-10,-2.64420158330353,-2.7797984016262873,21,6.663465738104811,-3.260414994470519,0.07106206823748965
"('Neo Destiny|13|Light Azumarill|1st|EN', 8)","('Neo Destiny|13|Light Azumarill|unl|EN', 8)",ed_unl:8<-8,0.9101257184423014,0.9606629881788589,10,5.787998145049553,1.2927683031090664,2.484634878177227
"('Neo Destiny|13|Light Azumarill|1st|EN', 9)","('Neo Destiny|13|Light Azumarill|1st|EN', 8)",grade8:9<-8,0.5067263110963369,0.49657135184538603,20,6.921369028029676,0.6733445532637656,1.6598484634053787
"('Neo Destiny|13|Light Azumarill|1st|EN', 9)","('Neo Destiny|13|Light Azumarill|1st|EN', 10)",grade10:9<-10,-2.1417986999355025,-2.266225059928729,20,6.921369028029676,-2.995732273553992,0.1174434074747819
"('Neo Destiny|13|Light Azumarill|1st|EN', 9)","('Neo Destiny|13|Light Azumarill|unl|EN', 9)",ed_unl:9<-9,0.9823988147852946,1.01337822754937,19,6.848320449994598,1.2378743560016172,2.670855451147584
"('Neo Destiny|13|Light Azumarill|1st|EN', 10)","('Neo Destiny|13|Light Azumarill|1st|EN', 8)",grade8:10<-8,2.9819140576510343,3.094059713991812,34,16.477529770772428,3.851398383611711,19.725536348171044
"('Neo Destiny|13|Light Azumarill|1st|EN', 10)","('Neo Destiny|13|Light Azumarill|1st|EN', 9)",grade9:10<-9,2.3120734629334887,2.3940971620743916,32,16.409543898701067,3.1780538303479453,10.095335272315266
"('Neo Destiny|13|Light Azumarill|1st|EN', 10)","('Neo Destiny|13|Light Azumarill|unl|EN', 10)",ed_unl:10<-10,0.7774964365655627,0.7697610775294397,39,16.519863245300215,1.0986147886712345,2.1760176421478987
"('Neo Destiny|13|Light Azumarill|unl|EN', 8)","('Neo Destiny|13|Light Azumarill|1st|EN', 8)",ed_1st:8<-8,-1.032855711736488,-1.110511325645699,18,9.28705894597161,-0.926387858790183,0.35598890592899474
"('Neo Destiny|13|Light Azumarill|unl|EN', 8)","('Neo Destiny|13|Light Azumarill|unl|EN', 9)",grade9:8<-9,-0.5086354934220207,-0.544991277608879,18,9.28705894597161,-0.5823485095007106,0.601315518258768
"('Neo Destiny|13|Light Azumarill|unl|EN', 8)","('Neo Destiny|13|Light Azumarill|unl|EN', 10)",grade10:8<-10,-2.442558538272092,-2.5306852721217687,18,9.28705894597161,-2.7417200052540593,0.08693813212715433
"('Neo Destiny|13|Light Azumarill|unl|EN', 9)","('Neo Destiny|13|Light Azumarill|1st|EN', 9)",ed_1st:9<-9,-1.0063180069440907,-1.0504878307089127,17,5.526932302174506,-1.2082891497830097,0.36556250322967226
"('Neo Destiny|13|Light Azumarill|unl|EN', 9)","('Neo Destiny|13|Light Azumarill|unl|EN', 8)",grade8:9<-8,0.4097499729649573,0.4149856675049781,9,4.475864294352601,0.7282385003712148,1.5064410870240077
"('Neo Destiny|13|Light Azumarill|unl|EN', 9)","('Neo Destiny|13|Light Azumarill|unl|EN', 10)",grade10:9<-10,-2.5333362543466906,-3.01551899522262,18,5.563880982987856,-3.285979989062154,0.07939370036668025
"('Neo Destiny|13|Light Azumarill|unl|EN', 10)","('Neo Destiny|13|Light Azumarill|1st|EN', 10)",ed_1st:10<-10,-0.8238966120352783,-0.8141277737904726,22,6.162441613176227,-0.8141277737904726,0.4387188025473809
"('Neo Destiny|13|Light Azumarill|unl|EN', 10)","('Neo Destiny|13|Light Azumarill|unl|EN', 8)",grade8:10<-8,2.9563928722106856,3.51159180046711,10,5.65085770490322,4.045551898049543,19.22848690102193
"('Neo Destiny|13|Light Azumarill|unl|EN', 10)","('Neo Destiny|13|Light Azumarill|unl|EN', 9)",grade9:10<-9,2.4356500377731094,2.8971283628793048,15,5.943119240886105,3.317313397678328,11.423241839136285
"('Neo Destiny|14|Light Dragonite|1st|EN', 8)","('Neo Destiny|14|Light Dragonite|1st|EN', 9)",grade9:8<-9,-0.6214715775053159,-0.6611324128977119,11,6.361324944993562,-0.6931471805599454,0.5371533928457827
"('Neo Destiny|14|Light Dragonite|1st|EN', 8)","('Neo Destiny|14|Light Dragonite|1st|EN', 10)",grade10:8<-10,-2.5177949323574516,-2.585662182109524,22,7.725741092602169,-2.9957322735539913,0.08063722137907592
"('Neo Destiny|14|Light Dragonite|1st|EN', 8)","('Neo Destiny|14|Light Dragonite|unl|EN', 8)",ed_unl:8<-8,0.9518220018554822,1.0255735191075592,9,5.6622356975150225,0.769836506324288,2.5904251215988827
"('Neo Destiny|14|Light Dragonite|1st|EN', 9)","('Neo Destiny|14|Light Dragonite|1st|EN', 8)",grade8:9<-8,0.6340882689471661,0.6626511564382316,20,10.916251139160341,0.7304963815670096,1.8853024688335749
"('Neo Destiny|14|Light Dragonite|1st|EN', 9)","('Neo Destiny|14|Light Dragonite|1st|EN', 10)",grade10:9<-10,-1.9248177726155686,-1.9440787780365154,20,10.916251139160341,-2.2633643798407643,0.14590234183603334
"('Neo Destiny|14|Light Dragonite|1st|EN', 9)","('Neo Destiny|14|Light Dragonite|unl|EN', 9)",ed_unl:9<-9,1.0730902680150753,1.117449022634899,20,10.916251139160341,1.1566697357881806,2.9244027389301364
"('Neo Destiny|14|Light Dragonite|1st|EN', 10)","('Neo Destiny|14|Light Dragonite|1st|EN', 8)",grade8:10<-8,2.5420542428157797,2.596910382458903,25,9.630716815824107,2.993860761407774,12.705744865718655
"('Neo Destiny|14|Light Dragonite|1st|EN', 10)","('Neo Destiny|14|Light Dragonite|1st|EN', 9)",grade9:10<-9,1.8547277856349889,1.8518615906652904,19,9.09412666778427,2.302585092994046,6.389958575333308
"('Neo Destiny|14|Light Dragonite|1st|EN', 10)","('Neo Destiny|14|Light Dragonite|unl|EN', 10)",ed_unl:10<-10,0.7602987892177117,0.7420189319264825,35,9.812987739224114,0.811930716549913,2.1389152098328004
"('Neo Destiny|14|Light Dragonite|unl|EN', 8)","('Neo Destiny|14|Light Dragonite|1st|EN', 8)",ed_1st:8<-8,-0.9449904812673167,-0.9805934359596282,18,12.852769563863173,-0.3285151781448761,0.3886832706562964
"('Neo Destiny|14|Light Dragonite|unl|EN', 8)","('Neo Destiny|14|Light Dragonite|unl|EN', 9)",grade9:8<-9,-0.4869048006069133,-0.5081022733361422,18,12.852769563863173,-0.02199001789161592,0.6145255326177613
"('Neo Destiny|14|Light Dragonite|unl|EN', 8)","('Neo Destiny|14|Light Dragonite|unl|EN', 10)",grade10:8<-10,-2.858297217520008,-3.0190138785834284,18,12.852769563863173,-2.5123167351489544,0.0573663595787164
"('Neo Destiny|14|Light Dragonite|unl|EN', 9)","('Neo Destiny|14|Light Dragonite|1st|EN', 9)",ed_1st:9<-9,-1.0799915489329737,-1.1137215871137576,24,13.790208277285362,-0.9248976654896026,0.3395983956016153
"('Neo Destiny|14|Light Dragonite|unl|EN', 9)","('Neo Destiny|14|Light Dragonite|unl|EN', 8)",grade8:9<-8,0.39649232103068843,0.3949123347814476,14,10.341037817791612,0.09676469321521886,1.4866010223673303
"('Neo Destiny|14|Light Dragonite|unl|EN', 9)","('Neo Destiny|14|Light Dragonite|unl|EN', 10)",grade10:9<-10,-2.336352568020873,-2.4880439914747674,24,13.790208277285362,-2.4155520419337355,0.09667962827829452
"('Neo Destiny|14|Light Dragonite|unl|EN', 10)","('Neo Destiny|14|Light Dragonite|1st|EN', 10)",ed_1st:10<-10,-0.8300494712929679,-0.811930716549913,24,2.3037630417238923,-0.811930716549913,0.43602771493313014
"('Neo Destiny|14|Light Dragonite|unl|EN', 10)","('Neo Destiny|14|Light Dragonite|unl|EN', 8)",grade8:10<-8,2.1673324274281045,3.041862519072442,1,0.8806658735961485,3.041862519072442,8.734951816493503
"('Neo Destiny|14|Light Dragonite|unl|EN', 10)","('Neo Destiny|14|Light Dragonite|unl|EN', 9)",grade9:10<-9,1.895242484528223,2.655214071807709,3,1.475578919299069,2.655214071807709,6.654161740290813
"('Neo Destiny|15|Light Togetic|1st|EN', 8)","('Neo Destiny|15|Light Togetic|1st|EN', 9)",grade9:8<-9,-0.9617794282583082,-1.21381758349575,9,5.051691528929128,-1.3236884664270656,0.3822121613838082
"('Neo Destiny|15|Light Togetic|1st|EN', 8)","('Neo Destiny|15|Light Togetic|1st|EN', 10)",grade10:8<-10,-2.762705287888373,-2.973213812910167,20,5.98102080053004,-3.593247881922326,0.06312077729956993
"('Neo Destiny|15|Light Togetic|1st|EN', 8)","('Neo Destiny|15|Light Togetic|unl|EN', 8)",ed_unl:8<-8,0.6934282737504772,0.6262592350183143,11,5.323624058552818,0.6262592350183143,2.0005622654018493
"('Neo Destiny|15|Light Togetic|1st|EN', 9)","('Neo Destiny|15|Light Togetic|1st|EN', 8)",grade8:9<-8,0.6093078711627259,0.635988766719997,21,8.89994337892524,1.2974110592499963,1.839158023858102
"('Neo Destiny|15|Light Togetic|1st|EN', 9)","('Neo Destiny|15|Light Togetic|1st|EN', 10)",grade10:9<-10,-2.2827073110139864,-2.4269696431321135,21,8.89994337892524,-2.186141750032224,0.10200766606582248
"('Neo Destiny|15|Light Togetic|1st|EN', 9)","('Neo Destiny|15|Light Togetic|unl|EN', 9)",ed_unl:9<-9,1.0112060723508611,1.044754456418648,21,8.89994337892524,1.65346447304053,2.7489144061807185
"('Neo Destiny|15|Light Togetic|1st|EN', 10)","('Neo Destiny|15|Light Togetic|1st|EN', 8)",grade8:10<-8,2.807834548237218,3.003740149747113,20,6.766753235024635,3.5813036059327494,16.573989157464574
"('Neo Destiny|15|Light Togetic|1st|EN', 10)","('Neo Destiny|15|Light Togetic|1st|EN', 9)",grade9:10<-9,1.9463826005434808,1.9866760682947833,13,6.1771527373298465,2.2695594154952605,7.003307941776649
"('Neo Destiny|15|Light Togetic|1st|EN', 10)","('Neo Destiny|15|Light Togetic|unl|EN', 10)",ed_unl:10<-10,0.31731933963189785,-0.37037378829689516,6,2.1933014930275996,-0.23361485118150505,1.373441096076716
"('Neo Destiny|15|Light Togetic|unl|EN', 8)","('Neo Destiny|15|Light Togetic|1st|EN', 8)",ed_1st:8<-8,-0.6850538808451663,-0.6477589317995527,20,8.639594289817246,-0.6477589317995527,0.5040630694989264
"('Neo Destiny|15|Light Togetic|unl|EN', 8)","('Neo Destiny|15|Light Togetic|unl|EN', 9)",grade9:8<-9,-0.218612107886071,-0.1569851578260426,20,8.639594289817246,-0.29648322840485,0.8036333807548711
"('Neo Destiny|15|Light Togetic|unl|EN', 8)","('Neo Destiny|15|Light Togetic|unl|EN', 10)",grade10:8<-10,-2.8744436303272796,-3.742682160106913,7,2.434922403962007,-3.7129770056929967,0.05644753646619816
"('Neo Destiny|15|Light Togetic|unl|EN', 9)","('Neo Destiny|15|Light Togetic|1st|EN', 9)",ed_1st:9<-9,-1.4025646416899196,-1.6574242157124237,15,5.622168739315693,-1.9892898888140662,0.24596534137625806
"('Neo Destiny|15|Light Togetic|unl|EN', 9)","('Neo Destiny|15|Light Togetic|unl|EN', 8)",grade8:9<-8,0.1599980668150165,0.036812713846889444,17,5.892108458623367,0.036812713846889444,1.1735086023804093
"('Neo Destiny|15|Light Togetic|unl|EN', 9)","('Neo Destiny|15|Light Togetic|unl|EN', 10)",grade10:9<-10,-2.5657917514377044,-4.191290502817292,5,1.7103512821514044,-3.681761986345072,0.07685830467215599
"('Neo Destiny|15|Light Togetic|unl|EN', 10)","('Neo Destiny|15|Light Togetic|1st|EN', 10)",ed_1st:10<-10,-0.7106724434252912,-0.10305599482307315,2,0.6581000268541435,-0.10305599482307315,0.4913137056837647
"('Neo Destiny|15|Light Togetic|unl|EN', 10)","('Neo Destiny|15|Light Togetic|unl|EN', 8)",grade8:10<-8,2.2393834990532464,3.738125303903691,2,0.6581000268541435,3.738125303903691,9.387542074521887
"('Neo Destiny|15|Light Togetic|unl|EN', 10)","('Neo Destiny|15|Light Togetic|unl|EN', 9)",grade9:10<-9,1.954997960537824,3.9313912570130043,2,0.6581000268541435,3.9313912570130043,7.063904617120238
"('Neo Destiny|16|Miracle Energy|1st|EN', 8)","('Neo Destiny|16|Miracle Energy|1st|EN', 9)",grade9:8<-9,-0.51463843272563,-0.49107377092124604,10,2.8943327676120703,-0.49107377092124604,0.597716670340269
"('Neo Destiny|16|Miracle Energy|1st|EN', 8)","('Neo Destiny|16|Miracle Energy|1st|EN', 10)",grade10:8<-10,-2.299007231353956,-2.25338763148053,10,2.8943327676120703,-2.25338763148053,0.1003584269827304
"('Neo Destiny|16|Miracle Energy|1st|EN', 8)","('Neo Destiny|16|Miracle Energy|unl|EN', 8)",ed_unl:8<-8,0.6348368749732427,0.36792796244445913,9,1.9982731257001176,0.36792796244445913,1.8867143460266722
"('Neo Destiny|16|Miracle Energy|1st|EN', 9)","('Neo Destiny|16|Miracle Energy|1st|EN', 8)",grade8:9<-8,0.4675471136851319,0.38608612046058965,17,2.305690186667929,0.3795632503506665,1.596074398727416
"('Neo Destiny|16|Miracle Energy|1st|EN', 9)","('Neo Destiny|16|Miracle Energy|1st|EN', 10)",grade10:9<-10,-1.7380616808751883,-1.6295280588064136,25,3.224902073493529,-1.6295280588064136,0.17586094510163003
"('Neo Destiny|16|Miracle Energy|1st|EN', 9)","('Neo Destiny|16|Miracle Energy|unl|EN', 9)",ed_unl:9<-9,0.7614162860635842,0.621631998066352,25,3.224902073493529,0.621631998066352,2.141306776868805
"('Neo Destiny|16|Miracle Energy|1st|EN', 10)","('Neo Destiny|16|Miracle Energy|1st|EN', 8)",grade8:10<-8,2.2654780941458688,2.2244120577986983,19,7.339994952258949,2.527451027886019,9.635730286288041
"('Neo Destiny|16|Miracle Energy|1st|EN', 10)","('Neo Destiny|16|Miracle Energy|1st|EN', 9)",grade9:10<-9,1.810625656846326,1.7907679609348994,28,7.9753425161408025,2.036377256964773,6.114271671706756
"('Neo Destiny|16|Miracle Energy|1st|EN', 10)","('Neo Destiny|16|Miracle Energy|unl|EN', 10)",ed_unl:10<-10,0.42248316480592096,0.2721573900833967,24,7.934945892750108,0.20664394874127368,1.525745533165078
"('Neo Destiny|16|Miracle Energy|unl|EN', 8)","('Neo Destiny|16|Miracle Energy|1st|EN', 8)",ed_1st:8<-8,-0.5990398514380677,-0.37822572735209103,13,2.6277998268302594,-0.37822572735209103,0.5493388298488556
"('Neo Destiny|16|Miracle Energy|unl|EN', 8)","('Neo Destiny|16|Miracle Energy|unl|EN', 9)",grade9:8<-9,-0.16833396691158714,0.02867150739832036,20,3.46826031689904,0.06827136944313406,0.8450715616128474
"('Neo Destiny|16|Miracle Energy|unl|EN', 8)","('Neo Destiny|16|Miracle Energy|unl|EN', 10)",grade10:8<-10,-2.2200662955268617,-2.264926316022745,15,3.365166624390344,-2.264926316022745,0.10860190876553495
"('Neo Destiny|16|Miracle Energy|unl|EN', 9)","('Neo Destiny|16|Miracle Energy|1st|EN', 9)",ed_1st:9<-9,-0.8144570334527719,-0.694362319125303,19,2.7599823737704074,-0.694362319125303,0.4428797309682479
"('Neo Destiny|16|Miracle Energy|unl|EN', 9)","('Neo Destiny|16|Miracle Energy|unl|EN', 8)",grade8:9<-8,0.23306485626395596,0.048759673296912,17,2.7488163040199387,-0.03509131981126945,1.2624633553287548
"('Neo Destiny|16|Miracle Energy|unl|EN', 9)","('Neo Destiny|16|Miracle Energy|unl|EN', 10)",grade10:9<-10,-1.844406215998915,-2.0707409406023918,14,2.7217090453991784,-2.327182602326088,0.1581191816607127
"('Neo Destiny|16|Miracle Energy|unl|EN', 10)","('Neo Destiny|16|Miracle Energy|1st|EN', 10)",ed_1st:10<-10,-0.834302158883959,-0.8209738853809414,8,2.174569328846205,-0.8209738853809414,0.4341773625544943
"('Neo Destiny|16|Miracle Energy|unl|EN', 10)","('Neo Destiny|16|Miracle Energy|unl|EN', 8)",grade8:10<-8,2.033793140451065,2.3424185432839115,7,1.1974093604119587,2.3424185432839115,7.643022502479727
"('Neo Destiny|16|Miracle Energy|unl|EN', 10)","('Neo Destiny|16|Miracle Energy|unl|EN', 9)",grade9:10<-9,1.6622141273739572,2.0149030205422647,7,1.1974093604119587,2.3563987204336465,5.270968529593125
"('Neo Destiny|1|Dark Ampharos|1st|EN', 8)","('Neo Destiny|1|Dark Ampharos|1st|EN', 9)",grade9:8<-9,-0.42603722475064204,-0.3331444465285385,13,3.5956250112843895,0.4972388926291007,0.6530920304802001
"('Neo Destiny|1|Dark Ampharos|1st|EN', 8)","('Neo Destiny|1|Dark Ampharos|1st|EN', 10)",grade10:8<-10,-2.3138612932772515,-2.2911587426114037,18,3.853140480849725,-1.4181404003581282,0.09887871377688114
"('Neo Destiny|1|Dark Ampharos|1st|EN', 8)","('Neo Destiny|1|Dark Ampharos|unl|EN', 8)",ed_unl:8<-8,0.8631848783540558,0.916340733124196,7,2.8536292734311566,1.6215786674158048,2.3706990710817033
"('Neo Destiny|1|Dark Ampharos|1st|EN', 9)","('Neo Destiny|1|Dark Ampharos|1st|EN', 8)",grade8:9<-8,0.5101321493489854,0.5012266915066865,18,6.745156368847933,-0.06648174130083273,1.6655112766346751
"('Neo Destiny|1|Dark Ampharos|1st|EN', 9)","('Neo Destiny|1|Dark Ampharos|1st|EN', 10)",grade10:9<-10,-1.963893262196997,-1.9979522536516647,21,9.615212521719771,-1.5260563034950492,0.14031108830179118
"('Neo Destiny|1|Dark Ampharos|1st|EN', 9)","('Neo Destiny|1|Dark Ampharos|unl|EN', 9)",ed_unl:9<-9,1.085580610442378,1.1398386241632208,21,9.615212521719771,1.625902601463367,2.961158599324534
"('Neo Destiny|1|Dark Ampharos|1st|EN', 10)","('Neo Destiny|1|Dark Ampharos|1st|EN', 8)",grade8:10<-8,2.2120057996044427,2.1543305544364912,21,8.007618897447236,1.609435912432101,9.134019042963349
"('Neo Destiny|1|Dark Ampharos|1st|EN', 10)","('Neo Destiny|1|Dark Ampharos|1st|EN', 9)",grade9:10<-9,1.9391638124989774,1.96535595574821,18,8.675981126119474,2.0135800579141376,6.9529345821874635
"('Neo Destiny|1|Dark Ampharos|1st|EN', 10)","('Neo Destiny|1|Dark Ampharos|unl|EN', 10)",ed_unl:10<-10,0.47865655039468,0.35915524281376854,21,8.571510661079262,0.665885784256405,1.613904745413698
"('Neo Destiny|1|Dark Ampharos|unl|EN', 8)","('Neo Destiny|1|Dark Ampharos|1st|EN', 8)",ed_1st:8<-8,-0.8841015071447023,-0.916340733124196,17,8.527799341707953,-1.5847940815213404,0.41308516065481643
"('Neo Destiny|1|Dark Ampharos|unl|EN', 8)","('Neo Destiny|1|Dark Ampharos|unl|EN', 9)",grade9:8<-9,-0.19252141865486094,-0.12733583366270196,18,9.368695756961667,-0.12733583366270196,0.8248766502661175
"('Neo Destiny|1|Dark Ampharos|unl|EN', 8)","('Neo Destiny|1|Dark Ampharos|unl|EN', 10)",grade10:8<-10,-2.680668890234228,-2.8442742914156405,18,9.368695756961667,-2.793539903564196,0.06851730826467951
"('Neo Destiny|1|Dark Ampharos|unl|EN', 9)","('Neo Destiny|1|Dark Ampharos|1st|EN', 9)",ed_1st:9<-9,-1.0377442877426384,-1.0809735352403926,21,7.828090649978904,-1.6094379124341005,0.3542528739245477
"('Neo Destiny|1|Dark Ampharos|unl|EN', 9)","('Neo Destiny|1|Dark Ampharos|unl|EN', 8)",grade8:9<-8,0.3538319396394214,0.3331444465285385,15,6.976188026033505,0.3331444465285385,1.4245157617289808
"('Neo Destiny|1|Dark Ampharos|unl|EN', 9)","('Neo Destiny|1|Dark Ampharos|unl|EN', 10)",grade10:9<-10,-2.421300855289631,-2.7614968538402263,15,6.898085794987248,-3.2338394403985653,0.08880601850800704
"('Neo Destiny|1|Dark Ampharos|unl|EN', 10)","('Neo Destiny|1|Dark Ampharos|1st|EN', 10)",ed_1st:10<-10,-0.5203473098359863,-0.3575307250991324,18,5.962831142043364,0.04255961441879563,0.5943141009887971
"('Neo Destiny|1|Dark Ampharos|unl|EN', 10)","('Neo Destiny|1|Dark Ampharos|unl|EN', 8)",grade8:10<-8,2.7027171955990115,3.1465551632885758,7,5.3540329684433035,3.511198276876484,14.920217845875438
"('Neo Destiny|1|Dark Ampharos|unl|EN', 10)","('Neo Destiny|1|Dark Ampharos|unl|EN', 9)",grade9:10<-9,2.386012104621329,2.862804783847838,8,5.439905071409434,3.1780538303479453,10.870058736075542
"('Neo Destiny|2|Dark Crobat|1st|EN', 8)","('Neo Destiny|2|Dark Crobat|1st|EN', 9)",grade9:8<-9,-0.5509823518917363,-0.5586347885080842,15,5.335265971752364,-0.7106477868802612,0.576383320934368
"('Neo Destiny|2|Dark Crobat|1st|EN', 8)","('Neo Destiny|2|Dark Crobat|1st|EN', 10)",grade10:8<-10,-2.397018690074726,-2.4244311337168325,24,5.9095816308208065,-2.9951338480298464,0.0909888151849605
"('Neo Destiny|2|Dark Crobat|1st|EN', 8)","('Neo Destiny|2|Dark Crobat|unl|EN', 8)",ed_unl:8<-8,0.8242123912485956,0.8303007290520696,19,5.710859520657099,0.6948129873881763,2.2800842436398407
"('Neo Destiny|2|Dark Crobat|1st|EN', 9)","('Neo Destiny|2|Dark Crobat|1st|EN', 8)",grade8:9<-8,0.5316368127516041,0.5321582520957797,22,8.525027071738904,0.5883750281736404,1.701715419779963
"('Neo Destiny|2|Dark Crobat|1st|EN', 9)","('Neo Destiny|2|Dark Crobat|1st|EN', 10)",grade10:9<-10,-1.883571813074182,-1.8937207654488253,22,8.525027071738904,-1.8626425184985083,0.15204605462503354
"('Neo Destiny|2|Dark Crobat|1st|EN', 9)","('Neo Destiny|2|Dark Crobat|unl|EN', 9)",ed_unl:9<-9,0.6244305012751776,0.5233460135289665,22,8.525027071738904,0.4921477180484928,1.8671822966472884
"('Neo Destiny|2|Dark Crobat|1st|EN', 10)","('Neo Destiny|2|Dark Crobat|1st|EN', 8)",grade8:10<-8,2.755500096357115,2.8524204978732275,31,12.057745210041608,3.5976417266211254,15.728904904304496
"('Neo Destiny|2|Dark Crobat|1st|EN', 10)","('Neo Destiny|2|Dark Crobat|1st|EN', 9)",grade9:10<-9,2.2542447681824793,2.3561656686760264,21,11.503876063258467,2.886993939740864,9.528094671912024
"('Neo Destiny|2|Dark Crobat|1st|EN', 10)","('Neo Destiny|2|Dark Crobat|unl|EN', 10)",ed_unl:10<-10,0.7841041684587851,0.7751355466595049,30,12.037956351225171,1.3516088031320015,2.1904437929006906
"('Neo Destiny|2|Dark Crobat|unl|EN', 8)","('Neo Destiny|2|Dark Crobat|1st|EN', 8)",ed_1st:8<-8,-0.794243993280695,-0.7949790225206907,19,7.288293038663616,-0.662771309880986,0.45192276245279306
"('Neo Destiny|2|Dark Crobat|unl|EN', 8)","('Neo Destiny|2|Dark Crobat|unl|EN', 9)",grade9:8<-9,-0.6464826200003806,-0.7495492347098232,19,7.288293038663616,-0.7495492347098232,0.5238852432899868
"('Neo Destiny|2|Dark Crobat|unl|EN', 8)","('Neo Destiny|2|Dark Crobat|unl|EN', 10)",grade10:8<-10,-2.607462313992813,-2.7876347483576156,19,7.288293038663616,-2.90880423337011,0.07372138832194988
"('Neo Destiny|2|Dark Crobat|unl|EN', 9)","('Neo Destiny|2|Dark Crobat|1st|EN', 9)",ed_1st:9<-9,-0.6672048783265155,-0.5327486800856498,13,5.750688850509012,-0.4570783619702441,0.5131408663006519
"('Neo Destiny|2|Dark Crobat|unl|EN', 9)","('Neo Destiny|2|Dark Crobat|unl|EN', 8)",grade8:9<-8,0.6259052396605277,0.7340525118859489,18,6.212824831439336,0.9163407347910031,1.8699379334748778
"('Neo Destiny|2|Dark Crobat|unl|EN', 9)","('Neo Destiny|2|Dark Crobat|unl|EN', 10)",grade10:9<-10,-1.8822474518240473,-1.9924634985791068,25,6.619190183240022,-1.9924634985791068,0.15224755192617256
"('Neo Destiny|2|Dark Crobat|unl|EN', 10)","('Neo Destiny|2|Dark Crobat|1st|EN', 10)",ed_1st:10<-10,-0.7593045172935045,-0.710048991362549,24,5.156298196744724,-0.710048991362549,0.4679917940527641
"('Neo Destiny|2|Dark Crobat|unl|EN', 10)","('Neo Destiny|2|Dark Crobat|unl|EN', 8)",grade8:10<-8,2.2984445262288875,2.5411512371555203,14,4.793872815070786,2.968310205883463,9.958679935624653
"('Neo Destiny|2|Dark Crobat|unl|EN', 10)","('Neo Destiny|2|Dark Crobat|unl|EN', 9)",grade9:10<-9,1.6811271790037443,1.7746944389061667,22,5.119869251082161,2.108890649482695,5.3716073229937225
"('Neo Destiny|3|Dark Donphan|1st|EN', 8)","('Neo Destiny|3|Dark Donphan|1st|EN', 9)",grade9:8<-9,-0.49533724621059966,-0.4741335587942137,24,5.947434042333686,-0.17730901497041085,0.6093653664786108
"('Neo Destiny|3|Dark Donphan|1st|EN', 8)","('Neo Destiny|3|Dark Donphan|1st|EN', 10)",grade10:8<-10,-2.5098179478441827,-2.593104039602556,27,6.008132164051994,-2.4935014217154308,0.08128303564586283
"('Neo Destiny|3|Dark Donphan|1st|EN', 8)","('Neo Destiny|3|Dark Donphan|unl|EN', 8)",ed_unl:8<-8,0.7082713837193442,0.6475279017935716,12,5.153695026247477,0.9601447703840735,2.0304783053911963
"('Neo Destiny|3|Dark Donphan|1st|EN', 9)","('Neo Destiny|3|Dark Donphan|1st|EN', 8)",grade8:9<-8,0.3495662512815909,0.27525525635682513,27,7.290528143690848,0.27525525635682513,1.4184521633336509
"('Neo Destiny|3|Dark Donphan|1st|EN', 9)","('Neo Destiny|3|Dark Donphan|1st|EN', 10)",grade10:9<-10,-2.109459400663521,-2.214277987390047,27,7.290528143690848,-2.4351943122472663,0.12130352531653939
"('Neo Destiny|3|Dark Donphan|1st|EN', 9)","('Neo Destiny|3|Dark Donphan|unl|EN', 9)",ed_unl:9<-9,0.798702928850304,0.7519876805828787,26,7.255248006040656,0.8601499818568605,2.2226561148703623
"('Neo Destiny|3|Dark Donphan|1st|EN', 10)","('Neo Destiny|3|Dark Donphan|1st|EN', 8)",grade8:10<-8,2.7126025452959768,2.8134773856490236,26,10.309298634953414,2.446672514483325,15.068440827812713
"('Neo Destiny|3|Dark Donphan|1st|EN', 10)","('Neo Destiny|3|Dark Donphan|1st|EN', 9)",grade9:10<-9,2.189418534371362,2.284284998204722,26,10.309298634953414,2.269363499512914,8.930019105603222
"('Neo Destiny|3|Dark Donphan|1st|EN', 10)","('Neo Destiny|3|Dark Donphan|unl|EN', 10)",ed_unl:10<-10,0.6440722575690009,0.5899487918498787,22,9.756574221616521,0.6599005867663088,1.904219584225586
"('Neo Destiny|3|Dark Donphan|unl|EN', 8)","('Neo Destiny|3|Dark Donphan|1st|EN', 8)",ed_1st:8<-8,-0.6636092539170708,-0.6261644950005651,23,10.32312987939695,-0.946596081369484,0.5149892491789003
"('Neo Destiny|3|Dark Donphan|unl|EN', 8)","('Neo Destiny|3|Dark Donphan|unl|EN', 9)",grade9:8<-9,-0.3639737345293765,-0.35464061879479214,23,10.32312987939695,-0.2384110234449981,0.6949094466268688
"('Neo Destiny|3|Dark Donphan|unl|EN', 8)","('Neo Destiny|3|Dark Donphan|unl|EN', 10)",grade10:8<-10,-2.5065452753100974,-2.6090614695828114,20,9.855988024721796,-2.7333680090865,0.08154948416567055
"('Neo Destiny|3|Dark Donphan|unl|EN', 9)","('Neo Destiny|3|Dark Donphan|1st|EN', 9)",ed_1st:9<-9,-0.8855260693406185,-0.8681928758560851,20,6.822296604995753,-0.8681928758560851,0.412497114105143
"('Neo Destiny|3|Dark Donphan|unl|EN', 9)","('Neo Destiny|3|Dark Donphan|unl|EN', 8)",grade8:9<-8,0.3234534038148346,0.28583143499606223,12,6.258456338017743,0.28583143499606223,1.381891763883315
"('Neo Destiny|3|Dark Donphan|unl|EN', 9)","('Neo Destiny|3|Dark Donphan|unl|EN', 10)",grade10:9<-10,-2.15112588074657,-2.4064155135349825,11,6.017385996858649,-2.900418760410777,0.11635308430337338
"('Neo Destiny|3|Dark Donphan|unl|EN', 10)","('Neo Destiny|3|Dark Donphan|1st|EN', 10)",ed_1st:10<-10,-0.7905667088095564,-0.753558401230519,16,4.328476914196408,-0.753558401230519,0.45358767030307495
"('Neo Destiny|3|Dark Donphan|unl|EN', 10)","('Neo Destiny|3|Dark Donphan|unl|EN', 8)",grade8:10<-8,2.3184347129741414,2.610886452648562,9,4.183513030711511,2.753691042608385,10.159758914430256
"('Neo Destiny|3|Dark Donphan|unl|EN', 10)","('Neo Destiny|3|Dark Donphan|unl|EN', 9)",grade9:10<-9,1.9690621549734253,2.286807764842515,10,4.226201788735087,2.494956985641502,7.163954657575304
"('Neo Destiny|4|Dark Espeon|1st|EN', 8)","('Neo Destiny|4|Dark Espeon|1st|EN', 9)",grade9:8<-9,-0.7663179147094544,-0.8866214285181337,13,5.7091804835030215,-1.027132911101221,0.46472106448346295
"('Neo Destiny|4|Dark Espeon|1st|EN', 8)","('Neo Destiny|4|Dark Espeon|1st|EN', 10)",grade10:8<-10,-3.034433030599171,-3.3745178942621035,20,6.09918087102069,-3.7744038253567123,0.04810192746676491
"('Neo Destiny|4|Dark Espeon|1st|EN', 8)","('Neo Destiny|4|Dark Espeon|unl|EN', 8)",ed_unl:8<-8,0.7747359549438744,0.752462710595398,10,5.102968621272873,1.0239764592518652,2.1700190687233505
"('Neo Destiny|4|Dark Espeon|1st|EN', 9)","('Neo Destiny|4|Dark Espeon|1st|EN', 8)",grade8:9<-8,0.731738352137489,0.7829279768736468,24,11.813915530735596,1.0303982931165248,2.078690965611485
"('Neo Destiny|4|Dark Espeon|1st|EN', 9)","('Neo Destiny|4|Dark Espeon|1st|EN', 10)",grade10:9<-10,-2.573328610007273,-2.7558075247188523,24,11.813915530735596,-2.747270914255491,0.07628121196477697
"('Neo Destiny|4|Dark Espeon|1st|EN', 9)","('Neo Destiny|4|Dark Espeon|unl|EN', 9)",ed_unl:9<-9,0.9344864523663111,0.9402779157068171,24,11.813915530735596,1.3268031953872406,2.5459056781275895
"('Neo Destiny|4|Dark Espeon|1st|EN', 10)","('Neo Destiny|4|Dark Espeon|1st|EN', 8)",grade8:10<-8,3.0104953781191384,3.3406026108129447,16,5.857573421348949,3.779846128715551,20.2974523489279
"('Neo Destiny|4|Dark Espeon|1st|EN', 10)","('Neo Destiny|4|Dark Espeon|1st|EN', 9)",grade9:10<-9,2.3535735349427522,2.6231381450572897,11,5.4549879792806735,2.8083849779827386,10.523107305515149
"('Neo Destiny|4|Dark Espeon|1st|EN', 10)","('Neo Destiny|4|Dark Espeon|unl|EN', 10)",ed_unl:10<-10,0.5572403649367541,0.4001970229717706,10,5.021258962333462,0.8409598323847209,1.7458479431503742
"('Neo Destiny|4|Dark Espeon|unl|EN', 8)","('Neo Destiny|4|Dark Espeon|1st|EN', 8)",ed_1st:8<-8,-0.8192017410857417,-0.8250997347685818,22,13.602990478210513,-1.0130879174253344,0.4407833733630099
"('Neo Destiny|4|Dark Espeon|unl|EN', 8)","('Neo Destiny|4|Dark Espeon|unl|EN', 9)",grade9:8<-9,-0.5215934163095104,-0.549272041832034,22,13.602990478210513,-0.43626784632302407,0.5935739835685727
"('Neo Destiny|4|Dark Espeon|unl|EN', 8)","('Neo Destiny|4|Dark Espeon|unl|EN', 10)",grade10:8<-10,-3.5724454100103786,-3.8817964158743736,22,13.602990478210513,-3.963008560161013,0.028087085191704546
"('Neo Destiny|4|Dark Espeon|unl|EN', 9)","('Neo Destiny|4|Dark Espeon|1st|EN', 9)",ed_1st:9<-9,-1.0198681276485024,-1.0522048993719446,19,8.806506422344645,-1.6039529822035314,0.36064249581134505
"('Neo Destiny|4|Dark Espeon|unl|EN', 9)","('Neo Destiny|4|Dark Espeon|unl|EN', 8)",grade8:9<-8,0.5210676321011352,0.5676624061927997,14,7.670114140982248,0.43626784632302407,1.683824395373715
"('Neo Destiny|4|Dark Espeon|unl|EN', 9)","('Neo Destiny|4|Dark Espeon|unl|EN', 10)",grade10:9<-10,-2.8266043097972715,-3.2910839098596574,14,7.670114140982248,-3.526740713837989,0.059213583654029324
"('Neo Destiny|4|Dark Espeon|unl|EN', 10)","('Neo Destiny|4|Dark Espeon|1st|EN', 10)",ed_1st:10<-10,-0.8367648487899699,-0.8244831826210337,4,1.758326985203591,-0.8244831826210337,0.4331094338746378
"('Neo Destiny|4|Dark Espeon|unl|EN', 10)","('Neo Destiny|4|Dark Espeon|unl|EN', 8)",grade8:10<-8,2.6594299661204053,3.9656232743712314,3,1.7198537222865626,3.9656232743712314,14.288142051805849
"('Neo Destiny|4|Dark Espeon|unl|EN', 10)","('Neo Destiny|4|Dark Espeon|unl|EN', 9)",grade9:10<-9,2.252068529950853,3.5265235381416824,3,1.7198537222865626,3.5265235381416824,9.507381814243521
"('Neo Destiny|5|Dark Feraligatr|1st|EN', 8)","('Neo Destiny|5|Dark Feraligatr|1st|EN', 9)",grade9:8<-9,-0.5188078642843335,-0.5137947914708176,24,11.110087607714945,-0.6259186343049112,0.5952297197796597
"('Neo Destiny|5|Dark Feraligatr|1st|EN', 8)","('Neo Destiny|5|Dark Feraligatr|1st|EN', 10)",grade10:8<-10,-2.5841458287300862,-2.648561664124279,26,11.229808399482422,-3.324474249192461,0.07546050827883259
"('Neo Destiny|5|Dark Feraligatr|1st|EN', 8)","('Neo Destiny|5|Dark Feraligatr|unl|EN', 8)",ed_unl:8<-8,0.7117215558022606,0.6537264474039972,18,5.219455102149995,0.8556494432521635,2.0374959039554787
"('Neo Destiny|5|Dark Feraligatr|1st|EN', 9)","('Neo Destiny|5|Dark Feraligatr|1st|EN', 8)",grade8:9<-8,0.5512663919084252,0.5596157879354227,22,7.585461486201095,0.9067212808580045,1.7354493859022946
"('Neo Destiny|5|Dark Feraligatr|1st|EN', 9)","('Neo Destiny|5|Dark Feraligatr|1st|EN', 10)",grade10:9<-10,-1.9768892855247566,-2.0252017727428386,22,7.585461486201095,-2.5621794904787762,0.1384993999957529
"('Neo Destiny|5|Dark Feraligatr|1st|EN', 9)","('Neo Destiny|5|Dark Feraligatr|unl|EN', 9)",ed_unl:9<-9,1.011913753321431,1.0515556079556498,22,7.585461486201095,1.060894183154402,2.7508604491032536
"('Neo Destiny|5|Dark Feraligatr|1st|EN', 10)","('Neo Destiny|5|Dark Feraligatr|1st|EN', 8)",grade8:10<-8,2.479427631242753,2.5082856100623685,32,11.79653342741167,3.4775703604467303,11.934431566816068
"('Neo Destiny|5|Dark Feraligatr|1st|EN', 10)","('Neo Destiny|5|Dark Feraligatr|1st|EN', 9)",grade9:10<-9,2.0536979229303207,2.1036601195975173,26,11.425535902263261,2.5708490795887258,7.796679383058636
"('Neo Destiny|5|Dark Feraligatr|1st|EN', 10)","('Neo Destiny|5|Dark Feraligatr|unl|EN', 10)",ed_unl:10<-10,0.5271204070013933,0.45265790257404603,34,11.80345959193608,0.6031989438970058,1.694047112102082
"('Neo Destiny|5|Dark Feraligatr|unl|EN', 8)","('Neo Destiny|5|Dark Feraligatr|1st|EN', 8)",ed_1st:8<-8,-0.7709799759347029,-0.7575754801414716,24,4.806965106247101,-0.5712162297704655,0.4625595489021784
"('Neo Destiny|5|Dark Feraligatr|unl|EN', 8)","('Neo Destiny|5|Dark Feraligatr|unl|EN', 9)",grade9:8<-9,-0.2942410603300788,-0.23067808831924275,24,4.806965106247101,-0.178486362887889,0.7450968564985607
"('Neo Destiny|5|Dark Feraligatr|unl|EN', 8)","('Neo Destiny|5|Dark Feraligatr|unl|EN', 10)",grade10:8<-10,-2.436786669879011,-2.603445372218566,24,4.806965106247101,-2.7289954281931568,0.087441378523001
"('Neo Destiny|5|Dark Feraligatr|unl|EN', 9)","('Neo Destiny|5|Dark Feraligatr|1st|EN', 9)",ed_1st:9<-9,-0.9366072063054063,-0.9417523569356216,20,6.800816214321832,-0.6819961024309595,0.39195540582814037
"('Neo Destiny|5|Dark Feraligatr|unl|EN', 9)","('Neo Destiny|5|Dark Feraligatr|unl|EN', 8)",grade8:9<-8,0.26929900725479844,0.19353886246584295,19,5.2523479197557,0.05715841383994924,1.3090464969338778
"('Neo Destiny|5|Dark Feraligatr|unl|EN', 9)","('Neo Destiny|5|Dark Feraligatr|unl|EN', 10)",grade10:9<-10,-2.3731571341704645,-2.689283823944252,23,6.966415974974321,-2.7217647005266743,0.09318606047733699
"('Neo Destiny|5|Dark Feraligatr|unl|EN', 10)","('Neo Destiny|5|Dark Feraligatr|1st|EN', 10)",ed_1st:10<-10,-0.7355925079682908,-0.6733445532637656,22,5.222857667474604,-0.5945293547870563,0.4792214323219494
"('Neo Destiny|5|Dark Feraligatr|unl|EN', 10)","('Neo Destiny|5|Dark Feraligatr|unl|EN', 8)",grade8:10<-8,2.249797490527343,2.5752874171029942,13,3.1262534209496895,2.7525360636883924,9.485814674510896
"('Neo Destiny|5|Dark Feraligatr|unl|EN', 10)","('Neo Destiny|5|Dark Feraligatr|unl|EN', 9)",grade9:10<-9,2.191748890187351,2.5840153921275757,17,5.126405799340152,3.028544318846122,8.9508534939033
"('Neo Destiny|6|Dark Gengar|1st|EN', 8)","('Neo Destiny|6|Dark Gengar|1st|EN', 9)",grade9:8<-9,-0.7279239159420748,-0.7698368834394662,24,13.639036101817101,-0.4660897299245992,0.48291051292497095
"('Neo Destiny|6|Dark Gengar|1st|EN', 8)","('Neo Destiny|6|Dark Gengar|1st|EN', 10)",grade10:8<-10,-2.3608994982066926,-2.3648322173078657,24,13.639036101817101,-3.056356895370424,0.09433533056097224
"('Neo Destiny|6|Dark Gengar|1st|EN', 8)","('Neo Destiny|6|Dark Gengar|unl|EN', 8)",ed_unl:8<-8,0.782416581683477,0.7757725794160928,24,13.639036101817101,1.2039728043259368,2.186750346306112
"('Neo Destiny|6|Dark Gengar|1st|EN', 9)","('Neo Destiny|6|Dark Gengar|1st|EN', 8)",grade8:9<-8,0.6472754257925595,0.6696120230324514,25,15.730288721897269,0.4978384282391808,1.9103288992467178
"('Neo Destiny|6|Dark Gengar|1st|EN', 9)","('Neo Destiny|6|Dark Gengar|1st|EN', 10)",grade10:9<-10,-1.8762924328049828,-1.8804043695964534,25,15.730288721897269,-2.554891948708347,0.15315689388054096
"('Neo Destiny|6|Dark Gengar|1st|EN', 9)","('Neo Destiny|6|Dark Gengar|unl|EN', 9)",ed_unl:9<-9,1.022657367029098,1.0450715217400806,22,14.853676481911561,0.9879131079001322,2.7805739605697934
"('Neo Destiny|6|Dark Gengar|1st|EN', 10)","('Neo Destiny|6|Dark Gengar|1st|EN', 8)",grade8:10<-8,2.5673870856475447,2.6280354897167646,16,9.964029297750436,3.056356895370424,13.031729124195714
"('Neo Destiny|6|Dark Gengar|1st|EN', 10)","('Neo Destiny|6|Dark Gengar|1st|EN', 9)",grade9:10<-9,1.8839533521373035,1.8901367100497346,16,9.964029297750436,2.590267165445825,6.5794644545396865
"('Neo Destiny|6|Dark Gengar|1st|EN', 10)","('Neo Destiny|6|Dark Gengar|unl|EN', 10)",ed_unl:10<-10,0.9057113057759274,0.9278611090222064,39,11.596379947266467,1.5114575040738956,2.473690848004617
"('Neo Destiny|6|Dark Gengar|unl|EN', 8)","('Neo Destiny|6|Dark Gengar|1st|EN', 8)",ed_1st:8<-8,-0.7761200874710551,-0.7721305748893155,22,12.285863982529145,-1.1154761692580086,0.4601880413566774
"('Neo Destiny|6|Dark Gengar|unl|EN', 8)","('Neo Destiny|6|Dark Gengar|unl|EN', 9)",grade9:8<-9,-0.5071835622173276,-0.5343108784264468,22,12.285863982529145,-0.6161817644142467,0.6021892211483505
"('Neo Destiny|6|Dark Gengar|unl|EN', 8)","('Neo Destiny|6|Dark Gengar|unl|EN', 10)",grade10:8<-10,-2.352841125429528,-2.3975499008344414,22,12.285863982529145,-2.7488721956224653,0.0950985910089581
"('Neo Destiny|6|Dark Gengar|unl|EN', 9)","('Neo Destiny|6|Dark Gengar|1st|EN', 9)",ed_1st:9<-9,-1.0420150722529935,-1.06224101168893,26,17.36457398116384,-1.0450715217400806,0.3527431623589373
"('Neo Destiny|6|Dark Gengar|unl|EN', 9)","('Neo Destiny|6|Dark Gengar|unl|EN', 8)",grade8:9<-8,0.524118556330658,0.545227050483323,26,17.36457398116384,0.6821494263504038,1.688969460631036
"('Neo Destiny|6|Dark Gengar|unl|EN', 9)","('Neo Destiny|6|Dark Gengar|unl|EN', 10)",grade10:9<-10,-1.742846003488993,-1.7607754171359487,26,17.36457398116384,-2.0667227692720616,0.17502157910502666
"('Neo Destiny|6|Dark Gengar|unl|EN', 10)","('Neo Destiny|6|Dark Gengar|1st|EN', 10)",ed_1st:10<-10,-0.773518568811845,-0.733932785345031,18,5.338634390289284,-1.122330119961637,0.46138678773746794
"('Neo Destiny|6|Dark Gengar|unl|EN', 10)","('Neo Destiny|6|Dark Gengar|unl|EN', 8)",grade8:10<-8,2.2029559148897637,2.392545094432073,9,4.625998549317698,2.736070458666796,9.05173013781912
"('Neo Destiny|6|Dark Gengar|unl|EN', 10)","('Neo Destiny|6|Dark Gengar|unl|EN', 9)",grade9:10<-9,1.6650330606317298,1.7649560377809967,8,4.3110182868439795,2.2260413212593235,5.285848000346184
"('Neo Destiny|7|Dark Houndoom|1st|EN', 8)","('Neo Destiny|7|Dark Houndoom|1st|EN', 9)",grade9:8<-9,-0.5617006553297788,-0.5740735534954746,16,5.898593362440162,-0.5740735534954746,0.5702384596754768
"('Neo Destiny|7|Dark Houndoom|1st|EN', 8)","('Neo Destiny|7|Dark Houndoom|1st|EN', 10)",grade10:8<-10,-2.4116389267674134,-2.445544092568337,20,6.071546285603496,-3.0031154260089448,0.08966821444155407
"('Neo Destiny|7|Dark Houndoom|1st|EN', 8)","('Neo Destiny|7|Dark Houndoom|unl|EN', 8)",ed_unl:8<-8,0.8338257585406579,0.8461897371023515,10,5.144763351758909,0.8741011583951508,2.3021092284420344
"('Neo Destiny|7|Dark Houndoom|1st|EN', 9)","('Neo Destiny|7|Dark Houndoom|1st|EN', 8)",grade8:9<-8,0.554051267613198,0.5614103287057777,24,9.74154830463829,0.6298594413240268,1.740289132652627
"('Neo Destiny|7|Dark Houndoom|1st|EN', 9)","('Neo Destiny|7|Dark Houndoom|1st|EN', 10)",grade10:9<-10,-1.8220552672003831,-1.8119922319607902,24,9.74154830463829,-2.44392687637579,0.16169308669641813
"('Neo Destiny|7|Dark Houndoom|1st|EN', 9)","('Neo Destiny|7|Dark Houndoom|unl|EN', 9)",ed_unl:9<-9,1.045466986394305,1.0866679791150382,24,9.74154830463829,1.109855254614157,2.844726662163072
"('Neo Destiny|7|Dark Houndoom|1st|EN', 10)","('Neo Destiny|7|Dark Houndoom|1st|EN', 8)",grade8:10<-8,2.4050633750038104,2.4183539702809984,23,8.82814807232135,3.4432701580840632,11.079132399995895
"('Neo Destiny|7|Dark Houndoom|1st|EN', 10)","('Neo Destiny|7|Dark Houndoom|1st|EN', 9)",grade9:10<-9,1.9647349999672858,2.000274171873116,17,8.552706396572495,2.8134107167600364,7.133022088591188
"('Neo Destiny|7|Dark Houndoom|1st|EN', 10)","('Neo Destiny|7|Dark Houndoom|unl|EN', 10)",ed_unl:10<-10,0.6868830931244655,0.6420954611006948,32,8.92271115251728,1.4271163556401465,1.987510982116846
"('Neo Destiny|7|Dark Houndoom|unl|EN', 8)","('Neo Destiny|7|Dark Houndoom|1st|EN', 8)",ed_1st:8<-8,-0.8382296675668275,-0.852552648007074,20,9.586980302342178,-0.8477318302164205,0.4324754714768336
"('Neo Destiny|7|Dark Houndoom|unl|EN', 8)","('Neo Destiny|7|Dark Houndoom|unl|EN', 9)",grade9:8<-9,-0.2953406316306485,-0.26381388753898705,20,9.586980302342178,-0.36773601692629043,0.7442780196462633
"('Neo Destiny|7|Dark Houndoom|unl|EN', 8)","('Neo Destiny|7|Dark Houndoom|unl|EN', 10)",grade10:8<-10,-2.5592432740001767,-2.6811265304909284,20,9.586980302342178,-2.5861476163275734,0.07736326108955748
"('Neo Destiny|7|Dark Houndoom|unl|EN', 9)","('Neo Destiny|7|Dark Houndoom|1st|EN', 9)",ed_1st:9<-9,-1.030642064180817,-1.0878013725638942,14,5.547579325701015,-0.758873962955934,0.35677781275913617
"('Neo Destiny|7|Dark Houndoom|unl|EN', 9)","('Neo Destiny|7|Dark Houndoom|unl|EN', 8)",grade8:9<-8,0.3183407995665238,0.2672146456288633,8,4.905380957333188,0.7187173085845133,1.3748447278837106
"('Neo Destiny|7|Dark Houndoom|unl|EN', 9)","('Neo Destiny|7|Dark Houndoom|unl|EN', 10)",grade10:9<-10,-2.0590569831562893,-2.276972732254208,20,5.781911467753428,-1.9689624090216054,0.12757421782422962
"('Neo Destiny|7|Dark Houndoom|unl|EN', 10)","('Neo Destiny|7|Dark Houndoom|1st|EN', 10)",ed_1st:10<-10,-0.9597705514015237,-1.004601667495102,30,7.749571125139229,-1.4271163556401465,0.38298075029095213
"('Neo Destiny|7|Dark Houndoom|unl|EN', 10)","('Neo Destiny|7|Dark Houndoom|unl|EN', 8)",grade8:10<-8,2.4772949007117355,2.7130627429257546,13,7.210721407255113,2.8638856326603372,11.90900576307466
"('Neo Destiny|7|Dark Houndoom|unl|EN', 10)","('Neo Destiny|7|Dark Houndoom|unl|EN', 9)",grade9:10<-9,2.153291791568036,2.399636008021914,23,7.694704596120251,2.145168324075824,8.61316452503884
"('Neo Destiny|8|Dark Porygon2|1st|EN', 8)","('Neo Destiny|8|Dark Porygon2|1st|EN', 9)",grade9:8<-9,-0.4480305124406343,-0.40392205882061827,15,6.076561558519102,-0.40392205882061827,0.6388851897880837
"('Neo Destiny|8|Dark Porygon2|1st|EN', 8)","('Neo Destiny|8|Dark Porygon2|1st|EN', 10)",grade10:8<-10,-2.6985427712129337,-2.8693121413859197,25,6.245665225195296,-3.2190008326813526,0.06730351793821895
"('Neo Destiny|8|Dark Porygon2|1st|EN', 8)","('Neo Destiny|8|Dark Porygon2|unl|EN', 8)",ed_unl:8<-8,0.9672227310392757,1.0444885327014939,14,6.002664196892406,1.1238820148749031,2.630628342202183
"('Neo Destiny|8|Dark Porygon2|1st|EN', 9)","('Neo Destiny|8|Dark Porygon2|1st|EN', 8)",grade8:9<-8,0.4472073437295088,0.4094901834366569,20,6.597610228574875,0.4094901834366569,1.5639385385200697
"('Neo Destiny|8|Dark Porygon2|1st|EN', 9)","('Neo Destiny|8|Dark Porygon2|1st|EN', 10)",grade10:9<-10,-2.1600761284374617,-2.2989192865049146,20,6.597610228574875,-2.48313670150048,0.11531634185097496
"('Neo Destiny|8|Dark Porygon2|1st|EN', 9)","('Neo Destiny|8|Dark Porygon2|unl|EN', 9)",ed_unl:9<-9,1.1903121348904289,1.3170090565509565,20,6.597610228574875,1.3170090565509565,3.288107380259463
"('Neo Destiny|8|Dark Porygon2|1st|EN', 10)","('Neo Destiny|8|Dark Porygon2|1st|EN', 8)",grade8:10<-8,2.849711855661283,2.9680612905848127,32,12.262642284574083,3.218241818886196,17.282801181710088
"('Neo Destiny|8|Dark Porygon2|1st|EN', 10)","('Neo Destiny|8|Dark Porygon2|1st|EN', 9)",grade9:10<-9,2.3531088911892706,2.4746312720145847,25,12.08894827912902,2.8150787738607344,10.518218945199415
"('Neo Destiny|8|Dark Porygon2|1st|EN', 10)","('Neo Destiny|8|Dark Porygon2|unl|EN', 10)",ed_unl:10<-10,1.1177186973344206,1.1942133939678703,30,11.672439373870114,0.9162932318772814,3.0578703124427036
"('Neo Destiny|8|Dark Porygon2|unl|EN', 8)","('Neo Destiny|8|Dark Porygon2|1st|EN', 8)",ed_1st:8<-8,-0.8420876847981104,-0.8584135222977993,22,9.119788375215654,-1.1242615217724818,0.4308101880673603
"('Neo Destiny|8|Dark Porygon2|unl|EN', 8)","('Neo Destiny|8|Dark Porygon2|unl|EN', 9)",grade9:8<-9,-0.0311045851377461,0.08895899189197376,22,9.119788375215654,-0.26828208737075077,0.9693741856415761
"('Neo Destiny|8|Dark Porygon2|unl|EN', 8)","('Neo Destiny|8|Dark Porygon2|unl|EN', 10)",grade10:8<-10,-2.210790734056171,-2.225244796964178,17,8.519041332103871,-3.4265896156789744,0.10961393876344111
"('Neo Destiny|8|Dark Porygon2|unl|EN', 9)","('Neo Destiny|8|Dark Porygon2|1st|EN', 9)",ed_1st:9<-9,-1.128132208619087,-1.2595219863247706,18,4.639373331900926,-1.2595219863247706,0.3236371789794476
"('Neo Destiny|8|Dark Porygon2|unl|EN', 9)","('Neo Destiny|8|Dark Porygon2|unl|EN', 8)",grade8:9<-8,0.1917679573148724,0.04951445750126826,15,4.432311257920567,0.2556298129237895,1.2113893903026083
"('Neo Destiny|8|Dark Porygon2|unl|EN', 9)","('Neo Destiny|8|Dark Porygon2|unl|EN', 10)",grade10:9<-10,-2.224741276998833,-2.691979797576792,13,3.760440059752755,-3.1583075283082236,0.10809538177890514
"('Neo Destiny|8|Dark Porygon2|unl|EN', 10)","('Neo Destiny|8|Dark Porygon2|1st|EN', 10)",ed_1st:10<-10,-0.87830167712204,-0.8974310959830323,23,5.385176658877535,-0.8974310959830323,0.4154879455079548
"('Neo Destiny|8|Dark Porygon2|unl|EN', 10)","('Neo Destiny|8|Dark Porygon2|unl|EN', 8)",grade8:10<-8,2.527221258916305,2.8924519453120956,10,5.06484085404605,3.407611204008533,12.518671613895908
"('Neo Destiny|8|Dark Porygon2|unl|EN', 10)","('Neo Destiny|8|Dark Porygon2|unl|EN', 9)",grade9:10<-9,2.2885938948727724,2.7234839085157896,15,5.292032956127325,3.1624137476100938,9.861062238120573
"('Neo Destiny|9|Dark Scizor|1st|EN', 8)","('Neo Destiny|9|Dark Scizor|1st|EN', 9)",grade9:8<-9,-0.3448968920015813,-0.2615071606058885,17,6.924456828507031,-0.4997757875794058,0.7082933804156519
"('Neo Destiny|9|Dark Scizor|1st|EN', 8)","('Neo Destiny|9|Dark Scizor|1st|EN', 10)",grade10:8<-10,-2.275333639316697,-2.2466581408995125,25,7.081274610002692,-2.866898776710827,0.1027626170657901
"('Neo Destiny|9|Dark Scizor|1st|EN', 8)","('Neo Destiny|9|Dark Scizor|unl|EN', 8)",ed_unl:8<-8,1.0095926069110033,1.0960008788872537,16,6.8385847255409,1.1096621248546947,2.7444827039498234
"('Neo Destiny|9|Dark Scizor|1st|EN', 9)","('Neo Destiny|9|Dark Scizor|1st|EN', 8)",grade8:9<-8,0.32843770104786085,0.25112740738683037,22,7.8275740775112315,0.4997757875794058,1.3887967170527695
"('Neo Destiny|9|Dark Scizor|1st|EN', 9)","('Neo Destiny|9|Dark Scizor|1st|EN', 10)",grade10:9<-10,-1.90121218568739,-1.9190262887801817,22,7.8275740775112315,-2.3671229891314214,0.1493874241263691
"('Neo Destiny|9|Dark Scizor|1st|EN', 9)","('Neo Destiny|9|Dark Scizor|unl|EN', 9)",ed_unl:9<-9,0.9122952276543378,0.9125310841981262,22,7.8275740775112315,1.1741335667606467,2.4900311679675937
"('Neo Destiny|9|Dark Scizor|1st|EN', 10)","('Neo Destiny|9|Dark Scizor|1st|EN', 8)",grade8:10<-8,2.186685784096493,2.0944643920194084,18,5.831634261127984,3.017358140828419,8.905648907436895
"('Neo Destiny|9|Dark Scizor|1st|EN', 10)","('Neo Destiny|9|Dark Scizor|1st|EN', 9)",grade9:10<-9,1.9586138211093138,2.008893346567266,13,5.680096693689049,2.499031174652014,7.089492945340166
"('Neo Destiny|9|Dark Scizor|1st|EN', 10)","('Neo Destiny|9|Dark Scizor|unl|EN', 10)",ed_unl:10<-10,0.665357846333324,0.581219902102184,11,5.51716408534449,1.0427040317296186,1.9451864746548193
"('Neo Destiny|9|Dark Scizor|unl|EN', 8)","('Neo Destiny|9|Dark Scizor|1st|EN', 8)",ed_1st:8<-8,-1.1374362862750806,-1.262570560347891,20,8.270587695854204,-1.0192345272284653,0.32063999815651595
"('Neo Destiny|9|Dark Scizor|unl|EN', 8)","('Neo Destiny|9|Dark Scizor|unl|EN', 9)",grade9:8<-9,-0.3992936984677589,-0.40045600110707547,20,8.270587695854204,-0.3541844937395844,0.670793661349168
"('Neo Destiny|9|Dark Scizor|unl|EN', 8)","('Neo Destiny|9|Dark Scizor|unl|EN', 10)",grade10:8<-10,-2.5581917823095344,-2.6990932450525484,20,8.270587695854204,-2.9007294605181144,0.07744465069850397
"('Neo Destiny|9|Dark Scizor|unl|EN', 9)","('Neo Destiny|9|Dark Scizor|1st|EN', 9)",ed_1st:9<-9,-0.9518260008438776,-0.9673515251371239,15,5.194517487669797,-1.1261669538440673,0.3860354783783038
"('Neo Destiny|9|Dark Scizor|unl|EN', 9)","('Neo Destiny|9|Dark Scizor|unl|EN', 8)",grade8:9<-8,0.40520916253157624,0.4071264445821514,14,5.11757096183574,0.4353043456734538,1.49961613076203
"('Neo Destiny|9|Dark Scizor|unl|EN', 9)","('Neo Destiny|9|Dark Scizor|unl|EN', 10)",grade10:9<-10,-2.050543808710279,-2.291757864085585,14,5.11757096183574,-2.4985525241624496,0.1286649154577184
"('Neo Destiny|9|Dark Scizor|unl|EN', 10)","('Neo Destiny|9|Dark Scizor|1st|EN', 10)",ed_1st:10<-10,-0.7820596899387937,-0.7111050947092927,6,2.6173169052822303,-0.7111050947092927,0.45746280874171824
"('Neo Destiny|9|Dark Scizor|unl|EN', 10)","('Neo Destiny|9|Dark Scizor|unl|EN', 8)",grade8:10<-8,2.3219183720191863,2.793365539317511,6,2.6173169052822303,2.9338568698359033,10.195213770927433
"('Neo Destiny|9|Dark Scizor|unl|EN', 10)","('Neo Destiny|9|Dark Scizor|unl|EN', 9)",grade9:10<-9,1.8876463282059457,2.307392818312601,6,2.6173169052822303,2.56277240694343,6.603807180200791
"('Neo Genesis|10|Meganium|1st|EN', 8)","('Neo Genesis|10|Meganium|1st|EN', 9)",grade9:8<-9,-0.9479678840775864,-0.9813521488254606,21,13.407705226830334,-1.5580288218687475,0.3875277251098703
"('Neo Genesis|10|Meganium|1st|EN', 8)","('Neo Genesis|10|Meganium|1st|EN', 10)",grade10:8<-10,-4.737320926677307,-4.983717385530273,21,13.407705226830334,-5.63478960316925,0.00876208904789728
"('Neo Genesis|10|Meganium|1st|EN', 8)","('Neo Genesis|10|Meganium|unl|EN', 8)",ed_unl:8<-8,0.6682519408580136,0.625096126819785,21,13.407705226830334,0.602774673480301,1.9508241822749786
"('Neo Genesis|10|Meganium|1st|EN', 9)","('Neo Genesis|10|Meganium|1st|EN', 8)",grade8:9<-8,1.006077315417739,1.1676168930383142,9,5.655737521970294,1.3706128842824343,2.7348519845576456
"('Neo Genesis|10|Meganium|1st|EN', 9)","('Neo Genesis|10|Meganium|1st|EN', 10)",grade10:9<-10,-3.4964626134340935,-3.9318301475142388,13,6.5434064555167275,-4.076760781300503,0.030304392395229234
"('Neo Genesis|10|Meganium|1st|EN', 9)","('Neo Genesis|10|Meganium|unl|EN', 9)",ed_unl:9<-9,1.2509579460456175,1.3550418176157866,13,6.5434064555167275,1.7656681866469919,3.493688119682441
"('Neo Genesis|10|Meganium|1st|EN', 10)","('Neo Genesis|10|Meganium|1st|EN', 8)",grade8:10<-8,3.9378838052275444,4.723384349049299,6,3.889928164987903,5.43146875608728,51.30990457753079
"('Neo Genesis|10|Meganium|1st|EN', 10)","('Neo Genesis|10|Meganium|1st|EN', 9)",grade9:10<-9,3.3005668666119807,3.877251863342493,9,4.641699464408024,4.070334644979834,27.128012527405208
"('Neo Genesis|10|Meganium|unl|EN', 8)","('Neo Genesis|10|Meganium|1st|EN', 8)",ed_1st:8<-8,-0.7506469416119708,-0.6818365980733443,17,8.975117773043387,-0.5978370007556197,0.47206105799123127
"('Neo Genesis|10|Meganium|unl|EN', 8)","('Neo Genesis|10|Meganium|unl|EN', 9)",grade9:8<-9,-0.3712290420891475,-0.28624568773487447,20,9.260812524131078,-0.5580785086165356,0.6898859105513777
"('Neo Genesis|10|Meganium|unl|EN', 9)","('Neo Genesis|10|Meganium|1st|EN', 9)",ed_1st:9<-9,-1.2382037427032389,-1.3293145730769105,14,5.979461083982072,-1.3293145730769105,0.2899044935866645
"('Neo Genesis|10|Meganium|unl|EN', 9)","('Neo Genesis|10|Meganium|unl|EN', 8)",grade8:9<-8,0.34436280446518946,0.2141944430631888,11,5.484442592428641,0.1942413130908136,1.4110904925815428
"('Neo Genesis|11|Meganium|1st|EN', 8)","('Neo Genesis|11|Meganium|1st|EN', 9)",grade9:8<-9,-0.44447009175201885,-0.34744108090606574,20,10.954321668910126,-0.21786150459425624,0.6411639440901993
"('Neo Genesis|11|Meganium|1st|EN', 8)","('Neo Genesis|11|Meganium|1st|EN', 10)",grade10:8<-10,-2.9671160273891566,-2.7966749146805796,23,11.7753491322288,-2.683215298496088,0.051451481231471544
"('Neo Genesis|11|Meganium|1st|EN', 8)","('Neo Genesis|11|Meganium|unl|EN', 8)",ed_unl:8<-8,0.9470739292552052,0.9689709897030676,23,11.7753491322288,1.204029717902685,2.5781547484194243
"('Neo Genesis|11|Meganium|1st|EN', 9)","('Neo Genesis|11|Meganium|1st|EN', 8)",grade8:9<-8,0.5006096608789437,0.4470897999092127,18,11.262688322852304,0.4470897999092127,1.6497267380250595
"('Neo Genesis|11|Meganium|1st|EN', 9)","('Neo Genesis|11|Meganium|1st|EN', 10)",grade10:9<-10,-2.3919329387476047,-2.3506637250649405,18,11.262688322852304,-2.3506637250649405,0.09145274037667382
"('Neo Genesis|11|Meganium|1st|EN', 9)","('Neo Genesis|11|Meganium|unl|EN', 9)",ed_unl:9<-9,1.0300756273543297,1.0317107716951517,18,11.262688322852304,1.4070419199788482,2.801277679908006
"('Neo Genesis|11|Meganium|1st|EN', 10)","('Neo Genesis|11|Meganium|1st|EN', 8)",grade8:10<-8,2.8786895992393555,2.857417683992047,14,5.737232755966847,2.857417683992047,17.790944630699645
"('Neo Genesis|11|Meganium|1st|EN', 10)","('Neo Genesis|11|Meganium|1st|EN', 9)",grade9:10<-9,2.1936903105279537,2.0007975181956654,5,3.337767160769899,2.5155306990179724,8.968247742252489
"('Neo Genesis|11|Meganium|1st|EN', 10)","('Neo Genesis|11|Meganium|unl|EN', 10)",ed_unl:10<-10,0.44534702906644624,0.33117108516693516,26,6.561365929489743,0.5032323501025608,1.5610318252636672
"('Neo Genesis|11|Meganium|unl|EN', 8)","('Neo Genesis|11|Meganium|1st|EN', 8)",ed_1st:8<-8,-0.9117850569311461,-0.89675762855952,20,8.928113845383399,-1.026599265666098,0.4018063363034296
"('Neo Genesis|11|Meganium|unl|EN', 8)","('Neo Genesis|11|Meganium|unl|EN', 9)",grade9:8<-9,-0.4838108239654548,-0.43349005358794557,20,8.928113845383399,-0.37299901183444817,0.6164298046287373
"('Neo Genesis|11|Meganium|unl|EN', 8)","('Neo Genesis|11|Meganium|unl|EN', 10)",grade10:8<-10,-3.3784521258493743,-3.3783763930258432,20,8.928113845383399,-3.3783763930258432,0.034100196718123664
"('Neo Genesis|11|Meganium|unl|EN', 9)","('Neo Genesis|11|Meganium|1st|EN', 9)",ed_1st:9<-9,-1.0728457163784566,-1.080906585148388,12,6.043962129249096,-1.2565112046304279,0.34203380000517214
"('Neo Genesis|11|Meganium|unl|EN', 9)","('Neo Genesis|11|Meganium|unl|EN', 8)",grade8:9<-8,0.44135970803742997,0.38085379963589094,16,6.9895685548008,0.1295393713549844,1.5548198829740545
"('Neo Genesis|11|Meganium|unl|EN', 9)","('Neo Genesis|11|Meganium|unl|EN', 10)",grade10:9<-10,-2.929798063528349,-3.0031588666603213,17,7.1694352523021525,-3.260109568211597,0.053407822043471276
"('Neo Genesis|11|Meganium|unl|EN', 10)","('Neo Genesis|11|Meganium|1st|EN', 10)",ed_1st:10<-10,-0.6333345292693141,-0.47786912038590046,9,2.3587158109999242,-0.47786912038590046,0.5308188157363133
"('Neo Genesis|11|Meganium|unl|EN', 10)","('Neo Genesis|11|Meganium|unl|EN', 8)",grade8:10<-8,3.351202394569323,3.4093758960128726,4,1.8816906559888498,3.4093758960128726,28.537025788123973
"('Neo Genesis|11|Meganium|unl|EN', 10)","('Neo Genesis|11|Meganium|unl|EN', 9)",grade9:10<-9,2.887902987590631,3.1476698751514256,6,2.2226309134060847,3.279836524657888,17.95561694282945
"('Neo Genesis|12|Pichu|1st|EN', 8)","('Neo Genesis|12|Pichu|1st|EN', 9)",grade9:8<-9,-1.0409337980475735,-1.083015431992174,22,17.264161458662684,-1.2011722718848858,0.35312478072139925
"('Neo Genesis|12|Pichu|1st|EN', 8)","('Neo Genesis|12|Pichu|1st|EN', 10)",grade10:8<-10,-4.6846648811708915,-4.866871411169356,22,17.264161458662684,-5.224201702057036,0.009235829193941674
"('Neo Genesis|12|Pichu|1st|EN', 8)","('Neo Genesis|12|Pichu|unl|EN', 8)",ed_unl:8<-8,1.0887647503233087,1.128321724844347,22,17.264161458662684,1.1349799328389842,2.9706023696783106
"('Neo Genesis|12|Pichu|1st|EN', 9)","('Neo Genesis|12|Pichu|1st|EN', 8)",grade8:9<-8,0.9364179780915162,0.993698469229022,17,12.301700360105075,1.3899373523983911,2.550827912619793
"('Neo Genesis|12|Pichu|1st|EN', 9)","('Neo Genesis|12|Pichu|1st|EN', 10)",grade10:9<-10,-3.4826381539940496,-3.687648581770386,20,13.693514935567306,-3.855925846439824,0.030726243451654044
"('Neo Genesis|12|Pichu|1st|EN', 9)","('Neo Genesis|12|Pichu|unl|EN', 9)",ed_unl:9<-9,1.180329033029485,1.214591699722928,20,13.693514935567306,1.966112856372832,3.255445175675774
"('Neo Genesis|12|Pichu|1st|EN', 10)","('Neo Genesis|12|Pichu|1st|EN', 8)",grade8:10<-8,3.7982539096028134,5.227236403067708,2,1.8451247752925237,5.227236403067708,44.62320028786372
"('Neo Genesis|12|Pichu|1st|EN', 10)","('Neo Genesis|12|Pichu|1st|EN', 9)",grade9:10<-9,3.035012617807419,3.757877087516987,4,2.60095186971615,4.162473511647569,20.801240363864817
"('Neo Genesis|12|Pichu|1st|EN', 10)","('Neo Genesis|12|Pichu|unl|EN', 10)",ed_unl:10<-10,1.1288193156624204,1.4663297097895374,12,3.8554863321579402,1.4663297097895374,3.092003663828132
"('Neo Genesis|12|Pichu|unl|EN', 8)","('Neo Genesis|12|Pichu|1st|EN', 8)",ed_1st:8<-8,-1.0901776570856831,-1.1179751350004326,21,14.426172417088601,-1.1179751350004326,0.33615676776982784
"('Neo Genesis|12|Pichu|unl|EN', 8)","('Neo Genesis|12|Pichu|unl|EN', 9)",grade9:8<-9,-0.7398257134294299,-0.7619227113341909,21,14.426172417088601,-0.5371429320833645,0.4771970773159233
"('Neo Genesis|12|Pichu|unl|EN', 8)","('Neo Genesis|12|Pichu|unl|EN', 10)",grade10:8<-10,-4.402066665967124,-4.614885935023284,21,14.426172417088601,-4.892851925106483,0.012251992943395056
"('Neo Genesis|12|Pichu|unl|EN', 9)","('Neo Genesis|12|Pichu|1st|EN', 9)",ed_1st:9<-9,-1.1399372851738607,-1.1627296520323442,19,10.968333982720095,-1.691563487251046,0.3198390798396143
"('Neo Genesis|12|Pichu|unl|EN', 9)","('Neo Genesis|12|Pichu|unl|EN', 8)",grade8:9<-8,0.7244349637012599,0.7646287035856458,18,10.606516673360002,0.5232615173136113,2.0635647814850375
"('Neo Genesis|12|Pichu|unl|EN', 9)","('Neo Genesis|12|Pichu|unl|EN', 10)",grade10:9<-10,-3.5019822432334475,-3.6860372958274965,23,12.183898434849969,-4.34880639585741,0.030137584151292682
"('Neo Genesis|12|Pichu|unl|EN', 10)","('Neo Genesis|12|Pichu|1st|EN', 10)",ed_1st:10<-10,-0.9449598498776014,-1.0986126220014985,7,3.6978001501322706,-0.7339691750801993,0.38869517674738474
"('Neo Genesis|12|Pichu|unl|EN', 10)","('Neo Genesis|12|Pichu|unl|EN', 8)",grade8:10<-8,4.12975386217778,4.880127294900876,4,3.258536123866413,5.244770741822175,62.162620479553226
"('Neo Genesis|12|Pichu|unl|EN', 10)","('Neo Genesis|12|Pichu|unl|EN', 9)",grade9:10<-9,3.594593349839259,4.355708993023119,5,3.544056708694106,4.720352439944418,36.40089454814674
"('Neo Genesis|13|Skarmory|1st|EN', 8)","('Neo Genesis|13|Skarmory|1st|EN', 9)",grade9:8<-9,-0.7497312616174983,-0.7404807138237768,25,15.902137874055693,-1.0599592037574181,0.4724935128231057
"('Neo Genesis|13|Skarmory|1st|EN', 8)","('Neo Genesis|13|Skarmory|1st|EN', 10)",grade10:8<-10,-3.6272055047129848,-3.625524273115742,25,15.902137874055693,-3.710613946259943,0.026590387392910173
"('Neo Genesis|13|Skarmory|1st|EN', 8)","('Neo Genesis|13|Skarmory|unl|EN', 8)",ed_unl:8<-8,0.8188344876061997,0.8108561393986351,25,15.902137874055693,1.0078849250351527,2.267855083377903
"('Neo Genesis|13|Skarmory|1st|EN', 9)","('Neo Genesis|13|Skarmory|1st|EN', 8)",grade8:9<-8,0.8036869064643444,0.8239390360680732,22,15.131950543873161,1.043722825715247,2.233761434534856
"('Neo Genesis|13|Skarmory|1st|EN', 9)","('Neo Genesis|13|Skarmory|1st|EN', 10)",grade10:9<-10,-2.81489478753872,-2.8680328977251737,22,15.131950543873161,-2.6668911205446957,0.059911021794587245
"('Neo Genesis|13|Skarmory|1st|EN', 9)","('Neo Genesis|13|Skarmory|unl|EN', 9)",ed_unl:9<-9,1.0445429502878956,1.0486282193809329,22,15.131950543873161,1.0583559777401161,2.8420992461149654
"('Neo Genesis|13|Skarmory|1st|EN', 10)","('Neo Genesis|13|Skarmory|1st|EN', 8)",grade8:10<-8,3.186344342003403,3.7601859741383716,2,1.3957200985458535,3.7601859741383716,24.19979935477824
"('Neo Genesis|13|Skarmory|1st|EN', 10)","('Neo Genesis|13|Skarmory|1st|EN', 9)",grade9:10<-9,2.5742484554470066,2.9309411816461353,2,1.3957200985458535,2.9309411816461353,13.121452096087213
"('Neo Genesis|13|Skarmory|1st|EN', 10)","('Neo Genesis|13|Skarmory|unl|EN', 10)",ed_unl:10<-10,0.7862274326638107,0.8767247616510527,13,3.022089884675663,0.8767247616510527,2.19509962483078
"('Neo Genesis|13|Skarmory|unl|EN', 8)","('Neo Genesis|13|Skarmory|1st|EN', 8)",ed_1st:8<-8,-0.8654186978505883,-0.8367921707535775,16,9.545889643575702,-0.9963430411697556,0.4208752961489285
"('Neo Genesis|13|Skarmory|unl|EN', 8)","('Neo Genesis|13|Skarmory|unl|EN', 9)",grade9:8<-9,-0.6297615250328548,-0.6286086594223734,17,9.903551126684516,-1.0195172938003592,0.5327188259646785
"('Neo Genesis|13|Skarmory|unl|EN', 8)","('Neo Genesis|13|Skarmory|unl|EN', 10)",grade10:8<-10,-3.4356985794296486,-3.452971495708092,17,9.903551126684516,-3.874832413542445,0.03220290608459919
"('Neo Genesis|13|Skarmory|unl|EN', 9)","('Neo Genesis|13|Skarmory|1st|EN', 9)",ed_1st:9<-9,-0.9377529685808128,-0.8774342039451488,9,5.9112393957716955,-1.0676339080499284,0.39150657528615335
"('Neo Genesis|13|Skarmory|unl|EN', 9)","('Neo Genesis|13|Skarmory|unl|EN', 8)",grade8:9<-8,0.7054692468893113,0.7614394030353804,11,6.60027499027328,0.9932517730102837,2.024796591536622
"('Neo Genesis|13|Skarmory|unl|EN', 9)","('Neo Genesis|13|Skarmory|unl|EN', 10)",grade10:9<-10,-2.754123336713549,-2.7539830971140296,17,7.620189564824439,-2.9187712324178623,0.06366480781113773
"('Neo Genesis|13|Skarmory|unl|EN', 10)","('Neo Genesis|13|Skarmory|1st|EN', 10)",ed_1st:10<-10,-0.7880366839235574,-0.8064758658669495,20,5.28265007986221,-0.8064758658669495,0.45473671133520716
"('Neo Genesis|13|Skarmory|unl|EN', 10)","('Neo Genesis|13|Skarmory|unl|EN', 8)",grade8:10<-8,3.6448200310451044,3.912023005428146,5,3.706236600870243,3.912023005428146,38.275883760867195
"('Neo Genesis|13|Skarmory|unl|EN', 10)","('Neo Genesis|13|Skarmory|unl|EN', 9)",grade9:10<-9,2.8288023893542666,2.9106895337132235,13,4.88555466178069,2.9127099583893834,16.925178907604653
"('Neo Genesis|14|Slowking|1st|EN', 8)","('Neo Genesis|14|Slowking|1st|EN', 9)",grade9:8<-9,-1.227577156017752,-1.290984181315566,24,20.28851204944963,-1.4908107886758888,0.2930016155910182
"('Neo Genesis|14|Slowking|1st|EN', 8)","('Neo Genesis|14|Slowking|1st|EN', 10)",grade10:8<-10,-5.401402157609728,-5.662429421172722,24,20.28851204944963,-5.808298902212199,0.004510252422102474
"('Neo Genesis|14|Slowking|1st|EN', 8)","('Neo Genesis|14|Slowking|unl|EN', 8)",ed_unl:8<-8,0.9890779701682686,1.0079979212000003,24,20.28851204944963,0.5886707538039682,2.6887542174917702
"('Neo Genesis|14|Slowking|1st|EN', 9)","('Neo Genesis|14|Slowking|1st|EN', 8)",grade8:9<-8,1.1148246640936634,1.230864810345305,15,10.684815010237477,1.5246298202859005,3.049033527255261
"('Neo Genesis|14|Slowking|1st|EN', 9)","('Neo Genesis|14|Slowking|1st|EN', 10)",grade10:9<-10,-3.8623731314925513,-4.422854184765124,9,7.041305436026104,-4.31748811353631,0.021018061667873098
"('Neo Genesis|14|Slowking|1st|EN', 9)","('Neo Genesis|14|Slowking|unl|EN', 9)",ed_unl:9<-9,1.2755057654936266,1.3461393267455843,15,10.684815010237477,1.4044187091382074,3.5805118515776226
"('Neo Genesis|14|Slowking|1st|EN', 10)","('Neo Genesis|14|Slowking|1st|EN', 8)",grade8:10<-8,3.5627267299008945,5.831615846166086,1,0.8506671609508557,5.831615846166086,35.25920852523624
"('Neo Genesis|14|Slowking|1st|EN', 10)","('Neo Genesis|14|Slowking|1st|EN', 9)",grade9:10<-9,2.846105215076744,4.390085688452896,1,0.8506671609508557,4.390085688452896,17.220580600636417
"('Neo Genesis|14|Slowking|1st|EN', 10)","('Neo Genesis|14|Slowking|unl|EN', 10)",ed_unl:10<-10,0.6937667452001732,0.5802463585441746,1,0.03427578061545707,0.5802463585441746,2.001239513220087
"('Neo Genesis|14|Slowking|unl|EN', 8)","('Neo Genesis|14|Slowking|1st|EN', 8)",ed_1st:8<-8,-1.1813583515446555,-1.2319715737065726,19,13.327610132730445,-1.0079979212000003,0.3068616294065067
"('Neo Genesis|14|Slowking|unl|EN', 8)","('Neo Genesis|14|Slowking|unl|EN', 9)",grade9:8<-9,-1.0636142507050745,-1.1504782390012487,22,14.85242318257544,-0.641893886972416,0.3452058922924888
"('Neo Genesis|14|Slowking|unl|EN', 9)","('Neo Genesis|14|Slowking|1st|EN', 9)",ed_1st:9<-9,-1.327977266581981,-1.528107076664269,6,4.067930888707406,-1.437587655507441,0.2650127697073532
"('Neo Genesis|14|Slowking|unl|EN', 9)","('Neo Genesis|14|Slowking|unl|EN', 8)",grade8:9<-8,0.8729884749796546,1.06818893928732,7,4.46708008188573,0.7709741494351467,2.394054746244194
"('Neo Genesis|14|Slowking|unl|EN', 10)","('Neo Genesis|14|Slowking|1st|EN', 10)",ed_1st:10<-10,-0.7531903419944888,-0.5802463585441746,1,0.04123462221165296,-0.5802463585441746,0.47086194327658776
"('Neo Genesis|15|Steelix|1st|EN', 8)","('Neo Genesis|15|Steelix|1st|EN', 9)",grade9:8<-9,-0.6093704601611847,-0.5506766552508875,17,9.680508729389944,-0.9570314167258376,0.5436930377861542
"('Neo Genesis|15|Steelix|1st|EN', 8)","('Neo Genesis|15|Steelix|1st|EN', 10)",grade10:8<-10,-2.8421777300483164,-2.6450197619775135,23,12.080762060786824,-2.6785646405128336,0.05829856907772155
"('Neo Genesis|15|Steelix|1st|EN', 8)","('Neo Genesis|15|Steelix|unl|EN', 8)",ed_unl:8<-8,0.7395272419381634,0.7093309241584995,23,12.080762060786824,0.908065665397201,2.09494487826688
"('Neo Genesis|15|Steelix|1st|EN', 9)","('Neo Genesis|15|Steelix|1st|EN', 8)",grade8:9<-8,0.584084990925764,0.5646283297589667,25,18.109557442737998,0.5646283297589667,1.7933493037913024
"('Neo Genesis|15|Steelix|1st|EN', 9)","('Neo Genesis|15|Steelix|1st|EN', 10)",grade10:9<-10,-2.0283038332247227,-1.942399491689887,25,18.109557442737998,-2.079441541679836,0.13155847712768765
"('Neo Genesis|15|Steelix|1st|EN', 9)","('Neo Genesis|15|Steelix|unl|EN', 9)",ed_unl:9<-9,0.9354795859960441,0.9208258870395456,25,18.109557442737998,0.8473645292761907,2.54843535862213
"('Neo Genesis|15|Steelix|1st|EN', 10)","('Neo Genesis|15|Steelix|1st|EN', 8)",grade8:10<-8,2.6655187600034758,2.6065523081897197,22,12.915046152887028,2.644069871438803,14.375404997180917
"('Neo Genesis|15|Steelix|1st|EN', 10)","('Neo Genesis|15|Steelix|1st|EN', 9)",grade9:10<-9,2.027526538382731,1.9104629259824577,13,9.758135092616712,1.8864614821233152,7.595276480766526
"('Neo Genesis|15|Steelix|1st|EN', 10)","('Neo Genesis|15|Steelix|unl|EN', 10)",ed_unl:10<-10,0.7179580508363558,0.7224873073187839,30,15.164280783526026,0.6241609757618827,2.0502424425914474
"('Neo Genesis|15|Steelix|unl|EN', 8)","('Neo Genesis|15|Steelix|1st|EN', 8)",ed_1st:8<-8,-0.77289698681686,-0.712104718087982,19,9.060869304034062,-0.9114031978637618,0.4616736666075831
"('Neo Genesis|15|Steelix|unl|EN', 8)","('Neo Genesis|15|Steelix|unl|EN', 9)",grade9:8<-9,-0.5218272345814273,-0.4869781588281601,21,9.619203024012844,-0.6286669983465378,0.5934352113498522
"('Neo Genesis|15|Steelix|unl|EN', 8)","('Neo Genesis|15|Steelix|unl|EN', 10)",grade10:8<-10,-2.601681587228824,-2.365633304535951,22,9.875046497012038,-2.931312093540682,0.07414878566795242
"('Neo Genesis|15|Steelix|unl|EN', 9)","('Neo Genesis|15|Steelix|1st|EN', 9)",ed_1st:9<-9,-0.8770066928004258,-0.8114029177141404,12,8.212903669813603,-0.6789121495561261,0.4160263444170398
"('Neo Genesis|15|Steelix|unl|EN', 9)","('Neo Genesis|15|Steelix|unl|EN', 8)",grade8:9<-8,0.362980117991875,0.3025562422148038,19,10.890545441135492,0.568591413948452,1.437607276437518
"('Neo Genesis|15|Steelix|unl|EN', 9)","('Neo Genesis|15|Steelix|unl|EN', 10)",grade10:9<-10,-2.3177694754757256,-2.1974696940618657,19,10.890545441135492,-2.302645095194144,0.09849303189632527
"('Neo Genesis|15|Steelix|unl|EN', 10)","('Neo Genesis|15|Steelix|1st|EN', 10)",ed_1st:10<-10,-0.7530423808993439,-0.7506936503240231,6,3.225215861871334,-0.37108514646945423,0.47093161767980035
"('Neo Genesis|15|Steelix|unl|EN', 10)","('Neo Genesis|15|Steelix|unl|EN', 8)",grade8:10<-8,2.778613614043443,2.359450345884163,9,3.8369340294245693,2.8612239117429157,16.096689247506667
"('Neo Genesis|15|Steelix|unl|EN', 10)","('Neo Genesis|15|Steelix|unl|EN', 9)",grade9:10<-9,2.423727396895189,2.150904938484109,5,2.987880331633704,2.7090743580995245,11.287855315233967
"('Neo Genesis|16|Togetic|1st|EN', 8)","('Neo Genesis|16|Togetic|1st|EN', 9)",grade9:8<-9,-0.6541254662342681,-0.629448996362008,26,17.58439820696482,-0.8439478478253895,0.5198965309051016
"('Neo Genesis|16|Togetic|1st|EN', 8)","('Neo Genesis|16|Togetic|1st|EN', 10)",grade10:8<-10,-2.9277812425724963,-2.8069350277593355,26,17.58439820696482,-3.251913678944401,0.05351564475117521
"('Neo Genesis|16|Togetic|1st|EN', 8)","('Neo Genesis|16|Togetic|unl|EN', 8)",ed_unl:8<-8,0.7740803450409918,0.7592299522196946,26,17.58439820696482,0.8109302162163292,2.1685968489940626
"('Neo Genesis|16|Togetic|1st|EN', 9)","('Neo Genesis|16|Togetic|1st|EN', 8)",grade8:9<-8,0.6224661590603582,0.608840309632539,23,17.40867752111865,0.9256023003728808,1.8635181116740644
"('Neo Genesis|16|Togetic|1st|EN', 9)","('Neo Genesis|16|Togetic|1st|EN', 10)",grade10:9<-10,-2.2402498174401075,-2.187411130880278,23,17.40867752111865,-2.4079658311190117,0.10643191250990579
"('Neo Genesis|16|Togetic|1st|EN', 9)","('Neo Genesis|16|Togetic|unl|EN', 9)",ed_unl:9<-9,0.7263425556290618,0.6750587580505725,23,17.40867752111865,0.8870873404860067,2.067504977953349
"('Neo Genesis|16|Togetic|1st|EN', 10)","('Neo Genesis|16|Togetic|1st|EN', 8)",grade8:10<-8,2.810861180615924,2.7717110356635217,13,8.314839835333236,3.277056873495402,16.624228519381127
"('Neo Genesis|16|Togetic|1st|EN', 10)","('Neo Genesis|16|Togetic|1st|EN', 9)",grade9:10<-9,2.2484653957251886,2.1855686346078578,11,7.623698958197914,2.501034031715884,9.473187082530881
"('Neo Genesis|16|Togetic|1st|EN', 10)","('Neo Genesis|16|Togetic|unl|EN', 10)",ed_unl:10<-10,0.19333309193113357,0.054771923504160824,29,10.863014340621833,0.054771923504160824,1.213286862283338
"('Neo Genesis|16|Togetic|unl|EN', 8)","('Neo Genesis|16|Togetic|1st|EN', 8)",ed_1st:8<-8,-0.8100389430615094,-0.7649913193722746,16,9.754231120944528,-0.8140426506635734,0.4448407424252283
"('Neo Genesis|16|Togetic|unl|EN', 8)","('Neo Genesis|16|Togetic|unl|EN', 9)",grade9:8<-9,-0.6087893749858814,-0.6011686909222336,16,9.754231120944528,-0.8699084227241878,0.5440090615597999
"('Neo Genesis|16|Togetic|unl|EN', 8)","('Neo Genesis|16|Togetic|unl|EN', 10)",grade10:8<-10,-3.5306358015636827,-3.5773719174317744,16,9.754231120944528,-3.9669930290284476,0.02928628967761654
"('Neo Genesis|16|Togetic|unl|EN', 9)","('Neo Genesis|16|Togetic|1st|EN', 9)",ed_1st:9<-9,-0.8266144317028523,-0.7029473329077911,8,5.579287257283446,-0.8299511491151979,0.43752806279819195
"('Neo Genesis|16|Togetic|unl|EN', 9)","('Neo Genesis|16|Togetic|unl|EN', 8)",grade8:9<-8,0.5863329564424286,0.58783111280363,15,8.016219657012151,0.767790723555712,1.7973852257927265
"('Neo Genesis|16|Togetic|unl|EN', 9)","('Neo Genesis|16|Togetic|unl|EN', 10)",grade10:9<-10,-2.8621870586243956,-2.900593993071249,17,8.413129505215505,-3.2950531716050184,0.05714364699432007
"('Neo Genesis|16|Togetic|unl|EN', 10)","('Neo Genesis|16|Togetic|1st|EN', 10)",ed_1st:10<-10,-0.49019096807681123,-0.32758468622638315,15,4.896055629060489,0.0,0.6125094132702805
"('Neo Genesis|16|Togetic|unl|EN', 10)","('Neo Genesis|16|Togetic|unl|EN', 8)",grade8:10<-8,3.502899607007298,3.6474393770945124,7,3.905888123841325,4.06284389516073,33.21161310263031
"('Neo Genesis|16|Togetic|unl|EN', 10)","('Neo Genesis|16|Togetic|unl|EN', 9)",grade9:10<-9,2.8036907668995616,2.878518409024057,9,4.3396964447766635,3.250787855885781,16.505452269512084
"('Neo Genesis|17|Typhlosion|1st|EN', 8)","('Neo Genesis|17|Typhlosion|1st|EN', 9)",grade9:8<-9,-1.4843286622252712,-1.6094379124341014,20,16.439141885704114,-1.4796999557984787,0.22665445130692252
"('Neo Genesis|17|Typhlosion|1st|EN', 8)","('Neo Genesis|17|Typhlosion|unl|EN', 8)",ed_unl:8<-8,1.3663194742310896,1.4585129827005758,20,16.439141885704114,1.5160323177555135,3.9208931578165114
"('Neo Genesis|17|Typhlosion|1st|EN', 9)","('Neo Genesis|17|Typhlosion|1st|EN', 8)",grade8:9<-8,1.3553730613563397,1.711389658249722,8,5.509610241106666,1.8093394202542736,3.878207496141084
"('Neo Genesis|17|Typhlosion|1st|EN', 9)","('Neo Genesis|17|Typhlosion|unl|EN', 9)",ed_unl:9<-9,1.7875081588538582,2.176083290022988,9,5.895162947458651,2.413225235096161,5.974546281919454
"('Neo Genesis|17|Typhlosion|unl|EN', 8)","('Neo Genesis|17|Typhlosion|1st|EN', 8)",ed_1st:8<-8,-1.4598753940082252,-1.5854846714116073,17,12.022236343868611,-1.423108334242607,0.23226521456409854
"('Neo Genesis|17|Typhlosion|unl|EN', 8)","('Neo Genesis|17|Typhlosion|unl|EN', 9)",grade9:8<-9,-0.9668281078289842,-1.0499891983512715,17,12.022236343868611,-0.5538851132264382,0.3802873576002042
"('Neo Genesis|17|Typhlosion|unl|EN', 9)","('Neo Genesis|17|Typhlosion|1st|EN', 9)",ed_1st:9<-9,-1.6555016799472162,-1.9859964770521268,10,5.436356311867328,-2.441847160327554,0.19099621269631295
"('Neo Genesis|17|Typhlosion|unl|EN', 9)","('Neo Genesis|17|Typhlosion|unl|EN', 8)",grade8:9<-8,0.9090035452751691,1.1373580552439515,7,4.291666133960471,0.837885996717251,2.4818482514181306
"('Neo Genesis|18|Typhlosion|1st|EN', 8)","('Neo Genesis|18|Typhlosion|1st|EN', 9)",grade9:8<-9,-0.6886148720022739,-0.6653565161196058,18,14.207911210019061,-1.0754985035033586,0.5022712975013394
"('Neo Genesis|18|Typhlosion|1st|EN', 8)","('Neo Genesis|18|Typhlosion|1st|EN', 10)",grade10:8<-10,-2.789810415682124,-2.6545094341741793,27,18.764981713019306,-3.034493892107328,0.06143285951782027
"('Neo Genesis|18|Typhlosion|1st|EN', 8)","('Neo Genesis|18|Typhlosion|unl|EN', 8)",ed_unl:8<-8,0.7640423822014941,0.7485214979356725,27,18.764981713019306,0.7162609657246968,2.146937444426849
"('Neo Genesis|18|Typhlosion|1st|EN', 9)","('Neo Genesis|18|Typhlosion|1st|EN', 8)",grade8:9<-8,0.6176888038291936,0.6039503499439869,23,18.309198868773027,1.0754985035033586,1.8546366555023137
"('Neo Genesis|18|Typhlosion|1st|EN', 9)","('Neo Genesis|18|Typhlosion|1st|EN', 10)",grade10:9<-10,-2.0897951859155817,-2.0149030205422642,23,18.309198868773027,-1.9589953886039693,0.12371247127937275
"('Neo Genesis|18|Typhlosion|1st|EN', 9)","('Neo Genesis|18|Typhlosion|unl|EN', 9)",ed_unl:9<-9,1.1950204101281323,1.2230527928158494,23,18.309198868773027,1.8577174370198524,3.3036251972271518
"('Neo Genesis|18|Typhlosion|1st|EN', 10)","('Neo Genesis|18|Typhlosion|1st|EN', 8)",grade8:10<-8,2.686842387417815,2.5989707173399044,12,7.938662868079389,3.023782015000749,14.685232359175075
"('Neo Genesis|18|Typhlosion|1st|EN', 10)","('Neo Genesis|18|Typhlosion|1st|EN', 9)",grade9:10<-9,2.079302411436401,1.9182528298627641,8,6.128515923025198,2.3837110435755484,7.998887035477829
"('Neo Genesis|18|Typhlosion|1st|EN', 10)","('Neo Genesis|18|Typhlosion|unl|EN', 10)",ed_unl:10<-10,0.6718956576827595,0.6655842666296543,30,11.012510845203924,1.0437747326029392,1.9579453991400702
"('Neo Genesis|18|Typhlosion|unl|EN', 8)","('Neo Genesis|18|Typhlosion|1st|EN', 8)",ed_1st:8<-8,-0.8960103153035784,-0.8784751292589226,19,10.350093561923611,-0.8784751292589226,0.40819498460102016
"('Neo Genesis|18|Typhlosion|unl|EN', 8)","('Neo Genesis|18|Typhlosion|unl|EN', 9)",grade9:8<-9,-0.3309602627813621,-0.2560848843489172,24,12.124429542471612,0.06595796779179697,0.7182337090834465
"('Neo Genesis|18|Typhlosion|unl|EN', 8)","('Neo Genesis|18|Typhlosion|unl|EN', 10)",grade10:8<-10,-2.8611062275090497,-2.7330413283851636,24,12.124429542471612,-2.7069801252290855,0.057205443015551326
"('Neo Genesis|18|Typhlosion|unl|EN', 9)","('Neo Genesis|18|Typhlosion|1st|EN', 9)",ed_1st:9<-9,-1.071654238889244,-1.0774794436912263,11,7.7499683944699465,-1.6175857101417446,0.3424415684536521
"('Neo Genesis|18|Typhlosion|unl|EN', 9)","('Neo Genesis|18|Typhlosion|unl|EN', 8)",grade8:9<-8,0.3360577781450634,0.27820332849723783,24,12.770253436295935,-0.13537619021890546,1.3994198783598604
"('Neo Genesis|18|Typhlosion|unl|EN', 9)","('Neo Genesis|18|Typhlosion|unl|EN', 10)",grade10:9<-10,-2.5311351320291777,-2.4796241819130698,25,13.007588966533566,-2.7729380930208825,0.07956864808245383
"('Neo Genesis|18|Typhlosion|unl|EN', 10)","('Neo Genesis|18|Typhlosion|1st|EN', 10)",ed_1st:10<-10,-0.6494496354553665,-0.5329491088369469,10,2.7326348530718585,-0.5329491088369469,0.522333171325856
"('Neo Genesis|18|Typhlosion|unl|EN', 10)","('Neo Genesis|18|Typhlosion|unl|EN', 8)",grade8:10<-8,3.144047778218135,2.9008602677377926,4,2.105368462178771,2.9008602677377926,23.197575716135788
"('Neo Genesis|18|Typhlosion|unl|EN', 10)","('Neo Genesis|18|Typhlosion|unl|EN', 9)",grade9:10<-9,2.6168395996032245,2.5140764591045937,5,2.2948330329925706,2.5140764591045937,13.692381723702931
"('Neo Genesis|19|Metal Energy|1st|EN', 8)","('Neo Genesis|19|Metal Energy|1st|EN', 9)",grade9:8<-9,-0.8570154267267145,-0.8751629080030789,23,9.629380862287721,-1.0498221244986783,0.4244269271310121
"('Neo Genesis|19|Metal Energy|1st|EN', 8)","('Neo Genesis|19|Metal Energy|1st|EN', 10)",grade10:8<-10,-4.310973745229252,-4.52122293713942,23,9.629380862287721,-4.674830112257512,0.013420475106059317
"('Neo Genesis|19|Metal Energy|1st|EN', 8)","('Neo Genesis|19|Metal Energy|unl|EN', 8)",ed_unl:8<-8,0.46131693076238234,0.3367579917310297,23,9.629380862287721,0.00028575510981676544,1.5861614749934128
"('Neo Genesis|19|Metal Energy|1st|EN', 9)","('Neo Genesis|19|Metal Energy|1st|EN', 8)",grade8:9<-8,0.8229653425530744,0.8947845266531917,15,5.072315098011954,0.9024223543883556,2.2772426397356074
"('Neo Genesis|19|Metal Energy|1st|EN', 9)","('Neo Genesis|19|Metal Energy|1st|EN', 10)",grade10:9<-10,-3.2565481314682483,-3.662835690727934,17,5.240237458917787,-3.6319228293092873,0.038521138690524384
"('Neo Genesis|19|Metal Energy|1st|EN', 9)","('Neo Genesis|19|Metal Energy|unl|EN', 9)",ed_unl:9<-9,0.8695188259545432,0.4844779754301287,12,1.203130219806197,0.9805374465190453,2.3857626102473275
"('Neo Genesis|19|Metal Energy|1st|EN', 10)","('Neo Genesis|19|Metal Energy|1st|EN', 8)",grade8:10<-8,3.6668589842020958,4.633341062954788,5,2.3202357035355026,4.633341062954788,39.128808430591526
"('Neo Genesis|19|Metal Energy|1st|EN', 10)","('Neo Genesis|19|Metal Energy|1st|EN', 9)",grade9:10<-9,2.9335256916682604,3.583518938456109,6,2.4241404405533507,3.583518938456109,18.793774881316907
"('Neo Genesis|19|Metal Energy|1st|EN', 10)","('Neo Genesis|19|Metal Energy|unl|EN', 10)",ed_unl:10<-10,0.7173179661150115,0.791317557943513,2,0.9022031233744983,0.791317557943513,2.0489305336401222
"('Neo Genesis|19|Metal Energy|unl|EN', 8)","('Neo Genesis|19|Metal Energy|1st|EN', 8)",ed_1st:8<-8,-0.6794830678406423,-0.48587916318853974,12,4.292643581079283,-0.48587916318853974,0.5068789466818924
"('Neo Genesis|19|Metal Energy|unl|EN', 8)","('Neo Genesis|19|Metal Energy|unl|EN', 9)",grade9:8<-9,-0.461381271470128,0.18265494569519225,5,0.802063937455837,0.18265494569519225,0.6304122733571158
"('Neo Genesis|19|Metal Energy|unl|EN', 8)","('Neo Genesis|19|Metal Energy|unl|EN', 10)",grade10:8<-10,-3.3439570490549935,-1.9344157696295787,1,0.07389736162669676,-1.9344157696295787,0.03529700901609343
"('Neo Genesis|19|Metal Energy|unl|EN', 9)","('Neo Genesis|19|Metal Energy|1st|EN', 9)",ed_1st:9<-9,-0.9874461030685937,-0.7519984661048977,9,0.8812118780672518,-0.7519984661048977,0.37252687240923915
"('Neo Genesis|19|Metal Energy|unl|EN', 9)","('Neo Genesis|19|Metal Energy|unl|EN', 8)",grade8:9<-8,0.5588379583060303,0.4673298437104143,6,0.7701551304897122,-0.11048445651928729,1.748639327402897
"('Neo Genesis|19|Metal Energy|unl|EN', 9)","('Neo Genesis|19|Metal Energy|unl|EN', 10)",grade10:9<-10,-2.697265874348067,-1.4644121403838435,3,0.13922254903456727,-1.4644121403838435,0.06738951248066533
"('Neo Genesis|19|Metal Energy|unl|EN', 10)","('Neo Genesis|19|Metal Energy|1st|EN', 10)",ed_1st:10<-10,-0.7645479272724377,-0.791317557943513,2,1.006419413981875,-0.791317557943513,0.4655443433109722
"('Neo Genesis|19|Metal Energy|unl|EN', 10)","('Neo Genesis|19|Metal Energy|unl|EN', 8)",grade8:10<-8,3.2818905151373357,2.180613370642327,1,0.08941537077720364,2.180613370642327,26.626062121928218
"('Neo Genesis|19|Metal Energy|unl|EN', 10)","('Neo Genesis|19|Metal Energy|unl|EN', 9)",grade9:10<-9,2.6516521093268075,1.4486497387115707,2,0.10921567856293898,1.4486497387115707,14.17744199175402
"('Neo Genesis|1|Ampharos|1st|EN', 8)","('Neo Genesis|1|Ampharos|1st|EN', 9)",grade9:8<-9,-0.6835059452218705,-0.651974376022717,17,10.966134714997557,-0.7087411965633281,0.504843930886252
"('Neo Genesis|1|Ampharos|1st|EN', 8)","('Neo Genesis|1|Ampharos|1st|EN', 10)",grade10:8<-10,-2.863161970626507,-2.6814345869840865,22,12.760134066970112,-2.6814345869840865,0.0570879641143852
"('Neo Genesis|1|Ampharos|1st|EN', 8)","('Neo Genesis|1|Ampharos|unl|EN', 8)",ed_unl:8<-8,0.736893422365725,0.70768557964485,22,12.760134066970112,0.8083282041036703,2.089434431390239
"('Neo Genesis|1|Ampharos|1st|EN', 9)","('Neo Genesis|1|Ampharos|1st|EN', 8)",grade8:9<-8,0.6743562067491272,0.6698800263468208,24,18.215949368774456,0.7444681075990287,1.9627689517242237
"('Neo Genesis|1|Ampharos|1st|EN', 9)","('Neo Genesis|1|Ampharos|1st|EN', 10)",grade10:9<-10,-2.0855010591482217,-2.0095183089871025,24,18.215949368774456,-1.9369664793850578,0.1242448505477149
"('Neo Genesis|1|Ampharos|1st|EN', 9)","('Neo Genesis|1|Ampharos|unl|EN', 9)",ed_unl:9<-9,1.02162888671458,1.021248774720112,24,18.215949368774456,1.2115406751452849,2.7777156650905552
"('Neo Genesis|1|Ampharos|1st|EN', 10)","('Neo Genesis|1|Ampharos|1st|EN', 8)",grade8:10<-8,2.7724988261897425,2.7326450937526143,23,11.055783765872992,2.645190402971201,15.998561727847841
"('Neo Genesis|1|Ampharos|1st|EN', 10)","('Neo Genesis|1|Ampharos|1st|EN', 9)",grade9:10<-9,2.220564367499865,2.144149235375436,12,7.37038648265499,1.9527472686446279,9.21252865077593
"('Neo Genesis|1|Ampharos|1st|EN', 10)","('Neo Genesis|1|Ampharos|unl|EN', 10)",ed_unl:10<-10,0.8458811769955596,0.8832443553577578,29,12.109577272353281,1.1149614266696393,2.330030079137976
"('Neo Genesis|1|Ampharos|unl|EN', 8)","('Neo Genesis|1|Ampharos|1st|EN', 8)",ed_1st:8<-8,-0.7945256386466241,-0.7495551071280264,20,10.805850625933214,-0.8234299474423725,0.45179549842349365
"('Neo Genesis|1|Ampharos|unl|EN', 8)","('Neo Genesis|1|Ampharos|unl|EN', 9)",grade9:8<-9,-0.38414271479922824,-0.3148956078273182,20,10.805850625933214,-0.33268240342470357,0.6810342265808161
"('Neo Genesis|1|Ampharos|unl|EN', 8)","('Neo Genesis|1|Ampharos|unl|EN', 10)",grade10:8<-10,-2.8229607831762356,-2.6686786042898554,20,10.805850625933214,-2.3748013644181176,0.05942972343881985
"('Neo Genesis|1|Ampharos|unl|EN', 9)","('Neo Genesis|1|Ampharos|1st|EN', 9)",ed_1st:9<-9,-1.1284013199446634,-1.1700367692970897,8,5.1731493144166905,-1.2711186431326364,0.32355009626720427
"('Neo Genesis|1|Ampharos|unl|EN', 9)","('Neo Genesis|1|Ampharos|unl|EN', 8)",grade8:9<-8,0.40674675718616055,0.3254224004346282,12,6.4771375801498525,0.3423272906990027,1.5019237061117492
"('Neo Genesis|1|Ampharos|unl|EN', 9)","('Neo Genesis|1|Ampharos|unl|EN', 10)",grade10:9<-10,-2.4019801493457646,-2.2572363248836824,16,7.305998845658672,-2.032474073719115,0.09053849592838295
"('Neo Genesis|1|Ampharos|unl|EN', 10)","('Neo Genesis|1|Ampharos|1st|EN', 10)",ed_1st:10<-10,-0.7370492578015367,-0.7222507711398087,7,3.7540684848461354,-1.0133548978780444,0.4785238348162171
"('Neo Genesis|1|Ampharos|unl|EN', 10)","('Neo Genesis|1|Ampharos|unl|EN', 8)",grade8:10<-8,3.0276995121287924,2.7869333901220408,6,3.5762677325714756,2.2646627473840537,20.649673582284045
"('Neo Genesis|1|Ampharos|unl|EN', 10)","('Neo Genesis|1|Ampharos|unl|EN', 9)",grade9:10<-9,2.371040625037123,2.1117962407065827,7,3.7540684848461354,2.0764118935242557,10.70853005246904
"('Neo Genesis|2|Azumarill|1st|EN', 8)","('Neo Genesis|2|Azumarill|1st|EN', 9)",grade9:8<-9,-0.6803767956176032,-0.6598177427892145,24,17.27544976855924,-1.1359998207397295,0.5064261372620043
"('Neo Genesis|2|Azumarill|1st|EN', 8)","('Neo Genesis|2|Azumarill|1st|EN', 10)",grade10:8<-10,-4.474150456168416,-4.619680657198799,24,17.27544976855924,-4.961845129926823,0.011399902728926282
"('Neo Genesis|2|Azumarill|1st|EN', 8)","('Neo Genesis|2|Azumarill|unl|EN', 8)",ed_unl:8<-8,0.7943545561724253,0.7827593392496333,24,17.27544976855924,0.6539264674066647,2.213012160697486
"('Neo Genesis|2|Azumarill|1st|EN', 9)","('Neo Genesis|2|Azumarill|1st|EN', 8)",grade8:9<-8,0.6873232039432432,0.6847891580878747,22,16.825616593021934,0.8241865219076612,1.9883858997187438
"('Neo Genesis|2|Azumarill|1st|EN', 9)","('Neo Genesis|2|Azumarill|1st|EN', 10)",grade10:9<-10,-3.7226114176227862,-3.9322461211171804,22,16.825616593021934,-3.9220733412816475,0.024170765394903173
"('Neo Genesis|2|Azumarill|1st|EN', 9)","('Neo Genesis|2|Azumarill|unl|EN', 9)",ed_unl:9<-9,1.013906693118588,1.012118308041149,22,16.825616593021934,1.100923543415334,2.756348214945806
"('Neo Genesis|2|Azumarill|1st|EN', 10)","('Neo Genesis|2|Azumarill|1st|EN', 8)",grade8:10<-8,4.02813916291758,4.650095319062292,7,5.348137049907634,4.622967825813536,56.1563162045373
"('Neo Genesis|2|Azumarill|1st|EN', 10)","('Neo Genesis|2|Azumarill|1st|EN', 9)",grade9:10<-9,3.449928725463454,4.0342226558264676,7,5.348137049907634,3.9916553954621152,31.498147212895145
"('Neo Genesis|2|Azumarill|1st|EN', 10)","('Neo Genesis|2|Azumarill|unl|EN', 10)",ed_unl:10<-10,1.4246518294916897,1.7330820634346313,14,7.0964646527196775,1.783791299578878,4.15641045126155
"('Neo Genesis|2|Azumarill|unl|EN', 8)","('Neo Genesis|2|Azumarill|1st|EN', 8)",ed_1st:8<-8,-0.9419187088440525,-0.9353241283631735,11,6.636606482156102,-0.6907125099825118,0.3898790528536096
"('Neo Genesis|2|Azumarill|unl|EN', 8)","('Neo Genesis|2|Azumarill|unl|EN', 9)",grade9:8<-9,-0.5866554822898842,-0.5681634995858502,14,7.6106274809465955,-0.42169047791677183,0.5561843459114405
"('Neo Genesis|2|Azumarill|unl|EN', 8)","('Neo Genesis|2|Azumarill|unl|EN', 10)",grade10:8<-10,-3.755706394108289,-3.9043257630549544,14,7.6106274809465955,-3.841370590076842,0.02338392650572119
"('Neo Genesis|2|Azumarill|unl|EN', 9)","('Neo Genesis|2|Azumarill|1st|EN', 9)",ed_1st:9<-9,-1.0420740352296265,-1.0343863163688383,7,5.67079242381482,-1.2256119794294174,0.3527223641852648
"('Neo Genesis|2|Azumarill|unl|EN', 9)","('Neo Genesis|2|Azumarill|unl|EN', 8)",grade8:9<-8,0.5693047417921013,0.5643143087169769,14,7.830000501122189,0.5643143087169769,1.7670380765294194
"('Neo Genesis|2|Azumarill|unl|EN', 9)","('Neo Genesis|2|Azumarill|unl|EN', 10)",grade10:9<-10,-3.155961317782248,-3.294190469891099,19,8.713395636868253,-3.267665989037633,0.04259743163501324
"('Neo Genesis|2|Azumarill|unl|EN', 10)","('Neo Genesis|2|Azumarill|1st|EN', 10)",ed_1st:10<-10,-1.0901296676545702,-1.4922935102149308,6,2.4957159021779773,-1.8152899666382485,0.33617290012896617
"('Neo Genesis|2|Azumarill|unl|EN', 10)","('Neo Genesis|2|Azumarill|unl|EN', 8)",grade8:10<-8,3.538108474831783,3.83198029775461,4,2.2805275041828463,3.83198029775461,34.40178576591316
"('Neo Genesis|2|Azumarill|unl|EN', 10)","('Neo Genesis|2|Azumarill|unl|EN', 9)",grade9:10<-9,2.9004687416810326,3.1550419849035194,5,2.4160558629705235,3.1550419849035194,18.182666345807238
"('Neo Genesis|3|Bellossom|1st|EN', 8)","('Neo Genesis|3|Bellossom|1st|EN', 9)",grade9:8<-9,-0.5199587225719535,-0.4608300301972381,25,14.145773734725891,-0.9126945296938027,0.5945450887558221
"('Neo Genesis|3|Bellossom|1st|EN', 8)","('Neo Genesis|3|Bellossom|1st|EN', 10)",grade10:8<-10,-3.06353343394183,-2.942101307203214,25,14.145773734725891,-3.2741504141422944,0.04672231300188393
"('Neo Genesis|3|Bellossom|1st|EN', 8)","('Neo Genesis|3|Bellossom|unl|EN', 8)",ed_unl:8<-8,0.7142310412556735,0.6830780523474966,25,14.145773734725891,0.25131442828090655,2.0426153912406075
"('Neo Genesis|3|Bellossom|1st|EN', 9)","('Neo Genesis|3|Bellossom|1st|EN', 8)",grade8:9<-8,0.5834880059243462,0.5558456391711166,21,12.811583074986926,0.9126945296938027,1.7922790206579116
"('Neo Genesis|3|Bellossom|1st|EN', 9)","('Neo Genesis|3|Bellossom|1st|EN', 10)",grade10:9<-10,-2.3616458134150724,-2.318273837931457,21,12.811583074986926,-2.3614558844484916,0.09426495293430022
"('Neo Genesis|3|Bellossom|1st|EN', 9)","('Neo Genesis|3|Bellossom|unl|EN', 9)",ed_unl:9<-9,0.7539848763790439,0.6907720691004924,21,12.811583074986926,1.0696982785034672,2.1254528304971503
"('Neo Genesis|3|Bellossom|1st|EN', 10)","('Neo Genesis|3|Bellossom|1st|EN', 8)",grade8:10<-8,2.9661644450488756,2.9837560825072753,14,7.980076261889884,3.4328469409499336,19.417300461692534
"('Neo Genesis|3|Bellossom|1st|EN', 10)","('Neo Genesis|3|Bellossom|1st|EN', 9)",grade9:10<-9,2.413213664703102,2.4152117118221694,12,7.376620195224622,2.8073049377980244,11.169799518416825
"('Neo Genesis|3|Bellossom|1st|EN', 10)","('Neo Genesis|3|Bellossom|unl|EN', 10)",ed_unl:10<-10,0.45872682045334084,0.3220146629070708,25,5.18615744813285,0.05283433079851463,1.5820584577326964
"('Neo Genesis|3|Bellossom|unl|EN', 8)","('Neo Genesis|3|Bellossom|1st|EN', 8)",ed_1st:8<-8,-0.7377909323239461,-0.6539264674066643,15,7.823921201595967,0.0762347081017074,0.4781690574604942
"('Neo Genesis|3|Bellossom|unl|EN', 8)","('Neo Genesis|3|Bellossom|unl|EN', 9)",grade9:8<-9,-0.33252858119034273,-0.2231822155004095,17,8.259225529306086,-0.13349268396553615,0.7171081727659034
"('Neo Genesis|3|Bellossom|unl|EN', 8)","('Neo Genesis|3|Bellossom|unl|EN', 10)",grade10:8<-10,-3.342948203985582,-3.320358854454043,12,4.745064337157506,-3.2714020097275123,0.03533263619773587
"('Neo Genesis|3|Bellossom|unl|EN', 9)","('Neo Genesis|3|Bellossom|1st|EN', 9)",ed_1st:9<-9,-0.794544564656846,-0.6844943275998476,14,7.143863481033032,-0.6844943275998476,0.45178694781818696
"('Neo Genesis|3|Bellossom|unl|EN', 9)","('Neo Genesis|3|Bellossom|unl|EN', 8)",grade8:9<-8,0.4523799599779011,0.4087515660341019,20,8.935681644019132,0.09431067947124205,1.5720491508746042
"('Neo Genesis|3|Bellossom|unl|EN', 9)","('Neo Genesis|3|Bellossom|unl|EN', 10)",grade10:9<-10,-2.8411330452850914,-2.8928071618225566,14,5.030767641538839,-3.1660414940696855,0.05835950452818128
"('Neo Genesis|3|Bellossom|unl|EN', 10)","('Neo Genesis|3|Bellossom|1st|EN', 10)",ed_1st:10<-10,-0.6588585424041791,-0.4285875255290179,9,1.2599357163110576,0.045879010684035215,0.5174416352108917
"('Neo Genesis|3|Bellossom|unl|EN', 10)","('Neo Genesis|3|Bellossom|unl|EN', 8)",grade8:10<-8,3.2760581719253437,3.1413311848999688,3,0.8607639523447206,3.6731090923112704,26.471221769212836
"('Neo Genesis|3|Bellossom|unl|EN', 10)","('Neo Genesis|3|Bellossom|unl|EN', 9)",grade9:10<-9,2.6700908743358402,2.581715396964546,3,0.8607639523447206,3.126820780916405,14.441281475038316
"('Neo Genesis|4|Feraligatr|1st|EN', 8)","('Neo Genesis|4|Feraligatr|1st|EN', 9)",grade9:8<-9,-0.8074044065689374,-0.8093632061403593,21,13.230525882341087,-1.0055387764791748,0.44601423672255813
"('Neo Genesis|4|Feraligatr|1st|EN', 8)","('Neo Genesis|4|Feraligatr|1st|EN', 10)",grade10:8<-10,-3.2979957415307597,-3.221327249648806,21,13.230525882341087,-3.3787511928323255,0.03695716493219441
"('Neo Genesis|4|Feraligatr|1st|EN', 8)","('Neo Genesis|4|Feraligatr|unl|EN', 8)",ed_unl:8<-8,0.7012318968813875,0.6649763035932486,21,13.230525882341087,0.7339425080579716,2.0162349717836108
"('Neo Genesis|4|Feraligatr|1st|EN', 9)","('Neo Genesis|4|Feraligatr|1st|EN', 8)",grade8:9<-8,0.7693716172691483,0.7892731639751505,17,10.225755766247595,0.9818054690695437,2.158409520286954
"('Neo Genesis|4|Feraligatr|1st|EN', 9)","('Neo Genesis|4|Feraligatr|1st|EN', 10)",grade10:9<-10,-2.427878123295457,-2.392969531152886,17,10.225755766247595,-2.396945723762782,0.08822383421361096
"('Neo Genesis|4|Feraligatr|1st|EN', 9)","('Neo Genesis|4|Feraligatr|unl|EN', 9)",ed_unl:9<-9,0.8887338417219042,0.8490683886154917,17,10.225755766247595,0.7994794677224997,2.4320483428474047
"('Neo Genesis|4|Feraligatr|1st|EN', 10)","('Neo Genesis|4|Feraligatr|1st|EN', 8)",grade8:10<-8,3.142412874300528,3.3205242501145955,7,3.756794832369496,3.3889500247068316,23.15968089435558
"('Neo Genesis|4|Feraligatr|1st|EN', 10)","('Neo Genesis|4|Feraligatr|1st|EN', 9)",grade9:10<-9,2.414954837795392,2.420268504071333,7,3.756794832369496,2.420268504071333,11.189265014265596
"('Neo Genesis|4|Feraligatr|1st|EN', 10)","('Neo Genesis|4|Feraligatr|unl|EN', 10)",ed_unl:10<-10,0.8334132730615755,0.9436860373582476,8,3.7638358516086434,0.9436860373582476,2.301159837632463
"('Neo Genesis|4|Feraligatr|unl|EN', 8)","('Neo Genesis|4|Feraligatr|1st|EN', 8)",ed_1st:8<-8,-0.729053401609893,-0.6649763035932486,19,10.649070859790383,-0.7339425080579716,0.4823653803394585
"('Neo Genesis|4|Feraligatr|unl|EN', 8)","('Neo Genesis|4|Feraligatr|unl|EN', 9)",grade9:8<-9,-0.5885645155788684,-0.5758865558155115,19,10.649070859790383,-0.8851263157733467,0.5551235843170353
"('Neo Genesis|4|Feraligatr|unl|EN', 8)","('Neo Genesis|4|Feraligatr|unl|EN', 10)",grade10:8<-10,-2.988576942606981,-2.878679871171724,19,10.649070859790383,-3.309493230687119,0.05035904957471075
"('Neo Genesis|4|Feraligatr|unl|EN', 9)","('Neo Genesis|4|Feraligatr|1st|EN', 9)",ed_1st:9<-9,-0.9424393646310686,-0.8571193478240202,7,4.014292102665828,-0.8113461214273157,0.389676112904019
"('Neo Genesis|4|Feraligatr|unl|EN', 9)","('Neo Genesis|4|Feraligatr|unl|EN', 8)",grade8:9<-8,0.6145578741479812,0.635988766719997,9,4.5114454875691035,0.9162685094050156,1.8488389993127263
"('Neo Genesis|4|Feraligatr|unl|EN', 9)","('Neo Genesis|4|Feraligatr|unl|EN', 10)",grade10:9<-10,-2.5922895013112153,-2.4710800461704903,7,4.014292102665828,-2.533710288437171,0.07484847807584838
"('Neo Genesis|4|Feraligatr|unl|EN', 10)","('Neo Genesis|4|Feraligatr|1st|EN', 10)",ed_1st:10<-10,-0.9236651606775126,-1.0365160146109034,8,4.468669563859694,-0.4519865523155069,0.3970610782320657
"('Neo Genesis|4|Feraligatr|unl|EN', 10)","('Neo Genesis|4|Feraligatr|unl|EN', 8)",grade8:10<-8,3.1008681888301424,2.9568403996101953,6,4.4542659899150205,3.66070714857479,22.21723166309117
"('Neo Genesis|4|Feraligatr|unl|EN', 10)","('Neo Genesis|4|Feraligatr|unl|EN', 9)",grade9:10<-9,2.4281233234253055,2.248077255287517,6,4.4542659899150205,2.7444386391697746,11.337585122088718
"('Neo Genesis|5|Feraligatr|1st|EN', 8)","('Neo Genesis|5|Feraligatr|1st|EN', 9)",grade9:8<-9,-1.1465202037119218,-1.22093178182166,18,14.020174902330663,-1.333924640901528,0.3177405201339228
"('Neo Genesis|5|Feraligatr|1st|EN', 8)","('Neo Genesis|5|Feraligatr|unl|EN', 8)",ed_unl:8<-8,0.7375977997404352,0.711165686062623,18,14.020174902330663,0.6502017209614825,2.090906700185193
"('Neo Genesis|5|Feraligatr|1st|EN', 9)","('Neo Genesis|5|Feraligatr|1st|EN', 8)",grade8:9<-8,0.7630248990359177,0.7741023188147329,23,16.6526325597266,1.4961092271270973,2.144754082674877
"('Neo Genesis|5|Feraligatr|1st|EN', 9)","('Neo Genesis|5|Feraligatr|unl|EN', 9)",ed_unl:9<-9,0.9542964558429854,0.9391134650249846,20,13.760226556468872,1.4327007339340465,2.5968429464017855
"('Neo Genesis|5|Feraligatr|1st|EN', 10)","('Neo Genesis|5|Feraligatr|unl|EN', 10)",ed_unl:10<-10,0.7190639865299182,1.1310941589133634,1,0.17474624177237744,1.1310941589133634,2.052511133170875
"('Neo Genesis|5|Feraligatr|unl|EN', 8)","('Neo Genesis|5|Feraligatr|1st|EN', 8)",ed_1st:8<-8,-1.0134165737772152,-1.0321526653138386,15,9.112250487208833,-0.5760657929051689,0.3629767218976552
"('Neo Genesis|5|Feraligatr|unl|EN', 8)","('Neo Genesis|5|Feraligatr|unl|EN', 9)",grade9:8<-9,-0.7528227567542443,-0.7849095224558233,22,11.149962416778086,-0.6931471805599454,0.47103505699220316
"('Neo Genesis|5|Feraligatr|unl|EN', 9)","('Neo Genesis|5|Feraligatr|1st|EN', 9)",ed_1st:9<-9,-0.9942107291115557,-0.948332602881468,8,4.080057134147494,-0.830732843512509,0.37001537168525533
"('Neo Genesis|5|Feraligatr|unl|EN', 9)","('Neo Genesis|5|Feraligatr|unl|EN', 8)",grade8:9<-8,0.7150057279618042,0.7845082059340331,13,5.726815455257685,0.7600750819865647,2.044198391315328
"('Neo Genesis|5|Feraligatr|unl|EN', 10)","('Neo Genesis|5|Feraligatr|1st|EN', 10)",ed_1st:10<-10,-0.7765784863593591,-1.1310941589133634,1,0.1778007522746602,-1.1310941589133634,0.45997714001227263
"('Neo Genesis|6|Heracross|1st|EN', 8)","('Neo Genesis|6|Heracross|1st|EN', 9)",grade9:8<-9,-0.8067251419323784,-0.8086044256235105,18,12.705987196618514,-0.769866027127172,0.4463173013398513
"('Neo Genesis|6|Heracross|1st|EN', 8)","('Neo Genesis|6|Heracross|1st|EN', 10)",grade10:8<-10,-4.62771582454947,-4.861841338515324,18,12.705987196618514,-4.896691034747038,0.009777066150517377
"('Neo Genesis|6|Heracross|1st|EN', 8)","('Neo Genesis|6|Heracross|unl|EN', 8)",ed_unl:8<-8,1.1612612412703662,1.2321260590806826,18,12.705987196618514,1.383211585463033,3.19395908984128
"('Neo Genesis|6|Heracross|1st|EN', 9)","('Neo Genesis|6|Heracross|1st|EN', 8)",grade8:9<-8,0.7679489144410686,0.7892722245582302,15,9.343776665404084,1.0440645016698538,2.155340928323111
"('Neo Genesis|6|Heracross|1st|EN', 9)","('Neo Genesis|6|Heracross|1st|EN', 10)",grade10:9<-10,-3.698365835716704,-4.068076769911091,15,9.343776665404084,-4.126825007619866,0.024763961804245043
"('Neo Genesis|6|Heracross|1st|EN', 9)","('Neo Genesis|6|Heracross|unl|EN', 9)",ed_unl:9<-9,0.9553344789078485,0.9333083398384181,15,9.343776665404084,1.036238312992202,2.5995399287987797
"('Neo Genesis|6|Heracross|1st|EN', 10)","('Neo Genesis|6|Heracross|1st|EN', 8)",grade8:10<-8,3.7571609995680824,4.872473241582571,3,2.253514466502666,5.110153026530075,42.82666829569633
"('Neo Genesis|6|Heracross|1st|EN', 10)","('Neo Genesis|6|Heracross|1st|EN', 9)",grade9:10<-9,3.199210585704371,4.113548608205177,4,2.5950245306912647,4.113548608205177,24.513171509081662
"('Neo Genesis|6|Heracross|unl|EN', 8)","('Neo Genesis|6|Heracross|1st|EN', 8)",ed_1st:8<-8,-1.063426351002975,-1.09861228866811,15,9.116064888277629,-0.9163676579098095,0.3452707624711664
"('Neo Genesis|6|Heracross|unl|EN', 8)","('Neo Genesis|6|Heracross|unl|EN', 9)",grade9:8<-9,-0.9594119227806622,-1.050423825590272,20,10.740724010273157,-0.6499953720447795,0.3831181227806264
"('Neo Genesis|6|Heracross|unl|EN', 8)","('Neo Genesis|6|Heracross|unl|EN', 10)",grade10:8<-10,-4.568655531120645,-5.533228098895613,8,3.7010528640457383,-5.5569210936095494,0.01037189503781069
"('Neo Genesis|6|Heracross|unl|EN', 9)","('Neo Genesis|6|Heracross|1st|EN', 9)",ed_1st:9<-9,-0.9920602739971853,-0.9607424944449887,11,6.182965214592291,-1.0626285317938837,0.3708119293074273
"('Neo Genesis|6|Heracross|unl|EN', 9)","('Neo Genesis|6|Heracross|unl|EN', 8)",grade8:9<-8,0.8712104767895837,0.9998710353468381,13,6.735880220259951,0.8898036450315798,2.3898019031324873
"('Neo Genesis|6|Heracross|unl|EN', 9)","('Neo Genesis|6|Heracross|unl|EN', 10)",grade10:9<-10,-3.6500746448499175,-4.454300783543902,7,3.340833060262692,-4.2720125606388475,0.02598918874725605
"('Neo Genesis|6|Heracross|unl|EN', 10)","('Neo Genesis|6|Heracross|1st|EN', 10)",ed_1st:10<-10,-0.7176251904349804,-0.48057824927228054,1,0.4801864725255021,-0.48057824927228054,0.48790957353373
"('Neo Genesis|6|Heracross|unl|EN', 10)","('Neo Genesis|6|Heracross|unl|EN', 8)",grade8:10<-8,3.6257481573203427,5.568955381459677,1,0.4801864725255021,5.568955381459677,37.5528080605788
"('Neo Genesis|6|Heracross|unl|EN', 10)","('Neo Genesis|6|Heracross|unl|EN', 9)",grade9:10<-9,2.9350888554834977,4.432264555726327,1,0.4801864725255021,4.432264555726327,18.823175603248753
"('Neo Genesis|7|Jumpluff|1st|EN', 8)","('Neo Genesis|7|Jumpluff|1st|EN', 9)",grade9:8<-9,-0.6877321560929267,-0.6664490344925671,26,15.650937360353595,-0.7247525199752767,0.5027148561057694
"('Neo Genesis|7|Jumpluff|1st|EN', 8)","('Neo Genesis|7|Jumpluff|1st|EN', 10)",grade10:8<-10,-3.9504715898612557,-4.0107276024612535,26,15.650937360353595,-4.51899148974654,0.019245623594005546
"('Neo Genesis|7|Jumpluff|1st|EN', 8)","('Neo Genesis|7|Jumpluff|unl|EN', 8)",ed_unl:8<-8,0.9075223078167738,0.9164157475017602,26,15.650937360353595,1.230940664569141,2.478174766145726
"('Neo Genesis|7|Jumpluff|1st|EN', 9)","('Neo Genesis|7|Jumpluff|1st|EN', 8)",grade8:9<-8,0.6682957849539753,0.6592456288842641,19,11.018499591748306,0.7534455590122606,1.9509097162726974
"('Neo Genesis|7|Jumpluff|1st|EN', 9)","('Neo Genesis|7|Jumpluff|1st|EN', 10)",grade10:9<-10,-3.266803972804906,-3.462820752871071,19,11.018499591748306,-3.6522117949221,0.038128090966685686
"('Neo Genesis|7|Jumpluff|1st|EN', 9)","('Neo Genesis|7|Jumpluff|unl|EN', 9)",ed_unl:9<-9,1.3888256103550083,1.4881736260227116,19,11.018499591748306,1.4648566836229926,4.010137822204881
"('Neo Genesis|7|Jumpluff|1st|EN', 10)","('Neo Genesis|7|Jumpluff|1st|EN', 8)",grade8:10<-8,3.9020641553130657,4.379730422413532,10,6.17184411446424,4.379730422413532,49.504528751206756
"('Neo Genesis|7|Jumpluff|1st|EN', 10)","('Neo Genesis|7|Jumpluff|1st|EN', 9)",grade9:10<-9,3.2573180574048304,3.6549779024382554,11,6.405102362348442,3.6549779024382554,25.979767380339972
"('Neo Genesis|7|Jumpluff|1st|EN', 10)","('Neo Genesis|7|Jumpluff|unl|EN', 10)",ed_unl:10<-10,0.7226340515515333,0.8520484631458016,6,0.6391167580700942,1.7369203451791968,2.0598518269542896
"('Neo Genesis|7|Jumpluff|unl|EN', 8)","('Neo Genesis|7|Jumpluff|1st|EN', 8)",ed_1st:8<-8,-0.9789795332845201,-0.9852127726976745,18,10.81569843324602,-1.2978467072014586,0.37569428681775746
"('Neo Genesis|7|Jumpluff|unl|EN', 8)","('Neo Genesis|7|Jumpluff|unl|EN', 9)",grade9:8<-9,-0.17382749752013113,-0.046307342019656694,18,10.81569843324602,-0.5577425435537426,0.8404418634602243
"('Neo Genesis|7|Jumpluff|unl|EN', 9)","('Neo Genesis|7|Jumpluff|1st|EN', 9)",ed_1st:9<-9,-1.2956824599452796,-1.463895627442931,8,4.263814937583865,-1.4488046437286655,0.27371100377961527
"('Neo Genesis|7|Jumpluff|unl|EN', 9)","('Neo Genesis|7|Jumpluff|unl|EN', 8)",grade8:9<-8,0.36171167134809873,0.20648581973407554,8,4.263814937583865,0.20648581973407554,1.435784904347876
"('Neo Genesis|7|Jumpluff|unl|EN', 10)","('Neo Genesis|7|Jumpluff|1st|EN', 10)",ed_1st:10<-10,-0.7660894224778209,-0.8520484631458016,4,0.3672209622553677,-1.6703326085142596,0.46482726176873923
"('Neo Genesis|8|Kingdra|1st|EN', 8)","('Neo Genesis|8|Kingdra|1st|EN', 9)",grade9:8<-9,-0.6177974516431056,-0.5775522425615929,20,13.489926595980116,-0.4721417230826521,0.5391305920335298
"('Neo Genesis|8|Kingdra|1st|EN', 8)","('Neo Genesis|8|Kingdra|1st|EN', 10)",grade10:8<-10,-3.387285724653125,-3.3396938819519306,26,15.685345943085624,-3.238482354507119,0.03380029581348777
"('Neo Genesis|8|Kingdra|1st|EN', 8)","('Neo Genesis|8|Kingdra|unl|EN', 8)",ed_unl:8<-8,0.8310064453282235,0.8243083421625048,20,13.489926595980116,1.2909841813155651,2.295628002074402
"('Neo Genesis|8|Kingdra|1st|EN', 9)","('Neo Genesis|8|Kingdra|1st|EN', 8)",grade8:9<-8,0.6044898707332852,0.5870092291659725,22,16.654816844127918,0.5738004229273796,1.8303182717738649
"('Neo Genesis|8|Kingdra|1st|EN', 9)","('Neo Genesis|8|Kingdra|1st|EN', 10)",grade10:9<-10,-2.6368951720557807,-2.65311176641495,22,16.654816844127918,-2.645073401938822,0.07158317833626422
"('Neo Genesis|8|Kingdra|1st|EN', 9)","('Neo Genesis|8|Kingdra|unl|EN', 9)",ed_unl:9<-9,0.5329588466707165,0.44451991427281357,22,16.654816844127918,0.16833531481921504,1.703966633047854
"('Neo Genesis|8|Kingdra|1st|EN', 10)","('Neo Genesis|8|Kingdra|1st|EN', 8)",grade8:10<-8,3.0718321108361337,3.236420697079784,4,2.7789630878427265,3.2188738248662014,21.58140600451342
"('Neo Genesis|8|Kingdra|1st|EN', 10)","('Neo Genesis|8|Kingdra|1st|EN', 9)",grade9:10<-9,2.5667350901488057,2.7600674247784474,3,2.4584770673625442,2.7600674247784474,13.02323526474591
"('Neo Genesis|8|Kingdra|1st|EN', 10)","('Neo Genesis|8|Kingdra|unl|EN', 10)",ed_unl:10<-10,0.6453157418147105,0.6092678737046651,24,4.140161897208047,0.5530078147889066,1.9065889240920406
"('Neo Genesis|8|Kingdra|unl|EN', 8)","('Neo Genesis|8|Kingdra|1st|EN', 8)",ed_1st:8<-8,-1.024357464369357,-1.0402306149145977,19,12.823580953841846,-1.3010665846708571,0.3590270789999151
"('Neo Genesis|8|Kingdra|unl|EN', 8)","('Neo Genesis|8|Kingdra|unl|EN', 9)",grade9:8<-9,-0.9378853921563102,-1.0090787773067547,19,12.823580953841846,-1.607538639791387,0.39145473401820197
"('Neo Genesis|8|Kingdra|unl|EN', 8)","('Neo Genesis|8|Kingdra|unl|EN', 10)",grade10:8<-10,-3.4309725426170337,-3.4432066525429086,19,12.823580953841846,-3.7002894864689724,0.032355458404224095
"('Neo Genesis|8|Kingdra|unl|EN', 9)","('Neo Genesis|8|Kingdra|1st|EN', 9)",ed_1st:9<-9,-0.8347863680123386,-0.6131346762315415,4,3.002271059506041,-0.16833531481921504,0.4339671808022777
"('Neo Genesis|8|Kingdra|unl|EN', 9)","('Neo Genesis|8|Kingdra|unl|EN', 8)",grade8:9<-8,0.6820855542842403,0.7817658756362418,4,3.002271059506041,1.6964492894237297,1.977998657104054
"('Neo Genesis|8|Kingdra|unl|EN', 9)","('Neo Genesis|8|Kingdra|unl|EN', 10)",grade10:9<-10,-2.6034440864123933,-2.5431552331219116,20,7.51559166423622,-2.0771432555949243,0.07401821359413753
"('Neo Genesis|8|Kingdra|unl|EN', 10)","('Neo Genesis|8|Kingdra|1st|EN', 10)",ed_1st:10<-10,-0.7372346827167768,-0.7195763770183312,15,3.1145829386863877,-0.22314405131533555,0.4784351128005962
"('Neo Genesis|8|Kingdra|unl|EN', 10)","('Neo Genesis|8|Kingdra|unl|EN', 8)",grade8:10<-8,3.3564970678989448,3.411247717515657,3,2.2894441428340984,4.286713954866431,28.688520721651383
"('Neo Genesis|8|Kingdra|unl|EN', 10)","('Neo Genesis|8|Kingdra|unl|EN', 9)",grade9:10<-9,2.6463029566932934,2.5902646654427013,4,2.6309542070226972,2.5902646654427013,14.101807162059155
"('Neo Genesis|9|Lugia|1st|EN', 8)","('Neo Genesis|9|Lugia|1st|EN', 9)",grade9:8<-9,-0.9074769020575689,-0.9298922238879879,18,14.549576283635126,-1.0363256584612426,0.4035411143925978
"('Neo Genesis|9|Lugia|1st|EN', 8)","('Neo Genesis|9|Lugia|1st|EN', 10)",grade10:8<-10,-3.9369957645696587,-3.9990343824177756,18,14.549576283635126,-3.954582619846942,0.019506729613390044
"('Neo Genesis|9|Lugia|1st|EN', 8)","('Neo Genesis|9|Lugia|unl|EN', 8)",ed_unl:8<-8,1.3787818541350325,1.4855182481102513,18,14.549576283635126,1.5260563034950492,3.9700625654536528
"('Neo Genesis|9|Lugia|1st|EN', 9)","('Neo Genesis|9|Lugia|1st|EN', 8)",grade8:9<-8,0.9725208192881475,1.080672318323053,9,7.516825650107405,1.2650625621952347,2.6446026291239493
"('Neo Genesis|9|Lugia|1st|EN', 9)","('Neo Genesis|9|Lugia|1st|EN', 10)",grade10:9<-10,-2.908543808838768,-3.0528906873939388,9,7.516825650107405,-2.9182569613856995,0.054555114731266376
"('Neo Genesis|9|Lugia|1st|EN', 9)","('Neo Genesis|9|Lugia|unl|EN', 9)",ed_unl:9<-9,1.5692887624171323,1.7869412133873883,9,7.516825650107405,1.9562461583859765,4.803230740386849
"('Neo Genesis|9|Lugia|1st|EN', 10)","('Neo Genesis|9|Lugia|1st|EN', 8)",grade8:10<-8,3.1802312326800353,4.121698140065353,1,0.8312378961427878,4.121698140065353,24.05231459025659
"('Neo Genesis|9|Lugia|1st|EN', 10)","('Neo Genesis|9|Lugia|1st|EN', 9)",grade9:10<-9,2.534533734481637,2.9901181656323494,1,0.8312378961427878,2.9901181656323494,12.610549612582847
"('Neo Genesis|9|Lugia|1st|EN', 10)","('Neo Genesis|9|Lugia|unl|EN', 10)",ed_unl:10<-10,0.6946479210372922,0.6931471805599454,1,0.8312378961427878,0.6931471805599454,2.003003734303764
"('Neo Genesis|9|Lugia|unl|EN', 8)","('Neo Genesis|9|Lugia|1st|EN', 8)",ed_1st:8<-8,-1.4725904428382761,-1.5828898522963302,19,14.036789263182337,-1.2431935174792175,0.229330647139897
"('Neo Genesis|9|Lugia|unl|EN', 8)","('Neo Genesis|9|Lugia|unl|EN', 9)",grade9:8<-9,-0.7559143561852606,-0.7820628594547614,19,14.036789263182337,-0.6061358035703153,0.4695810540334889
"('Neo Genesis|9|Lugia|unl|EN', 8)","('Neo Genesis|9|Lugia|unl|EN', 10)",grade10:8<-10,-4.596711584719756,-5.0106352940962555,11,8.827960666580482,-4.787491742782046,0.010084944763156106
"('Neo Genesis|9|Lugia|unl|EN', 9)","('Neo Genesis|9|Lugia|1st|EN', 9)",ed_1st:9<-9,-1.439183813616673,-1.6807092352234427,8,4.752021007368748,-1.7167871367830845,0.23712121482998771
"('Neo Genesis|9|Lugia|unl|EN', 9)","('Neo Genesis|9|Lugia|unl|EN', 8)",grade8:9<-8,0.7971432088817421,0.932757152252484,8,4.752021007368748,1.0063401406147623,2.219192095896786
"('Neo Genesis|9|Lugia|unl|EN', 9)","('Neo Genesis|9|Lugia|unl|EN', 10)",grade10:9<-10,-3.0584950396414006,-4.1813559392117305,1,0.8122523963562356,-4.1813559392117305,0.04695831246735117
"('Neo Genesis|9|Lugia|unl|EN', 10)","('Neo Genesis|9|Lugia|1st|EN', 10)",ed_1st:10<-10,-0.7411473707347802,-0.6931471805599454,1,0.9012504626108302,-0.6931471805599454,0.4765668029077307
"('Neo Genesis|9|Lugia|unl|EN', 10)","('Neo Genesis|9|Lugia|unl|EN', 8)",grade8:10<-8,3.7299101766182674,5.11197646330951,1,0.9012504626108302,5.11197646330951,41.67536457371989
"('Neo Genesis|9|Lugia|unl|EN', 10)","('Neo Genesis|9|Lugia|unl|EN', 9)",grade9:10<-9,3.0387159543767237,4.1813559392117305,1,0.9012504626108302,4.1813559392117305,20.878417175641165
"('Neo Revelation|10|Magneton|1st|EN', 8)","('Neo Revelation|10|Magneton|1st|EN', 9)",grade9:8<-9,-0.6777648782521821,-0.6318345977299158,22,9.522937117343442,-1.05453450626037,0.5077506094371845
"('Neo Revelation|10|Magneton|1st|EN', 8)","('Neo Revelation|10|Magneton|unl|EN', 8)",ed_unl:8<-8,0.5176493661622069,0.45195912118631476,22,9.522937117343442,0.3462576378082094,1.6780784619550013
"('Neo Revelation|10|Magneton|1st|EN', 9)","('Neo Revelation|10|Magneton|1st|EN', 8)",grade8:9<-8,0.7587485319536795,0.7349775702156682,16,8.318017738653914,1.4586261338723565,2.1356019098888317
"('Neo Revelation|10|Magneton|1st|EN', 9)","('Neo Revelation|10|Magneton|1st|EN', 10)",grade10:9<-10,-2.632805773501338,-2.9260186575836347,8,0.4881832953052736,-2.9271610164718975,0.07187650984821924
"('Neo Revelation|10|Magneton|1st|EN', 9)","('Neo Revelation|10|Magneton|unl|EN', 9)",ed_unl:9<-9,0.5604113753882947,0.4131467101261155,25,7.183554352388992,0.7131868882635706,1.7513928320289018
"('Neo Revelation|10|Magneton|1st|EN', 10)","('Neo Revelation|10|Magneton|1st|EN', 9)",grade9:10<-9,2.356302000149448,2.9072528939894697,1,0.07650334645654094,2.9072528939894697,10.551858443067266
"('Neo Revelation|10|Magneton|1st|EN', 10)","('Neo Revelation|10|Magneton|unl|EN', 10)",ed_unl:10<-10,0.7628214332330251,0.4169365586996072,1,0.07650334645654094,0.4169365586996072,2.1443177429550495
"('Neo Revelation|10|Magneton|unl|EN', 8)","('Neo Revelation|10|Magneton|1st|EN', 8)",ed_1st:8<-8,-0.5694904722518594,-0.47782662457824365,15,7.128442662323604,-0.150811778561744,0.5658136630257441
"('Neo Revelation|10|Magneton|unl|EN', 8)","('Neo Revelation|10|Magneton|unl|EN', 9)",grade9:8<-9,-0.6234991696331174,-0.6182133515328267,13,5.212269525029399,-0.6429059641231989,0.5360653682628173
"('Neo Revelation|10|Magneton|unl|EN', 9)","('Neo Revelation|10|Magneton|1st|EN', 9)",ed_1st:9<-9,-0.6576107128981463,-0.4131467101261155,15,4.141029067092773,-0.4131467101261155,0.5180877171671885
"('Neo Revelation|10|Magneton|unl|EN', 9)","('Neo Revelation|10|Magneton|unl|EN', 8)",grade8:9<-8,0.5611524804214691,0.5784672488255174,11,3.8934821672887088,0.6918517938361104,1.752691279155205
"('Neo Revelation|10|Magneton|unl|EN', 9)","('Neo Revelation|10|Magneton|unl|EN', 10)",grade10:9<-10,-2.725268465154929,-2.7725887222397807,3,0.252828281972179,-1.6454483499571335,0.06552860820841867
"('Neo Revelation|10|Magneton|unl|EN', 10)","('Neo Revelation|10|Magneton|1st|EN', 10)",ed_1st:10<-10,-0.8256366109315911,-1.3617553741883004,2,0.1686784143691058,-1.3617553741883004,0.4379560960618089
"('Neo Revelation|10|Magneton|unl|EN', 10)","('Neo Revelation|10|Magneton|unl|EN', 9)",grade9:10<-9,2.6082747005300417,1.7264801529766682,2,0.1686784143691058,1.7264801529766682,13.575608644832935
"('Neo Revelation|11|Misdreavus|1st|EN', 8)","('Neo Revelation|11|Misdreavus|1st|EN', 9)",grade9:8<-9,-0.9706175451940684,-1.0315565386771688,12,7.239483332663158,-1.1993445974255774,0.3788490094641334
"('Neo Revelation|11|Misdreavus|1st|EN', 8)","('Neo Revelation|11|Misdreavus|1st|EN', 10)",grade10:8<-10,-5.288956955503709,-7.409634116758322,3,2.679655307511622,-7.409634116758322,0.005047021783506179
"('Neo Revelation|11|Misdreavus|1st|EN', 8)","('Neo Revelation|11|Misdreavus|unl|EN', 8)",ed_unl:8<-8,0.8289359930645315,0.8965472728930992,9,4.559828025151536,0.7156200364120036,2.290879930904422
"('Neo Revelation|11|Misdreavus|1st|EN', 9)","('Neo Revelation|11|Misdreavus|1st|EN', 8)",grade8:9<-8,0.8787836704781802,0.9042743857152677,11,6.370089370250735,1.3470736479666092,2.4079690406191285
"('Neo Revelation|11|Misdreavus|1st|EN', 9)","('Neo Revelation|11|Misdreavus|1st|EN', 10)",grade10:9<-10,-4.041602039994146,-6.0625604687917125,4,2.162108022209774,-6.0625604687917125,0.017569303131202592
"('Neo Revelation|11|Misdreavus|1st|EN', 9)","('Neo Revelation|11|Misdreavus|unl|EN', 9)",ed_unl:9<-9,1.112084973771415,1.2008102464706605,15,6.730180137921409,0.2663385405810965,3.0406915520406477
"('Neo Revelation|11|Misdreavus|1st|EN', 10)","('Neo Revelation|11|Misdreavus|1st|EN', 8)",grade8:10<-8,4.104525730123925,7.409634116758322,1,0.9771599684342459,7.409634116758322,60.6139903398308
"('Neo Revelation|11|Misdreavus|1st|EN', 10)","('Neo Revelation|11|Misdreavus|1st|EN', 9)",grade9:10<-9,3.404312462304153,6.0625604687917125,2,1.1986018482098362,6.0625604687917125,30.09359812642827
"('Neo Revelation|11|Misdreavus|1st|EN', 10)","('Neo Revelation|11|Misdreavus|unl|EN', 10)",ed_unl:10<-10,0.9196723879952923,1.3573068242466384,2,1.014754500811812,1.3573068242466384,2.5084684509271518
"('Neo Revelation|11|Misdreavus|unl|EN', 8)","('Neo Revelation|11|Misdreavus|1st|EN', 8)",ed_1st:8<-8,-0.8283802786317003,-0.85596724957957,10,4.467650218760425,-0.6702996376018406,0.43675613696423243
"('Neo Revelation|11|Misdreavus|unl|EN', 8)","('Neo Revelation|11|Misdreavus|unl|EN', 9)",grade9:8<-9,-0.589003674607568,-0.5665025190539961,15,5.823593964481572,-0.3819466396903506,0.5548798503058514
"('Neo Revelation|11|Misdreavus|unl|EN', 9)","('Neo Revelation|11|Misdreavus|1st|EN', 9)",ed_1st:9<-9,-0.9749216557040925,-0.9511156193001078,5,2.53715956297872,-0.7225591627648429,0.37722190559011975
"('Neo Revelation|11|Misdreavus|unl|EN', 9)","('Neo Revelation|11|Misdreavus|unl|EN', 8)",grade8:9<-8,0.6680322854857639,0.8209805520698295,5,2.53715956297872,1.0032687749748836,1.9503957203217348
"('Neo Revelation|11|Misdreavus|unl|EN', 9)","('Neo Revelation|11|Misdreavus|unl|EN', 10)",grade10:9<-10,-2.7570559546314457,-3.501749216143888,2,0.14412157767188682,-3.501749216143888,0.06347837675415317
"('Neo Revelation|11|Misdreavus|unl|EN', 10)","('Neo Revelation|11|Misdreavus|1st|EN', 10)",ed_1st:10<-10,-0.9350811053414221,-1.3573068242466384,2,0.9918039744593746,-1.3573068242466384,0.39255402601205197
"('Neo Revelation|11|Misdreavus|unl|EN', 10)","('Neo Revelation|11|Misdreavus|unl|EN', 9)",grade9:10<-9,2.699159781504504,3.6601984222524706,2,0.12893918266004212,3.6601984222524706,14.867234749899538
"('Neo Revelation|12|Porygon2|1st|EN', 8)","('Neo Revelation|12|Porygon2|1st|EN', 9)",grade9:8<-9,-0.8294961197680751,-0.8328819027781886,17,5.258030800856387,-0.9832044484068199,0.43626905830178625
"('Neo Revelation|12|Porygon2|1st|EN', 8)","('Neo Revelation|12|Porygon2|1st|EN', 10)",grade10:8<-10,-3.943100544567707,-4.255977102384497,17,5.258030800856387,-5.022125796638799,0.01938800807377173
"('Neo Revelation|12|Porygon2|1st|EN', 8)","('Neo Revelation|12|Porygon2|unl|EN', 8)",ed_unl:8<-8,0.4231761595133079,0.2503008519120371,17,5.258030800856387,-0.12576424025897648,1.5268032331923118
"('Neo Revelation|12|Porygon2|1st|EN', 9)","('Neo Revelation|12|Porygon2|1st|EN', 8)",grade8:9<-8,0.8885710540246587,0.9242589015233316,15,5.372705227414631,1.617406082083277,2.431652467520774
"('Neo Revelation|12|Porygon2|1st|EN', 9)","('Neo Revelation|12|Porygon2|1st|EN', 10)",grade10:9<-10,-3.5124960090940807,-3.8893890897901127,18,7.381967144680397,-4.411308882164741,0.02982238451897711
"('Neo Revelation|12|Porygon2|1st|EN', 9)","('Neo Revelation|12|Porygon2|unl|EN', 9)",ed_unl:9<-9,1.0006234157196299,1.0362172335661528,18,7.381967144680397,1.6964492894237297,2.719976976417332
"('Neo Revelation|12|Porygon2|1st|EN', 10)","('Neo Revelation|12|Porygon2|1st|EN', 8)",grade8:10<-8,3.429692037911913,4.227680585465632,7,1.5101952701122776,4.103672202268993,30.867135378332836
"('Neo Revelation|12|Porygon2|1st|EN', 10)","('Neo Revelation|12|Porygon2|1st|EN', 9)",grade9:10<-9,3.0844094272468454,3.9795255867324553,8,2.4873552385465234,4.422848629194137,21.854556324652965
"('Neo Revelation|12|Porygon2|1st|EN', 10)","('Neo Revelation|12|Porygon2|unl|EN', 10)",ed_unl:10<-10,0.8564141661921887,1.2980017539742121,3,0.5759148479791941,1.2980017539742121,2.35470196705468
"('Neo Revelation|12|Porygon2|unl|EN', 8)","('Neo Revelation|12|Porygon2|1st|EN', 8)",ed_1st:8<-8,-0.5285940370487169,-0.3354500147173738,13,4.018295666574287,0.2926696139628193,0.5894331084884895
"('Neo Revelation|12|Porygon2|unl|EN', 8)","('Neo Revelation|12|Porygon2|unl|EN', 9)",grade9:8<-9,-0.7130410238190555,-0.7674159462678514,20,4.433559499525505,0.36229450742680314,0.49015136676329357
"('Neo Revelation|12|Porygon2|unl|EN', 8)","('Neo Revelation|12|Porygon2|unl|EN', 10)",grade10:8<-10,-3.2141082558003427,-3.0099169085459474,11,2.5547485976595907,-3.0099169085459474,0.04019115808030912
"('Neo Revelation|12|Porygon2|unl|EN', 9)","('Neo Revelation|12|Porygon2|1st|EN', 9)",ed_1st:9<-9,-0.903660059853174,-0.8330805292547208,12,3.8847594783770614,-1.3491553504160505,0.40508431034346154
"('Neo Revelation|12|Porygon2|unl|EN', 9)","('Neo Revelation|12|Porygon2|unl|EN', 8)",grade8:9<-8,0.4191911748939181,0.33220791083206347,17,4.121128109377981,-0.42050298547270426,1.520731052599908
"('Neo Revelation|12|Porygon2|unl|EN', 9)","('Neo Revelation|12|Porygon2|unl|EN', 10)",grade10:9<-10,-2.5502413947748965,-1.9601281179361703,3,0.8695234152121656,-1.9601281179361703,0.07806281976974767
"('Neo Revelation|12|Porygon2|unl|EN', 10)","('Neo Revelation|12|Porygon2|1st|EN', 10)",ed_1st:10<-10,-0.8775872264009531,-1.378779983179978,2,0.4913947896823645,-1.378779983179978,0.41578489723628276
"('Neo Revelation|12|Porygon2|unl|EN', 10)","('Neo Revelation|12|Porygon2|unl|EN', 8)",grade8:10<-8,3.1926873016676516,3.142055065060971,2,0.4913947896823645,3.142055065060971,24.353785553814532
"('Neo Revelation|12|Porygon2|unl|EN', 10)","('Neo Revelation|12|Porygon2|unl|EN', 9)",grade9:10<-9,2.568800987064165,2.02512235617972,2,0.4913947896823645,2.02512235617972,13.050167736583768
"('Neo Revelation|13|Raikou|1st|EN', 8)","('Neo Revelation|13|Raikou|1st|EN', 9)",grade9:8<-9,-0.7749595927353101,-0.7656001582641379,24,15.578615374165881,-1.2234856185495175,0.4607223971546997
"('Neo Revelation|13|Raikou|1st|EN', 8)","('Neo Revelation|13|Raikou|1st|EN', 10)",grade10:8<-10,-3.857327430954614,-3.9464107803855724,24,15.578615374165881,-5.648071867642196,0.021124380513901357
"('Neo Revelation|13|Raikou|1st|EN', 8)","('Neo Revelation|13|Raikou|unl|EN', 8)",ed_unl:8<-8,0.9910414075621825,1.0420479978776047,24,15.578615374165881,1.1700712526502546,2.6940386041489734
"('Neo Revelation|13|Raikou|1st|EN', 9)","('Neo Revelation|13|Raikou|1st|EN', 8)",grade8:9<-8,0.8636173158690321,0.8793116213702898,12,7.447227934683033,0.9382696385929297,2.37172447199169
"('Neo Revelation|13|Raikou|1st|EN', 9)","('Neo Revelation|13|Raikou|1st|EN', 10)",grade10:9<-10,-3.2716003987523425,-3.503793551618152,17,8.869880452161873,-4.424586249092679,0.03794565028322539
"('Neo Revelation|13|Raikou|1st|EN', 9)","('Neo Revelation|13|Raikou|unl|EN', 9)",ed_unl:9<-9,1.1256565356012909,1.1975686382482085,17,8.869880452161873,1.477901261608002,3.0822397849311343
"('Neo Revelation|13|Raikou|1st|EN', 10)","('Neo Revelation|13|Raikou|1st|EN', 8)",grade8:10<-8,3.61508513131439,4.011537116149704,6,4.442651008692688,5.715971037649833,37.15450880318459
"('Neo Revelation|13|Raikou|1st|EN', 10)","('Neo Revelation|13|Raikou|1st|EN', 9)",grade9:10<-9,2.9128797709877103,3.2459897452993447,9,5.139092286757075,4.473610740699275,18.40973813328598
"('Neo Revelation|13|Raikou|1st|EN', 10)","('Neo Revelation|13|Raikou|unl|EN', 10)",ed_unl:10<-10,1.1163773088252462,1.4434821871570804,7,3.1616962781490425,2.136629367717026,3.0537712701617794
"('Neo Revelation|13|Raikou|unl|EN', 8)","('Neo Revelation|13|Raikou|1st|EN', 8)",ed_1st:8<-8,-0.9065086192869387,-0.9357075130710415,20,12.24820232575441,-0.9073789472350962,0.40393204553630674
"('Neo Revelation|13|Raikou|unl|EN', 8)","('Neo Revelation|13|Raikou|unl|EN', 9)",grade9:8<-9,-0.6545126093533749,-0.6598594520017915,20,12.24820232575441,-0.8268185266793893,0.5196952954964795
"('Neo Revelation|13|Raikou|unl|EN', 8)","('Neo Revelation|13|Raikou|unl|EN', 10)",grade10:8<-10,-4.1515138671668845,-4.665765395607286,5,4.454161338117828,-4.681513752575425,0.0157405693076167
"('Neo Revelation|13|Raikou|unl|EN', 9)","('Neo Revelation|13|Raikou|1st|EN', 9)",ed_1st:9<-9,-1.0150575967725706,-1.0200860223453247,23,11.933777167069575,-1.457289235277515,0.3623815572232635
"('Neo Revelation|13|Raikou|unl|EN', 9)","('Neo Revelation|13|Raikou|unl|EN', 8)",grade8:9<-8,0.761291156697901,0.8278138154466443,16,10.039147313152265,0.936267635922257,2.1410388532729865
"('Neo Revelation|13|Raikou|unl|EN', 9)","('Neo Revelation|13|Raikou|unl|EN', 10)",grade10:9<-10,-3.4678379316607866,-3.765858142983655,15,7.515169152042535,-3.745246116653168,0.031184380589201297
"('Neo Revelation|13|Raikou|unl|EN', 10)","('Neo Revelation|13|Raikou|1st|EN', 10)",ed_1st:10<-10,-0.9986325605461062,-1.49299270005422,3,1.2327440322142111,-1.49299270005422,0.36838283813757133
"('Neo Revelation|13|Raikou|unl|EN', 10)","('Neo Revelation|13|Raikou|unl|EN', 8)",grade8:10<-8,3.5322281519444845,4.628503428392947,1,0.9064713534281105,4.628503428392947,34.20008576946419
"('Neo Revelation|13|Raikou|unl|EN', 10)","('Neo Revelation|13|Raikou|unl|EN', 9)",grade9:10<-9,3.024899241549815,3.9435323088084164,2,1.1986656655684218,3.9435323088084164,20.59192979573261
"('Neo Revelation|14|Suicune|1st|EN', 8)","('Neo Revelation|14|Suicune|1st|EN', 9)",grade9:8<-9,-1.0723299175438505,-1.1406850650900173,19,10.918035751081767,-0.9498638827477377,0.3422102661472135
"('Neo Revelation|14|Suicune|1st|EN', 8)","('Neo Revelation|14|Suicune|1st|EN', 10)",grade10:8<-10,-3.8629404397594156,-3.9915930926235124,19,10.918035751081767,-5.177551729660988,0.02100614132930846
"('Neo Revelation|14|Suicune|1st|EN', 8)","('Neo Revelation|14|Suicune|unl|EN', 8)",ed_unl:8<-8,0.7193409486292486,0.7174642992763509,19,10.918035751081767,0.9022435732377936,2.053079679692502
"('Neo Revelation|14|Suicune|1st|EN', 9)","('Neo Revelation|14|Suicune|1st|EN', 8)",grade8:9<-8,0.916251122088051,0.949867027407759,11,8.174121338935896,0.9749534878785591,2.499900977495883
"('Neo Revelation|14|Suicune|1st|EN', 9)","('Neo Revelation|14|Suicune|1st|EN', 10)",grade10:9<-10,-3.624846966306172,-3.976931402711875,14,8.85942372868044,-4.25784927155885,0.026653175858225717
"('Neo Revelation|14|Suicune|1st|EN', 9)","('Neo Revelation|14|Suicune|unl|EN', 9)",ed_unl:9<-9,1.092117254549272,1.1527570802127087,14,8.85942372868044,1.1778435406835088,2.98057803906993
"('Neo Revelation|14|Suicune|1st|EN', 10)","('Neo Revelation|14|Suicune|1st|EN', 8)",grade8:10<-8,3.6676993170128056,4.295279429532607,5,3.058000610816867,5.232802759437409,39.161703471615105
"('Neo Revelation|14|Suicune|1st|EN', 10)","('Neo Revelation|14|Suicune|1st|EN', 9)",grade9:10<-9,2.8356742174240943,3.287575839403994,6,3.275638251640898,4.282937618825663,17.04188636463524
"('Neo Revelation|14|Suicune|1st|EN', 10)","('Neo Revelation|14|Suicune|unl|EN', 10)",ed_unl:10<-10,0.8035973422781965,0.8318962903216036,9,3.3876304023018458,1.7171065866994422,2.2335613784689863
"('Neo Revelation|14|Suicune|unl|EN', 8)","('Neo Revelation|14|Suicune|1st|EN', 8)",ed_1st:8<-8,-0.7450408856835246,-0.7357350122225439,21,13.62249794023959,-1.060330102097093,0.47471489050035365
"('Neo Revelation|14|Suicune|unl|EN', 8)","('Neo Revelation|14|Suicune|unl|EN', 9)",grade9:8<-9,-0.6019236647524872,-0.5951497512128636,21,13.62249794023959,-0.8873114799707249,0.5477569212780217
"('Neo Revelation|14|Suicune|unl|EN', 8)","('Neo Revelation|14|Suicune|unl|EN', 10)",grade10:8<-10,-3.9981638290422614,-4.1325378014006064,21,13.62249794023959,-4.590956979159392,0.01834930042764662
"('Neo Revelation|14|Suicune|unl|EN', 9)","('Neo Revelation|14|Suicune|1st|EN', 9)",ed_1st:9<-9,-1.0953788523717587,-1.122885649534127,21,10.941727432220446,-1.122885649534127,0.33441288983012396
"('Neo Revelation|14|Suicune|unl|EN', 9)","('Neo Revelation|14|Suicune|unl|EN', 8)",grade8:9<-8,0.6197519883463172,0.6454900258441372,16,9.449565290556471,0.8398855213129348,1.858467063195008
"('Neo Revelation|14|Suicune|unl|EN', 9)","('Neo Revelation|14|Suicune|unl|EN', 10)",grade10:9<-10,-3.4382411899063663,-3.634817286951316,21,10.941727432220446,-3.703645499188667,0.032121130643809594
"('Neo Revelation|14|Suicune|unl|EN', 10)","('Neo Revelation|14|Suicune|1st|EN', 10)",ed_1st:10<-10,-1.136967435715891,-1.4505155648579837,9,3.2671990104215287,-1.7021758823751103,0.3207903656461365
"('Neo Revelation|14|Suicune|unl|EN', 10)","('Neo Revelation|14|Suicune|unl|EN', 8)",grade8:10<-8,3.6463909487475648,4.161898075198549,3,2.592069935445031,4.480296408957882,38.336059277261434
"('Neo Revelation|14|Suicune|unl|EN', 10)","('Neo Revelation|14|Suicune|unl|EN', 9)",grade9:10<-9,3.181679219144014,3.683064464811146,5,3.134264247585343,3.7633883605458305,24.087167243205965
"('Neo Revelation|1|Ampharos|1st|EN', 8)","('Neo Revelation|1|Ampharos|1st|EN', 9)",grade9:8<-9,-1.462866172144209,-1.744057804875844,15,6.820660664220489,-1.744057804875844,0.23157159858140713
"('Neo Revelation|1|Ampharos|1st|EN', 8)","('Neo Revelation|1|Ampharos|1st|EN', 10)",grade10:8<-10,-4.50543081102683,-5.9401712527204324,8,2.3224447296618127,-5.889478138404914,0.011048829203936449
"('Neo Revelation|1|Ampharos|1st|EN', 8)","('Neo Revelation|1|Ampharos|unl|EN', 8)",ed_unl:8<-8,0.9714037206866557,1.0965910165039352,14,5.876786351538795,1.0965910165039352,2.6416499967232676
"('Neo Revelation|1|Ampharos|1st|EN', 9)","('Neo Revelation|1|Ampharos|1st|EN', 8)",grade8:9<-8,1.3986114630923256,1.621028635614426,16,7.741585294378308,1.778379515953442,4.049573079497159
"('Neo Revelation|1|Ampharos|1st|EN', 9)","('Neo Revelation|1|Ampharos|1st|EN', 10)",grade10:9<-10,-3.4060512926686073,-5.133695386853484,5,1.4255703462124716,-3.9522969045660865,0.03317192833942092
"('Neo Revelation|1|Ampharos|1st|EN', 9)","('Neo Revelation|1|Ampharos|unl|EN', 9)",ed_unl:9<-9,1.1763736342215516,1.31812849817692,15,5.573022521832264,1.2432509992441698,3.242594024178147
"('Neo Revelation|1|Ampharos|1st|EN', 10)","('Neo Revelation|1|Ampharos|1st|EN', 8)",grade8:10<-8,3.300892317442075,6.2016724136948795,1,0.28224110120153284,6.2016724136948795,27.136842798432635
"('Neo Revelation|1|Ampharos|1st|EN', 10)","('Neo Revelation|1|Ampharos|1st|EN', 9)",grade9:10<-9,2.5712433562161316,5.005239157633816,1,0.28224110120153284,5.005239157633816,13.082080018614684
"('Neo Revelation|1|Ampharos|unl|EN', 8)","('Neo Revelation|1|Ampharos|1st|EN', 8)",ed_1st:8<-8,-0.9805255408396032,-1.135658403249999,9,3.736698430022969,-1.215805447258579,0.37511390936150035
"('Neo Revelation|1|Ampharos|unl|EN', 8)","('Neo Revelation|1|Ampharos|unl|EN', 9)",grade9:8<-9,-0.9397319739196509,-1.1636236447231667,12,4.1142544559819445,-1.2817081182850574,0.3907325478383184
"('Neo Revelation|1|Ampharos|unl|EN', 9)","('Neo Revelation|1|Ampharos|1st|EN', 9)",ed_1st:9<-9,-1.1551298130287355,-1.3612173462974466,9,2.3301980058579757,-1.3612173462974466,0.31501664098479093
"('Neo Revelation|1|Ampharos|unl|EN', 9)","('Neo Revelation|1|Ampharos|unl|EN', 8)",grade8:9<-8,0.8466799380667471,1.2301768283944243,10,2.409399237000917,1.2707040286994467,2.3318919599598544
"('Neo Revelation|2|Blissey|1st|EN', 8)","('Neo Revelation|2|Blissey|1st|EN', 9)",grade9:8<-9,-1.1892849210918586,-1.3564062529288767,15,6.565104186660833,-1.7829674632011008,0.304438884074512
"('Neo Revelation|2|Blissey|1st|EN', 8)","('Neo Revelation|2|Blissey|1st|EN', 10)",grade10:8<-10,-4.575163813074029,-5.837313867280724,8,2.805771288114708,-5.791521388964208,0.01030461100972632
"('Neo Revelation|2|Blissey|1st|EN', 8)","('Neo Revelation|2|Blissey|unl|EN', 8)",ed_unl:8<-8,0.6757621530263084,0.6527273759327068,15,6.565104186660833,0.6217862315365554,1.9655304402222211
"('Neo Revelation|2|Blissey|1st|EN', 9)","('Neo Revelation|2|Blissey|1st|EN', 8)",grade8:9<-8,1.2481786209889352,1.4348575617962904,14,6.806139890279826,1.7820846660800438,3.483991506013751
"('Neo Revelation|2|Blissey|1st|EN', 9)","('Neo Revelation|2|Blissey|1st|EN', 10)",grade10:9<-10,-3.6364327949245445,-4.950010672279821,8,2.401093038044388,-4.890211304386562,0.026346158689021282
"('Neo Revelation|2|Blissey|1st|EN', 9)","('Neo Revelation|2|Blissey|unl|EN', 9)",ed_unl:9<-9,1.2484765526589288,1.3813279459084153,20,7.5747177361164475,1.5342825657730605,3.485029652061995
"('Neo Revelation|2|Blissey|1st|EN', 10)","('Neo Revelation|2|Blissey|1st|EN', 8)",grade8:10<-8,3.3116707712862254,5.906531577050565,1,0.3279770261093622,5.906531577050565,27.430917996976966
"('Neo Revelation|2|Blissey|1st|EN', 10)","('Neo Revelation|2|Blissey|1st|EN', 9)",grade9:10<-9,2.591320040743718,4.869539700695277,1,0.3279770261093622,4.869539700695277,13.34737906354221
"('Neo Revelation|2|Blissey|unl|EN', 8)","('Neo Revelation|2|Blissey|1st|EN', 8)",ed_1st:8<-8,-0.6869592739802315,-0.6422199518852771,12,6.728176983221822,-0.5955023273178179,0.5031035456120746
"('Neo Revelation|2|Blissey|unl|EN', 8)","('Neo Revelation|2|Blissey|unl|EN', 9)",grade9:8<-9,-0.8263671972345412,-0.9048459223006668,18,7.4039553231233945,-0.9120993878365908,0.4376362481891968
"('Neo Revelation|2|Blissey|unl|EN', 8)","('Neo Revelation|2|Blissey|unl|EN', 10)",grade10:8<-10,-3.1348613643491046,-1.3768156171653465,3,0.43195589968156106,-1.820747006101307,0.043505784864037216
"('Neo Revelation|2|Blissey|unl|EN', 9)","('Neo Revelation|2|Blissey|1st|EN', 9)",ed_1st:9<-9,-1.2466603978668396,-1.4663704026823279,10,3.435512707776531,-1.4663704026823279,0.28746320835672534
"('Neo Revelation|2|Blissey|unl|EN', 9)","('Neo Revelation|2|Blissey|unl|EN', 8)",grade8:9<-8,0.7403162669889005,0.9163907435422667,10,3.435512707776531,0.9281664318809675,2.0965984945422886
"('Neo Revelation|2|Blissey|unl|EN', 9)","('Neo Revelation|2|Blissey|unl|EN', 10)",grade10:9<-10,-2.4604093346315175,-0.182321556793954,2,0.34353965632170336,-0.182321556793954,0.08539998663969159
"('Neo Revelation|2|Blissey|unl|EN', 10)","('Neo Revelation|2|Blissey|unl|EN', 8)",grade8:10<-8,3.1218617717887476,1.4877984643993365,1,0.14525569836972996,1.4877984643993365,22.68858130665565
"('Neo Revelation|2|Blissey|unl|EN', 10)","('Neo Revelation|2|Blissey|unl|EN', 9)",grade9:10<-9,2.5960170777436598,1.318872177255316,1,0.14525569836972996,1.318872177255316,13.410219663634564
"('Neo Revelation|3|Celebi|1st|EN', 8)","('Neo Revelation|3|Celebi|1st|EN', 9)",grade9:8<-9,-0.6971964657246297,-0.6692881057135507,24,13.58361475298619,-0.9292026713131474,0.4979794510679276
"('Neo Revelation|3|Celebi|1st|EN', 8)","('Neo Revelation|3|Celebi|1st|EN', 10)",grade10:8<-10,-2.876773068859265,-2.762380259764239,24,13.58361475298619,-2.5096816187107382,0.056316198431047834
"('Neo Revelation|3|Celebi|1st|EN', 8)","('Neo Revelation|3|Celebi|unl|EN', 8)",ed_unl:8<-8,0.7892176848627149,0.8034155416536901,23,13.321791222281036,1.2173273793922625,2.2016733499604504
"('Neo Revelation|3|Celebi|1st|EN', 9)","('Neo Revelation|3|Celebi|1st|EN', 8)",grade8:9<-8,0.8142600439356035,0.8116889458102463,20,12.132071175438332,1.1256222341682678,2.2575045999467362
"('Neo Revelation|3|Celebi|1st|EN', 9)","('Neo Revelation|3|Celebi|1st|EN', 10)",grade10:9<-10,-2.081577984251605,-1.9570698344123532,20,12.132071175438332,-1.5804789473975909,0.12473322974965895
"('Neo Revelation|3|Celebi|1st|EN', 9)","('Neo Revelation|3|Celebi|unl|EN', 9)",ed_unl:9<-9,0.7708858916289093,0.7357344181328775,20,12.132071175438332,0.8472692885504616,2.1616804203764364
"('Neo Revelation|3|Celebi|1st|EN', 10)","('Neo Revelation|3|Celebi|1st|EN', 8)",grade8:10<-8,2.922261232091176,2.7964587290898644,6,2.521204902731649,2.7964587290898644,18.58326105209472
"('Neo Revelation|3|Celebi|1st|EN', 10)","('Neo Revelation|3|Celebi|1st|EN', 9)",grade9:10<-9,2.296402509008024,2.241845703187418,6,2.521204902731649,2.2902803784167363,9.938364888596173
"('Neo Revelation|3|Celebi|1st|EN', 10)","('Neo Revelation|3|Celebi|unl|EN', 10)",ed_unl:10<-10,0.823504138945744,0.8701595293627031,19,3.3348079473169348,1.2020139398406036,2.278469940458041
"('Neo Revelation|3|Celebi|unl|EN', 8)","('Neo Revelation|3|Celebi|1st|EN', 8)",ed_1st:8<-8,-0.8402539322810992,-0.8536138792441612,21,11.89150661882361,-0.9171481269565449,0.4316009121086061
"('Neo Revelation|3|Celebi|unl|EN', 8)","('Neo Revelation|3|Celebi|unl|EN', 9)",grade9:8<-9,-0.8323618531335908,-0.8827370462108233,21,11.89150661882361,-1.0761005440351816,0.43502061720911
"('Neo Revelation|3|Celebi|unl|EN', 8)","('Neo Revelation|3|Celebi|unl|EN', 10)",grade10:8<-10,-2.7996893090910566,-2.6512712444375435,21,11.89150661882361,-2.5249950582623972,0.0608289586941143
"('Neo Revelation|3|Celebi|unl|EN', 9)","('Neo Revelation|3|Celebi|1st|EN', 9)",ed_1st:9<-9,-0.8810141503030895,-0.8472692885504616,19,10.138498466225213,-0.8472692885504616,0.41436247269618054
"('Neo Revelation|3|Celebi|unl|EN', 9)","('Neo Revelation|3|Celebi|unl|EN', 8)",grade8:9<-8,0.6940092534722927,0.7399711937651992,19,10.138498466225213,1.2992607621549483,2.0017248892080026
"('Neo Revelation|3|Celebi|unl|EN', 9)","('Neo Revelation|3|Celebi|unl|EN', 10)",grade10:9<-10,-2.214148371362323,-2.064087059310557,19,10.138498466225213,-1.2257342961074489,0.10924651210129777
"('Neo Revelation|3|Celebi|unl|EN', 10)","('Neo Revelation|3|Celebi|1st|EN', 10)",ed_1st:10<-10,-0.8351945787570157,-0.8697007886143258,20,3.451713963036398,-0.95114656787276,0.4337900668885977
"('Neo Revelation|3|Celebi|unl|EN', 10)","('Neo Revelation|3|Celebi|unl|EN', 8)",grade8:10<-8,2.94671249303345,2.6625989383217528,4,2.6848590308728664,2.7797706567701876,19.043245904927765
"('Neo Revelation|3|Celebi|unl|EN', 10)","('Neo Revelation|3|Celebi|unl|EN', 9)",grade9:10<-9,2.1362138261274572,1.5533443676964822,4,2.6848590308728664,1.5533443676964822,8.467318123589921
"('Neo Revelation|4|Crobat|1st|EN', 8)","('Neo Revelation|4|Crobat|1st|EN', 9)",grade9:8<-9,-0.6930316717694284,-0.6443176083000273,14,8.038557343706682,-0.6443176083000273,0.5000577577309571
"('Neo Revelation|4|Crobat|1st|EN', 8)","('Neo Revelation|4|Crobat|1st|EN', 10)",grade10:8<-10,-2.8042327315926157,-2.583858753363107,14,8.038557343706682,-3.0453402741042,0.06055321392128246
"('Neo Revelation|4|Crobat|1st|EN', 8)","('Neo Revelation|4|Crobat|unl|EN', 8)",ed_unl:8<-8,0.6167915518863231,0.5759711035240489,14,8.038557343706682,0.594746515837179,1.8529733254844807
"('Neo Revelation|4|Crobat|1st|EN', 9)","('Neo Revelation|4|Crobat|1st|EN', 8)",grade8:9<-8,0.6765014365701181,0.5560323137915173,7,3.6894812322089616,0.5376355913151558,1.966984061784579
"('Neo Revelation|4|Crobat|1st|EN', 9)","('Neo Revelation|4|Crobat|1st|EN', 10)",grade10:9<-10,-2.2182731166684206,-1.966565333552441,14,4.371959916767599,-1.9582758055890226,0.1087968261209305
"('Neo Revelation|4|Crobat|1st|EN', 9)","('Neo Revelation|4|Crobat|unl|EN', 9)",ed_unl:9<-9,0.9520735009120823,0.97943342631085,12,4.280079268030507,1.0967320463718977,2.5910766930045206
"('Neo Revelation|4|Crobat|1st|EN', 10)","('Neo Revelation|4|Crobat|1st|EN', 8)",grade8:10<-8,2.799954173796061,2.6839782357871096,11,5.898594777266301,3.0019277148772305,16.443893192627367
"('Neo Revelation|4|Crobat|1st|EN', 10)","('Neo Revelation|4|Crobat|1st|EN', 9)",grade9:10<-9,2.1737881671450467,2.0916204945791854,14,6.150739045165566,2.401022665804173,8.791524805626677
"('Neo Revelation|4|Crobat|1st|EN', 10)","('Neo Revelation|4|Crobat|unl|EN', 10)",ed_unl:10<-10,0.5922793832140588,0.40549010842066835,7,2.880719468730685,0.6793834323907717,1.8081050862631285
"('Neo Revelation|4|Crobat|unl|EN', 8)","('Neo Revelation|4|Crobat|1st|EN', 8)",ed_1st:8<-8,-0.6774250435232323,-0.6309956260418259,15,7.099308723121906,-0.7585000492535876,0.5079231900506987
"('Neo Revelation|4|Crobat|unl|EN', 8)","('Neo Revelation|4|Crobat|unl|EN', 9)",grade9:8<-9,-0.3865692115363052,-0.282567397882997,15,7.099308723121906,-0.15722943555996594,0.6793837025575998
"('Neo Revelation|4|Crobat|unl|EN', 8)","('Neo Revelation|4|Crobat|unl|EN', 10)",grade10:8<-10,-3.1950913142975303,-2.9469171090720545,3,2.3318635473620093,-2.9469171090720545,0.04096278471738637
"('Neo Revelation|4|Crobat|unl|EN', 9)","('Neo Revelation|4|Crobat|1st|EN', 9)",ed_1st:9<-9,-0.9187724293907215,-0.8725298907543095,16,4.948850097924899,-1.0073478996039524,0.3990085517395624
"('Neo Revelation|4|Crobat|unl|EN', 9)","('Neo Revelation|4|Crobat|unl|EN', 8)",grade8:9<-8,0.35943590946175585,0.2317162245332538,10,4.210274799599369,0.2317162245332538,1.4325211149979007
"('Neo Revelation|4|Crobat|unl|EN', 9)","('Neo Revelation|4|Crobat|unl|EN', 10)",grade10:9<-10,-2.7705791261265875,-2.913669092915381,2,1.033586669528846,-2.913669092915381,0.06262572604404752
"('Neo Revelation|4|Crobat|unl|EN', 10)","('Neo Revelation|4|Crobat|1st|EN', 10)",ed_1st:10<-10,-0.518729401426951,-0.2484588592953738,8,3.0720697826181826,-0.2484588592953738,0.5952764250365625
"('Neo Revelation|4|Crobat|unl|EN', 10)","('Neo Revelation|4|Crobat|unl|EN', 8)",grade8:10<-8,3.077596885987698,2.9469171090720545,3,2.8325091535569924,3.3916279306460053,21.706177251135582
"('Neo Revelation|4|Crobat|unl|EN', 10)","('Neo Revelation|4|Crobat|unl|EN', 9)",grade9:10<-9,2.6978671979813114,2.737546921230787,6,3.0251669226238436,3.1599117061127515,14.848030021757856
"('Neo Revelation|5|Delibird|1st|EN', 8)","('Neo Revelation|5|Delibird|1st|EN', 9)",grade9:8<-9,-0.6646989971497446,-0.5919236982452549,18,6.548771680460894,-0.9121048459875833,0.5144283488039094
"('Neo Revelation|5|Delibird|1st|EN', 8)","('Neo Revelation|5|Delibird|1st|EN', 10)",grade10:8<-10,-3.054998546389482,-2.9045196185813342,21,6.772984307593481,-3.6903460836605264,0.04712278926846025
"('Neo Revelation|5|Delibird|1st|EN', 8)","('Neo Revelation|5|Delibird|unl|EN', 8)",ed_unl:8<-8,0.38969614199301933,0.23555674091302503,18,6.548771680460894,0.30479242022260333,1.4765320696199473
"('Neo Revelation|5|Delibird|1st|EN', 9)","('Neo Revelation|5|Delibird|1st|EN', 8)",grade8:9<-8,0.5556917880946876,0.4732285702186969,24,9.784938470289156,1.1569553048011736,1.7431464557261418
"('Neo Revelation|5|Delibird|1st|EN', 9)","('Neo Revelation|5|Delibird|1st|EN', 10)",grade10:9<-10,-2.633244524536968,-2.6480078146202706,24,9.784938470289156,-2.616088793859708,0.07184498087227706
"('Neo Revelation|5|Delibird|1st|EN', 9)","('Neo Revelation|5|Delibird|unl|EN', 9)",ed_unl:9<-9,0.7141350577910669,0.6390506698608274,22,7.947227064610581,0.35356666998051356,2.042419343347326
"('Neo Revelation|5|Delibird|1st|EN', 10)","('Neo Revelation|5|Delibird|1st|EN', 8)",grade8:10<-8,3.2352819216580424,3.3318859632321667,16,6.437496519031313,3.7730440986608818,25.413535395046914
"('Neo Revelation|5|Delibird|1st|EN', 10)","('Neo Revelation|5|Delibird|1st|EN', 9)",grade9:10<-9,2.5582728207835497,2.661279989281895,14,6.2914266886648536,2.681382249543332,12.913494124353255
"('Neo Revelation|5|Delibird|1st|EN', 10)","('Neo Revelation|5|Delibird|unl|EN', 10)",ed_unl:10<-10,0.6204401849850855,0.5513255184176522,22,6.563080134254227,0.7730360302441035,1.859746494180716
"('Neo Revelation|5|Delibird|unl|EN', 8)","('Neo Revelation|5|Delibird|1st|EN', 8)",ed_1st:8<-8,-0.4517860536908991,-0.2614273708702175,13,5.287564103290069,-0.2614273708702175,0.6364903299159465
"('Neo Revelation|5|Delibird|unl|EN', 8)","('Neo Revelation|5|Delibird|unl|EN', 9)",grade9:8<-9,-0.4484651856418173,-0.32139297687513846,12,4.349126106618925,-0.6329283205668901,0.6386075438644429
"('Neo Revelation|5|Delibird|unl|EN', 8)","('Neo Revelation|5|Delibird|unl|EN', 10)",grade10:8<-10,-3.2840975096928138,-3.221857818413377,11,5.007894319006042,-3.2614354392869958,0.0374743901106052
"('Neo Revelation|5|Delibird|unl|EN', 9)","('Neo Revelation|5|Delibird|1st|EN', 9)",ed_1st:9<-9,-0.7958914146252801,-0.5848585606432257,10,2.8312673826902586,-0.30070609643938795,0.45117886816972835
"('Neo Revelation|5|Delibird|unl|EN', 9)","('Neo Revelation|5|Delibird|unl|EN', 8)",grade8:9<-8,0.47952945037795075,0.41685280273824876,10,2.8312673826902586,0.6188442162406167,1.6153141378788087
"('Neo Revelation|5|Delibird|unl|EN', 9)","('Neo Revelation|5|Delibird|unl|EN', 10)",grade10:9<-10,-2.733875527759181,-2.7498922759270554,12,2.359098533483194,-2.5892281352979705,0.06496701965605382
"('Neo Revelation|5|Delibird|unl|EN', 10)","('Neo Revelation|5|Delibird|1st|EN', 10)",ed_1st:10<-10,-0.7730127457384514,-0.7455725972369045,8,2.4577101933668337,-0.7455725972369045,0.4616202268549332
"('Neo Revelation|5|Delibird|unl|EN', 10)","('Neo Revelation|5|Delibird|unl|EN', 8)",grade8:10<-8,3.2367446874328967,3.2831179639631882,4,2.313654502441013,3.2831179639631882,25.450736646566344
"('Neo Revelation|5|Delibird|unl|EN', 10)","('Neo Revelation|5|Delibird|unl|EN', 9)",grade9:10<-9,2.68257440481207,2.7874792515217655,5,0.706920691383114,3.1623854606704525,14.622689603539555
"('Neo Revelation|65|Shining Gyarados|1st|EN', 8)","('Neo Revelation|65|Shining Gyarados|1st|EN', 9)",grade9:8<-9,-0.8427339751784259,-0.8472264292646337,18,12.802828137926818,-0.8472264292646337,0.430531849540515
"('Neo Revelation|65|Shining Gyarados|1st|EN', 8)","('Neo Revelation|65|Shining Gyarados|1st|EN', 10)",grade10:8<-10,-3.0633316731012954,-2.9856775777856317,18,12.802828137926818,-2.696876900504085,0.04673174068606368
"('Neo Revelation|65|Shining Gyarados|1st|EN', 8)","('Neo Revelation|65|Shining Gyarados|unl|EN', 8)",ed_unl:8<-8,0.7012970870687103,0.6950032506953523,16,11.856188337636038,1.049822124498677,2.016366414803459
"('Neo Revelation|65|Shining Gyarados|1st|EN', 9)","('Neo Revelation|65|Shining Gyarados|1st|EN', 8)",grade8:9<-8,0.8522678840030913,0.859118372021884,19,12.09122248215989,0.8742802409791786,2.3449589208956807
"('Neo Revelation|65|Shining Gyarados|1st|EN', 9)","('Neo Revelation|65|Shining Gyarados|1st|EN', 10)",grade10:9<-10,-2.2470351742466583,-2.1710123144817057,23,13.34033169657641,-1.8496504712394515,0.10571217859507243
"('Neo Revelation|65|Shining Gyarados|1st|EN', 9)","('Neo Revelation|65|Shining Gyarados|unl|EN', 9)",ed_unl:9<-9,1.008168783584773,1.0317717317493011,19,12.09122248215989,1.3115127418382428,2.740577826045315
"('Neo Revelation|65|Shining Gyarados|1st|EN', 10)","('Neo Revelation|65|Shining Gyarados|1st|EN', 8)",grade8:10<-8,3.0221857071065874,3.0199387260443675,12,7.74392921647188,2.8705615432028626,20.53612862841403
"('Neo Revelation|65|Shining Gyarados|1st|EN', 10)","('Neo Revelation|65|Shining Gyarados|1st|EN', 9)",grade9:10<-9,2.257431079261957,2.226783379577764,14,8.302847462373524,2.222680042448019,9.558502564307132
"('Neo Revelation|65|Shining Gyarados|1st|EN', 10)","('Neo Revelation|65|Shining Gyarados|unl|EN', 10)",ed_unl:10<-10,0.9015990328763058,0.9422926787390349,32,9.580646812882751,0.9438867973140095,2.463539243558218
"('Neo Revelation|65|Shining Gyarados|unl|EN', 8)","('Neo Revelation|65|Shining Gyarados|1st|EN', 8)",ed_1st:8<-8,-0.7363370645568943,-0.7213203723253816,13,10.180717769084287,-1.022768312784132,0.4788647576458315
"('Neo Revelation|65|Shining Gyarados|unl|EN', 8)","('Neo Revelation|65|Shining Gyarados|unl|EN', 9)",grade9:8<-9,-0.5251193848447521,-0.4934231459072578,13,10.180717769084287,-0.5855358119250678,0.5914847458369529
"('Neo Revelation|65|Shining Gyarados|unl|EN', 8)","('Neo Revelation|65|Shining Gyarados|unl|EN', 10)",grade10:8<-10,-2.9448603127483244,-2.8142799924446393,13,10.180717769084287,-2.8415815937267332,0.052609408166665525
"('Neo Revelation|65|Shining Gyarados|unl|EN', 9)","('Neo Revelation|65|Shining Gyarados|1st|EN', 9)",ed_1st:9<-9,-1.0622054485365235,-1.0739842762515917,23,17.102862054820058,-1.2740147702037952,0.3456925618322065
"('Neo Revelation|65|Shining Gyarados|unl|EN', 9)","('Neo Revelation|65|Shining Gyarados|unl|EN', 8)",grade8:9<-8,0.4972711500144267,0.4900074973689783,23,17.102862054820058,0.6230337835595154,1.644228290806549
"('Neo Revelation|65|Shining Gyarados|unl|EN', 9)","('Neo Revelation|65|Shining Gyarados|unl|EN', 10)",grade10:9<-10,-2.3851707150176664,-2.3262139539867626,23,17.102862054820058,-2.218547810167218,0.09207325994933205
"('Neo Revelation|65|Shining Gyarados|unl|EN', 10)","('Neo Revelation|65|Shining Gyarados|1st|EN', 10)",ed_1st:10<-10,-0.8532571194423211,-0.9051174312760288,19,3.341537725178547,-0.9051174312760288,0.4260250551899914
"('Neo Revelation|65|Shining Gyarados|unl|EN', 10)","('Neo Revelation|65|Shining Gyarados|unl|EN', 8)",grade8:10<-8,3.0049257518845485,2.7369934838977645,3,2.1952005670209402,2.9287647206550353,20.184717363123927
"('Neo Revelation|65|Shining Gyarados|unl|EN', 10)","('Neo Revelation|65|Shining Gyarados|unl|EN', 9)",grade9:10<-9,2.526007956101591,2.3458239923634814,3,2.1952005670209402,2.39883551316961,12.503491885056333
"('Neo Revelation|66|Shining Magikarp|1st|EN', 8)","('Neo Revelation|66|Shining Magikarp|1st|EN', 9)",grade9:8<-9,-0.6152211773956261,-0.5669371391025111,21,12.944697623899433,-0.37360874225873,0.5405213309870732
"('Neo Revelation|66|Shining Magikarp|1st|EN', 8)","('Neo Revelation|66|Shining Magikarp|1st|EN', 10)",grade10:8<-10,-2.857742297845552,-2.7332928739111066,21,12.944697623899433,-3.036558434749594,0.05739820213451179
"('Neo Revelation|66|Shining Magikarp|1st|EN', 8)","('Neo Revelation|66|Shining Magikarp|unl|EN', 8)",ed_unl:8<-8,0.725547856028418,0.725340746649576,12,9.022297976665767,1.0112498549087974,2.065862585263885
"('Neo Revelation|66|Shining Magikarp|1st|EN', 9)","('Neo Revelation|66|Shining Magikarp|1st|EN', 8)",grade8:9<-8,0.5874537183692596,0.5391971432611911,21,14.746419955441867,0.656683702536224,1.799400795997836
"('Neo Revelation|66|Shining Magikarp|1st|EN', 9)","('Neo Revelation|66|Shining Magikarp|1st|EN', 10)",grade10:9<-10,-2.240402239802704,-2.1702788490242497,21,14.746419955441867,-2.5257286443082556,0.10641569114262633
"('Neo Revelation|66|Shining Magikarp|1st|EN', 9)","('Neo Revelation|66|Shining Magikarp|unl|EN', 9)",ed_unl:9<-9,0.7825341377012965,0.755984273982425,21,14.746419955441867,0.5318790329638228,2.1870074270791893
"('Neo Revelation|66|Shining Magikarp|1st|EN', 10)","('Neo Revelation|66|Shining Magikarp|1st|EN', 8)",grade8:10<-8,2.7875553734396883,2.66743848854546,11,6.004913163810664,3.1824123468444796,16.24126739804039
"('Neo Revelation|66|Shining Magikarp|1st|EN', 10)","('Neo Revelation|66|Shining Magikarp|1st|EN', 9)",grade9:10<-9,2.231376259467584,2.1695255582476545,9,5.377912107266951,2.662949692490864,9.312673919656785
"('Neo Revelation|66|Shining Magikarp|1st|EN', 10)","('Neo Revelation|66|Shining Magikarp|unl|EN', 10)",ed_unl:10<-10,0.44796151507900367,0.29432661517044956,27,6.320446105868858,0.6161861394238173,1.565118461034144
"('Neo Revelation|66|Shining Magikarp|unl|EN', 8)","('Neo Revelation|66|Shining Magikarp|1st|EN', 8)",ed_1st:8<-8,-0.855524766439007,-0.868320824790592,19,15.99573826472515,-1.061794148870046,0.4250600752834821
"('Neo Revelation|66|Shining Magikarp|unl|EN', 8)","('Neo Revelation|66|Shining Magikarp|unl|EN', 9)",grade9:8<-9,-0.7699133138539622,-0.7956508770254871,19,15.99573826472515,-1.042870305659875,0.46305320686938845
"('Neo Revelation|66|Shining Magikarp|unl|EN', 8)","('Neo Revelation|66|Shining Magikarp|unl|EN', 10)",grade10:8<-10,-3.374046474931825,-3.371430596879468,19,15.99573826472515,-3.4821664441958227,0.03425076170593606
"('Neo Revelation|66|Shining Magikarp|unl|EN', 9)","('Neo Revelation|66|Shining Magikarp|1st|EN', 9)",ed_1st:9<-9,-0.8602721739453342,-0.818310323513951,16,9.636089782467119,-0.392532585468901,0.423046924296506
"('Neo Revelation|66|Shining Magikarp|unl|EN', 9)","('Neo Revelation|66|Shining Magikarp|unl|EN', 8)",grade8:9<-8,0.5377986358675609,0.5373977793689901,9,6.602840815267512,1.042870305659875,1.7122334610661916
"('Neo Revelation|66|Shining Magikarp|unl|EN', 9)","('Neo Revelation|66|Shining Magikarp|unl|EN', 10)",grade10:9<-10,-2.8040859621716154,-2.8321028497721885,14,8.866666201217152,-2.4392961385359477,0.06056210193365765
"('Neo Revelation|66|Shining Magikarp|unl|EN', 10)","('Neo Revelation|66|Shining Magikarp|1st|EN', 10)",ed_1st:10<-10,-0.7018516742262102,-0.5585604763715022,12,1.96050526077199,-0.6161861394238173,0.4956666403784313
"('Neo Revelation|66|Shining Magikarp|unl|EN', 10)","('Neo Revelation|66|Shining Magikarp|unl|EN', 8)",grade8:10<-8,3.2398792028093677,3.3642297582862435,1,0.9384379966711431,3.3642297582862435,25.530637531784095
"('Neo Revelation|66|Shining Magikarp|unl|EN', 10)","('Neo Revelation|66|Shining Magikarp|unl|EN', 9)",grade9:10<-9,2.5866384013180466,2.441421537848261,2,1.4712382474853853,2.441421537848261,13.285037491734697
"('Neo Revelation|6|Entei|1st|EN', 8)","('Neo Revelation|6|Entei|1st|EN', 9)",grade9:8<-9,-0.8057954348149868,-0.80225109150068,25,15.037906540240886,-0.776273623568879,0.4467324386596803
"('Neo Revelation|6|Entei|1st|EN', 8)","('Neo Revelation|6|Entei|1st|EN', 10)",grade10:8<-10,-3.986301236090366,-4.162398025467116,14,10.078075010428877,-5.686367688443258,0.018568266896857956
"('Neo Revelation|6|Entei|1st|EN', 8)","('Neo Revelation|6|Entei|unl|EN', 8)",ed_unl:8<-8,0.9464739553870022,0.9904235366520213,25,15.037906540240886,1.2278184808691703,2.5766083868768344
"('Neo Revelation|6|Entei|1st|EN', 9)","('Neo Revelation|6|Entei|1st|EN', 8)",grade8:9<-8,0.8334619750934157,0.8361045138397323,18,9.995330458024528,0.8361045138397323,2.3012719115212357
"('Neo Revelation|6|Entei|1st|EN', 9)","('Neo Revelation|6|Entei|1st|EN', 10)",grade10:9<-10,-3.0934790624394473,-3.3236471574364526,9,6.626294138687772,-4.744783821102146,0.04534392532005423
"('Neo Revelation|6|Entei|1st|EN', 9)","('Neo Revelation|6|Entei|unl|EN', 9)",ed_unl:9<-9,1.134108670245276,1.200460469243704,18,9.995330458024528,2.06219973524533,3.108401696852169
"('Neo Revelation|6|Entei|1st|EN', 10)","('Neo Revelation|6|Entei|1st|EN', 8)",grade8:10<-8,3.5283797415417926,4.155825088965375,3,2.3925297193981696,5.337538079701319,34.06872273517658
"('Neo Revelation|6|Entei|1st|EN', 10)","('Neo Revelation|6|Entei|1st|EN', 9)",grade9:10<-9,2.7551749237972216,3.2729400106889788,3,2.3925297193981696,4.910094064874379,15.723791127507454
"('Neo Revelation|6|Entei|1st|EN', 10)","('Neo Revelation|6|Entei|unl|EN', 10)",ed_unl:10<-10,1.2565089325297156,2.1054433442188376,2,1.7134434974845087,2.1054433442188376,3.513135461242913
"('Neo Revelation|6|Entei|unl|EN', 8)","('Neo Revelation|6|Entei|1st|EN', 8)",ed_1st:8<-8,-0.9665455423343908,-1.0058529893979289,21,13.680479605531882,-1.2278184808691703,0.3803948288686131
"('Neo Revelation|6|Entei|unl|EN', 8)","('Neo Revelation|6|Entei|unl|EN', 9)",grade9:8<-9,-0.668496627792597,-0.6763502461581403,21,13.680479605531882,-1.1170100050036869,0.5124784447940078
"('Neo Revelation|6|Entei|unl|EN', 8)","('Neo Revelation|6|Entei|unl|EN', 10)",grade10:8<-10,-4.38980432951551,-4.776994126779011,11,7.762163890511249,-4.80874282509359,0.012403155914546462
"('Neo Revelation|6|Entei|unl|EN', 9)","('Neo Revelation|6|Entei|1st|EN', 9)",ed_1st:9<-9,-1.1186047604559433,-1.1487062765485767,21,12.313320039958777,-0.8329091229351047,0.3267353508260364
"('Neo Revelation|6|Entei|unl|EN', 9)","('Neo Revelation|6|Entei|unl|EN', 8)",grade8:9<-8,0.6411078612812364,0.6666415736414768,20,12.034320754301222,1.1711829815029446,1.8985830813008242
"('Neo Revelation|6|Entei|unl|EN', 9)","('Neo Revelation|6|Entei|unl|EN', 10)",grade10:9<-10,-3.6965213915775936,-4.06359108553882,13,7.970482790328868,-3.6375598435906458,0.02480967969754529
"('Neo Revelation|6|Entei|unl|EN', 10)","('Neo Revelation|6|Entei|1st|EN', 10)",ed_1st:10<-10,-1.0496541197874585,-1.8574779785604907,1,0.9438743126816935,-1.8574779785604907,0.3500588065886804
"('Neo Revelation|6|Entei|unl|EN', 10)","('Neo Revelation|6|Entei|unl|EN', 8)",grade8:10<-8,3.6582926348575517,4.738588915912002,2,1.2699623301230845,4.738588915912002,38.795048979169955
"('Neo Revelation|6|Entei|unl|EN', 10)","('Neo Revelation|6|Entei|unl|EN', 9)",grade9:10<-9,3.256888383270243,4.671970783364584,2,1.2699623301230845,4.671970783364584,25.968606944121138
"('Neo Revelation|7|Ho-oh|1st|EN', 8)","('Neo Revelation|7|Ho-oh|1st|EN', 9)",grade9:8<-9,-0.9543302545814917,-0.9896230576004816,18,11.11572111689043,-1.078398497174227,0.3850699570485111
"('Neo Revelation|7|Ho-oh|1st|EN', 8)","('Neo Revelation|7|Ho-oh|1st|EN', 10)",grade10:8<-10,-2.9266725353121337,-2.800349696232762,18,11.11572111689043,-3.2585662135191438,0.053575010838778775
"('Neo Revelation|7|Ho-oh|1st|EN', 8)","('Neo Revelation|7|Ho-oh|unl|EN', 8)",ed_unl:8<-8,0.8402966408777384,0.8744457771341585,15,10.025956423829573,0.7208980727045349,2.317054207839621
"('Neo Revelation|7|Ho-oh|1st|EN', 9)","('Neo Revelation|7|Ho-oh|1st|EN', 8)",grade8:9<-8,1.0313528211498881,1.0976316375881252,14,9.355713024308747,1.7325099100240955,2.8048577401091026
"('Neo Revelation|7|Ho-oh|1st|EN', 9)","('Neo Revelation|7|Ho-oh|1st|EN', 10)",grade10:9<-10,-2.048638710853615,-1.876619800933618,14,9.355713024308747,-1.5260563034950483,0.1289102683488113
"('Neo Revelation|7|Ho-oh|1st|EN', 9)","('Neo Revelation|7|Ho-oh|unl|EN', 9)",ed_unl:9<-9,1.24929049073592,1.3571126969456033,14,9.355713024308747,1.9661128563728338,3.487867405116217
"('Neo Revelation|7|Ho-oh|1st|EN', 10)","('Neo Revelation|7|Ho-oh|1st|EN', 8)",grade8:10<-8,2.8727985571154226,2.7948515935004767,11,5.9728036947010406,3.1349857999532267,17.686445532963475
"('Neo Revelation|7|Ho-oh|1st|EN', 10)","('Neo Revelation|7|Ho-oh|1st|EN', 9)",grade9:10<-9,1.982154358778406,1.8091809640887222,12,6.245430627867355,2.050848075253538,7.258363271900276
"('Neo Revelation|7|Ho-oh|1st|EN', 10)","('Neo Revelation|7|Ho-oh|unl|EN', 10)",ed_unl:10<-10,0.7816989822708121,0.7881955751195164,28,4.6441723262480705,0.6160575468691487,2.185181698439666
"('Neo Revelation|7|Ho-oh|unl|EN', 8)","('Neo Revelation|7|Ho-oh|1st|EN', 8)",ed_1st:8<-8,-0.8938063051359674,-0.9296147355933622,14,8.9232343395549,-0.8729190154189723,0.4090956426626204
"('Neo Revelation|7|Ho-oh|unl|EN', 8)","('Neo Revelation|7|Ho-oh|unl|EN', 9)",grade9:8<-9,-0.5509336887327363,-0.5234495342246559,14,8.9232343395549,-0.3052627333520439,0.5764113702500382
"('Neo Revelation|7|Ho-oh|unl|EN', 8)","('Neo Revelation|7|Ho-oh|unl|EN', 10)",grade10:8<-10,-3.209856210448702,-3.0681036134181685,7,3.770045172380142,-3.100992784211484,0.04036241654856071
"('Neo Revelation|7|Ho-oh|unl|EN', 9)","('Neo Revelation|7|Ho-oh|1st|EN', 9)",ed_1st:9<-9,-1.3733016662050332,-1.4916498767652167,20,9.588149353612597,-1.9661128563728338,0.25326936667890687
"('Neo Revelation|7|Ho-oh|unl|EN', 9)","('Neo Revelation|7|Ho-oh|unl|EN', 8)",grade8:9<-8,0.5032570359147105,0.4872951263557965,11,6.657824436114044,0.4872951263557965,1.654099969645069
"('Neo Revelation|7|Ho-oh|unl|EN', 9)","('Neo Revelation|7|Ho-oh|unl|EN', 10)",grade10:9<-10,-2.568314919761206,-2.4956112658745955,16,6.311879972299956,-2.5636643405794937,0.07666462268129566
"('Neo Revelation|7|Ho-oh|unl|EN', 10)","('Neo Revelation|7|Ho-oh|1st|EN', 10)",ed_1st:10<-10,-0.7450605285135327,-0.6383570383881576,8,1.4179159854727965,-0.5841378360550529,0.4747055658480388
"('Neo Revelation|7|Ho-oh|unl|EN', 10)","('Neo Revelation|7|Ho-oh|unl|EN', 8)",grade8:10<-8,3.186541518077601,3.0983916195248913,1,0.4914102992726256,3.0983916195248913,24.204571446667103
"('Neo Revelation|7|Ho-oh|unl|EN', 10)","('Neo Revelation|7|Ho-oh|unl|EN', 9)",grade9:10<-9,2.593867409223792,2.4219318506266116,3,1.1164739950571487,2.70509712711947,13.381423099202413
"('Neo Revelation|8|Houndoom|1st|EN', 8)","('Neo Revelation|8|Houndoom|1st|EN', 9)",grade9:8<-9,-0.828392393107501,-0.829631028577273,18,11.69946422827365,-1.2097704258876174,0.43675084592462954
"('Neo Revelation|8|Houndoom|1st|EN', 8)","('Neo Revelation|8|Houndoom|1st|EN', 10)",grade10:8<-10,-3.6418983412916845,-3.71109052437236,17,10.716643629728399,-3.518155865588974,0.026202555329997827
"('Neo Revelation|8|Houndoom|1st|EN', 8)","('Neo Revelation|8|Houndoom|unl|EN', 8)",ed_unl:8<-8,0.6479948772727772,0.6279488705308767,18,11.69946422827365,0.4366013109006808,1.9117037827226548
"('Neo Revelation|8|Houndoom|1st|EN', 9)","('Neo Revelation|8|Houndoom|1st|EN', 8)",grade8:9<-8,0.7972003378822637,0.7910148035168465,18,13.316854898814322,1.1258818070668521,2.219318879744673
"('Neo Revelation|8|Houndoom|1st|EN', 9)","('Neo Revelation|8|Houndoom|1st|EN', 10)",grade10:9<-10,-2.8509911513237527,-2.9210227188814146,16,11.390545624838472,-2.476160177339761,0.057787016802826406
"('Neo Revelation|8|Houndoom|1st|EN', 9)","('Neo Revelation|8|Houndoom|unl|EN', 9)",ed_unl:9<-9,0.44501747933147145,0.33958226764400923,18,13.316854898814322,0.7102498511821977,1.560517472396445
"('Neo Revelation|8|Houndoom|1st|EN', 10)","('Neo Revelation|8|Houndoom|1st|EN', 8)",grade8:10<-8,3.1773655427849308,3.5991944652728955,2,1.0623715464916539,3.5991944652728955,23.983486782060822
"('Neo Revelation|8|Houndoom|1st|EN', 10)","('Neo Revelation|8|Houndoom|1st|EN', 9)",grade9:10<-9,2.4823434425696913,3.0531478919301547,1,0.7362835290502628,3.0531478919301547,11.969280899908624
"('Neo Revelation|8|Houndoom|1st|EN', 10)","('Neo Revelation|8|Houndoom|unl|EN', 10)",ed_unl:10<-10,0.5590312256507194,-0.3072545840565386,1,0.7362835290502628,-0.3072545840565386,1.7489773149424481
"('Neo Revelation|8|Houndoom|unl|EN', 8)","('Neo Revelation|8|Houndoom|1st|EN', 8)",ed_1st:8<-8,-0.7344161274892349,-0.7226478449566427,20,13.48060060572533,-0.4366013109006808,0.47978551078047077
"('Neo Revelation|8|Houndoom|unl|EN', 8)","('Neo Revelation|8|Houndoom|unl|EN', 9)",grade9:8<-9,-1.118343718544192,-1.2264236610295018,20,13.48060060572533,-0.9337893623390032,0.3268206535799653
"('Neo Revelation|8|Houndoom|unl|EN', 8)","('Neo Revelation|8|Houndoom|unl|EN', 10)",grade10:8<-10,-4.228682319162242,-4.415770766168242,20,13.48060060572533,-5.0475716184535795,0.014571578593668803
"('Neo Revelation|8|Houndoom|unl|EN', 9)","('Neo Revelation|8|Houndoom|1st|EN', 9)",ed_1st:9<-9,-0.526129198434856,-0.279144862200873,10,5.695814990445287,-0.712582374449295,0.5908877579762253
"('Neo Revelation|8|Houndoom|unl|EN', 9)","('Neo Revelation|8|Houndoom|unl|EN', 8)",grade8:9<-8,0.7854165661569859,0.946093403625996,7,4.606805877425925,0.9337893623390032,2.1933204135147797
"('Neo Revelation|8|Houndoom|unl|EN', 9)","('Neo Revelation|8|Houndoom|unl|EN', 10)",grade10:9<-10,-2.8343900683000425,-2.897741727134992,9,5.356271879488457,-4.113782256114576,0.05875435104850953
"('Neo Revelation|8|Houndoom|unl|EN', 10)","('Neo Revelation|8|Houndoom|1st|EN', 10)",ed_1st:10<-10,-0.28838438110857073,0.386040560732555,3,2.2557366019357157,0.386040560732555,0.7494734534281582
"('Neo Revelation|8|Houndoom|unl|EN', 10)","('Neo Revelation|8|Houndoom|unl|EN', 8)",grade8:10<-8,3.8217476031729123,4.647331798446068,3,2.2557366019357157,4.647331798446068,45.68397606088453
"('Neo Revelation|8|Houndoom|unl|EN', 10)","('Neo Revelation|8|Houndoom|unl|EN', 9)",grade9:10<-9,3.0463913966839105,3.563122996189251,3,2.2557366019357157,3.563122996189251,21.03928483760968
"('Neo Revelation|9|Jumpluff|1st|EN', 8)","('Neo Revelation|9|Jumpluff|1st|EN', 9)",grade9:8<-9,-0.7034283712351924,-0.6711238284090424,21,11.15634714863436,-0.8108857707842008,0.49488574005247327
"('Neo Revelation|9|Jumpluff|1st|EN', 8)","('Neo Revelation|9|Jumpluff|1st|EN', 10)",grade10:8<-10,-3.88454628577258,-4.01498107758145,22,11.265796350060096,-4.174387269895636,0.020557153718955123
"('Neo Revelation|9|Jumpluff|1st|EN', 8)","('Neo Revelation|9|Jumpluff|unl|EN', 8)",ed_unl:8<-8,0.147066174286276,-0.008658062743114314,21,11.15634714863436,-0.1484200051182727,1.1584306188129065
"('Neo Revelation|9|Jumpluff|1st|EN', 9)","('Neo Revelation|9|Jumpluff|1st|EN', 8)",grade8:9<-8,0.7078243895377061,0.6727650310534914,21,9.997322364223303,0.6745634681608763,2.0295708962211623
"('Neo Revelation|9|Jumpluff|1st|EN', 9)","('Neo Revelation|9|Jumpluff|1st|EN', 10)",grade10:9<-10,-3.002511176008535,-3.1277704998431064,21,9.997322364223303,-3.284924499355326,0.04966220112367498
"('Neo Revelation|9|Jumpluff|1st|EN', 9)","('Neo Revelation|9|Jumpluff|unl|EN', 9)",ed_unl:9<-9,0.6608561776956565,0.5851809826171666,21,9.997322364223303,0.6285642139902468,1.9364495697872253
"('Neo Revelation|9|Jumpluff|1st|EN', 10)","('Neo Revelation|9|Jumpluff|1st|EN', 8)",grade8:10<-8,2.9960727285840267,2.978559903804217,14,5.466816408432443,4.0346253275204775,20.00681025982854
"('Neo Revelation|9|Jumpluff|1st|EN', 10)","('Neo Revelation|9|Jumpluff|1st|EN', 9)",grade9:10<-9,2.550102767220875,2.6685419167571025,12,5.264744729828886,3.363501499111435,12.808420000757115
"('Neo Revelation|9|Jumpluff|1st|EN', 10)","('Neo Revelation|9|Jumpluff|unl|EN', 10)",ed_unl:10<-10,0.7864012934967176,0.7985076962177704,13,3.6574225573688386,0.2758231436058898,2.1954812998580744
"('Neo Revelation|9|Jumpluff|unl|EN', 8)","('Neo Revelation|9|Jumpluff|1st|EN', 8)",ed_1st:8<-8,-0.4601751802171729,-0.2749960639415381,11,5.2995520131581895,0.010951155911003596,0.6311730667866933
"('Neo Revelation|9|Jumpluff|unl|EN', 8)","('Neo Revelation|9|Jumpluff|unl|EN', 9)",grade9:8<-9,-0.3420083126848491,-0.18117841642080368,14,5.422024758457454,-0.03390155167568132,0.710342299832961
"('Neo Revelation|9|Jumpluff|unl|EN', 8)","('Neo Revelation|9|Jumpluff|unl|EN', 10)",grade10:8<-10,-3.272711484842359,-3.0334726015368387,4,1.445617309978306,-2.043073897508961,0.037903512812532784
"('Neo Revelation|9|Jumpluff|unl|EN', 9)","('Neo Revelation|9|Jumpluff|1st|EN', 9)",ed_1st:9<-9,-0.8962557627302484,-0.8346861991259429,12,4.814024568135713,-0.7339691750802002,0.4080948064872033
"('Neo Revelation|9|Jumpluff|unl|EN', 9)","('Neo Revelation|9|Jumpluff|unl|EN', 8)",grade8:9<-8,0.3804441255837304,0.28949975849455,20,5.21978807149009,0.4143002680942418,1.462934171668454
"('Neo Revelation|9|Jumpluff|unl|EN', 9)","('Neo Revelation|9|Jumpluff|unl|EN', 10)",grade10:9<-10,-2.793742010633837,-2.8903717578961654,9,2.2496647450377605,-3.125756595632729,0.061191804573180034
"('Neo Revelation|9|Jumpluff|unl|EN', 10)","('Neo Revelation|9|Jumpluff|1st|EN', 10)",ed_1st:10<-10,-0.8717152357652146,-1.2139778905930871,7,0.6681054277322118,-1.2139778905930871,0.4182335644990651
"('Neo Revelation|9|Jumpluff|unl|EN', 10)","('Neo Revelation|9|Jumpluff|unl|EN', 8)",grade8:10<-8,3.209463724118953,3.278193430831734,1,0.37027438807164104,3.278193430831734,24.765801360785474
"('Neo Revelation|9|Jumpluff|unl|EN', 10)","('Neo Revelation|9|Jumpluff|unl|EN', 9)",grade9:10<-9,2.660085658903105,2.6703795848448033,4,0.6502056724005465,2.6703795848448033,14.2975137555709
"('Team Rocket|10|Dark Machamp|1st|EN', 8)","('Team Rocket|10|Dark Machamp|1st|EN', 9)",grade9:8<-9,-0.7152857157039927,-0.7414890415955995,14,10.490555216214855,-0.18632957819149354,0.4890523618930437
"('Team Rocket|10|Dark Machamp|1st|EN', 8)","('Team Rocket|10|Dark Machamp|1st|EN', 10)",grade10:8<-10,-2.9018229089798355,-2.927788038743852,15,10.923323496717925,-2.8636081206269495,0.0549230090999432
"('Team Rocket|10|Dark Machamp|1st|EN', 8)","('Team Rocket|10|Dark Machamp|unl|EN', 8)",ed_unl:8<-8,0.634769966769256,0.637494172779582,15,10.923323496717925,0.9076956385246762,1.8865881135813838
"('Team Rocket|10|Dark Machamp|1st|EN', 9)","('Team Rocket|10|Dark Machamp|1st|EN', 8)",grade8:9<-8,0.6838321626099381,0.6927870116179609,18,13.120782910741113,0.1956965625706415,1.9814564648656392
"('Team Rocket|10|Dark Machamp|1st|EN', 9)","('Team Rocket|10|Dark Machamp|1st|EN', 10)",grade10:9<-10,-2.2249386417632233,-2.2379822356907955,18,13.120782910741113,-2.5909739206999216,0.10807404966452178
"('Team Rocket|10|Dark Machamp|1st|EN', 9)","('Team Rocket|10|Dark Machamp|unl|EN', 9)",ed_unl:9<-9,0.759050827520469,0.7697401950043368,18,13.120782910741113,0.37029068391077846,2.1362475904668896
"('Team Rocket|10|Dark Machamp|1st|EN', 10)","('Team Rocket|10|Dark Machamp|1st|EN', 8)",grade8:10<-8,2.8928628210383165,2.9375384934347704,18,9.929293433272692,2.8127432753463077,18.04489503152193
"('Team Rocket|10|Dark Machamp|1st|EN', 10)","('Team Rocket|10|Dark Machamp|1st|EN', 9)",grade9:10<-9,2.1908348240755124,2.2070227446956494,11,7.279840441131633,2.677278542435456,8.94267556020792
"('Team Rocket|10|Dark Machamp|1st|EN', 10)","('Team Rocket|10|Dark Machamp|unl|EN', 10)",ed_unl:10<-10,0.3275092049006558,0.18388619959062158,24,7.336205004658528,0.04820210181787665,1.3875078231108615
"('Team Rocket|10|Dark Machamp|unl|EN', 8)","('Team Rocket|10|Dark Machamp|1st|EN', 8)",ed_1st:8<-8,-0.777992601148714,-0.8054184346200133,14,9.362395020332196,-1.0106014113453963,0.4593271392319927
"('Team Rocket|10|Dark Machamp|unl|EN', 8)","('Team Rocket|10|Dark Machamp|unl|EN', 9)",grade9:8<-9,-0.6347727432145146,-0.6442070051393882,14,9.362395020332196,-0.6539264674066647,0.5300559334386253
"('Team Rocket|10|Dark Machamp|unl|EN', 8)","('Team Rocket|10|Dark Machamp|unl|EN', 10)",grade10:8<-10,-3.346444553122125,-3.579957606151652,10,5.937418421884552,-3.2550148714840743,0.03520931667535309
"('Team Rocket|10|Dark Machamp|unl|EN', 9)","('Team Rocket|10|Dark Machamp|1st|EN', 9)",ed_1st:9<-9,-0.733657124997629,-0.7155338882200919,13,8.80396564058171,-0.4519851237430572,0.4801498074121263
"('Team Rocket|10|Dark Machamp|unl|EN', 9)","('Team Rocket|10|Dark Machamp|unl|EN', 8)",grade8:9<-8,0.5276423861148117,0.5180497008118818,14,9.18729772674911,0.6479832801898882,1.6949316001338028
"('Team Rocket|10|Dark Machamp|unl|EN', 9)","('Team Rocket|10|Dark Machamp|unl|EN', 10)",grade10:9<-10,-2.7233248317238443,-2.8812877705626407,16,7.3814073935777,-3.017574015469041,0.06565609565632369
"('Team Rocket|10|Dark Machamp|unl|EN', 10)","('Team Rocket|10|Dark Machamp|1st|EN', 10)",ed_1st:10<-10,-0.5844869934001675,-0.48737071599972737,6,1.2458981306668508,-0.19401005141354233,0.5573917341170089
"('Team Rocket|10|Dark Machamp|unl|EN', 10)","('Team Rocket|10|Dark Machamp|unl|EN', 8)",grade8:10<-8,2.794993561130153,3.6095648751409612,1,0.5710411696553858,3.6095648751409612,16.362523396659505
"('Team Rocket|10|Dark Machamp|unl|EN', 10)","('Team Rocket|10|Dark Machamp|unl|EN', 9)",grade9:10<-9,2.30720940001781,2.8841320858423654,3,1.2273892051839814,2.926142777820302,10.046350156317565
"('Team Rocket|11|Dark Magneton|1st|EN', 8)","('Team Rocket|11|Dark Magneton|1st|EN', 9)",grade9:8<-9,-0.9028095833582307,-0.9814677514079335,13,10.646815973999178,-0.5475302891375273,0.40542897157024027
"('Team Rocket|11|Dark Magneton|1st|EN', 8)","('Team Rocket|11|Dark Magneton|1st|EN', 10)",grade10:8<-10,-4.603425008784806,-5.109532358120113,13,10.646815973999178,-4.986715337651358,0.010017467009112716
"('Team Rocket|11|Dark Magneton|1st|EN', 8)","('Team Rocket|11|Dark Magneton|unl|EN', 8)",ed_unl:8<-8,0.4065560470687987,0.34504616682120304,13,10.646815973999178,0.8505985296293668,1.5016373013764965
"('Team Rocket|11|Dark Magneton|1st|EN', 9)","('Team Rocket|11|Dark Magneton|1st|EN', 8)",grade8:9<-8,0.9551594280831925,1.0874389880699846,10,7.041726071250185,0.9769153536905906,2.599084917016773
"('Team Rocket|11|Dark Magneton|1st|EN', 9)","('Team Rocket|11|Dark Magneton|1st|EN', 10)",grade10:9<-10,-3.529798664262202,-3.981874562443256,15,9.037690901540069,-4.173481882780824,0.02931081658789101
"('Team Rocket|11|Dark Magneton|1st|EN', 9)","('Team Rocket|11|Dark Magneton|unl|EN', 9)",ed_unl:9<-9,0.6571318240126847,0.6388191662644331,15,9.037690901540069,0.6426777548707934,1.929250960105217
"('Team Rocket|11|Dark Magneton|1st|EN', 10)","('Team Rocket|11|Dark Magneton|1st|EN', 8)",grade8:10<-8,3.9050501542825256,5.150397236471415,3,2.79453006319239,5.158469363472583,49.652570138759714
"('Team Rocket|11|Dark Magneton|1st|EN', 10)","('Team Rocket|11|Dark Magneton|1st|EN', 9)",grade9:10<-9,3.3001493409862577,4.173481882780824,6,3.945563533954618,4.4391850485138304,27.116688251252334
"('Team Rocket|11|Dark Magneton|unl|EN', 8)","('Team Rocket|11|Dark Magneton|1st|EN', 8)",ed_1st:8<-8,-0.5246518389338997,-0.4646066879026769,12,8.38120633025981,-0.23262229526875355,0.591761356770317
"('Team Rocket|11|Dark Magneton|unl|EN', 8)","('Team Rocket|11|Dark Magneton|unl|EN', 9)",grade9:8<-9,-0.9570094077673966,-1.0543297765226987,19,10.840868093886193,-0.7850738758408076,0.3840396764023936
"('Team Rocket|11|Dark Magneton|unl|EN', 9)","('Team Rocket|11|Dark Magneton|1st|EN', 9)",ed_1st:9<-9,-0.6932685770353628,-0.6426777548707934,9,5.548872023846344,-0.6426777548707934,0.49993930544641824
"('Team Rocket|11|Dark Magneton|unl|EN', 9)","('Team Rocket|11|Dark Magneton|unl|EN', 8)",grade8:9<-8,0.9005844951590262,1.0783693226790412,10,5.797432129800732,0.7554510638961007,2.461041157493167
"('Team Rocket|12|Dark Slowbro|1st|EN', 8)","('Team Rocket|12|Dark Slowbro|1st|EN', 9)",grade9:8<-9,-0.5773796433142473,-0.5603149792744491,13,8.135570658237514,-0.47396675429018575,0.5613674238800733
"('Team Rocket|12|Dark Slowbro|1st|EN', 8)","('Team Rocket|12|Dark Slowbro|1st|EN', 10)",grade10:8<-10,-2.8722551547383866,-2.8962144143294637,13,8.135570658237514,-2.878424872765965,0.056571205796103634
"('Team Rocket|12|Dark Slowbro|1st|EN', 8)","('Team Rocket|12|Dark Slowbro|unl|EN', 8)",ed_unl:8<-8,0.6926669839308521,0.7176742567521242,13,8.135570658237514,0.7354637983156227,1.9990398372937113
"('Team Rocket|12|Dark Slowbro|1st|EN', 9)","('Team Rocket|12|Dark Slowbro|1st|EN', 8)",grade8:9<-8,0.7078296661892137,0.7209618687428225,21,14.429197219356652,0.9416085398584446,2.0295816055877465
"('Team Rocket|12|Dark Slowbro|1st|EN', 9)","('Team Rocket|12|Dark Slowbro|1st|EN', 10)",grade10:9<-10,-2.2589715069285186,-2.277908164016334,21,14.429197219356652,-2.079436541667336,0.10445786371513396
"('Team Rocket|12|Dark Slowbro|1st|EN', 9)","('Team Rocket|12|Dark Slowbro|unl|EN', 9)",ed_unl:9<-9,0.7947596166998592,0.8119039688066607,21,14.429197219356652,1.203972804325936,2.2139087461439435
"('Team Rocket|12|Dark Slowbro|1st|EN', 10)","('Team Rocket|12|Dark Slowbro|1st|EN', 8)",grade8:10<-8,2.9542265056857477,2.9853211222536746,29,20.18641757888334,3.047343850617569,19.186876039137296
"('Team Rocket|12|Dark Slowbro|1st|EN', 10)","('Team Rocket|12|Dark Slowbro|1st|EN', 9)",grade9:10<-9,2.450525285040003,2.494956985641502,29,20.18641757888334,2.615270944957313,11.594435503426988
"('Team Rocket|12|Dark Slowbro|1st|EN', 10)","('Team Rocket|12|Dark Slowbro|unl|EN', 10)",ed_unl:10<-10,0.411303185171304,0.3779072813166078,45,24.022882357616098,0.05735688711193987,1.5087827277702495
"('Team Rocket|12|Dark Slowbro|unl|EN', 8)","('Team Rocket|12|Dark Slowbro|1st|EN', 8)",ed_1st:8<-8,-0.6582364335165176,-0.6487921296714916,17,10.85278680761814,-0.6578790417224871,0.5177636404017628
"('Team Rocket|12|Dark Slowbro|unl|EN', 8)","('Team Rocket|12|Dark Slowbro|unl|EN', 9)",grade9:8<-9,-0.5406648581418623,-0.5227895997597631,17,10.85278680761814,-0.39551477725499584,0.5823609362231583
"('Team Rocket|12|Dark Slowbro|unl|EN', 8)","('Team Rocket|12|Dark Slowbro|unl|EN', 10)",grade10:8<-10,-2.8744914643758963,-2.8717829836923885,17,10.85278680761814,-3.647866005228116,0.05644483641657221
"('Team Rocket|12|Dark Slowbro|unl|EN', 9)","('Team Rocket|12|Dark Slowbro|1st|EN', 9)",ed_1st:9<-9,-0.7411225697538697,-0.7130200522187469,6,4.880702216284333,-0.4906229164484719,0.4765786223784788
"('Team Rocket|12|Dark Slowbro|unl|EN', 9)","('Team Rocket|12|Dark Slowbro|unl|EN', 8)",grade8:9<-8,0.47214250728266544,0.41997163491845946,6,4.880702216284333,0.4044929940764028,1.6034258673092059
"('Team Rocket|12|Dark Slowbro|unl|EN', 9)","('Team Rocket|12|Dark Slowbro|unl|EN', 10)",grade10:9<-10,-2.6796490805151114,-2.8679458305391172,8,5.496438737778581,-3.221290609943594,0.06858721852309708
"('Team Rocket|12|Dark Slowbro|unl|EN', 10)","('Team Rocket|12|Dark Slowbro|1st|EN', 10)",ed_1st:10<-10,-0.5885305123152603,-0.546836748770561,8,2.611096300014723,2.5000093746285756e-06,0.5551424606515346
"('Team Rocket|12|Dark Slowbro|unl|EN', 10)","('Team Rocket|12|Dark Slowbro|unl|EN', 8)",grade8:10<-8,2.815907533087341,3.0219762321259926,4,2.5617460305944295,3.6789266232576425,16.708332266150688
"('Team Rocket|12|Dark Slowbro|unl|EN', 10)","('Team Rocket|12|Dark Slowbro|unl|EN', 9)",grade9:10<-9,2.1749786449170263,2.296542768676866,4,2.5617460305944295,3.2834118460026467,8.80199715280103
"('Team Rocket|13|Dark Vileplume|1st|EN', 8)","('Team Rocket|13|Dark Vileplume|1st|EN', 9)",grade9:8<-9,-0.5535956989420535,-0.514577973384541,9,5.386849442611214,-0.37998027481312224,0.5748789977981257
"('Team Rocket|13|Dark Vileplume|1st|EN', 8)","('Team Rocket|13|Dark Vileplume|1st|EN', 10)",grade10:8<-10,-2.6983285265982935,-2.659416363274511,17,8.399883408647481,-2.722265648555167,0.06731793889923503
"('Team Rocket|13|Dark Vileplume|1st|EN', 8)","('Team Rocket|13|Dark Vileplume|unl|EN', 8)",ed_unl:8<-8,0.3860543901176758,0.3007687603558695,17,8.399883408647481,0.04492385005398791,1.471164685459083
"('Team Rocket|13|Dark Vileplume|1st|EN', 9)","('Team Rocket|13|Dark Vileplume|1st|EN', 8)",grade8:9<-8,0.5518462207823461,0.5318790329638228,18,13.946039781912322,0.9538734430231983,1.7364559413522251
"('Team Rocket|13|Dark Vileplume|1st|EN', 9)","('Team Rocket|13|Dark Vileplume|1st|EN', 10)",grade10:9<-10,-2.302747510923297,-2.3317570920019675,18,13.946039781912322,-2.3848085233063596,0.09998375952598264
"('Team Rocket|13|Dark Vileplume|1st|EN', 9)","('Team Rocket|13|Dark Vileplume|unl|EN', 9)",ed_unl:9<-9,0.3437272910573756,0.2644418626152163,18,13.946039781912322,0.7163654706619527,1.4101940105472175
"('Team Rocket|13|Dark Vileplume|1st|EN', 10)","('Team Rocket|13|Dark Vileplume|1st|EN', 8)",grade8:10<-8,2.8311435638713736,2.860731438419985,15,8.734662188313385,3.338681966329558,16.964850125662853
"('Team Rocket|13|Dark Vileplume|1st|EN', 10)","('Team Rocket|13|Dark Vileplume|1st|EN', 9)",grade9:10<-9,2.2316914049883656,2.269943419245334,8,6.285034307260576,2.806802933365735,9.315609229629667
"('Team Rocket|13|Dark Vileplume|1st|EN', 10)","('Team Rocket|13|Dark Vileplume|unl|EN', 10)",ed_unl:10<-10,0.4986078519323748,0.3755605749747808,16,4.391416718881447,0.09606408710943892,1.6464276035016912
"('Team Rocket|13|Dark Vileplume|unl|EN', 8)","('Team Rocket|13|Dark Vileplume|1st|EN', 8)",ed_1st:8<-8,-0.4234542031780033,-0.32378707709389687,13,8.09538449529593,-0.06604888101518824,0.6547811618761092
"('Team Rocket|13|Dark Vileplume|unl|EN', 8)","('Team Rocket|13|Dark Vileplume|unl|EN', 9)",grade9:8<-9,-0.5732014231791156,-0.5612950494551425,13,8.09538449529593,-0.3035568533764339,0.5637178474278526
"('Team Rocket|13|Dark Vileplume|unl|EN', 8)","('Team Rocket|13|Dark Vileplume|unl|EN', 10)",grade10:8<-10,-2.9088074231310115,-2.9290820716508454,8,3.6278465080530378,-2.9290820716508454,0.05454073511872719
"('Team Rocket|13|Dark Vileplume|unl|EN', 9)","('Team Rocket|13|Dark Vileplume|1st|EN', 9)",ed_1st:9<-9,-0.6907860428538595,-0.5373926511507126,3,1.8786311269168066,-0.12180365784633018,0.501181963693447
"('Team Rocket|13|Dark Vileplume|unl|EN', 9)","('Team Rocket|13|Dark Vileplume|unl|EN', 8)",grade8:9<-8,0.5417677281360529,0.5174123189459596,3,1.8786311269168066,0.26043940266462684,1.7190429785203172
"('Team Rocket|13|Dark Vileplume|unl|EN', 9)","('Team Rocket|13|Dark Vileplume|unl|EN', 10)",grade10:9<-10,-2.3168362384703967,-2.266240240586229,2,1.0569408123310162,-2.266240240586229,0.09858499214213592
"('Team Rocket|13|Dark Vileplume|unl|EN', 10)","('Team Rocket|13|Dark Vileplume|1st|EN', 10)",ed_1st:10<-10,-0.5609521629279027,-0.34855411817505644,4,0.9020868346988777,-0.34855411817505644,0.5706654386051094
"('Team Rocket|13|Dark Vileplume|unl|EN', 10)","('Team Rocket|13|Dark Vileplume|unl|EN', 8)",grade8:10<-8,2.6756489411057545,2.796503519733264,2,0.8863536414075159,2.796503519733264,14.521770556357485
"('Team Rocket|13|Dark Vileplume|unl|EN', 10)","('Team Rocket|13|Dark Vileplume|unl|EN', 9)",grade9:10<-9,2.118583419525225,2.2790506739984995,2,0.8863536414075159,2.2790506739984995,8.319344116092081
"('Team Rocket|14|Dark Weezing|1st|EN', 8)","('Team Rocket|14|Dark Weezing|1st|EN', 9)",grade9:8<-9,-0.4924233582678864,-0.4542552722775959,14,10.314890699368519,-0.58783111280363,0.6111435783695994
"('Team Rocket|14|Dark Weezing|1st|EN', 8)","('Team Rocket|14|Dark Weezing|1st|EN', 10)",grade10:8<-10,-2.4290252386282667,-2.319012681822641,14,10.314890699368519,-2.638901784627043,0.08812268932418318
"('Team Rocket|14|Dark Weezing|1st|EN', 8)","('Team Rocket|14|Dark Weezing|unl|EN', 8)",ed_unl:8<-8,0.6231934777467014,0.6227114480587401,14,10.314890699368519,0.5979188304680347,1.8648739762320685
"('Team Rocket|14|Dark Weezing|1st|EN', 9)","('Team Rocket|14|Dark Weezing|1st|EN', 8)",grade8:9<-8,0.4900664319539178,0.45455411498074305,18,13.060329532586499,0.6023853392105822,1.6324246615132347
"('Team Rocket|14|Dark Weezing|1st|EN', 9)","('Team Rocket|14|Dark Weezing|1st|EN', 10)",grade10:9<-10,-1.8250440604690104,-1.7462909496063164,18,13.060329532586499,-1.888807292314187,0.1612105409612493
"('Team Rocket|14|Dark Weezing|1st|EN', 9)","('Team Rocket|14|Dark Weezing|unl|EN', 9)",ed_unl:9<-9,0.7422488205549875,0.7537718023763809,12,7.797187455916272,0.46608972992460007,2.100654201112408
"('Team Rocket|14|Dark Weezing|1st|EN', 10)","('Team Rocket|14|Dark Weezing|1st|EN', 8)",grade8:10<-8,2.3663254576067785,2.328252839742623,51,29.83809082408789,2.9635983012206033,10.658156393785097
"('Team Rocket|14|Dark Weezing|1st|EN', 10)","('Team Rocket|14|Dark Weezing|1st|EN', 9)",grade9:10<-9,1.9730050044553025,1.9490324275249202,30,22.344030065180966,2.3757671884169733,7.192256811385784
"('Team Rocket|14|Dark Weezing|1st|EN', 10)","('Team Rocket|14|Dark Weezing|unl|EN', 10)",ed_unl:10<-10,0.7943250309429503,0.8181568469199929,96,14.55196146703165,0.9176864422670263,2.2129468219701853
"('Team Rocket|14|Dark Weezing|unl|EN', 8)","('Team Rocket|14|Dark Weezing|1st|EN', 8)",ed_1st:8<-8,-0.8173061279439832,-0.8535339980635972,16,10.34319892029997,-0.7292990288900949,0.4416197205631567
"('Team Rocket|14|Dark Weezing|unl|EN', 8)","('Team Rocket|14|Dark Weezing|unl|EN', 9)",grade9:8<-9,-0.5729129686882835,-0.5616593745587513,14,8.641864598398257,-0.5533852381847861,0.5638804778271123
"('Team Rocket|14|Dark Weezing|unl|EN', 9)","('Team Rocket|14|Dark Weezing|1st|EN', 9)",ed_1st:9<-9,-0.7740778806821124,-0.7675970915099546,11,5.908861685646306,-0.44910705386741334,0.46112880078460994
"('Team Rocket|14|Dark Weezing|unl|EN', 9)","('Team Rocket|14|Dark Weezing|unl|EN', 8)",grade8:9<-8,0.5621155804950785,0.5645453733174577,12,6.2921937718137055,0.6390939995299014,1.75438010938089
"('Team Rocket|14|Dark Weezing|unl|EN', 9)","('Team Rocket|14|Dark Weezing|unl|EN', 10)",grade10:9<-10,-2.0472575401803175,-1.7643882724319235,9,3.048097366100387,-1.7643882724319235,0.12908843844427337
"('Team Rocket|14|Dark Weezing|unl|EN', 10)","('Team Rocket|14|Dark Weezing|1st|EN', 10)",ed_1st:10<-10,-0.6811451998297433,-0.8064608071568022,18,1.3484164855634013,-0.8064608071568022,0.5060371467551061
"('Team Rocket|14|Dark Weezing|unl|EN', 10)","('Team Rocket|14|Dark Weezing|unl|EN', 9)",grade9:10<-9,2.067104383129878,2.0267525368994144,1,0.30249852230482316,2.0267525368994144,7.90190905751697
"('Team Rocket|15|Here Comes Team Rocket!|1st|EN', 8)","('Team Rocket|15|Here Comes Team Rocket!|1st|EN', 9)",grade9:8<-9,-0.5306665345918286,-0.504731957980578,18,10.756686349801432,-0.504731957980578,0.5882127748253805
"('Team Rocket|15|Here Comes Team Rocket!|1st|EN', 8)","('Team Rocket|15|Here Comes Team Rocket!|1st|EN', 10)",grade10:8<-10,-2.1727828414270514,-2.0019128647252398,19,11.14001843596883,-2.2192034840549946,0.1138603204061514
"('Team Rocket|15|Here Comes Team Rocket!|1st|EN', 8)","('Team Rocket|15|Here Comes Team Rocket!|unl|EN', 8)",ed_unl:8<-8,0.6708142223071992,0.6831921327145198,19,11.14001843596883,0.6286086594223739,1.955829152220412
"('Team Rocket|15|Here Comes Team Rocket!|1st|EN', 9)","('Team Rocket|15|Here Comes Team Rocket!|1st|EN', 8)",grade8:9<-8,0.49668902912324725,0.4700036292457348,24,16.63586727817554,0.38299225225610645,1.643271429700043
"('Team Rocket|15|Here Comes Team Rocket!|1st|EN', 9)","('Team Rocket|15|Here Comes Team Rocket!|1st|EN', 10)",grade10:9<-10,-1.6106769817395408,-1.5101927215672726,24,16.63586727817554,-1.6732084196259072,0.1997523396047948
"('Team Rocket|15|Here Comes Team Rocket!|1st|EN', 9)","('Team Rocket|15|Here Comes Team Rocket!|unl|EN', 9)",ed_unl:9<-9,0.748760852380753,0.7553359796621129,24,16.63586727817554,0.2937611185281632,2.114378365723831
"('Team Rocket|15|Here Comes Team Rocket!|1st|EN', 10)","('Team Rocket|15|Here Comes Team Rocket!|1st|EN', 8)",grade8:10<-8,1.989972225207605,1.9169226121820602,58,31.00733642691452,2.3025717595718227,7.315330577699779
"('Team Rocket|15|Here Comes Team Rocket!|1st|EN', 10)","('Team Rocket|15|Here Comes Team Rocket!|1st|EN', 9)",grade9:10<-9,1.6437183858976059,1.5816278689584724,39,24.53681995978356,1.9195795073157162,5.174374104764242
"('Team Rocket|15|Here Comes Team Rocket!|1st|EN', 10)","('Team Rocket|15|Here Comes Team Rocket!|unl|EN', 10)",ed_unl:10<-10,0.6176805954674108,0.612956821036061,118,38.76849779784553,0.8574111844738903,1.8546214320361498
"('Team Rocket|15|Here Comes Team Rocket!|unl|EN', 8)","('Team Rocket|15|Here Comes Team Rocket!|1st|EN', 8)",ed_1st:8<-8,-0.6433292123797592,-0.6286086594223739,18,10.00089330970781,-0.34719619998418816,0.5255398745007084
"('Team Rocket|15|Here Comes Team Rocket!|unl|EN', 8)","('Team Rocket|15|Here Comes Team Rocket!|unl|EN', 9)",grade9:8<-9,-0.5019742949550491,-0.4709702587844533,18,10.00089330970781,-0.4364273337121314,0.6053343705934452
"('Team Rocket|15|Here Comes Team Rocket!|unl|EN', 8)","('Team Rocket|15|Here Comes Team Rocket!|unl|EN', 10)",grade10:8<-10,-2.1808910349048087,-1.9698902986210234,18,10.00089330970781,-1.7923567750821205,0.11294085155190837
"('Team Rocket|15|Here Comes Team Rocket!|unl|EN', 9)","('Team Rocket|15|Here Comes Team Rocket!|1st|EN', 9)",ed_1st:9<-9,-0.8239528590872339,-0.8397659241987094,12,7.0404344507793635,-0.4407627437615931,0.4386941266020812
"('Team Rocket|15|Here Comes Team Rocket!|unl|EN', 9)","('Team Rocket|15|Here Comes Team Rocket!|unl|EN', 8)",grade8:9<-8,0.3385398622876665,0.26548764077942844,18,8.97219021990386,0.7014662608737949,1.4028976705497225
"('Team Rocket|15|Here Comes Team Rocket!|unl|EN', 9)","('Team Rocket|15|Here Comes Team Rocket!|unl|EN', 10)",grade10:9<-10,-1.7207734794468839,-1.5263745417114327,20,9.473638455170823,-1.5263745417114327,0.1789276974776361
"('Team Rocket|15|Here Comes Team Rocket!|unl|EN', 10)","('Team Rocket|15|Here Comes Team Rocket!|1st|EN', 10)",ed_1st:10<-10,-0.6027950227467842,-0.594707107746693,24,8.169336649796302,-0.8574111844738903,0.5472798367916113
"('Team Rocket|15|Here Comes Team Rocket!|unl|EN', 10)","('Team Rocket|15|Here Comes Team Rocket!|unl|EN', 8)",grade8:10<-8,2.0992306605385234,1.8627098899416668,13,6.858319215521755,1.7923567750821205,8.15988977189457
"('Team Rocket|15|Here Comes Team Rocket!|unl|EN', 10)","('Team Rocket|15|Here Comes Team Rocket!|unl|EN', 9)",grade9:10<-9,1.6588254336113912,1.4847626464926833,14,7.106879321476141,1.3559294413699892,5.253137061170712
"(""Team Rocket|16|Rocket's Sneak Attack|1st|EN"", 8)","(""Team Rocket|16|Rocket's Sneak Attack|1st|EN"", 9)",grade9:8<-9,-0.5406937098601162,-0.5091474801925653,15,7.8896458638690365,-0.29214142341373606,0.5823441343518869
"(""Team Rocket|16|Rocket's Sneak Attack|1st|EN"", 8)","(""Team Rocket|16|Rocket's Sneak Attack|1st|EN"", 10)",grade10:8<-10,-2.5302098944621956,-2.4275739501071136,16,8.098659165941164,-2.0941421185934237,0.07964230205326969
"(""Team Rocket|16|Rocket's Sneak Attack|1st|EN"", 8)","(""Team Rocket|16|Rocket's Sneak Attack|unl|EN"", 8)",ed_unl:8<-8,0.4534142933013699,0.38990876401028807,16,8.098659165941164,0.2761226870129665,1.573676014912287
"(""Team Rocket|16|Rocket's Sneak Attack|1st|EN"", 9)","(""Team Rocket|16|Rocket's Sneak Attack|1st|EN"", 8)",grade8:9<-8,0.3633130607281944,0.28577466543921215,21,10.88573825479251,0.38003700456546774,1.438085997026737
"(""Team Rocket|16|Rocket's Sneak Attack|1st|EN"", 9)","(""Team Rocket|16|Rocket's Sneak Attack|1st|EN"", 10)",grade10:9<-10,-1.9462730887547548,-1.8851973510175215,21,10.88573825479251,-1.8274886263467218,0.1428053037364577
"(""Team Rocket|16|Rocket's Sneak Attack|1st|EN"", 9)","(""Team Rocket|16|Rocket's Sneak Attack|unl|EN"", 9)",ed_unl:9<-9,0.5894488054771228,0.5555922872240942,21,10.88573825479251,0.4955122458711543,1.8029943408533458
"(""Team Rocket|16|Rocket's Sneak Attack|1st|EN"", 10)","(""Team Rocket|16|Rocket's Sneak Attack|1st|EN"", 8)",grade8:10<-8,2.2174776503954132,2.1140442388972662,36,15.30025577280617,2.0558340227476695,9.184136023561681
"(""Team Rocket|16|Rocket's Sneak Attack|1st|EN"", 10)","(""Team Rocket|16|Rocket's Sneak Attack|1st|EN"", 9)",grade9:10<-9,1.8528726563125861,1.7795819486182252,22,12.225847618188787,1.7636925993339334,6.378115364551603
"(""Team Rocket|16|Rocket's Sneak Attack|1st|EN"", 10)","(""Team Rocket|16|Rocket's Sneak Attack|unl|EN"", 10)",ed_unl:10<-10,0.7089657272793948,0.7141924844208187,82,17.357178522346505,0.7062083146436402,2.031888644499644
"(""Team Rocket|16|Rocket's Sneak Attack|unl|EN"", 8)","(""Team Rocket|16|Rocket's Sneak Attack|1st|EN"", 8)",ed_1st:8<-8,-0.6243601066184489,-0.5812643371787778,12,4.736566942061328,-0.024992455150876225,0.5356040483728968
"(""Team Rocket|16|Rocket's Sneak Attack|unl|EN"", 8)","(""Team Rocket|16|Rocket's Sneak Attack|unl|EN"", 9)",grade9:8<-9,-0.32806120420661206,-0.1785279191485314,19,5.562690138417523,-0.016305048118820942,0.7203189318074038
"(""Team Rocket|16|Rocket's Sneak Attack|unl|EN"", 8)","(""Team Rocket|16|Rocket's Sneak Attack|unl|EN"", 10)",grade10:8<-10,-2.2392403911230727,-1.8913605461134697,19,5.562690138417523,-1.6257483951169958,0.106539401925561
"(""Team Rocket|16|Rocket's Sneak Attack|unl|EN"", 9)","(""Team Rocket|16|Rocket's Sneak Attack|1st|EN"", 9)",ed_1st:9<-9,-0.6839693391391334,-0.5875934276607255,5,3.202249470088753,-0.35668827896116895,0.5046100434746995
"(""Team Rocket|16|Rocket's Sneak Attack|unl|EN"", 9)","(""Team Rocket|16|Rocket's Sneak Attack|unl|EN"", 8)",grade8:9<-8,0.3475702739492843,0.2115758314655336,12,4.620388751905715,0.2115758314655336,1.4156237885936127
"(""Team Rocket|16|Rocket's Sneak Attack|unl|EN"", 9)","(""Team Rocket|16|Rocket's Sneak Attack|unl|EN"", 10)",grade10:9<-10,-1.889945969942753,-1.6011936912222575,12,4.620388751905715,-1.4141725636514622,0.15107997147536262
"(""Team Rocket|16|Rocket's Sneak Attack|unl|EN"", 10)","(""Team Rocket|16|Rocket's Sneak Attack|1st|EN"", 10)",ed_1st:10<-10,-0.7625400234880779,-0.9749378119735796,12,1.9452278893261712,-1.0355767112735066,0.4664800506504751
"(""Team Rocket|16|Rocket's Sneak Attack|unl|EN"", 10)","(""Team Rocket|16|Rocket's Sneak Attack|unl|EN"", 8)",grade8:10<-8,2.3894631130776656,1.9808952957327701,7,1.8391991643401386,1.6523365240127683,10.907636203479568
"(""Team Rocket|16|Rocket's Sneak Attack|unl|EN"", 10)","(""Team Rocket|16|Rocket's Sneak Attack|unl|EN"", 9)",grade9:10<-9,1.9125353893577854,1.6537742043808379,7,1.8391991643401386,1.598428862808257,6.770232231458514
"('Team Rocket|17|Rainbow Energy|1st|EN', 8)","('Team Rocket|17|Rainbow Energy|1st|EN', 9)",grade9:8<-9,-0.7835621537863751,-0.8300695564270262,20,10.314847188266983,-0.8300695564270262,0.4567760034892012
"('Team Rocket|17|Rainbow Energy|1st|EN', 8)","('Team Rocket|17|Rainbow Energy|1st|EN', 10)",grade10:8<-10,-3.44962126081631,-3.6364413399104523,20,10.314847188266983,-3.6885122415615648,0.031757661971613484
"('Team Rocket|17|Rainbow Energy|1st|EN', 8)","('Team Rocket|17|Rainbow Energy|unl|EN', 8)",ed_unl:8<-8,0.21818340112517193,0.09990706691078843,20,10.314847188266983,0.13345276820495,1.2438151638024215
"('Team Rocket|17|Rainbow Energy|1st|EN', 9)","('Team Rocket|17|Rainbow Energy|1st|EN', 8)",grade8:9<-8,0.7953390066877879,0.8379853713514542,20,10.59914873474288,0.5089189432068393,2.2151918343739907
"('Team Rocket|17|Rainbow Energy|1st|EN', 9)","('Team Rocket|17|Rainbow Energy|1st|EN', 10)",grade10:9<-10,-2.5458914113422666,-2.652881180182809,20,10.59914873474288,-2.68627329229495,0.07840313138076076
"('Team Rocket|17|Rainbow Energy|1st|EN', 9)","('Team Rocket|17|Rainbow Energy|unl|EN', 9)",ed_unl:9<-9,0.5220411465426538,0.4248831939652655,13,5.874724174223903,0.34484048629172914,1.685464420904337
"('Team Rocket|17|Rainbow Energy|1st|EN', 10)","('Team Rocket|17|Rainbow Energy|1st|EN', 8)",grade8:10<-8,3.3956656097274323,3.6669005473951612,13,7.196735949303701,3.61560725300761,29.83450500426361
"('Team Rocket|17|Rainbow Energy|1st|EN', 10)","('Team Rocket|17|Rainbow Energy|1st|EN', 9)",grade9:10<-9,2.5895058865225486,2.785537696580584,11,6.702272790015279,2.785537696580584,13.323186810346705
"('Team Rocket|17|Rainbow Energy|1st|EN', 10)","('Team Rocket|17|Rainbow Energy|unl|EN', 10)",ed_unl:10<-10,0.6985498127892068,0.7922380832041762,5,0.6348074637588725,0.829279354884525,2.010834505529395
"('Team Rocket|17|Rainbow Energy|unl|EN', 8)","('Team Rocket|17|Rainbow Energy|1st|EN', 8)",ed_1st:8<-8,-0.30631125544075666,-0.0361101686764127,9,4.286705743022818,-0.21772348384487072,0.7361574507811426
"('Team Rocket|17|Rainbow Energy|unl|EN', 8)","('Team Rocket|17|Rainbow Energy|unl|EN', 9)",grade9:8<-9,-0.619083676746254,-0.6362110136372356,8,2.4090194362259236,-0.6362110136372356,0.5384375945031308
"('Team Rocket|17|Rainbow Energy|unl|EN', 8)","('Team Rocket|17|Rainbow Energy|unl|EN', 10)",grade10:8<-10,-2.8971993486972365,-3.1780538303479458,1,0.1378973527704683,-3.1780538303479458,0.055177536902310975
"('Team Rocket|17|Rainbow Energy|unl|EN', 9)","('Team Rocket|17|Rainbow Energy|1st|EN', 9)",ed_1st:9<-9,-0.6815560631638637,-0.412746890304577,3,1.1750325929249588,-0.412746890304577,0.5058292773516838
"('Team Rocket|17|Rainbow Energy|unl|EN', 9)","('Team Rocket|17|Rainbow Energy|unl|EN', 8)",grade8:9<-8,0.6224881743905871,0.7373608955196329,6,1.7097750189939216,0.7425424542779453,1.863559138092284
"('Team Rocket|17|Rainbow Energy|unl|EN', 9)","('Team Rocket|17|Rainbow Energy|unl|EN', 10)",grade10:9<-10,-2.3418531435286867,-2.4013700528602078,3,0.36248085313557055,-2.4013700528602078,0.09614929459029196
"('Team Rocket|17|Rainbow Energy|unl|EN', 10)","('Team Rocket|17|Rainbow Energy|1st|EN', 10)",ed_1st:10<-10,-0.6304701064386056,-0.7700628459189236,1,0.12144149264420075,-0.7700628459189236,0.5323414850142852
"('Team Rocket|17|Rainbow Energy|unl|EN', 10)","('Team Rocket|17|Rainbow Energy|unl|EN', 8)",grade8:10<-8,2.660877850154795,3.1780538303479458,1,0.12144149264420075,3.1780538303479458,14.308844608397653
"('Team Rocket|17|Rainbow Energy|unl|EN', 10)","('Team Rocket|17|Rainbow Energy|unl|EN', 9)",grade9:10<-9,2.1214220494304876,3.362732756031386,1,0.12144149264420075,3.362732756031386,8.342993204717287
"('Team Rocket|1|Dark Alakazam|1st|EN', 8)","('Team Rocket|1|Dark Alakazam|1st|EN', 9)",grade9:8<-9,-0.5887063468664182,-0.5808672712978149,19,13.37538699311586,-0.3728699766655392,0.5550448560075231
"('Team Rocket|1|Dark Alakazam|1st|EN', 8)","('Team Rocket|1|Dark Alakazam|1st|EN', 10)",grade10:8<-10,-2.800746755418304,-2.7992811568043665,19,13.37538699311586,-2.5795258522266202,0.06076466933241829
"('Team Rocket|1|Dark Alakazam|1st|EN', 8)","('Team Rocket|1|Dark Alakazam|unl|EN', 8)",ed_unl:8<-8,0.9456829627151145,1.0176432261344424,19,13.37538699311586,1.0010638150601308,2.574571114364526
"('Team Rocket|1|Dark Alakazam|1st|EN', 9)","('Team Rocket|1|Dark Alakazam|1st|EN', 8)",grade8:9<-8,0.6110543955161015,0.6010707954555858,13,10.100431791892797,0.3001045924503378,1.8423729648055822
"('Team Rocket|1|Dark Alakazam|1st|EN', 9)","('Team Rocket|1|Dark Alakazam|1st|EN', 10)",grade10:9<-10,-2.2701153235717406,-2.3004776106544806,13,10.100431791892797,-2.5605051955615776,0.10330026644046382
"('Team Rocket|1|Dark Alakazam|1st|EN', 9)","('Team Rocket|1|Dark Alakazam|unl|EN', 9)",ed_unl:9<-9,0.8072637222271556,0.8354696009656957,13,10.100431791892797,0.675754106884848,2.241765493633235
"('Team Rocket|1|Dark Alakazam|1st|EN', 10)","('Team Rocket|1|Dark Alakazam|1st|EN', 8)",grade8:10<-8,2.75760034942472,2.7607099504642587,18,12.15925941353865,2.9957306068859353,15.76197429997375
"('Team Rocket|1|Dark Alakazam|1st|EN', 10)","('Team Rocket|1|Dark Alakazam|1st|EN', 9)",grade9:10<-9,2.178332611519085,2.1860512767380946,14,10.408385289358112,2.6956260144355975,8.831568319915657
"('Team Rocket|1|Dark Alakazam|1st|EN', 10)","('Team Rocket|1|Dark Alakazam|unl|EN', 10)",ed_unl:10<-10,0.14510848152087863,0.04879216417143084,40,16.620755698858545,0.18232189012789846,1.156164986001322
"('Team Rocket|1|Dark Alakazam|unl|EN', 8)","('Team Rocket|1|Dark Alakazam|1st|EN', 8)",ed_1st:8<-8,-0.8648404837265243,-0.9122827104766156,17,10.904107372080473,-1.2553830646180586,0.42111872255914357
"('Team Rocket|1|Dark Alakazam|unl|EN', 8)","('Team Rocket|1|Dark Alakazam|unl|EN', 9)",grade9:8<-9,-0.6615760964998827,-0.6770507558153342,17,10.904107372080473,-0.8116967436896969,0.5160373685253988
"('Team Rocket|1|Dark Alakazam|unl|EN', 8)","('Team Rocket|1|Dark Alakazam|unl|EN', 10)",grade10:8<-10,-3.399099108860663,-3.5407364127978997,17,10.904107372080473,-4.068791781376095,0.03340334919054567
"('Team Rocket|1|Dark Alakazam|unl|EN', 9)","('Team Rocket|1|Dark Alakazam|1st|EN', 9)",ed_1st:9<-9,-0.7633929644061942,-0.7542348725397829,10,7.681604059671496,-0.7542348725397829,0.4660823403635905
"('Team Rocket|1|Dark Alakazam|unl|EN', 9)","('Team Rocket|1|Dark Alakazam|unl|EN', 8)",grade8:9<-8,0.814885662477563,0.8912549678867485,16,10.1297107400191,0.8012527845286135,2.258917378567192
"('Team Rocket|1|Dark Alakazam|unl|EN', 9)","('Team Rocket|1|Dark Alakazam|unl|EN', 10)",grade10:9<-10,-2.8988832496834482,-3.060315166926695,17,10.48531224456842,-3.267538996847482,0.05508470157818775
"('Team Rocket|1|Dark Alakazam|unl|EN', 10)","('Team Rocket|1|Dark Alakazam|1st|EN', 10)",ed_1st:10<-10,-0.42736876121791995,0.03203926603506879,4,1.2893803544513942,0.03203926603506879,0.6522229933308545
"('Team Rocket|1|Dark Alakazam|unl|EN', 10)","('Team Rocket|1|Dark Alakazam|unl|EN', 8)",grade8:10<-8,2.9314355175259994,3.977397205656052,1,0.8360532082885094,3.977397205656052,18.75453364382098
"('Team Rocket|1|Dark Alakazam|unl|EN', 10)","('Team Rocket|1|Dark Alakazam|unl|EN', 9)",grade9:10<-9,2.413082034806397,3.275322192297738,2,1.1896065988817832,3.275322192297738,11.168329335622126
"('Team Rocket|2|Dark Arbok|1st|EN', 8)","('Team Rocket|2|Dark Arbok|1st|EN', 9)",grade9:8<-9,-0.6020173463322396,-0.5976170687694413,21,14.753085475726902,-0.6735313120653164,0.5477056089478637
"('Team Rocket|2|Dark Arbok|1st|EN', 8)","('Team Rocket|2|Dark Arbok|1st|EN', 10)",grade10:8<-10,-2.7507748902147235,-2.739284511166379,21,14.753085475726902,-3.4645389891529303,0.06387834332055078
"('Team Rocket|2|Dark Arbok|1st|EN', 8)","('Team Rocket|2|Dark Arbok|unl|EN', 8)",ed_unl:8<-8,0.6240650301452323,0.6239052380560821,21,14.753085475726902,0.2915495839782709,1.866500020107302
"('Team Rocket|2|Dark Arbok|1st|EN', 9)","('Team Rocket|2|Dark Arbok|1st|EN', 8)",grade8:9<-8,0.6160107098762451,0.6100829442995099,19,14.502889369605375,0.6735593324269624,1.8515270108135025
"('Team Rocket|2|Dark Arbok|1st|EN', 9)","('Team Rocket|2|Dark Arbok|1st|EN', 10)",grade10:9<-10,-2.310921766869366,-2.3405083912090117,19,14.502889369605375,-2.7686046374151934,0.09916979798246028
"('Team Rocket|2|Dark Arbok|1st|EN', 9)","('Team Rocket|2|Dark Arbok|unl|EN', 9)",ed_unl:9<-9,0.5281766046822589,0.49008972528681216,19,14.502889369605375,0.49008972528681216,1.6958373059660434
"('Team Rocket|2|Dark Arbok|1st|EN', 10)","('Team Rocket|2|Dark Arbok|1st|EN', 8)",grade8:10<-8,2.89430602864083,2.9274663426981604,19,13.507938513075542,3.4869420288253528,18.0709563626501
"('Team Rocket|2|Dark Arbok|1st|EN', 10)","('Team Rocket|2|Dark Arbok|1st|EN', 9)",grade9:10<-9,2.2623400665451574,2.288598851019306,17,12.657143628428216,2.8134107167600364,9.605540491674821
"('Team Rocket|2|Dark Arbok|1st|EN', 10)","('Team Rocket|2|Dark Arbok|unl|EN', 10)",ed_unl:10<-10,0.7917950523228149,0.8421827597204334,37,6.731993762886262,0.9430717545517977,2.207355190160142
"('Team Rocket|2|Dark Arbok|unl|EN', 8)","('Team Rocket|2|Dark Arbok|1st|EN', 8)",ed_1st:8<-8,-0.701308389462432,-0.7032057347598082,17,14.082229364500604,-0.29152156361662485,0.49593600167538093
"('Team Rocket|2|Dark Arbok|unl|EN', 8)","('Team Rocket|2|Dark Arbok|unl|EN', 9)",grade9:8<-9,-0.7594639787290558,-0.7922997593033463,17,14.082229364500604,-0.4749911707567751,0.46791717335917776
"('Team Rocket|2|Dark Arbok|unl|EN', 9)","('Team Rocket|2|Dark Arbok|1st|EN', 9)",ed_1st:9<-9,-0.6185773956327277,-0.49247648509779385,6,4.003107827206572,-0.30776816849285815,0.5387102643060017
"('Team Rocket|2|Dark Arbok|unl|EN', 9)","('Team Rocket|2|Dark Arbok|unl|EN', 8)",grade8:9<-8,0.6304590568307865,0.6931471805599454,5,3.5145278429894495,0.6953261697489452,1.8784727070940062
"('Team Rocket|2|Dark Arbok|unl|EN', 9)","('Team Rocket|2|Dark Arbok|unl|EN', 10)",grade10:9<-10,-2.1994091899167625,-2.0104486701928845,6,2.1473169176196816,-2.0104486701928845,0.11086864132764224
"('Team Rocket|2|Dark Arbok|unl|EN', 10)","('Team Rocket|2|Dark Arbok|1st|EN', 10)",ed_1st:10<-10,-0.6692870997630941,-0.9955883253100586,5,0.40883490521566374,-0.9955883253100586,0.5120735050157719
"('Team Rocket|2|Dark Arbok|unl|EN', 10)","('Team Rocket|2|Dark Arbok|unl|EN', 9)",grade9:10<-9,2.0481780108548993,1.8461766705845077,1,0.34151006418859886,1.8461766705845077,7.753760960318803
"('Team Rocket|3|Dark Blastoise|1st|EN', 8)","('Team Rocket|3|Dark Blastoise|1st|EN', 9)",grade9:8<-9,-0.7570644620313586,-0.8034541687847616,12,8.627424144411366,-0.8472978603872034,0.46904129656663385
"('Team Rocket|3|Dark Blastoise|1st|EN', 8)","('Team Rocket|3|Dark Blastoise|1st|EN', 10)",grade10:8<-10,-2.8602734922245427,-2.8787004594304744,12,8.627424144411366,-3.232121051618222,0.05725309984642458
"('Team Rocket|3|Dark Blastoise|1st|EN', 8)","('Team Rocket|3|Dark Blastoise|unl|EN', 8)",ed_unl:8<-8,0.7547168839726272,0.7998749901015554,12,8.627424144411366,0.5953909988455912,2.1270092476939824
"('Team Rocket|3|Dark Blastoise|1st|EN', 9)","('Team Rocket|3|Dark Blastoise|1st|EN', 8)",grade8:9<-8,0.8287562311965905,0.8718389693033206,18,12.818749686348681,0.9985288301111277,2.2904681550607204
"('Team Rocket|3|Dark Blastoise|1st|EN', 9)","('Team Rocket|3|Dark Blastoise|1st|EN', 10)",grade10:9<-10,-2.181619434615616,-2.1848322708020165,18,12.818749686348681,-3.0470255679415414,0.11285861542232213
"('Team Rocket|3|Dark Blastoise|1st|EN', 9)","('Team Rocket|3|Dark Blastoise|unl|EN', 9)",ed_unl:9<-9,0.8194023152581131,0.84446773437337,18,12.818749686348681,0.9162907318741551,2.269143199884253
"('Team Rocket|3|Dark Blastoise|1st|EN', 10)","('Team Rocket|3|Dark Blastoise|1st|EN', 8)",grade8:10<-8,3.1969474355044496,3.3524072174927237,11,8.72155927797335,4.045554398052669,24.45775724912887
"('Team Rocket|3|Dark Blastoise|1st|EN', 10)","('Team Rocket|3|Dark Blastoise|1st|EN', 9)",grade9:10<-9,2.3272939991014594,2.3848231912310185,12,9.164443037524531,3.0259663742132528,10.250167009910268
"('Team Rocket|3|Dark Blastoise|1st|EN', 10)","('Team Rocket|3|Dark Blastoise|unl|EN', 10)",ed_unl:10<-10,0.6765956240796902,0.5808987576611448,8,0.06675822356111535,0.4556376453166253,1.9671693358398405
"('Team Rocket|3|Dark Blastoise|unl|EN', 8)","('Team Rocket|3|Dark Blastoise|1st|EN', 8)",ed_1st:8<-8,-0.769378137176381,-0.7844842423742318,20,15.28707047770404,-0.6650133413161736,0.46330108847049356
"('Team Rocket|3|Dark Blastoise|unl|EN', 8)","('Team Rocket|3|Dark Blastoise|unl|EN', 9)",grade9:8<-9,-0.6935367499910116,-0.7108467576593469,20,15.28707047770404,-0.7472514395531462,0.49980525322062586
"('Team Rocket|3|Dark Blastoise|unl|EN', 9)","('Team Rocket|3|Dark Blastoise|1st|EN', 9)",ed_1st:9<-9,-0.9196057574643788,-0.9854747052597519,10,6.046696612674013,-0.797120732776408,0.39867618521617976
"('Team Rocket|3|Dark Blastoise|unl|EN', 9)","('Team Rocket|3|Dark Blastoise|unl|EN', 8)",grade8:9<-8,0.6093693670556158,0.6353422406765947,10,6.046696612674013,0.7247828015540403,1.8392711280006293
"('Team Rocket|3|Dark Blastoise|unl|EN', 10)","('Team Rocket|3|Dark Blastoise|1st|EN', 10)",ed_1st:10<-10,-0.6229429602043699,-0.46396694464082344,4,0.0354084107465525,-0.42438760961790223,0.5363636158114302
"('Team Rocket|4|Dark Charizard|1st|EN', 8)","('Team Rocket|4|Dark Charizard|1st|EN', 9)",grade9:8<-9,-0.7164293060819531,-0.7381186072863288,16,12.832050494651508,-0.9694005571881039,0.4884934059868788
"('Team Rocket|4|Dark Charizard|1st|EN', 8)","('Team Rocket|4|Dark Charizard|1st|EN', 10)",grade10:8<-10,-2.7759101210819024,-2.7685759189848627,16,12.832050494651508,-3.0300924170300734,0.06229275693133166
"('Team Rocket|4|Dark Charizard|1st|EN', 8)","('Team Rocket|4|Dark Charizard|unl|EN', 8)",ed_unl:8<-8,0.8957526661985973,0.9590866970418563,16,12.832050494651508,0.6859188227436066,2.4491785097773113
"('Team Rocket|4|Dark Charizard|1st|EN', 9)","('Team Rocket|4|Dark Charizard|1st|EN', 8)",grade8:9<-8,0.7438634509356269,0.7733536356858854,12,10.091103101929246,0.9258948686932884,2.104048720914674
"('Team Rocket|4|Dark Charizard|1st|EN', 9)","('Team Rocket|4|Dark Charizard|1st|EN', 10)",grade10:9<-10,-2.0453975113941314,-2.0089811530341137,12,10.091103101929246,-2.122980677997824,0.12932877009835117
"('Team Rocket|4|Dark Charizard|1st|EN', 9)","('Team Rocket|4|Dark Charizard|unl|EN', 9)",ed_unl:9<-9,0.9965186134508335,1.0810144529430534,12,10.091103101929246,1.1700712526502546,2.70883489242407
"('Team Rocket|4|Dark Charizard|1st|EN', 10)","('Team Rocket|4|Dark Charizard|1st|EN', 8)",grade8:10<-8,2.7457599434087214,2.745889415221068,23,17.681282302814477,3.389721206413755,15.576446653481444
"('Team Rocket|4|Dark Charizard|1st|EN', 10)","('Team Rocket|4|Dark Charizard|1st|EN', 9)",grade9:10<-9,2.07420054263642,2.0606918598419695,22,17.178385832280554,2.434822545390589,7.9581816882409555
"('Team Rocket|4|Dark Charizard|1st|EN', 10)","('Team Rocket|4|Dark Charizard|unl|EN', 10)",ed_unl:10<-10,0.7168868617404955,0.7244775860757482,91,15.082244476756856,0.6487465026961061,2.048047421094509
"('Team Rocket|4|Dark Charizard|unl|EN', 8)","('Team Rocket|4|Dark Charizard|1st|EN', 8)",ed_1st:8<-8,-0.8828373854301869,-0.9249487946172694,16,13.566533407288999,-0.7149226150734833,0.4136076807712746
"('Team Rocket|4|Dark Charizard|unl|EN', 8)","('Team Rocket|4|Dark Charizard|unl|EN', 9)",grade9:8<-9,-0.6263436355807288,-0.6309903616139776,16,13.566533407288999,-0.48524812728145594,0.5345427151711815
"('Team Rocket|4|Dark Charizard|unl|EN', 9)","('Team Rocket|4|Dark Charizard|1st|EN', 9)",ed_1st:9<-9,-0.970413828769849,-1.0403711278769228,11,7.872141498604671,-1.2090394995263045,0.37892619509138353
"('Team Rocket|4|Dark Charizard|unl|EN', 9)","('Team Rocket|4|Dark Charizard|unl|EN', 8)",grade8:9<-8,0.5467739243205322,0.5428694923098378,11,7.872141498604671,0.6160558442713322,1.727670422239848
"('Team Rocket|4|Dark Charizard|unl|EN', 10)","('Team Rocket|4|Dark Charizard|1st|EN', 10)",ed_1st:10<-10,-0.6392155798540599,-0.6536657221498992,29,2.9888128439801878,-0.6536657221498992,0.5277062051111553
"('Team Rocket|5|Dark Dragonite|1st|EN', 8)","('Team Rocket|5|Dark Dragonite|1st|EN', 9)",grade9:8<-9,-0.716905112727524,-0.7490437970318435,12,8.704327331388889,-0.8794597690393049,0.4882610328647145
"('Team Rocket|5|Dark Dragonite|1st|EN', 8)","('Team Rocket|5|Dark Dragonite|1st|EN', 10)",grade10:8<-10,-2.9933848084717947,-3.057526607058475,12,8.704327331388889,-3.6723501521627258,0.05011751112678027
"('Team Rocket|5|Dark Dragonite|1st|EN', 8)","('Team Rocket|5|Dark Dragonite|unl|EN', 8)",ed_unl:8<-8,0.6790324263823864,0.6977064440489471,12,8.704327331388889,0.756196498146049,1.971968783885304
"('Team Rocket|5|Dark Dragonite|1st|EN', 9)","('Team Rocket|5|Dark Dragonite|1st|EN', 8)",grade8:9<-8,0.8021821390039859,0.8522118782093422,12,9.445273281861995,0.7771361684722562,2.230402670726985
"('Team Rocket|5|Dark Dragonite|1st|EN', 9)","('Team Rocket|5|Dark Dragonite|1st|EN', 10)",grade10:9<-10,-2.3179333389047,-2.365589583704768,12,9.445273281861995,-2.9018004537197877,0.09847689381264566
"('Team Rocket|5|Dark Dragonite|1st|EN', 9)","('Team Rocket|5|Dark Dragonite|unl|EN', 9)",ed_unl:9<-9,0.7872505993872138,0.8110563887062998,12,9.445273281861995,0.7572260372444681,2.1973467271055616
"('Team Rocket|5|Dark Dragonite|1st|EN', 10)","('Team Rocket|5|Dark Dragonite|1st|EN', 8)",grade8:10<-8,3.2277802395814423,3.511001926638711,7,5.113839025645186,3.7234075034193737,25.223604423652784
"('Team Rocket|5|Dark Dragonite|1st|EN', 10)","('Team Rocket|5|Dark Dragonite|1st|EN', 9)",grade9:10<-9,2.427822144499941,2.58989362080282,7,5.113839025645186,2.8020906894038244,11.334170994542859
"('Team Rocket|5|Dark Dragonite|1st|EN', 10)","('Team Rocket|5|Dark Dragonite|unl|EN', 10)",ed_unl:10<-10,0.6302465418694841,0.6128972206530818,32,8.382794785976358,0.4650572053104103,1.8780735459547098
"('Team Rocket|5|Dark Dragonite|unl|EN', 8)","('Team Rocket|5|Dark Dragonite|1st|EN', 8)",ed_1st:8<-8,-0.7090051034407103,-0.7143229469461456,13,9.36638950454855,-0.7496100281167308,0.49213357598155055
"('Team Rocket|5|Dark Dragonite|unl|EN', 8)","('Team Rocket|5|Dark Dragonite|unl|EN', 9)",grade9:8<-9,-0.6555515963746024,-0.6716371805020875,13,9.36638950454855,-0.7695201593445189,0.5191556192363288
"('Team Rocket|5|Dark Dragonite|unl|EN', 8)","('Team Rocket|5|Dark Dragonite|unl|EN', 10)",grade10:8<-10,-2.938839821347628,-3.232121051618222,1,0.5579985713151117,-3.232121051618222,0.052927098021056884
"('Team Rocket|5|Dark Dragonite|unl|EN', 9)","('Team Rocket|5|Dark Dragonite|1st|EN', 9)",ed_1st:9<-9,-0.7962425218324415,-0.8013200388796111,7,5.553863503932861,-0.8544402644469402,0.4510204838239648
"('Team Rocket|5|Dark Dragonite|unl|EN', 9)","('Team Rocket|5|Dark Dragonite|unl|EN', 8)",grade8:9<-8,0.56985815044966,0.5748139935980809,12,7.771924165878616,0.7545894150768717,1.7680162413366787
"('Team Rocket|5|Dark Dragonite|unl|EN', 9)","('Team Rocket|5|Dark Dragonite|unl|EN', 10)",grade10:9<-10,-2.487359093185245,-2.657307058020141,6,2.695481463900961,-2.349731871419748,0.0831292134487674
"('Team Rocket|5|Dark Dragonite|unl|EN', 10)","('Team Rocket|5|Dark Dragonite|1st|EN', 10)",ed_1st:10<-10,-0.5834187897000118,-0.5264238906439083,10,2.1791704455645986,-0.5264238906439083,0.5579874601515595
"('Team Rocket|5|Dark Dragonite|unl|EN', 10)","('Team Rocket|5|Dark Dragonite|unl|EN', 8)",grade8:10<-8,2.7149758211107042,3.232121051618222,1,0.43527528164806206,3.232121051618222,15.1042448636158
"('Team Rocket|5|Dark Dragonite|unl|EN', 10)","('Team Rocket|5|Dark Dragonite|unl|EN', 9)",grade9:10<-9,2.2653952950337737,2.752786094943602,3,1.1954808378871713,2.5389905378638336,9.634932489404841
"('Team Rocket|6|Dark Dugtrio|1st|EN', 8)","('Team Rocket|6|Dark Dugtrio|1st|EN', 9)",grade9:8<-9,-0.6525101858821697,-0.657968319634433,21,15.859055783125703,-0.5773153650348242,0.5207369881609042
"('Team Rocket|6|Dark Dugtrio|1st|EN', 8)","('Team Rocket|6|Dark Dugtrio|1st|EN', 10)",grade10:8<-10,-3.0174329734350773,-3.057186645660832,21,15.859055783125703,-3.218875824868201,0.048926653314495666
"('Team Rocket|6|Dark Dugtrio|1st|EN', 8)","('Team Rocket|6|Dark Dugtrio|unl|EN', 8)",ed_unl:8<-8,0.5330164180272262,0.5156444340660666,21,15.859055783125703,0.3930425881096067,1.7040647355422858
"('Team Rocket|6|Dark Dugtrio|1st|EN', 9)","('Team Rocket|6|Dark Dugtrio|1st|EN', 8)",grade8:9<-8,0.5876605167677178,0.5758482092072033,17,14.47814551202531,0.5773153650348242,1.7997729476794921
"('Team Rocket|6|Dark Dugtrio|1st|EN', 9)","('Team Rocket|6|Dark Dugtrio|1st|EN', 10)",grade10:9<-10,-2.355316181275908,-2.394152286519536,17,14.47814551202531,-2.641560459833377,0.09486350772743211
"('Team Rocket|6|Dark Dugtrio|1st|EN', 9)","('Team Rocket|6|Dark Dugtrio|unl|EN', 9)",ed_unl:9<-9,0.5551527423860184,0.5225904653455773,17,14.47814551202531,0.5225904653455773,1.7422070733173751
"('Team Rocket|6|Dark Dugtrio|1st|EN', 10)","('Team Rocket|6|Dark Dugtrio|1st|EN', 8)",grade8:10<-8,2.8058840873337982,2.839462070685572,7,5.439923461929524,3.3762122245453856,16.541693745307068
"('Team Rocket|6|Dark Dugtrio|1st|EN', 10)","('Team Rocket|6|Dark Dugtrio|1st|EN', 9)",grade9:10<-9,2.301020656848371,2.392228502172024,6,4.9162764005192106,2.430069401914552,9.984367869466526
"('Team Rocket|6|Dark Dugtrio|1st|EN', 10)","('Team Rocket|6|Dark Dugtrio|unl|EN', 10)",ed_unl:10<-10,0.6837151677448129,0.6879709794746178,15,3.5175611947443555,0.6325722000848293,1.9812246581941404
"('Team Rocket|6|Dark Dugtrio|unl|EN', 8)","('Team Rocket|6|Dark Dugtrio|1st|EN', 8)",ed_1st:8<-8,-0.7669625390108652,-0.7947502220801823,12,8.049656380081306,-0.36157530817416994,0.46442159052638493
"('Team Rocket|6|Dark Dugtrio|unl|EN', 8)","('Team Rocket|6|Dark Dugtrio|unl|EN', 9)",grade9:8<-9,-0.6104749036190038,-0.6119924699388948,17,10.170078155479409,-0.44776748779885356,0.5430928910425865
"('Team Rocket|6|Dark Dugtrio|unl|EN', 8)","('Team Rocket|6|Dark Dugtrio|unl|EN', 10)",grade10:8<-10,-2.800173028235636,-2.7561714071836168,11,5.735013070384701,-2.5841961424438065,0.06079954167760975
"('Team Rocket|6|Dark Dugtrio|unl|EN', 9)","('Team Rocket|6|Dark Dugtrio|1st|EN', 9)",ed_1st:9<-9,-0.8059488704222741,-0.8338158121747892,3,2.056877388893882,-0.4629056918588379,0.4466638992549867
"('Team Rocket|6|Dark Dugtrio|unl|EN', 9)","('Team Rocket|6|Dark Dugtrio|unl|EN', 8)",grade8:9<-8,0.5781850288757143,0.5944859783514458,8,3.8952990131165413,0.7478720802491923,1.782799762505117
"('Team Rocket|6|Dark Dugtrio|unl|EN', 9)","('Team Rocket|6|Dark Dugtrio|unl|EN', 10)",grade10:9<-10,-2.278422585424704,-2.2035991009136557,6,2.254879405095767,-2.2703847492680245,0.10244567863463076
"('Team Rocket|6|Dark Dugtrio|unl|EN', 10)","('Team Rocket|6|Dark Dugtrio|1st|EN', 10)",ed_1st:10<-10,-0.719556443790525,-1.0224452134331576,6,0.9383357561783205,-1.0224452134331576,0.4869682058349921
"('Team Rocket|6|Dark Dugtrio|unl|EN', 10)","('Team Rocket|6|Dark Dugtrio|unl|EN', 8)",grade8:10<-8,2.6483094605885498,2.6954217775540306,1,0.5328002508142422,2.6954217775540306,14.130130899401884
"('Team Rocket|6|Dark Dugtrio|unl|EN', 10)","('Team Rocket|6|Dark Dugtrio|unl|EN', 9)",grade9:10<-9,2.095911109029461,2.2034221011734427,2,0.6902903820511014,2.2034221011734427,8.132847506417589
"('Team Rocket|7|Dark Golbat|1st|EN', 8)","('Team Rocket|7|Dark Golbat|1st|EN', 9)",grade9:8<-9,-0.4583790650161068,-0.4225047928211838,19,13.821395797388632,-0.43832159982014307,0.6323077450278288
"('Team Rocket|7|Dark Golbat|1st|EN', 8)","('Team Rocket|7|Dark Golbat|1st|EN', 10)",grade10:8<-10,-2.500554754553914,-2.4339783418152665,19,13.821395797388632,-2.995795609104089,0.08203947422570528
"('Team Rocket|7|Dark Golbat|1st|EN', 8)","('Team Rocket|7|Dark Golbat|unl|EN', 8)",ed_unl:8<-8,0.3923592636941821,0.3418958563851673,19,13.821395797388632,0.45721818794897295,1.4804694948111623
"('Team Rocket|7|Dark Golbat|1st|EN', 9)","('Team Rocket|7|Dark Golbat|1st|EN', 8)",grade8:9<-8,0.5597055485075875,0.5394130806179032,17,12.560582274169262,0.679625971593576,1.7501570880513395
"('Team Rocket|7|Dark Golbat|1st|EN', 9)","('Team Rocket|7|Dark Golbat|1st|EN', 10)",grade10:9<-10,-2.022176488121538,-1.988500864507638,18,12.98103048179612,-2.046651718856845,0.1323670560094279
"('Team Rocket|7|Dark Golbat|1st|EN', 9)","('Team Rocket|7|Dark Golbat|unl|EN', 9)",ed_unl:9<-9,0.5159735275871777,0.4706012414334042,18,12.98103048179612,0.6145944160475629,1.6752686284078582
"('Team Rocket|7|Dark Golbat|1st|EN', 10)","('Team Rocket|7|Dark Golbat|1st|EN', 8)",grade8:10<-8,2.6631930745306187,2.645625550915624,19,13.96960575368027,3.262074258552441,14.342011173429672
"('Team Rocket|7|Dark Golbat|1st|EN', 10)","('Team Rocket|7|Dark Golbat|1st|EN', 9)",grade9:10<-9,2.2738457173222653,2.2951362583025876,28,17.231979181160884,2.557474009283946,9.716696722246954
"('Team Rocket|7|Dark Golbat|1st|EN', 10)","('Team Rocket|7|Dark Golbat|unl|EN', 10)",ed_unl:10<-10,0.7620594018487792,0.9372432594996898,15,1.4270879969031172,1.0231816887124285,2.142684327972905
"('Team Rocket|7|Dark Golbat|unl|EN', 8)","('Team Rocket|7|Dark Golbat|1st|EN', 8)",ed_1st:8<-8,-0.3832492933660005,-0.20342667733808106,7,5.157629541347514,-0.20342667733808106,0.6816429490379599
"('Team Rocket|7|Dark Golbat|unl|EN', 8)","('Team Rocket|7|Dark Golbat|unl|EN', 9)",grade9:8<-9,-0.45452395868620993,-0.3880786260908744,12,6.808891596258299,-0.2809453717215531,0.6347500632916488
"('Team Rocket|7|Dark Golbat|unl|EN', 9)","('Team Rocket|7|Dark Golbat|1st|EN', 9)",ed_1st:9<-9,-0.5159692714126469,-0.35936653574011324,7,5.189053123182666,-0.35866104191036197,0.5969217349542159
"('Team Rocket|7|Dark Golbat|unl|EN', 9)","('Team Rocket|7|Dark Golbat|unl|EN', 8)",grade8:9<-8,0.37684558817975305,0.2823815339239193,9,5.7219780999270835,0.3030852078751485,1.4576792090925892
"('Team Rocket|7|Dark Golbat|unl|EN', 10)","('Team Rocket|7|Dark Golbat|1st|EN', 10)",ed_1st:10<-10,-0.6403371575497376,-0.9349326467883161,2,0.1580251758046355,-0.9349326467883161,0.5271146733880344
"('Team Rocket|83|Dark Raichu|1st|EN', 8)","('Team Rocket|83|Dark Raichu|1st|EN', 9)",grade9:8<-9,-0.8169930892222789,-0.8675005677047238,15,11.483637178023605,-0.9306048993522618,0.44175798627609314
"('Team Rocket|83|Dark Raichu|1st|EN', 8)","('Team Rocket|83|Dark Raichu|1st|EN', 10)",grade10:8<-10,-3.076972790660293,-3.147427398773158,15,11.483637178023605,-3.216786018986789,0.04609859573790523
"('Team Rocket|83|Dark Raichu|1st|EN', 8)","('Team Rocket|83|Dark Raichu|unl|EN', 8)",ed_unl:8<-8,0.670681496716249,0.6826543561188947,15,11.483637178023605,0.7055911029579045,1.9555695808666476
"('Team Rocket|83|Dark Raichu|1st|EN', 9)","('Team Rocket|83|Dark Raichu|1st|EN', 8)",grade8:9<-8,0.7969774254088893,0.8401117569046326,14,10.593195776655996,0.8974476440726757,2.2188242210188305
"('Team Rocket|83|Dark Raichu|1st|EN', 9)","('Team Rocket|83|Dark Raichu|1st|EN', 10)",grade10:9<-10,-2.1999408884594813,-2.209017366079218,14,10.593195776655996,-2.2905292604912892,0.1108097083013056
"('Team Rocket|83|Dark Raichu|1st|EN', 9)","('Team Rocket|83|Dark Raichu|unl|EN', 9)",ed_unl:9<-9,0.978645737964019,1.0540750624461017,14,10.593195776655996,1.0456238545298158,2.6608503122324
"('Team Rocket|83|Dark Raichu|1st|EN', 10)","('Team Rocket|83|Dark Raichu|1st|EN', 8)",grade8:10<-8,3.1335611319386927,3.229025107799451,16,12.210813374822425,2.7725887222397807,22.95558201390021
"('Team Rocket|83|Dark Raichu|1st|EN', 10)","('Team Rocket|83|Dark Raichu|1st|EN', 9)",grade9:10<-9,2.3362116425959343,2.383349258176361,15,11.752311353220092,1.875141078167105,10.341983128301498
"('Team Rocket|83|Dark Raichu|1st|EN', 10)","('Team Rocket|83|Dark Raichu|unl|EN', 10)",ed_unl:10<-10,0.27277394391724613,0.14422954462749438,30,9.474186351321599,-0.04914184835304525,1.313603263250775
"('Team Rocket|83|Dark Raichu|unl|EN', 8)","('Team Rocket|83|Dark Raichu|1st|EN', 8)",ed_1st:8<-8,-0.6641869489952757,-0.6557102517369424,13,9.985666251906013,-0.4816120806880333,0.5146918283418697
"('Team Rocket|83|Dark Raichu|unl|EN', 8)","('Team Rocket|83|Dark Raichu|unl|EN', 9)",grade9:8<-9,-0.49112254691823787,-0.45681103545975255,13,9.985666251906013,-0.5826566525140278,0.6119390781580114
"('Team Rocket|83|Dark Raichu|unl|EN', 8)","('Team Rocket|83|Dark Raichu|unl|EN', 10)",grade10:8<-10,-3.4604561755566037,-3.673482781329411,11,8.114007937369555,-3.724828708680999,0.031415427798893905
"('Team Rocket|83|Dark Raichu|unl|EN', 9)","('Team Rocket|83|Dark Raichu|1st|EN', 9)",ed_1st:9<-9,-0.9562760266318602,-1.0048550289327531,15,10.463375675539227,-0.7652504744612898,0.38432142715908135
"('Team Rocket|83|Dark Raichu|unl|EN', 9)","('Team Rocket|83|Dark Raichu|unl|EN', 8)",grade8:9<-8,0.482206301456881,0.46246739358779543,17,11.37039147957774,0.6138092502994192,1.6196438857312943
"('Team Rocket|83|Dark Raichu|unl|EN', 9)","('Team Rocket|83|Dark Raichu|unl|EN', 10)",grade10:9<-10,-2.974287854946163,-3.175322743637655,15,9.544999312371202,-3.2680176732212463,0.051083800129232644
"('Team Rocket|83|Dark Raichu|unl|EN', 10)","('Team Rocket|83|Dark Raichu|1st|EN', 10)",ed_1st:10<-10,-0.46912579572564944,-0.026132745438106397,4,1.0543745126270214,-0.026132745438106397,0.6255488868304357
"('Team Rocket|83|Dark Raichu|unl|EN', 10)","('Team Rocket|83|Dark Raichu|unl|EN', 8)",grade8:10<-8,2.870024447957759,3.9102166044130486,1,0.6635758711692841,3.9102166044130486,17.63744939418415
"('Team Rocket|83|Dark Raichu|unl|EN', 10)","('Team Rocket|83|Dark Raichu|unl|EN', 9)",grade9:10<-9,2.282551471837153,3.238184308738579,1,0.6635758711692841,3.238184308738579,9.801657184473676
"('Team Rocket|8|Dark Gyarados|1st|EN', 8)","('Team Rocket|8|Dark Gyarados|1st|EN', 9)",grade9:8<-9,-0.6236877398714981,-0.6236986987410837,13,8.532779422023982,-0.7520981033270875,0.5359642918188403
"('Team Rocket|8|Dark Gyarados|1st|EN', 8)","('Team Rocket|8|Dark Gyarados|1st|EN', 10)",grade10:8<-10,-2.7300901077214887,-2.7094016516635104,19,11.19333850140718,-3.0519755981944137,0.06521341317130126
"('Team Rocket|8|Dark Gyarados|1st|EN', 8)","('Team Rocket|8|Dark Gyarados|unl|EN', 8)",ed_unl:8<-8,0.8276331860780075,0.881982211739321,19,11.19333850140718,1.0359784004015662,2.2878972998433142
"('Team Rocket|8|Dark Gyarados|1st|EN', 9)","('Team Rocket|8|Dark Gyarados|1st|EN', 8)",grade8:9<-8,0.6709188960452386,0.6782704697203794,14,10.712649239297129,0.7691931324965475,1.9560338868837257
"('Team Rocket|8|Dark Gyarados|1st|EN', 9)","('Team Rocket|8|Dark Gyarados|1st|EN', 10)",grade10:9<-10,-2.0444768038070613,-2.0099154790312257,14,10.712649239297129,-2.260566194351603,0.1294478989111926
"('Team Rocket|8|Dark Gyarados|1st|EN', 9)","('Team Rocket|8|Dark Gyarados|unl|EN', 9)",ed_unl:9<-9,0.9995160862272969,1.079948911673375,14,10.712649239297129,0.7884573603642702,2.716966732666312
"('Team Rocket|8|Dark Gyarados|1st|EN', 10)","('Team Rocket|8|Dark Gyarados|1st|EN', 8)",grade8:10<-8,3.016058751869471,3.0519755981944137,39,22.640786601630943,3.2342971549883686,20.410689360365435
"('Team Rocket|8|Dark Gyarados|1st|EN', 10)","('Team Rocket|8|Dark Gyarados|1st|EN', 9)",grade9:10<-9,2.2049336717010495,2.2159640011759763,17,14.518335325245042,2.465104022491821,9.06964997345045
"('Team Rocket|8|Dark Gyarados|1st|EN', 10)","('Team Rocket|8|Dark Gyarados|unl|EN', 10)",ed_unl:10<-10,0.9037621986005052,0.9305459613877307,82,25.205986780990006,1.1804091855474175,2.4688740551706565
"('Team Rocket|8|Dark Gyarados|unl|EN', 8)","('Team Rocket|8|Dark Gyarados|1st|EN', 8)",ed_1st:8<-8,-0.977506500415638,-1.0496682665092987,19,11.852719671671986,-1.0496682665092987,0.3762481046466833
"('Team Rocket|8|Dark Gyarados|unl|EN', 8)","('Team Rocket|8|Dark Gyarados|unl|EN', 9)",grade9:8<-9,-0.539439256347833,-0.5227618034754311,19,11.852719671671986,-1.030404038641576,0.5830751163922168
"('Team Rocket|8|Dark Gyarados|unl|EN', 8)","('Team Rocket|8|Dark Gyarados|unl|EN', 10)",grade10:8<-10,-2.917713522666689,-2.9261733204362566,19,11.852719671671986,-3.1035562359502498,0.05405714654346379
"('Team Rocket|8|Dark Gyarados|unl|EN', 9)","('Team Rocket|8|Dark Gyarados|1st|EN', 9)",ed_1st:9<-9,-0.9371995234982986,-1.0104779469338565,9,6.155575140247416,-0.7827590173077832,0.39172331264559807
"('Team Rocket|8|Dark Gyarados|unl|EN', 9)","('Team Rocket|8|Dark Gyarados|unl|EN', 8)",grade8:9<-8,0.5600157082473594,0.5613155051777596,11,6.915780696486525,1.0197563650022285,1.7507000005087705
"('Team Rocket|8|Dark Gyarados|unl|EN', 9)","('Team Rocket|8|Dark Gyarados|unl|EN', 10)",grade10:9<-10,-2.4114253929989755,-2.4405473850974433,14,7.907786242874087,-2.0731521973086737,0.08968736367772438
"('Team Rocket|8|Dark Gyarados|unl|EN', 10)","('Team Rocket|8|Dark Gyarados|1st|EN', 10)",ed_1st:10<-10,-0.8518251410857173,-0.9906822049713737,17,4.904449478687735,-0.9906822049713737,0.4266355508523605
"('Team Rocket|8|Dark Gyarados|unl|EN', 10)","('Team Rocket|8|Dark Gyarados|unl|EN', 8)",grade8:10<-8,2.769047065809125,2.8704220825885445,6,3.820608689023689,3.0913874660767098,15.943433725392053
"('Team Rocket|8|Dark Gyarados|unl|EN', 10)","('Team Rocket|8|Dark Gyarados|unl|EN', 9)",grade9:10<-9,2.157014167514566,2.211613314788319,9,4.716611744976328,2.1442719727714135,8.64528570796022
"('Team Rocket|9|Dark Hypno|1st|EN', 8)","('Team Rocket|9|Dark Hypno|1st|EN', 9)",grade9:8<-9,-0.5022524090979981,-0.4754346626630044,19,13.58102492267438,-0.8054089103221527,0.605166041952143
"('Team Rocket|9|Dark Hypno|1st|EN', 8)","('Team Rocket|9|Dark Hypno|1st|EN', 10)",grade10:8<-10,-2.563192327705477,-2.5092739941521742,19,13.58102492267438,-2.999303861478885,0.07705835186440582
"('Team Rocket|9|Dark Hypno|1st|EN', 8)","('Team Rocket|9|Dark Hypno|unl|EN', 8)",ed_unl:8<-8,0.5635806936357002,0.5500463369192721,19,13.58102492267438,0.4238724269020464,1.7569523585907252
"('Team Rocket|9|Dark Hypno|1st|EN', 9)","('Team Rocket|9|Dark Hypno|1st|EN', 8)",grade8:9<-8,0.6453663493545151,0.6454920906577826,21,16.678609271325325,0.7537564020842877,1.9066854143084533
"('Team Rocket|9|Dark Hypno|1st|EN', 9)","('Team Rocket|9|Dark Hypno|1st|EN', 10)",grade10:9<-10,-2.090574027886903,-2.0766668924923346,21,16.678609271325325,-2.4126487001365327,0.1236161563262971
"('Team Rocket|9|Dark Hypno|1st|EN', 9)","('Team Rocket|9|Dark Hypno|unl|EN', 9)",ed_unl:9<-9,0.6379806308070345,0.6246127464526321,21,16.678609271325325,0.7041837489293234,1.8926550484248408
"('Team Rocket|9|Dark Hypno|1st|EN', 10)","('Team Rocket|9|Dark Hypno|1st|EN', 8)",grade8:10<-8,2.842555848014656,2.8546229247319985,32,24.254170942788527,3.3295455483494623,17.15956678333358
"('Team Rocket|9|Dark Hypno|1st|EN', 10)","('Team Rocket|9|Dark Hypno|1st|EN', 9)",grade9:10<-9,2.2401589503628148,2.251975092107627,28,22.496163620152295,2.5757891462651745,9.394824479527529
"('Team Rocket|9|Dark Hypno|1st|EN', 10)","('Team Rocket|9|Dark Hypno|unl|EN', 10)",ed_unl:10<-10,0.9901807554289165,1.0383374893183435,90,19.402620688326103,1.3127739138712764,2.6917209715579884
"('Team Rocket|9|Dark Hypno|unl|EN', 8)","('Team Rocket|9|Dark Hypno|1st|EN', 8)",ed_1st:8<-8,-0.5335255731363234,-0.47098764300761164,12,7.621448236870808,-0.6072866743755414,0.5865334535957641
"('Team Rocket|9|Dark Hypno|unl|EN', 8)","('Team Rocket|9|Dark Hypno|unl|EN', 9)",grade9:8<-9,-0.5303708086693578,-0.5056308068888864,16,9.08967261865894,-0.5054855460932801,0.5883867503140878
"('Team Rocket|9|Dark Hypno|unl|EN', 8)","('Team Rocket|9|Dark Hypno|unl|EN', 10)",grade10:8<-10,-2.324704716906803,-2.126376118509919,16,8.464512024022453,-2.1156054714575845,0.0978123221125648
"('Team Rocket|9|Dark Hypno|unl|EN', 9)","('Team Rocket|9|Dark Hypno|1st|EN', 9)",ed_1st:9<-9,-0.609161619730632,-0.5597277659715445,15,10.78295194795665,-0.7202039819474582,0.543806594731482
"('Team Rocket|9|Dark Hypno|unl|EN', 9)","('Team Rocket|9|Dark Hypno|unl|EN', 8)",grade8:9<-8,0.5470612837155436,0.5446764857370319,19,12.5269156314352,0.457424847038876,1.7281669559055521
"('Team Rocket|9|Dark Hypno|unl|EN', 9)","('Team Rocket|9|Dark Hypno|unl|EN', 10)",grade10:9<-10,-1.7233410077865468,-1.534882361668064,16,9.731379827503064,-1.4016924412310123,0.17846888480293285
"('Team Rocket|9|Dark Hypno|unl|EN', 10)","('Team Rocket|9|Dark Hypno|1st|EN', 10)",ed_1st:10<-10,-0.782683042777777,-1.0301043832430397,16,1.9141079697156849,-1.0301043832430397,0.45717773686057384
"('Team Rocket|9|Dark Hypno|unl|EN', 10)","('Team Rocket|9|Dark Hypno|unl|EN', 8)",grade8:10<-8,2.3853126667212767,1.764079106820792,3,1.229632422672942,1.764079106820792,10.862458463289002
"('Team Rocket|9|Dark Hypno|unl|EN', 10)","('Team Rocket|9|Dark Hypno|unl|EN', 9)",grade9:10<-9,1.85088748904847,1.1701643390406327,2,0.9708161917125977,1.1701643390406327,6.365466298133473
"('Neo Genesis|17|Typhlosion|1st|EN', 9)","('Neo Genesis|17|Typhlosion|1st|EN', 10)",grade10:9<-10,-2.546867035759952,,0,0.0,,0.07832667667296697
"('Team Rocket|14|Dark Weezing|unl|EN', 10)","('Team Rocket|14|Dark Weezing|unl|EN', 8)",grade8:10<-8,2.6399423091566674,,0,0.0,,14.012395197518849
"('Neo Genesis|6|Heracross|1st|EN', 10)","('Neo Genesis|6|Heracross|unl|EN', 10)",ed_unl:10<-10,0.6950637451563075,,0,0.0,,2.0038368047603554
"('Neo Genesis|17|Typhlosion|1st|EN', 8)","('Neo Genesis|17|Typhlosion|1st|EN', 10)",grade10:8<-10,-3.6361172302655076,,0,0.0,,0.026354473917532036
"('Neo Genesis|5|Feraligatr|unl|EN', 10)","('Neo Genesis|5|Feraligatr|unl|EN', 8)",grade8:10<-8,3.314714216538496,,0,0.0,,27.514529663346654
"('Neo Genesis|5|Feraligatr|unl|EN', 10)","('Neo Genesis|5|Feraligatr|unl|EN', 9)",grade9:10<-9,2.69544768273333,,0,0.0,,14.812148412272768
"('Team Rocket|7|Dark Golbat|unl|EN', 9)","('Team Rocket|7|Dark Golbat|unl|EN', 10)",grade10:9<-10,-2.334661896838526,,0,0.0,,0.09684321999067441
"('Team Rocket|4|Dark Charizard|unl|EN', 10)","('Team Rocket|4|Dark Charizard|unl|EN', 8)",grade8:10<-8,2.6399423091566674,,0,0.0,,14.012395197518849
"('Team Rocket|4|Dark Charizard|unl|EN', 10)","('Team Rocket|4|Dark Charizard|unl|EN', 9)",grade9:10<-9,2.0711731744155406,,0,0.0,,7.93412577333077
"('Neo Genesis|10|Meganium|1st|EN', 10)","('Neo Genesis|10|Meganium|unl|EN', 10)",ed_unl:10<-10,0.6950637451563075,,0,0.0,,2.0038368047603554
"('Team Rocket|7|Dark Golbat|unl|EN', 8)","('Team Rocket|7|Dark Golbat|unl|EN', 10)",grade10:8<-10,-2.8842896521861183,,0,0.0,,0.055894479959460334
"('Team Rocket|4|Dark Charizard|unl|EN', 9)","('Team Rocket|4|Dark Charizard|unl|EN', 10)",grade10:9<-10,-2.334661896838526,,0,0.0,,0.09684321999067441
"('Team Rocket|2|Dark Arbok|unl|EN', 10)","('Team Rocket|2|Dark Arbok|unl|EN', 8)",grade8:10<-8,2.6399423091566674,,0,0.0,,14.012395197518849
"('Neo Genesis|10|Meganium|unl|EN', 9)","('Neo Genesis|10|Meganium|unl|EN', 10)",grade10:9<-10,-2.7544795541578284,,0,0.0,,0.06364213333477048
"('Team Rocket|4|Dark Charizard|unl|EN', 8)","('Team Rocket|4|Dark Charizard|unl|EN', 10)",grade10:8<-10,-2.8842896521861183,,0,0.0,,0.055894479959460334
"('Neo Genesis|7|Jumpluff|unl|EN', 9)","('Neo Genesis|7|Jumpluff|unl|EN', 10)",grade10:9<-10,-2.7544795541578284,,0,0.0,,0.06364213333477048
"('Team Rocket|3|Dark Blastoise|unl|EN', 10)","('Team Rocket|3|Dark Blastoise|unl|EN', 8)",grade8:10<-8,2.6399423091566674,,0,0.0,,14.012395197518849
"('Team Rocket|3|Dark Blastoise|unl|EN', 10)","('Team Rocket|3|Dark Blastoise|unl|EN', 9)",grade9:10<-9,2.0711731744155406,,0,0.0,,7.93412577333077
"('Neo Genesis|10|Meganium|unl|EN', 8)","('Neo Genesis|10|Meganium|unl|EN', 10)",grade10:8<-10,-3.378677509606146,,0,0.0,,0.034092511953723745
"('Neo Genesis|14|Slowking|unl|EN', 10)","('Neo Genesis|14|Slowking|unl|EN', 8)",grade8:10<-8,3.314714216538496,,0,0.0,,27.514529663346654
"('Neo Genesis|14|Slowking|unl|EN', 10)","('Neo Genesis|14|Slowking|unl|EN', 9)",grade9:10<-9,2.69544768273333,,0,0.0,,14.812148412272768
"('Neo Revelation|11|Misdreavus|unl|EN', 10)","('Neo Revelation|11|Misdreavus|unl|EN', 8)",grade8:10<-8,3.200980774087147,,0,0.0,,24.556602870016068
"('Neo Genesis|7|Jumpluff|unl|EN', 8)","('Neo Genesis|7|Jumpluff|unl|EN', 10)",grade10:8<-10,-3.378677509606146,,0,0.0,,0.034092511953723745
"('Neo Genesis|14|Slowking|unl|EN', 9)","('Neo Genesis|14|Slowking|unl|EN', 10)",grade10:9<-10,-2.7544795541578284,,0,0.0,,0.06364213333477048
"('Neo Revelation|10|Magneton|unl|EN', 8)","('Neo Revelation|10|Magneton|unl|EN', 10)",grade10:8<-10,-3.387994108484473,,0,0.0,,0.03377636070906011
"('Neo Revelation|10|Magneton|1st|EN', 8)","('Neo Revelation|10|Magneton|1st|EN', 10)",grade10:8<-10,-3.3947290186121735,,0,0.0,,0.033549644269634665
"('Neo Genesis|5|Feraligatr|unl|EN', 9)","('Neo Genesis|5|Feraligatr|unl|EN', 10)",grade10:9<-10,-2.7544795541578284,,0,0.0,,0.06364213333477048
"('Team Rocket|14|Dark Weezing|unl|EN', 8)","('Team Rocket|14|Dark Weezing|unl|EN', 10)",grade10:8<-10,-2.8842896521861183,,0,0.0,,0.055894479959460334
"('Neo Genesis|5|Feraligatr|1st|EN', 10)","('Neo Genesis|5|Feraligatr|1st|EN', 8)",grade8:10<-8,2.9193702422190255,,0,0.0,,18.5296146156178
"('Neo Genesis|5|Feraligatr|1st|EN', 10)","('Neo Genesis|5|Feraligatr|1st|EN', 9)",grade9:10<-9,2.4083007197932607,,0,0.0,,11.115057491120158
"('Neo Revelation|2|Blissey|1st|EN', 10)","('Neo Revelation|2|Blissey|unl|EN', 10)",ed_unl:10<-10,0.7716418833631942,,0,0.0,,2.1633152507876834
"('Neo Genesis|5|Feraligatr|unl|EN', 8)","('Neo Genesis|5|Feraligatr|unl|EN', 10)",grade10:8<-10,-3.378677509606146,,0,0.0,,0.034092511953723745
"('Team Rocket|11|Dark Magneton|unl|EN', 10)","('Team Rocket|11|Dark Magneton|unl|EN', 8)",grade8:10<-8,2.6399423091566674,,0,0.0,,14.012395197518849
"('Team Rocket|11|Dark Magneton|unl|EN', 10)","('Team Rocket|11|Dark Magneton|unl|EN', 9)",grade9:10<-9,2.0711731744155406,,0,0.0,,7.93412577333077
"('Team Rocket|11|Dark Magneton|unl|EN', 10)","('Team Rocket|11|Dark Magneton|1st|EN', 10)",ed_1st:10<-10,-0.6248193228903447,,0,0.0,,0.5353581467439266
"('Neo Genesis|17|Typhlosion|1st|EN', 10)","('Neo Genesis|17|Typhlosion|1st|EN', 8)",grade8:10<-8,2.9193702422190255,,0,0.0,,18.5296146156178
"('Neo Genesis|17|Typhlosion|1st|EN', 10)","('Neo Genesis|17|Typhlosion|1st|EN', 9)",grade9:10<-9,2.4083007197932607,,0,0.0,,11.115057491120158
"('Neo Genesis|5|Feraligatr|1st|EN', 9)","('Neo Genesis|5|Feraligatr|1st|EN', 10)",grade10:9<-10,-2.546867035759952,,0,0.0,,0.07832667667296697
"('Neo Revelation|1|Ampharos|unl|EN', 10)","('Neo Revelation|1|Ampharos|unl|EN', 8)",grade8:10<-8,3.200980774087147,,0,0.0,,24.556602870016068
"('Neo Revelation|1|Ampharos|unl|EN', 10)","('Neo Revelation|1|Ampharos|unl|EN', 9)",grade9:10<-9,2.657854602556917,,0,0.0,,14.26565075406449
"('Neo Revelation|1|Ampharos|unl|EN', 10)","('Neo Revelation|1|Ampharos|1st|EN', 10)",ed_1st:10<-10,-0.7954927232983686,,0,0.0,,0.4513587851346369
"('Neo Genesis|5|Feraligatr|1st|EN', 8)","('Neo Genesis|5|Feraligatr|1st|EN', 10)",grade10:8<-10,-3.6361172302655076,,0,0.0,,0.026354473917532036
"('Team Rocket|2|Dark Arbok|unl|EN', 8)","('Team Rocket|2|Dark Arbok|unl|EN', 10)",grade10:8<-10,-2.8842896521861183,,0,0.0,,0.055894479959460334
"('Team Rocket|3|Dark Blastoise|unl|EN', 9)","('Team Rocket|3|Dark Blastoise|unl|EN', 10)",grade10:9<-10,-2.334661896838526,,0,0.0,,0.09684321999067441
"('Team Rocket|7|Dark Golbat|unl|EN', 10)","('Team Rocket|7|Dark Golbat|unl|EN', 8)",grade8:10<-8,2.6399423091566674,,0,0.0,,14.012395197518849
"('Team Rocket|7|Dark Golbat|unl|EN', 10)","('Team Rocket|7|Dark Golbat|unl|EN', 9)",grade9:10<-9,2.0711731744155406,,0,0.0,,7.93412577333077
"('Team Rocket|3|Dark Blastoise|unl|EN', 8)","('Team Rocket|3|Dark Blastoise|unl|EN', 10)",grade10:8<-10,-2.8842896521861183,,0,0.0,,0.055894479959460334
"('Neo Genesis|17|Typhlosion|unl|EN', 10)","('Neo Genesis|17|Typhlosion|unl|EN', 8)",grade8:10<-8,3.314714216538496,,0,0.0,,27.514529663346654
"('Neo Genesis|17|Typhlosion|unl|EN', 10)","('Neo Genesis|17|Typhlosion|unl|EN', 9)",grade9:10<-9,2.69544768273333,,0,0.0,,14.812148412272768
"('Neo Genesis|17|Typhlosion|unl|EN', 10)","('Neo Genesis|17|Typhlosion|1st|EN', 10)",ed_1st:10<-10,-0.7555674352682727,,0,0.0,,0.4697439897846302
"('Neo Genesis|14|Slowking|unl|EN', 8)","('Neo Genesis|14|Slowking|unl|EN', 10)",grade10:8<-10,-3.378677509606146,,0,0.0,,0.034092511953723745
"('Neo Revelation|11|Misdreavus|unl|EN', 8)","('Neo Revelation|11|Misdreavus|unl|EN', 10)",grade10:8<-10,-3.387994108484473,,0,0.0,,0.03377636070906011
"('Neo Genesis|10|Meganium|unl|EN', 10)","('Neo Genesis|10|Meganium|unl|EN', 8)",grade8:10<-8,3.314714216538496,,0,0.0,,27.514529663346654
"('Neo Genesis|10|Meganium|unl|EN', 10)","('Neo Genesis|10|Meganium|unl|EN', 9)",grade9:10<-9,2.69544768273333,,0,0.0,,14.812148412272768
"('Neo Genesis|10|Meganium|unl|EN', 10)","('Neo Genesis|10|Meganium|1st|EN', 10)",ed_1st:10<-10,-0.7555674352682727,,0,0.0,,0.4697439897846302
"('Neo Genesis|7|Jumpluff|unl|EN', 10)","('Neo Genesis|7|Jumpluff|unl|EN', 8)",grade8:10<-8,3.314714216538496,,0,0.0,,27.514529663346654
"('Neo Genesis|7|Jumpluff|unl|EN', 10)","('Neo Genesis|7|Jumpluff|unl|EN', 9)",grade9:10<-9,2.69544768273333,,0,0.0,,14.812148412272768
"('Neo Revelation|2|Blissey|unl|EN', 10)","('Neo Revelation|2|Blissey|1st|EN', 10)",ed_1st:10<-10,-0.7954927232983686,,0,0.0,,0.4513587851346369
"('Neo Revelation|10|Magneton|unl|EN', 10)","('Neo Revelation|10|Magneton|unl|EN', 8)",grade8:10<-8,3.200980774087147,,0,0.0,,24.556602870016068
"('Neo Revelation|10|Magneton|1st|EN', 10)","('Neo Revelation|10|Magneton|1st|EN', 8)",grade8:10<-8,3.027985861205449,,0,0.0,,20.65558744392159
