set,card_name,card_number,edition,grade,sale_date,price,currency,venue,sale_type,best_offer,accepted_price,cert_number,listing_title,listing_url,source
Neo Genesis,Ampharos,1/111,1st Edition,PSA 8,2026-09-23,189.99,USD,eBay,unknown,FALSE,,,Ampharos - Pokemon 2000 Neo Genesis 1/111 1st Edition Holo PSA 8 1/111,https://www.ebay.es/itm/117416309769,PriceCharting
Neo Genesis,Ampharos,1/111,1st Edition,PSA 8,2026-09-06,200.00,USD,eBay,unknown,FALSE,,,Pokemon Ampharos Holo Neo Genesis 1st Edition 1/111 PSA 8 1/111,https://www.ebay.es/itm/287552954361,PriceCharting
Neo Genesis,Ampharos,1/111,1st Edition,PSA 8,2026-09-04,142.50,USD,eBay,unknown,FALSE,,,AMPHAROS 2000 POKEMON NEO GENESIS 1ST EDITION 1/111 RARE HOLO PSA 8 Q5677 1/111,https://www.ebay.es/itm/278317133418,PriceCharting
Neo Genesis,Ampharos,1/111,1st Edition,PSA 8,2026-08-29,175.00,USD,eBay,unknown,FALSE,,,Ampharos - Pokemon 2000 Neo Genesis 1/111 1st Edition Holo PSA 8 1/111,https://www.ebay.es/itm/298547369905,PriceCharting
Neo Genesis,Ampharos,1/111,1st Edition,PSA 8,2026-08-16,167.50,USD,eBay,unknown,FALSE,,,Pokemon Ampharos Holo Neo Genesis 1st Edition 1/111 PSA 8 1/111,https://www.ebay.es/itm/287511106810,PriceCharting
Neo Genesis,Ampharos,1/111,1st Edition,PSA 8,2026-08-14,179.46,USD,eBay,unknown,FALSE,,,Ampharos #1 Neo Genesis - 1st Edition Holo Pokemon - PSA 8 NM-MT w/ Swirl! 🍥 #1,https://www.ebay.es/itm/318678354131,PriceCharting
Neo Genesis,Ampharos,1/111,1st Edition,PSA 8,2026-07-26,165.00,USD,eBay,best offer,TRUE,,,2000 Pokemon 1st Edition Neo Genesis Ampharos | PSA 8 1/111,https://www.ebay.es/itm/307086269699,PriceCharting
Neo Genesis,Ampharos,1/111,1st Edition,PSA 8,2026-07-21,165.00,USD,eBay,best offer,TRUE,,,2000 POKÉMON NEO GENESIS AMPHAROS-HOLO 1ST EDITION - NM-MT PSA 8 1/111,https://www.ebay.es/itm/800368261942,PriceCharting
Neo Genesis,Ampharos,1/111,1st Edition,PSA 8,2026-07-16,165.00,USD,eBay,best offer,TRUE,,,2000 POKEMON NEO GENESIS 1ST EDITION 1 AMPHAROS-HOLO PSA 8 NM-MT 1/111,https://www.ebay.es/itm/398178671919,PriceCharting
Neo Genesis,Ampharos,1/111,1st Edition,PSA 8,2026-07-03,161.00,USD,eBay,unknown,FALSE,,,2000 POKEMON NEO GENESIS 1ST EDITION #1 AMPHAROS-HOLO PSA 8 #1,https://www.ebay.es/itm/298476428264,PriceCharting
Neo Genesis,Ampharos,1/111,1st Edition,PSA 8,2026-06-20,162.50,USD,eBay,unknown,FALSE,,,Pokemon Ampharos 1/111 1st Edition (First) Neo Genesis Holo PSA 8 1/111,https://www.ebay.es/itm/358672816057,PriceCharting
Neo Genesis,Ampharos,1/111,1st Edition,PSA 8,2026-06-13,154.26,USD,eBay,best offer,TRUE,,,Pokémon TCG Ampharos Neo Genesis Holo Card 1/111 1st Edition PSA 8 1/111,https://www.ebay.es/itm/137368939962,PriceCharting
Neo Genesis,Ampharos,1/111,1st Edition,PSA 8,2026-06-06,190.00,USD,eBay,unknown,FALSE,,,Ampharos - Holo Neo Genesis 1st Edition PSA 8 Pokemon TCG #1,https://www.ebay.es/itm/127895857472,PriceCharting
Neo Genesis,Ampharos,1/111,1st Edition,PSA 8,2026-05-29,195.00,USD,eBay,unknown,FALSE,,,2000 POKEMON NEO GENESIS 1ST EDITION #1 AMPHAROS-HOLO PSA 8 #1,https://www.ebay.es/itm/298328034921,PriceCharting
Neo Genesis,Ampharos,1/111,1st Edition,PSA 8,2026-05-29,150.00,USD,eBay,unknown,FALSE,,,2000 POKEMON NEO GENESIS 1ST EDITION #1 AMPHAROS-HOLO PSA 8 #1,https://www.ebay.es/itm/298295516978,PriceCharting
Neo Genesis,Ampharos,1/111,1st Edition,PSA 8,2026-05-18,132.50,USD,eBay,unknown,FALSE,,,Pokemon 2000 Ampharos 1/111 Holo 1st Edition Neo Genesis PSA 8 1/111,https://www.ebay.es/itm/406911757602,PriceCharting
Neo Genesis,Ampharos,1/111,1st Edition,PSA 8,2026-04-30,140.00,USD,eBay,unknown,FALSE,,,2000 POKEMON NEO GENESIS 1ST EDITION #1 AMPHAROS HOLO PSA 8 NM-MT #1,https://www.ebay.es/itm/397803941183,PriceCharting
Neo Genesis,Ampharos,1/111,1st Edition,PSA 8,2026-04-26,157.50,USD,eBay,unknown,FALSE,,,Pokemon Ampharos Neo Genesis 1st Edition Holo Rare #1 PSA 8,https://www.ebay.es/itm/287278079997,PriceCharting
Neo Genesis,Ampharos,1/111,1st Edition,PSA 8,2026-04-13,170.00,USD,eBay,unknown,FALSE,,,2000 Pokémon Neo Genesis Ampharos Holo 1st Edition #1 PSA 8 NM-MT #1,https://www.ebay.es/itm/377101436640,PriceCharting
Neo Genesis,Ampharos,1/111,1st Edition,PSA 8,2026-04-01,141.50,USD,eBay,unknown,FALSE,,,2000 POKEMON NEO GENESIS 1ST ED #1 AMPHAROS-HOLO PSA 8 #1,https://www.ebay.es/itm/298154194922,PriceCharting
Neo Genesis,Ampharos,1/111,1st Edition,PSA 8,2026-03-30,169.00,USD,eBay,unknown,FALSE,,,2000 POKEMON NEO GENESIS 1ST EDITION #1 AMPHAROS HOLO PSA 8 NM-MT #1,https://www.ebay.es/itm/198225053920,PriceCharting
Neo Genesis,Ampharos,1/111,1st Edition,PSA 8,2026-03-28,169.99,USD,eBay,unknown,FALSE,,,2000 POKEMON NEO GENESIS 1ST ED #1 AMPHAROS-HOLO PSA 8 #1,https://www.ebay.es/itm/117044601250,PriceCharting
Neo Genesis,Ampharos,1/111,1st Edition,PSA 9,2026-09-26,399.99,USD,eBay,unknown,FALSE,,,2000 Pokemon Neo Genesis Ampharos #1 AMPHAROS-1st Edition HOLO PSA 9 ⚡️ 1/111,https://www.ebay.es/itm/168147993260,PriceCharting
Neo Genesis,Ampharos,1/111,1st Edition,PSA 9,2026-09-26,350.00,USD,eBay,best offer,TRUE,,,2000 Pokemon Neo Genesis 1st Edition Ampharos Holo PSA 9 #1/111 1/111,https://www.ebay.es/itm/178357338482,PriceCharting
Neo Genesis,Ampharos,1/111,1st Edition,PSA 9,2026-09-26,425.00,USD,eBay,unknown,FALSE,,,Ampharos 1st Ed. Swirl🍭 1/111 Neo Genesis Holo PSA 9 Mint Pokémon New Cert🔥 1/111,https://www.ebay.es/itm/206357045994,PriceCharting
Neo Genesis,Ampharos,1/111,1st Edition,PSA 9,2026-09-22,373.75,USD,eBay,unknown,FALSE,,,2000 Pokemon Neo Genesis 1st Edition Ampharos-Holo 1st Edition PSA 9 #1,https://www.ebay.es/itm/188675686069,PriceCharting
Neo Genesis,Ampharos,1/111,1st Edition,PSA 9,2026-09-22,499.99,USD,eBay,unknown,FALSE,,,Pokemon Ampharos Holo Neo Genesis 1st Edition 1/111 PSA 9 Mint 1/111,https://www.ebay.es/itm/287491018714,PriceCharting
Neo Genesis,Ampharos,1/111,1st Edition,PSA 9,2026-09-22,320.00,USD,eBay,best offer,TRUE,,,PSA 9 2000 Pokemon Neo Genesis Ampharos Holo 1st Edition 1/111 Graded 1/111,https://www.ebay.es/itm/198573335255,PriceCharting
Neo Genesis,Ampharos,1/111,1st Edition,PSA 9,2026-09-17,378.03,USD,eBay,unknown,FALSE,,,Pokemon 1st Edition Neo Genesis Ampharos 1/111 Holo PSA 9 Mint SWIRL 🌀 1/111,https://www.ebay.es/itm/307165627944,PriceCharting
Neo Genesis,Ampharos,1/111,1st Edition,PSA 9,2026-09-13,295.00,USD,eBay,unknown,FALSE,,,Pokemon Ampharos Holo Neo Genesis 1st Edition 1/111 PSA 9 Mint 1/111,https://www.ebay.es/itm/287565393304,PriceCharting
Neo Genesis,Ampharos,1/111,1st Edition,PSA 9,2026-09-12,395.73,USD,eBay,unknown,FALSE,,,2000 POKEMON NEO GENESIS 1ST EDITION #1 AMPHAROS-HOLO 1ST EDITION PSA 9 #1,https://www.ebay.es/itm/307158156971,PriceCharting
Neo Genesis,Ampharos,1/111,1st Edition,PSA 9,2026-09-04,379.99,USD,eBay,unknown,FALSE,,,2000 POKEMON NEO GENESIS 1ST EDITION 1 AMPHAROS-HOLO PSA 9 1/111,https://www.ebay.es/itm/198566170095,PriceCharting
Neo Genesis,Ampharos,1/111,1st Edition,PSA 9,2026-08-30,289.99,USD,eBay,unknown,FALSE,,,2000 POKEMON NEO GENESIS 1ST ED #1 AMPHAROS-HOLO PSA 9 Face Swirl #1,https://www.ebay.es/itm/206466147626,PriceCharting
Neo Genesis,Ampharos,1/111,1st Edition,PSA 9,2026-08-17,280.00,USD,eBay,unknown,FALSE,,,Pokemon Ampharos Holo Neo Genesis 1st Edition 1/111 PSA 9 Mint 1/111,https://www.ebay.es/itm/287511104904,PriceCharting
Neo Genesis,Ampharos,1/111,1st Edition,PSA 9,2026-08-08,296.79,USD,eBay,unknown,FALSE,,,2000 Pokemon Neo Genesis Ampharos 1/111 1st Edition Holo PSA 9 Mint 1/111,https://www.ebay.es/itm/298553230690,PriceCharting
Neo Genesis,Ampharos,1/111,1st Edition,PSA 9,2026-08-04,399.99,USD,eBay,unknown,FALSE,,,2000 POKEMON NEO GENESIS 1ST ED #1 AMPHAROS-HOLO PSA 9 #1,https://www.ebay.es/itm/306866325548,PriceCharting
Neo Genesis,Ampharos,1/111,1st Edition,PSA 9,2026-07-25,370.00,USD,eBay,best offer,TRUE,,,2000 POKEMON NEO GENESIS 1ST EDITION #1 AMPHAROS-HOLO PSA 9 #1,https://www.ebay.es/itm/307066295452,PriceCharting
Neo Genesis,Ampharos,1/111,1st Edition,PSA 9,2026-07-15,349.99,USD,eBay,unknown,FALSE,,,2000 POKEMON NEO GENESIS 1ST EDITION #1 AMPHAROS-HOLO PSA 9 #1,https://www.ebay.es/itm/307061401508,PriceCharting
Neo Genesis,Ampharos,1/111,1st Edition,PSA 9,2026-07-13,320.66,USD,eBay,unknown,FALSE,,,Pokemon Neo Genesis Ampharos 1/111 Holo Rare First Edition PSA 9 1/111,https://www.ebay.es/itm/358751434834,PriceCharting
Neo Genesis,Ampharos,1/111,1st Edition,PSA 9,2026-07-13,251.50,USD,eBay,unknown,FALSE,,,2000 POKEMON NEO GENESIS 1ST EDITION #1 AMPHAROS-HOLO PSA 9 #1,https://www.ebay.es/itm/298472256312,PriceCharting
Neo Genesis,Ampharos,1/111,1st Edition,PSA 9,2026-07-06,255.00,USD,eBay,unknown,FALSE,,,2000 POKEMON NEO GENESIS 1ST EDITION #1 AMPHAROS-HOLO PSA 9 #1,https://www.ebay.es/itm/307026558331,PriceCharting
Neo Genesis,Ampharos,1/111,1st Edition,PSA 9,2026-06-27,399.99,USD,eBay,unknown,FALSE,,,2000 Pokémon Ampharos #1 - Holo Neo Genesis 1st Edition PSA 9 #1,https://www.ebay.es/itm/117258680386,PriceCharting
Neo Genesis,Ampharos,1/111,1st Edition,PSA 9,2026-06-25,269.99,USD,eBay,unknown,FALSE,,,PSA 9 Ampharos 1/111 1st Edition Holo Neo Genesis 2000 Vintage Pokemon New Cert! 1/111,https://www.ebay.es/itm/206367852590,PriceCharting
Neo Genesis,Ampharos,1/111,1st Edition,PSA 9,2026-06-22,265.00,USD,eBay,unknown,FALSE,,,2000 POKEMON NEO GENESIS 1ST EDITION #1 AMPHAROS-HOLO PSA 9 #1,https://www.ebay.es/itm/306988338627,PriceCharting
Neo Genesis,Ampharos,1/111,1st Edition,PSA 9,2026-06-14,230.00,USD,eBay,unknown,FALSE,,,AMPHAROS 2000 POKEMON NEO GENESIS 1ST EDITION HOLO #1 PSA 9 Q3963 #1,https://www.ebay.es/itm/278057807955,PriceCharting
Neo Genesis,Ampharos,1/111,1st Edition,PSA 9,2026-06-11,289.99,USD,eBay,unknown,FALSE,,,Ampharos Holo 1/111 Neo Genesis 1st Edition Pokemon PSA 9 *412 1/111,https://www.ebay.es/itm/287368281274,PriceCharting
Neo Genesis,Ampharos,1/111,1st Edition,PSA 10,2026-09-11,2775.00,USD,eBay,unknown,FALSE,,,2000 POKEMON NEO GENESIS 1ST EDITION #1 AMPHAROS-HOLO PSA 10 #1,https://www.ebay.es/itm/307159049421,PriceCharting
Neo Genesis,Ampharos,1/111,1st Edition,PSA 10,2026-09-03,2575.00,USD,eBay,best offer,TRUE,,,2000 POKEMON NEO GENESIS 1ST EDITION #1 AMPHAROS-HOLO PSA 10 #1,https://www.ebay.es/itm/298627975686,PriceCharting
Neo Genesis,Ampharos,1/111,1st Edition,PSA 10,2026-08-15,2499.00,USD,eBay,unknown,FALSE,,,2000 POKEMON NEO GENESIS 1ST EDITION #1 AMPHAROS-HOLO PSA 10 #1,https://www.ebay.es/itm/117344650858,PriceCharting
Neo Genesis,Ampharos,1/111,1st Edition,PSA 10,2026-07-31,1927.81,USD,eBay,unknown,FALSE,,,2000 Pokemon Neo Genesis 1st Edition Holo Ampharos PSA 10 #1/111 1/111,https://www.ebay.es/itm/158112882025,PriceCharting
Neo Genesis,Ampharos,1/111,1st Edition,PSA 10,2026-07-10,2540.90,USD,eBay,unknown,FALSE,,,PSA 10 1st Edition Ampharos [Holo] - 1/111 - Neo Genesis - Pokemon - Read Desc.,https://www.ebay.es/itm/287430266914,PriceCharting
Neo Genesis,Ampharos,1/111,1st Edition,PSA 10,2026-06-30,2300.00,USD,eBay,unknown,FALSE,,,2000 Pokemon Neo Genesis 1st Edition #1 Ampharos Holo PSA 10 GEM MINT,https://www.ebay.es/itm/366497709444,PriceCharting
Neo Genesis,Ampharos,1/111,1st Edition,PSA 10,2026-06-17,2400.00,USD,eBay,unknown,FALSE,,,2000 POKEMON NEO GENESIS 1ST EDITION #1 AMPHAROS-HOLO PSA 10 #1,https://www.ebay.es/itm/307006838278,PriceCharting
Neo Genesis,Ampharos,1/111,1st Edition,PSA 10,2026-06-16,2425.00,USD,eBay,unknown,FALSE,,,2000 POKEMON NEO GENESIS 1ST EDITION #1 AMPHAROS-HOLO PSA 10 #1,https://www.ebay.es/itm/306989198721,PriceCharting
Neo Genesis,Ampharos,1/111,1st Edition,PSA 10,2026-06-08,2475.00,USD,eBay,unknown,FALSE,,,Pokemon Ampharos Neo Genesis 1st Edition Holo Rare #1 PSA 10 Gem Mint. Swirl 🌀 #1,https://www.ebay.es/itm/178181929033,PriceCharting
Neo Genesis,Ampharos,1/111,1st Edition,PSA 10,2026-06-01,2425.00,USD,eBay,unknown,FALSE,,,Pokemon Ampharos Neo Genesis 1st Edition Holo Rare #1 PSA 10 Gem Mint,https://www.ebay.es/itm/287344901812,PriceCharting
Neo Genesis,Ampharos,1/111,1st Edition,PSA 10,2026-05-31,3000.00,USD,eBay,unknown,FALSE,,,Pokemon Ampharos Neo Genesis 1st Edition Holo Rare #1 PSA 10 Gem Mint,https://www.ebay.es/itm/287344900392,PriceCharting
Neo Genesis,Ampharos,1/111,1st Edition,PSA 10,2026-05-06,2850.00,USD,eBay,unknown,FALSE,,,Pokemon Ampharos Neo Genesis 1st Edition Holo Rare #1 PSA 10 Gem Mint #1,https://www.ebay.es/itm/227273150841,PriceCharting
Neo Genesis,Ampharos,1/111,1st Edition,PSA 10,2026-04-20,1901.00,USD,eBay,unknown,FALSE,,,Pokemon Ampharos Neo Genesis 1st Edition Holo Rare #1 PSA 10 Gem Mint,https://www.ebay.es/itm/287265325543,PriceCharting
Neo Genesis,Ampharos,1/111,1st Edition,PSA 10,2026-04-19,2027.00,USD,eBay,unknown,FALSE,,,Pokemon Ampharos Neo Genesis 1st Edition Holo Rare #1 PSA 10 Gem Mint,https://www.ebay.es/itm/287265011506,PriceCharting
Neo Genesis,Ampharos,1/111,1st Edition,PSA 10,2026-04-08,2660.00,USD,eBay,unknown,FALSE,,,PSA 10 GEM MINT Ampharos 1/111 HOLO RARE Neo Genesis 1ST EDITION Pokemon Card 1/111,https://www.ebay.es/itm/406826755760,PriceCharting
Neo Genesis,Ampharos,1/111,1st Edition,PSA 10,2026-04-05,2795.00,USD,eBay,unknown,FALSE,,,Pokemon Ampharos Neo Genesis 1st Edition Holo Rare #1 PSA 10 Gem Mint,https://www.ebay.es/itm/287233335898,PriceCharting
Neo Genesis,Ampharos,1/111,1st Edition,PSA 10,2026-03-30,3050.00,USD,eBay,unknown,FALSE,,,Pokemon Ampharos Neo Genesis 1st Edition Holo Rare #1 PSA 10 Gem Mint,https://www.ebay.es/itm/287224116624,PriceCharting
Neo Genesis,Ampharos,1/111,1st Edition,PSA 10,2026-03-29,3050.00,USD,eBay,unknown,FALSE,,,Pokemon Ampharos Neo Genesis 1st Edition Holo Rare #1 PSA 10 Gem Mint,https://www.ebay.es/itm/287220020451,PriceCharting
Neo Genesis,Ampharos,1/111,1st Edition,PSA 10,2026-03-16,4200.00,USD,eBay,unknown,FALSE,,,Pokemon Ampharos Neo Genesis 1st Edition Holo Rare #1 PSA 10 Gem Mint,https://www.ebay.es/itm/287184465775,PriceCharting
Neo Genesis,Ampharos,1/111,1st Edition,PSA 10,2026-03-16,3950.00,USD,eBay,unknown,FALSE,,,2000 POKEMON NEO GENESIS 1ST EDITION #1 AMPHAROS-HOLO PSA 10 #1,https://www.ebay.es/itm/157736106533,PriceCharting
Neo Genesis,Ampharos,1/111,1st Edition,PSA 10,2026-03-11,4400.00,USD,eBay,unknown,FALSE,,,2000 POKEMON NEO GENESIS 1ST EDITION #1 AMPHAROS-HOLO PSA 10 #1,https://www.ebay.es/itm/298082478058,PriceCharting
Neo Genesis,Ampharos,1/111,1st Edition,PSA 10,2026-03-07,5600.00,USD,eBay,unknown,FALSE,,,2000 POKEMON NEO GENESIS 1ST EDITION #1 AMPHAROS-HOLO PSA 10 #1,https://www.ebay.es/itm/117055472284,PriceCharting
Neo Genesis,Ampharos,1/111,1st Edition,PSA 10,2026-02-28,2000.00,USD,eBay,best offer,TRUE,,,Pokemon PSA 10 1st Edition Neo Genesis Ampharos Holo Rare 1/111 GEM MINT 1/111,https://www.ebay.es/itm/397655450271,PriceCharting
Neo Genesis,Ampharos,1/111,1st Edition,PSA 10,2026-01-28,1199.99,USD,eBay,best offer,TRUE,,,Pokemon PSA 10 1st Edition Neo Genesis Ampharos Holo Rare 1/111 GEM MINT 1/111,https://www.ebay.es/itm/157629080969,PriceCharting
Neo Genesis,Ampharos,1/111,1st Edition,PSA 10,2025-12-19,822.67,USD,eBay,unknown,FALSE,,,2000 POKEMON NEO GENESIS 1ST EDITION #1/111 AMPHAROS HOLO PSA 10 1/111,https://www.ebay.es/itm/205913731531,PriceCharting
Neo Genesis,Ampharos,1/111,1st Edition,PSA 10,2025-12-01,676.66,USD,eBay,unknown,FALSE,,,Pokemon Ampharos Neo Genesis 1st Edition Holo Rare #1 DAMAGED SLAB PSA 10,https://www.ebay.es/itm/286958284653,PriceCharting
Neo Genesis,Ampharos,1/111,1st Edition,PSA 10,2025-11-14,850.00,USD,eBay,best offer,TRUE,,,2000 POKEMON NEO GENESIS 1ST ED #1 AMPHAROS-HOLO PSA 10 #1,https://www.ebay.es/itm/116865485239,PriceCharting
Neo Genesis,Ampharos,1/111,1st Edition,PSA 10,2025-11-10,930.00,USD,eBay,best offer,TRUE,,,Pokémon TCG Ampharos Neo Genesis Holo 1/111 1st Edition Rare PSA 10 Gem MT 1/111,https://www.ebay.es/itm/297689065336,PriceCharting
Neo Genesis,Ampharos,1/111,1st Edition,PSA 10,2025-10-31,949.99,USD,eBay,unknown,FALSE,,,2000 Pokemon Ampharos Neo Genesis 1st Edition Holo Rare #1 PSA 10 Gem Mint #1,https://www.ebay.es/itm/406102465010,PriceCharting
Neo Genesis,Ampharos,1/111,Unlimited,PSA 8,2026-09-18,84.66,USD,eBay,unknown,FALSE,,,2000 POKEMON NEO GENESIS #1 AMPHAROS-HOLO PSA 8 #1,https://www.ebay.es/itm/298659665430,PriceCharting
Neo Genesis,Ampharos,1/111,Unlimited,PSA 8,2026-09-01,105.00,USD,eBay,unknown,FALSE,,,2000 POKEMON NEO GENESIS #1 AMPHAROS-HOLO PSA 8 #1,https://www.ebay.es/itm/287523802086,PriceCharting
Neo Genesis,Ampharos,1/111,Unlimited,PSA 8,2026-08-10,89.99,USD,eBay,unknown,FALSE,,,2000 Pokemon Neo Genesis - Ampharos Holo 1/111 PSA 8 1/111,https://www.ebay.es/itm/406906471591,PriceCharting
Neo Genesis,Ampharos,1/111,Unlimited,PSA 8,2026-08-08,80.00,USD,eBay,unknown,FALSE,,,2000 POKEMON NEO GENESIS #1 AMPHAROS-HOLO PSA 8 1/111,https://www.ebay.es/itm/377310854391,PriceCharting
Neo Genesis,Ampharos,1/111,Unlimited,PSA 8,2026-08-02,81.00,USD,eBay,unknown,FALSE,,,2000 POKEMON NEO GENESIS #1 AMPHAROS-HOLO PSA 8 #1,https://www.ebay.es/itm/307081758535,PriceCharting
Neo Genesis,Ampharos,1/111,Unlimited,PSA 8,2026-07-28,159.50,USD,eBay,unknown,FALSE,,,2000 Pokemon Neo Genesis #1 Ampharos Holo PSA 8 NM-MT,https://www.ebay.es/itm/366548610623,PriceCharting
Neo Genesis,Ampharos,1/111,Unlimited,PSA 8,2026-07-18,90.00,USD,eBay,unknown,FALSE,,49815304,POKEMON NEO GENESIS AMPHAROS 1/111 PSA8 PSA # 49815304 1/111,https://www.ebay.es/itm/336599857688,PriceCharting
Neo Genesis,Ampharos,1/111,Unlimited,PSA 8,2026-07-12,105.00,USD,eBay,unknown,FALSE,,,2000 Pokemon Neo Genesis Ampharos Holo Rare PSA 8 NM/MINT SWIRL 1/111,https://www.ebay.es/itm/267722682546,PriceCharting
Neo Genesis,Ampharos,1/111,Unlimited,PSA 8,2026-07-04,65.00,USD,eBay,best offer,TRUE,,,2000 POKEMON NEO GENESIS #1 AMPHAROS-HOLO PSA 8 1/111,https://www.ebay.es/itm/188581715677,PriceCharting
Neo Genesis,Ampharos,1/111,Unlimited,PSA 8,2026-06-09,67.20,USD,eBay,unknown,FALSE,,,Pokemon Neo Genesis Unlimited Ampharos PSA 8 Holo (1739) 1/111,https://www.ebay.es/itm/224818828603,PriceCharting
Neo Genesis,Ampharos,1/111,Unlimited,PSA 8,2026-05-24,67.00,USD,eBay,best offer,TRUE,,,2000 POKEMON NEO GENESIS #1 AMPHAROS-HOLO PSA 8 1/111,https://www.ebay.es/itm/116717270048,PriceCharting
Neo Genesis,Ampharos,1/111,Unlimited,PSA 8,2026-05-20,75.00,USD,eBay,unknown,FALSE,,49815304,POKEMON NEO GENESIS AMPHAROS 1/111 PSA8 PSA # 49815304 1/111,https://www.ebay.es/itm/227343126979,PriceCharting
Neo Genesis,Ampharos,1/111,Unlimited,PSA 8,2026-04-22,50.00,USD,eBay,best offer,TRUE,,,Pokémon TCG Neo Genesis Set Ampharos Holo Rare #1/111 PSA 8 NM-MT 1/111,https://www.ebay.es/itm/397123561115,PriceCharting
Neo Genesis,Ampharos,1/111,Unlimited,PSA 8,2026-04-19,53.00,USD,eBay,unknown,FALSE,,,2000 POKEMON NEO GENESIS #1 AMPHAROS-HOLO PSA 8 1/111,https://www.ebay.es/itm/286777662535,PriceCharting
Neo Genesis,Ampharos,1/111,Unlimited,PSA 8,2026-04-09,68.00,USD,eBay,unknown,FALSE,,,2000 POKEMON NEO GENESIS #1 AMPHAROS-HOLO PSA 8 #1,https://www.ebay.es/itm/117118374521,PriceCharting
Neo Genesis,Ampharos,1/111,Unlimited,PSA 8,2026-04-07,75.00,USD,eBay,unknown,FALSE,,,2000 POKEMON NEO GENESIS #1 AMPHAROS-HOLO PSA 8 #1,https://www.ebay.es/itm/306822821507,PriceCharting
Neo Genesis,Ampharos,1/111,Unlimited,PSA 8,2026-04-05,59.50,USD,eBay,unknown,FALSE,,,POKEMON NEO GENESIS AMPHAROS 1/111 HOLO PSA 8 NM-MT! NICE SWIRL-WOTC! #1,https://www.ebay.es/itm/227263580817,PriceCharting
Neo Genesis,Ampharos,1/111,Unlimited,PSA 8,2026-04-05,48.89,USD,eBay,unknown,FALSE,,,2000 POKEMON NEO GENESIS #1 AMPHAROS-HOLO PSA 8 #1,https://www.ebay.es/itm/117111760763,PriceCharting
Neo Genesis,Ampharos,1/111,Unlimited,PSA 8,2026-04-03,60.00,USD,eBay,unknown,FALSE,,,2000 Pokémon Neo Genesis Ampharos Holo PSA 8 1/111,https://www.ebay.es/itm/377078007221,PriceCharting
Neo Genesis,Ampharos,1/111,Unlimited,PSA 8,2026-03-31,65.00,USD,eBay,best offer,TRUE,,,2000 POKEMON NEO GENESIS #1 AMPHAROS-HOLO PSA 8 #1,https://www.ebay.es/itm/366295707615,PriceCharting
Neo Genesis,Ampharos,1/111,Unlimited,PSA 9,2026-09-27,119.22,USD,eBay,best offer,TRUE,,,Ampharos Holo 1/111 PSA 9 Neo Genesis Pokemon Card 1/111,https://www.ebay.es/itm/227540425624,PriceCharting
Neo Genesis,Ampharos,1/111,Unlimited,PSA 9,2026-08-08,113.00,USD,eBay,unknown,FALSE,,,Pokemon 2000 Ampharos 1/111 Holo Neo Genesis PSA 9 1/111,https://www.ebay.es/itm/407111816027,PriceCharting
Neo Genesis,Ampharos,1/111,Unlimited,PSA 9,2026-07-31,128.80,USD,eBay,unknown,FALSE,,,Pokemon Neo Genesis Unlimited Ampharos PSA 9 Holo (1740) 1/111,https://www.ebay.es/itm/224818828601,PriceCharting
Neo Genesis,Ampharos,1/111,Unlimited,PSA 9,2026-07-19,110.88,USD,eBay,unknown,FALSE,,,Pokemon Neo Genesis Unlimited Ampharos PSA 9 Holo (1738) 1/111,https://www.ebay.es/itm/224818828610,PriceCharting
Neo Genesis,Ampharos,1/111,Unlimited,PSA 9,2026-07-02,265.50,USD,eBay,unknown,FALSE,,,Pokemon Ampharos Holo - PSA 9 - Neo Genesis #1 - Mint,https://www.ebay.es/itm/227100932972,PriceCharting
Neo Genesis,Ampharos,1/111,Unlimited,PSA 9,2026-06-27,159.99,USD,eBay,unknown,FALSE,,,2000 Pokémon Ampharos #1 - Holo Neo Genesis PSA 9 #1,https://www.ebay.es/itm/117258680384,PriceCharting
Neo Genesis,Ampharos,1/111,Unlimited,PSA 9,2026-06-01,80.00,USD,eBay,best offer,TRUE,,,Pokémon TCG Ampharos Neo Genesis Holo PSA 9 Mint #1 2000 1/111,https://www.ebay.es/itm/800060992882,PriceCharting
Neo Genesis,Ampharos,1/111,Unlimited,PSA 9,2026-05-28,90.00,USD,eBay,unknown,FALSE,,,2000 POKEMON NEO GENESIS AMPHAROS HOLO #1 PSA 9,https://www.ebay.es/itm/137320191228,PriceCharting
Neo Genesis,Ampharos,1/111,Unlimited,PSA 9,2026-04-17,109.99,USD,eBay,unknown,FALSE,,,Pokemon Ampharos 1/111 Neo Genesis Holo Unlimited Edition PSA 9 1/111,https://www.ebay.es/itm/117129514446,PriceCharting
Neo Genesis,Ampharos,1/111,Unlimited,PSA 9,2026-04-13,80.00,USD,eBay,unknown,FALSE,,,2000 Pokemon Neo Genesis Holo Ampharos PSA 9 Mint #1,https://www.ebay.es/itm/287268866153,PriceCharting
Neo Genesis,Ampharos,1/111,Unlimited,PSA 9,2026-03-25,450.00,USD,eBay,unknown,FALSE,,,2000 Pokemon Neo Genesis Ampharos #1 AMPHAROS-HOLO PSA 9 Double Swirl #1,https://www.ebay.es/itm/287220541574,PriceCharting
Neo Genesis,Ampharos,1/111,Unlimited,PSA 9,2026-02-22,60.00,USD,eBay,best offer,TRUE,,,2000 Pokemon Neo Genesis #1 Ampharos PSA 9 #1,https://www.ebay.es/itm/267545047029,PriceCharting
Neo Genesis,Ampharos,1/111,Unlimited,PSA 9,2026-02-22,90.00,USD,eBay,best offer,TRUE,,,Pokemon Ampharos 1/111 Neo Genesis Holo Unlimited Edition PSA 9 1/111,https://www.ebay.es/itm/168178594231,PriceCharting
Neo Genesis,Ampharos,1/111,Unlimited,PSA 9,2026-01-26,51.83,USD,eBay,unknown,FALSE,,,Ampharos Neo Genesis Holo Psa 9 2000 P.M. 1/111 Pokémon Card Graded Mint,https://www.ebay.es/itm/157622256460,PriceCharting
Neo Genesis,Ampharos,1/111,Unlimited,PSA 9,2026-01-13,64.99,USD,eBay,unknown,FALSE,,,PSA 9 Ampharos #1 Neo Genesis Holo Rare Pokemon 2000 Mint #1,https://www.ebay.es/itm/205877095626,PriceCharting
Neo Genesis,Ampharos,1/111,Unlimited,PSA 9,2025-12-16,85.00,USD,eBay,unknown,FALSE,,,2000 POKEMON NEO GENESIS #1 AMPHAROS-HOLO PSA 9 #1,https://www.ebay.es/itm/357960258909,PriceCharting
Neo Genesis,Ampharos,1/111,Unlimited,PSA 9,2025-12-13,80.00,USD,eBay,unknown,FALSE,,,Ampharos PSA 9 - Holo SWIRL - Pokemon Neo Genesis #1,https://www.ebay.es/itm/389338900984,PriceCharting
Neo Genesis,Ampharos,1/111,Unlimited,PSA 10,2026-08-17,910.00,USD,eBay,unknown,FALSE,,,Pokemon Ampharos Holo Neo Genesis Unlimited 1/111 PSA 10 Gem Mint 1/111,https://www.ebay.es/itm/287511682165,PriceCharting
Neo Genesis,Ampharos,1/111,Unlimited,PSA 10,2026-08-02,1367.22,USD,eBay,unknown,FALSE,,,Pokemon Ampharos Holo Neo Genesis Unlimited 1/111 PSA 10 Gem Mint 1/111,https://www.ebay.es/itm/287482170250,PriceCharting
Neo Genesis,Ampharos,1/111,Unlimited,PSA 10,2026-07-26,999.88,USD,eBay,unknown,FALSE,,,2000 Pokemon Neo Genesis Ampharos Holo #1/111 PSA 10 GEM MINT,https://www.ebay.es/itm/377356776861,PriceCharting
Neo Genesis,Ampharos,1/111,Unlimited,PSA 10,2026-07-04,1200.00,USD,eBay,unknown,FALSE,,,2000 POKEMON NEO GENESIS #1 AMPHAROS-HOLO PSA 10 #1,https://www.ebay.es/itm/298471990557,PriceCharting
Neo Genesis,Ampharos,1/111,Unlimited,PSA 10,2026-05-23,1250.00,USD,eBay,unknown,FALSE,,,Pokemon 2000 Neo Genesis Ampharos 1/111 Holo Rare PSA 10 Graded 1/111,https://www.ebay.es/itm/366418829805,PriceCharting
Neo Genesis,Ampharos,1/111,Unlimited,PSA 10,2026-04-13,999.00,USD,eBay,unknown,FALSE,,,Pokemon Ampharos Neo Genesis Unlimited Holo Rare #1 PSA 10 Gem Mint,https://www.ebay.es/itm/287251389773,PriceCharting
Neo Genesis,Ampharos,1/111,Unlimited,PSA 10,2025-12-07,536.23,USD,eBay,unknown,FALSE,,,Ampharos #1/111 - PSA 10 - Pokemon TCG | Neo Genesis Set Holo,https://www.ebay.es/itm/277450638821,PriceCharting
Neo Genesis,Ampharos,1/111,Unlimited,PSA 10,2025-09-14,460.00,USD,eBay,unknown,FALSE,,,Pokemon Ampharos Neo Genesis Unlimited Holo Rare #1 PSA 10 Gem Mint,https://www.ebay.es/itm/286804369420,PriceCharting
Neo Genesis,Ampharos,1/111,Unlimited,PSA 10,2025-08-10,500.00,USD,eBay,unknown,FALSE,,,Pokemon Ampharos Neo Genesis Unlimited Holo Rare #1 PSA 10 Gem Mint,https://www.ebay.es/itm/286739114178,PriceCharting
Neo Genesis,Ampharos,1/111,Unlimited,PSA 10,2025-07-26,360.00,USD,eBay,unknown,FALSE,,,2000 POKEMON NEO GENESIS #1 AMPHAROS-HOLO PSA 10 GEM MINT 💎 #1,https://www.ebay.es/itm/286726277175,PriceCharting
Neo Genesis,Ampharos,1/111,Unlimited,PSA 10,2024-12-19,349.99,USD,eBay,unknown,FALSE,,,PSA 10 GEM MT Ampharos Neo Genesis Unlimited 2000 #1 Pokémon #1,https://www.ebay.es/itm/326106131748,PriceCharting
Neo Genesis,Ampharos,1/111,Unlimited,PSA 10,2024-11-01,220.00,USD,eBay,unknown,FALSE,,,2000 Pokemon Neo Genesis Unlimited #1 Ampharos Holo PSA 10 #1,https://www.ebay.es/itm/156459534703,PriceCharting
Neo Genesis,Ampharos,1/111,Unlimited,PSA 10,2024-08-10,200.00,USD,eBay,unknown,FALSE,,,PSA 10 GEM MINT 2000 Neo Genesis Ampharos Holo 1/111 Pokemon 1/111,https://www.ebay.es/itm/176515679693,PriceCharting
Neo Genesis,Ampharos,1/111,Unlimited,PSA 10,2024-05-12,175.50,USD,eBay,unknown,FALSE,,,PSA 10 GEM MT Ampharos Neo Genesis Unlimited 2000 #1 Pokémon #1,https://www.ebay.es/itm/355688868550,PriceCharting
Neo Genesis,Ampharos,1/111,Unlimited,PSA 10,2024-04-12,164.50,USD,eBay,unknown,FALSE,,,2000 Pokemon Neo Genesis #1 Ampharos - Holo PSA 10 GEM MINT,https://www.ebay.es/itm/386906768797,PriceCharting
Neo Genesis,Ampharos,1/111,Unlimited,PSA 10,2024-01-22,306.00,USD,eBay,unknown,FALSE,,,2000 Pokemon Neo Genesis #1 Ampharos Holo PSA 10 Gem Mint #1,https://www.ebay.es/itm/186253295602,PriceCharting
Neo Genesis,Ampharos,1/111,Unlimited,PSA 10,2023-12-17,210.50,USD,eBay,unknown,FALSE,,,Pokemon Ampharos Neo Genesis Unlimited Holo Rare #1 PSA 10 Gem Mint,https://www.ebay.es/itm/285591791499,PriceCharting
Neo Genesis,Azumarill,2/111,1st Edition,PSA 8,2026-09-28,175.00,USD,eBay,unknown,FALSE,,,2000 POKEMON NEO GENESIS 1ST EDITION #2 AZUMARILL-HOLO PSA 8 #2,https://www.ebay.es/itm/117417425737,PriceCharting
Neo Genesis,Azumarill,2/111,1st Edition,PSA 8,2026-09-23,299.99,USD,eBay,unknown,FALSE,,,SWIRL! WotC 2000 Pokemon Neo Genesis Azumarill 2/111 1st Ed Holo PSA 8 2/111,https://www.ebay.es/itm/158170304806,PriceCharting
Neo Genesis,Azumarill,2/111,1st Edition,PSA 8,2026-09-22,250.00,USD,eBay,best offer,TRUE,,,Azumarill 2/111 Holo Rare with Swirl-2000 Pokémon 1st Edition Neo Genesis- PSA 8 2/111,https://www.ebay.es/itm/298651921606,PriceCharting
Neo Genesis,Azumarill,2/111,1st Edition,PSA 8,2026-09-12,235.60,USD,eBay,unknown,FALSE,,,2000 POKEMON NEO GENESIS 1ST EDITION #2 AZUMARILL-HOLO 1ST EDITION PSA 8 #2,https://www.ebay.es/itm/307158156983,PriceCharting
Neo Genesis,Azumarill,2/111,1st Edition,PSA 8,2026-09-01,190.00,USD,eBay,best offer,TRUE,,,Pokemon 2000 Azumarill 2/111 Neo Genesis 1st Edition Holo PSA 8 EN 2/111,https://www.ebay.es/itm/137649033393,PriceCharting
Neo Genesis,Azumarill,2/111,1st Edition,PSA 8,2026-08-30,173.49,USD,eBay,unknown,FALSE,,,2000 POKEMON NEO GENESIS 1ST EDITION #2 AZUMARILL HOLO PSA 8 #2,https://www.ebay.es/itm/298609973592,PriceCharting
Neo Genesis,Azumarill,2/111,1st Edition,PSA 8,2026-08-28,247.16,USD,eBay,unknown,FALSE,,,2000 POKEMON NEO GENESIS 1ST EDITION #2 AZUMARILL-HOLO PSA 8 #2,https://www.ebay.es/itm/307135440655,PriceCharting
Neo Genesis,Azumarill,2/111,1st Edition,PSA 8,2026-08-24,179.98,USD,eBay,unknown,FALSE,,,Pokemon TCG 2000 Neo Genesis Azumarill 2/111 1st Edition Holo PSA 8 double swirl 2/111,https://www.ebay.es/itm/298603996528,PriceCharting
Neo Genesis,Azumarill,2/111,1st Edition,PSA 8,2026-08-17,225.00,USD,eBay,unknown,FALSE,,,PSA 8 Vintage Pokemon 1st Edition Azumarill #2 Neo Genesis 2/111 Card - SWIRL 2/111,https://www.ebay.es/itm/168599963103,PriceCharting
Neo Genesis,Azumarill,2/111,1st Edition,PSA 8,2026-08-14,200.00,USD,eBay,unknown,FALSE,,,2000 POKEMON NEO GENESIS 1ST EDITION #2 AZUMARILL-HOLO PSA 8-Tail SWIRL-New Cert #2,https://www.ebay.es/itm/147449780845,PriceCharting
Neo Genesis,Azumarill,2/111,1st Edition,PSA 8,2026-08-12,199.99,USD,eBay,unknown,FALSE,,,2000 POKEMON NEO GENESIS 1ST EDITION 2 AZUMARILL-HOLO PSA 8 #2,https://www.ebay.es/itm/198566724006,PriceCharting
Neo Genesis,Azumarill,2/111,1st Edition,PSA 8,2026-08-08,275.00,USD,eBay,unknown,FALSE,,,AZUMARILL 2000 POKEMON NEO GENESIS 1ST EDITION HOLO RARE 2/111 PSA 8 Q7285 #2,https://www.ebay.es/itm/278182419410,PriceCharting
Neo Genesis,Azumarill,2/111,1st Edition,PSA 8,2026-07-31,124.50,USD,eBay,unknown,FALSE,,,2000 Pokemon Neo Genesis 1st Edition Holo #2 Azumarill PSA 8,https://www.ebay.es/itm/206426435643,PriceCharting
Neo Genesis,Azumarill,2/111,1st Edition,PSA 8,2026-07-31,160.00,USD,eBay,unknown,FALSE,,,2000 POKEMON NEO GENESIS 1ST EDITION #2 AZUMARILL-HOLO PSA 8 #2,https://www.ebay.es/itm/298525642273,PriceCharting
Neo Genesis,Azumarill,2/111,1st Edition,PSA 8,2026-07-28,215.00,USD,eBay,unknown,FALSE,,,2000 POKEMON NEO GENESIS 1ST EDITION #2 AZUMARILL-HOLO PSA 8 #2,https://www.ebay.es/itm/407050943339,PriceCharting
Neo Genesis,Azumarill,2/111,1st Edition,PSA 8,2026-07-13,282.58,USD,eBay,unknown,FALSE,,,PSA 8 Vintage Pokemon 1st Edition Azumarill #2 Neo Genesis 2/111 Card - SWIRL 2/111,https://www.ebay.es/itm/800259504173,PriceCharting
Neo Genesis,Azumarill,2/111,1st Edition,PSA 8,2026-07-03,175.00,USD,eBay,unknown,FALSE,,,2000 Pokemon 1st Edition Neo Genesis Azumarill Holo #2 PSA 8 #2,https://www.ebay.es/itm/224775160209,PriceCharting
Neo Genesis,Azumarill,2/111,1st Edition,PSA 8,2026-07-03,160.00,USD,eBay,best offer,TRUE,,,2000 POKEMON NEO GENESIS 1ST EDITION #2 AZUMARILL-HOLO PSA 8 #2,https://www.ebay.es/itm/336668864456,PriceCharting
Neo Genesis,Azumarill,2/111,1st Edition,PSA 8,2026-07-02,215.00,USD,eBay,unknown,FALSE,,,2000 POKEMON NEO GENESIS 1ST EDITION #2 AZUMARILL-HOLO PSA 8 with SWIRL #2,https://www.ebay.es/itm/257579068202,PriceCharting
Neo Genesis,Azumarill,2/111,1st Edition,PSA 8,2026-07-01,139.52,USD,eBay,best offer,TRUE,,,2000 Pokemon 1st Edition Neo Genesis Azumarill Holo #2 PSA 8 #2,https://www.ebay.es/itm/287429098611,PriceCharting
Neo Genesis,Azumarill,2/111,1st Edition,PSA 8,2026-06-30,152.12,USD,eBay,unknown,FALSE,,,SWIRL Pokemon Azumarill Neo Genesis 1st Edition Holo Rare #2 PSA 8,https://www.ebay.es/itm/127936364532,PriceCharting
Neo Genesis,Azumarill,2/111,1st Edition,PSA 8,2026-06-22,150.00,USD,eBay,unknown,FALSE,,,Pokemon Azumarill Neo Genesis 1st Edition Holo Rare #2 PSA 8,https://www.ebay.es/itm/287386658231,PriceCharting
Neo Genesis,Azumarill,2/111,1st Edition,PSA 8,2026-06-19,121.50,USD,eBay,unknown,FALSE,,,2000 POKEMON NEO GENESIS 1ST EDITION #2 AZUMARILL-HOLO PSA 8 #2,https://www.ebay.es/itm/117242193171,PriceCharting
Neo Genesis,Azumarill,2/111,1st Edition,PSA 8,2026-06-07,129.95,USD,eBay,unknown,FALSE,,,Azumarill 2/111 1st Edition PSA 8 Neo Genesis Holo Rare Pokemon Card Graded,https://www.ebay.es/itm/188480075531,PriceCharting
Neo Genesis,Azumarill,2/111,1st Edition,PSA 9,2026-09-26,495.00,USD,eBay,best offer,TRUE,,,Pokemon PSA 9 Azumarill Neo Genesis 1st Edition Holo Rare English 2/111 2/111,https://www.ebay.es/itm/298706432054,PriceCharting
Neo Genesis,Azumarill,2/111,1st Edition,PSA 9,2026-09-26,545.00,USD,eBay,unknown,FALSE,,,2000 POKEMON NEO GENESIS 1ST EDITION #2 AZUMARILL-HOLO PSA 9 #2,https://www.ebay.es/itm/307116555883,PriceCharting
Neo Genesis,Azumarill,2/111,1st Edition,PSA 9,2026-09-20,474.99,USD,eBay,unknown,FALSE,,,2000 Pokemon Neo Genesis 1st Edition #2 Azumarill Holo 1st Edition PSA 9 #2,https://www.ebay.es/itm/318892653714,PriceCharting
Neo Genesis,Azumarill,2/111,1st Edition,PSA 9,2026-09-20,489.99,USD,eBay,unknown,FALSE,,,Pokemon PSA 9 1st Edition Neo Genesis Azumarill Holo Rare 2/111 MINT 2/111,https://www.ebay.es/itm/336773530660,PriceCharting
Neo Genesis,Azumarill,2/111,1st Edition,PSA 9,2026-09-17,410.00,USD,eBay,best offer,TRUE,,,PSA 9 2000 Pokemon Neo Genesis Azumarill Holo 1st Ed 2/111 Graded 2/111,https://www.ebay.es/itm/198573332740,PriceCharting
Neo Genesis,Azumarill,2/111,1st Edition,PSA 9,2026-09-13,402.35,USD,eBay,unknown,FALSE,,,Azumarill 2/111 - Neo Genesis Holo Rare 2000 - 1st Edition Pokemon - PSA 9 MINT 2/111,https://www.ebay.es/itm/318705211060,PriceCharting
Neo Genesis,Azumarill,2/111,1st Edition,PSA 9,2026-09-09,415.00,USD,eBay,unknown,FALSE,,,2000 POKEMON NEO GENESIS 1ST EDITION #2 AZUMARILL-HOLO PSA 9 #2,https://www.ebay.es/itm/117377409947,PriceCharting
Neo Genesis,Azumarill,2/111,1st Edition,PSA 9,2026-09-06,385.00,USD,eBay,unknown,FALSE,,,2000 POKEMON NEO GENESIS 1ST EDITION #2 AZUMARILL-HOLO PSA 9 #2,https://www.ebay.es/itm/307149335496,PriceCharting
Neo Genesis,Azumarill,2/111,1st Edition,PSA 9,2026-09-04,450.00,USD,eBay,unknown,FALSE,,,Pokemon Azumarill Neo Genesis 1st Edition Holo Rare #2 PSA 9 Mint #2,https://www.ebay.es/itm/178010248017,PriceCharting
Neo Genesis,Azumarill,2/111,1st Edition,PSA 9,2026-08-31,336.01,USD,eBay,unknown,FALSE,,,Pokemon Azumarill Holo Neo Genesis 1st Edition 2/111 PSA 9 Mint 2/111,https://www.ebay.es/itm/287541277637,PriceCharting
Neo Genesis,Azumarill,2/111,1st Edition,PSA 9,2026-08-16,330.00,USD,eBay,unknown,FALSE,,,Pokemon Azumarill Holo Neo Genesis 1st Edition 2/111 PSA 9 Mint 2/111,https://www.ebay.es/itm/287511104809,PriceCharting
Neo Genesis,Azumarill,2/111,1st Edition,PSA 9,2026-08-13,372.00,USD,eBay,unknown,FALSE,,,2000 POKEMON NEO GENESIS 1ST EDITION #2 AZUMARILL-HOLO PSA 9 #2,https://www.ebay.es/itm/117340883311,PriceCharting
Neo Genesis,Azumarill,2/111,1st Edition,PSA 9,2026-08-04,499.99,USD,eBay,unknown,FALSE,,,Pokemon PSA 9 1st Edition Neo Genesis Azumarill Holo Rare 2/111 MINT 2/111,https://www.ebay.es/itm/158044508153,PriceCharting
Neo Genesis,Azumarill,2/111,1st Edition,PSA 9,2026-08-01,440.00,USD,eBay,unknown,FALSE,,,2000 POKEMON NEO GENESIS 1ST EDITION #2 AZUMARILL-HOLO PSA 9 #2,https://www.ebay.es/itm/307081736617,PriceCharting
Neo Genesis,Azumarill,2/111,1st Edition,PSA 9,2026-07-27,530.00,USD,eBay,unknown,FALSE,,,2000 POKEMON NEO GENESIS 1ST EDITION #2 AZUMARILL-HOLO PSA 9 #2,https://www.ebay.es/itm/298505900952,PriceCharting
Neo Genesis,Azumarill,2/111,1st Edition,PSA 9,2026-07-22,500.00,USD,eBay,unknown,FALSE,,,2000 POKEMON NEO GENESIS 1ST EDITION #2 AZUMARILL-HOLO PSA 9 #2,https://www.ebay.es/itm/307016020148,PriceCharting
Neo Genesis,Azumarill,2/111,1st Edition,PSA 9,2026-07-16,450.00,USD,eBay,best offer,TRUE,,,Pokemon TCG | 1st Edition Neo Genesis Azumarill Holo Rare 2/111 | PSA 9 💧 2/111,https://www.ebay.es/itm/318551215936,PriceCharting
Neo Genesis,Azumarill,2/111,1st Edition,PSA 9,2026-07-15,450.00,USD,eBay,unknown,FALSE,,,2000 POKEMON NEO GENESIS 1ST EDITION #2 AZUMARILL-HOLO PSA 9 SWIRL 𖦹 #2,https://www.ebay.es/itm/318499354859,PriceCharting
Neo Genesis,Azumarill,2/111,1st Edition,PSA 9,2026-07-01,450.00,USD,eBay,best offer,TRUE,,,Pokemon PSA 9 1st Edition Neo Genesis Azumarill Holo Rare 2/111 MINT 2/111,https://www.ebay.es/itm/157997371359,PriceCharting
Neo Genesis,Azumarill,2/111,1st Edition,PSA 9,2026-06-29,311.00,USD,eBay,unknown,FALSE,,,Pokemon Neo Genesis Azumarill 2/111 Holo Rare First Edition PSA 9 2/111,https://www.ebay.es/itm/358699903667,PriceCharting
Neo Genesis,Azumarill,2/111,1st Edition,PSA 9,2026-06-21,282.51,USD,eBay,best offer,TRUE,,,Pokemon PSA 9 1st Edition Neo Genesis Azumarill Holo Rare 2/111 MINT 2/111,https://www.ebay.es/itm/800177858569,PriceCharting
Neo Genesis,Azumarill,2/111,1st Edition,PSA 9,2026-06-21,365.00,USD,eBay,unknown,FALSE,,,2000 Pokemon Neo Genesis 1st Edition Azumarill PSA 9 Holo #2/111 2/111,https://www.ebay.es/itm/157996954718,PriceCharting
Neo Genesis,Azumarill,2/111,1st Edition,PSA 10,2026-09-14,24000.00,USD,eBay,best offer,TRUE,,,2000 POKEMON NEO GENESIS 1ST EDITION #2 AZUMARILL-HOLO PSA 10 #2,https://www.ebay.es/itm/307179043755,PriceCharting
Neo Genesis,Azumarill,2/111,1st Edition,PSA 10,2026-04-05,15311.00,USD,eBay,unknown,FALSE,,,Pokemon Azumarill Neo Genesis 1st Edition Holo Rare #2 PSA 10 Gem Mint,https://www.ebay.es/itm/287233335896,PriceCharting
Neo Genesis,Azumarill,2/111,1st Edition,PSA 10,2026-03-07,20000.00,USD,eBay,unknown,FALSE,,,2000 POKEMON NEO GENESIS 1ST EDITION #2 AZUMARILL-HOLO PSA 10 #2,https://www.ebay.es/itm/117055472179,PriceCharting
Neo Genesis,Azumarill,2/111,1st Edition,PSA 10,2025-06-16,1775.00,USD,eBay,unknown,FALSE,,,2000 POKEMON NEO GENESIS 1ST ED #2 AZUMARILL-HOLO PSA 10 #2,https://www.ebay.es/itm/297383498587,PriceCharting
Neo Genesis,Azumarill,2/111,1st Edition,PSA 10,2025-03-17,1302.00,USD,eBay,unknown,FALSE,,,Pokemon Azumarill 1st Edition PSA 10 Gem Mint Neo Genesis 2/111 POP 36 #2,https://www.ebay.es/itm/226638569633,PriceCharting
Neo Genesis,Azumarill,2/111,1st Edition,PSA 10,2024-11-29,1000.00,USD,eBay,unknown,FALSE,,,2000 Pokemon Neo Genesis 1st Edition #2 Azumarill PSA 10 GEM MINT #2,https://www.ebay.es/itm/116341297157,PriceCharting
Neo Genesis,Azumarill,2/111,Unlimited,PSA 8,2026-08-31,91.00,USD,eBay,best offer,TRUE,,,PSA 8 Azumarill Holo Rare #2 2000 Pokemon Neo Genesis 142612867 #2,https://www.ebay.es/itm/236651924593,PriceCharting
Neo Genesis,Azumarill,2/111,Unlimited,PSA 8,2026-08-18,80.00,USD,eBay,best offer,TRUE,,,2000 Pokemon Neo Genesis #2 Azumarill Holo w/SWIRL PSA 8 NM-MT VINTAGE #2,https://www.ebay.es/itm/397645934624,PriceCharting
Neo Genesis,Azumarill,2/111,Unlimited,PSA 8,2026-08-08,90.95,USD,eBay,unknown,FALSE,,,Pokemon Azumarill #2 2000 Neo Genesis Holo PSA 8 NM-MT 2/111,https://www.ebay.es/itm/168568385378,PriceCharting
Neo Genesis,Azumarill,2/111,Unlimited,PSA 8,2026-07-29,70.00,USD,eBay,best offer,TRUE,,,POKEMON WOTC 2000 🔵 NEO GENESIS #2 AZUMARILL HOLO ✨ PSA 8 NM-MT 🌀 2/111,https://www.ebay.es/itm/389910129236,PriceCharting
Neo Genesis,Azumarill,2/111,Unlimited,PSA 8,2026-07-26,82.00,USD,eBay,unknown,FALSE,,,2000 Pokemon Neo Genesis Azumarill 2/111 DOUBLE HOLO Rare PSA 8 NM/MINT 2/111,https://www.ebay.es/itm/267722856994,PriceCharting
Neo Genesis,Azumarill,2/111,Unlimited,PSA 8,2026-07-04,75.00,USD,eBay,unknown,FALSE,,,2000 POKEMON NEO GENESIS #2 AZUMARILL-HOLO PSA 8 #2,https://www.ebay.es/itm/398130645546,PriceCharting
Neo Genesis,Azumarill,2/111,Unlimited,PSA 8,2026-07-03,80.00,USD,eBay,best offer,TRUE,,,2000 POKEMON NEO GENESIS #2 AZUMARILL-HOLO PSA 8 #2,https://www.ebay.es/itm/298141834058,PriceCharting
Neo Genesis,Azumarill,2/111,Unlimited,PSA 8,2026-05-31,72.25,USD,eBay,unknown,FALSE,,,2000 Pokemon Neo Genesis Azumarill Holo 2/111 PSA 8 2/111,https://www.ebay.es/itm/257498811120,PriceCharting
Neo Genesis,Azumarill,2/111,Unlimited,PSA 8,2026-05-12,47.00,USD,eBay,best offer,TRUE,,,Pokémon Azumarill 2/111 Holo Rare Neo Genesis Unlimited PSA 8 2000 English 2/111,https://www.ebay.es/itm/257502223065,PriceCharting
Neo Genesis,Azumarill,2/111,Unlimited,PSA 8,2026-05-11,65.24,USD,eBay,best offer,TRUE,,,Azumarill 2/111 PSA 8 Holo Neo Genesis Pokemon Card,https://www.ebay.es/itm/178051098883,PriceCharting
Neo Genesis,Azumarill,2/111,Unlimited,PSA 8,2026-04-25,51.00,USD,eBay,best offer,TRUE,,,Pokémon Azumarill 2/111 Holo Rare Neo Genesis Unlimited PSA 8 2000 English 2/111,https://www.ebay.es/itm/389874395120,PriceCharting
Neo Genesis,Azumarill,2/111,Unlimited,PSA 8,2026-04-03,80.00,USD,eBay,unknown,FALSE,,,2000 POKEMON NEO GENESIS #2 AZUMARILL-HOLO PSA 8 #2,https://www.ebay.es/itm/306233220444,PriceCharting
Neo Genesis,Azumarill,2/111,Unlimited,PSA 8,2026-03-15,51.03,USD,eBay,unknown,FALSE,,,2000 Pokemon Neo Genesis Unlimited Azumarill HOLO #2 PSA 8 Fresh Grade Low POP #2,https://www.ebay.es/itm/154407417871,PriceCharting
Neo Genesis,Azumarill,2/111,Unlimited,PSA 8,2026-03-14,30.00,USD,eBay,best offer,TRUE,,,2000 Pokémon Neo Genesis - AZUMARILL PSA 8 with Swirl 2/111,https://www.ebay.es/itm/127742762019,PriceCharting
Neo Genesis,Azumarill,2/111,Unlimited,PSA 9,2026-09-27,160.00,USD,eBay,unknown,FALSE,,,2000 POKEMON NEO GENESIS #2 AZUMARILL-HOLO PSA 9 2/111,https://www.ebay.es/itm/318904830943,PriceCharting
Neo Genesis,Azumarill,2/111,Unlimited,PSA 9,2026-09-19,200.91,USD,eBay,unknown,FALSE,,,Azumarill Holo 2/111 PSA 9 Neo Genesis Pokemon Card Game 2/111,https://www.ebay.es/itm/287526552940,PriceCharting
Neo Genesis,Azumarill,2/111,Unlimited,PSA 9,2026-09-13,175.00,USD,eBay,unknown,FALSE,,,Pokemon 2000 Azumarill 2/111 Holo Neo Genesis PSA 9 SWIRL 🌀 2/111,https://www.ebay.es/itm/278226160337,PriceCharting
Neo Genesis,Azumarill,2/111,Unlimited,PSA 9,2026-09-05,130.00,USD,eBay,unknown,FALSE,,,Pokemon Neo Genesis Azumarill PSA 9 2/111,https://www.ebay.es/itm/147533674464,PriceCharting
Neo Genesis,Azumarill,2/111,Unlimited,PSA 9,2026-08-25,149.99,USD,eBay,unknown,FALSE,,,2000 Pokemon Neo Genesis Azumarill Holo #2 PSA 9 Mint - Fart Swirl 💫 #2,https://www.ebay.es/itm/407165378241,PriceCharting
Neo Genesis,Azumarill,2/111,Unlimited,PSA 9,2026-07-09,100.00,USD,eBay,unknown,FALSE,,,Pokemon 2000 Azumarill 2/111 Holo Neo Genesis PSA 9 2/111,https://www.ebay.es/itm/407060705283,PriceCharting
Neo Genesis,Azumarill,2/111,Unlimited,PSA 9,2026-07-07,159.95,USD,eBay,unknown,FALSE,,,2000 Pokemon Neo Genesis Azumarill Holo #2 PSA 9 Mint,https://www.ebay.es/itm/198437603605,PriceCharting
Neo Genesis,Azumarill,2/111,Unlimited,PSA 9,2026-05-05,158.50,USD,eBay,unknown,FALSE,,,2000 Pokemon Neo Genesis Azumarill Holo #2/111 PSA 9,https://www.ebay.es/itm/127836595857,PriceCharting
Neo Genesis,Azumarill,2/111,Unlimited,PSA 9,2026-03-22,99.00,USD,eBay,unknown,FALSE,,,Vintage PSA 9 Azumarill Holo Neo Genesis #2 2000 MINT Pokémon Card #2,https://www.ebay.es/itm/177977576236,PriceCharting
Neo Genesis,Azumarill,2/111,Unlimited,PSA 9,2026-03-21,90.00,USD,eBay,best offer,TRUE,,,PSA 9 Azumarill Holo Neo Genesis #2 - 2000 MINT Pokémon Card,https://www.ebay.es/itm/188174808957,PriceCharting
Neo Genesis,Azumarill,2/111,Unlimited,PSA 9,2026-03-01,85.00,USD,eBay,unknown,FALSE,,,2000 POKEMON NEO GENESIS #2 AZUMARILL-HOLO PSA 9 #2,https://www.ebay.es/itm/117043471414,PriceCharting
Neo Genesis,Azumarill,2/111,Unlimited,PSA 9,2026-02-19,69.44,USD,eBay,unknown,FALSE,,,2000 Pokemon Neo Genesis Unlimited Azumarill HOLO #2 PSA 9 Fresh Grade Low POP #2,https://www.ebay.es/itm/154407418944,PriceCharting
Neo Genesis,Azumarill,2/111,Unlimited,PSA 9,2026-02-19,76.00,USD,eBay,best offer,TRUE,,,2000 Pokemon Neo Genesis Unlimited Azumarill HOLO #2 PSA 9 Swirl Low POP #2,https://www.ebay.es/itm/227218923734,PriceCharting
Neo Genesis,Azumarill,2/111,Unlimited,PSA 9,2026-02-07,49.00,USD,eBay,unknown,FALSE,,,Pokémon Azumarill Neo Genesis Holo Rare 2/111 PSA 9 2000 English TCG 2/111,https://www.ebay.es/itm/317823640185,PriceCharting
Neo Genesis,Azumarill,2/111,Unlimited,PSA 9,2025-12-28,61.90,USD,eBay,unknown,FALSE,,,TCG 2000 Pokemon Neo Genesis #2 Azumarill Holo PSA 9 MINT,https://www.ebay.es/itm/389383860512,PriceCharting
Neo Genesis,Azumarill,2/111,Unlimited,PSA 9,2025-12-28,62.90,USD,eBay,unknown,FALSE,,,2000 POKEMON NEO GENESIS #2 AZUMARILL-HOLO PSA 9 #2,https://www.ebay.es/itm/297858773865,PriceCharting
Neo Genesis,Azumarill,2/111,Unlimited,PSA 9,2025-11-24,46.00,USD,eBay,unknown,FALSE,,,2000 P.M. Pokemon NEO Genesis Azumarill HOLO - MINT PSA 9 2/111,https://www.ebay.es/itm/257205516933,PriceCharting
Neo Genesis,Azumarill,2/111,Unlimited,PSA 9,2025-11-23,32.52,USD,eBay,unknown,FALSE,,,Azumarill Holo 2000 Pokémon Neo Genesis 2/111 PSA 9 MINT 2/111,https://www.ebay.es/itm/227082575718,PriceCharting
Neo Genesis,Azumarill,2/111,Unlimited,PSA 9,2025-11-11,77.99,USD,eBay,unknown,FALSE,,,2000 Pokemon Neo Genesis #2 Azumarill Holo PSA 9 #2,https://www.ebay.es/itm/236026855638,PriceCharting
Neo Genesis,Azumarill,2/111,Unlimited,PSA 10,2026-04-19,2550.00,USD,eBay,unknown,FALSE,,,Pokemon Azumarill Neo Genesis Unlimited Holo Rare #2 PSA 10 Gem Mint,https://www.ebay.es/itm/287265070548,PriceCharting
Neo Genesis,Azumarill,2/111,Unlimited,PSA 10,2026-03-01,3100.00,USD,eBay,unknown,FALSE,,,Pokemon Azumarill Neo Genesis Unlimited Holo Rare #2 PSA 10 Gem Mint,https://www.ebay.es/itm/287148606470,PriceCharting
Neo Genesis,Azumarill,2/111,Unlimited,PSA 10,2025-10-21,855.00,USD,eBay,unknown,FALSE,,,2000 Pokemon Neo Genesis Azumarill Holo #2 PSA 10 #2,https://www.ebay.es/itm/355847612379,PriceCharting
Neo Genesis,Azumarill,2/111,Unlimited,PSA 10,2024-04-12,356.13,USD,eBay,unknown,FALSE,,,2000 Pokemon Neo Genesis #2 Azumarill - Holo PSA 10 GEM MINT,https://www.ebay.es/itm/386906716538,PriceCharting
Neo Genesis,Bellossom,3/111,1st Edition,PSA 8,2026-09-26,117.00,USD,eBay,unknown,FALSE,,,Pokemon 2000 Neo Genesis Bellossom 3/111 1st Edition Holo PSA 8 English 3/111,https://www.ebay.es/itm/198662393545,PriceCharting
Neo Genesis,Bellossom,3/111,1st Edition,PSA 8,2026-09-25,102.00,USD,eBay,unknown,FALSE,,,2000 POKEMON NEO GENESIS 1ST EDITION #3 BELLOSSOM-HOLO PSA 8 #3,https://www.ebay.es/itm/307197291358,PriceCharting
Neo Genesis,Bellossom,3/111,1st Edition,PSA 8,2026-09-25,102.00,USD,eBay,unknown,FALSE,,,2000 POKEMON NEO GENESIS 1ST EDITION #3 BELLOSSOM-HOLO PSA 8 #3,https://www.ebay.es/itm/298704491947,PriceCharting
Neo Genesis,Bellossom,3/111,1st Edition,PSA 8,2026-09-06,83.16,USD,eBay,unknown,FALSE,,,2000 POKEMON NEO GENESIS 1ST EDITION #3 BELLOSSOM-HOLO PSA 8 #3,https://www.ebay.es/itm/298620897960,PriceCharting
Neo Genesis,Bellossom,3/111,1st Edition,PSA 8,2026-08-17,87.90,USD,eBay,unknown,FALSE,,,2000 Pokemon Neo Genesis 1st Edition Bellossom Holo #3/111 PSA 8,https://www.ebay.es/itm/377410469009,PriceCharting
Neo Genesis,Bellossom,3/111,1st Edition,PSA 8,2026-07-29,84.00,USD,eBay,unknown,FALSE,,,145653967 Bellossom 2000 Pokemon Neo Genesis 1st Edition #3 Holo PSA 8 3/111,https://www.ebay.es/itm/158107259258,PriceCharting
Neo Genesis,Bellossom,3/111,1st Edition,PSA 8,2026-07-15,117.50,USD,eBay,unknown,FALSE,,,145653967 Bellossom 2000 Pokemon Neo Genesis 1st Edition #3 Holo PSA 8 3/111,https://www.ebay.es/itm/158064499513,PriceCharting
Neo Genesis,Bellossom,3/111,1st Edition,PSA 8,2026-07-14,81.00,USD,eBay,unknown,FALSE,,,2000 Pokemon Neo Genesis 1st Edition #3 Bellossom Holo PSA 8 NM-MT,https://www.ebay.es/itm/800298830807,PriceCharting
Neo Genesis,Bellossom,3/111,1st Edition,PSA 8,2026-07-03,115.00,USD,eBay,best offer,TRUE,,,Neo Genesis 1st Edition Bellossom PSA 8 HOLO 3/111 Pokemon (7625) 3/111,https://www.ebay.es/itm/336668860898,PriceCharting
Neo Genesis,Bellossom,3/111,1st Edition,PSA 8,2026-07-01,115.00,USD,eBay,unknown,FALSE,,,Neo Genesis 1st Edition Bellossom PSA 8 HOLO 3/111 Pokemon (7625) 3/111,https://www.ebay.es/itm/225081937782,PriceCharting
Neo Genesis,Bellossom,3/111,1st Edition,PSA 8,2026-06-30,120.00,USD,eBay,unknown,FALSE,,,2000 POKEMON NEO GENESIS 1ST EDITION #3 BELLOSSOM-HOLO PSA 8 #3,https://www.ebay.es/itm/307032520751,PriceCharting
Neo Genesis,Bellossom,3/111,1st Edition,PSA 8,2026-06-11,115.00,USD,eBay,unknown,FALSE,,,Pokémon Bellossom 3/111 Neo Genesis 1st Edition Holo Rare PSA 8 English 3/111,https://www.ebay.es/itm/327134626625,PriceCharting
Neo Genesis,Bellossom,3/111,1st Edition,PSA 8,2026-06-07,92.00,USD,eBay,unknown,FALSE,,,Pokemon 2000 Bellossom 3/111 Holo 1st Edition Neo Genesis PSA 8 3/111,https://www.ebay.es/itm/188419812050,PriceCharting
Neo Genesis,Bellossom,3/111,1st Edition,PSA 8,2026-05-21,120.00,USD,eBay,unknown,FALSE,,,Pokémon Bellossom 3/111 Neo Genesis 1st Edition Holo Rare PSA 8 3/111,https://www.ebay.es/itm/318243868348,PriceCharting
Neo Genesis,Bellossom,3/111,1st Edition,PSA 8,2026-05-18,105.00,USD,eBay,unknown,FALSE,,,Pokemon 2000 Bellossom 3/111 Holo 1st Edition Neo Genesis PSA 8 3/111,https://www.ebay.es/itm/406911815163,PriceCharting
Neo Genesis,Bellossom,3/111,1st Edition,PSA 8,2026-05-13,110.00,USD,eBay,unknown,FALSE,,,POKEMON NEO GENESIS 1ST EDITION BELLOSSOM HOLO 3/111 PSA 8 3/111,https://www.ebay.es/itm/318006261230,PriceCharting
Neo Genesis,Bellossom,3/111,1st Edition,PSA 8,2026-05-11,100.00,USD,eBay,unknown,FALSE,,,Pokemon 2000 Bellossom 3/111 Holo 1st Edition Neo Genesis PSA 8 3/111,https://www.ebay.es/itm/406896107909,PriceCharting
Neo Genesis,Bellossom,3/111,1st Edition,PSA 8,2026-04-26,113.15,USD,eBay,best offer,TRUE,,,Pokemon PSA 8 Bellossom Holo 1st Edition Neo Genesis 3/111 ENG,https://www.ebay.es/itm/188122226374,PriceCharting
Neo Genesis,Bellossom,3/111,1st Edition,PSA 8,2026-04-26,110.00,USD,eBay,unknown,FALSE,,,2000 Pokémon Neo Genesis Bellossom Holo 1st Edition #3 PSA 8 NM-MT #3,https://www.ebay.es/itm/377101402690,PriceCharting
Neo Genesis,Bellossom,3/111,1st Edition,PSA 8,2026-04-26,103.76,USD,eBay,unknown,FALSE,,,PSA 8 NM-MT Pokemon Bellossom 3/111 Holo Neo Genesis 1st Edition 2000 English #2,https://www.ebay.es/itm/226903642596,PriceCharting
Neo Genesis,Bellossom,3/111,1st Edition,PSA 8,2026-04-20,110.00,USD,eBay,best offer,TRUE,,,2000 Pokemon Neo Genesis Bellossom Holo Foil Rare #3 3/111 TCG 1st Edition PSA 8 #3,https://www.ebay.es/itm/267614975216,PriceCharting
Neo Genesis,Bellossom,3/111,1st Edition,PSA 8,2026-04-19,162.50,USD,eBay,unknown,FALSE,,,2000 POKEMON NEO GENESIS 1ST EDITION #3 BELLOSSOM-HOLO PSA 8 #3,https://www.ebay.es/itm/117128992067,PriceCharting
Neo Genesis,Bellossom,3/111,1st Edition,PSA 8,2026-04-19,100.00,USD,eBay,unknown,FALSE,,,2000 POKEMON NEO GENESIS 1ST ED #3 BELLOSSOM-HOLO PSA 8 #3,https://www.ebay.es/itm/227305422250,PriceCharting
Neo Genesis,Bellossom,3/111,1st Edition,PSA 8,2026-04-18,104.81,USD,eBay,unknown,FALSE,,,2000 POKEMON NEO GENESIS 1ST EDITION #3/111 BELLOSSOM HOLO RARE PSA 8 3/111,https://www.ebay.es/itm/206202948036,PriceCharting
Neo Genesis,Bellossom,3/111,1st Edition,PSA 8,2026-04-15,100.00,USD,eBay,best offer,TRUE,,,2000 POKEMON NEO GENESIS 1ST ED #3 BELLOSSOM-HOLO PSA 8 #3,https://www.ebay.es/itm/306856267120,PriceCharting
Neo Genesis,Bellossom,3/111,1st Edition,PSA 9,2026-09-26,291.45,USD,eBay,unknown,FALSE,,,2000 POKEMON NEO GENESIS 1ST EDITION #3 BELLOSSOM HOLO 1ST EDITION PSA 9 #3,https://www.ebay.es/itm/307184613976,PriceCharting
Neo Genesis,Bellossom,3/111,1st Edition,PSA 9,2026-09-24,185.00,USD,eBay,best offer,TRUE,,,The Pokémon Company 2000 Neo Genesis 1st Ed Bellossom Holo 3/111 PSA 9 3/111,https://www.ebay.es/itm/198664378471,PriceCharting
Neo Genesis,Bellossom,3/111,1st Edition,PSA 9,2026-09-04,220.00,USD,eBay,unknown,FALSE,,,2000 Pokemon Neo Genesis 1st Edition Bellossom #3 1st Edition PSA 9 #3,https://www.ebay.es/itm/257693166314,PriceCharting
Neo Genesis,Bellossom,3/111,1st Edition,PSA 9,2026-08-17,162.50,USD,eBay,unknown,FALSE,,,Pokemon Bellossom Holo Neo Genesis 1st Edition 3/111 PSA 9 Mint 3/111,https://www.ebay.es/itm/287511105084,PriceCharting
Neo Genesis,Bellossom,3/111,1st Edition,PSA 9,2026-08-01,225.00,USD,eBay,unknown,FALSE,,,2000 Pokemon 1st Edition Neo Genesis Bellossom | PSA 9 3/111,https://www.ebay.es/itm/307086265619,PriceCharting
Neo Genesis,Bellossom,3/111,1st Edition,PSA 9,2026-08-01,147.50,USD,eBay,unknown,FALSE,,,2000 POKEMON NEO GENESIS 1ST EDITION #3 BELLOSSOM-HOLO PSA 9 #3,https://www.ebay.es/itm/117318690777,PriceCharting
Neo Genesis,Bellossom,3/111,1st Edition,PSA 9,2026-07-27,162.00,USD,eBay,unknown,FALSE,,,Pokémon Neo Genesis Bellossom 3/111 Holo Rare First Edition PSA 9 3/111,https://www.ebay.es/itm/358807435150,PriceCharting
Neo Genesis,Bellossom,3/111,1st Edition,PSA 9,2026-07-16,192.21,USD,eBay,unknown,FALSE,,,2000 POKEMON NEO GENESIS 1ST ED #3 BELLOSSOM-HOLO PSA 9 #3,https://www.ebay.es/itm/287429095374,PriceCharting
Neo Genesis,Bellossom,3/111,1st Edition,PSA 9,2026-07-15,169.94,USD,eBay,unknown,FALSE,,,2000 POKEMON NEO GENESIS 1ST EDITION #3 BELLOSSOM-HOLO PSA 9 #3,https://www.ebay.es/itm/298506072341,PriceCharting
Neo Genesis,Bellossom,3/111,1st Edition,PSA 9,2026-07-07,171.00,USD,eBay,best offer,TRUE,,,2000 POKEMON NEO GENESIS 1ST EDITION #3 BELLOSSOM-HOLO PSA 9 #3,https://www.ebay.es/itm/117284094080,PriceCharting
Neo Genesis,Bellossom,3/111,1st Edition,PSA 9,2026-06-22,157.50,USD,eBay,unknown,FALSE,,,2000 POKEMON NEO GENESIS 1ST EDITION #3 BELLOSSOM-HOLO PSA 9 #3,https://www.ebay.es/itm/117236296141,PriceCharting
Neo Genesis,Bellossom,3/111,1st Edition,PSA 9,2026-06-21,134.25,USD,eBay,unknown,FALSE,,,2000 POKEMON NEO GENESIS 1ST EDITION #3/111 BELLOSSOM HOLO RARE PSA 9 3/111,https://www.ebay.es/itm/206343179505,PriceCharting
Neo Genesis,Bellossom,3/111,1st Edition,PSA 9,2026-06-20,100.00,USD,eBay,unknown,FALSE,,,Pokemon Bellossom 1st Edition Neo Genesis PSA 9 MINT Holo #3/111 TCG WOTC 2000 #3,https://www.ebay.es/itm/327222887561,PriceCharting
Neo Genesis,Bellossom,3/111,1st Edition,PSA 9,2026-06-20,100.00,USD,eBay,unknown,FALSE,,,Pokemon Bellossom 1st Edition Neo Genesis PSA 9 MINT Holo #3/111 TCG WOTC 2000 #3,https://www.ebay.es/itm/327160137289,PriceCharting
Neo Genesis,Bellossom,3/111,1st Edition,PSA 9,2026-05-25,200.00,USD,eBay,unknown,FALSE,,,2000 Pokemon Neo Genesis Bellossom Holo 1st Edition #3 PSA 9,https://www.ebay.es/itm/188351924807,PriceCharting
Neo Genesis,Bellossom,3/111,1st Edition,PSA 9,2026-05-22,177.00,USD,eBay,unknown,FALSE,,,2000 POKEMON NEO GENESIS 1ST EDITION #3 BELLOSSOM-HOLO PSA 9 #3,https://www.ebay.es/itm/298313219147,PriceCharting
Neo Genesis,Bellossom,3/111,1st Edition,PSA 9,2026-05-13,100.00,USD,eBay,unknown,FALSE,,,Pokemon Bellossom 1st Edition Neo Genesis PSA 9 MINT Holo #3/111 TCG WOTC 2000 #3,https://www.ebay.es/itm/327131104051,PriceCharting
Neo Genesis,Bellossom,3/111,1st Edition,PSA 9,2026-05-13,190.00,USD,eBay,best offer,TRUE,,,2000 Pokemon Neo Genesis Bellossom Holo 1st Edition #3 PSA 9,https://www.ebay.es/itm/336577336939,PriceCharting
Neo Genesis,Bellossom,3/111,1st Edition,PSA 9,2026-05-13,165.00,USD,eBay,best offer,TRUE,,,Pokémon Neo Genesis Bellossom 3/111 1st Edition Holo PSA 9 2000 Wizards + Swirl 3/111,https://www.ebay.es/itm/267656135683,PriceCharting
Neo Genesis,Bellossom,3/111,1st Edition,PSA 9,2026-05-10,177.50,USD,eBay,unknown,FALSE,,,Pokemon Bellossom Neo Genesis 1st Edition Holo Rare #3 PSA 9 Mint,https://www.ebay.es/itm/287301526402,PriceCharting
Neo Genesis,Bellossom,3/111,1st Edition,PSA 9,2026-05-08,164.50,USD,eBay,best offer,TRUE,,,Pokémon Neo Genesis Bellossom 3/111 1st Edition Holo PSA 9 2000 Wizards 3/111,https://www.ebay.es/itm/267656134526,PriceCharting
Neo Genesis,Bellossom,3/111,1st Edition,PSA 10,2026-09-23,3091.23,USD,eBay,best offer,TRUE,,,Pokemon Bellossom Neo Genesis 1st Edition Holo Rare #3 PSA 10 Gem Mint,https://www.ebay.es/itm/306978225552,PriceCharting
Neo Genesis,Bellossom,3/111,1st Edition,PSA 10,2026-09-17,2200.00,USD,eBay,unknown,FALSE,,,2000 POKEMON NEO GENESIS 1ST EDITION #3 BELLOSSOM-HOLO PSA 10 #3,https://www.ebay.es/itm/117288267098,PriceCharting
Neo Genesis,Bellossom,3/111,1st Edition,PSA 10,2026-09-16,1860.95,USD,eBay,unknown,FALSE,,,2000 Pokemon Neo Genesis Bellossom Holo 1st Edition #3 PSA 10,https://www.ebay.es/itm/398401839225,PriceCharting
Neo Genesis,Bellossom,3/111,1st Edition,PSA 10,2026-09-01,1610.00,USD,eBay,unknown,FALSE,,,Pokemon 2000 Neo Genesis Bellossom Holo 1st Edition #3/111 PSA 10 3/111,https://www.ebay.es/itm/307145789020,PriceCharting
Neo Genesis,Bellossom,3/111,1st Edition,PSA 10,2026-08-17,1606.00,USD,eBay,unknown,FALSE,,,2000 POKEMON NEO GENESIS 1ST EDITION #3 BELLOSSOM-HOLO PSA 10 #3,https://www.ebay.es/itm/307115106968,PriceCharting
Neo Genesis,Bellossom,3/111,1st Edition,PSA 10,2026-06-04,1750.00,USD,eBay,best offer,TRUE,,,Pokémon - Neo Genesis 1st Edition - Bellossom Holo 3/111 - PSA 10 3/111,https://www.ebay.es/itm/358560500948,PriceCharting
Neo Genesis,Bellossom,3/111,1st Edition,PSA 10,2026-05-30,1875.00,USD,eBay,unknown,FALSE,,,BELLOSSOM 2000 POKEMON NEO GENESIS HOLO 1ST EDITION #3 PSA 10 Q0895 #3,https://www.ebay.es/itm/278012479286,PriceCharting
Neo Genesis,Bellossom,3/111,1st Edition,PSA 10,2026-05-18,2075.00,USD,eBay,unknown,FALSE,,,Pokemon Bellossom Neo Genesis 1st Edition Holo Rare #3 PSA 10 Gem Mint,https://www.ebay.es/itm/287318134066,PriceCharting
Neo Genesis,Bellossom,3/111,1st Edition,PSA 10,2026-05-17,1287.16,USD,eBay,unknown,FALSE,,,BELLOSSOM POKEMON 3 2000 NEO GENESIS HOLO ENGLISH PSA 10,https://www.ebay.es/itm/137292489383,PriceCharting
Neo Genesis,Bellossom,3/111,1st Edition,PSA 10,2026-04-19,1953.00,USD,eBay,unknown,FALSE,,,Pokemon Bellossom Neo Genesis 1st Edition Holo Rare #3 PSA 10 Gem Mint,https://www.ebay.es/itm/287265070528,PriceCharting
Neo Genesis,Bellossom,3/111,1st Edition,PSA 10,2026-04-19,2603.97,USD,eBay,unknown,FALSE,,,BELLOSSOM POKEMON 3 2000 NEO GENESIS HOLO ENGLISH PSA 10,https://www.ebay.es/itm/137210403088,PriceCharting
Neo Genesis,Bellossom,3/111,1st Edition,PSA 10,2026-03-29,3050.00,USD,eBay,unknown,FALSE,,,Pokemon Bellossom Neo Genesis 1st Edition Holo Rare #3 PSA 10 Gem Mint,https://www.ebay.es/itm/287220018883,PriceCharting
Neo Genesis,Bellossom,3/111,1st Edition,PSA 10,2026-03-13,2499.99,USD,eBay,unknown,FALSE,,,POKEMON 1st Edition Neo Genesis BELLOSSOM 3/111 Holo Rare PSA 10 GEM MINT 3/111,https://www.ebay.es/itm/236615155184,PriceCharting
Neo Genesis,Bellossom,3/111,1st Edition,PSA 10,2026-03-04,1750.00,USD,eBay,unknown,FALSE,,,Pokemon Bellossom Neo Genesis 1st Edition Holo Rare #3 PSA 10 Gem Mint,https://www.ebay.es/itm/287126834452,PriceCharting
Neo Genesis,Bellossom,3/111,1st Edition,PSA 10,2026-02-23,1025.00,USD,eBay,unknown,FALSE,,,Pokemon Bellossom Neo Genesis 1st Edition Holo Rare #3 PSA 10 Gem Mint,https://www.ebay.es/itm/287139217827,PriceCharting
Neo Genesis,Bellossom,3/111,1st Edition,PSA 10,2025-12-27,699.00,USD,eBay,unknown,FALSE,,,2000 POKEMON NEO GENESIS 1ST ED #3 BELLOSSOM-HOLO PSA 10 #3,https://www.ebay.es/itm/116945946633,PriceCharting
Neo Genesis,Bellossom,3/111,1st Edition,PSA 10,2025-11-24,590.00,USD,eBay,unknown,FALSE,,,Pokemon Bellossom Neo Genesis 1st Edition Holo Rare #3 PSA 10 Gem Mint,https://www.ebay.es/itm/286939084210,PriceCharting
Neo Genesis,Bellossom,3/111,1st Edition,PSA 10,2025-11-18,699.99,USD,eBay,unknown,FALSE,,,2000 Pokemon Neo Genesis Bellossom 1st Edition Holo #3 PSA 10 English #3,https://www.ebay.es/itm/267411603284,PriceCharting
Neo Genesis,Bellossom,3/111,1st Edition,PSA 10,2025-10-06,725.00,USD,eBay,unknown,FALSE,,,Pokemon Bellossom Neo Genesis 1st Edition Holo Rare #3 PSA 10 Gem Mint,https://www.ebay.es/itm/286840293651,PriceCharting
Neo Genesis,Bellossom,3/111,1st Edition,PSA 10,2025-09-12,579.11,USD,eBay,unknown,FALSE,,,Pokemon Cards: Neo Genesis 1st Edition Rare Holo: Bellossom 3/111 PSA 10 #3,https://www.ebay.es/itm/317270065645,PriceCharting
Neo Genesis,Bellossom,3/111,1st Edition,PSA 10,2025-08-31,415.00,USD,eBay,unknown,FALSE,,,Pokemon Bellossom Neo Genesis 1st Edition Holo Rare #3 PSA 10 Gem Mint,https://www.ebay.es/itm/286776307823,PriceCharting
Neo Genesis,Bellossom,3/111,1st Edition,PSA 10,2025-07-21,650.00,USD,eBay,unknown,FALSE,,,Pokemon Bellossom Neo Genesis 1st Edition Holo Rare #3 PSA 10 Gem Mint,https://www.ebay.es/itm/286701363482,PriceCharting
Neo Genesis,Bellossom,3/111,1st Edition,PSA 10,2025-07-21,490.00,USD,eBay,unknown,FALSE,,,Pokemon Bellossom Neo Genesis 1st Edition Holo Rare #3 PSA 10 Gem Mint,https://www.ebay.es/itm/286700493702,PriceCharting
Neo Genesis,Bellossom,3/111,1st Edition,PSA 10,2025-04-11,540.50,USD,eBay,unknown,FALSE,,,Pokemon 2000 WOTC Neo Genesis 1st Edition: Bellossom 3/111 Holo Foil - PSA 10,https://www.ebay.es/itm/334905880309,PriceCharting
Neo Genesis,Bellossom,3/111,1st Edition,PSA 10,2025-04-08,349.99,USD,eBay,unknown,FALSE,,,POKEMON 1st Edition Neo Genesis BELLOSSOM 3/111 Holo Rare PSA 10 GEM MINT WOTC 3/111,https://www.ebay.es/itm/166841566372,PriceCharting
Neo Genesis,Bellossom,3/111,1st Edition,PSA 10,2025-04-07,400.00,USD,eBay,unknown,FALSE,,,PSA 10 Bellossom 3/111 1st Edition Neo Genesis Pokemon English 3/111,https://www.ebay.es/itm/405546829045,PriceCharting
Neo Genesis,Bellossom,3/111,1st Edition,PSA 10,2025-04-06,654.34,USD,eBay,unknown,FALSE,,,Pokemon Cards: 1st Edition Neo Genesis Rare Holo: Bellossom 3/111: PSA 10 #3,https://www.ebay.es/itm/315693906991,PriceCharting
Neo Genesis,Bellossom,3/111,1st Edition,PSA 10,2025-03-20,345.00,USD,eBay,unknown,FALSE,,,2000 💎 Neo Genesis 3 Bellossom 1st Edition Holo Rare Pokemon TCG Card PSA 10 #3,https://www.ebay.es/itm/404656099328,PriceCharting
Neo Genesis,Bellossom,3/111,1st Edition,PSA 10,2025-03-19,348.45,USD,eBay,unknown,FALSE,,,2000 Bellossom 3/111 1st Edition Neo Genesis Holo Rare PSA 10 Pokemon TCG,https://www.ebay.es/itm/335738822878,PriceCharting
Neo Genesis,Bellossom,3/111,1st Edition,PSA 10,2025-03-17,350.00,USD,eBay,unknown,FALSE,,,2000 Pokemon Bellossom #3 Neo Genesis 1st Edition Holo PSA 10 GEM MINT #3,https://www.ebay.es/itm/116377920044,PriceCharting
Neo Genesis,Bellossom,3/111,Unlimited,PSA 8,2026-09-01,91.00,USD,eBay,best offer,TRUE,,,2000 POKEMON NEO GENESIS #3 BELLOSSOM-HOLO PSA 8 #3,https://www.ebay.es/itm/298504524743,PriceCharting
Neo Genesis,Bellossom,3/111,Unlimited,PSA 8,2026-08-09,48.78,USD,eBay,unknown,FALSE,,,2000 POKEMON NEO GENESIS #3/111 BELLOSSOM HOLO RARE PSA 8 3/111,https://www.ebay.es/itm/206457548110,PriceCharting
Neo Genesis,Bellossom,3/111,Unlimited,PSA 8,2026-07-26,52.50,USD,eBay,unknown,FALSE,,,2000 POKEMON NEO GENESIS #3/111 BELLOSSOM HOLO RARE PSA 8 3/111,https://www.ebay.es/itm/206423876163,PriceCharting
Neo Genesis,Bellossom,3/111,Unlimited,PSA 8,2026-07-16,54.99,USD,eBay,unknown,FALSE,,,Pokémon TCG Bellossom Neo Genesis Holo Unlimited Rare PSA 8 3/111,https://www.ebay.es/itm/206353275948,PriceCharting
Neo Genesis,Bellossom,3/111,Unlimited,PSA 8,2026-07-15,48.00,USD,eBay,best offer,TRUE,,,2000 Pokemon Neo Genesis Bellossom 3/111 Holo Rare PSA 8 NM/MINT 3/111,https://www.ebay.es/itm/267722855893,PriceCharting
Neo Genesis,Bellossom,3/111,Unlimited,PSA 8,2026-06-14,63.00,USD,eBay,unknown,FALSE,,,Pokémon Bellossom 3/111 Neo Genesis Holo Rare Unlimited PSA 8 2000 English 3/111,https://www.ebay.es/itm/377217860324,PriceCharting
Neo Genesis,Bellossom,3/111,Unlimited,PSA 8,2026-06-04,59.99,USD,eBay,unknown,FALSE,,,Bellossom 3/111 Neo Genesis Holo PSA 8 Pokemon TCG WOTC 2000 3/111,https://www.ebay.es/itm/358630765542,PriceCharting
Neo Genesis,Bellossom,3/111,Unlimited,PSA 8,2026-06-01,50.00,USD,eBay,unknown,FALSE,,,Bellossom 3/111 Neo Genesis Holo PSA 8 Pokemon TCG WOTC 2000 3/111,https://www.ebay.es/itm/318377513109,PriceCharting
Neo Genesis,Bellossom,3/111,Unlimited,PSA 8,2026-05-25,86.00,USD,eBay,unknown,FALSE,,,2000 Pokemon Neo Genesis 3 Bellossom Holo Rare PSA 8 Near Mint 3/111,https://www.ebay.es/itm/406931894112,PriceCharting
Neo Genesis,Bellossom,3/111,Unlimited,PSA 8,2026-05-23,45.00,USD,eBay,best offer,TRUE,,,"2000 Pokemon Card Neo Genesis BELLOSSOM Holo 3/111, PSA 8 NM-MT SWIRL 3/111",https://www.ebay.es/itm/178157479109,PriceCharting
Neo Genesis,Bellossom,3/111,Unlimited,PSA 8,2026-05-07,46.83,USD,eBay,best offer,TRUE,,,2000 Bellossom Neo Genesis 3/111 Holo (PSA 8 NM - MT) Pokemon TCG German 3/111,https://www.ebay.es/itm/287289547652,PriceCharting
Neo Genesis,Bellossom,3/111,Unlimited,PSA 8,2026-05-01,40.00,USD,eBay,unknown,FALSE,,,"2000 Pokemon Card Neo Genesis BELLOSSOM Holo 3/111, PSA 8 NM-MT #61",https://www.ebay.es/itm/127108137296,PriceCharting
Neo Genesis,Bellossom,3/111,Unlimited,PSA 8,2026-04-13,52.00,USD,eBay,unknown,FALSE,,,PSA 8 NM-MT Pokemon Bellossom Neo Genesis Holo 3/111,https://www.ebay.es/itm/197493018824,PriceCharting
Neo Genesis,Bellossom,3/111,Unlimited,PSA 8,2026-04-04,39.95,USD,eBay,unknown,FALSE,,,2000 POKEMON NEO GENESIS #3 BELLOSSOM-HOLO PSA 8 #3,https://www.ebay.es/itm/317257235464,PriceCharting
Neo Genesis,Bellossom,3/111,Unlimited,PSA 8,2026-03-03,38.00,USD,eBay,unknown,FALSE,,,2000 POKEMON NEO GENESIS #3 BELLOSSOM-HOLO PSA 8 #3,https://www.ebay.es/itm/376467656332,PriceCharting
Neo Genesis,Bellossom,3/111,Unlimited,PSA 8,2026-01-13,32.51,USD,eBay,unknown,FALSE,,,PSA 8 NM-MT Pokemon Bellossom Neo Genesis Holo 3/111,https://www.ebay.es/itm/397197371530,PriceCharting
Neo Genesis,Bellossom,3/111,Unlimited,PSA 8,2026-01-09,28.00,USD,eBay,unknown,FALSE,,,2000 Pokémon Neo Genesis #3 Bellossom Holo PSA 8 #3,https://www.ebay.es/itm/168060087563,PriceCharting
Neo Genesis,Bellossom,3/111,Unlimited,PSA 9,2026-09-16,100.00,USD,eBay,unknown,FALSE,,,Bellossom Neo Genesis Holo Rare 3/111 2000 Pokemon TCG PSA 9 Graded 3/111,https://www.ebay.es/itm/398319316974,PriceCharting
Neo Genesis,Bellossom,3/111,Unlimited,PSA 9,2026-07-23,115.45,USD,eBay,best offer,TRUE,,,PSA 9 BELLOSSOM 3/111 Holo Rare Neo Genesis 2000 - Pokemon Card WOTC 3/111,https://www.ebay.es/itm/204004459796,PriceCharting
Neo Genesis,Bellossom,3/111,Unlimited,PSA 9,2026-07-11,38.00,USD,eBay,unknown,FALSE,,,Bellossom Neo Genesis Holo Rare 3/111 2000 Pokemon TCG PSA 9 Graded 3/111,https://www.ebay.es/itm/318526727446,PriceCharting
Neo Genesis,Bellossom,3/111,Unlimited,PSA 9,2026-07-01,80.00,USD,eBay,best offer,TRUE,,,Bellossom Neo Genesis Holo Rare 3/111 2000 Pokemon TCG PSA 9 Graded 3/111,https://www.ebay.es/itm/318526048651,PriceCharting
Neo Genesis,Bellossom,3/111,Unlimited,PSA 9,2026-06-29,100.00,USD,eBay,unknown,FALSE,,,2000 POKEMON NEO GENESIS #3 BELLOSSOM-HOLO PSA 9 #3,https://www.ebay.es/itm/298072981207,PriceCharting
Neo Genesis,Bellossom,3/111,Unlimited,PSA 9,2026-06-20,89.95,USD,eBay,unknown,FALSE,,,Bellossom 2000 Pokemon Neo Genesis 3/111 Holo PSA 9 #3,https://www.ebay.es/itm/287301643288,PriceCharting
Neo Genesis,Bellossom,3/111,Unlimited,PSA 9,2026-06-13,70.00,USD,eBay,unknown,FALSE,,,Pokémon TCG Bellossom Neo Genesis Holo PSA 9 Unlimited Rare Card 3/111 3/111,https://www.ebay.es/itm/178074377596,PriceCharting
Neo Genesis,Bellossom,3/111,Unlimited,PSA 9,2026-06-09,72.80,USD,eBay,unknown,FALSE,,,Pokemon Neo Genesis Unlimited Bellossom PSA 9 Holo (1748) 3/111,https://www.ebay.es/itm/224818828625,PriceCharting
Neo Genesis,Bellossom,3/111,Unlimited,PSA 9,2026-05-01,72.80,USD,eBay,unknown,FALSE,,,Pokemon Neo Genesis Unlimited Bellossom PSA 9 Holo (1747) 3/111,https://www.ebay.es/itm/224818828618,PriceCharting
Neo Genesis,Bellossom,3/111,Unlimited,PSA 9,2026-04-13,65.00,USD,eBay,unknown,FALSE,,,Bellossom 2000 Pokemon Neo Genesis 3/111 Holo PSA 9 MINT #3,https://www.ebay.es/itm/256953477862,PriceCharting
Neo Genesis,Bellossom,3/111,Unlimited,PSA 9,2026-04-10,99.00,USD,eBay,unknown,FALSE,,,Bellossom 2000 Pokemon Neo Genesis 3/111 Holo PSA 9 #3,https://www.ebay.es/itm/177977606341,PriceCharting
Neo Genesis,Bellossom,3/111,Unlimited,PSA 9,2026-04-05,72.99,USD,eBay,unknown,FALSE,,,2000 POKEMON NEO GENESIS #3 BELLOSSOM-HOLO PSA 9 #3,https://www.ebay.es/itm/116843927591,PriceCharting
Neo Genesis,Bellossom,3/111,Unlimited,PSA 9,2026-04-05,46.00,USD,eBay,unknown,FALSE,,,Bellossom 3/111 Holo Pokemon Neo Genesis PSA 9 MINT 3/111,https://www.ebay.es/itm/117115491130,PriceCharting
Neo Genesis,Bellossom,3/111,Unlimited,PSA 9,2026-04-01,63.90,USD,eBay,unknown,FALSE,,,2000 Pokemon Neo Genesis Bellossom Holo #3/111 PSA 9,https://www.ebay.es/itm/377064723927,PriceCharting
Neo Genesis,Bellossom,3/111,Unlimited,PSA 9,2026-03-18,56.99,USD,eBay,unknown,FALSE,,,Bellossom 3/111 Holo Pokemon Neo Genesis PSA 9 MINT 3/111,https://www.ebay.es/itm/206113868113,PriceCharting
Neo Genesis,Bellossom,3/111,Unlimited,PSA 9,2026-03-16,60.00,USD,eBay,unknown,FALSE,,,Bellossom 2000 Pokemon Neo Genesis 3/111 Holo PSA 9 MINT #3,https://www.ebay.es/itm/334318990999,PriceCharting
Neo Genesis,Bellossom,3/111,Unlimited,PSA 9,2026-03-14,68.95,USD,eBay,unknown,FALSE,,,Pokemon Neo Genesis Bellossom 3/111 PSA 9,https://www.ebay.es/itm/336372043610,PriceCharting
Neo Genesis,Bellossom,3/111,Unlimited,PSA 9,2026-03-09,105.00,USD,eBay,unknown,FALSE,,,Pokemon Bellossom Neo Genesis Unlimited Holo Rare #3 PSA 9 Mint,https://www.ebay.es/itm/287184596527,PriceCharting
Neo Genesis,Bellossom,3/111,Unlimited,PSA 9,2026-02-27,62.00,USD,eBay,unknown,FALSE,,,2000 POKEMON NEO GENESIS #3 BELLOSSOM-HOLO PSA 9 #3,https://www.ebay.es/itm/117034254168,PriceCharting
Neo Genesis,Bellossom,3/111,Unlimited,PSA 9,2026-02-10,49.00,USD,eBay,unknown,FALSE,,,BELLOSSOM 2000 POKEMON NEO GENESIS HOLO RARE 3/111 PSA 9 Q0004,https://www.ebay.es/itm/277695167423,PriceCharting
Neo Genesis,Bellossom,3/111,Unlimited,PSA 10,2026-05-03,1659.94,USD,eBay,unknown,FALSE,,,BELLOSSOM POKEMON 3 2000 NEO GENESIS HOLO ENGLISH PSA 10,https://www.ebay.es/itm/137253156751,PriceCharting
Neo Genesis,Bellossom,3/111,Unlimited,PSA 10,2026-01-26,550.00,USD,eBay,best offer,TRUE,,,2000 Pokemon Unlimited Neo Genesis #3 Bellossom Holo PSA 10 Card GEM MINT! Pop56 #3,https://www.ebay.es/itm/177548604803,PriceCharting
Neo Genesis,Bellossom,3/111,Unlimited,PSA 10,2026-01-03,647.77,USD,eBay,unknown,FALSE,,,2000 Pokemon Unlimited Neo Genesis #3 Bellossom Holo PSA 10 Card GEM MINT! Pop56 #3,https://www.ebay.es/itm/157410478567,PriceCharting
Neo Genesis,Bellossom,3/111,Unlimited,PSA 10,2025-08-10,235.00,USD,eBay,unknown,FALSE,,,Pokemon Bellossom Neo Genesis Unlimited Holo Rare #3 PSA 10 Gem Mint,https://www.ebay.es/itm/286739114188,PriceCharting
Neo Genesis,Bellossom,3/111,Unlimited,PSA 10,2025-08-02,299.99,USD,eBay,unknown,FALSE,,,2000 BELLOSSOM HOLO RARE NEO GENESIS POKEMON PSA 10 GEM MINT #3/111 #3,https://www.ebay.es/itm/146732184622,PriceCharting
Neo Genesis,Bellossom,3/111,Unlimited,PSA 10,2025-07-14,290.00,USD,eBay,unknown,FALSE,,,Pokemon Bellossom Neo Genesis Unlimited Holo Rare #3 PSA 10 Gem Mint,https://www.ebay.es/itm/286690508865,PriceCharting
Neo Genesis,Bellossom,3/111,Unlimited,PSA 10,2025-07-13,307.00,USD,eBay,unknown,FALSE,,,Pokemon Bellossom Neo Genesis Unlimited Holo Rare #3 PSA 10 Gem Mint,https://www.ebay.es/itm/286690576781,PriceCharting
Neo Genesis,Bellossom,3/111,Unlimited,PSA 10,2025-03-09,200.00,USD,eBay,unknown,FALSE,,,2000 BELLOSSOM HOLO RARE NEO GENESIS POKEMON PSA 10 GEM MINT #3/111 #3,https://www.ebay.es/itm/388020026588,PriceCharting
Neo Genesis,Bellossom,3/111,Unlimited,PSA 10,2025-03-01,228.00,USD,eBay,unknown,FALSE,,,2000 BELLOSSOM HOLO RARE NEO GENESIS POKEMON PSA 10 GEM MINT #3/111 #3,https://www.ebay.es/itm/186503498990,PriceCharting
Neo Genesis,Bellossom,3/111,Unlimited,PSA 10,2024-12-13,160.00,USD,eBay,unknown,FALSE,,,PSA 10 Pokemon Bellossom 3/111 Neo Genesis Holo 3/111,https://www.ebay.es/itm/387714701965,PriceCharting
Neo Genesis,Bellossom,3/111,Unlimited,PSA 10,2024-11-22,180.00,USD,eBay,unknown,FALSE,,,2000 Pokémon Neo Genesis Bellossom-Holo #3 PSA 10 GEM MINT,https://www.ebay.es/itm/315704080408,PriceCharting
Neo Genesis,Bellossom,3/111,Unlimited,PSA 10,2024-10-21,175.00,USD,eBay,unknown,FALSE,,,2000 Pokemon Neo Genesis #3 Bellossom-Holo Unlimited PSA 10 GEM MINT #3,https://www.ebay.es/itm/167030568347,PriceCharting
Neo Genesis,Bellossom,3/111,Unlimited,PSA 10,2024-08-31,190.00,USD,eBay,unknown,FALSE,,,Pokemon Neo Genesis Bellossom 3/111 PSA 10 GEM MINT POP 53,https://www.ebay.es/itm/375588067106,PriceCharting
Neo Genesis,Bellossom,3/111,Unlimited,PSA 10,2024-06-27,234.50,USD,eBay,unknown,FALSE,,,2000 Pokemon Neo Genesis #3 Bellossom Holo PSA 10,https://www.ebay.es/itm/375494789954,PriceCharting
Neo Genesis,Bellossom,3/111,Unlimited,PSA 10,2024-04-12,194.17,USD,eBay,unknown,FALSE,,,2000 Pokemon Neo Genesis #3 Bellossom - Holo PSA 10 GEM MINT,https://www.ebay.es/itm/386906764909,PriceCharting
Neo Genesis,Bellossom,3/111,Unlimited,PSA 10,2024-04-12,182.50,USD,eBay,unknown,FALSE,,,2000 Pokemon Neo Genesis #3 Bellossom - Holo PSA 10 GEM MINT,https://www.ebay.es/itm/364825370420,PriceCharting
Neo Genesis,Bellossom,3/111,Unlimited,PSA 10,2024-03-10,203.86,USD,eBay,unknown,FALSE,,,Pokemon PSA 10 - Bellossom 1. Edition Neo Genesis 3/111 Gem Mint Holo,https://www.ebay.es/itm/166628533841,PriceCharting
Neo Genesis,Bellossom,3/111,Unlimited,PSA 10,2024-03-03,156.19,USD,eBay,unknown,FALSE,,,Pokemon Bellossom Neo Genesis Unlimited Holo Rare #3 PSA 10 Gem Mint,https://www.ebay.es/itm/285731573499,PriceCharting
Neo Genesis,Bellossom,3/111,Unlimited,PSA 10,2024-01-25,200.00,USD,eBay,unknown,FALSE,,,2000 Pokemon Neo Genesis #3 Bellossom Holo PSA 10 Gem Mint #3,https://www.ebay.es/itm/196196020472,PriceCharting
Neo Genesis,Bellossom,3/111,Unlimited,PSA 10,2023-12-27,249.99,USD,eBay,unknown,FALSE,,,2000 Pokemon Neo Genesis #3 Bellossom Holo PSA 10 Gem Mint #3,https://www.ebay.es/itm/134699554888,PriceCharting
Neo Genesis,Bellossom,3/111,Unlimited,PSA 10,2023-11-17,147.93,USD,eBay,unknown,FALSE,,,Pokemon Card PSA 10 Gem Mint Bellossom Neo Genesis 2000 Holo 3/111,https://www.ebay.es/itm/155879765945,PriceCharting
Neo Genesis,Feraligatr,4/111,1st Edition,PSA 8,2026-09-17,374.99,USD,eBay,unknown,FALSE,,,2000 POKEMON NEO GENESIS 1ST EDITION #4 FERALIGATR-HOLO PSA 8 NEW CERT #4,https://www.ebay.es/itm/307161049334,PriceCharting
Neo Genesis,Feraligatr,4/111,1st Edition,PSA 8,2026-09-13,360.00,USD,eBay,unknown,FALSE,,,Pokemon Feraligatr Holo Neo Genesis 1st Edition 4/111 PSA 8 4/111,https://www.ebay.es/itm/287565390047,PriceCharting
Neo Genesis,Feraligatr,4/111,1st Edition,PSA 8,2026-09-02,375.00,USD,eBay,unknown,FALSE,,,2000 POKEMON NEO GENESIS 1ST EDITION #4 FERALIGATR-HOLO PSA 8 #4,https://www.ebay.es/itm/307143827571,PriceCharting
Neo Genesis,Feraligatr,4/111,1st Edition,PSA 8,2026-09-01,315.00,USD,eBay,unknown,FALSE,,,2000 Pokemon Neo Genesis 1st Edition Feraligatr Holo #4/111 PSA 8,https://www.ebay.es/itm/128045228293,PriceCharting
Neo Genesis,Feraligatr,4/111,1st Edition,PSA 8,2026-08-24,331.00,USD,eBay,unknown,FALSE,,,Pokemon Feraligatr Holo Neo Genesis 1st Edition 4/111 PSA 8 4/111,https://www.ebay.es/itm/287524901259,PriceCharting
Neo Genesis,Feraligatr,4/111,1st Edition,PSA 8,2026-08-20,355.00,USD,eBay,unknown,FALSE,,,2000 POKEMON NEO GENESIS 1ST EDITION #4 FERALIGATR-HOLO PSA 8 #4,https://www.ebay.es/itm/298572736310,PriceCharting
Neo Genesis,Feraligatr,4/111,1st Edition,PSA 8,2026-08-15,349.99,USD,eBay,unknown,FALSE,,,Pokémon TCG Feraligatr 4/111 Neo Genesis 1st Edition Holo Rare WOTC | PSA 8 #4,https://www.ebay.es/itm/147498679271,PriceCharting
Neo Genesis,Feraligatr,4/111,1st Edition,PSA 8,2026-08-15,355.00,USD,eBay,unknown,FALSE,,,2000 POKEMON NEO GENESIS 1ST EDITION #4 FERALIGATR-HOLO PSA 8 #4,https://www.ebay.es/itm/117344018800,PriceCharting
Neo Genesis,Feraligatr,4/111,1st Edition,PSA 8,2026-08-12,350.00,USD,eBay,unknown,FALSE,,,2000 POKEMON NEO GENESIS ~ 1ST EDITION ~ #4 FERALIGATR HOLO PSA 8 #4,https://www.ebay.es/itm/188776983362,PriceCharting
Neo Genesis,Feraligatr,4/111,1st Edition,PSA 8,2026-08-10,350.00,USD,eBay,unknown,FALSE,,,2000 POKEMON NEO GENESIS 1ST EDITION #4 FERALIGATR-HOLO PSA 8 #4,https://www.ebay.es/itm/307096903415,PriceCharting
Neo Genesis,Feraligatr,4/111,1st Edition,PSA 8,2026-07-08,306.88,USD,eBay,unknown,FALSE,,,2000 Pokemon Neo Genesis 1st Edition Feraligatr Holo #4/111 PSA 8,https://www.ebay.es/itm/127953804423,PriceCharting
Neo Genesis,Feraligatr,4/111,1st Edition,PSA 8,2026-06-28,450.00,USD,eBay,unknown,FALSE,,,2000 POKEMON NEO GENESIS 1ST EDITION #4 FERALIGATR HOLO PSA 8 Newly Graded #4,https://www.ebay.es/itm/377300385988,PriceCharting
Neo Genesis,Feraligatr,4/111,1st Edition,PSA 8,2026-06-15,410.00,USD,eBay,unknown,FALSE,,,2000 POKEMON NEO GENESIS 1ST EDITION #4 FERALIGATR-HOLO PSA 8 #4,https://www.ebay.es/itm/306985058014,PriceCharting
Neo Genesis,Feraligatr,4/111,1st Edition,PSA 8,2026-05-31,375.00,USD,eBay,best offer,TRUE,,,2000 POKEMON NEO GENESIS 1ST EDITION #4 FERALIGATR-HOLO PSA 8 #4,https://www.ebay.es/itm/198391419142,PriceCharting
Neo Genesis,Feraligatr,4/111,1st Edition,PSA 8,2026-05-25,416.00,USD,eBay,unknown,FALSE,,,2000 POKEMON NEO GENESIS 1ST EDITION #4 FERALIGATR-HOLO PSA 8 #4,https://www.ebay.es/itm/117197598268,PriceCharting
Neo Genesis,Feraligatr,4/111,1st Edition,PSA 8,2026-05-25,329.00,USD,eBay,unknown,FALSE,,,Pokemon Feraligatr Neo Genesis 1st Edition Holo Rare #4 PSA 8,https://www.ebay.es/itm/287331593194,PriceCharting
Neo Genesis,Feraligatr,4/111,1st Edition,PSA 8,2026-05-21,425.00,USD,eBay,best offer,TRUE,,,2000 POKEMON NEO GENESIS 1ST EDITION #4 FERALIGATR-HOLO PSA 8 #4,https://www.ebay.es/itm/117195075813,PriceCharting
Neo Genesis,Feraligatr,4/111,1st Edition,PSA 8,2026-05-18,280.00,USD,eBay,unknown,FALSE,,,Pokemon 2000 Feraligatr 4/111 Holo 1st Edition Neo Genesis PSA 8 4/111,https://www.ebay.es/itm/406911807351,PriceCharting
Neo Genesis,Feraligatr,4/111,1st Edition,PSA 8,2026-04-19,300.00,USD,eBay,unknown,FALSE,,,2000 POKEMON NEO GENESIS 1ST EDITION #4 FERALIGATR-HOLO PSA 8 #4,https://www.ebay.es/itm/117128992357,PriceCharting
Neo Genesis,Feraligatr,4/111,1st Edition,PSA 8,2026-04-09,270.00,USD,eBay,best offer,TRUE,,,PSA 8 2000 POKEMON NEO GENESIS 1ST EDITION #4 FERALIGATR-HOLO PSA 8 #4,https://www.ebay.es/itm/287256379123,PriceCharting
Neo Genesis,Feraligatr,4/111,1st Edition,PSA 8,2026-04-07,285.00,USD,eBay,best offer,TRUE,,,2000 POKEMON NEO GENESIS 1ST ED #4 FERALIGATR-HOLO PSA 8 #4,https://www.ebay.es/itm/298129918789,PriceCharting
Neo Genesis,Feraligatr,4/111,1st Edition,PSA 9,2026-09-23,1000.95,USD,eBay,best offer,TRUE,,,2000 Feraligatr 4/111 Holo PSA 9 MINT⁠ Pokemon Neo Genesis 1st Edition,https://www.ebay.es/itm/287573608622,PriceCharting
Neo Genesis,Feraligatr,4/111,1st Edition,PSA 9,2026-09-17,1024.99,USD,eBay,unknown,FALSE,,,2000 POKEMON NEO GENESIS 1ST EDITION 4 FERALIGATR-HOLO PSA 9 4/111,https://www.ebay.es/itm/198641946865,PriceCharting
Neo Genesis,Feraligatr,4/111,1st Edition,PSA 9,2026-09-12,810.10,USD,eBay,unknown,FALSE,,,2000 POKEMON NEO GENESIS 1ST EDITION #4 FERALIGATR-HOLO 1ST EDITION PSA 9 #4,https://www.ebay.es/itm/307158157008,PriceCharting
Neo Genesis,Feraligatr,4/111,1st Edition,PSA 9,2026-09-04,879.99,USD,eBay,unknown,FALSE,,,2000 POKEMON NEO GENESIS 1ST EDITION 4 FERALIGATR-HOLO PSA 9 4/111,https://www.ebay.es/itm/198566750809,PriceCharting
Neo Genesis,Feraligatr,4/111,1st Edition,PSA 9,2026-08-17,775.00,USD,eBay,unknown,FALSE,,,Pokemon Feraligatr Holo Neo Genesis 1st Edition 4/111 PSA 9 Mint 4/111,https://www.ebay.es/itm/287511103191,PriceCharting
Neo Genesis,Feraligatr,4/111,1st Edition,PSA 9,2026-07-16,850.00,USD,eBay,unknown,FALSE,,,2000 POKEMON NEO GENESIS 1ST EDITION #4 FERALIGATR-HOLO PSA 9 #4,https://www.ebay.es/itm/298491559627,PriceCharting
Neo Genesis,Feraligatr,4/111,1st Edition,PSA 9,2026-07-04,776.52,USD,eBay,unknown,FALSE,,,2000 POKEMON NEO GENESIS 1ST EDITION #4 FERALIGATR-HOLO PSA 9 #4,https://www.ebay.es/itm/127936366900,PriceCharting
Neo Genesis,Feraligatr,4/111,1st Edition,PSA 9,2026-07-04,630.00,USD,eBay,unknown,FALSE,,,Pokemon Neo Genesis Feraligatr Holo Rare Card 4/111 First Edition PSA 9 #4,https://www.ebay.es/itm/358717704081,PriceCharting
Neo Genesis,Feraligatr,4/111,1st Edition,PSA 9,2026-06-22,850.00,USD,eBay,unknown,FALSE,,,Pokemon Neo Genesis Feraligatr Holo Rare Card 4/111 First Edition PSA 9 #4,https://www.ebay.es/itm/358672391342,PriceCharting
Neo Genesis,Feraligatr,4/111,1st Edition,PSA 9,2026-06-22,793.91,USD,eBay,unknown,FALSE,,,Feraligatr 4/111 PSA 9 1st Edition Neo Genesis Pokemon 4/111,https://www.ebay.es/itm/168433152159,PriceCharting
Neo Genesis,Feraligatr,4/111,1st Edition,PSA 9,2026-06-22,866.69,USD,eBay,unknown,FALSE,,,2000 POKEMON NEO GENESIS 1ST EDITION #4 FERALIGATR-HOLO PSA 9 #4,https://www.ebay.es/itm/298393426382,PriceCharting
Neo Genesis,Feraligatr,4/111,1st Edition,PSA 9,2026-05-23,759.00,USD,eBay,unknown,FALSE,,,2000 Pokemon Neo Genesis 1st Edition Feraligatr Holo #4/111 PSA 9 4/111,https://www.ebay.es/itm/178123504677,PriceCharting
Neo Genesis,Feraligatr,4/111,1st Edition,PSA 9,2026-05-10,580.00,USD,eBay,unknown,FALSE,,,The Pokémon Company 2000 Pokémon Neo Genesis 1st Ed Holo Feraligatr 4/111 PSA 9 4/111,https://www.ebay.es/itm/389997147031,PriceCharting
Neo Genesis,Feraligatr,4/111,1st Edition,PSA 9,2026-04-28,720.00,USD,eBay,unknown,FALSE,,,2000 Pokemon Neo Genesis 1st Edition Feraligatr Holo #4/111 PSA 9,https://www.ebay.es/itm/377134135546,PriceCharting
Neo Genesis,Feraligatr,4/111,1st Edition,PSA 9,2026-04-11,525.00,USD,eBay,best offer,TRUE,,,Pokémon TCG Feraligatr Neo Genesis Holo 1st Edition Rare Card 4/111 PSA 9 MINT 4/111,https://www.ebay.es/itm/188236771177,PriceCharting
Neo Genesis,Feraligatr,4/111,1st Edition,PSA 9,2026-04-06,575.00,USD,eBay,best offer,TRUE,,,Pokemon 1st Edition Feraligatr 4/111 - PSA 9 MINT - Neo Genesis Holo *New Cert 4/111,https://www.ebay.es/itm/157796386929,PriceCharting
Neo Genesis,Feraligatr,4/111,1st Edition,PSA 9,2026-03-27,549.92,USD,eBay,best offer,TRUE,,,Feraligatr 1st Edition 4/111 - Neo Genesis *PSA 9 - MINT* Holo Rare Pokemon Card 4/111,https://www.ebay.es/itm/257398235157,PriceCharting
Neo Genesis,Feraligatr,4/111,1st Edition,PSA 10,2026-09-16,11000.00,USD,eBay,unknown,FALSE,,,2000 POKEMON NEO GENESIS 1ST EDITION #4 FERALIGATR-HOLO PSA 10 #4,https://www.ebay.es/itm/298322459103,PriceCharting
Neo Genesis,Feraligatr,4/111,1st Edition,PSA 10,2026-09-12,9999.99,USD,eBay,unknown,FALSE,,,PSA 10 GEM MINT Feraligatr 4/111 HOLO RARE Neo Genesis 1ST EDITION Pokemon Card,https://www.ebay.es/itm/318673118120,PriceCharting
Neo Genesis,Feraligatr,4/111,1st Edition,PSA 10,2026-06-12,6500.00,USD,eBay,unknown,FALSE,,,2000 POKEMON NEO GENESIS 1ST EDITION #4 FERALIGATR-HOLO PSA 10 POP 104 NICE CERT #4,https://www.ebay.es/itm/366456603429,PriceCharting
Neo Genesis,Feraligatr,4/111,1st Edition,PSA 10,2026-04-29,6300.00,USD,eBay,unknown,FALSE,,,Pokemon Feraligatr Neo Genesis 1st Edition Holo Rare #4 PSA 10 Gem Mint,https://www.ebay.es/itm/287265005392,PriceCharting
Neo Genesis,Feraligatr,4/111,1st Edition,PSA 10,2026-04-19,9500.00,USD,eBay,unknown,FALSE,,,2000 POKEMON NEO GENESIS 1ST ED #4 FERALIGATR-HOLO PSA 10 #4,https://www.ebay.es/itm/298095700257,PriceCharting
Neo Genesis,Feraligatr,4/111,1st Edition,PSA 10,2026-03-22,5976.10,USD,eBay,unknown,FALSE,,,2000 POKEMON NEO GENESIS 1ST EDITION #4/111 FERALIGATR HOLO RARE PSA 10 4/111,https://www.ebay.es/itm/206136283412,PriceCharting
Neo Genesis,Feraligatr,4/111,1st Edition,PSA 10,2026-03-16,7000.00,USD,eBay,unknown,FALSE,,,Pokemon Feraligatr Neo Genesis 1st Edition Holo Rare #4 PSA 10 Gem Mint,https://www.ebay.es/itm/287182385594,PriceCharting
Neo Genesis,Feraligatr,4/111,1st Edition,PSA 10,2026-01-25,4151.99,USD,eBay,unknown,FALSE,,,Pokemon Feraligatr Neo Genesis 1st Edition Holo Rare #4 PSA 10 Gem Mint,https://www.ebay.es/itm/287077597559,PriceCharting
Neo Genesis,Feraligatr,4/111,1st Edition,PSA 10,2025-06-14,1177.51,USD,eBay,unknown,FALSE,,,2000 POKEMON NEO GENESIS 1ST EDITION #4 FERALIGATR-HOLO 1ST EDITION - PSA 10 #4,https://www.ebay.es/itm/316985182879,PriceCharting
Neo Genesis,Feraligatr,4/111,1st Edition,PSA 10,2025-04-18,1200.00,USD,eBay,unknown,FALSE,,,Pokemon Feraligatr Neo Genesis 1st Edition Holo Rare #4 PSA 10 Gem Mint,https://www.ebay.es/itm/286167109943,PriceCharting
Neo Genesis,Feraligatr,4/111,1st Edition,PSA 10,2025-03-12,1200.00,USD,eBay,unknown,FALSE,,,Pokemon Feraligatr Neo Genesis 1st Edition Holo Rare #4 PSA 10 Gem Mint #4,https://www.ebay.es/itm/316472257179,PriceCharting
Neo Genesis,Feraligatr,4/111,1st Edition,PSA 10,2025-02-24,1079.00,USD,eBay,unknown,FALSE,,,Pokemon Feraligatr Neo Genesis 1st Edition Holo Rare #4 PSA 10 Gem Mint,https://www.ebay.es/itm/286330316679,PriceCharting
Neo Genesis,Feraligatr,4/111,1st Edition,PSA 10,2024-10-09,1299.95,USD,eBay,unknown,FALSE,,,PSA 10 Gem Mint Feraligatr 1st Edition Holo 4/111 Neo Genesis Pokemon Card,https://www.ebay.es/itm/255879694040,PriceCharting
Neo Genesis,Feraligatr,4/111,1st Edition,PSA 10,2024-09-30,1399.99,USD,eBay,unknown,FALSE,,,Pokemon PSA 10 1st Edition Feraligatr Holo - 4/111 Neo Genesis GEM MINT 4/111,https://www.ebay.es/itm/335416591269,PriceCharting
Neo Genesis,Feraligatr,4/111,1st Edition,PSA 10,2024-09-15,1332.00,USD,eBay,unknown,FALSE,,,Pokemon Feraligatr Neo Genesis 1st Edition Holo Rare #4 PSA 10 Gem Mint,https://www.ebay.es/itm/286047445031,PriceCharting
Neo Genesis,Feraligatr,4/111,1st Edition,PSA 10,2024-05-27,1500.00,USD,eBay,unknown,FALSE,,,2000 Pokemon Neo Genesis 1st Edition Holo Feraligatr #4 PSA 10 #4,https://www.ebay.es/itm/256476746283,PriceCharting
Neo Genesis,Feraligatr,4/111,1st Edition,PSA 10,2024-01-26,1025.00,USD,eBay,unknown,FALSE,,,PSA 10 Gem Mint Feraligatr 1st Edition Holo 4/111 Neo Genesis Pokemon Card,https://www.ebay.es/itm/176190555521,PriceCharting
Neo Genesis,Feraligatr,4/111,1st Edition,PSA 10,2023-11-20,1099.99,USD,eBay,unknown,FALSE,,,2000 PSA 10 1st Edition Feraligatr Holo Rare Neo Genesis 4 Pokemon TCG Card #4,https://www.ebay.es/itm/335113483031,PriceCharting
Neo Genesis,Feraligatr,4/111,Unlimited,PSA 8,2026-09-18,180.00,USD,eBay,unknown,FALSE,,,PSA 8 Feraligatr 4/111 Neo Genesis Holo Rare 2000 Pokemon TCG English 4/111,https://www.ebay.es/itm/820092721597,PriceCharting
Neo Genesis,Feraligatr,4/111,Unlimited,PSA 8,2026-08-11,180.00,USD,eBay,best offer,TRUE,,,2000 Pokemon Neo Genesis #4 Feraligatr Holo PSA 8 NM-MT,https://www.ebay.es/itm/267749721935,PriceCharting
Neo Genesis,Feraligatr,4/111,Unlimited,PSA 8,2026-08-04,180.00,USD,eBay,unknown,FALSE,,,2000 Pokemon Neo Genesis #4 Feraligatr Holo PSA 8 NM-MT,https://www.ebay.es/itm/800418183524,PriceCharting
Neo Genesis,Feraligatr,4/111,Unlimited,PSA 8,2026-07-30,143.50,USD,eBay,unknown,FALSE,,,2000 POKEMON NEO GENESIS #4 FERALIGATR-HOLO PSA 8 #4,https://www.ebay.es/itm/117314768916,PriceCharting
Neo Genesis,Feraligatr,4/111,Unlimited,PSA 8,2026-07-30,140.00,USD,eBay,unknown,FALSE,,,2000 POKEMON NEO GENESIS #4 FERALIGATR-HOLO PSA 8 #4,https://www.ebay.es/itm/236956638279,PriceCharting
Neo Genesis,Feraligatr,4/111,Unlimited,PSA 8,2026-07-27,192.50,USD,eBay,unknown,FALSE,,,2000 POKEMON NEO GENESIS #4 FERALIGATR-HOLO PSA 8 #4,https://www.ebay.es/itm/117304084421,PriceCharting
Neo Genesis,Feraligatr,4/111,Unlimited,PSA 8,2026-07-26,200.00,USD,eBay,best offer,TRUE,,,2000 Pokemon Neo Genesis Feraligatr Holo #4 PSA 8 NM-MT 4/111,https://www.ebay.es/itm/298491097737,PriceCharting
Neo Genesis,Feraligatr,4/111,Unlimited,PSA 8,2026-07-18,190.00,USD,eBay,unknown,FALSE,,,Pokemon TCG Feraligatr 4/111 Neo Genesis Holo Rare PSA 8 2000 EN 4/111,https://www.ebay.es/itm/336688920970,PriceCharting
Neo Genesis,Feraligatr,4/111,Unlimited,PSA 8,2026-06-28,189.49,USD,eBay,unknown,FALSE,,,Pokémon TCG Feraligatr Neo Genesis Holo PSA 8 English #4 4/111,https://www.ebay.es/itm/127934289181,PriceCharting
Neo Genesis,Feraligatr,4/111,Unlimited,PSA 8,2026-06-14,280.00,USD,eBay,unknown,FALSE,,,2000 POKEMON NEO GENESIS #4 FERALIGATR-HOLO PSA 8 #4,https://www.ebay.es/itm/800138891230,PriceCharting
Neo Genesis,Feraligatr,4/111,Unlimited,PSA 8,2026-06-12,170.00,USD,eBay,best offer,TRUE,,,Pokémon Neo Genesis Feraligatr Holo Rare PSA 8 4/111 2000 Card 4/111,https://www.ebay.es/itm/306930209084,PriceCharting
Neo Genesis,Feraligatr,4/111,Unlimited,PSA 8,2026-06-09,199.99,USD,eBay,unknown,FALSE,,,Pokémon Neo Genesis Feraligatr Holo Rare PSA 8 4/111 2000 Card 4/111,https://www.ebay.es/itm/327181681990,PriceCharting
Neo Genesis,Feraligatr,4/111,Unlimited,PSA 8,2026-06-07,275.00,USD,eBay,best offer,TRUE,,,2000 POKEMON NEO GENESIS #4 FERALIGATR-HOLO PSA 8 #4,https://www.ebay.es/itm/389958617156,PriceCharting
Neo Genesis,Feraligatr,4/111,Unlimited,PSA 8,2026-05-16,207.50,USD,eBay,unknown,FALSE,,,Pokémon TCG Feraligatr Neo Genesis Holo PSA 8 English #4 4/111,https://www.ebay.es/itm/397929484856,PriceCharting
Neo Genesis,Feraligatr,4/111,Unlimited,PSA 8,2026-04-29,202.49,USD,eBay,unknown,FALSE,,,2000 Pokemon Neo Genesis Holo Feraligatr #4 PSA 8 #4,https://www.ebay.es/itm/178084018382,PriceCharting
Neo Genesis,Feraligatr,4/111,Unlimited,PSA 8,2026-04-14,190.00,USD,eBay,best offer,TRUE,,,Feraligatr PSA 8 Pokemon WOTC 2000 Neo Genesis 4/111 Holo Swirl 4/111,https://www.ebay.es/itm/188215873882,PriceCharting
Neo Genesis,Feraligatr,4/111,Unlimited,PSA 8,2026-04-11,110.00,USD,eBay,best offer,TRUE,,,Pokémon TCG Feraligatr 4/111 Neo Genesis Holo Rare PSA 8 2000 English Card 4/111,https://www.ebay.es/itm/137119359640,PriceCharting
Neo Genesis,Feraligatr,4/111,Unlimited,PSA 8,2026-03-25,125.50,USD,eBay,best offer,TRUE,,,2000 Pokemon Feraligatr 4/111 Neo Genesis Rare Holo PSA 8 NM-MINT 4/111,https://www.ebay.es/itm/267587186540,PriceCharting
Neo Genesis,Feraligatr,4/111,Unlimited,PSA 8,2026-03-18,120.00,USD,eBay,unknown,FALSE,,,2000 Pokemon Feraligatr Neo Genesis PSA 8 #4 SWIRL #4,https://www.ebay.es/itm/397693941413,PriceCharting
Neo Genesis,Feraligatr,4/111,Unlimited,PSA 9,2026-09-20,449.99,USD,eBay,unknown,FALSE,,,2000 Pokemon Neo Genesis #4 Feraligatr Holo PSA 9 MINT #4,https://www.ebay.es/itm/227447483884,PriceCharting
Neo Genesis,Feraligatr,4/111,Unlimited,PSA 9,2026-09-02,340.00,USD,eBay,unknown,FALSE,,,2000 POKEMON NEO GENESIS #4 FERALIGATR-HOLO PSA 9 #4,https://www.ebay.es/itm/307157872763,PriceCharting
Neo Genesis,Feraligatr,4/111,Unlimited,PSA 9,2026-07-17,265.00,USD,eBay,unknown,FALSE,,,2000 Pokemon Neo Genesis #4 Feraligatr Holo PSA 9 MINT,https://www.ebay.es/itm/366533102508,PriceCharting
Neo Genesis,Feraligatr,4/111,Unlimited,PSA 9,2026-05-28,499.00,USD,eBay,unknown,FALSE,,,PSA 9 MINT Feraligatr 4/111 HOLO RARE Unlimited Neo Genesis Pokemon Card 4/111,https://www.ebay.es/itm/306949615133,PriceCharting
Neo Genesis,Feraligatr,4/111,Unlimited,PSA 9,2026-04-26,256.07,USD,eBay,best offer,TRUE,,,2000 POKEMON NEO GENESIS #4 FERALIGATR-HOLO PSA 9 #4,https://www.ebay.es/itm/397863039240,PriceCharting
Neo Genesis,Feraligatr,4/111,Unlimited,PSA 9,2026-04-15,239.99,USD,eBay,unknown,FALSE,,,2000 POKEMON NEO GENESIS #4 FERALIGATR-HOLO PSA 9 #4,https://www.ebay.es/itm/298194161415,PriceCharting
Neo Genesis,Feraligatr,4/111,Unlimited,PSA 9,2026-04-01,332.63,USD,eBay,best offer,TRUE,,,Pokemon TCG Feraligatr 4/111 PM NEO GENESIS HOLO PSA 9 MINT,https://www.ebay.es/itm/177960589813,PriceCharting
Neo Genesis,Feraligatr,4/111,Unlimited,PSA 9,2026-02-05,200.00,USD,eBay,unknown,FALSE,,,2000 FERALIGATR HOLO RARE NEO GENESIS POKEMON TCG PSA 9 MINT #4/111 4/111,https://www.ebay.es/itm/157514485539,PriceCharting
Neo Genesis,Feraligatr,4/111,Unlimited,PSA 9,2026-02-01,233.50,USD,eBay,unknown,FALSE,,,Pokemon Feraligatr Holo 4/111 Neo Genesis PSA 9 Mint 4/111,https://www.ebay.es/itm/366150183267,PriceCharting
Neo Genesis,Feraligatr,4/111,Unlimited,PSA 9,2026-01-23,257.60,USD,eBay,unknown,FALSE,,,Pokemon Neo Genesis Unlimited Feraligatr PSA 9 Holo (1750) 4/111,https://www.ebay.es/itm/224818828669,PriceCharting
Neo Genesis,Feraligatr,4/111,Unlimited,PSA 9,2026-01-17,239.99,USD,eBay,unknown,FALSE,,,Pokemon Feraligatr Holo 4/111 Neo Genesis PSA 9 Mint 4/111,https://www.ebay.es/itm/265340555121,PriceCharting
Neo Genesis,Feraligatr,4/111,Unlimited,PSA 9,2025-12-29,215.00,USD,eBay,best offer,TRUE,,,2000 FERALIGATR HOLO RARE NEO GENESIS POKEMON TCG PSA 9 MINT #4/111 4/111,https://www.ebay.es/itm/127488877793,PriceCharting
Neo Genesis,Feraligatr,4/111,Unlimited,PSA 9,2025-11-30,257.60,USD,eBay,unknown,FALSE,,,Pokemon Neo Genesis Unlimited Feraligatr PSA 9 Holo (1751) 4/111,https://www.ebay.es/itm/224818828685,PriceCharting
Neo Genesis,Feraligatr,4/111,Unlimited,PSA 9,2025-11-29,165.00,USD,eBay,best offer,TRUE,,,Feraligatr 4/111 Neo Genesis Holo Pokemon PSA 9 4/111,https://www.ebay.es/itm/205703495287,PriceCharting
Neo Genesis,Feraligatr,4/111,Unlimited,PSA 9,2025-11-12,225.00,USD,eBay,best offer,TRUE,,,2000 FERALIGATR HOLO RARE NEO GENESIS POKEMON TCG PSA 9 MINT #4/111 4/111,https://www.ebay.es/itm/127437373557,PriceCharting
Neo Genesis,Feraligatr,4/111,Unlimited,PSA 9,2025-10-26,167.50,USD,eBay,unknown,FALSE,,,Pokemon Feraligatr Neo Genesis Unlimited Holo Rare #4 PSA 9 Mint,https://www.ebay.es/itm/286882766743,PriceCharting
Neo Genesis,Feraligatr,4/111,Unlimited,PSA 9,2025-10-17,175.00,USD,eBay,unknown,FALSE,,,2000 Pokemon Neo Genesis Holo Feraligatr #4 PSA 9 #4,https://www.ebay.es/itm/136449882874,PriceCharting
Neo Genesis,Feraligatr,4/111,Unlimited,PSA 9,2025-10-17,200.00,USD,eBay,best offer,TRUE,,,2000 FERALIGATR HOLO RARE NEO GENESIS POKEMON TCG PSA 9 MINT #4/111 4/111,https://www.ebay.es/itm/127337206252,PriceCharting
Neo Genesis,Feraligatr,4/111,Unlimited,PSA 9,2025-10-02,199.98,USD,eBay,unknown,FALSE,,,✨ PSA 9 MINT ✨ 2000 Pokémon Neo Genesis #4 Feraligatr Holo RARE VINTAGE 4/111,https://www.ebay.es/itm/236277472623,PriceCharting
Neo Genesis,Feraligatr,4/111,Unlimited,PSA 9,2025-08-20,200.00,USD,eBay,unknown,FALSE,,,FERALIGATR #4 PSA 9! Graded MINT Holo Neo Genesis Pokémon Card (2000) 4/111,https://www.ebay.es/itm/157189857730,PriceCharting
Neo Genesis,Feraligatr,4/111,Unlimited,PSA 9,2025-06-28,200.00,USD,eBay,unknown,FALSE,,,Pokemon Feraligatr Holo 4/111 Unlimited Neo Genesis PSA 9 Mint 4/111,https://www.ebay.es/itm/256988130645,PriceCharting
Neo Genesis,Feraligatr,4/111,Unlimited,PSA 10,2026-08-07,2805.00,USD,eBay,unknown,FALSE,,,2000 POKEMON NEO GENESIS #4 FERALIGATR-HOLO PSA 10 #4,https://www.ebay.es/itm/117328403840,PriceCharting
Neo Genesis,Feraligatr,4/111,Unlimited,PSA 10,2026-07-22,3750.00,USD,eBay,unknown,FALSE,,,2000 POKEMON NEO GENESIS #4 FERALIGATR-HOLO PSA 10 #4,https://www.ebay.es/itm/307061968552,PriceCharting
Neo Genesis,Feraligatr,4/111,Unlimited,PSA 10,2024-07-08,350.00,USD,eBay,unknown,FALSE,,,PSA 10 Feraligatr Pokemon Neo Genesis Holo 4 2000 GEM MINT #4,https://www.ebay.es/itm/305641900939,PriceCharting
Neo Genesis,Feraligatr,4/111,Unlimited,PSA 10,2024-04-12,456.00,USD,eBay,unknown,FALSE,,,2000 Pokemon Neo Genesis #4 Feraligatr - Holo PSA 10 GEM MINT,https://www.ebay.es/itm/375351978040,PriceCharting
Neo Genesis,Feraligatr,5/111,1st Edition,PSA 8,2026-09-28,526.88,USD,eBay,unknown,FALSE,,,2000 POKEMON NEO GENESIS 1ST EDITION #5 FERALIGATR-HOLO PSA 8 #5,https://www.ebay.es/itm/117420379235,PriceCharting
Neo Genesis,Feraligatr,5/111,1st Edition,PSA 8,2026-09-27,560.00,USD,eBay,unknown,FALSE,,,Pokemon Feraligatr Holo Neo Genesis 1st Edition 5/111 PSA 8 5/111,https://www.ebay.es/itm/287594620777,PriceCharting
Neo Genesis,Feraligatr,5/111,1st Edition,PSA 8,2026-09-26,485.00,USD,eBay,best offer,TRUE,,,Pokemon 2000 Feraligatr 5/111 Holo 1st Edition Neo Genesis PSA 8 5/111,https://www.ebay.es/itm/188897329955,PriceCharting
Neo Genesis,Feraligatr,5/111,1st Edition,PSA 8,2026-09-25,534.99,USD,eBay,unknown,FALSE,,,2000 POKEMON NEO GENESIS 1ST EDITION 5 FERALIGATR-HOLO PSA 8 #5,https://www.ebay.es/itm/198665405512,PriceCharting
Neo Genesis,Feraligatr,5/111,1st Edition,PSA 8,2026-09-25,499.99,USD,eBay,unknown,FALSE,,,2000 POKEMON NEO GENESIS 1ST EDITION 5 FERALIGATR-HOLO PSA 8 #5,https://www.ebay.es/itm/198568447836,PriceCharting
Neo Genesis,Feraligatr,5/111,1st Edition,PSA 8,2026-09-25,540.00,USD,eBay,unknown,FALSE,,,2000 POKEMON NEO GENESIS 1ST EDITION #5 FERALIGATR-HOLO PSA 8 #5,https://www.ebay.es/itm/307182802566,PriceCharting
Neo Genesis,Feraligatr,5/111,1st Edition,PSA 8,2026-09-21,500.00,USD,eBay,best offer,TRUE,,,2000 Pokemon Neo Genesis 1st Edition Feraligatr #5 Holo - PSA 8 #5,https://www.ebay.es/itm/800320979856,PriceCharting
Neo Genesis,Feraligatr,5/111,1st Edition,PSA 8,2026-09-11,465.00,USD,eBay,unknown,FALSE,,,2000 POKEMON NEO GENESIS 1ST EDITION #5 FERALIGATR-HOLO PSA 8,https://www.ebay.es/itm/307159393682,PriceCharting
Neo Genesis,Feraligatr,5/111,1st Edition,PSA 8,2026-08-31,460.00,USD,eBay,unknown,FALSE,,,2000 POKEMON NEO GENESIS 1ST EDITION #5 FERALIGATR-HOLO PSA 8 #5,https://www.ebay.es/itm/307141024614,PriceCharting
Neo Genesis,Feraligatr,5/111,1st Edition,PSA 8,2026-08-24,515.00,USD,eBay,unknown,FALSE,,,Pokemon 2000 Feraligatr 5/111 Holo 1st Edition Neo Genesis PSA 8 5/111,https://www.ebay.es/itm/407143114153,PriceCharting
Neo Genesis,Feraligatr,5/111,1st Edition,PSA 8,2026-08-13,485.00,USD,eBay,unknown,FALSE,,,2000 POKEMON FERALIGATR-HOLO 1ST EDITION NEO GENESIS #5 PSA 8 #5,https://www.ebay.es/itm/800468524480,PriceCharting
Neo Genesis,Feraligatr,5/111,1st Edition,PSA 8,2026-07-26,450.01,USD,eBay,unknown,FALSE,,,Pokemon Feraligatr Holo Neo Genesis 1st Edition 5/111 PSA 8 5/111,https://www.ebay.es/itm/287468641060,PriceCharting
Neo Genesis,Feraligatr,5/111,1st Edition,PSA 8,2026-07-09,600.00,USD,eBay,unknown,FALSE,,,2000 POKEMON NEO GENESIS 1ST EDITION #5 FERALIGATR-HOLO PSA 8 #5,https://www.ebay.es/itm/307050747182,PriceCharting
Neo Genesis,Feraligatr,5/111,1st Edition,PSA 8,2026-06-26,560.00,USD,eBay,unknown,FALSE,,,2000 Pokemon NEO GENESIS 1ST Edition #5 FERALIGATR- Holo NM-MT PSA 8 05/111 5/111,https://www.ebay.es/itm/147386234367,PriceCharting
Neo Genesis,Feraligatr,5/111,1st Edition,PSA 8,2026-06-25,228.84,USD,eBay,unknown,FALSE,,,SWIRL 2000 POKEMON NEO GENESIS 1ST EDITION #5 FERALIGATR-HOLO PSA 8 #5,https://www.ebay.es/itm/127941582617,PriceCharting
Neo Genesis,Feraligatr,5/111,1st Edition,PSA 8,2026-06-22,640.00,USD,eBay,unknown,FALSE,,,2000 POKEMON NEO GENESIS 1ST EDITION #5 FERALIGATR-HOLO PSA 8 #5,https://www.ebay.es/itm/117236296662,PriceCharting
Neo Genesis,Feraligatr,5/111,1st Edition,PSA 8,2026-06-13,306.99,USD,eBay,unknown,FALSE,,,2000 Pokemon Neo Genesis 1st Edition Feraligatr Holo 5/111 PSA 8 5/111,https://www.ebay.es/itm/168434353493,PriceCharting
Neo Genesis,Feraligatr,5/111,1st Edition,PSA 8,2026-06-11,599.99,USD,eBay,unknown,FALSE,,,2000 POKEMON NEO GENESIS 1ST EDITION #5 FERALIGATR-HOLO PSA 8 #5,https://www.ebay.es/itm/117209821488,PriceCharting
Neo Genesis,Feraligatr,5/111,1st Edition,PSA 9,2026-09-27,2500.00,USD,eBay,unknown,FALSE,,,2000 POKEMON NEO GENESIS 1ST EDITION #5 FERALIGATR-HOLO PSA 9 #5,https://www.ebay.es/itm/117434278213,PriceCharting
Neo Genesis,Feraligatr,5/111,1st Edition,PSA 9,2026-09-27,1999.99,USD,eBay,unknown,FALSE,,,2000 POKEMON NEO GENESIS 1ST EDITION #5 FERALIGATR-HOLO PSA 9 #5,https://www.ebay.es/itm/298636185959,PriceCharting
Neo Genesis,Feraligatr,5/111,1st Edition,PSA 9,2026-09-23,1700.00,USD,eBay,unknown,FALSE,,,2000 POKEMON NEO GENESIS 1ST EDITION #5 FERALIGATR-HOLO PSA 9 5/111,https://www.ebay.es/itm/318905994383,PriceCharting
Neo Genesis,Feraligatr,5/111,1st Edition,PSA 9,2026-09-13,1676.00,USD,eBay,unknown,FALSE,,,Pokemon Feraligatr Holo Neo Genesis 1st Edition 5/111 PSA 9 Mint 5/111,https://www.ebay.es/itm/287565390072,PriceCharting
Neo Genesis,Feraligatr,5/111,1st Edition,PSA 9,2026-09-02,1023.00,USD,eBay,unknown,FALSE,,,2000 Pokemon Neo Genesis Feraligatr #5 1st Edition PSA 9 5/111,https://www.ebay.es/itm/137684824114,PriceCharting
Neo Genesis,Feraligatr,5/111,1st Edition,PSA 9,2026-08-31,1175.00,USD,eBay,unknown,FALSE,,,2000 Pokemon Neo Genesis Feraligatr 1st Edition Holo #5 - PSA 9 - MINT #5,https://www.ebay.es/itm/178432905702,PriceCharting
Neo Genesis,Feraligatr,5/111,1st Edition,PSA 9,2026-08-30,1180.00,USD,eBay,unknown,FALSE,,,Pokemon Feraligatr Holo Neo Genesis 1st Edition 5/111 PSA 9 Mint 5/111,https://www.ebay.es/itm/287538711735,PriceCharting
Neo Genesis,Feraligatr,5/111,1st Edition,PSA 9,2026-08-30,1179.95,USD,eBay,unknown,FALSE,,,2000 POKEMON NEO GENESIS 1ST EDITION #5 FERALIGATR-HOLO PSA 9 #5,https://www.ebay.es/itm/298575684658,PriceCharting
Neo Genesis,Feraligatr,5/111,1st Edition,PSA 9,2026-08-17,1020.00,USD,eBay,best offer,TRUE,,,2000 POKEMON NEO GENESIS 1ST EDITION #5 FERALIGATR-HOLO PSA 9 #5,https://www.ebay.es/itm/307121527241,PriceCharting
Neo Genesis,Feraligatr,5/111,1st Edition,PSA 9,2026-08-17,1075.00,USD,eBay,unknown,FALSE,,,Pokemon Feraligatr Holo Neo Genesis 1st Edition 5/111 PSA 9 Mint 5/111,https://www.ebay.es/itm/287511103181,PriceCharting
Neo Genesis,Feraligatr,5/111,1st Edition,PSA 9,2026-08-16,1026.00,USD,eBay,unknown,FALSE,,,Pokemon Feraligatr Holo Neo Genesis 1st Edition 5/111 PSA 9 Mint 5/111,https://www.ebay.es/itm/287511095797,PriceCharting
Neo Genesis,Feraligatr,5/111,1st Edition,PSA 9,2026-08-10,1000.00,USD,eBay,best offer,TRUE,,,Pokémon Neo Genesis 1st Edition Holo Rare Feraligatr 5/111 PSA 9 5/111,https://www.ebay.es/itm/158157644877,PriceCharting
Neo Genesis,Feraligatr,5/111,1st Edition,PSA 9,2026-08-05,1000.00,USD,eBay,best offer,TRUE,,,2000 POKEMON NEO GENESIS 1ST EDITION #5 FERALIGATR-HOLO PSA 9 SWIRL #5,https://www.ebay.es/itm/358809763200,PriceCharting
Neo Genesis,Feraligatr,5/111,1st Edition,PSA 9,2026-08-02,918.00,USD,eBay,unknown,FALSE,,,Pokemon Feraligatr Holo Neo Genesis 1st Edition 5/111 PSA 9 Mint 5/111,https://www.ebay.es/itm/287485569370,PriceCharting
Neo Genesis,Feraligatr,5/111,1st Edition,PSA 9,2026-07-31,1030.00,USD,eBay,unknown,FALSE,,,2000 POKEMON NEO GENESIS 1ST EDITION #5 FERALIGATR-HOLO PSA 9 #5,https://www.ebay.es/itm/307079577285,PriceCharting
Neo Genesis,Feraligatr,5/111,1st Edition,PSA 9,2026-07-27,909.00,USD,eBay,unknown,FALSE,,,Pokemon Feraligatr Holo Neo Genesis 1st Edition 5/111 PSA 9 Mint 5/111,https://www.ebay.es/itm/287468639528,PriceCharting
Neo Genesis,Feraligatr,5/111,1st Edition,PSA 9,2026-07-15,847.00,USD,eBay,best offer,TRUE,,,2000 Pokemon Neo Genesis 1st Edition Feraligatr Holo #5/111 PSA 9,https://www.ebay.es/itm/117284905839,PriceCharting
Neo Genesis,Feraligatr,5/111,1st Edition,PSA 9,2026-06-22,1125.00,USD,eBay,unknown,FALSE,,,2000 POKEMON NEO GENESIS 1ST EDITION #5 FERALIGATR-HOLO PSA 9 #5,https://www.ebay.es/itm/117252172430,PriceCharting
Neo Genesis,Feraligatr,5/111,1st Edition,PSA 9,2026-06-22,1050.00,USD,eBay,unknown,FALSE,,,Pokemon Feraligatr Neo Genesis 1st Edition Holo Rare #5 PSA 9 Mint #5,https://www.ebay.es/itm/206204079790,PriceCharting
Neo Genesis,Feraligatr,5/111,1st Edition,PSA 9,2026-06-18,900.00,USD,eBay,best offer,TRUE,,,2000 POKEMON NEO GENESIS 1ST EDITION #5 FERALIGATR-HOLO PSA 9 #5,https://www.ebay.es/itm/117249413102,PriceCharting
Neo Genesis,Feraligatr,5/111,1st Edition,PSA 9,2026-05-29,850.00,USD,eBay,unknown,FALSE,,,2000 POKEMON NEO GENESIS 1ST EDITION #5 FERALIGATR-HOLO PSA 9 #5,https://www.ebay.es/itm/306951338369,PriceCharting
Neo Genesis,Feraligatr,5/111,1st Edition,PSA 9,2026-05-26,1100.00,USD,eBay,best offer,TRUE,,,Feraligatr Holo 2000 Pokemon Neo Genesis 5/111 1st Edition PSA 9 (Swirl),https://www.ebay.es/itm/117216091068,PriceCharting
Neo Genesis,Feraligatr,5/111,1st Edition,PSA 9,2026-05-25,960.00,USD,eBay,unknown,FALSE,,,Pokémon Neo Genesis 1st Edition Holo Rare Feraligatr 5/111 PSA 9 5/111,https://www.ebay.es/itm/358556381052,PriceCharting
Neo Genesis,Feraligatr,5/111,1st Edition,PSA 10,2025-01-08,5000.00,USD,eBay,unknown,FALSE,,,2000 POKEMON NEO GENESIS 1ST EDITION #5 FERALIGATR HOLO RARE PSA 10 #5,https://www.ebay.es/itm/305973781171,PriceCharting
Neo Genesis,Feraligatr,5/111,1st Edition,PSA 10,2024-11-25,4061.00,USD,eBay,unknown,FALSE,,,Pokemon Feraligatr Neo Genesis 1st Edition Holo Rare #5 PSA 10 Gem Mint,https://www.ebay.es/itm/286163001255,PriceCharting
Neo Genesis,Feraligatr,5/111,Unlimited,PSA 8,2026-09-18,275.00,USD,eBay,unknown,FALSE,,,2000 POKEMON NEO GENESIS #5 FERALIGATR Unlimited-HOLO PSA 8 #5,https://www.ebay.es/itm/377497995149,PriceCharting
Neo Genesis,Feraligatr,5/111,Unlimited,PSA 8,2026-09-12,200.00,USD,eBay,unknown,FALSE,,,2000 POKEMON NEO GENESIS #5 FERALIGATR-HOLO PSA 8 #5,https://www.ebay.es/itm/398215634939,PriceCharting
Neo Genesis,Feraligatr,5/111,Unlimited,PSA 8,2026-08-07,165.00,USD,eBay,best offer,TRUE,,,2000 POKEMON NEO GENESIS #5 FERALIGATR-HOLO PSA 8 #5,https://www.ebay.es/itm/298539608278,PriceCharting
Neo Genesis,Feraligatr,5/111,Unlimited,PSA 8,2026-08-03,190.00,USD,eBay,unknown,FALSE,,,2000 POKEMON NEO GENESIS #5 FERALIGATR-HOLO PSA 8 #5,https://www.ebay.es/itm/117317329025,PriceCharting
Neo Genesis,Feraligatr,5/111,Unlimited,PSA 8,2026-07-24,162.50,USD,eBay,unknown,FALSE,,,2000 POKEMON NEO GENESIS #5 FERALIGATR-HOLO PSA 8 #5,https://www.ebay.es/itm/117295743049,PriceCharting
Neo Genesis,Feraligatr,5/111,Unlimited,PSA 8,2026-07-21,189.99,USD,eBay,unknown,FALSE,,,Pokemon TCG Feraligatr 5/111 Neo Genesis Holo Rare Unlimited PSA 8 + Swirls 5/111,https://www.ebay.es/itm/366555366673,PriceCharting
Neo Genesis,Feraligatr,5/111,Unlimited,PSA 8,2026-07-19,218.63,USD,eBay,unknown,FALSE,,,SWIRL 2000 POKEMON NEO GENESIS #5 FERALIGATR-HOLO PSA 8 #5,https://www.ebay.es/itm/127934282126,PriceCharting
Neo Genesis,Feraligatr,5/111,Unlimited,PSA 8,2026-07-12,160.00,USD,eBay,best offer,TRUE,,,2000 POKEMON NEO GENESIS #5 FERALIGATR-HOLO New Cert. PSA 8 5/111,https://www.ebay.es/itm/327243263100,PriceCharting
Neo Genesis,Feraligatr,5/111,Unlimited,PSA 8,2026-07-04,218.30,USD,eBay,unknown,FALSE,,,PSA 8 NM-MT Pokemon Feraligatr Neo Genesis Holo Rare Unlimited 5/111,https://www.ebay.es/itm/198400091664,PriceCharting
Neo Genesis,Feraligatr,5/111,Unlimited,PSA 8,2026-06-03,130.00,USD,eBay,best offer,TRUE,,,2000 POKEMON NEO GENESIS #5 FERALIGATR-HOLO PSA 8 #5,https://www.ebay.es/itm/287372430518,PriceCharting
Neo Genesis,Feraligatr,5/111,Unlimited,PSA 8,2026-05-29,213.74,USD,eBay,unknown,FALSE,,,2000 Pokemon Neo Genesis 5 Feraligatr Holo PSA 8 89190032 5/111,https://www.ebay.es/itm/157904716354,PriceCharting
Neo Genesis,Feraligatr,5/111,Unlimited,PSA 8,2026-05-11,157.85,USD,eBay,unknown,FALSE,,,Feraligatr-Holo Pokemon Neo Genesis 5 NM PSA 8 #5,https://www.ebay.es/itm/127858977645,PriceCharting
Neo Genesis,Feraligatr,5/111,Unlimited,PSA 8,2026-05-07,149.99,USD,eBay,unknown,FALSE,,,FERALIGATR NEO GENESIS Pokémon 5/111 HOLO PSA 8 #5,https://www.ebay.es/itm/206254894035,PriceCharting
Neo Genesis,Feraligatr,5/111,Unlimited,PSA 8,2026-05-05,150.00,USD,eBay,unknown,FALSE,,,2000 POKEMON NEO GENESIS #5 FERALIGATR-HOLO PSA 8 #5,https://www.ebay.es/itm/117166221811,PriceCharting
Neo Genesis,Feraligatr,5/111,Unlimited,PSA 8,2026-05-04,120.00,USD,eBay,best offer,TRUE,,,Pokemon TCG Feraligatr Holo Neo Genesis #5 PSA 8,https://www.ebay.es/itm/127844775612,PriceCharting
Neo Genesis,Feraligatr,5/111,Unlimited,PSA 8,2026-04-21,142.50,USD,eBay,unknown,FALSE,,,2000 POKEMON NEO GENESIS #5 FERALIGATR-HOLO PSA 8 #5,https://www.ebay.es/itm/298220357247,PriceCharting
Neo Genesis,Feraligatr,5/111,Unlimited,PSA 8,2026-04-20,255.00,USD,eBay,unknown,FALSE,,,2000 POKEMON NEO GENESIS #5 FERALIGATR-HOLO PSA 8 #5,https://www.ebay.es/itm/298209901949,PriceCharting
Neo Genesis,Feraligatr,5/111,Unlimited,PSA 8,2026-04-20,132.00,USD,eBay,unknown,FALSE,,,2000 Pokemon Neo Genesis Holo Feraligatr PSA 8 NM-MT,https://www.ebay.es/itm/287268912371,PriceCharting
Neo Genesis,Feraligatr,5/111,Unlimited,PSA 8,2026-04-14,132.51,USD,eBay,unknown,FALSE,,,2000 Pokemon Neo Genesis Feraligatr Holo #5/111 PSA 8,https://www.ebay.es/itm/127799458459,PriceCharting
Neo Genesis,Feraligatr,5/111,Unlimited,PSA 8,2026-04-10,116.19,USD,eBay,unknown,FALSE,,,Pokémon Feraligatr Neo Genesis Holo Rare Unlimited Stage 2 PSA 8 5/111 English 5/111,https://www.ebay.es/itm/168284031498,PriceCharting
Neo Genesis,Feraligatr,5/111,Unlimited,PSA 8,2026-04-08,179.39,USD,eBay,unknown,FALSE,,,Pokemon Feraligatr 5/111 Neo Genesis - PSA 8 - New Cert,https://www.ebay.es/itm/406832447633,PriceCharting
Neo Genesis,Feraligatr,5/111,Unlimited,PSA 8,2026-04-05,162.50,USD,eBay,unknown,FALSE,,,2000 Pokemon Neo Genesis Holo Feraligatr PSA 8 NM-MT,https://www.ebay.es/itm/287241582246,PriceCharting
Neo Genesis,Feraligatr,5/111,Unlimited,PSA 8,2026-04-04,135.00,USD,eBay,best offer,TRUE,,,FERALIGATR NEO GENESIS Pokémon 5/111 HOLO PSA 8 #5,https://www.ebay.es/itm/406802215464,PriceCharting
Neo Genesis,Feraligatr,5/111,Unlimited,PSA 9,2026-08-02,400.00,USD,eBay,best offer,TRUE,,,2000 POKEMON NEO GENESIS #5 FERALIGATR-HOLO PSA 9 5/111,https://www.ebay.es/itm/206432047781,PriceCharting
Neo Genesis,Feraligatr,5/111,Unlimited,PSA 9,2026-07-15,425.00,USD,eBay,unknown,FALSE,,,2000 POKEMON NEO GENESIS #5 FERALIGATR-HOLO PSA 9 #5,https://www.ebay.es/itm/117292272297,PriceCharting
Neo Genesis,Feraligatr,5/111,Unlimited,PSA 9,2026-07-10,349.00,USD,eBay,unknown,FALSE,,,Pokemon 2000 Feraligatr 5/111 Holo Neo Genesis PSA 9 5/111,https://www.ebay.es/itm/407060717884,PriceCharting
Neo Genesis,Feraligatr,5/111,Unlimited,PSA 9,2026-05-30,414.70,USD,eBay,best offer,TRUE,,,PSA 9 MINT Feraligatr Holo Neo Genesis 5/111 Pokemon Card TCG,https://www.ebay.es/itm/117082331947,PriceCharting
Neo Genesis,Feraligatr,5/111,Unlimited,PSA 9,2026-05-16,350.00,USD,eBay,unknown,FALSE,,,Pokemon Feraligatr Neo Genesis Unlimited Holo Rare #5 PSA 9 Mint,https://www.ebay.es/itm/287292378517,PriceCharting
Neo Genesis,Feraligatr,5/111,Unlimited,PSA 9,2026-05-05,320.00,USD,eBay,best offer,TRUE,,,PSA 9 MINT Feraligatr 5/111 HOLO RARE Neo Genesis Pokemon Card 5/111,https://www.ebay.es/itm/318239120216,PriceCharting
Neo Genesis,Feraligatr,5/111,Unlimited,PSA 9,2026-04-25,349.99,USD,eBay,unknown,FALSE,,,PSA 9 Mint 2000 Feraligatr Holo #5 Pokémon Card SWIRL 🌀 – Neo Genesis #5,https://www.ebay.es/itm/206191283911,PriceCharting
Neo Genesis,Feraligatr,5/111,Unlimited,PSA 9,2026-04-16,290.00,USD,eBay,unknown,FALSE,,,2000 POKEMON NEO GENESIS #5 FERALIGATR-HOLO PSA 9 #5,https://www.ebay.es/itm/306883420746,PriceCharting
Neo Genesis,Feraligatr,5/111,Unlimited,PSA 9,2026-04-02,499.99,USD,eBay,unknown,FALSE,,,PSA 9 Mint 2000 Feraligatr Holo #5 Pokémon Card SWIRL 🌀 – Neo Genesis,https://www.ebay.es/itm/188174367804,PriceCharting
Neo Genesis,Feraligatr,5/111,Unlimited,PSA 9,2026-03-30,300.00,USD,eBay,unknown,FALSE,,,Pokémon Feraligatr 5/111 Neo Genesis Holo Rare Unlimited PSA 9 2000 5/111,https://www.ebay.es/itm/227270196358,PriceCharting
Neo Genesis,Feraligatr,5/111,Unlimited,PSA 9,2026-03-30,317.00,USD,eBay,unknown,FALSE,,,Pokemon Feraligatr Neo Genesis Unlimited Holo Rare #5 PSA 9 Mint,https://www.ebay.es/itm/287220079456,PriceCharting
Neo Genesis,Feraligatr,5/111,Unlimited,PSA 9,2026-03-27,425.00,USD,eBay,best offer,TRUE,,,2000 POKEMON NEO GENESIS #5 FERALIGATR-HOLO PSA 9 SWIRL #5,https://www.ebay.es/itm/389804568521,PriceCharting
Neo Genesis,Feraligatr,5/111,Unlimited,PSA 9,2026-02-24,450.00,USD,eBay,unknown,FALSE,,,2000 POKEMON NEO GENESIS #5 FERALIGATR-HOLO PSA 9 #5,https://www.ebay.es/itm/297991110123,PriceCharting
Neo Genesis,Feraligatr,5/111,Unlimited,PSA 9,2026-02-12,299.00,USD,eBay,unknown,FALSE,,,2000 POKEMON NEO GENESIS #5 FERALIGATR-HOLO PSA 9 #5,https://www.ebay.es/itm/117011369791,PriceCharting
Neo Genesis,Feraligatr,5/111,Unlimited,PSA 9,2026-02-10,257.38,USD,eBay,unknown,FALSE,,,PSA 9 MINT Pokemon Feraligatr Neo Genesis Holo 5/111,https://www.ebay.es/itm/197986968078,PriceCharting
Neo Genesis,Feraligatr,5/111,Unlimited,PSA 10,2025-12-07,8067.00,USD,eBay,unknown,FALSE,,,Pokemon Feraligatr Neo Genesis Unlimited Holo Rare #5 PSA 10 Gem Mint,https://www.ebay.es/itm/286976215222,PriceCharting
Neo Genesis,Heracross,6/111,1st Edition,PSA 8,2026-09-21,325.00,USD,eBay,unknown,FALSE,,,2000 POKEMON NEO GENESIS 1ST EDITION #6 HERACROSS-HOLO PSA 8 #6,https://www.ebay.es/itm/117407748510,PriceCharting
Neo Genesis,Heracross,6/111,1st Edition,PSA 8,2026-09-20,248.37,USD,eBay,unknown,FALSE,,,Pokemon Heracross Holo Neo Genesis 1st Edition 6/111 PSA 8 6/111,https://www.ebay.es/itm/287578168022,PriceCharting
Neo Genesis,Heracross,6/111,1st Edition,PSA 8,2026-09-16,232.50,USD,eBay,unknown,FALSE,,,HERACROSS 2000 POKEMON NEO GENESIS 1ST EDITION 6/111 RARE HOLO PSA 8 Q7217-1 6/111,https://www.ebay.es/itm/278357114809,PriceCharting
Neo Genesis,Heracross,6/111,1st Edition,PSA 8,2026-09-06,315.00,USD,eBay,unknown,FALSE,,,2000 POKEMON NEO GENESIS 1ST EDITION #6 HERACROSS-HOLO PSA 8 #6,https://www.ebay.es/itm/298620894898,PriceCharting
Neo Genesis,Heracross,6/111,1st Edition,PSA 8,2026-09-05,355.00,USD,eBay,unknown,FALSE,,,2000 POKEMON NEO GENESIS 1ST EDITION #6 HERACROSS-HOLO PSA 8 #6,https://www.ebay.es/itm/298622621073,PriceCharting
Neo Genesis,Heracross,6/111,1st Edition,PSA 8,2026-08-24,420.00,USD,eBay,unknown,FALSE,,,Pokemon Heracross Holo Neo Genesis 1st Edition 6/111 PSA 8 6/111,https://www.ebay.es/itm/287524891846,PriceCharting
Neo Genesis,Heracross,6/111,1st Edition,PSA 8,2026-08-21,270.00,USD,eBay,unknown,FALSE,,,2000 POKEMON NEO GENESIS 1ST EDITION #6 HERACROSS-HOLO PSA 8 #6,https://www.ebay.es/itm/117354527737,PriceCharting
Neo Genesis,Heracross,6/111,1st Edition,PSA 8,2026-08-12,225.00,USD,eBay,unknown,FALSE,,,Pokemon Heracross Holo Neo Genesis 1st Edition 6/111 PSA 8 6/111,https://www.ebay.es/itm/287519679847,PriceCharting
Neo Genesis,Heracross,6/111,1st Edition,PSA 8,2026-08-08,279.99,USD,eBay,unknown,FALSE,,,2000 POKEMON NEO GENESIS 1ST EDITION #6 HERACROSS-HOLO PSA 8 #6,https://www.ebay.es/itm/307108656126,PriceCharting
Neo Genesis,Heracross,6/111,1st Edition,PSA 8,2026-08-03,315.00,USD,eBay,unknown,FALSE,,,Heracross 1st Edition Holo 2000 Neo Genesis PSA 8 Pokemon Card 6/111,https://www.ebay.es/itm/128000694197,PriceCharting
Neo Genesis,Heracross,6/111,1st Edition,PSA 8,2026-07-19,260.00,USD,eBay,best offer,TRUE,,,2000 Pokemon Neo Genesis 1st Edition Heracross Holo #6/111 PSA 8 6/111,https://www.ebay.es/itm/307048507093,PriceCharting
Neo Genesis,Heracross,6/111,1st Edition,PSA 8,2026-07-12,300.00,USD,eBay,best offer,TRUE,,,Pokémon TCG Heracross Neo Genesis Holo Card 6/111 1st Edition PSA 8 NM-MT 2000 6/111,https://www.ebay.es/itm/358773241346,PriceCharting
Neo Genesis,Heracross,6/111,1st Edition,PSA 8,2026-07-05,299.99,USD,eBay,unknown,FALSE,,,2000 Pokemon Neo Genesis HERACROSS HOLO 1st Edition 6/111 PSA 8 NM-MT 6/111,https://www.ebay.es/itm/298477084327,PriceCharting
Neo Genesis,Heracross,6/111,1st Edition,PSA 8,2026-07-05,340.00,USD,eBay,unknown,FALSE,,,Pokemon Heracross Holo Neo Genesis 1st Edition 6/111 PSA 8 6/111,https://www.ebay.es/itm/287424622038,PriceCharting
Neo Genesis,Heracross,6/111,1st Edition,PSA 8,2026-06-16,210.00,USD,eBay,unknown,FALSE,,,Pokémon TCG Neo Genesis Heracross 6/111 Holo 1st Edition PSA 8 EN 6/111,https://www.ebay.es/itm/318465551719,PriceCharting
Neo Genesis,Heracross,6/111,1st Edition,PSA 8,2026-06-02,269.69,USD,eBay,unknown,FALSE,,,2000 POKEMON NEO GENESIS 1ST EDITION #6 HERACROSS-HOLO PSA 8 #6,https://www.ebay.es/itm/317216393955,PriceCharting
Neo Genesis,Heracross,6/111,1st Edition,PSA 8,2026-05-26,289.99,USD,eBay,unknown,FALSE,,,2000 POKEMON NEO GENESIS 1ST EDITION #6 HERACROSS-HOLO PSA 8 #6,https://www.ebay.es/itm/298301991091,PriceCharting
Neo Genesis,Heracross,6/111,1st Edition,PSA 8,2026-05-25,240.00,USD,eBay,unknown,FALSE,,,2000 POKEMON NEO GENESIS 1ST EDITION #6 HERACROSS-HOLO PSA 8 #6,https://www.ebay.es/itm/117190264122,PriceCharting
Neo Genesis,Heracross,6/111,1st Edition,PSA 9,2026-09-14,701.83,USD,eBay,unknown,FALSE,,,2000 POKEMON NEO GENESIS 1ST EDITION #6 HERACROSS-HOLO PSA 9 | GUARD INCL #6,https://www.ebay.es/itm/327355629325,PriceCharting
Neo Genesis,Heracross,6/111,1st Edition,PSA 9,2026-09-04,750.00,USD,eBay,unknown,FALSE,,,2000 POKEMON NEO GENESIS 1ST EDITION #6 HERACROSS-HOLO PSA 9 #6,https://www.ebay.es/itm/147511071084,PriceCharting
Neo Genesis,Heracross,6/111,1st Edition,PSA 9,2026-08-17,590.00,USD,eBay,unknown,FALSE,,,Pokemon Heracross Holo Neo Genesis 1st Edition 6/111 PSA 9 Mint 6/111,https://www.ebay.es/itm/287511103189,PriceCharting
Neo Genesis,Heracross,6/111,1st Edition,PSA 9,2026-07-30,725.00,USD,eBay,unknown,FALSE,,,2000 POKEMON NEO GENESIS 1ST EDITION #6 HERACROSS-HOLO PSA 9 #6,https://www.ebay.es/itm/306981192139,PriceCharting
Neo Genesis,Heracross,6/111,1st Edition,PSA 9,2026-07-26,599.99,USD,eBay,unknown,FALSE,,,2000 POKEMON NEO GENESIS 1ST EDITION #6 HERACROSS-HOLO PSA 9 #6,https://www.ebay.es/itm/117322351458,PriceCharting
Neo Genesis,Heracross,6/111,1st Edition,PSA 9,2026-07-19,599.99,USD,eBay,unknown,FALSE,,,2000 POKEMON NEO GENESIS 1ST EDITION #6 HERACROSS-HOLO PSA 9 #6,https://www.ebay.es/itm/298505443923,PriceCharting
Neo Genesis,Heracross,6/111,1st Edition,PSA 9,2026-07-16,799.00,USD,eBay,unknown,FALSE,,,2000 POKEMON NEO GENESIS 1ST EDITION #6 HERACROSS-HOLO PSA 9 #6,https://www.ebay.es/itm/298316122832,PriceCharting
Neo Genesis,Heracross,6/111,1st Edition,PSA 9,2026-07-15,600.00,USD,eBay,unknown,FALSE,,,Pokemon Heracross Holo Neo Genesis 1st Edition 6/111 PSA 9 Mint 6/111,https://www.ebay.es/itm/287450230582,PriceCharting
Neo Genesis,Heracross,6/111,1st Edition,PSA 9,2026-07-04,600.00,USD,eBay,unknown,FALSE,,,2000 Pokemon Heracross 1st Edition Neo Genesis PSA 9 Mint Holo 6/111 WOTC OG 151 #6,https://www.ebay.es/itm/397932796345,PriceCharting
Neo Genesis,Heracross,6/111,1st Edition,PSA 9,2026-06-29,510.00,USD,eBay,unknown,FALSE,,,Pokemon Neo Genesis Heracross 6/111 Holo Rare First Edition PSA 9 6/111,https://www.ebay.es/itm/358699896560,PriceCharting
Neo Genesis,Heracross,6/111,1st Edition,PSA 9,2026-06-14,674.15,USD,eBay,unknown,FALSE,,,2000 Pokemon Heracross 1st Edition Neo Genesis PSA 9 Mint Holo 6/111 WOTC 6/111,https://www.ebay.es/itm/326993808356,PriceCharting
Neo Genesis,Heracross,6/111,1st Edition,PSA 9,2026-06-01,599.99,USD,eBay,unknown,FALSE,,,2000 POKEMON NEO GENESIS 1ST EDITION #6 HERACROSS-HOLO PSA 9 #6,https://www.ebay.es/itm/306955542486,PriceCharting
Neo Genesis,Heracross,6/111,1st Edition,PSA 9,2026-05-30,423.92,USD,eBay,unknown,FALSE,,,2000 POKEMON NEO GENESIS 1ST EDITION #6 HERACROSS-HOLO PSA 9 #6,https://www.ebay.es/itm/306950012234,PriceCharting
Neo Genesis,Heracross,6/111,1st Edition,PSA 9,2026-05-10,465.00,USD,eBay,unknown,FALSE,,,PSA 9 MINT Heracross 6/111 HOLO RARE Neo Genesis 1ST EDITION Pokemon Card 6/111,https://www.ebay.es/itm/178102151843,PriceCharting
Neo Genesis,Heracross,6/111,1st Edition,PSA 9,2026-05-08,575.00,USD,eBay,best offer,TRUE,,,2000 Pokemon Heracross 1st Edition Neo Genesis PSA 9 Mint Holo 6/111 WOTC OG 151 #6,https://www.ebay.es/itm/327095687687,PriceCharting
Neo Genesis,Heracross,6/111,1st Edition,PSA 10,2026-03-22,25578.23,USD,eBay,unknown,FALSE,,,2000 POKEMON NEO GENESIS 1ST EDITION #6/111 HERACROSS HOLO RARE PSA 10 6/111,https://www.ebay.es/itm/206136276516,PriceCharting
Neo Genesis,Heracross,6/111,1st Edition,PSA 10,2026-01-14,15000.00,USD,eBay,unknown,FALSE,,,Pokemon Heracross Neo Genesis 1st Edition Holo Rare #6 PSA 10 Gem Mint,https://www.ebay.es/itm/287020903945,PriceCharting
Neo Genesis,Heracross,6/111,1st Edition,PSA 10,2025-09-30,7500.00,USD,eBay,unknown,FALSE,,,2000 POKEMON NEO GENESIS 1ST EDITION HERACROSS #6 -HOLO PSA 10 GEM MINT #6,https://www.ebay.es/itm/267111152008,PriceCharting
Neo Genesis,Heracross,6/111,1st Edition,PSA 10,2025-05-05,3938.00,USD,eBay,unknown,FALSE,,,Pokemon Heracross Neo Genesis 1st Edition Holo Rare #6 PSA 10 Gem Mint,https://www.ebay.es/itm/286520196065,PriceCharting
Neo Genesis,Heracross,6/111,1st Edition,PSA 10,2025-01-09,4999.99,USD,eBay,unknown,FALSE,,,Pokemon PSA 10 Gem Mint 1st Edition Neo Genesis Holo Heracross 6/111 (JC) 6/111,https://www.ebay.es/itm/325864657932,PriceCharting
Neo Genesis,Heracross,6/111,1st Edition,PSA 10,2024-09-15,3106.69,USD,eBay,unknown,FALSE,,,Pokemon Heracross Neo Genesis 1st Edition Holo Rare #6 PSA 10 Gem Mint,https://www.ebay.es/itm/286047445034,PriceCharting
Neo Genesis,Heracross,6/111,1st Edition,PSA 10,2024-08-17,3550.00,USD,eBay,unknown,FALSE,,,Pokemon PSA 10 Gem Mint 1st Edition Neo Genesis Holo Rare Heracross 6/111 6/111,https://www.ebay.es/itm/296622737675,PriceCharting
Neo Genesis,Heracross,6/111,1st Edition,PSA 10,2024-07-15,3650.00,USD,eBay,unknown,FALSE,,,Pokemon PSA 10 Gem Mint 1st Edition Neo Genesis Holo Rare Heracross 6/111 POP 23 6/111,https://www.ebay.es/itm/355851226810,PriceCharting
Neo Genesis,Heracross,6/111,Unlimited,PSA 8,2026-09-25,129.99,USD,eBay,unknown,FALSE,,,Pokemon Heracross Neo Genesis Unlimited Holo Rare #6 PSA 8 Nice Swirl #6,https://www.ebay.es/itm/358710824217,PriceCharting
Neo Genesis,Heracross,6/111,Unlimited,PSA 8,2026-09-22,80.00,USD,eBay,best offer,TRUE,,,Heracross 6/111 Neo Genesis Pokemon TCG PSA 8 6/111,https://www.ebay.es/itm/237069782087,PriceCharting
Neo Genesis,Heracross,6/111,Unlimited,PSA 8,2026-09-10,99.99,USD,eBay,unknown,FALSE,,,2000 Pokémon Neo Genesis 6/111 Heracross Holo PSA 8 w/ SWIRL 6/111,https://www.ebay.es/itm/206483346719,PriceCharting
Neo Genesis,Heracross,6/111,Unlimited,PSA 8,2026-09-03,105.00,USD,eBay,unknown,FALSE,,,Pokemon Heracross Neo Genesis Unlimited Holo Rare #6 PSA 8,https://www.ebay.es/itm/287184596622,PriceCharting
Neo Genesis,Heracross,6/111,Unlimited,PSA 8,2026-08-04,70.76,USD,eBay,unknown,FALSE,,,2000 Pokémon Neo Genesis 6/111 Heracross Holo PSA 8 6/111,https://www.ebay.es/itm/800419710238,PriceCharting
Neo Genesis,Heracross,6/111,Unlimited,PSA 8,2026-08-03,70.00,USD,eBay,unknown,FALSE,,,Pokémon TCG 2000 P.M. Neo Genesis Heracross Holo #6 Psa 8 #6,https://www.ebay.es/itm/137556071965,PriceCharting
Neo Genesis,Heracross,6/111,Unlimited,PSA 8,2026-06-16,83.00,USD,eBay,best offer,TRUE,,,Heracross Holo 6/111 Neo Genesis Pokemon PSA 8 6/111,https://www.ebay.es/itm/227383245987,PriceCharting
Neo Genesis,Heracross,6/111,Unlimited,PSA 8,2026-06-12,85.00,USD,eBay,best offer,TRUE,,,Pokemon Heracross Holo #6 Neo Genesis Near Mint PSA 8 #6,https://www.ebay.es/itm/188491162005,PriceCharting
Neo Genesis,Heracross,6/111,Unlimited,PSA 8,2026-06-02,75.00,USD,eBay,best offer,TRUE,,,2000 Pokemon Heracross Neo Genesis Holo Rare PSA 8 NM/MINT #6,https://www.ebay.es/itm/267687644996,PriceCharting
Neo Genesis,Heracross,6/111,Unlimited,PSA 8,2026-05-26,84.99,USD,eBay,unknown,FALSE,,,2000 POKEMON NEO GENESIS #6 HERACROSS-HOLO PSA 8 #6,https://www.ebay.es/itm/377206259254,PriceCharting
Neo Genesis,Heracross,6/111,Unlimited,PSA 8,2026-05-08,85.00,USD,eBay,best offer,TRUE,,,2000 POKEMON NEO GENESIS #6 HERACROSS-HOLO PSA 8 #6,https://www.ebay.es/itm/287314086884,PriceCharting
Neo Genesis,Heracross,6/111,Unlimited,PSA 8,2026-05-06,80.00,USD,eBay,unknown,FALSE,,,2000 POKEMON NEO GENESIS #6 HERACROSS-HOLO PSA 8 #6,https://www.ebay.es/itm/327123688232,PriceCharting
Neo Genesis,Heracross,6/111,Unlimited,PSA 8,2026-05-05,85.00,USD,eBay,unknown,FALSE,,,Pokemon Heracross 6/111 Neo Genesis Holo - PSA 8 6/111,https://www.ebay.es/itm/277535603743,PriceCharting
Neo Genesis,Heracross,6/111,Unlimited,PSA 8,2026-04-27,99.00,USD,eBay,unknown,FALSE,,,2000 POKEMON NEO GENESIS #6 HERACROSS-HOLO PSA 8 #6,https://www.ebay.es/itm/298215911671,PriceCharting
Neo Genesis,Heracross,6/111,Unlimited,PSA 8,2026-04-11,80.00,USD,eBay,best offer,TRUE,,,2000 Pokemon Neo Genesis Heracross-Holo #6 PSA 8 NM-MT #6,https://www.ebay.es/itm/206183745971,PriceCharting
Neo Genesis,Heracross,6/111,Unlimited,PSA 8,2026-04-09,72.00,USD,eBay,unknown,FALSE,,,2000 POKEMON NEO GENESIS #6 HERACROSS-HOLO PSA 8 #6,https://www.ebay.es/itm/298179497247,PriceCharting
Neo Genesis,Heracross,6/111,Unlimited,PSA 8,2026-03-31,89.99,USD,eBay,unknown,FALSE,,,Pokemon Heracross Holo #6 Neo Genesis Near Mint PSA 8 #6,https://www.ebay.es/itm/298060252621,PriceCharting
Neo Genesis,Heracross,6/111,Unlimited,PSA 8,2026-03-24,62.90,USD,eBay,unknown,FALSE,,,Pokemon Heracross Neo Genesis Unlimited Holo Rare #6 PSA 8 #6,https://www.ebay.es/itm/168238280693,PriceCharting
Neo Genesis,Heracross,6/111,Unlimited,PSA 8,2026-03-05,79.99,USD,eBay,unknown,FALSE,,,2000 Pokemon Neo Genesis Heracross-Holo #6 PSA 8,https://www.ebay.es/itm/157488124834,PriceCharting
Neo Genesis,Heracross,6/111,Unlimited,PSA 8,2026-03-04,70.00,USD,eBay,unknown,FALSE,,,2000 Pokemon Neo Genesis Heracross-Holo #6 PSA 8 6/111,https://www.ebay.es/itm/397629627185,PriceCharting
Neo Genesis,Heracross,6/111,Unlimited,PSA 9,2026-09-01,249.00,USD,eBay,unknown,FALSE,,,Pokemon Neo Genesis Heracross PSA 9 6/111,https://www.ebay.es/itm/147511787512,PriceCharting
Neo Genesis,Heracross,6/111,Unlimited,PSA 9,2026-08-08,228.19,USD,eBay,unknown,FALSE,,,Pokemon 2000 Heracross 6 Holo Neo Genesis PSA 9 #6,https://www.ebay.es/itm/407111800252,PriceCharting
Neo Genesis,Heracross,6/111,Unlimited,PSA 9,2026-07-17,168.39,USD,eBay,unknown,FALSE,,,2000 Pokemon Neo Genesis #6 Heracross Holo PSA 9 MINT,https://www.ebay.es/itm/377332330176,PriceCharting
Neo Genesis,Heracross,6/111,Unlimited,PSA 9,2026-07-16,250.00,USD,eBay,best offer,TRUE,,,2000 Pokemon TCG Neo Genesis Heracross Holo PSA9 6/111,https://www.ebay.es/itm/800336565721,PriceCharting
Neo Genesis,Heracross,6/111,Unlimited,PSA 9,2026-07-12,299.99,USD,eBay,unknown,FALSE,,,PSA 9 MINT Heracross 6/111 HOLO RARE Neo Genesis Pokemon Card,https://www.ebay.es/itm/267633290501,PriceCharting
Neo Genesis,Heracross,6/111,Unlimited,PSA 9,2026-06-17,325.00,USD,eBay,best offer,TRUE,,,Pokémon TCG Heracross Neo Genesis Holo Card 6/111 Unlimited Rare PSA 9 SWIRL 6/111,https://www.ebay.es/itm/406969072445,PriceCharting
Neo Genesis,Heracross,6/111,Unlimited,PSA 9,2026-06-02,289.99,USD,eBay,unknown,FALSE,,,2000 POKEMON NEO GENESIS #6 HERACROSS-HOLO PSA 9 #6,https://www.ebay.es/itm/306945628873,PriceCharting
Neo Genesis,Heracross,6/111,Unlimited,PSA 9,2026-05-24,231.00,USD,eBay,best offer,TRUE,,,2000 POKEMON NEO GENESIS #6 HERACROSS-HOLO PSA 9 #6,https://www.ebay.es/itm/117210215024,PriceCharting
Neo Genesis,Heracross,6/111,Unlimited,PSA 9,2026-05-10,221.13,USD,eBay,unknown,FALSE,,,2000 POKEMON NEO GENESIS #6/111 HERACROSS HOLO RARE PSA 9 6/111,https://www.ebay.es/itm/206246165215,PriceCharting
Neo Genesis,Heracross,6/111,Unlimited,PSA 9,2026-04-29,250.00,USD,eBay,best offer,TRUE,,,2000 POKEMON NEO GENESIS #6 HERACROSS-HOLO PSA 9 #6,https://www.ebay.es/itm/116828244258,PriceCharting
Neo Genesis,Heracross,6/111,Unlimited,PSA 9,2026-04-16,220.00,USD,eBay,unknown,FALSE,,,PSA 9 Heracross Holo Neo Genesis #6 2000 MINT Pokémon Card #6,https://www.ebay.es/itm/177977586457,PriceCharting
Neo Genesis,Heracross,6/111,Unlimited,PSA 9,2026-03-05,213.50,USD,eBay,unknown,FALSE,,,Pokémon TCG Heracross Neo Genesis PSA 9 2000 6/111 Holo Rare Unlimited 6/111,https://www.ebay.es/itm/317933494471,PriceCharting
Neo Genesis,Heracross,6/111,Unlimited,PSA 9,2026-02-09,140.00,USD,eBay,unknown,FALSE,,,Pokemon Neo Genesis Heracross Holo 6 PSA 9 G2U #6,https://www.ebay.es/itm/177670633126,PriceCharting
Neo Genesis,Heracross,6/111,Unlimited,PSA 9,2026-01-01,105.65,USD,eBay,unknown,FALSE,,,Pokemon WOTC 2000 Neo Genesis Heracross Holo Rare #6 PSA 9 Mint,https://www.ebay.es/itm/157344885155,PriceCharting
Neo Genesis,Heracross,6/111,Unlimited,PSA 9,2025-11-21,97.35,USD,eBay,unknown,FALSE,,,2000 POKEMON NEO GENESIS #6/111 HERACROSS HOLO PSA 9 6/111,https://www.ebay.es/itm/205844927888,PriceCharting
Neo Genesis,Heracross,6/111,Unlimited,PSA 9,2025-11-20,110.00,USD,eBay,unknown,FALSE,,,Pokemon WOTC 2000 Neo Genesis Heracross Holo Rare #6 PSA 9 Mint VERY CLEAN 9,https://www.ebay.es/itm/277513727894,PriceCharting
Neo Genesis,Heracross,6/111,Unlimited,PSA 9,2025-11-11,200.00,USD,eBay,unknown,FALSE,,,Pokemon Neo Genesis Heracross Holo 6 PSA 9 #6,https://www.ebay.es/itm/376504427223,PriceCharting
Neo Genesis,Heracross,6/111,Unlimited,PSA 9,2025-11-09,94.50,USD,eBay,unknown,FALSE,,,Pokemon Heracross Neo Genesis Unlimited Holo Rare #6 PSA 9 Mint,https://www.ebay.es/itm/286911263968,PriceCharting
Neo Genesis,Heracross,6/111,Unlimited,PSA 9,2025-11-09,120.00,USD,eBay,best offer,TRUE,,,2000 POKEMON NEO GENESIS #6 HERACROSS-HOLO PSA 9 Mint #6,https://www.ebay.es/itm/256988130650,PriceCharting
Neo Genesis,Heracross,6/111,Unlimited,PSA 10,2026-05-28,21499.00,USD,eBay,unknown,FALSE,,,2000 POKEMON NEO GENESIS #6/111 HERACROSS HOLO RARE PSA 10 POP 4 6/111,https://www.ebay.es/itm/198326733441,PriceCharting
Neo Genesis,Jumpluff,7/111,1st Edition,PSA 8,2026-09-21,109.00,USD,eBay,unknown,FALSE,,,Pokemon Jumpluff 7 Neo Genesis 1st Edition Holo PSA 8 (with Swirl) 7/111,https://www.ebay.es/itm/366611844818,PriceCharting
Neo Genesis,Jumpluff,7/111,1st Edition,PSA 8,2026-09-06,102.50,USD,eBay,unknown,FALSE,,,2000 POKEMON NEO GENESIS 1ST EDITION #7 JUMPLUFF-HOLO PSA 8 #7,https://www.ebay.es/itm/117380981578,PriceCharting
Neo Genesis,Jumpluff,7/111,1st Edition,PSA 8,2026-09-01,108.02,USD,eBay,best offer,TRUE,,,PSA 8 JUMPLUFF 7/111 1st Edition Holo Swirl Rare Neo Genesis - Pokemon Card 7/111,https://www.ebay.es/itm/197910088879,PriceCharting
Neo Genesis,Jumpluff,7/111,1st Edition,PSA 8,2026-08-29,70.00,USD,eBay,best offer,TRUE,,,2000 Pokemon Neo Genesis Jumpluff Holo 1st Edition PSA 8 7/111,https://www.ebay.es/itm/178449070236,PriceCharting
Neo Genesis,Jumpluff,7/111,1st Edition,PSA 8,2026-08-26,86.00,USD,eBay,unknown,FALSE,,,2000 POKEMON NEO GENESIS 1ST EDITION #7 JUMPLUFF-HOLO PSA 8 #7,https://www.ebay.es/itm/820023229337,PriceCharting
Neo Genesis,Jumpluff,7/111,1st Edition,PSA 8,2026-08-25,97.95,USD,eBay,unknown,FALSE,,,PSA 8 Jumpluff 7/111 1st Edition Neo Genesis Holo Pokemon Card WOTC Vintage #7,https://www.ebay.es/itm/137606708642,PriceCharting
Neo Genesis,Jumpluff,7/111,1st Edition,PSA 8,2026-08-22,128.07,USD,eBay,unknown,FALSE,,,Pokemon - Neo Genesis 1st Edition - Jumpluff Holo - 7/111 - PSA 8 7/111,https://www.ebay.es/itm/820016520040,PriceCharting
Neo Genesis,Jumpluff,7/111,1st Edition,PSA 8,2026-08-22,100.00,USD,eBay,unknown,FALSE,,,Pokemon Neo Genesis First Edition Jumpluff 7/111 PSA 8 Holo 7/111,https://www.ebay.es/itm/366584828765,PriceCharting
Neo Genesis,Jumpluff,7/111,1st Edition,PSA 8,2026-08-20,109.99,USD,eBay,unknown,FALSE,,,Pokemon Jumpluff 7 Neo Genesis 1st Edition Holo PSA 8 (with Swirl) 7/111,https://www.ebay.es/itm/800479483159,PriceCharting
Neo Genesis,Jumpluff,7/111,1st Edition,PSA 8,2026-08-04,110.00,USD,eBay,best offer,TRUE,,,Pokemon Neo Genesis 1st Edition #7 JumpLuff-Holo PSA 8 7/111,https://www.ebay.es/itm/365675419924,PriceCharting
Neo Genesis,Jumpluff,7/111,1st Edition,PSA 8,2026-08-03,99.99,USD,eBay,unknown,FALSE,,,Pokemon TCG Neo Genesis Jumpluff 7/111 Holo Rare English PSA 8 2000 1st Ed 7/111,https://www.ebay.es/itm/206460028400,PriceCharting
Neo Genesis,Jumpluff,7/111,1st Edition,PSA 8,2026-06-30,94.00,USD,eBay,unknown,FALSE,,,Pokemon TCG Neo Genesis Jumpluff 7/111 Holo Rare English PSA 8 2000 1st Ed 7/111,https://www.ebay.es/itm/398116628824,PriceCharting
Neo Genesis,Jumpluff,7/111,1st Edition,PSA 8,2026-06-29,95.00,USD,eBay,unknown,FALSE,,,Pokemon Jumpluff Holo Neo Genesis 1st Edition 7/111 PSA 8 7/111,https://www.ebay.es/itm/287405825914,PriceCharting
Neo Genesis,Jumpluff,7/111,1st Edition,PSA 8,2026-06-25,109.99,USD,eBay,unknown,FALSE,,,PSA 8 Jumpluff 7/111 1st Edition Neo Genesis Holo Pokemon Card WOTC Vintage #7,https://www.ebay.es/itm/147364312686,PriceCharting
Neo Genesis,Jumpluff,7/111,1st Edition,PSA 8,2026-06-12,100.00,USD,eBay,unknown,FALSE,,,2000 Pokémon 1st Edition American Neo Genesis JUMPLUFF - HOLO Card # 7 PSA - 8 7/111,https://www.ebay.es/itm/357808960948,PriceCharting
Neo Genesis,Jumpluff,7/111,1st Edition,PSA 8,2026-06-01,90.00,USD,eBay,unknown,FALSE,,,2000 Pokémon 1st Edition American Neo Genesis JUMPLUFF - HOLO Card # 7 PSA - 8 7/111,https://www.ebay.es/itm/298289423827,PriceCharting
Neo Genesis,Jumpluff,7/111,1st Edition,PSA 8,2026-05-29,99.99,USD,eBay,unknown,FALSE,,,2000 POKEMON NEO GENESIS 1ST ED #7 JUMPLUFF-HOLO PSA 8 #7,https://www.ebay.es/itm/298113483139,PriceCharting
Neo Genesis,Jumpluff,7/111,1st Edition,PSA 8,2026-05-18,84.00,USD,eBay,unknown,FALSE,,,Pokemon 2000 Jumpluff 7/111 Holo 1st Edition Neo Genesis PSA 8 7/111,https://www.ebay.es/itm/406911751708,PriceCharting
Neo Genesis,Jumpluff,7/111,1st Edition,PSA 8,2026-05-02,85.00,USD,eBay,unknown,FALSE,,,2000 Pokémon 1st Edition American Neo Genesis JUMPLUFF - HOLO Card # 7 PSA - 8 7/111,https://www.ebay.es/itm/318232920351,PriceCharting
Neo Genesis,Jumpluff,7/111,1st Edition,PSA 8,2026-04-30,84.99,USD,eBay,unknown,FALSE,,,Pokémon Jumpluff 7/111 Neo Genesis 1st Edition Holo Rare PSA 8 English 7/111,https://www.ebay.es/itm/358497541780,PriceCharting
Neo Genesis,Jumpluff,7/111,1st Edition,PSA 8,2026-04-30,95.50,USD,eBay,unknown,FALSE,,,Pokemon TCG Cards 1st Edition Jumpluff 7/111 Neo Genesis Holo Rare PSA 8 NM-MT,https://www.ebay.es/itm/185924423944,PriceCharting
Neo Genesis,Jumpluff,7/111,1st Edition,PSA 8,2026-04-26,88.88,USD,eBay,unknown,FALSE,,,Pokemon Jumpluff Neo Genesis 1st Edition Holo Rare #7 PSA 8,https://www.ebay.es/itm/287278146800,PriceCharting
Neo Genesis,Jumpluff,7/111,1st Edition,PSA 8,2026-04-22,89.00,USD,eBay,unknown,FALSE,,,2000 POKEMON NEO GENESIS 1ST EDITION #7 JUMPLUFF-HOLO PSA 8 #7,https://www.ebay.es/itm/117141367793,PriceCharting
Neo Genesis,Jumpluff,7/111,1st Edition,PSA 8,2026-04-19,88.00,USD,eBay,unknown,FALSE,,,2000 POKEMON NEO GENESIS 1ST EDITION #7 JUMPLUFF-HOLO PSA 8 #7,https://www.ebay.es/itm/306865402011,PriceCharting
Neo Genesis,Jumpluff,7/111,1st Edition,PSA 8,2026-04-11,61.01,USD,eBay,unknown,FALSE,,,2000 POKEMON NEO GENESIS 1ST EDITION #7 JUMPLUFF-HOLO PSA 8 #7,https://www.ebay.es/itm/306857336559,PriceCharting
Neo Genesis,Jumpluff,7/111,1st Edition,PSA 8,2026-04-10,75.00,USD,eBay,unknown,FALSE,,,2000 POKEMON NEO GENESIS 1ST ED #7 JUMPLUFF-HOLO PSA 8 #7,https://www.ebay.es/itm/318029514127,PriceCharting
Neo Genesis,Jumpluff,7/111,1st Edition,PSA 9,2026-09-14,225.00,USD,eBay,unknown,FALSE,,,2000 POKEMON NEO GENESIS 1ST EDITION #7 JUMPLUFF-HOLO PSA 9 #7,https://www.ebay.es/itm/307167619679,PriceCharting
Neo Genesis,Jumpluff,7/111,1st Edition,PSA 9,2026-08-31,220.00,USD,eBay,best offer,TRUE,,,2000 POKEMON NEO GENESIS 1ST EDITION #7 JUMPLUFF-HOLO PSA 9 #7,https://www.ebay.es/itm/307132518510,PriceCharting
Neo Genesis,Jumpluff,7/111,1st Edition,PSA 9,2026-08-30,157.50,USD,eBay,unknown,FALSE,,,Pokémon TCG Jumpluff Neo Genesis Holo Card 7/111 1st Edition Rare PSA 9 Mint 7/111,https://www.ebay.es/itm/158219684518,PriceCharting
Neo Genesis,Jumpluff,7/111,1st Edition,PSA 9,2026-08-19,178.76,USD,eBay,unknown,FALSE,,,Pokémon TCG 1st Edition - PSA 9 MINT - Neo Genesis Jumpluff Holo 7/111 7/111,https://www.ebay.es/itm/267694377173,PriceCharting
Neo Genesis,Jumpluff,7/111,1st Edition,PSA 9,2026-08-16,212.50,USD,eBay,unknown,FALSE,,,Pokemon Jumpluff Holo Neo Genesis 1st Edition 7/111 PSA 9 Mint 7/111,https://www.ebay.es/itm/287511098713,PriceCharting
Neo Genesis,Jumpluff,7/111,1st Edition,PSA 9,2026-08-06,169.99,USD,eBay,unknown,FALSE,,,Pokémon TCG: Jumpluff - Neo Genesis Holo 7/111 1st Edition - PSA 9 NEW CERT 7/111,https://www.ebay.es/itm/206367844349,PriceCharting
Neo Genesis,Jumpluff,7/111,1st Edition,PSA 9,2026-08-06,200.00,USD,eBay,unknown,FALSE,,,Pokémon 2000 Neo Genesis Jumpluff 7/111 1st Ed Holo PSA 9 7/111,https://www.ebay.es/itm/358847248644,PriceCharting
Neo Genesis,Jumpluff,7/111,1st Edition,PSA 9,2026-07-31,225.00,USD,eBay,unknown,FALSE,,,2000 Pokemon 1st Edition Neo Genesis Jumpluff | PSA 9 7/111,https://www.ebay.es/itm/307086260600,PriceCharting
Neo Genesis,Jumpluff,7/111,1st Edition,PSA 9,2026-07-27,155.50,USD,eBay,unknown,FALSE,,,Pokémon Neo Genesis Jumpluff 7/111 Holo Rare First Edition PSA 9 7/111,https://www.ebay.es/itm/358807419887,PriceCharting
Neo Genesis,Jumpluff,7/111,1st Edition,PSA 9,2026-07-03,200.00,USD,eBay,unknown,FALSE,,,2000 POKEMON NEO GENESIS #7 JUMPLUFF HOLO PSA 9 1ST EDITION 7/111,https://www.ebay.es/itm/336669819688,PriceCharting
Neo Genesis,Jumpluff,7/111,1st Edition,PSA 9,2026-07-02,150.50,USD,eBay,unknown,FALSE,,,2000 Pokemon Neo Genesis 1st Edition #7 Jumpluff - Holo PSA 9 MINT,https://www.ebay.es/itm/800237579565,PriceCharting
Neo Genesis,Jumpluff,7/111,1st Edition,PSA 9,2026-06-02,152.50,USD,eBay,unknown,FALSE,,,Pokémon TCG: Jumpluff - Neo Genesis Holo 7/111 1st Edition - PSA 9 7/111,https://www.ebay.es/itm/257528064087,PriceCharting
Neo Genesis,Jumpluff,7/111,1st Edition,PSA 9,2026-05-30,195.00,USD,eBay,unknown,FALSE,,,Pokémon TCG: Jumpluff - Neo Genesis Holo 7/111 1st Edition - PSA 9 NEW CERT 7/111,https://www.ebay.es/itm/287308236049,PriceCharting
Neo Genesis,Jumpluff,7/111,1st Edition,PSA 9,2026-04-09,180.82,USD,eBay,best offer,TRUE,,,Jumpluff - Holo swirl - 1st Edition PSA 9 - Neo Genesis 2000 - #7/111 - Pokemon 7/111,https://www.ebay.es/itm/206141782549,PriceCharting
Neo Genesis,Jumpluff,7/111,1st Edition,PSA 9,2026-04-03,150.00,USD,eBay,best offer,TRUE,,,2000 Pokemon Neo Genesis 1st Edition 7 Jumpluff Holo PSA 9 129663504 7/111,https://www.ebay.es/itm/157797974030,PriceCharting
Neo Genesis,Jumpluff,7/111,1st Edition,PSA 9,2026-03-24,184.99,USD,eBay,best offer,TRUE,,,Pokemon PSA 9 1st Edition Neo Genesis Jumpluff Holo Rare SWIRL 7/111 MINT 7/111,https://www.ebay.es/itm/157719117237,PriceCharting
Neo Genesis,Jumpluff,7/111,1st Edition,PSA 9,2026-03-21,145.00,USD,eBay,unknown,FALSE,,,Pokemon Jumpluff Neo Genesis 1st Edition Holo Rare #7 PSA 9 Mint,https://www.ebay.es/itm/287215053738,PriceCharting
Neo Genesis,Jumpluff,7/111,1st Edition,PSA 9,2026-03-03,120.71,USD,eBay,best offer,TRUE,,,Jumpluff PSA 9 Pokemon Card 7/111 Neo Genesis 1st Edition Rare Holo 2000 MINT,https://www.ebay.es/itm/176803465708,PriceCharting
Neo Genesis,Jumpluff,7/111,1st Edition,PSA 9,2026-03-03,86.02,USD,eBay,unknown,FALSE,,,2000 Pokemon Neo Genesis 1st Edition Jumpluff Holo #7/111 PSA 9,https://www.ebay.es/itm/127704807412,PriceCharting
Neo Genesis,Jumpluff,7/111,1st Edition,PSA 10,2026-09-07,6766.66,USD,eBay,unknown,FALSE,,,Pokemon Jumpluff Holo Neo Genesis 1st Edition 7/111 PSA 10 Gem Mint 7/111,https://www.ebay.es/itm/287552955501,PriceCharting
Neo Genesis,Jumpluff,7/111,1st Edition,PSA 10,2026-06-29,4500.00,USD,eBay,unknown,FALSE,,,Pokemon Jumpluff Neo Genesis 1st Edition Holo Rare #7 PSA 10 Gem Mint,https://www.ebay.es/itm/287301763092,PriceCharting
Neo Genesis,Jumpluff,7/111,1st Edition,PSA 10,2026-05-31,4051.00,USD,eBay,unknown,FALSE,,,2000 Pokemon Neo Genesis 1st Edition Jumpluff Holo #7/111 PSA 10 GEM MINT,https://www.ebay.es/itm/127884737029,PriceCharting
Neo Genesis,Jumpluff,7/111,1st Edition,PSA 10,2026-04-21,4300.00,USD,eBay,unknown,FALSE,,,Pokemon 2000 1st Edition Neo Genesis Jumpluff Holo #7 Psa 10 Swirl #7,https://www.ebay.es/itm/389890144204,PriceCharting
Neo Genesis,Jumpluff,7/111,1st Edition,PSA 10,2026-03-29,3900.00,USD,eBay,unknown,FALSE,,,Pokemon Jumpluff Neo Genesis 1st Edition Holo Rare #7 PSA 10 Gem Mint,https://www.ebay.es/itm/287219751754,PriceCharting
Neo Genesis,Jumpluff,7/111,1st Edition,PSA 10,2026-01-23,1999.00,USD,eBay,unknown,FALSE,,,Pokemon Jumpluff Neo Genesis 1st Edition Holo Rare #7 PSA 10 Gem Mint,https://www.ebay.es/itm/286523659653,PriceCharting
Neo Genesis,Jumpluff,7/111,1st Edition,PSA 10,2026-01-14,2149.99,USD,eBay,unknown,FALSE,,,JUMPLUFF HOLO 1ST EDITION PSA 10 2000 POKEMON NEO GENESIS #7/111 ENGLISH GEM 7/111,https://www.ebay.es/itm/177723207625,PriceCharting
Neo Genesis,Jumpluff,7/111,1st Edition,PSA 10,2025-07-21,685.00,USD,eBay,unknown,FALSE,,,Pokemon Jumpluff Neo Genesis 1st Edition Holo Rare #7 PSA 10 Gem Mint,https://www.ebay.es/itm/286700493711,PriceCharting
Neo Genesis,Jumpluff,7/111,Unlimited,PSA 8,2026-09-25,29.77,USD,eBay,unknown,FALSE,,,2000 Pokemon Neo Genesis #7 Jumpluff - Holo PSA 8 NM-MT,https://www.ebay.es/itm/366675201805,PriceCharting
Neo Genesis,Jumpluff,7/111,Unlimited,PSA 8,2026-08-25,50.00,USD,eBay,unknown,FALSE,,,2000 Pokemon Jumpluff Neo Genesis 7/111 Holo Rare PSA 8 NM/MINT SWIRL ENGLISH #7,https://www.ebay.es/itm/267722684240,PriceCharting
Neo Genesis,Jumpluff,7/111,Unlimited,PSA 8,2026-08-24,29.00,USD,eBay,unknown,FALSE,,,Pokemon Jumpluff Holo Neo Genesis Unlimited 7/111 PSA 8 7/111,https://www.ebay.es/itm/287524891840,PriceCharting
Neo Genesis,Jumpluff,7/111,Unlimited,PSA 8,2026-08-14,26.00,USD,eBay,unknown,FALSE,,,PSA 8 Jumpluff Holo #7 Neo Genesis 2000 Pokemon 7/111,https://www.ebay.es/itm/158168811366,PriceCharting
Neo Genesis,Jumpluff,7/111,Unlimited,PSA 8,2026-08-08,39.99,USD,eBay,unknown,FALSE,,,2000 POKEMON NEO GENESIS #7 JUMPLUFF-HOLO PSA 8 #7,https://www.ebay.es/itm/178020312139,PriceCharting
Neo Genesis,Jumpluff,7/111,Unlimited,PSA 8,2026-07-18,37.90,USD,eBay,unknown,FALSE,,,Pokemon 2000 Jumpluff 7 Holo Neo Genesis PSA 8 #7,https://www.ebay.es/itm/407064541635,PriceCharting
Neo Genesis,Jumpluff,7/111,Unlimited,PSA 8,2026-07-14,36.00,USD,eBay,best offer,TRUE,,,Pokemon Jumpluff 7/111 Neo Genesis Unlimited Holo Rare Graded PSA 8 7/111,https://www.ebay.es/itm/358770198461,PriceCharting
Neo Genesis,Jumpluff,7/111,Unlimited,PSA 8,2026-07-03,35.00,USD,eBay,best offer,TRUE,,,Pokemon Jumpluff 7/111 Neo Genesis Unlimited Holo Rare Graded PSA 8 7/111,https://www.ebay.es/itm/358745480298,PriceCharting
Neo Genesis,Jumpluff,7/111,Unlimited,PSA 8,2026-06-19,32.77,USD,eBay,unknown,FALSE,,,Pokemon Jumpluff 7/111 Neo Genesis Unlimited Holo Rare Graded PSA 8 7/111,https://www.ebay.es/itm/257560476993,PriceCharting
Neo Genesis,Jumpluff,7/111,Unlimited,PSA 8,2026-06-18,49.96,USD,eBay,unknown,FALSE,,,PSA 8 Jumpluff 7/111 Neo Genesis Rare Holo Vintage Pokemon Card 7/111,https://www.ebay.es/itm/178198732638,PriceCharting
Neo Genesis,Jumpluff,7/111,Unlimited,PSA 8,2026-06-14,39.99,USD,eBay,unknown,FALSE,,,Jumpluff 7/111 Pokemon Unlimited Neo Genesis Holo Rare PSA 8 7/111,https://www.ebay.es/itm/376324353011,PriceCharting
Neo Genesis,Jumpluff,7/111,Unlimited,PSA 8,2026-06-10,40.00,USD,eBay,unknown,FALSE,,,PSA 8 Jumpluff 7/111 Neo Genesis Rare Holo Vintage Pokemon Card 7/111,https://www.ebay.es/itm/117176337213,PriceCharting
Neo Genesis,Jumpluff,7/111,Unlimited,PSA 8,2026-06-06,36.99,USD,eBay,unknown,FALSE,,,Pokemon WOTC Jumpluff Holo PSA 8 Neo Genesis #7 #7,https://www.ebay.es/itm/227338034220,PriceCharting
Neo Genesis,Jumpluff,7/111,Unlimited,PSA 8,2026-05-29,45.00,USD,eBay,unknown,FALSE,,,2000 POKEMON NEO GENESIS #7 JUMPLUFF-HOLO PSA 8 #7,https://www.ebay.es/itm/306880207900,PriceCharting
Neo Genesis,Jumpluff,7/111,Unlimited,PSA 8,2026-05-25,38.00,USD,eBay,best offer,TRUE,,,FREE SHIPPING!! - 2000 Pokemon Neo Genesis #7 Jumpluff Holo - PSA 8 #7,https://www.ebay.es/itm/267365468611,PriceCharting
Neo Genesis,Jumpluff,7/111,Unlimited,PSA 8,2026-05-19,23.50,USD,eBay,unknown,FALSE,,,2000 POKEMON NEO GENESIS #7 JUMPLUFF-HOLO PSA 8 #7,https://www.ebay.es/itm/800010849383,PriceCharting
Neo Genesis,Jumpluff,7/111,Unlimited,PSA 8,2026-05-10,36.99,USD,eBay,unknown,FALSE,,,Pokemon WOTC Jumpluff Holo PSA 8 Neo Genesis #7 #7,https://www.ebay.es/itm/226570352448,PriceCharting
Neo Genesis,Jumpluff,7/111,Unlimited,PSA 8,2026-05-06,40.95,USD,eBay,unknown,FALSE,,,2000 Pokemon Neo Genesis Jumpluff #7 Holo Rare 7/111 PSA 8 NM/MT #7,https://www.ebay.es/itm/297539651439,PriceCharting
Neo Genesis,Jumpluff,7/111,Unlimited,PSA 9,2026-09-04,52.00,USD,eBay,unknown,FALSE,,,2000 Pokemon Neo Genesis Jumpluff Holo Foil #7 Graded Pokémon Card PSA 9 Mint #7,https://www.ebay.es/itm/188852755788,PriceCharting
Neo Genesis,Jumpluff,7/111,Unlimited,PSA 9,2026-08-10,35.00,USD,eBay,unknown,FALSE,,,Pokemon TCG Neo Genesis Jumpluff 7/111 Holo Unlimited PSA 9 2000 7/111,https://www.ebay.es/itm/398243333985,PriceCharting
Neo Genesis,Jumpluff,7/111,Unlimited,PSA 9,2026-07-03,40.00,USD,eBay,best offer,TRUE,,,Pokemon 2000 Neo Genesis Jumpluff Holo Rare 7/111 English PSA 9 7/111,https://www.ebay.es/itm/406911053161,PriceCharting
Neo Genesis,Jumpluff,7/111,Unlimited,PSA 9,2026-06-20,35.00,USD,eBay,best offer,TRUE,,,2000 Pokémon TCG Jumpluff Neo Genesis Holo Card 7/111 PSA 9 7/111,https://www.ebay.es/itm/358665318758,PriceCharting
Neo Genesis,Jumpluff,7/111,Unlimited,PSA 9,2026-05-18,36.00,USD,eBay,unknown,FALSE,,,2000 Pokémon TCG Jumpluff Neo Genesis Holo Card 7/111 PSA 9 7/111,https://www.ebay.es/itm/327151640349,PriceCharting
Neo Genesis,Jumpluff,7/111,Unlimited,PSA 9,2026-04-13,60.00,USD,eBay,best offer,TRUE,,,2000 Pokemon Jumpluff Holo Rare 7/111 Neo Genesis PSA 9 Mint Vintage WOTC #7,https://www.ebay.es/itm/227261676349,PriceCharting
Neo Genesis,Jumpluff,7/111,Unlimited,PSA 9,2026-04-13,60.00,USD,eBay,unknown,FALSE,,,Pokemon Neo Genesis Unlimited Jumpluff PSA 9 Holo (1762) 7/111 7/111,https://www.ebay.es/itm/198277396975,PriceCharting
Neo Genesis,Jumpluff,7/111,Unlimited,PSA 9,2026-03-31,61.60,USD,eBay,unknown,FALSE,,,Pokemon Neo Genesis Unlimited Jumpluff PSA 9 Holo (1762) 7/111,https://www.ebay.es/itm/224818828725,PriceCharting
Neo Genesis,Jumpluff,7/111,Unlimited,PSA 9,2026-01-13,60.00,USD,eBay,best offer,TRUE,,,2000 Pokemon Neo Genesis Unlim Jumpluff holo 7/111 PSA 9 MINT vintage #7,https://www.ebay.es/itm/136244750480,PriceCharting
Neo Genesis,Jumpluff,7/111,Unlimited,PSA 9,2025-12-22,60.00,USD,eBay,best offer,TRUE,,,2000 POKEMON NEO GENESIS #7 JUMPLUFF-HOLO PSA 9 #7,https://www.ebay.es/itm/306660032560,PriceCharting
Neo Genesis,Jumpluff,7/111,Unlimited,PSA 10,2024-10-10,350.00,USD,eBay,unknown,FALSE,,,2000 Pokemon Neo Genesis Jumpluff Holo | PSA 10 7/111,https://www.ebay.es/itm/305741686741,PriceCharting
Neo Genesis,Jumpluff,7/111,Unlimited,PSA 10,2024-03-17,361.56,USD,eBay,unknown,FALSE,,,2000 Pokemon Neo Genesis 7/111 Jumpluff Holo Gem Mint Psa 10! Low Pop!,https://www.ebay.es/itm/134972091715,PriceCharting
Neo Genesis,Jumpluff,7/111,Unlimited,PSA 10,2023-11-27,150.00,USD,eBay,unknown,FALSE,,,2000 Neo Genesis 7 Jumpluff Holo Rare Pokemon TCG Card PSA 10 Gem Mint #7,https://www.ebay.es/itm/285571225801,PriceCharting
Neo Genesis,Kingdra,8/111,1st Edition,PSA 8,2026-09-18,200.00,USD,eBay,best offer,TRUE,,,2000 POKEMON NEO GENESIS 1ST EDITION #8 KINGDRA-HOLO 1ST EDITION PSA 8 #8,https://www.ebay.es/itm/188944422076,PriceCharting
Neo Genesis,Kingdra,8/111,1st Edition,PSA 8,2026-09-17,169.99,USD,eBay,unknown,FALSE,,,2000 POKEMON NEO GENESIS 1ST EDITION #8 KINGDRA-HOLO PSA 8 #8,https://www.ebay.es/itm/298621695686,PriceCharting
Neo Genesis,Kingdra,8/111,1st Edition,PSA 8,2026-09-13,215.07,USD,eBay,unknown,FALSE,,,2000 POKEMON NEO GENESIS 1ST EDITION #8 KINGDRA-HOLO 1ST EDITION PSA 8 #8,https://www.ebay.es/itm/307158160780,PriceCharting
Neo Genesis,Kingdra,8/111,1st Edition,PSA 8,2026-09-05,130.38,USD,eBay,unknown,FALSE,,,2000 POKEMON NEO GENESIS 1ST EDITION #8 KINGDRA-HOLO PSA 8 #8,https://www.ebay.es/itm/298622621120,PriceCharting
Neo Genesis,Kingdra,8/111,1st Edition,PSA 8,2026-09-04,144.49,USD,eBay,unknown,FALSE,,,2000 POKEMON NEO GENESIS 1ST EDITION #8 KINGDRA-HOLO PSA 8 #8,https://www.ebay.es/itm/117370357936,PriceCharting
Neo Genesis,Kingdra,8/111,1st Edition,PSA 8,2026-08-30,132.50,USD,eBay,unknown,FALSE,,,2000 Pokémon Kingdra #8/111 Neo Genesis Holo Rare 1st Edition PSA 8 Pokemon TCG 8/111,https://www.ebay.es/itm/128040892592,PriceCharting
Neo Genesis,Kingdra,8/111,1st Edition,PSA 8,2026-08-16,149.73,USD,eBay,unknown,FALSE,,,2000 POKEMON NEO GENESIS 1ST EDITION #8 KINGDRA-HOLO PSA 8 #8,https://www.ebay.es/itm/307113326841,PriceCharting
Neo Genesis,Kingdra,8/111,1st Edition,PSA 8,2026-08-07,155.13,USD,eBay,unknown,FALSE,,,2000 Pokemon Neo Genesis 1st Edition 8 Kingdra Holo PSA 8 Near Mint - Mint,https://www.ebay.es/itm/178137181959,PriceCharting
Neo Genesis,Kingdra,8/111,1st Edition,PSA 8,2026-07-31,154.65,USD,eBay,unknown,FALSE,,,SWIRL 2000 Pokemon Neo Genesis 1st Edition 8 Kingdra Holo PSA 8 Near Mint - Mint,https://www.ebay.es/itm/127934695220,PriceCharting
Neo Genesis,Kingdra,8/111,1st Edition,PSA 8,2026-07-18,180.00,USD,eBay,unknown,FALSE,,,2000 POKEMON NEO GENESIS #8 KINGDRA HOLO PSA 8 1ST EDITION #8,https://www.ebay.es/itm/327251814128,PriceCharting
Neo Genesis,Kingdra,8/111,1st Edition,PSA 8,2026-07-14,154.00,USD,eBay,unknown,FALSE,,,Pokemon Kingdra Neo Genesis 1st Edition Holo Rare #8 PSA 8 #8,https://www.ebay.es/itm/375543276285,PriceCharting
Neo Genesis,Kingdra,8/111,1st Edition,PSA 8,2026-07-05,150.00,USD,eBay,best offer,TRUE,,,2000 POKEMON NEO GENESIS 1ST EDITION #8 KINGDRA-HOLO PSA 8 #8,https://www.ebay.es/itm/377320263559,PriceCharting
Neo Genesis,Kingdra,8/111,1st Edition,PSA 8,2026-06-30,150.00,USD,eBay,unknown,FALSE,,,2000 POKEMON NEO GENESIS 1ST EDITION #8 KINGDRA-HOLO PSA 8 #8,https://www.ebay.es/itm/298463538124,PriceCharting
Neo Genesis,Kingdra,8/111,1st Edition,PSA 8,2026-06-24,133.50,USD,eBay,unknown,FALSE,,,2000 Pokemon Neo Genesis 1st Edition 8 Kingdra Holo PSA 8 Near Mint - Mint,https://www.ebay.es/itm/377273816416,PriceCharting
Neo Genesis,Kingdra,8/111,1st Edition,PSA 8,2026-06-19,149.99,USD,eBay,unknown,FALSE,,,2000 KINGDRA HOLO 8/111 NEO GENESIS 1ST EDITION POKEMON PSA 8 8/111,https://www.ebay.es/itm/298411051322,PriceCharting
Neo Genesis,Kingdra,8/111,1st Edition,PSA 8,2026-06-17,147.67,USD,eBay,unknown,FALSE,,,2000 Pokemon Neo Genesis 1st Edition 8 Kingdra Holo PSA 8 Near Mint - Mint,https://www.ebay.es/itm/287305442458,PriceCharting
Neo Genesis,Kingdra,8/111,1st Edition,PSA 8,2026-06-05,122.50,USD,eBay,unknown,FALSE,,,2000 POKEMON NEO GENESIS 1ST EDITION #8 KINGDRA-HOLO PSA 8 #8,https://www.ebay.es/itm/298339612194,PriceCharting
Neo Genesis,Kingdra,8/111,1st Edition,PSA 8,2026-06-02,140.00,USD,eBay,best offer,TRUE,,,Pokemon 2000 Kingdra 8/111 Holo 1st Edition Neo Genesis PSA 8 8/111,https://www.ebay.es/itm/366449050517,PriceCharting
Neo Genesis,Kingdra,8/111,1st Edition,PSA 8,2026-06-01,130.00,USD,eBay,best offer,TRUE,,,Pokemon 2000 Kingdra 8/111 Holo 1st Edition Neo Genesis PSA 8 8/111,https://www.ebay.es/itm/366447494035,PriceCharting
Neo Genesis,Kingdra,8/111,1st Edition,PSA 8,2026-05-18,150.50,USD,eBay,unknown,FALSE,,,Pokemon 2000 Kingdra 8/111 Holo 1st Edition Neo Genesis PSA 8 8/111,https://www.ebay.es/itm/406911778491,PriceCharting
Neo Genesis,Kingdra,8/111,1st Edition,PSA 8,2026-04-27,132.50,USD,eBay,unknown,FALSE,,,Pokemon Kingdra Neo Genesis 1st Edition Holo Rare #8 PSA 8,https://www.ebay.es/itm/287278127979,PriceCharting
Neo Genesis,Kingdra,8/111,1st Edition,PSA 8,2026-04-21,139.22,USD,eBay,unknown,FALSE,,,PSA 8 Kingdra 1st Edition - 8/111 - Neo Genesis - Pokemon - Read Description,https://www.ebay.es/itm/287274428149,PriceCharting
Neo Genesis,Kingdra,8/111,1st Edition,PSA 8,2026-04-20,152.50,USD,eBay,unknown,FALSE,,,2000 POKEMON NEO GENESIS 1ST EDITION #8 KINGDRA-HOLO PSA 8 #8,https://www.ebay.es/itm/306871149563,PriceCharting
Neo Genesis,Kingdra,8/111,1st Edition,PSA 8,2026-03-31,110.00,USD,eBay,best offer,TRUE,,,2000 POKEMON NEO GENESIS 1ST EDITION #8 KINGDRA-HOLO PSA 8 #8,https://www.ebay.es/itm/277852754255,PriceCharting
Neo Genesis,Kingdra,8/111,1st Edition,PSA 8,2026-03-29,124.00,USD,eBay,unknown,FALSE,,,2000 POKEMON NEO GENESIS 1ST EDITION #8 KINGDRA-HOLO PSA 8 #8,https://www.ebay.es/itm/306834148483,PriceCharting
Neo Genesis,Kingdra,8/111,1st Edition,PSA 8,2026-03-28,199.99,USD,eBay,unknown,FALSE,,,2000 Pokemon Neo Genesis 1st Edition 8 Kingdra PSA 8 143873385 8/111,https://www.ebay.es/itm/157790762698,PriceCharting
Neo Genesis,Kingdra,8/111,1st Edition,PSA 9,2026-09-28,355.00,USD,eBay,unknown,FALSE,,,2000 POKEMON NEO GENESIS 1ST EDITION #8 KINGDRA-HOLO PSA 9 #8,https://www.ebay.es/itm/178201479217,PriceCharting
Neo Genesis,Kingdra,8/111,1st Edition,PSA 9,2026-09-28,399.99,USD,eBay,unknown,FALSE,,,Pokemon PSA 9 1st Edition Neo Genesis Kingdra Holo Rare 8/111 MINT 8/111,https://www.ebay.es/itm/157975689852,PriceCharting
Neo Genesis,Kingdra,8/111,1st Edition,PSA 9,2026-09-28,400.00,USD,eBay,unknown,FALSE,,,2000 POKEMON NEO GENESIS KINGDRA HOLO 1ST EDITION PSA 9 WITH SWIRL! 8/111,https://www.ebay.es/itm/158310233018,PriceCharting
Neo Genesis,Kingdra,8/111,1st Edition,PSA 9,2026-09-23,300.00,USD,eBay,best offer,TRUE,,,Kingdra 8/111 Neo Genesis Holo Rare 1st Edition PSA 9 2000 Pokemon TCG 8/111,https://www.ebay.es/itm/198493857663,PriceCharting
Neo Genesis,Kingdra,8/111,1st Edition,PSA 9,2026-09-17,324.99,USD,eBay,unknown,FALSE,,,2000 Pokemon Neo Genesis - Kingdra Holo 1st Edition 8/111 PSA 9 8/111,https://www.ebay.es/itm/407172323132,PriceCharting
Neo Genesis,Kingdra,8/111,1st Edition,PSA 9,2026-09-14,355.00,USD,eBay,unknown,FALSE,,,2000 Pokemon Neo Genesis Kingdra 1st Edition Holo #8 - PSA 9 - MINT! #8,https://www.ebay.es/itm/178469256055,PriceCharting
Neo Genesis,Kingdra,8/111,1st Edition,PSA 9,2026-09-10,305.00,USD,eBay,best offer,TRUE,,,2000 POKEMON NEO GENESIS 1ST EDITION #8/111 KINGDRA-HOLO PSA 9 SWIRL 💎 #8,https://www.ebay.es/itm/318849731241,PriceCharting
Neo Genesis,Kingdra,8/111,1st Edition,PSA 9,2026-09-04,299.99,USD,eBay,unknown,FALSE,,,2000 POKEMON NEO GENESIS #8 KINGDRA HOLO 1ST EDITION PSA 9 MINT #102,https://www.ebay.es/itm/198568415916,PriceCharting
Neo Genesis,Kingdra,8/111,1st Edition,PSA 9,2026-08-30,348.71,USD,eBay,unknown,FALSE,,,KINGDRA HOLO 1ST EDITION POKEMON NEO GENESIS 1ST EDITION EN 2000 8/111 PSA 9,https://www.ebay.es/itm/137643356990,PriceCharting
Neo Genesis,Kingdra,8/111,1st Edition,PSA 9,2026-08-17,260.00,USD,eBay,unknown,FALSE,,,Pokemon Kingdra Holo Neo Genesis 1st Edition 8/111 PSA 9 Mint 8/111,https://www.ebay.es/itm/287511105031,PriceCharting
Neo Genesis,Kingdra,8/111,1st Edition,PSA 9,2026-08-16,245.00,USD,eBay,best offer,TRUE,,,PSA 9 2000 Pokemon Neo Genesis Kingdra Holo 1st Edition #8/111 Graded 8/111,https://www.ebay.es/itm/198573315210,PriceCharting
Neo Genesis,Kingdra,8/111,1st Edition,PSA 9,2026-08-07,350.00,USD,eBay,unknown,FALSE,,,Pokémon Neo Genesis Kingdra 8/111 Holo Rare First Edition PSA 9 💫SWIRL💫 8/111,https://www.ebay.es/itm/398181663290,PriceCharting
Neo Genesis,Kingdra,8/111,1st Edition,PSA 9,2026-08-02,265.00,USD,eBay,unknown,FALSE,,,2000 POKEMON NEO GENESIS 1ST EDITION #8 KINGDRA-HOLO PSA 9 #8,https://www.ebay.es/itm/117318717238,PriceCharting
Neo Genesis,Kingdra,8/111,1st Edition,PSA 9,2026-07-21,230.00,USD,eBay,unknown,FALSE,,,Neo Genesis Kingdra 1st Edition Holo PSA 9 Graded 8/111 2000 Pokémon TCG 8/111,https://www.ebay.es/itm/158089920178,PriceCharting
Neo Genesis,Kingdra,8/111,1st Edition,PSA 9,2026-07-20,275.00,USD,eBay,unknown,FALSE,,,Pokémon Neo Genesis Kingdra 8/111 Holo Rare First Edition PSA 9 💫SWIRL💫 8/111,https://www.ebay.es/itm/358780557499,PriceCharting
Neo Genesis,Kingdra,8/111,1st Edition,PSA 9,2026-07-19,319.99,USD,eBay,unknown,FALSE,,,2000 Pokemon Neo Genesis 1st Edition Holo Rare Kingdra PSA 9 8/111 #111,https://www.ebay.es/itm/158077668524,PriceCharting
Neo Genesis,Kingdra,8/111,1st Edition,PSA 9,2026-07-12,325.00,USD,eBay,best offer,TRUE,,,Pokemon TCG | 1st Edition Neo Genesis Kingdra Holo Rare 8/111 | PSA 9 💧 8/111,https://www.ebay.es/itm/318551218199,PriceCharting
Neo Genesis,Kingdra,8/111,1st Edition,PSA 9,2026-07-04,325.00,USD,eBay,unknown,FALSE,,,Pokemon Kingdra Holo Neo Genesis 1st Edition 8/111 PSA 9 8/111,https://www.ebay.es/itm/287411971717,PriceCharting
Neo Genesis,Kingdra,8/111,1st Edition,PSA 9,2026-07-02,275.00,USD,eBay,best offer,TRUE,,,2000 Pokemon Neo Genesis Kingdra #8 PSA 9 1st Edition Holo Mint #8,https://www.ebay.es/itm/398130067387,PriceCharting
Neo Genesis,Kingdra,8/111,1st Edition,PSA 9,2026-06-28,275.00,USD,eBay,unknown,FALSE,,,2000 POKEMON NEO GENESIS 1ST EDITION #8 KINGDRA-HOLO PSA 9 #8,https://www.ebay.es/itm/298460360996,PriceCharting
Neo Genesis,Kingdra,8/111,1st Edition,PSA 9,2026-06-22,255.00,USD,eBay,unknown,FALSE,,,2000 POKEMON NEO GENESIS 1ST EDITION #8 KINGDRA-HOLO PSA 9 #8,https://www.ebay.es/itm/306988333012,PriceCharting
Neo Genesis,Kingdra,8/111,1st Edition,PSA 9,2026-06-21,202.50,USD,eBay,unknown,FALSE,,,2000 Pokemon Neo Genesis 1st Edition Kingdra PSA 9 Holo #8/111 8/111,https://www.ebay.es/itm/157996954716,PriceCharting
Neo Genesis,Kingdra,8/111,1st Edition,PSA 10,2026-09-19,4999.99,USD,eBay,unknown,FALSE,,,2000 POKEMON NEO GENESIS 1ST EDITION #8 KINGDRA-HOLO PSA 10 #8,https://www.ebay.es/itm/307157217094,PriceCharting
Neo Genesis,Kingdra,8/111,1st Edition,PSA 10,2026-09-18,5099.00,USD,eBay,unknown,FALSE,,,Pokemon Kingdra Holo Neo Genesis 1st Edition 8/111 PSA 10 Gem Mint 8/111,https://www.ebay.es/itm/287590281196,PriceCharting
Neo Genesis,Kingdra,8/111,1st Edition,PSA 10,2026-07-08,3850.00,USD,eBay,best offer,TRUE,,,2000 POKEMON NEO GENESIS 1ST EDITION #8 KINGDRA HOLO PSA 10 Gem Mint #8,https://www.ebay.es/itm/257486456650,PriceCharting
Neo Genesis,Kingdra,8/111,1st Edition,PSA 10,2026-03-19,4500.00,USD,eBay,unknown,FALSE,,,2000 Pokemon Kingdra Neo Genesis 1st Edition Holo Rare #8/111 Gem Mint PSA 10 8/111,https://www.ebay.es/itm/277775614204,PriceCharting
Neo Genesis,Kingdra,8/111,1st Edition,PSA 10,2026-01-12,1598.00,USD,eBay,unknown,FALSE,,,2000 POKEMON NEO GENESIS 1ST ED #8 KINGDRA-HOLO PSA 10 #8,https://www.ebay.es/itm/116979644244,PriceCharting
Neo Genesis,Kingdra,8/111,1st Edition,PSA 10,2025-12-27,1300.00,USD,eBay,unknown,FALSE,,,Pokemon 1st Edition Neo Genesis Kingdra PSA 10 GEM MINT # 65852954 * SWIRL * #8,https://www.ebay.es/itm/358056359495,PriceCharting
Neo Genesis,Kingdra,8/111,1st Edition,PSA 10,2025-12-18,1650.00,USD,eBay,unknown,FALSE,,,2000 Pokemon Neo Genesis 1st Edition #8 Kingdra Holo PSA 10 Gem Mint #8,https://www.ebay.es/itm/116377919587,PriceCharting
Neo Genesis,Kingdra,8/111,1st Edition,PSA 10,2025-10-31,1009.00,USD,eBay,unknown,FALSE,,,2000 WOTC POKEMON NEO GENESIS 1ST EDITION KINGDRA 8/111 HOLO RARE PSA 10 GEM MT 8/111,https://www.ebay.es/itm/357774365754,PriceCharting
Neo Genesis,Kingdra,8/111,1st Edition,PSA 10,2025-09-13,1125.00,USD,eBay,unknown,FALSE,,,Pokemon 1st Edition Neo Genesis Kingdra PSA10 # 47601404 POP ONLY 97 Nation Wide 8/111,https://www.ebay.es/itm/226956885333,PriceCharting
Neo Genesis,Kingdra,8/111,1st Edition,PSA 10,2025-08-11,998.89,USD,eBay,unknown,FALSE,,,Pokemon Kingdra Neo Genesis 1st Edition Holo Rare #8 PSA 10 Gem Mint,https://www.ebay.es/itm/286742724575,PriceCharting
Neo Genesis,Kingdra,8/111,1st Edition,PSA 10,2025-07-26,999.99,USD,eBay,unknown,FALSE,,,Pokemon PSA 10 GEM MINT 1st Ed. Neo Genesis Holo Kingdra 8/111 (JC) 8/111,https://www.ebay.es/itm/326702292078,PriceCharting
Neo Genesis,Kingdra,8/111,1st Edition,PSA 10,2025-06-16,81.00,USD,eBay,unknown,FALSE,,,2000 Pokemon Neo Genesis Kingdra Holo 1st Edition Edge Gem Mint 10 Like PSA 10 8/111,https://www.ebay.es/itm/316956618514,PriceCharting
Neo Genesis,Kingdra,8/111,1st Edition,PSA 10,2025-06-08,800.00,USD,eBay,unknown,FALSE,,,2000 POKEMON NEO GENESIS 1ST ED #8 KINGDRA-HOLO PSA 10 #8,https://www.ebay.es/itm/306244691548,PriceCharting
Neo Genesis,Kingdra,8/111,1st Edition,PSA 10,2025-05-28,799.00,USD,eBay,unknown,FALSE,,,Pokemon Kingdra Neo Genesis 1st Edition Holo Rare #8 PSA 10 Gem Mint,https://www.ebay.es/itm/286523659736,PriceCharting
Neo Genesis,Kingdra,8/111,1st Edition,PSA 10,2025-04-26,612.00,USD,eBay,unknown,FALSE,,,2000 Pokemon Neo Genesis Kingdra 1st Edition Holo PSA 10 #8/111 Pop 109 #8,https://www.ebay.es/itm/187162060692,PriceCharting
Neo Genesis,Kingdra,8/111,1st Edition,PSA 10,2025-04-03,101.00,USD,eBay,unknown,FALSE,,,2000 Pokemon Neo Genesis Kingdra 1st Edition Holo Edge Gem Mint 10 Like PSA 10 8/111,https://www.ebay.es/itm/316580936059,PriceCharting
Neo Genesis,Kingdra,8/111,1st Edition,PSA 10,2025-03-17,685.00,USD,eBay,unknown,FALSE,,,Pokemon Kingdra Neo Genesis 1st Edition Holo Rare #8 PSA 10 Gem Mint,https://www.ebay.es/itm/286390779748,PriceCharting
Neo Genesis,Kingdra,8/111,1st Edition,PSA 10,2025-02-03,939.99,USD,eBay,unknown,FALSE,,,POKEMON 1st Edition Neo Genesis KINGDRA 8/111 Holo Rare PSA 10 GEM MINT Vintage 8/111,https://www.ebay.es/itm/166841592256,PriceCharting
Neo Genesis,Kingdra,8/111,1st Edition,PSA 10,2025-01-18,685.00,USD,eBay,unknown,FALSE,,,2000 Pokemon Neo Genesis 1st Edition #8 Kingdra Holo PSA 10 Gem Mint #8,https://www.ebay.es/itm/135224932393,PriceCharting
Neo Genesis,Kingdra,8/111,1st Edition,PSA 10,2024-12-15,670.00,USD,eBay,unknown,FALSE,,,2000 POKEMON NEO GENESIS 1ST EDITION #8 KINGDRA-HOLO PSA 10 #8,https://www.ebay.es/itm/305958075523,PriceCharting
Neo Genesis,Kingdra,8/111,1st Edition,PSA 10,2024-09-15,660.00,USD,eBay,unknown,FALSE,,,Pokemon Kingdra Neo Genesis 1st Edition Holo Rare #8 PSA 10 Gem Mint,https://www.ebay.es/itm/286047414695,PriceCharting
Neo Genesis,Kingdra,8/111,1st Edition,PSA 10,2024-08-30,600.00,USD,eBay,unknown,FALSE,,,Pokemon Kingdra Neo Genesis 1st Edition Holo Rare #8 PSA 10 Gem Mint,https://www.ebay.es/itm/286035992144,PriceCharting
Neo Genesis,Kingdra,8/111,1st Edition,PSA 10,2024-08-23,800.00,USD,eBay,unknown,FALSE,,,2000 Pokemon Neo Genesis 1st Ed Kingdra holo 8/111 PSA 10 GEM MINT #8,https://www.ebay.es/itm/196576441231,PriceCharting
Neo Genesis,Kingdra,8/111,1st Edition,PSA 10,2024-07-22,678.00,USD,eBay,unknown,FALSE,,,Pokemon Kingdra 1st Edition PSA 10 Gem Mint Neo Genesis 8/111 Beautiful Swirl! #8,https://www.ebay.es/itm/226242089529,PriceCharting
Neo Genesis,Kingdra,8/111,1st Edition,PSA 10,2024-06-06,899.99,USD,eBay,unknown,FALSE,,,2000 Pokemon Neo Genesis 1st Ed Kingdra holo 8/111 PSA 10 GEM MINT #8,https://www.ebay.es/itm/314886736578,PriceCharting
Neo Genesis,Kingdra,8/111,1st Edition,PSA 10,2024-04-23,510.00,USD,eBay,unknown,FALSE,,,2000 Pokemon Neo Genesis Kingdra Holo 1st Edition #8 PSA 10 (17),https://www.ebay.es/itm/126436419367,PriceCharting
Neo Genesis,Kingdra,8/111,1st Edition,PSA 10,2024-01-31,649.99,USD,eBay,unknown,FALSE,,,2000 Pokemon Neo Genesis 8 Kingdra 1st Edition Holo Rare Pokemon TCG Card PSA 10 #8,https://www.ebay.es/itm/364701028839,PriceCharting
Neo Genesis,Kingdra,8/111,1st Edition,PSA 10,2023-12-21,699.99,USD,eBay,unknown,FALSE,,,2000 Neo Genesis 8 Kingdra 1st Edition Holo Rare Pokemon TCG Card PSA 10 #8,https://www.ebay.es/itm/116012347603,PriceCharting
Neo Genesis,Kingdra,8/111,1st Edition,PSA 10,2023-10-07,799.99,USD,eBay,unknown,FALSE,,,2000 Pokemon Neo Genesis 1st Ed Kingdra Holo 8/111 PSA 10 GEM MINT #8,https://www.ebay.es/itm/134672471409,PriceCharting
Neo Genesis,Kingdra,8/111,Unlimited,PSA 8,2026-09-12,55.00,USD,eBay,best offer,TRUE,,,2000 POKEMON NEO GENESIS HOLO KINGDRA 8/111 PSA 8 8/111,https://www.ebay.es/itm/398274520935,PriceCharting
Neo Genesis,Kingdra,8/111,Unlimited,PSA 8,2026-09-07,41.00,USD,eBay,unknown,FALSE,,,2000 POKEMON GAME KINGDRA HOLO NEO GENESIS 8/111 PSA 8 WOTC POKEMON TCG 8/111,https://www.ebay.es/itm/137679561846,PriceCharting
Neo Genesis,Kingdra,8/111,Unlimited,PSA 8,2026-09-06,69.99,USD,eBay,unknown,FALSE,,,2000 POKEMON NEO GENESIS KINGDRA HOLO 8/111 PSA 8 NEW CERT,https://www.ebay.es/itm/366638487349,PriceCharting
Neo Genesis,Kingdra,8/111,Unlimited,PSA 8,2026-08-08,72.00,USD,eBay,unknown,FALSE,,,Pokemon PSA 8 Kingdra 8/111 Neo Genesis Unl 2000 New Cert Clean,https://www.ebay.es/itm/318597682865,PriceCharting
Neo Genesis,Kingdra,8/111,Unlimited,PSA 8,2026-08-06,55.00,USD,eBay,unknown,FALSE,,,2000 POKEMON NEO GENESIS #8 KINGDRA HOLO RARE PSA 8 #8,https://www.ebay.es/itm/117057734156,PriceCharting
Neo Genesis,Kingdra,8/111,Unlimited,PSA 8,2026-08-01,61.00,USD,eBay,unknown,FALSE,,,2000 POKEMON NEO GENESIS #8 KINGDRA-HOLO PSA 8 #8,https://www.ebay.es/itm/298516462266,PriceCharting
Neo Genesis,Kingdra,8/111,Unlimited,PSA 8,2026-07-25,95.00,USD,eBay,unknown,FALSE,,,PSA 8 - Pokemon Neo Genesis Holo Kingdra 8/111 - 🌀 NICE SWIRL 🌀 - NEW CERT 8/111,https://www.ebay.es/itm/178328621570,PriceCharting
Neo Genesis,Kingdra,8/111,Unlimited,PSA 8,2026-07-23,60.00,USD,eBay,unknown,FALSE,,,2000 POKEMON NEO GENESIS KINGDRA HOLO #8 PSA 8,https://www.ebay.es/itm/137320192137,PriceCharting
Neo Genesis,Kingdra,8/111,Unlimited,PSA 8,2026-07-20,59.95,USD,eBay,unknown,FALSE,,,Pokémon Kingdra #8/111 Holo Rare - 2000 Neo Genesis Set - PSA 8 (NM-MT) Cond. 8/111,https://www.ebay.es/itm/298498976232,PriceCharting
Neo Genesis,Kingdra,8/111,Unlimited,PSA 8,2026-07-19,60.00,USD,eBay,unknown,FALSE,,,2000 POKEMON NEO GENESIS KINGDRA HOLO #8 PSA 8,https://www.ebay.es/itm/137320191699,PriceCharting
Neo Genesis,Kingdra,8/111,Unlimited,PSA 8,2026-07-18,56.10,USD,eBay,unknown,FALSE,,,Pokemon 2000 Kingdra 8/111 Holo Neo Genesis PSA 8 8/111,https://www.ebay.es/itm/407064533737,PriceCharting
Neo Genesis,Kingdra,8/111,Unlimited,PSA 8,2026-07-15,49.99,USD,eBay,unknown,FALSE,,,Pokemon 2000 PM Neo Genesis Kingdra 8/111 Holo PSA 8 8/111,https://www.ebay.es/itm/137510987212,PriceCharting
Neo Genesis,Kingdra,8/111,Unlimited,PSA 8,2026-07-10,52.00,USD,eBay,unknown,FALSE,,,145653972 Kingdra 2000 Pokemon Neo Genesis #8/111 Holo PSA 8 8/111,https://www.ebay.es/itm/158048903666,PriceCharting
Neo Genesis,Kingdra,8/111,Unlimited,PSA 8,2026-07-08,53.99,USD,eBay,best offer,TRUE,,,2000 POKEMON NEO GENESIS #8 KINGDRA-HOLO - PSA 8 NM-MT GRADED #8,https://www.ebay.es/itm/227415890312,PriceCharting
Neo Genesis,Kingdra,8/111,Unlimited,PSA 8,2026-07-06,47.00,USD,eBay,unknown,FALSE,,,2000 POKEMON NEO GENESIS #8 KINGDRA-HOLO PSA 8 #8,https://www.ebay.es/itm/298453590491,PriceCharting
Neo Genesis,Kingdra,8/111,Unlimited,PSA 8,2026-07-02,51.00,USD,eBay,best offer,TRUE,,,2000 POKEMON NEO GENESIS KINGDRA HOLO #8 PSA 8,https://www.ebay.es/itm/358745492358,PriceCharting
Neo Genesis,Kingdra,8/111,Unlimited,PSA 8,2026-07-02,54.00,USD,eBay,unknown,FALSE,,,2000 POKEMON NEO GENESIS #8 KINGDRA-HOLO PSA 8 #8,https://www.ebay.es/itm/117263924672,PriceCharting
Neo Genesis,Kingdra,8/111,Unlimited,PSA 8,2026-06-29,59.00,USD,eBay,unknown,FALSE,,,Pokemon TCG Neo Genesis Kingdra 8/111 Holo Rare English PSA 8 2000 Unlimited 8/111,https://www.ebay.es/itm/398116623389,PriceCharting
Neo Genesis,Kingdra,8/111,Unlimited,PSA 8,2026-06-26,66.00,USD,eBay,unknown,FALSE,,,Pokemon Company Kingdra 8/111 Neo Genesis Holo Unlimited PSA 8 EN 2000 8/111,https://www.ebay.es/itm/398084612795,PriceCharting
Neo Genesis,Kingdra,8/111,Unlimited,PSA 9,2026-09-14,300.00,USD,eBay,best offer,TRUE,,,Pokemon TCG PSA 9 Kingdra 8/111 Neo Genesis Holo 8/111,https://www.ebay.es/itm/398311931191,PriceCharting
Neo Genesis,Kingdra,8/111,Unlimited,PSA 9,2026-08-30,154.00,USD,eBay,unknown,FALSE,,,Pokemon Neo Genesis Kingdra PSA 9 8/111,https://www.ebay.es/itm/147533677374,PriceCharting
Neo Genesis,Kingdra,8/111,Unlimited,PSA 9,2026-08-12,155.50,USD,eBay,unknown,FALSE,,,2000 Pokemon Neo Genesis Kingdra Holo #8/111 PSA 9,https://www.ebay.es/itm/128014431743,PriceCharting
Neo Genesis,Kingdra,8/111,Unlimited,PSA 9,2026-06-14,145.00,USD,eBay,best offer,TRUE,,,Pokemon Kingdra 8/111 Neo Genesis Holo PSA 9 Mint WOTC 2000 Clean Holo 8/111,https://www.ebay.es/itm/117217206850,PriceCharting
Neo Genesis,Kingdra,8/111,Unlimited,PSA 9,2026-04-28,120.00,USD,eBay,unknown,FALSE,,,PSA 9 MINT Kingdra 2000 Neo Genesis 8/111 Holo SWIRL Pokemon Card 8/111,https://www.ebay.es/itm/127543294811,PriceCharting
Neo Genesis,Kingdra,8/111,Unlimited,PSA 9,2026-04-20,75.00,USD,eBay,unknown,FALSE,,,Neo Genesis Pokémon TCG Kingdra PSA 9 8/111,https://www.ebay.es/itm/358183114685,PriceCharting
Neo Genesis,Kingdra,8/111,Unlimited,PSA 9,2026-04-14,100.00,USD,eBay,unknown,FALSE,,,2000 POKEMON NEO GENESIS #8 KINGDRA-HOLO PSA 9 #8,https://www.ebay.es/itm/117139719713,PriceCharting
Neo Genesis,Kingdra,8/111,Unlimited,PSA 9,2026-04-09,95.00,USD,eBay,unknown,FALSE,,,2000 Pokemon Kingdra Holo Neo Genesis #8 8/111 PSA 9 8/111,https://www.ebay.es/itm/157011336590,PriceCharting
Neo Genesis,Kingdra,8/111,Unlimited,PSA 9,2026-03-29,120.00,USD,eBay,unknown,FALSE,,,2000 Pokémon Neo Genesis Kingdra- Holo PSA 9 Mint 8/111,https://www.ebay.es/itm/157734994258,PriceCharting
Neo Genesis,Kingdra,8/111,Unlimited,PSA 9,2026-03-07,105.00,USD,eBay,unknown,FALSE,,,Pokemon Kingdra Neo Genesis Unlimited Holo Rare #8 PSA 9 Mint,https://www.ebay.es/itm/287184596576,PriceCharting
Neo Genesis,Kingdra,8/111,Unlimited,PSA 9,2026-03-05,89.99,USD,eBay,unknown,FALSE,,,[ PSA 9] Kingdra 8/111 Neo Genesis Unlimited Holo Rare Mint English Pokémon 8/111,https://www.ebay.es/itm/397623336286,PriceCharting
Neo Genesis,Kingdra,8/111,Unlimited,PSA 9,2026-02-23,80.00,USD,eBay,unknown,FALSE,,,2000 Pokemon Neo Genesis - Kingdra - Holo - PSA 9 8/111,https://www.ebay.es/itm/389618216344,PriceCharting
Neo Genesis,Kingdra,8/111,Unlimited,PSA 9,2026-02-14,85.10,USD,eBay,unknown,FALSE,,,2000 Pokemon Neo Genesis Kingdra-Holo #8 PSA 9 MINT,https://www.ebay.es/itm/397589838591,PriceCharting
Neo Genesis,Kingdra,8/111,Unlimited,PSA 9,2026-01-31,45.00,USD,eBay,unknown,FALSE,,,Pokémon Neo Genesis Unlimited Holo Rare Kingdra 8/111 Mint PSA 9 English 8/111,https://www.ebay.es/itm/376375360247,PriceCharting
Neo Genesis,Kingdra,8/111,Unlimited,PSA 9,2026-01-23,70.99,USD,eBay,unknown,FALSE,,,2000 POKEMON NEO GENESIS #8 KINGDRA HOLO PSA 9,https://www.ebay.es/itm/389491164569,PriceCharting
Neo Genesis,Kingdra,8/111,Unlimited,PSA 9,2026-01-14,64.00,USD,eBay,best offer,TRUE,,,"Pokemon Neo Genesis Holo Kingdra Card 2000 PSA 9 Mint, #8/111, WOTC 8/111",https://www.ebay.es/itm/397008714199,PriceCharting
Neo Genesis,Kingdra,8/111,Unlimited,PSA 9,2026-01-14,68.00,USD,eBay,best offer,TRUE,,,Pokémon TCG Kingdra Neo Genesis Unlimited Holofoil 2000 #8/111 PSA 9 MINT 🍃 8/111,https://www.ebay.es/itm/376771074190,PriceCharting
Neo Genesis,Kingdra,8/111,Unlimited,PSA 9,2026-01-01,74.00,USD,eBay,unknown,FALSE,,,Pokémon Neo Genesis Unlimited Holo Rare Kingdra 8/111 Mint PSA 9 English 8/111,https://www.ebay.es/itm/267407021114,PriceCharting
Neo Genesis,Kingdra,8/111,Unlimited,PSA 9,2025-12-28,71.00,USD,eBay,unknown,FALSE,,,2000 POKEMON NEO GENESIS #8 KINGDRA HOLO PSA 9,https://www.ebay.es/itm/267515227611,PriceCharting
Neo Genesis,Kingdra,8/111,Unlimited,PSA 9,2025-12-14,80.00,USD,eBay,unknown,FALSE,,,PSA 9 MINT 2000 Pokemon Card Neo Genesis Holo Kingdra #8/111 WOTC WITH SWIRL 🌀 8/111,https://www.ebay.es/itm/305838187418,PriceCharting
Neo Genesis,Kingdra,8/111,Unlimited,PSA 10,2026-05-23,2000.00,USD,eBay,unknown,FALSE,,,PSA 10 GEM MINT Kingdra 8/111 HOLO RARE Neo Genesis Pokemon Card Pop 37 8/111,https://www.ebay.es/itm/267667827393,PriceCharting
Neo Genesis,Kingdra,8/111,Unlimited,PSA 10,2025-02-10,189.50,USD,eBay,unknown,FALSE,,,2000 Pokemon Neo Genesis #8 Kingdra Holo PSA 10 Gem Mint #8,https://www.ebay.es/itm/167288363837,PriceCharting
Neo Genesis,Kingdra,8/111,Unlimited,PSA 10,2024-08-03,234.68,USD,eBay,unknown,FALSE,,,2000 Pokémon Neo Genesis Kingdra Holo 8 - PSA 10 #8,https://www.ebay.es/itm/186393395099,PriceCharting
Neo Genesis,Kingdra,8/111,Unlimited,PSA 10,2024-05-26,300.00,USD,eBay,unknown,FALSE,,,PSA 10 Pokemon Kingdra Neo Genesis Unlimited Holo Rare #8 VERY LOW POP! #8,https://www.ebay.es/itm/315067320928,PriceCharting
Neo Genesis,Kingdra,8/111,Unlimited,PSA 10,2024-05-14,268.69,USD,eBay,unknown,FALSE,,,2000 Pokemon Neo Genesis #8 Kingdra - Holo PSA 10 GEM MINT,https://www.ebay.es/itm/375415000226,PriceCharting
Neo Genesis,Kingdra,8/111,Unlimited,PSA 10,2024-04-12,343.00,USD,eBay,unknown,FALSE,,,2000 Pokemon Neo Genesis #8 Kingdra - Holo PSA 10 GEM MINT,https://www.ebay.es/itm/375351983429,PriceCharting
Neo Genesis,Kingdra,8/111,Unlimited,PSA 10,2024-03-03,288.00,USD,eBay,unknown,FALSE,,,Pokemon Kingdra Neo Genesis Unlimited Holo Rare #8 PSA 10 Gem Mint,https://www.ebay.es/itm/285731573760,PriceCharting
Neo Genesis,Lugia,9/111,1st Edition,PSA 8,2026-09-27,6900.00,USD,eBay,unknown,FALSE,,,2000 Pokemon Neo Genesis 1st Edition English Card: PSA 8 - Lugia Holo #9/111 #102,https://www.ebay.es/itm/168298583832,PriceCharting
Neo Genesis,Lugia,9/111,1st Edition,PSA 8,2026-09-27,6917.66,USD,eBay,best offer,TRUE,,,PSA 8 2000 Pokémon TCG Neo Genesis Lugia Holo Rare 1st Edition 9/111 9/111,https://www.ebay.es/itm/366646156814,PriceCharting
Neo Genesis,Lugia,9/111,1st Edition,PSA 8,2026-09-27,6600.00,USD,eBay,best offer,TRUE,,,2000 POKEMON NEO GENESIS 1ST EDITION #9 LUGIA-HOLO PSA 8 #9,https://www.ebay.es/itm/307192125386,PriceCharting
Neo Genesis,Lugia,9/111,1st Edition,PSA 8,2026-09-25,5200.00,USD,eBay,unknown,FALSE,,,2000 Pokemon Neo Genesis 1st Edition #9/111 Lugia Holo PSA 8 NM-MT,https://www.ebay.es/itm/366674985219,PriceCharting
Neo Genesis,Lugia,9/111,1st Edition,PSA 8,2026-09-18,5900.00,USD,eBay,unknown,FALSE,,,2000 POKEMON NEO GENESIS 1ST ED #9 LUGIA-HOLO PSA 8 #9,https://www.ebay.es/itm/117122729369,PriceCharting
Neo Genesis,Lugia,9/111,1st Edition,PSA 8,2026-09-06,5350.00,USD,eBay,unknown,FALSE,,,Pokemon Lugia Holo Neo Genesis 1st Edition 9/111 PSA 8 9/111,https://www.ebay.es/itm/287552954500,PriceCharting
Neo Genesis,Lugia,9/111,1st Edition,PSA 8,2026-08-23,5300.00,USD,eBay,unknown,FALSE,,,2000 POKEMON NEO GENESIS 1ST EDITION #9 LUGIA-HOLO PSA 8 #9,https://www.ebay.es/itm/307120714221,PriceCharting
Neo Genesis,Lugia,9/111,1st Edition,PSA 8,2026-08-23,6558.87,USD,eBay,unknown,FALSE,,,2000 POKEMON NEO GENESIS 1ST EDITION #9/111 LUGIA HOLO PSA 8 9/111,https://www.ebay.es/itm/206491874853,PriceCharting
Neo Genesis,Lugia,9/111,1st Edition,PSA 8,2026-08-18,6655.00,USD,eBay,unknown,FALSE,,,2000 POKEMON NEO GENESIS 1ST EDITION #9 LUGIA-HOLO 1ST EDITION PSA 8 SWIRL,https://www.ebay.es/itm/800475515266,PriceCharting
Neo Genesis,Lugia,9/111,1st Edition,PSA 8,2026-08-16,5000.00,USD,eBay,best offer,TRUE,,,2000 POKEMON NEO GENESIS 1ST EDITION #9 LUGIA-HOLO PSA 8 #9,https://www.ebay.es/itm/307129606548,PriceCharting
Neo Genesis,Lugia,9/111,1st Edition,PSA 8,2026-08-14,4839.00,USD,eBay,unknown,FALSE,,,Nintendo 2000 Pokemon Neo Genesis 1st Edition Holo Lugia 9/111 PSA 8 9/111,https://www.ebay.es/itm/236991791622,PriceCharting
Neo Genesis,Lugia,9/111,1st Edition,PSA 8,2026-08-14,5100.00,USD,eBay,unknown,FALSE,,,2000 POKEMON NEO GENESIS LUGIA 9/111 NEO GENESIS 1ST EDITION HOLO PSA 8 CENTERED 9/111,https://www.ebay.es/itm/358880514772,PriceCharting
Neo Genesis,Lugia,9/111,1st Edition,PSA 8,2026-08-09,5600.00,USD,eBay,unknown,FALSE,,,Pokemon Lugia Holo Neo Genesis 1st Edition 9/111 PSA 8 9/111,https://www.ebay.es/itm/287495386820,PriceCharting
Neo Genesis,Lugia,9/111,1st Edition,PSA 8,2026-08-07,5994.00,USD,eBay,unknown,FALSE,,,2000 Pokemon Neo Genesis 1st Edition #9 Lugia Holo PSA 8 NM-MT w/ SWIRL,https://www.ebay.es/itm/377382688013,PriceCharting
Neo Genesis,Lugia,9/111,1st Edition,PSA 8,2026-08-04,6000.00,USD,eBay,unknown,FALSE,,,Lugia 1st Edition 2000 Neo Genesis Holo #9/111 PSA 8 Pokemon Card 9/111,https://www.ebay.es/itm/257657415447,PriceCharting
Neo Genesis,Lugia,9/111,1st Edition,PSA 8,2026-08-03,5931.50,USD,eBay,unknown,FALSE,,,2000 POKEMON NEO GENESIS 1ST EDITION #9 LUGIA-HOLO PSA 8 #9,https://www.ebay.es/itm/298531826067,PriceCharting
Neo Genesis,Lugia,9/111,1st Edition,PSA 8,2026-08-02,5241.00,USD,eBay,unknown,FALSE,,,2000 Pokemon Neo Genesis 1st Edition Lugia Holo #9/111 PSA 8,https://www.ebay.es/itm/377374271072,PriceCharting
Neo Genesis,Lugia,9/111,1st Edition,PSA 8,2026-07-29,5529.00,USD,eBay,unknown,FALSE,,,2000 POKEMON NEO GENESIS 1ST EDITION #9 LUGIA-HOLO PSA 8 #9,https://www.ebay.es/itm/307041441225,PriceCharting
Neo Genesis,Lugia,9/111,1st Edition,PSA 9,2026-09-22,19450.00,USD,eBay,unknown,FALSE,,,2000 POKEMON NEO GENESIS 1ST EDITION #9 LUGIA-HOLO PSA 9 #9,https://www.ebay.es/itm/307191561275,PriceCharting
Neo Genesis,Lugia,9/111,1st Edition,PSA 9,2026-09-17,19024.00,USD,eBay,unknown,FALSE,,,POKEMON LUGIA 2000 NEO GENESIS 1ST EDITION #9 HOLO PSA 9 #9,https://www.ebay.es/itm/800632448281,PriceCharting
Neo Genesis,Lugia,9/111,1st Edition,PSA 9,2026-09-14,17000.00,USD,eBay,best offer,TRUE,,,2000 Pokemon Neo Genesis 1st Edition Lugia 9/111 Holo PSA 9 9/111,https://www.ebay.es/itm/318785041175,PriceCharting
Neo Genesis,Lugia,9/111,1st Edition,PSA 9,2026-09-11,16420.69,USD,eBay,unknown,FALSE,,,2000 POKEMON NEO GENESIS 1ST EDITION #9 LUGIA-HOLO PSA 9 #9,https://www.ebay.es/itm/298505106109,PriceCharting
Neo Genesis,Lugia,9/111,1st Edition,PSA 9,2026-09-09,16000.00,USD,eBay,best offer,TRUE,,,2000 POKEMON NEO GENESIS 1ST EDITION 9/111 LUGIA HOLO PSA 9 #9,https://www.ebay.es/itm/188851647625,PriceCharting
Neo Genesis,Lugia,9/111,1st Edition,PSA 9,2026-09-05,22320.00,USD,eBay,best offer,TRUE,,,2000 POKEMON 1ST EDITION NEO GENESIS LUGIA #9/111 WOTC HOLO RARE ENGLISH PSA 9 #9,https://www.ebay.es/itm/307027242636,PriceCharting
Neo Genesis,Lugia,9/111,1st Edition,PSA 9,2026-08-24,13500.00,USD,eBay,unknown,FALSE,,,2000 POKEMON NEO GENESIS 1ST EDITION #9 LUGIA-HOLO PSA 9 #9,https://www.ebay.es/itm/298595858905,PriceCharting
Neo Genesis,Lugia,9/111,1st Edition,PSA 9,2026-08-12,12700.00,USD,eBay,unknown,FALSE,,,2000 Pokemon Neo Genesis 1st Edition #9 Lugia Holo PSA 9 MINT,https://www.ebay.es/itm/377395099644,PriceCharting
Neo Genesis,Lugia,9/111,1st Edition,PSA 9,2026-07-04,14636.67,USD,eBay,unknown,FALSE,,,2000 POKEMON NEO GENESIS 1ST EDITION #9 LUGIA-HOLO PSA 9 #9,https://www.ebay.es/itm/206369811637,PriceCharting
Neo Genesis,Lugia,9/111,1st Edition,PSA 10,2025-06-18,1287.44,USD,eBay,unknown,FALSE,,,Lugia 1st Edition #9/111 Neo Genesis Rare - Pokemon English HP Clean PSA 10,https://www.ebay.es/itm/405972808094,PriceCharting
Neo Genesis,Lugia,9/111,1st Edition,PSA 10,2025-06-17,1584.13,USD,eBay,unknown,FALSE,,,Lugia 1st Edition #9/111 Neo Genesis Rare - Pokemon English HP Clean PSA 10,https://www.ebay.es/itm/405968949683,PriceCharting
Neo Genesis,Lugia,9/111,1st Edition,PSA 10,2025-01-15,6000.00,USD,eBay,unknown,FALSE,,,Lugia First Edition Holo Neo Genesis Pokemon Card! PSA 10,https://www.ebay.es/itm/365343264000,PriceCharting
Neo Genesis,Lugia,9/111,Unlimited,PSA 8,2026-09-25,1500.00,USD,eBay,unknown,FALSE,,,2000 POKEMON NEO GENESIS #9 LUGIA-HOLO PSA 8 #9,https://www.ebay.es/itm/117427578048,PriceCharting
Neo Genesis,Lugia,9/111,Unlimited,PSA 8,2026-09-13,1052.83,USD,eBay,unknown,FALSE,,,Pokemon Card - Lugia 9/111 - Neo Genesis - Cracked from PSA 8 (Cleaned) 9/111,https://www.ebay.es/itm/287563128479,PriceCharting
Neo Genesis,Lugia,9/111,Unlimited,PSA 8,2026-09-05,1500.00,USD,eBay,unknown,FALSE,,,Pokémon TCG 2000 Neo Genesis Lugia Holo Rare 9/111 English PSA 8 9/111,https://www.ebay.es/itm/377468285517,PriceCharting
Neo Genesis,Lugia,9/111,Unlimited,PSA 8,2026-08-31,1150.00,USD,eBay,unknown,FALSE,,,2000 POKEMON NEO GENESIS #9 LUGIA-HOLO 4SC ELITE PSA 8,https://www.ebay.es/itm/366616481821,PriceCharting
Neo Genesis,Lugia,9/111,Unlimited,PSA 8,2026-08-30,947.66,USD,eBay,unknown,FALSE,,,Pokemon Card - Lugia 9/111 - Neo Genesis - Cracked from PSA 8 (Cleaned) 9/111,https://www.ebay.es/itm/287534417618,PriceCharting
Neo Genesis,Lugia,9/111,Unlimited,PSA 8,2026-08-18,1200.00,USD,eBay,unknown,FALSE,,,2000 Pokemon Neo Genesis #9 Lugia Holo MOUTH SWIRL PSA 8 NM-MT,https://www.ebay.es/itm/366592639117,PriceCharting
Neo Genesis,Lugia,9/111,Unlimited,PSA 8,2026-08-18,1245.00,USD,eBay,unknown,FALSE,,,2000 Pokemon Neo Genesis #9 Lugia Holo NICE SWIRL PSA 8 NM-MT,https://www.ebay.es/itm/800476199290,PriceCharting
Neo Genesis,Lugia,9/111,Unlimited,PSA 8,2026-08-13,1133.00,USD,eBay,unknown,FALSE,,,POKEMON LUGIA-HOLO 2000 NEO GENESIS #9 PSA 8 #9,https://www.ebay.es/itm/800467858334,PriceCharting
Neo Genesis,Lugia,9/111,Unlimited,PSA 8,2026-08-09,1075.00,USD,eBay,unknown,FALSE,,,Pokémon Lugia Holo Neo Genesis Unlimited 9/111 PSA 8 eBay Authenticated 9/111,https://www.ebay.es/itm/236979522180,PriceCharting
Neo Genesis,Lugia,9/111,Unlimited,PSA 8,2026-08-07,1614.18,USD,eBay,unknown,FALSE,,,LUGIA HOLO RARE (SWIRL) - #9 NEO GENESIS / PSA 8 NM / POKEMON 2000 WOTC ERA #9,https://www.ebay.es/itm/267727842049,PriceCharting
Neo Genesis,Lugia,9/111,Unlimited,PSA 8,2026-08-04,1350.00,USD,eBay,unknown,FALSE,,,Lugia Holo 9/111 Neo Genesis Pokemon PSA 8 9/111,https://www.ebay.es/itm/236979726731,PriceCharting
Neo Genesis,Lugia,9/111,Unlimited,PSA 8,2026-07-29,1349.99,USD,eBay,unknown,FALSE,,,2000 POKEMON NEO GENESIS #9 LUGIA-HOLO PSA 8 #9,https://www.ebay.es/itm/307071796644,PriceCharting
Neo Genesis,Lugia,9/111,Unlimited,PSA 8,2026-07-27,1300.00,USD,eBay,best offer,TRUE,,,2000 POKEMON NEO GENESIS #9 LUGIA HOLO PSA 8 #9,https://www.ebay.es/itm/267730086103,PriceCharting
Neo Genesis,Lugia,9/111,Unlimited,PSA 8,2026-07-27,1135.55,USD,eBay,unknown,FALSE,,,2000 POKEMON NEO GENESIS #9 LUGIA-HOLO PSA 8 #9,https://www.ebay.es/itm/117302853630,PriceCharting
Neo Genesis,Lugia,9/111,Unlimited,PSA 8,2026-07-24,1025.00,USD,eBay,unknown,FALSE,,,2000 Pokemon Neo Genesis #9 Lugia Holo PSA 8 NM-MT,https://www.ebay.es/itm/800354704994,PriceCharting
Neo Genesis,Lugia,9/111,Unlimited,PSA 8,2026-07-23,5422.22,USD,eBay,unknown,FALSE,,,Pokemon Lugia 9/111 Neo Genesis Holo PSA 8 9/111,https://www.ebay.es/itm/257616919911,PriceCharting
Neo Genesis,Lugia,9/111,Unlimited,PSA 8,2026-07-21,1080.00,USD,eBay,best offer,TRUE,,,LUGIA - HOLO 9/111 2000 POKEMON NEO GENESIS #9 PSA 8 NM-MT #9,https://www.ebay.es/itm/287475064700,PriceCharting
Neo Genesis,Lugia,9/111,Unlimited,PSA 8,2026-07-16,1479.00,USD,eBay,unknown,FALSE,,,2000 POKEMON NEO GENESIS #9 LUGIA-HOLO PSA 8 #9,https://www.ebay.es/itm/306988329656,PriceCharting
Neo Genesis,Lugia,9/111,Unlimited,PSA 8,2026-07-06,1109.00,USD,eBay,unknown,FALSE,,,Pokemon TCG Neo Genesis Lugia Holo Rare 9/111 (2000) PSA 8 Graded 9/111,https://www.ebay.es/itm/407036213236,PriceCharting
Neo Genesis,Lugia,9/111,Unlimited,PSA 8,2026-07-06,1250.00,USD,eBay,unknown,FALSE,,,2000 POKEMON NEO GENESIS #9 LUGIA-HOLO PSA 8 #9,https://www.ebay.es/itm/117268660187,PriceCharting
Neo Genesis,Lugia,9/111,Unlimited,PSA 9,2026-08-27,2750.00,USD,eBay,best offer,TRUE,,,2000 POKEMON NEO GENESIS #9 LUGIA-HOLO PSA 9 #9,https://www.ebay.es/itm/307090659939,PriceCharting
Neo Genesis,Lugia,9/111,Unlimited,PSA 9,2026-07-26,2325.00,USD,eBay,unknown,FALSE,,,2000 POKEMON NEO GENESIS #9 LUGIA-HOLO PSA 9 #9,https://www.ebay.es/itm/298518004861,PriceCharting
Neo Genesis,Lugia,9/111,Unlimited,PSA 9,2026-07-17,2600.00,USD,eBay,unknown,FALSE,,,Pokemon 2000 Lugia 9/111 Holo Neo Genesis PSA 9 9/111,https://www.ebay.es/itm/407063325096,PriceCharting
Neo Genesis,Lugia,9/111,Unlimited,PSA 9,2026-07-12,3350.00,USD,eBay,unknown,FALSE,,,2000 Pokemon LUGIA #9/111 Neo Genesis Unlimited Cosmos Holo Rare English PSA 9 9/111,https://www.ebay.es/itm/307037690099,PriceCharting
Neo Genesis,Lugia,9/111,Unlimited,PSA 9,2026-06-21,3200.00,USD,eBay,unknown,FALSE,,,2000 POKEMON NEO GENESIS #9 LUGIA-HOLO PSA 9 #9,https://www.ebay.es/itm/298388076430,PriceCharting
Neo Genesis,Lugia,9/111,Unlimited,PSA 9,2026-06-03,2499.99,USD,eBay,unknown,FALSE,,,Pokémon TCG Lugia Neo Genesis Holo Rare Card 9/111 PSA 9 Mint 9/111,https://www.ebay.es/itm/298359571640,PriceCharting
Neo Genesis,Lugia,9/111,Unlimited,PSA 9,2026-05-29,3180.00,USD,eBay,unknown,FALSE,,,2000 POKEMON NEO GENESIS #9 LUGIA-HOLO PSA 9 #9,https://www.ebay.es/itm/117217186128,PriceCharting
Neo Genesis,Lugia,9/111,Unlimited,PSA 9,2026-05-24,2800.00,USD,eBay,unknown,FALSE,,,Pokemon Lugia Neo Genesis Unlimited Holo Rare #9 PSA 9 Mint,https://www.ebay.es/itm/287337216149,PriceCharting
Neo Genesis,Lugia,9/111,Unlimited,PSA 9,2026-05-18,3100.00,USD,eBay,unknown,FALSE,,,2000 POKEMON NEO GENESIS #9 LUGIA-HOLO PSA 9 #9,https://www.ebay.es/itm/117192238320,PriceCharting
Neo Genesis,Lugia,9/111,Unlimited,PSA 9,2026-05-10,2869.00,USD,eBay,unknown,FALSE,,,Pokemon Lugia Neo Genesis Unlimited Holo Rare #9 PSA 9 Mint,https://www.ebay.es/itm/287304460316,PriceCharting
Neo Genesis,Lugia,9/111,Unlimited,PSA 9,2026-04-28,3000.00,USD,eBay,unknown,FALSE,,,Pokemon Lugia Neo Genesis Unlimited Holo Rare #9 PSA 9 Mint,https://www.ebay.es/itm/287292342758,PriceCharting
Neo Genesis,Lugia,9/111,Unlimited,PSA 9,2026-04-18,2750.00,USD,eBay,unknown,FALSE,,,2000 Pokemon Neo Genesis #9 Lugia Holo PSA 9 MINT #9,https://www.ebay.es/itm/277888818920,PriceCharting
Neo Genesis,Meganium,10/111,1st Edition,PSA 8,2026-09-26,200.00,USD,eBay,best offer,TRUE,,,2000 POKEMON NEO GENESIS #10 MEGANIUM HOLO PSA 8 1ST EDITION 10/111,https://www.ebay.es/itm/307048202131,PriceCharting
Neo Genesis,Meganium,10/111,1st Edition,PSA 8,2026-09-18,219.27,USD,eBay,unknown,FALSE,,,MEGANIUM PSA 8 2000 POKEMON NEO GENESIS 1ST EDITION #10/111 HOLO 5470 10/111,https://www.ebay.es/itm/188913421787,PriceCharting
Neo Genesis,Meganium,10/111,1st Edition,PSA 8,2026-09-06,265.38,USD,eBay,unknown,FALSE,,,2000 POKEMON NEO GENESIS 1ST EDITION #10 MEGANIUM-HOLO PSA 8 #10,https://www.ebay.es/itm/307149335458,PriceCharting
Neo Genesis,Meganium,10/111,1st Edition,PSA 8,2026-08-31,395.99,USD,eBay,unknown,FALSE,,,2000 POKEMON NEO GENESIS 1ST EDITION #10 MEGANIUM-HOLO PSA 8 #10,https://www.ebay.es/itm/307038567490,PriceCharting
Neo Genesis,Meganium,10/111,1st Edition,PSA 8,2026-08-13,299.99,USD,eBay,unknown,FALSE,,,2000 POKEMON NEO GENESIS 1ST EDITION 10 MEGANIUM-HOLO PSA 8 10/111,https://www.ebay.es/itm/198566173390,PriceCharting
Neo Genesis,Meganium,10/111,1st Edition,PSA 8,2026-08-10,255.66,USD,eBay,unknown,FALSE,,,2000 POKEMON NEO GENESIS 1ST EDITION #10 MEGANIUM-HOLO PSA 8 #10,https://www.ebay.es/itm/298546642471,PriceCharting
Neo Genesis,Meganium,10/111,1st Edition,PSA 8,2026-07-30,249.50,USD,eBay,unknown,FALSE,,,MEGANIUM PSA 8 2000 POKEMON NEO GENESIS 1ST EDITION #10/111 HOLO 6439 10/111,https://www.ebay.es/itm/188676358592,PriceCharting
Neo Genesis,Meganium,10/111,1st Edition,PSA 8,2026-07-22,300.00,USD,eBay,unknown,FALSE,,,2000 POKEMON NEO GENESIS 1ST EDITION #10 MEGANIUM-HOLO PSA 8 #10,https://www.ebay.es/itm/198514965449,PriceCharting
Neo Genesis,Meganium,10/111,1st Edition,PSA 8,2026-07-17,380.00,USD,eBay,unknown,FALSE,,,Meganium PSA 8 Pokemon WOTC 2000 Neo Genesis 1st Edition #10/111 Holo Swirl 10/111,https://www.ebay.es/itm/307059531537,PriceCharting
Neo Genesis,Meganium,10/111,1st Edition,PSA 8,2026-07-15,210.22,USD,eBay,unknown,FALSE,,,Pokémon Neo Genesis 1st Edition Meganium 10/111 Holo Rare PSA 8,https://www.ebay.es/itm/168522467891,PriceCharting
Neo Genesis,Meganium,10/111,1st Edition,PSA 8,2026-07-07,266.13,USD,eBay,unknown,FALSE,,,2000 Pokemon Neo Genesis 1st Edition Holo Meganium #10 PSA 8 with Guard #10,https://www.ebay.es/itm/327242775862,PriceCharting
Neo Genesis,Meganium,10/111,1st Edition,PSA 8,2026-06-28,405.00,USD,eBay,unknown,FALSE,,,Pokemon Meganium Holo Neo Genesis 1st Edition 10/111 PSA 8 10/111,https://www.ebay.es/itm/287401743675,PriceCharting
Neo Genesis,Meganium,10/111,1st Edition,PSA 8,2026-06-28,319.99,USD,eBay,unknown,FALSE,,,2000 Pokemon Neo Genesis 1st Edition #10 Meganium Holo PSA 8 #10,https://www.ebay.es/itm/318414520224,PriceCharting
Neo Genesis,Meganium,10/111,1st Edition,PSA 8,2026-06-22,360.00,USD,eBay,unknown,FALSE,,,2000 POKEMON NEO GENESIS 1ST EDITION #10 MEGANIUM-HOLO PSA 8 #10,https://www.ebay.es/itm/306988336750,PriceCharting
Neo Genesis,Meganium,10/111,1st Edition,PSA 8,2026-06-14,284.42,USD,eBay,unknown,FALSE,,,Pokemon Meganium Neo Genesis 1st Edition Holo Rare #10 PSA 8,https://www.ebay.es/itm/287372395302,PriceCharting
Neo Genesis,Meganium,10/111,1st Edition,PSA 8,2026-06-11,280.00,USD,eBay,unknown,FALSE,,,2000 Pokemon Neo Genesis 1st Edition #10 Meganium Holo PSA 8 NM-MT,https://www.ebay.es/itm/800117972417,PriceCharting
Neo Genesis,Meganium,10/111,1st Edition,PSA 8,2026-06-07,449.04,USD,eBay,unknown,FALSE,,,Meganium - Holo - 1st Edition PSA 8 - Neo Genesis - 2000 - #10/111 - Pokemon 10/111,https://www.ebay.es/itm/205868806638,PriceCharting
Neo Genesis,Meganium,10/111,1st Edition,PSA 8,2026-06-01,495.00,USD,eBay,unknown,FALSE,,,2000 POKEMON NEO GENESIS 1ST EDITION #10 MEGANIUM-HOLO PSA 8 #10,https://www.ebay.es/itm/117210635265,PriceCharting
Neo Genesis,Meganium,10/111,1st Edition,PSA 8,2026-05-25,251.50,USD,eBay,unknown,FALSE,,,Pokemon Meganium Neo Genesis 1st Edition Holo Rare #10 PSA 8,https://www.ebay.es/itm/287331593109,PriceCharting
Neo Genesis,Meganium,10/111,1st Edition,PSA 8,2026-05-18,255.00,USD,eBay,unknown,FALSE,,,Pokemon 2000 Meganium 10/111 Holo 1st Edition Neo Genesis PSA 8 10/111,https://www.ebay.es/itm/406911802124,PriceCharting
Neo Genesis,Meganium,10/111,1st Edition,PSA 8,2026-05-10,309.20,USD,eBay,best offer,TRUE,,,*SWIRL* Pokemon PSA 8 NM/MINT 2000 Meganium 10/111 1st Edition Neo Genesis Holo 10/111,https://www.ebay.es/itm/397918892602,PriceCharting
Neo Genesis,Meganium,10/111,1st Edition,PSA 9,2026-09-12,949.89,USD,eBay,unknown,FALSE,,,2000 POKEMON NEO GENESIS 1ST EDITION #10 MEGANIUM-HOLO 1ST EDITION PSA 9 #10,https://www.ebay.es/itm/307158156175,PriceCharting
Neo Genesis,Meganium,10/111,1st Edition,PSA 9,2026-09-04,1000.00,USD,eBay,unknown,FALSE,,,2000 Meganium Holo Pokemon Neo Genesis 1st Edition #10 PSA 9 #10,https://www.ebay.es/itm/287557475412,PriceCharting
Neo Genesis,Meganium,10/111,1st Edition,PSA 9,2026-08-17,630.00,USD,eBay,unknown,FALSE,,,Pokemon Meganium Holo Neo Genesis 1st Edition 10/111 PSA 9 Mint 10/111,https://www.ebay.es/itm/287511103177,PriceCharting
Neo Genesis,Meganium,10/111,1st Edition,PSA 9,2026-08-07,605.36,USD,eBay,unknown,FALSE,,,2000 POKEMON NEO GENESIS 1ST EDITION #10 MEGANIUM-HOLO PSA 9 #10,https://www.ebay.es/itm/366574766308,PriceCharting
Neo Genesis,Meganium,10/111,1st Edition,PSA 9,2026-07-12,875.00,USD,eBay,best offer,TRUE,,,2000 POKEMON NEO GENESIS 1ST EDITION #10 MEGANIUM-HOLO PSA 9 #10,https://www.ebay.es/itm/117292304970,PriceCharting
Neo Genesis,Meganium,10/111,1st Edition,PSA 9,2026-06-13,755.00,USD,eBay,unknown,FALSE,,,2000 Pokemon Neo Genesis Meganium 1st Edition Holo 10/111 PSA 9 WITH SWIRL 10/111,https://www.ebay.es/itm/168434350546,PriceCharting
Neo Genesis,Meganium,10/111,1st Edition,PSA 9,2026-05-24,810.00,USD,eBay,unknown,FALSE,,,Pokemon Meganium Neo Genesis 1st Edition Holo Rare #10 PSA 9 Mint,https://www.ebay.es/itm/287331643712,PriceCharting
Neo Genesis,Meganium,10/111,1st Edition,PSA 9,2026-04-28,900.00,USD,eBay,best offer,TRUE,,,2000 POKEMON NEO GENESIS 1ST EDITION #10 MEGANIUM-HOLO PSA 9 #10,https://www.ebay.es/itm/306892827880,PriceCharting
Neo Genesis,Meganium,10/111,1st Edition,PSA 9,2026-04-27,1026.00,USD,eBay,unknown,FALSE,,,2000 POKEMON NEO GENESIS 1ST EDITION #10 MEGANIUM-HOLO PSA 9 #10,https://www.ebay.es/itm/298232654782,PriceCharting
Neo Genesis,Meganium,10/111,1st Edition,PSA 9,2026-03-21,840.96,USD,eBay,unknown,FALSE,,,2000 POKEMON NEO GENESIS 1ST EDITION #10 MEGANIUM-HOLO PSA 9 #10,https://www.ebay.es/itm/298096098542,PriceCharting
Neo Genesis,Meganium,10/111,1st Edition,PSA 9,2025-12-23,425.00,USD,eBay,unknown,FALSE,,,2000 POKEMON NEO GENESIS 1ST ED #10 MEGANIUM-HOLO PSA 9 #10,https://www.ebay.es/itm/297821062142,PriceCharting
Neo Genesis,Meganium,10/111,1st Edition,PSA 9,2025-12-20,425.00,USD,eBay,unknown,FALSE,,,Pokemon Meganium 10/111 Neo Genesis 1st Edition Holo PSA 9 10/111,https://www.ebay.es/itm/157445279297,PriceCharting
Neo Genesis,Meganium,10/111,1st Edition,PSA 9,2025-12-06,380.00,USD,eBay,unknown,FALSE,,,2000 POKEMON NEO GENESIS 1ST EDITION #10 MEGANIUM-HOLO PSA 9 #10,https://www.ebay.es/itm/116895939671,PriceCharting
Neo Genesis,Meganium,10/111,1st Edition,PSA 10,2026-05-18,4600.01,USD,eBay,unknown,FALSE,,,Pokemon Meganium Neo Genesis 1st Edition Holo Rare #10 PSA 10 Gem Mint,https://www.ebay.es/itm/287320383363,PriceCharting
Neo Genesis,Meganium,10/111,1st Edition,PSA 10,2026-03-01,28000.00,USD,eBay,unknown,FALSE,,,Pokemon Meganium Neo Genesis 1st Edition Holo Rare #10 PSA 10 Gem Mint,https://www.ebay.es/itm/287007053579,PriceCharting
Neo Genesis,Meganium,10/111,1st Edition,PSA 10,2025-10-20,7000.00,USD,eBay,unknown,FALSE,,,2000 POKEMON NEO GENESIS 1ST ED #10 MEGANIUM-HOLO PSA 10 #10,https://www.ebay.es/itm/297233780064,PriceCharting
Neo Genesis,Meganium,10/111,1st Edition,PSA 10,2025-03-21,7499.99,USD,eBay,unknown,FALSE,,,Pokemon PSA 10 Gem Mint 1st Edition Neo Genesis Holo Meganium 10/111 (JC) 10/111,https://www.ebay.es/itm/325864663987,PriceCharting
Neo Genesis,Meganium,10/111,1st Edition,PSA 10,2025-01-08,6995.00,USD,eBay,unknown,FALSE,,,Pokemon Meganium Neo Genesis PSA 10 Holo 1st Edition Holo Rare TCG 10/111,https://www.ebay.es/itm/235573211696,PriceCharting
Neo Genesis,Meganium,10/111,Unlimited,PSA 8,2026-09-27,110.00,USD,eBay,best offer,TRUE,,,2000 POKEMON NEO GENESIS #10 MEGANIUM-HOLO PSA 8 #10,https://www.ebay.es/itm/188969819498,PriceCharting
Neo Genesis,Meganium,10/111,Unlimited,PSA 8,2026-08-24,93.00,USD,eBay,unknown,FALSE,,,Pokemon Meganium Holo Neo Genesis Unlimited 10/111 PSA 8 10/111,https://www.ebay.es/itm/287524903397,PriceCharting
Neo Genesis,Meganium,10/111,Unlimited,PSA 8,2026-08-22,105.00,USD,eBay,best offer,TRUE,,,2000 POKEMON NEO GENESIS #10 MEGANIUM-HOLO PSA 8 #10,https://www.ebay.es/itm/287539464532,PriceCharting
Neo Genesis,Meganium,10/111,Unlimited,PSA 8,2026-07-25,160.50,USD,eBay,unknown,FALSE,,,2000 POKEMON NEO GENESIS #10 MEGANIUM-HOLO PSA 8 #10,https://www.ebay.es/itm/307068220920,PriceCharting
Neo Genesis,Meganium,10/111,Unlimited,PSA 8,2026-07-07,175.00,USD,eBay,unknown,FALSE,,,2000 Pokemon TCG Neo Genesis Meganium Holo 10/111 Unlimited PSA 8 10/111,https://www.ebay.es/itm/257605578408,PriceCharting
Neo Genesis,Meganium,10/111,Unlimited,PSA 8,2026-06-22,250.00,USD,eBay,unknown,FALSE,,,2000 POKEMON NEO GENESIS #10 MEGANIUM-HOLO PSA 8 #10,https://www.ebay.es/itm/298433876753,PriceCharting
Neo Genesis,Meganium,10/111,Unlimited,PSA 8,2026-06-18,175.00,USD,eBay,unknown,FALSE,,,2000 Pokemon TCG Neo Genesis Meganium Holo 10/111 Unlimited PSA 8 10/111,https://www.ebay.es/itm/358665354499,PriceCharting
Neo Genesis,Meganium,10/111,Unlimited,PSA 8,2026-05-28,170.00,USD,eBay,unknown,FALSE,,,Pokemon TCG Neo Genesis Meganium Holo Rare 10/111 PSA 8 Graded (2000) 10/111,https://www.ebay.es/itm/358580164403,PriceCharting
Neo Genesis,Meganium,10/111,Unlimited,PSA 8,2026-05-28,123.50,USD,eBay,unknown,FALSE,,,2000 POKEMON NEO GENESIS #10 MEGANIUM-HOLO PSA 8 #10,https://www.ebay.es/itm/117202916262,PriceCharting
Neo Genesis,Meganium,10/111,Unlimited,PSA 8,2026-05-16,161.95,USD,eBay,unknown,FALSE,,,Pokémon TCG - PSA 8 Meganium Neo Genesis 2000 Unlimited Holo Rare 10/111,https://www.ebay.es/itm/287332860207,PriceCharting
Neo Genesis,Meganium,10/111,Unlimited,PSA 8,2026-05-06,249.00,USD,eBay,unknown,FALSE,,,2000 Pokémon TCG Meganium Neo Genesis 10/111 Holo Unlimited Rare PSA 8 10/111,https://www.ebay.es/itm/147073055028,PriceCharting
Neo Genesis,Meganium,10/111,Unlimited,PSA 8,2026-05-01,132.00,USD,eBay,best offer,TRUE,,,Pokémon Meganium Neo Genesis Holo Rare 10/111 PSA 8 2000 English 10/111,https://www.ebay.es/itm/227281986417,PriceCharting
Neo Genesis,Meganium,10/111,Unlimited,PSA 8,2026-04-29,152.27,USD,eBay,unknown,FALSE,,,Pokemon TCG PSA 8 Meganium Neo Genesis 2000 Unlimited Holo Rare 10/111,https://www.ebay.es/itm/286913425213,PriceCharting
Neo Genesis,Meganium,10/111,Unlimited,PSA 8,2026-04-12,111.00,USD,eBay,unknown,FALSE,,,2000 Pokemon Neo Genesis Holo #10 Meganium PSA 8 NM-MT #10,https://www.ebay.es/itm/287249776620,PriceCharting
Neo Genesis,Meganium,10/111,Unlimited,PSA 8,2026-04-02,129.95,USD,eBay,unknown,FALSE,,,Pokemon PSA 8 NM/MINT 2000 Meganium 10/111 Neo Genesis Holo Card 18/111,https://www.ebay.es/itm/397623321829,PriceCharting
Neo Genesis,Meganium,10/111,Unlimited,PSA 8,2026-03-30,122.00,USD,eBay,best offer,TRUE,,,2000 Pokemon Meganium 10/111 Neo Genesis Rare Holo PSA 8 NM-MINT SWIRL 10/111,https://www.ebay.es/itm/267587191811,PriceCharting
Neo Genesis,Meganium,10/111,Unlimited,PSA 8,2026-03-28,107.50,USD,eBay,unknown,FALSE,,,2000 POKEMON NEO GENESIS #10 MEGANIUM-HOLO PSA 8 #10,https://www.ebay.es/itm/298140281898,PriceCharting
Neo Genesis,Meganium,10/111,Unlimited,PSA 8,2026-03-24,75.00,USD,eBay,unknown,FALSE,,,Pokemon PSA 8 NM/MINT 2000 Meganium 10/111 Neo Genesis Holo Card 18/111,https://www.ebay.es/itm/168240038287,PriceCharting
Neo Genesis,Meganium,10/111,Unlimited,PSA 8,2026-03-20,67.00,USD,eBay,unknown,FALSE,,,PSA 8 Meganium Holo Rare Neo Genesis 10/111 Mint Pokemon Card 2000 10/111,https://www.ebay.es/itm/177968992367,PriceCharting
Neo Genesis,Meganium,10/111,Unlimited,PSA 8,2026-03-10,109.99,USD,eBay,unknown,FALSE,,,2000 Pokémon TCG Meganium Neo Genesis 10/111 Holo Unlimited Rare PSA 8 10/111,https://www.ebay.es/itm/298086645122,PriceCharting
Neo Genesis,Meganium,10/111,Unlimited,PSA 8,2026-03-08,125.00,USD,eBay,unknown,FALSE,,,2000 POKEMON NEO GENESIS #10 MEGANIUM-HOLO PSA 8 #10,https://www.ebay.es/itm/117027156886,PriceCharting
Neo Genesis,Meganium,10/111,Unlimited,PSA 9,2026-08-06,162.50,USD,eBay,unknown,FALSE,,,Pokemon 2000 Meganium 10/111 Holo Neo Genesis PSA 9 10/111,https://www.ebay.es/itm/407108511620,PriceCharting
Neo Genesis,Meganium,10/111,Unlimited,PSA 9,2026-07-28,190.00,USD,eBay,unknown,FALSE,,,2000 Pokemon Neo Genesis #10 Meganium Holo PSA 9 MINT,https://www.ebay.es/itm/377357146781,PriceCharting
Neo Genesis,Meganium,10/111,Unlimited,PSA 9,2026-07-17,188.00,USD,eBay,unknown,FALSE,,,2000 Pokemon Neo Genesis #10 Meganium Holo PSA 9 MINT,https://www.ebay.es/itm/377332331316,PriceCharting
Neo Genesis,Meganium,10/111,Unlimited,PSA 9,2026-07-16,215.00,USD,eBay,best offer,TRUE,,,2000 P.M. Neo Genesis #10 Meganium Holo Mint PSA 9 Pokémon Unlimited #10,https://www.ebay.es/itm/406988827313,PriceCharting
Neo Genesis,Meganium,10/111,Unlimited,PSA 9,2026-07-14,229.00,USD,eBay,unknown,FALSE,,,2000 POKEMON NEO GENESIS #10 MEGANIUM-HOLO PSA 9 #10,https://www.ebay.es/itm/117295883212,PriceCharting
Neo Genesis,Meganium,10/111,Unlimited,PSA 9,2026-05-27,257.86,USD,eBay,unknown,FALSE,,,2000 Pokemon Meganium 10/111 Neo Genesis Rare Holo PSA 9 MINT 10/111,https://www.ebay.es/itm/177960558462,PriceCharting
Neo Genesis,Meganium,10/111,Unlimited,PSA 9,2026-04-30,139.99,USD,eBay,unknown,FALSE,,,Pokémon Meganium 10/111 Neo Genesis Holo Rare PSA 9 Unlimited English 10/111,https://www.ebay.es/itm/358444518473,PriceCharting
Neo Genesis,Meganium,10/111,Unlimited,PSA 9,2026-03-31,260.00,USD,eBay,best offer,TRUE,,,PSA 9 Mint Meganium #10 Holo SWIRL 🌀 – 2000 Neo Genesis Pokémon Card,https://www.ebay.es/itm/188174350856,PriceCharting
Neo Genesis,Meganium,10/111,Unlimited,PSA 9,2026-03-30,113.50,USD,eBay,unknown,FALSE,,,Pokemon Meganium Neo Genesis Unlimited Holo Rare #10 PSA 9 Mint,https://www.ebay.es/itm/287220079444,PriceCharting
Neo Genesis,Meganium,10/111,Unlimited,PSA 9,2026-03-25,82.00,USD,eBay,unknown,FALSE,,,2000 Pokemon Neo Genesis Meganium Holo #10/111 PSA 9,https://www.ebay.es/itm/377047777064,PriceCharting
Neo Genesis,Meganium,10/111,Unlimited,PSA 9,2026-02-18,219.99,USD,eBay,unknown,FALSE,,,Pokemon Meganium Neo Genesis Unlimited Holo Rare #10 PSA 9 Mint #10,https://www.ebay.es/itm/227167756077,PriceCharting
Neo Genesis,Meganium,10/111,Unlimited,PSA 9,2025-12-08,132.50,USD,eBay,unknown,FALSE,,,2000 POKEMON NEO GENESIS #10 MEGANIUM-HOLO PSA 9 #10,https://www.ebay.es/itm/116905090611,PriceCharting
Neo Genesis,Meganium,10/111,Unlimited,PSA 9,2025-11-24,91.01,USD,eBay,unknown,FALSE,,,Pokemon Meganium Neo Genesis Unlimited Holo Rare #10 PSA 9 Mint,https://www.ebay.es/itm/286939902867,PriceCharting
Neo Genesis,Meganium,10/111,Unlimited,PSA 9,2025-11-09,179.99,USD,eBay,unknown,FALSE,,,Pokémon TCG Meganium Neo Genesis 10/111 Holo Rare PSA 9 10/111,https://www.ebay.es/itm/127439551328,PriceCharting
Neo Genesis,Meganium,10/111,Unlimited,PSA 9,2025-10-21,119.40,USD,eBay,unknown,FALSE,,,2000 Pokemon Neo Genesis #10 Meganium Holo PSA 9 MINT,https://www.ebay.es/itm/389100401853,PriceCharting
Neo Genesis,Meganium,10/111,Unlimited,PSA 9,2025-10-16,107.50,USD,eBay,unknown,FALSE,,,2000 Pokemon Neo Genesis #10 Meganium Holo PSA 9 MINT,https://www.ebay.es/itm/389069146424,PriceCharting
Neo Genesis,Meganium,10/111,Unlimited,PSA 10,2024-03-26,915.00,USD,eBay,unknown,FALSE,,,neo genesis psa 10 pokemon card P.m. Meganium HOLO Pop 9 EXTREMELY RARE,https://www.ebay.es/itm/116112187243,PriceCharting
Neo Genesis,Meganium,11/111,1st Edition,PSA 8,2026-09-12,409.99,USD,eBay,unknown,FALSE,,,2000 Pokemon Neo Genesis Meganium Holo 1st Edition 11/111 PSA 8 Big Swirl New Ce 11/111,https://www.ebay.es/itm/127873511535,PriceCharting
Neo Genesis,Meganium,11/111,1st Edition,PSA 8,2026-09-12,365.62,USD,eBay,unknown,FALSE,,,2000 POKEMON NEO GENESIS 1ST EDITION #11 MEGANIUM-HOLO 1ST EDITION PSA 8 #11,https://www.ebay.es/itm/307158156199,PriceCharting
Neo Genesis,Meganium,11/111,1st Edition,PSA 8,2026-09-06,524.00,USD,eBay,unknown,FALSE,,,2000 POKEMON NEO GENESIS 1ST EDITION #11 MEGANIUM-HOLO PSA 8 #11,https://www.ebay.es/itm/298620897919,PriceCharting
Neo Genesis,Meganium,11/111,1st Edition,PSA 8,2026-09-06,345.00,USD,eBay,unknown,FALSE,,,2000 POKEMON NEO GENESIS MEGANIUM HOLO 1ST EDITION #11 PSA 8 NM-MT #11,https://www.ebay.es/itm/267775587335,PriceCharting
Neo Genesis,Meganium,11/111,1st Edition,PSA 8,2026-07-31,325.00,USD,eBay,best offer,TRUE,,,2000 POKEMON NEO GENESIS MEGANIUM HOLO 1ST EDITION #11 PSA 8 NM-MT #11,https://www.ebay.es/itm/287427665539,PriceCharting
Neo Genesis,Meganium,11/111,1st Edition,PSA 8,2026-07-25,300.00,USD,eBay,best offer,TRUE,,,2000 POKEMON NEO GENESIS MEGANIUM HOLO 1ST EDITION #11 NM PSA 8 #11,https://www.ebay.es/itm/407027245453,PriceCharting
Neo Genesis,Meganium,11/111,1st Edition,PSA 8,2026-06-22,255.00,USD,eBay,unknown,FALSE,,,Pokemon Meganium Neo Genesis 1st Edition Holo Rare #11 PSA 8,https://www.ebay.es/itm/287386673432,PriceCharting
Neo Genesis,Meganium,11/111,1st Edition,PSA 8,2026-06-16,265.00,USD,eBay,best offer,TRUE,,,Pokemon TCG Neo Genesis Meganium 11/111 Holo 1st Edition 2000 ENG PSA 8 11/111,https://www.ebay.es/itm/198424155276,PriceCharting
Neo Genesis,Meganium,11/111,1st Edition,PSA 8,2026-06-11,399.00,USD,eBay,unknown,FALSE,,,2000 POKEMON NEO GENESIS MEGANIUM HOLO 1ST EDITION #11 NM PSA 8 #11,https://www.ebay.es/itm/377119266769,PriceCharting
Neo Genesis,Meganium,11/111,1st Edition,PSA 8,2026-06-11,300.00,USD,eBay,best offer,TRUE,,,2000 POKEMON NEO GENESIS MEGANIUM HOLO 1ST EDITION #11 PSA 8 NM-MT #11,https://www.ebay.es/itm/278005611695,PriceCharting
Neo Genesis,Meganium,11/111,1st Edition,PSA 8,2026-06-11,325.00,USD,eBay,best offer,TRUE,,,2000 Pokemon Neo Genesis - Meganium Holo 1st Edition 11/111 PSA 8 11/111,https://www.ebay.es/itm/267668998625,PriceCharting
Neo Genesis,Meganium,11/111,1st Edition,PSA 8,2026-06-06,275.00,USD,eBay,unknown,FALSE,,,2000 Pokemon Neo Genesis 1st Edition Meganium Holo 1st Edition PSA 8 #11 #11,https://www.ebay.es/itm/398028114786,PriceCharting
Neo Genesis,Meganium,11/111,1st Edition,PSA 8,2026-05-18,243.00,USD,eBay,unknown,FALSE,,,Pokemon 2000 Meganium 11 Holo 1st Edition Neo Genesis PSA 8 #11,https://www.ebay.es/itm/406911746525,PriceCharting
Neo Genesis,Meganium,11/111,1st Edition,PSA 8,2026-04-30,294.35,USD,eBay,unknown,FALSE,,,2000 Meganium 11/111 1st Edition Neo Genesis Holo Rare PSA 8 Pokemon TCG,https://www.ebay.es/itm/335738822950,PriceCharting
Neo Genesis,Meganium,11/111,1st Edition,PSA 8,2026-04-21,399.99,USD,eBay,unknown,FALSE,,,2000 Pokemon Neo Genesis - Meganium Holo 1st Edition 11/111 PSA 8 11/111,https://www.ebay.es/itm/406863140579,PriceCharting
Neo Genesis,Meganium,11/111,1st Edition,PSA 8,2026-04-14,305.12,USD,eBay,unknown,FALSE,,,2000 Pokemon Neo Genesis Meganium Holo PSA 8 First 1st Edition 11/111 Card 11 #11,https://www.ebay.es/itm/402868973326,PriceCharting
Neo Genesis,Meganium,11/111,1st Edition,PSA 8,2026-03-27,240.00,USD,eBay,best offer,TRUE,,,Pokemon Meganium 11/111 Neo Genesis Holo Psa 8 1st Edition 11/111,https://www.ebay.es/itm/327040836822,PriceCharting
Neo Genesis,Meganium,11/111,1st Edition,PSA 8,2026-03-25,210.00,USD,eBay,best offer,TRUE,,,2000 Pokemon Neo Genesis 1st Edition Meganium #11 Holo Rare PSA 8 NM-MT 11/111,https://www.ebay.es/itm/117036501761,PriceCharting
Neo Genesis,Meganium,11/111,1st Edition,PSA 8,2026-03-22,202.50,USD,eBay,unknown,FALSE,,,Pokémon Meganium Neo Genesis 1st Edition Holo Rare 11/111 2000 PSA 8 11/111,https://www.ebay.es/itm/127744592940,PriceCharting
Neo Genesis,Meganium,11/111,1st Edition,PSA 8,2026-03-14,190.00,USD,eBay,unknown,FALSE,,,Pokémon TCG Meganium Neo Genesis Holo Card 11/111 PSA 8 First Edition 11/111,https://www.ebay.es/itm/389554862278,PriceCharting
Neo Genesis,Meganium,11/111,1st Edition,PSA 8,2026-03-06,200.00,USD,eBay,unknown,FALSE,,,2000 POKEMON NEO GENESIS 1ST ED #11 MEGANIUM-HOLO PSA 8 #11,https://www.ebay.es/itm/298080173101,PriceCharting
Neo Genesis,Meganium,11/111,1st Edition,PSA 8,2026-02-15,155.00,USD,eBay,best offer,TRUE,,,Meganium 11/111 Holo Rare Pokemon Neo Genesis 1st Edition PSA 8 (Swirl) 11/111,https://www.ebay.es/itm/306766673273,PriceCharting
Neo Genesis,Meganium,11/111,1st Edition,PSA 8,2026-02-09,151.00,USD,eBay,unknown,FALSE,,,2000 Pokemon Neo Genesis 1st Edition #11 Meganium Holo PSA 8 NM-MT,https://www.ebay.es/itm/366162918343,PriceCharting
Neo Genesis,Meganium,11/111,1st Edition,PSA 9,2026-09-28,571.74,USD,eBay,unknown,FALSE,,,PSA 9 MINT Pokemon Meganium Neo Genesis 1st Edition Holo 11/111,https://www.ebay.es/itm/198613802547,PriceCharting
Neo Genesis,Meganium,11/111,1st Edition,PSA 9,2026-08-31,467.77,USD,eBay,unknown,FALSE,,,2000 Pokémon Neo Genesis 1st Edition Holo #11 Meganium Mint PSA 9,https://www.ebay.es/itm/336756327398,PriceCharting
Neo Genesis,Meganium,11/111,1st Edition,PSA 9,2026-08-16,455.00,USD,eBay,unknown,FALSE,,,Pokemon Meganium Holo Neo Genesis 1st Edition 11/111 PSA 9 Mint 11/111,https://www.ebay.es/itm/287511104798,PriceCharting
Neo Genesis,Meganium,11/111,1st Edition,PSA 9,2026-08-10,485.00,USD,eBay,unknown,FALSE,,,MEGANIUM PSA 9 2000 POKEMON NEO GENESIS 1ST EDITION #11/111 HOLO 5356 11/111,https://www.ebay.es/itm/188718034549,PriceCharting
Neo Genesis,Meganium,11/111,1st Edition,PSA 9,2026-08-09,600.00,USD,eBay,unknown,FALSE,,,2000 POKEMON NEO GENESIS 1ST EDITION #11 MEGANIUM-HOLO PSA 9 #11,https://www.ebay.es/itm/307027407817,PriceCharting
Neo Genesis,Meganium,11/111,1st Edition,PSA 9,2026-08-05,431.00,USD,eBay,unknown,FALSE,,,2000 Pokemon Neo Genesis 1st Edition Meganium Holo #11/111 PSA 9,https://www.ebay.es/itm/377382666045,PriceCharting
Neo Genesis,Meganium,11/111,1st Edition,PSA 9,2026-07-16,545.00,USD,eBay,best offer,TRUE,,,2000 MEGANIUM NEO GENESIS HOLO 1ST EDITION #11 PSA 9 MINT POKEMON 11/111,https://www.ebay.es/itm/318538814177,PriceCharting
Neo Genesis,Meganium,11/111,1st Edition,PSA 9,2026-07-12,540.00,USD,eBay,best offer,TRUE,,,2000 POKEMON NEO GENESIS 1ST EDITION #11 MEGANIUM-HOLO | PSA 9 #11,https://www.ebay.es/itm/198468264185,PriceCharting
Neo Genesis,Meganium,11/111,1st Edition,PSA 9,2026-07-09,391.00,USD,eBay,unknown,FALSE,,,Pokemon Neo Genesis Meganium 11/111 Holo Rare First Edition PSA 9 11/111,https://www.ebay.es/itm/358736517930,PriceCharting
Neo Genesis,Meganium,11/111,1st Edition,PSA 9,2026-07-07,500.00,USD,eBay,unknown,FALSE,,,2000 POKEMON NEO GENESIS #11 MEGANIUM HOLO PSA 9 1ST EDITION #11,https://www.ebay.es/itm/307048207414,PriceCharting
Neo Genesis,Meganium,11/111,1st Edition,PSA 9,2026-07-04,600.00,USD,eBay,unknown,FALSE,,,2000 POKEMON NEO GENESIS 1ST EDITION #11 MEGANIUM-HOLO PSA 9 #11,https://www.ebay.es/itm/306957957115,PriceCharting
Neo Genesis,Meganium,11/111,1st Edition,PSA 9,2026-06-29,456.00,USD,eBay,unknown,FALSE,,,Pokemon Neo Genesis Meganium 11/111 Holo Rare First Edition PSA 9 11/111,https://www.ebay.es/itm/358699915373,PriceCharting
Neo Genesis,Meganium,11/111,1st Edition,PSA 9,2026-06-28,899.86,USD,eBay,unknown,FALSE,,,POKÉMON MEGANIUM 2000 NEO GENESIS 1ST EDITION #11 HOLO PSA 9 #11,https://www.ebay.es/itm/127939788846,PriceCharting
Neo Genesis,Meganium,11/111,1st Edition,PSA 9,2026-06-08,406.00,USD,eBay,unknown,FALSE,,,2000 Pokemon Neo Genesis 1st Edition Meganium Holo #11/111 PSA 9,https://www.ebay.es/itm/127890384489,PriceCharting
Neo Genesis,Meganium,11/111,1st Edition,PSA 9,2026-05-31,342.03,USD,eBay,unknown,FALSE,,,2000 Pokemon Neo Genesis Meganium Holo Psa 9 1st Edition 11/111,https://www.ebay.es/itm/267677267542,PriceCharting
Neo Genesis,Meganium,11/111,1st Edition,PSA 9,2026-05-14,430.00,USD,eBay,best offer,TRUE,,,2000 POKEMON NEO GENESIS 1ST EDITION #11 MEGANIUM-HOLO PSA 9 #11,https://www.ebay.es/itm/298316349845,PriceCharting
Neo Genesis,Meganium,11/111,1st Edition,PSA 9,2026-05-12,420.00,USD,eBay,unknown,FALSE,,,Nintendo 2000 Pokemon Neo Genesis 1st Ed Holo Meganium 11/111 PSA 9 11/111,https://www.ebay.es/itm/389997135055,PriceCharting
Neo Genesis,Meganium,11/111,1st Edition,PSA 9,2026-04-28,460.00,USD,eBay,unknown,FALSE,,,2000 Pokemon Neo Genesis 1st Edition Meganium Holo #11/111 PSA 9,https://www.ebay.es/itm/127824478649,PriceCharting
Neo Genesis,Meganium,11/111,1st Edition,PSA 10,2026-09-05,5999.00,USD,eBay,unknown,FALSE,,,2000 POKEMON NEO GENESIS 1ST EDITION #11 MEGANIUM-HOLO PSA 10 #11,https://www.ebay.es/itm/307142748587,PriceCharting
Neo Genesis,Meganium,11/111,1st Edition,PSA 10,2026-08-02,6000.00,USD,eBay,unknown,FALSE,,,2000 POKEMON NEO GENESIS 1ST EDITION #11 MEGANIUM-HOLO PSA 10 #11,https://www.ebay.es/itm/117336016724,PriceCharting
Neo Genesis,Meganium,11/111,1st Edition,PSA 10,2026-07-14,3400.00,USD,eBay,unknown,FALSE,,,Pokemon Neo Genesis 1st Ed Holo Meganium #11 PSA 10 11/111,https://www.ebay.es/itm/800303444789,PriceCharting
Neo Genesis,Meganium,11/111,1st Edition,PSA 10,2026-07-03,4200.00,USD,eBay,best offer,TRUE,,,Pokemon Meganium Neo Genesis 1st Edition Holo Rare #11 PSA 10 Gem Mint - Pop 93 #11,https://www.ebay.es/itm/206268780773,PriceCharting
Neo Genesis,Meganium,11/111,1st Edition,PSA 10,2026-06-23,4100.01,USD,eBay,unknown,FALSE,,,2000 POKEMON NEO GENESIS 1ST EDITION #11 MEGANIUM-HOLO PSA 10 #11,https://www.ebay.es/itm/298414180081,PriceCharting
Neo Genesis,Meganium,11/111,1st Edition,PSA 10,2026-03-09,7400.00,USD,eBay,unknown,FALSE,,,Pokemon Meganium Neo Genesis 1st Edition Holo Rare #11 PSA 10 Gem Mint,https://www.ebay.es/itm/287168686923,PriceCharting
Neo Genesis,Meganium,11/111,1st Edition,PSA 10,2026-02-26,4461.00,USD,eBay,unknown,FALSE,,,POKÉMON MEGANIUM 2000 NEO GENESIS 1ST EDITION #11 HOLO PSA 10 #11,https://www.ebay.es/itm/389641350718,PriceCharting
Neo Genesis,Meganium,11/111,1st Edition,PSA 10,2026-02-21,3369.93,USD,eBay,unknown,FALSE,,,Pokemon Neo Genesis 1st Edition - Meganium Holo 11/111 - PSA 10 GEM MINT,https://www.ebay.es/itm/133643615601,PriceCharting
Neo Genesis,Meganium,11/111,1st Edition,PSA 10,2026-02-18,4200.00,USD,eBay,unknown,FALSE,,,2000 POKEMON NEO GENESIS 1ST ED #11 MEGANIUM-HOLO PSA 10 #11,https://www.ebay.es/itm/298042935772,PriceCharting
Neo Genesis,Meganium,11/111,1st Edition,PSA 10,2026-02-18,4000.00,USD,eBay,unknown,FALSE,,,Pokemon Meganium Neo Genesis 1st Edition Holo Rare #11 PSA 10 Gem Mint,https://www.ebay.es/itm/287148715000,PriceCharting
Neo Genesis,Meganium,11/111,1st Edition,PSA 10,2026-02-16,5100.00,USD,eBay,unknown,FALSE,,,POKÉMON MEGANIUM 2000 NEO GENESIS 1ST EDITION #11 HOLO PSA 10 #11,https://www.ebay.es/itm/389583096778,PriceCharting
Neo Genesis,Meganium,11/111,1st Edition,PSA 10,2026-02-13,2500.00,USD,eBay,unknown,FALSE,,,2000 POKEMON NEO GENESIS 1ST ED #11 MEGANIUM-HOLO PSA 10 #11,https://www.ebay.es/itm/306768984243,PriceCharting
Neo Genesis,Meganium,11/111,1st Edition,PSA 10,2026-01-25,3161.00,USD,eBay,unknown,FALSE,,,Pokemon Meganium Neo Genesis 1st Edition Holo Rare #11 PSA 10 Gem Mint,https://www.ebay.es/itm/287077597557,PriceCharting
Neo Genesis,Meganium,11/111,1st Edition,PSA 10,2026-01-19,2096.28,USD,eBay,best offer,TRUE,,,Meganium 11/111 Holo 1st Edition PSA 10 English Neo Genesis Pokemon w/ Swirl,https://www.ebay.es/itm/366118151748,PriceCharting
Neo Genesis,Meganium,11/111,1st Edition,PSA 10,2025-11-21,1988.81,USD,eBay,best offer,TRUE,,,2000 POKEMON NEO GENESIS 1ST ED #11 MEGANIUM-HOLO PSA 10 #11,https://www.ebay.es/itm/257218894662,PriceCharting
Neo Genesis,Meganium,11/111,1st Edition,PSA 10,2025-10-21,1700.00,USD,eBay,best offer,TRUE,,,Pokemon PSA 10 GEM MINT 1st Ed. Neo Genesis Holo Meganium 11/111 (JC) 11/111,https://www.ebay.es/itm/326702295002,PriceCharting
Neo Genesis,Meganium,11/111,1st Edition,PSA 10,2025-09-20,1750.00,USD,eBay,unknown,FALSE,,,2000 POKEMON NEO GENESIS 1ST ED #11 MEGANIUM-HOLO PSA 10 #11,https://www.ebay.es/itm/297529349393,PriceCharting
Neo Genesis,Meganium,11/111,1st Edition,PSA 10,2025-08-21,1325.00,USD,eBay,unknown,FALSE,,,2000 POKÉMON NEO GENESIS MEGANIUM-HOLO 1ST EDITION #11 PSA 10 #11,https://www.ebay.es/itm/376496277147,PriceCharting
Neo Genesis,Meganium,11/111,1st Edition,PSA 10,2025-07-14,1500.00,USD,eBay,unknown,FALSE,,,Pokemon Meganium Neo Genesis 1st Edition Holo Rare #11 PSA 10 Gem Mint #11,https://www.ebay.es/itm/306254771819,PriceCharting
Neo Genesis,Meganium,11/111,1st Edition,PSA 10,2025-06-04,1236.00,USD,eBay,unknown,FALSE,,,2000 Pokemon Neo Genesis 1st Edition #11 Meganium Holo PSA 10 GEM MINT,https://www.ebay.es/itm/376284715583,PriceCharting
Neo Genesis,Meganium,11/111,1st Edition,PSA 10,2025-04-28,1425.00,USD,eBay,unknown,FALSE,,,Pokemon Meganium Neo Genesis 1st Edition Holo Rare #11 PSA 10 Gem Mint,https://www.ebay.es/itm/286502551761,PriceCharting
Neo Genesis,Meganium,11/111,1st Edition,PSA 10,2025-04-07,1569.00,USD,eBay,unknown,FALSE,,,Pokemon Meganium Neo Genesis 1st Edition Holo Rare #11 PSA 10 Gem Mint,https://www.ebay.es/itm/286444741558,PriceCharting
Neo Genesis,Meganium,11/111,1st Edition,PSA 10,2025-03-25,3125.00,USD,eBay,unknown,FALSE,,,2000 Pokemon Neo Genesis Meganium #11/111 1ST Edition PSA 10 11/111,https://www.ebay.es/itm/256823631377,PriceCharting
Neo Genesis,Meganium,11/111,1st Edition,PSA 10,2025-02-17,975.00,USD,eBay,unknown,FALSE,,,Pokemon Meganium Neo Genesis 1st Edition Holo Rare #11 PSA 10 Gem Mint,https://www.ebay.es/itm/286306449641,PriceCharting
Neo Genesis,Meganium,11/111,1st Edition,PSA 10,2025-01-13,800.00,USD,eBay,unknown,FALSE,,,2000 POKEMON NEO GENESIS 1ST EDITION MEGANIUM #11 -HOLO PSA 10 GEM MINT #11,https://www.ebay.es/itm/267113469855,PriceCharting
Neo Genesis,Meganium,11/111,1st Edition,PSA 10,2025-01-08,1000.00,USD,eBay,unknown,FALSE,,,Pokemon Meganium Neo Genesis 1st Edition Holo Rare #11 PSA 10 Gem Mint,https://www.ebay.es/itm/286167109882,PriceCharting
Neo Genesis,Meganium,11/111,1st Edition,PSA 10,2024-10-26,750.00,USD,eBay,unknown,FALSE,,,Pokemon Meganium Neo Genesis 1st Edition Holo Rare #11 PSA 10 Gem Mint,https://www.ebay.es/itm/286104303713,PriceCharting
Neo Genesis,Meganium,11/111,1st Edition,PSA 10,2024-10-01,950.00,USD,eBay,unknown,FALSE,,,2000 POKEMON NEO GENESIS 1ST EDITION HOLO MEGANIUM #11 PSA 10 GEM MINT #11,https://www.ebay.es/itm/374358972523,PriceCharting
Neo Genesis,Meganium,11/111,1st Edition,PSA 10,2024-06-28,679.00,USD,eBay,unknown,FALSE,,,2000 POKEMON NEO GENESIS 1ST EDITION HOLO MEGANIUM #11 PSA 10 GEM MINT #11,https://www.ebay.es/itm/405054595689,PriceCharting
Neo Genesis,Meganium,11/111,1st Edition,PSA 10,2024-05-19,999.95,USD,eBay,unknown,FALSE,,,2000 Neo Genesis 11 Meganium 1st Edition Holo Rare Pokemon TCG Card PSA 10 #11,https://www.ebay.es/itm/235108710470,PriceCharting
Neo Genesis,Meganium,11/111,Unlimited,PSA 8,2026-09-03,122.99,USD,eBay,unknown,FALSE,,,2000 POKEMON NEO GENESIS #11 MEGANIUM-HOLO PSA 8 #11,https://www.ebay.es/itm/298636962734,PriceCharting
Neo Genesis,Meganium,11/111,Unlimited,PSA 8,2026-08-03,102.50,USD,eBay,unknown,FALSE,,,Pokemon Meganium Holo Neo Genesis 11/111 PSA 8 11/111,https://www.ebay.es/itm/287481267895,PriceCharting
Neo Genesis,Meganium,11/111,Unlimited,PSA 8,2026-07-26,149.00,USD,eBay,unknown,FALSE,,,Pokemon 2000 Meganium 11 Holo Neo Genesis PSA 8 #11,https://www.ebay.es/itm/407060729246,PriceCharting
Neo Genesis,Meganium,11/111,Unlimited,PSA 8,2026-07-18,86.00,USD,eBay,unknown,FALSE,,,2000 Pokemon Neo Genesis Meganium - Holo #11 PSA 8 #11,https://www.ebay.es/itm/358782037890,PriceCharting
Neo Genesis,Meganium,11/111,Unlimited,PSA 8,2026-07-09,160.00,USD,eBay,unknown,FALSE,,,2000 POKEMON NEO GENESIS MEGANIUM HOLO #11 PSA 8 NM-MT #11,https://www.ebay.es/itm/377330036979,PriceCharting
Neo Genesis,Meganium,11/111,Unlimited,PSA 8,2026-06-08,135.00,USD,eBay,best offer,TRUE,,,PSA 8 - Pokemon Neo Genesis Meganium #11 #11,https://www.ebay.es/itm/178176420678,PriceCharting
Neo Genesis,Meganium,11/111,Unlimited,PSA 8,2026-06-03,110.00,USD,eBay,best offer,TRUE,,,2000 POKEMON NEO GENESIS #11 MEGANIUM-HOLO PSA 8 with SWIRL #11,https://www.ebay.es/itm/168426662025,PriceCharting
Neo Genesis,Meganium,11/111,Unlimited,PSA 8,2026-05-20,144.00,USD,eBay,unknown,FALSE,,,2000 POKEMON NEO GENESIS #11 MEGANIUM-HOLO PSA 8 #11,https://www.ebay.es/itm/306932701269,PriceCharting
Neo Genesis,Meganium,11/111,Unlimited,PSA 8,2026-05-11,115.00,USD,eBay,unknown,FALSE,,,2000 POKEMON NEO GENESIS #11 MEGANIUM-HOLO PSA 8 #11,https://www.ebay.es/itm/318282789828,PriceCharting
Neo Genesis,Meganium,11/111,Unlimited,PSA 8,2026-05-04,85.00,USD,eBay,unknown,FALSE,,,Pokémon TCG Meganium Neo Genesis 11/111 Holo Rare Unlimited PSA 8 English Card 11/111,https://www.ebay.es/itm/127831519553,PriceCharting
Neo Genesis,Meganium,11/111,Unlimited,PSA 8,2026-04-22,120.00,USD,eBay,unknown,FALSE,,,2000 POKEMON NEO GENESIS #11 MEGANIUM-HOLO PSA 8 #11,https://www.ebay.es/itm/168314529570,PriceCharting
Neo Genesis,Meganium,11/111,Unlimited,PSA 8,2026-04-13,91.00,USD,eBay,unknown,FALSE,,,2000 POKEMON NEO GENESIS #11 MEGANIUM-HOLO PSA 8 #11,https://www.ebay.es/itm/117120837279,PriceCharting
Neo Genesis,Meganium,11/111,Unlimited,PSA 8,2026-03-20,105.00,USD,eBay,unknown,FALSE,,,Pokemon TCG Meganium Neo Genesis 11/111 Unlimited Holo Rare - PSA 8 *SWIRL* 11/111,https://www.ebay.es/itm/168239390609,PriceCharting
Neo Genesis,Meganium,11/111,Unlimited,PSA 8,2026-03-18,79.00,USD,eBay,unknown,FALSE,,,2000 Pokemon Neo Genesis Meganium Holo 10 PSA 8 11/111,https://www.ebay.es/itm/147196526710,PriceCharting
Neo Genesis,Meganium,11/111,Unlimited,PSA 8,2026-03-11,239.50,USD,eBay,unknown,FALSE,,,Pokémon TCG Meganium Neo Genesis Holo Card 11/111 PSA 8 11/111,https://www.ebay.es/itm/168219701703,PriceCharting
Neo Genesis,Meganium,11/111,Unlimited,PSA 8,2026-03-10,72.00,USD,eBay,unknown,FALSE,,,2000 Pokemon Meganium 11/111 Neo Genesis Rare Holo PSA 8 NM-MINT SWIRL 11/111,https://www.ebay.es/itm/267587192917,PriceCharting
Neo Genesis,Meganium,11/111,Unlimited,PSA 8,2026-03-02,80.00,USD,eBay,unknown,FALSE,,,2000 POKEMON NEO GENESIS #11 MEGANIUM-HOLO PSA 8 #11,https://www.ebay.es/itm/117058608055,PriceCharting
Neo Genesis,Meganium,11/111,Unlimited,PSA 8,2026-03-02,76.76,USD,eBay,unknown,FALSE,,,Meganium Holo 2000 Pokemon Neo Genesis #11 PSA 8 NM-MT Vintage,https://www.ebay.es/itm/157695458214,PriceCharting
Neo Genesis,Meganium,11/111,Unlimited,PSA 8,2026-02-21,79.90,USD,eBay,unknown,FALSE,,,2000 POKEMON NEO GENESIS #11 MEGANIUM-HOLO PSA 8 #11,https://www.ebay.es/itm/298023768115,PriceCharting
Neo Genesis,Meganium,11/111,Unlimited,PSA 8,2026-02-07,109.95,USD,eBay,unknown,FALSE,,,PSA 8 NM-MT Meganium Neo Genesis Holo Rare Pokemon Card 11/111,https://www.ebay.es/itm/257163064251,PriceCharting
Neo Genesis,Meganium,11/111,Unlimited,PSA 9,2026-09-07,140.00,USD,eBay,best offer,TRUE,,,Pokemon Neo Genesis Meganium #11 PSA 9 SWIRL 11/111,https://www.ebay.es/itm/278340338774,PriceCharting
Neo Genesis,Meganium,11/111,Unlimited,PSA 9,2026-09-05,180.00,USD,eBay,unknown,FALSE,,,Pokemon Neo Genesis Meganium #11 PSA 9 11/111,https://www.ebay.es/itm/147513999280,PriceCharting
Neo Genesis,Meganium,11/111,Unlimited,PSA 9,2026-08-02,157.50,USD,eBay,unknown,FALSE,,,Pokémon Neo Genesis Meganium Holo Foil 11/111 Graded PSA 9,https://www.ebay.es/itm/158113626459,PriceCharting
Neo Genesis,Meganium,11/111,Unlimited,PSA 9,2026-07-17,140.50,USD,eBay,unknown,FALSE,,,2000 Pokemon Neo Genesis #11 Meganium Holo PSA 9 MINT,https://www.ebay.es/itm/800316603790,PriceCharting
Neo Genesis,Meganium,11/111,Unlimited,PSA 9,2026-06-15,182.00,USD,eBay,unknown,FALSE,,,2000 POKEMON NEO GENESIS #11 MEGANIUM-HOLO PSA 9 #11,https://www.ebay.es/itm/298385824480,PriceCharting
Neo Genesis,Meganium,11/111,Unlimited,PSA 9,2026-04-28,200.00,USD,eBay,unknown,FALSE,,,2000 POKEMON NEO GENESIS #11 MEGANIUM-HOLO PSA 9 #11,https://www.ebay.es/itm/188170562180,PriceCharting
Neo Genesis,Meganium,11/111,Unlimited,PSA 9,2026-04-13,128.15,USD,eBay,unknown,FALSE,,,2000 Pokemon Neo Genesis Holo Meganium #11 PSA 9 Mint #11,https://www.ebay.es/itm/287249785880,PriceCharting
Neo Genesis,Meganium,11/111,Unlimited,PSA 9,2026-04-07,189.19,USD,eBay,unknown,FALSE,,,2000 Pokemon Neo Genesis #11 Meganium Holo PSA 9 MINT,https://www.ebay.es/itm/377067659257,PriceCharting
Neo Genesis,Meganium,11/111,Unlimited,PSA 9,2026-03-28,115.50,USD,eBay,unknown,FALSE,,,Nintendo 2000 Pokémon Neo Genesis Meganium 11/111 Holo Rare PSA 9 Unlimited 11/111,https://www.ebay.es/itm/397732549138,PriceCharting
Neo Genesis,Meganium,11/111,Unlimited,PSA 9,2026-03-28,182.50,USD,eBay,unknown,FALSE,,,2000 POKEMON NEO GENESIS #11 MEGANIUM-HOLO PSA 9 #11,https://www.ebay.es/itm/117096177656,PriceCharting
Neo Genesis,Meganium,11/111,Unlimited,PSA 9,2026-03-19,190.00,USD,eBay,unknown,FALSE,,,2000 Pokemon Neo Genesis Holo #11 Meganium Mint PSA 9 11/111,https://www.ebay.es/itm/336472924912,PriceCharting
Neo Genesis,Meganium,11/111,Unlimited,PSA 9,2026-03-18,154.99,USD,eBay,unknown,FALSE,,,Meganium 11 Pokemon Neo Genesis Unlimited Holo Rare PSA 9 Mint 11/111,https://www.ebay.es/itm/306828048141,PriceCharting
Neo Genesis,Meganium,11/111,Unlimited,PSA 9,2026-03-09,145.00,USD,eBay,unknown,FALSE,,,Pokemon Meganium Neo Genesis Unlimited Holo Rare #11 PSA 9 Mint,https://www.ebay.es/itm/287184596597,PriceCharting
Neo Genesis,Meganium,11/111,Unlimited,PSA 9,2026-01-14,123.50,USD,eBay,unknown,FALSE,,,2000 Pokemon Neo Genesis #11 Meganium Holo PSA 9 MINT,https://www.ebay.es/itm/376841907309,PriceCharting
Neo Genesis,Meganium,11/111,Unlimited,PSA 9,2026-01-06,140.00,USD,eBay,unknown,FALSE,,,2000 Pokemon Neo Genesis #11/111 Meganium Holo Rare WoTC Vintage - Mint PSA 9 #11,https://www.ebay.es/itm/326941747647,PriceCharting
Neo Genesis,Meganium,11/111,Unlimited,PSA 9,2026-01-05,142.50,USD,eBay,unknown,FALSE,,,2000 Pokemon Neo Genesis #11/111 Meganium Holo Rare WoTC Vintage - Mint PSA 9 #11,https://www.ebay.es/itm/227150936819,PriceCharting
Neo Genesis,Meganium,11/111,Unlimited,PSA 9,2025-12-09,110.00,USD,eBay,unknown,FALSE,,,Meganium Holo PSA 9 2000 Pokemon Neo Genesis #11 #11,https://www.ebay.es/itm/136803336077,PriceCharting
Neo Genesis,Meganium,11/111,Unlimited,PSA 10,2026-05-03,2550.00,USD,eBay,unknown,FALSE,,,Pokemon Meganium Neo Genesis Unlimited Holo Rare #11 PSA 10 Gem Mint,https://www.ebay.es/itm/287292232684,PriceCharting
Neo Genesis,Meganium,11/111,Unlimited,PSA 10,2026-03-03,3200.00,USD,eBay,best offer,TRUE,,,2000 POKEMON NEO GENESIS #11 MEGANIUM-HOLO PSA 10 #11,https://www.ebay.es/itm/306800506065,PriceCharting
Neo Genesis,Meganium,11/111,Unlimited,PSA 10,2025-12-19,2013.68,USD,eBay,unknown,FALSE,,,PSA 10 Meganium 11/111 Unlimited Neo Genesis Pokemon Card GEM MINT Holo,https://www.ebay.es/itm/156181124227,PriceCharting
Neo Genesis,Meganium,11/111,Unlimited,PSA 10,2025-11-08,2187.83,USD,eBay,unknown,FALSE,,,Meganium 11/111 Holo Pokemon Neo Genesis 2000 PSA10 (Swirl)🌀,https://www.ebay.es/itm/397215417952,PriceCharting
Neo Genesis,Meganium,11/111,Unlimited,PSA 10,2025-08-11,787.77,USD,eBay,unknown,FALSE,,,Pokemon Meganium Neo Genesis Unlimited Holo Rare #11 PSA 10 Gem Mint,https://www.ebay.es/itm/286739114763,PriceCharting
Neo Genesis,Meganium,11/111,Unlimited,PSA 10,2025-06-03,1299.00,USD,eBay,unknown,FALSE,,,PSA 10 GEM MINT Meganium Holo Pokémon Neo Genesis 1.Edition 11/111 English 11/111,https://www.ebay.es/itm/286316327795,PriceCharting
Neo Genesis,Meganium,11/111,Unlimited,PSA 10,2025-03-17,849.99,USD,eBay,unknown,FALSE,,,PSA 10 Meganium 11/111 Unlimited Neo Genesis Pokemon Card GEM MINT Holo POP 25 11/111,https://www.ebay.es/itm/176769930629,PriceCharting
Neo Genesis,Meganium,11/111,Unlimited,PSA 10,2024-06-11,499.99,USD,eBay,unknown,FALSE,,,2000 Pokemon PSA 10 Meganium Holo Unlimited - 11/111 Neo Genesis GEM MINT 11/111,https://www.ebay.es/itm/335431646631,PriceCharting
Neo Genesis,Pichu,12/111,1st Edition,PSA 8,2026-09-26,700.00,USD,eBay,unknown,FALSE,,,2000 POKEMON NEO GENESIS 1ST EDITION #12 PICHU-HOLO PSA 8 #12,https://www.ebay.es/itm/298701298240,PriceCharting
Neo Genesis,Pichu,12/111,1st Edition,PSA 8,2026-09-26,685.00,USD,eBay,best offer,TRUE,,,2000 Pichu 12/111 Neo Genesis Holo​ Pokemon PSA 8 1st Edition Pichu 12/111,https://www.ebay.es/itm/800361183226,PriceCharting
Neo Genesis,Pichu,12/111,1st Edition,PSA 8,2026-09-18,711.00,USD,eBay,unknown,FALSE,,,Pokémon TCG Pichu 12/111 Neo Genesis Holo Rare 1st Edition English 2000 PSA 8 12/111,https://www.ebay.es/itm/358847263336,PriceCharting
Neo Genesis,Pichu,12/111,1st Edition,PSA 8,2026-09-16,725.00,USD,eBay,unknown,FALSE,,,2000 POKEMON NEO GENESIS 1ST EDITION #12 PICHU-HOLO PSA 8 #12,https://www.ebay.es/itm/307142993067,PriceCharting
Neo Genesis,Pichu,12/111,1st Edition,PSA 8,2026-09-12,981.68,USD,eBay,unknown,FALSE,,,2000 POKEMON NEO GENESIS 1ST EDITION #12 PICHU-HOLO 1ST EDITION PSA 8 #12,https://www.ebay.es/itm/307158156898,PriceCharting
Neo Genesis,Pichu,12/111,1st Edition,PSA 8,2026-09-06,561.00,USD,eBay,unknown,FALSE,,,2000 POKEMON NEO GENESIS 1ST EDITION #12 PICHU-HOLO PSA 8 #12,https://www.ebay.es/itm/298620894927,PriceCharting
Neo Genesis,Pichu,12/111,1st Edition,PSA 8,2026-09-05,686.40,USD,eBay,unknown,FALSE,,,Pichu - Pokemon Neo Genesis #12 PSA 8 english #12,https://www.ebay.es/itm/366634605034,PriceCharting
Neo Genesis,Pichu,12/111,1st Edition,PSA 8,2026-09-03,649.99,USD,eBay,unknown,FALSE,,,Pokemon Pichu 12/111 Neo Genesis 1st Edition Holo PSA 8 English 2000 12/111,https://www.ebay.es/itm/336773633686,PriceCharting
Neo Genesis,Pichu,12/111,1st Edition,PSA 8,2026-09-03,618.88,USD,eBay,unknown,FALSE,,,Pokemon 2000 Pichu 12/111 Holo Rare Neo Genesis 1st Edition PSA 8 12/111,https://www.ebay.es/itm/407170210952,PriceCharting
Neo Genesis,Pichu,12/111,1st Edition,PSA 8,2026-08-31,575.00,USD,eBay,unknown,FALSE,,,PICHU 2000 POKEMON NEO GENESIS #12 HOLO 1ST EDITION RARE PSA 8 NM-MT,https://www.ebay.es/itm/298610645581,PriceCharting
Neo Genesis,Pichu,12/111,1st Edition,PSA 8,2026-08-26,660.00,USD,eBay,unknown,FALSE,,,2000 Pokemon Neo Genesis 1st Edition #12 Pichu Holo PSA 8 NM-MT,https://www.ebay.es/itm/377429739527,PriceCharting
Neo Genesis,Pichu,12/111,1st Edition,PSA 8,2026-08-24,510.00,USD,eBay,unknown,FALSE,,,2000 POKEMON NEO GENESIS 1ST EDITION #12 PICHU-HOLO PSA 8 #12,https://www.ebay.es/itm/117351083589,PriceCharting
Neo Genesis,Pichu,12/111,1st Edition,PSA 8,2026-08-20,560.00,USD,eBay,unknown,FALSE,,,2000 POKEMON NEO GENESIS 1ST EDITION #12 PICHU-HOLO PSA 8 #12,https://www.ebay.es/itm/307116343641,PriceCharting
Neo Genesis,Pichu,12/111,1st Edition,PSA 8,2026-08-09,660.00,USD,eBay,unknown,FALSE,,,Pokemon Pichu Holo Neo Genesis 1st Edition 12/111 PSA 8 12/111,https://www.ebay.es/itm/287495389171,PriceCharting
Neo Genesis,Pichu,12/111,1st Edition,PSA 8,2026-08-05,562.00,USD,eBay,unknown,FALSE,,,2000 Pokemon Neo Genesis 1st Edition Pichu Holo #12/111 PSA 8,https://www.ebay.es/itm/377382671744,PriceCharting
Neo Genesis,Pichu,12/111,1st Edition,PSA 8,2026-08-02,690.00,USD,eBay,unknown,FALSE,,,Pokémon TCG Pichu Holo 1st Edition Neo Genesis 12/111 BIG SWIRL - PSA 8 12/111,https://www.ebay.es/itm/278226368102,PriceCharting
Neo Genesis,Pichu,12/111,1st Edition,PSA 8,2026-07-24,700.00,USD,eBay,best offer,TRUE,,,Pokemon TCG Neo Genesis Pichu 12/111 Holo Rare 1st Edition PSA 8 2000 12/111,https://www.ebay.es/itm/358830118639,PriceCharting
Neo Genesis,Pichu,12/111,1st Edition,PSA 8,2026-07-17,750.00,USD,eBay,unknown,FALSE,,,2000 Pokemon Pichu Neo Genesis 1st Edition Holo Rare #12 PSA 8 #12,https://www.ebay.es/itm/327140348515,PriceCharting
Neo Genesis,Pichu,12/111,1st Edition,PSA 8,2026-07-17,500.00,USD,eBay,best offer,TRUE,,,1st Edition Pichu 12/111 Holo Rare 2000 Pokemon Neo Genesis - PSA 8 12/111,https://www.ebay.es/itm/800324667120,PriceCharting
Neo Genesis,Pichu,12/111,1st Edition,PSA 8,2026-07-16,650.00,USD,eBay,unknown,FALSE,,,2000 POKEMON NEO GENESIS 1ST EDITION #12 PICHU-HOLO PSA 8 #12,https://www.ebay.es/itm/117297744686,PriceCharting
Neo Genesis,Pichu,12/111,1st Edition,PSA 8,2026-07-12,738.56,USD,eBay,unknown,FALSE,,,2000 POKEMON NEO GENESIS 1ST EDITION #12 PICHU-HOLO PSA 8 12/111,https://www.ebay.es/itm/168516058011,PriceCharting
Neo Genesis,Pichu,12/111,1st Edition,PSA 8,2026-07-12,630.00,USD,eBay,unknown,FALSE,,,PSA 8 Pokemon Neo Genesis 1st Edition Pichu 12/111 Holo PSA 8 *SWIRL* 12/111,https://www.ebay.es/itm/358722699248,PriceCharting
Neo Genesis,Pichu,12/111,1st Edition,PSA 9,2026-09-27,2750.00,USD,eBay,best offer,TRUE,,,2000 POKEMON NEO GENESIS 1ST EDITION #12 PICHU-HOLO PSA 9 #12,https://www.ebay.es/itm/306932207250,PriceCharting
Neo Genesis,Pichu,12/111,1st Edition,PSA 9,2026-09-25,1968.74,USD,eBay,unknown,FALSE,,,Pichu Holo 1st Edition - PSA 9 - Neo Genesis 12/111 - 1st Edition - Pokemon,https://www.ebay.es/itm/168431337493,PriceCharting
Neo Genesis,Pichu,12/111,1st Edition,PSA 9,2026-09-18,2099.99,USD,eBay,unknown,FALSE,,,2000 Pokemon Neo Genesis 1st Edition #12 Pichu-Holo 1st Edition PSA 9 MINT #12,https://www.ebay.es/itm/178454006743,PriceCharting
Neo Genesis,Pichu,12/111,1st Edition,PSA 9,2026-09-14,2099.99,USD,eBay,unknown,FALSE,,,2000 POKEMON NEO GENESIS 1ST EDITION #12 PICHU-HOLO PSA 9 #12,https://www.ebay.es/itm/298650049243,PriceCharting
Neo Genesis,Pichu,12/111,1st Edition,PSA 9,2026-09-04,1999.95,USD,eBay,unknown,FALSE,,,2000 PICHU Pokemon Card #12 12/111 Neo Genesis 1st Edition Holo Rare PSA 9 12/111,https://www.ebay.es/itm/398348074375,PriceCharting
Neo Genesis,Pichu,12/111,1st Edition,PSA 9,2026-09-04,2125.95,USD,eBay,unknown,FALSE,,,Pokemon Neo Genesis 1st Edition Pichu 12/111 PSA 9,https://www.ebay.es/itm/377410322270,PriceCharting
Neo Genesis,Pichu,12/111,1st Edition,PSA 9,2026-08-12,1460.00,USD,eBay,unknown,FALSE,,,2000 POKEMON NEO GENESIS 1ST EDITION #12 PICHU-HOLO PSA 9 #12,https://www.ebay.es/itm/307103920956,PriceCharting
Neo Genesis,Pichu,12/111,1st Edition,PSA 9,2026-08-09,1500.00,USD,eBay,unknown,FALSE,,,Pokemon Pichu Holo Neo Genesis 1st Edition 12/111 PSA 9 Mint 12/111,https://www.ebay.es/itm/287495386855,PriceCharting
Neo Genesis,Pichu,12/111,1st Edition,PSA 9,2026-08-06,2023.50,USD,eBay,unknown,FALSE,,,2000 POKEMON NEO GENESIS 1ST EDITION #12 PICHU-HOLO PSA 9 #12,https://www.ebay.es/itm/307092587576,PriceCharting
Neo Genesis,Pichu,12/111,1st Edition,PSA 9,2026-07-24,1258.00,USD,eBay,unknown,FALSE,,,2000 Pokemon Neo Genesis #12 Pichu Holo 1st Edition PSA 9 MINT,https://www.ebay.es/itm/800354754444,PriceCharting
Neo Genesis,Pichu,12/111,1st Edition,PSA 9,2026-07-20,1776.83,USD,eBay,unknown,FALSE,,,PSA 9 Pichu 1st Edition 12/111 - Neo Genesis Holo Rare Pokemon,https://www.ebay.es/itm/366367369759,PriceCharting
Neo Genesis,Pichu,12/111,1st Edition,PSA 9,2026-07-16,1688.00,USD,eBay,unknown,FALSE,,,POKEMON PICHU-HOLO 2000 NEO GENESIS 1ST EDITION #12 PSA 9 *SWIRL* #12,https://www.ebay.es/itm/800311363454,PriceCharting
Neo Genesis,Pichu,12/111,1st Edition,PSA 9,2026-07-02,1591.00,USD,eBay,unknown,FALSE,,,POKEMON PICHU-HOLO 2000 NEO GENESIS 1ST EDITION #12 PSA 9 *SWIRL* #12,https://www.ebay.es/itm/800238134537,PriceCharting
Neo Genesis,Pichu,12/111,1st Edition,PSA 9,2026-06-28,1701.76,USD,eBay,unknown,FALSE,,,Pokemon Pichu Holo Neo Genesis 1st Edition 12/111 PSA 9 12/111,https://www.ebay.es/itm/287401743676,PriceCharting
Neo Genesis,Pichu,12/111,1st Edition,PSA 9,2026-06-23,1800.00,USD,eBay,unknown,FALSE,,,Pokemon Neo Genesis 1st Edition Pichu 12/111 PSA 9 12/111,https://www.ebay.es/itm/336647889739,PriceCharting
Neo Genesis,Pichu,12/111,1st Edition,PSA 9,2026-05-31,1488.25,USD,eBay,unknown,FALSE,,,Pokemon Card - PSA 9 1st Edition Pichu 12/111 - Neo Genesis - MINT - PSA9 12/111,https://www.ebay.es/itm/287331153225,PriceCharting
Neo Genesis,Pichu,12/111,1st Edition,PSA 9,2026-05-29,1668.57,USD,eBay,unknown,FALSE,,,PSA 9 Pichu 1st Edition [Holo] - 12/111 - Neo Genesis - Pokemon - Read Desc.,https://www.ebay.es/itm/287261799551,PriceCharting
Neo Genesis,Pichu,12/111,1st Edition,PSA 9,2026-05-27,1700.00,USD,eBay,best offer,TRUE,,,2000 POKEMON NEO GENESIS 1ST EDITION #12 PICHU-HOLO PSA 9 #12,https://www.ebay.es/itm/306959371408,PriceCharting
Neo Genesis,Pichu,12/111,1st Edition,PSA 9,2026-05-21,1400.00,USD,eBay,best offer,TRUE,,,Pokemon Pichu Neo Genesis 1st Edition Holo Rare #12 PSA 9 Mint 12/111,https://www.ebay.es/itm/287342738650,PriceCharting
Neo Genesis,Pichu,12/111,1st Edition,PSA 9,2026-05-18,1525.00,USD,eBay,unknown,FALSE,,,Pokemon Pichu Neo Genesis 1st Edition Holo Rare #12 PSA 9 Mint 12/111,https://www.ebay.es/itm/358518773973,PriceCharting
Neo Genesis,Pichu,12/111,1st Edition,PSA 10,2025-03-15,9499.00,USD,eBay,unknown,FALSE,,,NEW CERT! 2000 POKEMON NEO GENESIS 1ST ED #12 PICHU-HOLO PSA 10 GEM MINT #12,https://www.ebay.es/itm/356157144028,PriceCharting
Neo Genesis,Pichu,12/111,1st Edition,PSA 10,2025-02-11,12499.99,USD,eBay,unknown,FALSE,,,Pokemon PSA 10 Gem Mint 1st Edition Neo Genesis Holo Pichu 12/111 (JC) 12/111,https://www.ebay.es/itm/325864667862,PriceCharting
Neo Genesis,Pichu,12/111,Unlimited,PSA 8,2026-09-25,225.00,USD,eBay,unknown,FALSE,,,Nintendo Pokemon TCG Neo Genesis Pichu 12/111 Holo Rare PSA 8 (2000) 12/111,https://www.ebay.es/itm/377508454761,PriceCharting
Neo Genesis,Pichu,12/111,Unlimited,PSA 8,2026-09-06,230.00,USD,eBay,unknown,FALSE,,,PSA 8 NM-MT English 2000 Pokemon Neo Genesis PICHU HOLO Unlimited #12/111 12/111,https://www.ebay.es/itm/318513061948,PriceCharting
Neo Genesis,Pichu,12/111,Unlimited,PSA 8,2026-09-02,200.00,USD,eBay,best offer,TRUE,,,2000 POKEMON NEO GENESIS #12 PICHU-HOLO PSA 8 #12,https://www.ebay.es/itm/298637497273,PriceCharting
Neo Genesis,Pichu,12/111,Unlimited,PSA 8,2026-09-02,272.01,USD,eBay,best offer,TRUE,,,Pokemon TCG Neo Genesis - Pichu Holo #12 - PSA 8 Graded - BIG SWIRL !!! 💎 #12,https://www.ebay.es/itm/257548363910,PriceCharting
Neo Genesis,Pichu,12/111,Unlimited,PSA 8,2026-08-31,164.70,USD,eBay,unknown,FALSE,,,Pokemon TCG Pichu 12/111 Neo Genesis Holo - PSA 8 - No Reserve 12/111,https://www.ebay.es/itm/128040956622,PriceCharting
Neo Genesis,Pichu,12/111,Unlimited,PSA 8,2026-08-24,250.00,USD,eBay,best offer,TRUE,,,2000 Pokemon Neo Genesis Pichu 12/111 SWIRL Holo Rare PSA 8 NM-MT,https://www.ebay.es/itm/168605658563,PriceCharting
Neo Genesis,Pichu,12/111,Unlimited,PSA 8,2026-08-10,269.99,USD,eBay,unknown,FALSE,,,2000 Pokemon Neo Genesis Pichu 12/111 SWIRL Holo Rare PSA 8 NM-MT,https://www.ebay.es/itm/168521185569,PriceCharting
Neo Genesis,Pichu,12/111,Unlimited,PSA 8,2026-07-30,198.50,USD,eBay,unknown,FALSE,,,PSA 8 Pichu 12/111 Neo Genesis UNLIMITED HOLO - 2000 VINTAGE POKEMON TCG 12/111,https://www.ebay.es/itm/287478493507,PriceCharting
Neo Genesis,Pichu,12/111,Unlimited,PSA 8,2026-07-29,220.50,USD,eBay,unknown,FALSE,,,2000 POKEMON NEO GENESIS #12 PICHU-HOLO PSA 8 #12,https://www.ebay.es/itm/236955679433,PriceCharting
Neo Genesis,Pichu,12/111,Unlimited,PSA 8,2026-07-27,207.50,USD,eBay,unknown,FALSE,,,2000 POKEMON NEO GENESIS #12 PICHU-HOLO PSA 8 #12,https://www.ebay.es/itm/307061968560,PriceCharting
Neo Genesis,Pichu,12/111,Unlimited,PSA 8,2026-07-24,207.50,USD,eBay,unknown,FALSE,,,2000 POKEMON NEO GENESIS #12 PICHU-HOLO PSA 8 #12,https://www.ebay.es/itm/117295743035,PriceCharting
Neo Genesis,Pichu,12/111,Unlimited,PSA 8,2026-07-22,284.00,USD,eBay,unknown,FALSE,,,2000 POKEMON NEO GENESIS #12 PICHU-HOLO PSA 8 #12,https://www.ebay.es/itm/117300640824,PriceCharting
Neo Genesis,Pichu,12/111,Unlimited,PSA 8,2026-07-22,250.00,USD,eBay,unknown,FALSE,,,SWIRL Pokemon Neo Genesis Pichu 12/111 Holo Rare PSA 8 2000 English Unlimited 12/111,https://www.ebay.es/itm/327134743557,PriceCharting
Neo Genesis,Pichu,12/111,Unlimited,PSA 8,2026-07-15,210.07,USD,eBay,best offer,TRUE,,,2000 Pokemon Neo Genesis Unlimited Holofoil Pichu 12/111 PSA 8,https://www.ebay.es/itm/198402283723,PriceCharting
Neo Genesis,Pichu,12/111,Unlimited,PSA 8,2026-07-15,270.69,USD,eBay,best offer,TRUE,,,2000 POKEMON NEO GENESIS #12 PICHU-HOLO PSA 8 #12,https://www.ebay.es/itm/117285610817,PriceCharting
Neo Genesis,Pichu,12/111,Unlimited,PSA 8,2026-07-13,213.50,USD,eBay,unknown,FALSE,,,Pokemon Pichu Holo Neo Genesis Unlimited 12/111 PSA 8 12/111,https://www.ebay.es/itm/287433882578,PriceCharting
Neo Genesis,Pichu,12/111,Unlimited,PSA 8,2026-06-28,199.00,USD,eBay,unknown,FALSE,,,SWIRL Pokemon Neo Genesis Pichu 12/111 Holo Rare PSA 8 2000 English Unlimited 12/111,https://www.ebay.es/itm/236896155492,PriceCharting
Neo Genesis,Pichu,12/111,Unlimited,PSA 8,2026-06-15,175.00,USD,eBay,unknown,FALSE,,,PSA 8 NM-MT English 2000 Pokemon Neo Genesis PICHU HOLO Unlimited #12/111 12/111,https://www.ebay.es/itm/157997473533,PriceCharting
Neo Genesis,Pichu,12/111,Unlimited,PSA 8,2026-06-15,217.51,USD,eBay,unknown,FALSE,,,2000 POKEMON NEO GENESIS #12 PICHU-HOLO PSA 8 #12,https://www.ebay.es/itm/117232321067,PriceCharting
Neo Genesis,Pichu,12/111,Unlimited,PSA 8,2026-06-04,148.50,USD,eBay,unknown,FALSE,,,89043798 Pichu 2000 Pokemon Neo Genesis #12 Holo PSA 8 12/111,https://www.ebay.es/itm/157946614953,PriceCharting
Neo Genesis,Pichu,12/111,Unlimited,PSA 8,2026-05-28,190.50,USD,eBay,unknown,FALSE,,,2000 POKEMON NEO GENESIS #12 PICHU-HOLO PSA 8 #12,https://www.ebay.es/itm/117202915946,PriceCharting
Neo Genesis,Pichu,12/111,Unlimited,PSA 9,2026-09-13,385.00,USD,eBay,unknown,FALSE,,,Pokemon Pichu Holo Neo Genesis Unlimited 12/111 PSA 9 Mint 12/111,https://www.ebay.es/itm/287565389506,PriceCharting
Neo Genesis,Pichu,12/111,Unlimited,PSA 9,2026-09-06,405.00,USD,eBay,unknown,FALSE,,,2000 POKEMON NEO GENESIS #12 PICHU-HOLO PSA 9 #12,https://www.ebay.es/itm/398347882659,PriceCharting
Neo Genesis,Pichu,12/111,Unlimited,PSA 9,2026-09-06,390.00,USD,eBay,unknown,FALSE,,,2000 Pokemon Neo Genesis Pichu Holo #12/111 PSA 9,https://www.ebay.es/itm/128054018932,PriceCharting
Neo Genesis,Pichu,12/111,Unlimited,PSA 9,2026-08-15,512.00,USD,eBay,best offer,TRUE,,,2000 Pokemon Neo Genesis Pichu-Holo PSA 9 #12,https://www.ebay.es/itm/366595717714,PriceCharting
Neo Genesis,Pichu,12/111,Unlimited,PSA 9,2026-08-08,435.00,USD,eBay,unknown,FALSE,,,Pokemon 2000 Pichu 12/111 Holo Neo Genesis PSA 9 12/111,https://www.ebay.es/itm/407111851584,PriceCharting
Neo Genesis,Pichu,12/111,Unlimited,PSA 9,2026-08-03,525.00,USD,eBay,unknown,FALSE,,,2000 POKEMON NEO GENESIS #12 PICHU-HOLO PSA 9 #12,https://www.ebay.es/itm/307083873263,PriceCharting
Neo Genesis,Pichu,12/111,Unlimited,PSA 9,2026-07-22,430.00,USD,eBay,unknown,FALSE,,,2000 Pokemon Neo Genesis Unlimited #12 Pichu Holo PSA 9 MINT,https://www.ebay.es/itm/366542656377,PriceCharting
Neo Genesis,Pichu,12/111,Unlimited,PSA 9,2026-07-20,511.00,USD,eBay,unknown,FALSE,,,Pokemon Pichu Holo Neo Genesis Unlimited 12/111 PSA 9 Mint 12/111,https://www.ebay.es/itm/287450316747,PriceCharting
Neo Genesis,Pichu,12/111,Unlimited,PSA 9,2026-06-27,600.00,USD,eBay,best offer,TRUE,,,2000 Pichu 12/111 Neo Genesis Holo PSA 9 MINT Pokemon 12/111,https://www.ebay.es/itm/227393940982,PriceCharting
Neo Genesis,Pichu,12/111,Unlimited,PSA 9,2026-06-26,599.57,USD,eBay,unknown,FALSE,,,PSA 9 Pokemon Neo Genesis #12 Pichu Holo Vintage 2000 -NEW CERT! 12/111,https://www.ebay.es/itm/358518063072,PriceCharting
Neo Genesis,Pichu,12/111,Unlimited,PSA 9,2026-06-07,493.00,USD,eBay,unknown,FALSE,,,"Pokemon Neo 1 Genesis 172 Pichu Holo Card 2000 12/111, PSA 9 12/111",https://www.ebay.es/itm/137363298621,PriceCharting
Neo Genesis,Pichu,12/111,Unlimited,PSA 9,2026-05-15,560.00,USD,eBay,unknown,FALSE,,,PSA 9 Pokemon Neo Genesis Unlimited #12 Pichu Holo Mint WOTC Vintage 2000 12/111,https://www.ebay.es/itm/397951273065,PriceCharting
Neo Genesis,Pichu,12/111,Unlimited,PSA 9,2026-05-06,710.00,USD,eBay,best offer,TRUE,,,PSA 9 Pokemon Neo Genesis Unlimited #12 Pichu Holo Mint WOTC Vintage 2000 12/111,https://www.ebay.es/itm/257487946108,PriceCharting
Neo Genesis,Pichu,12/111,Unlimited,PSA 9,2026-04-30,700.00,USD,eBay,best offer,TRUE,,,PSA 9 Pokemon Neo Genesis Unlimited #12 Pichu Holo Mint WOTC Vintage 2000 12/111,https://www.ebay.es/itm/257472280714,PriceCharting
Neo Genesis,Pichu,12/111,Unlimited,PSA 9,2026-04-26,540.00,USD,eBay,unknown,FALSE,,,PSA 9 Pokemon Neo Genesis #12 Pichu Holo Mint WOTC Vintage 2000 #12,https://www.ebay.es/itm/327120029783,PriceCharting
Neo Genesis,Pichu,12/111,Unlimited,PSA 9,2026-04-22,880.00,USD,eBay,best offer,TRUE,,,2000 POKEMON NEO GENESIS #12 PICHU-HOLO PSA 9 #12,https://www.ebay.es/itm/298249688528,PriceCharting
Neo Genesis,Pichu,12/111,Unlimited,PSA 9,2026-04-20,540.00,USD,eBay,best offer,TRUE,,,2000 Pokemon Neo Genesis Pichu Holo PSA 9 Mint WOTC Vintage RARE LISTING 💎 #12,https://www.ebay.es/itm/137215600494,PriceCharting
Neo Genesis,Pichu,12/111,Unlimited,PSA 9,2026-04-20,700.00,USD,eBay,unknown,FALSE,,,2000 Pokemon Pichu Neo Genesis Unlimited Holo 12/111 PSA 9 SWIRL 🌀 12/111,https://www.ebay.es/itm/147216872393,PriceCharting
Neo Genesis,Pichu,12/111,Unlimited,PSA 9,2026-04-09,499.99,USD,eBay,unknown,FALSE,,,Neo Genesis Pichu 12 Holo Rare 12/111 English Unlimited PSA 9 SWIRL 12/111,https://www.ebay.es/itm/168295973291,PriceCharting
Neo Genesis,Pichu,12/111,Unlimited,PSA 9,2026-04-01,412.00,USD,eBay,unknown,FALSE,,,Pokemon Pichu Neo Genesis Unlimited Holo Rare #12 PSA 9 Mint #12,https://www.ebay.es/itm/406801086235,PriceCharting
Neo Genesis,Pichu,12/111,Unlimited,PSA 9,2026-03-30,455.00,USD,eBay,unknown,FALSE,,,Pokemon Pichu Neo Genesis Unlimited Holo Rare #12 PSA 9 Mint,https://www.ebay.es/itm/287220079478,PriceCharting
Neo Genesis,Pichu,12/111,Unlimited,PSA 9,2026-02-20,475.00,USD,eBay,unknown,FALSE,,,Pokemon Pichu Neo Genesis Unlimited Holo Rare #12 PSA 9 Mint #12,https://www.ebay.es/itm/287139957546,PriceCharting
Neo Genesis,Pichu,12/111,Unlimited,PSA 9,2026-02-07,349.97,USD,eBay,unknown,FALSE,,,2000 Pokemon Neo Genesis # 12 Pichu Holo PSA 9 Card MINT! Trusted Seller! Rare! #12,https://www.ebay.es/itm/157107448972,PriceCharting
Neo Genesis,Pichu,12/111,Unlimited,PSA 10,2026-09-14,29999.99,USD,eBay,unknown,FALSE,,,2000 POKEMON NEO GENESIS #12 PICHU-HOLO PSA 10 #12,https://www.ebay.es/itm/117390186311,PriceCharting
Neo Genesis,Pichu,12/111,Unlimited,PSA 10,2026-02-27,8500.00,USD,eBay,unknown,FALSE,,,2000 Pokemon Unlimited Neo Genesis #12 Pichu Holo PSA 10 Card GEM MINT NEW CERT! #12,https://www.ebay.es/itm/157620739428,PriceCharting
Neo Genesis,Pichu,12/111,Unlimited,PSA 10,2025-08-04,3161.00,USD,eBay,unknown,FALSE,,,Pokemon Pichu Neo Genesis Unlimited Holo Rare #12 PSA 10 Gem Mint,https://www.ebay.es/itm/286726471167,PriceCharting
Neo Genesis,Pichu,12/111,Unlimited,PSA 10,2025-06-22,4219.00,USD,eBay,unknown,FALSE,,,Pokemon Pichu Neo Genesis Unlimited Holo Rare #12 PSA 10 Gem Mint #12,https://www.ebay.es/itm/286654436954,PriceCharting
Neo Genesis,Skarmory,13/111,1st Edition,PSA 8,2026-09-18,136.99,USD,eBay,best offer,TRUE,,,2000 Pokemon Neo Genesis 1st Edition Skarmory Holo #13/111 PSA 8 NM-MT 13/111,https://www.ebay.es/itm/398386073078,PriceCharting
Neo Genesis,Skarmory,13/111,1st Edition,PSA 8,2026-09-15,140.00,USD,eBay,best offer,TRUE,,,2000 Pokemon Neo Genesis 1st Edition Skarmory #13 Holo PSA 8 #13,https://www.ebay.es/itm/257738744500,PriceCharting
Neo Genesis,Skarmory,13/111,1st Edition,PSA 8,2026-08-23,125.50,USD,eBay,unknown,FALSE,,,PSA 8 Skarmory Holo 1st Edition #13 Pokémon Neo Genesis 1st Edition 2000 13/111,https://www.ebay.es/itm/287523896548,PriceCharting
Neo Genesis,Skarmory,13/111,1st Edition,PSA 8,2026-08-22,121.50,USD,eBay,unknown,FALSE,,,Skarmory Holo #13/111 - 2000 Pokemon Neo Genesis - 1st Edition - PSA 8 #13,https://www.ebay.es/itm/800531741490,PriceCharting
Neo Genesis,Skarmory,13/111,1st Edition,PSA 8,2026-08-10,165.00,USD,eBay,unknown,FALSE,,,Pokemon TCG Skarmory 13/111 Neo Genesis 1st Ed Holo Rare PSA 8 2000 EN 13/111,https://www.ebay.es/itm/358847165107,PriceCharting
Neo Genesis,Skarmory,13/111,1st Edition,PSA 8,2026-08-05,140.00,USD,eBay,best offer,TRUE,,,Pokemon Skarmory Neo Genesis 1st Edition Holo Rare #13 PSA 8 #13,https://www.ebay.es/itm/178311972943,PriceCharting
Neo Genesis,Skarmory,13/111,1st Edition,PSA 8,2026-08-01,143.50,USD,eBay,unknown,FALSE,,,2000 POKEMON NEO GENESIS 1ST EDITION #13 SKARMORY-HOLO PSA 8 #13,https://www.ebay.es/itm/307081736395,PriceCharting
Neo Genesis,Skarmory,13/111,1st Edition,PSA 8,2026-07-29,200.00,USD,eBay,unknown,FALSE,,,2000 Pokemon 1st Edition Neo Genesis Skarmory | PSA 8 13/111,https://www.ebay.es/itm/307086259682,PriceCharting
Neo Genesis,Skarmory,13/111,1st Edition,PSA 8,2026-07-25,140.00,USD,eBay,best offer,TRUE,,,Pokemon Skarmory Neo Genesis 1st Edition Holo Rare #13 PSA 8 #13,https://www.ebay.es/itm/178316647058,PriceCharting
Neo Genesis,Skarmory,13/111,1st Edition,PSA 8,2026-07-25,152.50,USD,eBay,unknown,FALSE,,,2000 POKEMON NEO GENESIS 1ST EDITION #13 SKARMORY-HOLO PSA 8 #13,https://www.ebay.es/itm/117302000063,PriceCharting
Neo Genesis,Skarmory,13/111,1st Edition,PSA 8,2026-07-24,174.99,USD,eBay,unknown,FALSE,,,2000 POKEMON NEO GENESIS 1ST EDITION #13 SKARMORY-HOLO PSA 8 #13,https://www.ebay.es/itm/298530138040,PriceCharting
Neo Genesis,Skarmory,13/111,1st Edition,PSA 8,2026-07-15,123.99,USD,eBay,unknown,FALSE,,,Pokémon TCG Skarmory 13/111 Neo Genesis Holo 1st Ed PSA 8 13/111,https://www.ebay.es/itm/206379596401,PriceCharting
Neo Genesis,Skarmory,13/111,1st Edition,PSA 8,2026-07-14,150.00,USD,eBay,unknown,FALSE,,,2000 POKEMON NEO GENESIS 1ST EDITION #13 SKARMORY-HOLO PSA 8 #13,https://www.ebay.es/itm/307035314342,PriceCharting
Neo Genesis,Skarmory,13/111,1st Edition,PSA 8,2026-07-08,150.00,USD,eBay,unknown,FALSE,,,2000 POKEMON NEO GENESIS 1ST EDITION #13 SKARMORY-HOLO PSA 8 #13,https://www.ebay.es/itm/307033749666,PriceCharting
Neo Genesis,Skarmory,13/111,1st Edition,PSA 8,2026-07-03,134.99,USD,eBay,unknown,FALSE,,,2000 Pokemon Neo Genesis 1st Edition #13 Skarmory Holo PSA 8 #13,https://www.ebay.es/itm/278076791925,PriceCharting
Neo Genesis,Skarmory,13/111,1st Edition,PSA 8,2026-06-24,110.00,USD,eBay,best offer,TRUE,,,Pokémon TCG Skarmory 13/111 Neo Genesis Holo 1st Ed PSA 8 13/111,https://www.ebay.es/itm/227400147307,PriceCharting
Neo Genesis,Skarmory,13/111,1st Edition,PSA 8,2026-06-23,144.50,USD,eBay,unknown,FALSE,,,2000 Pokemon Neo Genesis 1st Edition #13 Skarmory Holo PSA 8 NM-MT,https://www.ebay.es/itm/366481414916,PriceCharting
Neo Genesis,Skarmory,13/111,1st Edition,PSA 8,2026-06-22,145.50,USD,eBay,unknown,FALSE,,,2000 POKEMON NEO GENESIS 1ST EDITION #13 SKARMORY-HOLO PSA 8 #13,https://www.ebay.es/itm/298393419201,PriceCharting
Neo Genesis,Skarmory,13/111,1st Edition,PSA 8,2026-06-15,130.00,USD,eBay,unknown,FALSE,,,2000 Pokemon Neo Genesis 1st Edition #13 Skarmory Holo PSA 8 #13,https://www.ebay.es/itm/318459890572,PriceCharting
Neo Genesis,Skarmory,13/111,1st Edition,PSA 8,2026-06-12,127.50,USD,eBay,unknown,FALSE,,,2000 POKEMON NEO GENESIS 1ST EDITION #13 SKARMORY-HOLO PSA 8 #13,https://www.ebay.es/itm/117219808295,PriceCharting
Neo Genesis,Skarmory,13/111,1st Edition,PSA 8,2026-06-07,122.50,USD,eBay,unknown,FALSE,,,PSA 8 Skarmory- Holo #13 1st Edition Pokémon Neo Genesis 2000 #037,https://www.ebay.es/itm/287363973208,PriceCharting
Neo Genesis,Skarmory,13/111,1st Edition,PSA 8,2026-06-01,99.00,USD,eBay,unknown,FALSE,,,Pokemon 2000 Skarmory 13 Holo 1st Edition Neo Genesis PSA 8 #13,https://www.ebay.es/itm/406949586119,PriceCharting
Neo Genesis,Skarmory,13/111,1st Edition,PSA 8,2026-05-31,175.00,USD,eBay,unknown,FALSE,,,2000 Pokemon Neo Genesis 1st Edition Skarmory Holo 13/111 #13 PSA 8 #13,https://www.ebay.es/itm/327180342683,PriceCharting
Neo Genesis,Skarmory,13/111,1st Edition,PSA 8,2026-05-31,99.00,USD,eBay,best offer,TRUE,,,Pokemon TCG Neo Genesis Skarmory 13/111 1st Edition Holo PSA 8 (2000) 13/111,https://www.ebay.es/itm/318384711514,PriceCharting
Neo Genesis,Skarmory,13/111,1st Edition,PSA 8,2026-05-25,137.50,USD,eBay,unknown,FALSE,,,Pokemon Skarmory Neo Genesis 1st Edition Holo Rare #13 PSA 8,https://www.ebay.es/itm/287331593104,PriceCharting
Neo Genesis,Skarmory,13/111,1st Edition,PSA 9,2026-09-25,389.02,USD,eBay,unknown,FALSE,,,Skarmory #13/111 Holo Neo Genesis 1st Edition Pokemon 2000 PSA 9 13/111,https://www.ebay.es/itm/398411475839,PriceCharting
Neo Genesis,Skarmory,13/111,1st Edition,PSA 9,2026-09-13,400.00,USD,eBay,best offer,TRUE,,,PSA 9 Skarmory 1st Edition 13/111 Neo Genesis Holo Pokémon WOTC 2000 13/111,https://www.ebay.es/itm/398080362855,PriceCharting
Neo Genesis,Skarmory,13/111,1st Edition,PSA 9,2026-09-12,509.00,USD,eBay,unknown,FALSE,,,2000 POKEMON NEO GENESIS 1ST EDITION #13 SKARMORY-HOLO 1ST EDITION PSA 9 #13,https://www.ebay.es/itm/307158156209,PriceCharting
Neo Genesis,Skarmory,13/111,1st Edition,PSA 9,2026-09-04,300.00,USD,eBay,unknown,FALSE,,,Pokemon Neo Genesis Skarmory Holo 1st Ed 13/111 PSA 9 13/111,https://www.ebay.es/itm/198573310945,PriceCharting
Neo Genesis,Skarmory,13/111,1st Edition,PSA 9,2026-09-02,300.00,USD,eBay,best offer,TRUE,,,2000 POKEMON NEO GENESIS 1ST EDITION #13 SKARMORY-HOLO PSA 9 #13,https://www.ebay.es/itm/117390173824,PriceCharting
Neo Genesis,Skarmory,13/111,1st Edition,PSA 9,2026-08-25,295.00,USD,eBay,unknown,FALSE,,,2000 Pokemon Neo Genesis 1st Edition Skarmory Holo #13/111 PSA 9,https://www.ebay.es/itm/377432630778,PriceCharting
Neo Genesis,Skarmory,13/111,1st Edition,PSA 9,2026-08-17,365.00,USD,eBay,unknown,FALSE,,,Pokemon Skarmory Holo Neo Genesis 1st Edition 13/111 PSA 9 Mint 13/111,https://www.ebay.es/itm/287511104902,PriceCharting
Neo Genesis,Skarmory,13/111,1st Edition,PSA 9,2026-08-13,400.00,USD,eBay,best offer,TRUE,,,PSA 9 Skarmory Holo 1st Edition #13 Neo Genesis Pokemon 2000 Swirl 🌀 Regrade 13/111,https://www.ebay.es/itm/397799123898,PriceCharting
Neo Genesis,Skarmory,13/111,1st Edition,PSA 9,2026-08-08,306.00,USD,eBay,best offer,TRUE,,,2000 POKEMON NEO GENESIS 1ST EDITION #13 SKARMORY-HOLO PSA 9 #13,https://www.ebay.es/itm/307097030147,PriceCharting
Neo Genesis,Skarmory,13/111,1st Edition,PSA 9,2026-08-02,242.50,USD,eBay,unknown,FALSE,,,Pokemon Skarmory Holo Neo Genesis 1st Edition 13/111 PSA 9 Mint 13/111,https://www.ebay.es/itm/287481268799,PriceCharting
Neo Genesis,Skarmory,13/111,1st Edition,PSA 9,2026-07-31,300.00,USD,eBay,unknown,FALSE,,,2000 POKEMON NEO GENESIS 1ST EDITION #13 SKARMORY-HOLO PSA 9 #13,https://www.ebay.es/itm/178353025840,PriceCharting
Neo Genesis,Skarmory,13/111,1st Edition,PSA 9,2026-07-30,152.50,USD,eBay,unknown,FALSE,,,2000 POKEMON NEO GENESIS 1ST EDITION #13 SKARMORY-HOLO PSA 9 #13,https://www.ebay.es/itm/188683928023,PriceCharting
Neo Genesis,Skarmory,13/111,1st Edition,PSA 9,2026-07-30,270.00,USD,eBay,unknown,FALSE,,,2000 POKEMON NEO GENESIS 1ST EDITION #13 SKARMORY-HOLO PSA 9 #13,https://www.ebay.es/itm/307078049862,PriceCharting
Neo Genesis,Skarmory,13/111,1st Edition,PSA 9,2026-07-15,260.00,USD,eBay,best offer,TRUE,,,Pokemon Skarmory Neo Genesis 1st Edition Holo Rare #13 PSA 9 Mint #13,https://www.ebay.es/itm/198224315536,PriceCharting
Neo Genesis,Skarmory,13/111,1st Edition,PSA 9,2026-07-13,433.00,USD,eBay,unknown,FALSE,,,Pokemon Neo Genesis Skarmory #13/111 Holo Rare First Edition PSA 9 13/111,https://www.ebay.es/itm/358751344196,PriceCharting
Neo Genesis,Skarmory,13/111,1st Edition,PSA 9,2026-06-30,325.00,USD,eBay,unknown,FALSE,,,2000 POKEMON NEO GENESIS 1ST EDITION #13 SKARMORY-HOLO PSA 9 #13,https://www.ebay.es/itm/298462076785,PriceCharting
Neo Genesis,Skarmory,13/111,1st Edition,PSA 9,2026-06-23,325.00,USD,eBay,unknown,FALSE,,,Pokemon Skarmory Holo Neo Genesis 1st Edition 13/111 PSA 9 13/111,https://www.ebay.es/itm/287411971744,PriceCharting
Neo Genesis,Skarmory,13/111,1st Edition,PSA 9,2026-06-16,230.00,USD,eBay,best offer,TRUE,,,Pokemon Skarmory Neo Genesis 1st Edition Holo Rare #13 PSA 9 Mint #13,https://www.ebay.es/itm/267694766521,PriceCharting
Neo Genesis,Skarmory,13/111,1st Edition,PSA 9,2026-06-11,325.00,USD,eBay,unknown,FALSE,,,2000 POKEMON NEO GENESIS 1ST EDITION #13 SKARMORY-HOLO PSA 9 #13,https://www.ebay.es/itm/117234457394,PriceCharting
Neo Genesis,Skarmory,13/111,1st Edition,PSA 9,2026-06-01,130.00,USD,eBay,best offer,TRUE,,,Pokemon Neo Genisis Holo Card Skarmory #13 2000 PSA 9,https://www.ebay.es/itm/277772547544,PriceCharting
Neo Genesis,Skarmory,13/111,1st Edition,PSA 9,2026-05-22,247.50,USD,eBay,unknown,FALSE,,,2000 POKEMON NEO GENESIS 1ST EDITION #13 SKARMORY-HOLO PSA 9 #13,https://www.ebay.es/itm/306935523989,PriceCharting
Neo Genesis,Skarmory,13/111,1st Edition,PSA 9,2026-05-19,285.00,USD,eBay,best offer,TRUE,,,Pokemon 1st Edition Skarmory 13/111 - PSA 9 MINT - Neo Genesis Holo Vintage 13/111,https://www.ebay.es/itm/157876096666,PriceCharting
Neo Genesis,Skarmory,13/111,1st Edition,PSA 10,2026-08-31,5600.00,USD,eBay,unknown,FALSE,,,2000 POKEMON NEO GENESIS 1ST EDITION #13 SKARMORY-HOLO PSA 10 #13,https://www.ebay.es/itm/298602974046,PriceCharting
Neo Genesis,Skarmory,13/111,1st Edition,PSA 10,2026-06-25,5000.00,USD,eBay,unknown,FALSE,,,2000 POKEMON NEO GENESIS 1ST EDITION #13 SKARMORY-HOLO PSA 10 #13,https://www.ebay.es/itm/298451844694,PriceCharting
Neo Genesis,Skarmory,13/111,1st Edition,PSA 10,2026-03-29,3433.00,USD,eBay,unknown,FALSE,,,Pokemon Skarmory Neo Genesis 1st Edition Holo Rare #13 PSA 10 Gem Mint,https://www.ebay.es/itm/287214951898,PriceCharting
Neo Genesis,Skarmory,13/111,1st Edition,PSA 10,2026-03-12,9000.00,USD,eBay,best offer,TRUE,,,2000 POKEMON NEO GENESIS 1ST ED #13 SKARMORY-HOLO PSA 10 #13,https://www.ebay.es/itm/298115094817,PriceCharting
Neo Genesis,Skarmory,13/111,1st Edition,PSA 10,2026-02-18,3000.00,USD,eBay,unknown,FALSE,,,Pokemon Skarmory Neo Genesis 1st Edition Holo Rare #13 PSA 10 Gem Mint,https://www.ebay.es/itm/287148715005,PriceCharting
Neo Genesis,Skarmory,13/111,1st Edition,PSA 10,2026-01-10,2500.00,USD,eBay,unknown,FALSE,,,Pokemon Skarmory Neo Genesis 1st Edition Holo Rare #13 PSA 10 Gem Mint,https://www.ebay.es/itm/287061615382,PriceCharting
Neo Genesis,Skarmory,13/111,1st Edition,PSA 10,2025-11-17,1900.00,USD,eBay,unknown,FALSE,,,Pokemon Skarmory Neo Genesis 1st Edition Holo Rare #13 PSA 10 Gem Mint,https://www.ebay.es/itm/286922290489,PriceCharting
Neo Genesis,Skarmory,13/111,1st Edition,PSA 10,2025-10-03,2000.00,USD,eBay,unknown,FALSE,,,2000 Pokemon Neo Genesis 1st Edition #13 Skarmory Holo PSA 10 Gem Mint #13,https://www.ebay.es/itm/116377924869,PriceCharting
Neo Genesis,Skarmory,13/111,1st Edition,PSA 10,2025-07-14,1025.00,USD,eBay,unknown,FALSE,,,Pokemon Skarmory Neo Genesis 1st Edition Holo Rare #13 PSA 10 Gem Mint,https://www.ebay.es/itm/286690654525,PriceCharting
Neo Genesis,Skarmory,13/111,1st Edition,PSA 10,2025-07-04,975.00,USD,eBay,unknown,FALSE,,,PSA 10 Skarmory Neo Genesis 1st Edition English Pokemon 13/111,https://www.ebay.es/itm/136099538599,PriceCharting
Neo Genesis,Skarmory,13/111,1st Edition,PSA 10,2025-02-09,997.00,USD,eBay,unknown,FALSE,,,Pokemon Skarmory 1st Edition PSA 10 Gem Mint Holo Neo Genesis 13/111 #111,https://www.ebay.es/itm/226566527288,PriceCharting
Neo Genesis,Skarmory,13/111,1st Edition,PSA 10,2025-01-23,937.88,USD,eBay,unknown,FALSE,,,2000 Pokemon Neo Genesis 1st Edition #13 Skarmory Holo PSA 10 Gem Mint #13,https://www.ebay.es/itm/286195454209,PriceCharting
Neo Genesis,Skarmory,13/111,1st Edition,PSA 10,2024-12-19,1000.00,USD,eBay,unknown,FALSE,,,2000 Pokemon Neo Genesis 1st Edition #13 Skarmory Holo PSA 10 Gem Mint #13,https://www.ebay.es/itm/145996351194,PriceCharting
Neo Genesis,Skarmory,13/111,1st Edition,PSA 10,2024-07-10,650.00,USD,eBay,unknown,FALSE,,,Skarmory #13 Neo Genesis 1st Edition Holo - Pokemon Card WOTC - PSA 10,https://www.ebay.es/itm/375454304005,PriceCharting
Neo Genesis,Skarmory,13/111,1st Edition,PSA 10,2024-07-01,670.00,USD,eBay,unknown,FALSE,,,Low Pop!! Skarmory #13 Neo Genesis 1st Edition Holo - Pokemon Card WOTC - PSA 10 #13,https://www.ebay.es/itm/387092882613,PriceCharting
Neo Genesis,Skarmory,13/111,1st Edition,PSA 10,2024-05-19,470.50,USD,eBay,unknown,FALSE,,,Pokemon Skarmory Neo Genesis 1st Edition Holo Rare #13 PSA 10 Gem Mint,https://www.ebay.es/itm/285856107058,PriceCharting
Neo Genesis,Skarmory,13/111,1st Edition,PSA 10,2024-05-05,565.00,USD,eBay,unknown,FALSE,,,Pokemon Skarmory Neo Genesis 1st Edition Holo Rare #13 PSA 10 Gem Mint,https://www.ebay.es/itm/285830393981,PriceCharting
Neo Genesis,Skarmory,13/111,1st Edition,PSA 10,2024-05-01,650.00,USD,eBay,unknown,FALSE,,,2000 Neo Genesis 13 Skarmory 1st Edition Holo Rare Pokemon TCG Card PSA 10 #13,https://www.ebay.es/itm/364486928735,PriceCharting
Neo Genesis,Skarmory,13/111,1st Edition,PSA 10,2024-04-22,545.00,USD,eBay,unknown,FALSE,,,Pokemon Skarmory PSA 10 1st Edition Holo Neo Genesis Gem Mint 13/111 #13,https://www.ebay.es/itm/226095133693,PriceCharting
Neo Genesis,Skarmory,13/111,1st Edition,PSA 10,2024-04-04,625.00,USD,eBay,unknown,FALSE,,,2000 Neo Genesis 13 Skarmory 1st Edition Holo Rare Pokemon TCG Card PSA 10 #13,https://www.ebay.es/itm/404660251763,PriceCharting
Neo Genesis,Skarmory,13/111,1st Edition,PSA 10,2023-12-17,515.00,USD,eBay,unknown,FALSE,,,Pokemon Skarmory Neo Genesis 1st Edition Holo Rare #13 PSA 10 Gem Mint,https://www.ebay.es/itm/285597324717,PriceCharting
Neo Genesis,Skarmory,13/111,1st Edition,PSA 10,2023-09-30,499.00,USD,eBay,unknown,FALSE,,,POKEMON NEO GENESIS- SKARMORY HOLO 1ST EDITION #13 - PSA 10 GEM MINT,https://www.ebay.es/itm/195995588939,PriceCharting
Neo Genesis,Skarmory,13/111,Unlimited,PSA 8,2026-09-08,50.00,USD,eBay,unknown,FALSE,,,PSA 8 Skarmory 13/111 Neo Genesis Holo Rare Pokemon Card 13/111,https://www.ebay.es/itm/116609906774,PriceCharting
Neo Genesis,Skarmory,13/111,Unlimited,PSA 8,2026-09-07,63.00,USD,eBay,unknown,FALSE,,,2000 Pokemon Neo Genesis Skarmory Rare Holo #13/111 PSA 8,https://www.ebay.es/itm/128055316378,PriceCharting
Neo Genesis,Skarmory,13/111,Unlimited,PSA 8,2026-09-04,74.99,USD,eBay,unknown,FALSE,,,2000 Pokemon Neo Genesis Skarmory Holo 13/111 PSA 8 NM-MT,https://www.ebay.es/itm/284179137271,PriceCharting
Neo Genesis,Skarmory,13/111,Unlimited,PSA 8,2026-09-02,57.00,USD,eBay,unknown,FALSE,,,SKARMORY HOLO 13/111 NEO GENESIS POKEMON PSA 8 NM-MT 13/111,https://www.ebay.es/itm/128043950174,PriceCharting
Neo Genesis,Skarmory,13/111,Unlimited,PSA 8,2026-08-06,65.00,USD,eBay,unknown,FALSE,,,SKARMORY HOLO 13/111 NEO GENESIS POKEMON PSA 8 13/111,https://www.ebay.es/itm/158077993571,PriceCharting
Neo Genesis,Skarmory,13/111,Unlimited,PSA 8,2026-07-13,60.00,USD,eBay,best offer,TRUE,,,PSA 8 Pokemon Neo Genesis Skarmory Holo Rare #13/111 2000 English 13/111,https://www.ebay.es/itm/366453484928,PriceCharting
Neo Genesis,Skarmory,13/111,Unlimited,PSA 8,2026-07-11,59.99,USD,eBay,unknown,FALSE,,,2000 Pokemon Neo Genesis Skarmory Holo 13/111 PSA 8 NM-MT 13/111,https://www.ebay.es/itm/236908894608,PriceCharting
Neo Genesis,Skarmory,13/111,Unlimited,PSA 8,2026-07-10,60.00,USD,eBay,unknown,FALSE,,,Pokemon 2000 Skarmory 13/111 Holo Neo Genesis PSA 8 13/111,https://www.ebay.es/itm/407060739615,PriceCharting
Neo Genesis,Skarmory,13/111,Unlimited,PSA 8,2026-06-14,60.00,USD,eBay,unknown,FALSE,,,2000 POKEMON NEO GENESIS #13 SKARMORY-HOLO PSA 8 NM-Mint Vintage 13/111,https://www.ebay.es/itm/286784109226,PriceCharting
Neo Genesis,Skarmory,13/111,Unlimited,PSA 8,2026-06-02,60.00,USD,eBay,best offer,TRUE,,,2000 Pokemon Skarmory 13/111 Neo Genesis Rare Holo PSA 8 NM/MINT 13/111,https://www.ebay.es/itm/267220254836,PriceCharting
Neo Genesis,Skarmory,13/111,Unlimited,PSA 8,2026-05-10,55.00,USD,eBay,best offer,TRUE,,,2000 SKARMORY HOLO RARE NEO GENESIS POKEMON TCG PSA 8 NEAR MINT-MINT #13/111 13/111,https://www.ebay.es/itm/277350687506,PriceCharting
Neo Genesis,Skarmory,13/111,Unlimited,PSA 8,2026-05-07,55.00,USD,eBay,best offer,TRUE,,,2000 POKEMON NEO GENESIS #13 SKARMORY-HOLO PSA 8 #13,https://www.ebay.es/itm/267645710218,PriceCharting
Neo Genesis,Skarmory,13/111,Unlimited,PSA 8,2026-05-07,50.00,USD,eBay,unknown,FALSE,,,2000 POKEMON NEO GENESIS #13 SKARMORY-HOLO PSA 8 Vintage 13/111,https://www.ebay.es/itm/317014859148,PriceCharting
Neo Genesis,Skarmory,13/111,Unlimited,PSA 8,2026-05-03,59.99,USD,eBay,unknown,FALSE,,,Pokémon TCG Neo Genesis Set Skarmory Holo Rare #13/111 PSA 8 NM-MT 13/111,https://www.ebay.es/itm/177352870957,PriceCharting
Neo Genesis,Skarmory,13/111,Unlimited,PSA 8,2026-05-02,59.99,USD,eBay,unknown,FALSE,,,PSA 8 Skarmory 13/111 Holo Pokémon TCG Neo Genesis Set Rare NM-MT 13/111,https://www.ebay.es/itm/287098145817,PriceCharting
Neo Genesis,Skarmory,13/111,Unlimited,PSA 8,2026-04-27,56.00,USD,eBay,unknown,FALSE,,,2000 Pokemon Neo Genesis Skarmory Holo 13/111 PSA 8 NM-MT 13/111,https://www.ebay.es/itm/389916073531,PriceCharting
Neo Genesis,Skarmory,13/111,Unlimited,PSA 8,2026-04-07,75.00,USD,eBay,unknown,FALSE,,,2000 POKEMON NEO GENESIS #13 SKARMORY-HOLO PSA 8 #13,https://www.ebay.es/itm/306408150316,PriceCharting
Neo Genesis,Skarmory,13/111,Unlimited,PSA 9,2026-09-21,135.00,USD,eBay,unknown,FALSE,,,Skarmory Holo 13/111 Neo Genesis Pokemon PSA 9 13/111,https://www.ebay.es/itm/188930082408,PriceCharting
Neo Genesis,Skarmory,13/111,Unlimited,PSA 9,2026-09-03,140.00,USD,eBay,unknown,FALSE,,,Pokemon Neo Genesis Skarmory PSA 9 13/111,https://www.ebay.es/itm/147542242461,PriceCharting
Neo Genesis,Skarmory,13/111,Unlimited,PSA 9,2026-09-01,149.00,USD,eBay,unknown,FALSE,,,Pokemon Neo Genesis Skarmory PSA 9 13/111,https://www.ebay.es/itm/147533669250,PriceCharting
Neo Genesis,Skarmory,13/111,Unlimited,PSA 9,2026-08-18,162.51,USD,eBay,unknown,FALSE,,,Skarmory Holo 13/111 PSA 9 Neo Genesis Pokemon Card Game 13/111,https://www.ebay.es/itm/287526552955,PriceCharting
Neo Genesis,Skarmory,13/111,Unlimited,PSA 9,2026-08-03,48.00,USD,eBay,unknown,FALSE,,,Pokémon TCG Skarmory Neo Genesis 13/111 Holo Unlimited Holo Rare PSA 9 MINT 13/111,https://www.ebay.es/itm/386872912024,PriceCharting
Neo Genesis,Skarmory,13/111,Unlimited,PSA 9,2026-07-02,141.25,USD,eBay,unknown,FALSE,,,Pokemon Skarmory # 13 - Neo Genesis - Graded PSA 9,https://www.ebay.es/itm/227326664403,PriceCharting
Neo Genesis,Skarmory,13/111,Unlimited,PSA 9,2026-05-23,105.00,USD,eBay,best offer,TRUE,,,2000 POKEMON NEO GENESIS #13 SKARMORY-HOLO PSA 9 #13,https://www.ebay.es/itm/117206379818,PriceCharting
Neo Genesis,Skarmory,13/111,Unlimited,PSA 9,2026-04-24,105.00,USD,eBay,unknown,FALSE,,,PSA 9 MINT Skarmory Holo 13/111 Neo Genesis 2000 Pokemon Card 13/111,https://www.ebay.es/itm/306892587602,PriceCharting
Neo Genesis,Skarmory,13/111,Unlimited,PSA 9,2026-04-10,81.00,USD,eBay,unknown,FALSE,,,PSA 9 MINT Skarmory Holo 13/111 Neo Genesis 2000 Pokemon Card 13/111,https://www.ebay.es/itm/318102200535,PriceCharting
Neo Genesis,Skarmory,13/111,Unlimited,PSA 9,2026-04-03,81.00,USD,eBay,unknown,FALSE,,,PSA 9 MINT Skarmory Holo 13/111 Neo Genesis 2000 Pokemon Card 13/111,https://www.ebay.es/itm/318069479992,PriceCharting
Neo Genesis,Skarmory,13/111,Unlimited,PSA 9,2026-03-29,95.00,USD,eBay,best offer,TRUE,,,PSA 9 Skarmory Holo Neo Genesis #13 - 2000 MINT Pokémon Card,https://www.ebay.es/itm/188174759548,PriceCharting
Neo Genesis,Skarmory,13/111,Unlimited,PSA 9,2026-01-27,85.00,USD,eBay,best offer,TRUE,,,Pokemon 2000 Skarmory Neo Genesis Unlimited HOLO Rare 13/111 - PSA 9 MINT 13/111,https://www.ebay.es/itm/177805143836,PriceCharting
Neo Genesis,Skarmory,13/111,Unlimited,PSA 9,2025-12-09,79.99,USD,eBay,unknown,FALSE,,,2000 POKEMON NEO GENESIS #13 SKARMORY HOLO PSA 9 MINT 13/111,https://www.ebay.es/itm/227104687828,PriceCharting
Neo Genesis,Skarmory,13/111,Unlimited,PSA 9,2025-12-08,59.99,USD,eBay,unknown,FALSE,,,2000 Pokemon Neo Genesis Skarmory Holo Rare 13/111 PSA 9 Mint 13/111,https://www.ebay.es/itm/376760301480,PriceCharting
Neo Genesis,Skarmory,13/111,Unlimited,PSA 9,2025-11-11,84.99,USD,eBay,unknown,FALSE,,,2000 Pokémon Neo Genesis #13 Skarmory Holo – PSA 9 MINT,https://www.ebay.es/itm/146951493780,PriceCharting
Neo Genesis,Skarmory,13/111,Unlimited,PSA 9,2025-10-21,62.00,USD,eBay,unknown,FALSE,,,2000 Pokemon Neo Genesis #13 Skarmory Holo PSA 9 MINT,https://www.ebay.es/itm/365924570847,PriceCharting
Neo Genesis,Skarmory,13/111,Unlimited,PSA 9,2025-10-19,58.90,USD,eBay,unknown,FALSE,,,2000 Pokemon Neo Genesis #13/111 Skarmory Holo PSA 9 MINT,https://www.ebay.es/itm/376619646802,PriceCharting
Neo Genesis,Skarmory,13/111,Unlimited,PSA 10,2026-05-20,1650.00,USD,eBay,best offer,TRUE,,,2000 Pokemon Neo Genesis 13/111 Skarmory Holo Rare PSA 10 Gem Mint Pop 23 13/111,https://www.ebay.es/itm/406937804508,PriceCharting
Neo Genesis,Skarmory,13/111,Unlimited,PSA 10,2026-02-02,1550.00,USD,eBay,unknown,FALSE,,,PSA 10 GEM MINT Skarmory Neo Genesis Unlimited Holo Pokemon Card 13/111 LOW POP #13,https://www.ebay.es/itm/127447134971,PriceCharting
Neo Genesis,Skarmory,13/111,Unlimited,PSA 10,2026-01-01,975.00,USD,eBay,best offer,TRUE,,,POP 18 PSA 10 GEM MINT Skarmory Neo Genesis Unlimited Holo Pokemon Card 13/111,https://www.ebay.es/itm/334816321840,PriceCharting
Neo Genesis,Skarmory,13/111,Unlimited,PSA 10,2025-11-25,585.01,USD,eBay,best offer,TRUE,,,PSA 10 GEM MINT Skarmory Neo Genesis Unlimited Holo Pokemon Card 13/111 #13,https://www.ebay.es/itm/397301780786,PriceCharting
Neo Genesis,Skarmory,13/111,Unlimited,PSA 10,2025-10-10,465.92,USD,eBay,unknown,FALSE,,,PSA 10 GEM MINT Skarmory Neo Genesis Unlimited Holo Pokemon Card 13/111 *POP 22,https://www.ebay.es/itm/397082493746,PriceCharting
Neo Genesis,Skarmory,13/111,Unlimited,PSA 10,2025-09-20,520.00,USD,eBay,unknown,FALSE,,,POP 22! Pokemon Neo Genesis 13/111 Skarmory 2000 Holo Rare PSA 10 Gem Mint 13/111,https://www.ebay.es/itm/177420921353,PriceCharting
Neo Genesis,Skarmory,13/111,Unlimited,PSA 10,2025-09-17,483.13,USD,eBay,unknown,FALSE,,,PSA 10 GEM MINT Skarmory Neo Genesis Unlimited Holo Pokemon Card 13/111 *POP 22,https://www.ebay.es/itm/397063004741,PriceCharting
Neo Genesis,Skarmory,13/111,Unlimited,PSA 10,2025-09-07,437.00,USD,eBay,unknown,FALSE,,,Pokemon Skarmory Neo Genesis Unlimited Holo Rare #13 PSA 10 Gem Mint,https://www.ebay.es/itm/286791259804,PriceCharting
Neo Genesis,Skarmory,13/111,Unlimited,PSA 10,2025-09-05,485.00,USD,eBay,unknown,FALSE,,,2000 Pokemon Neo Genesis #13 Skarmory Holo PSA 10 GEM MINT,https://www.ebay.es/itm/376513035662,PriceCharting
Neo Genesis,Skarmory,13/111,Unlimited,PSA 10,2025-08-22,510.00,USD,eBay,unknown,FALSE,,,2000 Pokemon Neo Genesis #13 Skarmory Holo PSA 10 GEM MINT,https://www.ebay.es/itm/365798709800,PriceCharting
Neo Genesis,Skarmory,13/111,Unlimited,PSA 10,2025-07-03,493.00,USD,eBay,unknown,FALSE,,,2000 Pokemon Neo Genesis Skarmory Holo #13/111 PSA 10,https://www.ebay.es/itm/127201825801,PriceCharting
Neo Genesis,Skarmory,13/111,Unlimited,PSA 10,2025-07-01,600.00,USD,eBay,unknown,FALSE,,,PSA 10 SKARMORY 2000 POKEMON NEO GENESIS HOLO PARALLEL #13 (GEM MINT CONDITION) #13,https://www.ebay.es/itm/154476763764,PriceCharting
Neo Genesis,Skarmory,13/111,Unlimited,PSA 10,2025-07-01,595.00,USD,eBay,unknown,FALSE,,,2000 Pokemon Neo Genesis 13/111 Skarmory Holo Rare PSA 10 Gem Mint POP 21 #13,https://www.ebay.es/itm/267237109135,PriceCharting
Neo Genesis,Skarmory,13/111,Unlimited,PSA 10,2025-05-01,570.00,USD,eBay,unknown,FALSE,,,2000 Pokemon Neo Genesis 13/111 Skarmory Holo Rare PSA 10 Gem Mint POP 21 #13,https://www.ebay.es/itm/266978096120,PriceCharting
Neo Genesis,Skarmory,13/111,Unlimited,PSA 10,2025-02-28,455.00,USD,eBay,unknown,FALSE,,,2000 Pokemon Neo Genesis 13/111 Skarmory Holo Rare PSA 10 Gem Mint Pop 21 #13,https://www.ebay.es/itm/316319217801,PriceCharting
Neo Genesis,Skarmory,13/111,Unlimited,PSA 10,2023-12-17,320.00,USD,eBay,unknown,FALSE,,,Pokemon Skarmory Neo Genesis Unlimited Holo Rare #13 PSA 10 Gem Mint,https://www.ebay.es/itm/285594002826,PriceCharting
Neo Genesis,Slowking,14/111,1st Edition,PSA 8,2026-09-28,450.38,USD,eBay,unknown,FALSE,,,Slowking Holo 14/111 PSA 8 Neo Genesis 1st Edition Pokemon Card Game 14/111,https://www.ebay.es/itm/287600465167,PriceCharting
Neo Genesis,Slowking,14/111,1st Edition,PSA 8,2026-09-27,521.11,USD,eBay,unknown,FALSE,,,2000 POKEMON NEO GENESIS 1ST EDITION #14 SLOWKING HOLO 1ST EDITION PSA 8 #14,https://www.ebay.es/itm/307184658874,PriceCharting
Neo Genesis,Slowking,14/111,1st Edition,PSA 8,2026-09-26,550.00,USD,eBay,best offer,TRUE,,,Pokémon Slowking Neo Genesis First Edition Holo Rare 14/111 Vintage PSA 8 NM-MT 14/111,https://www.ebay.es/itm/278412118359,PriceCharting
Neo Genesis,Slowking,14/111,1st Edition,PSA 8,2026-09-26,550.00,USD,eBay,best offer,TRUE,,,Pokémon Slowking Neo Genesis First Edition Holo Rare 14/111 Vintage PSA 8 NM-MT 14/111,https://www.ebay.es/itm/278044953606,PriceCharting
Neo Genesis,Slowking,14/111,1st Edition,PSA 8,2026-09-26,615.00,USD,eBay,unknown,FALSE,,,2000 Pokemon Neo Genesis 1st Edition #14 Slowking Holo PSA 8 NM-MT #14,https://www.ebay.es/itm/257495259604,PriceCharting
Neo Genesis,Slowking,14/111,1st Edition,PSA 8,2026-09-20,685.00,USD,eBay,unknown,FALSE,,,2000 POKEMON NEO GENESIS 1ST EDITION #14 SLOWKING-HOLO PSA 8 #14,https://www.ebay.es/itm/117408113073,PriceCharting
Neo Genesis,Slowking,14/111,1st Edition,PSA 8,2026-09-19,450.00,USD,eBay,best offer,TRUE,,,Pokemon TCG Slowking 14/111 Neo Genesis 1st Edition Holo Rare EN PSA 8 14/111,https://www.ebay.es/itm/147581506950,PriceCharting
Neo Genesis,Slowking,14/111,1st Edition,PSA 8,2026-09-13,572.18,USD,eBay,unknown,FALSE,,,2000 POKEMON NEO GENESIS 1ST EDITION #14 SLOWKING-HOLO 1ST EDITION PSA 8 #14,https://www.ebay.es/itm/307158162212,PriceCharting
Neo Genesis,Slowking,14/111,1st Edition,PSA 8,2026-09-08,473.94,USD,eBay,unknown,FALSE,,,Pokémon TCG Slowking Neo Genesis PSA 8 Near Mint - Mint 1st edition NEW CERT 14/111,https://www.ebay.es/itm/147559144011,PriceCharting
Neo Genesis,Slowking,14/111,1st Edition,PSA 8,2026-09-06,451.00,USD,eBay,unknown,FALSE,,,Pokemon Slowking Holo Neo Genesis 1st Edition 14/111 PSA 8 14/111,https://www.ebay.es/itm/287552955545,PriceCharting
Neo Genesis,Slowking,14/111,1st Edition,PSA 8,2026-09-06,400.00,USD,eBay,unknown,FALSE,,,2000 POKEMON NEO GENESIS 1ST EDITION #14 SLOWKING-HOLO PSA 8 #14,https://www.ebay.es/itm/298620898022,PriceCharting
Neo Genesis,Slowking,14/111,1st Edition,PSA 8,2026-09-04,440.00,USD,eBay,unknown,FALSE,,,SLOWKING 2000 POKEMON NEO GENESIS 1ST EDITION 14/111 RARE HOLO PSA 8 Q5677 14/111,https://www.ebay.es/itm/278317133803,PriceCharting
Neo Genesis,Slowking,14/111,1st Edition,PSA 8,2026-09-03,524.99,USD,eBay,unknown,FALSE,,,2000 POKEMON NEO GENESIS 1ST EDITION #14 SLOWKING-HOLO PSA 8 #14,https://www.ebay.es/itm/198615695747,PriceCharting
Neo Genesis,Slowking,14/111,1st Edition,PSA 8,2026-09-01,524.99,USD,eBay,unknown,FALSE,,,2000 POKEMON NEO GENESIS 1ST EDITION #14 SLOWKING-HOLO PSA 8 #14,https://www.ebay.es/itm/198592091043,PriceCharting
Neo Genesis,Slowking,14/111,1st Edition,PSA 8,2026-09-01,500.00,USD,eBay,unknown,FALSE,,,2000 POKEMON NEO GENESIS SLOWKING #14 1ST EDITION-HOLO PSA 8 NEAR MINT/MINT 14/111,https://www.ebay.es/itm/128054217491,PriceCharting
Neo Genesis,Slowking,14/111,1st Edition,PSA 8,2026-09-01,520.00,USD,eBay,unknown,FALSE,,,2000 POKEMON NEO GENESIS 1ST EDITION #14 SLOWKING-HOLO PSA 8 #14,https://www.ebay.es/itm/117368856804,PriceCharting
Neo Genesis,Slowking,14/111,1st Edition,PSA 8,2026-08-18,459.00,USD,eBay,unknown,FALSE,,,2000 Pokemon Neo Genesis 1st Edition #14 Slowking Holo PSA 8 NM-MT,https://www.ebay.es/itm/377408712891,PriceCharting
Neo Genesis,Slowking,14/111,1st Edition,PSA 8,2026-08-15,500.00,USD,eBay,unknown,FALSE,,,2000 POKEMON NEO GENESIS 1ST EDITION #14 SLOWKING-HOLO PSA 8 #14,https://www.ebay.es/itm/298591046826,PriceCharting
Neo Genesis,Slowking,14/111,1st Edition,PSA 8,2026-08-13,550.00,USD,eBay,unknown,FALSE,,,2000 POKEMON NEO GENESIS 1ST EDITION #14 SLOWKING-HOLO PSA 8 #14,https://www.ebay.es/itm/298579988697,PriceCharting
Neo Genesis,Slowking,14/111,1st Edition,PSA 8,2026-08-11,522.00,USD,eBay,unknown,FALSE,,,2000 Pokemon Neo Genesis 1st Edition #14 Slowking Holo PSA 8 14/111,https://www.ebay.es/itm/127936357751,PriceCharting
Neo Genesis,Slowking,14/111,1st Edition,PSA 8,2026-08-10,632.00,USD,eBay,unknown,FALSE,,,2000 POKEMON NEO GENESIS 1ST EDITION #14 SLOWKING-HOLO PSA 8 #14,https://www.ebay.es/itm/117333624978,PriceCharting
Neo Genesis,Slowking,14/111,1st Edition,PSA 8,2026-08-09,510.00,USD,eBay,unknown,FALSE,,,Pokemon Slowking Holo 2000?Neo Genesis 1st Edition #14 PSA 8 14/111,https://www.ebay.es/itm/158080266261,PriceCharting
Neo Genesis,Slowking,14/111,1st Edition,PSA 8,2026-08-02,505.00,USD,eBay,unknown,FALSE,,,2000 POKEMON NEO GENESIS 1ST EDITION #14 SLOWKING-HOLO PSA 8 #14,https://www.ebay.es/itm/117313145097,PriceCharting
Neo Genesis,Slowking,14/111,1st Edition,PSA 8,2026-08-01,549.99,USD,eBay,unknown,FALSE,,,2000 POKEMON NEO GENESIS 1ST EDITION #14 SLOWKING-HOLO PSA 8 #14,https://www.ebay.es/itm/117329573721,PriceCharting
Neo Genesis,Slowking,14/111,1st Edition,PSA 9,2026-09-07,2000.00,USD,eBay,best offer,TRUE,,,2000 POKEMON NEO GENESIS 1ST EDITION #14 SLOWKING-HOLO PSA 9 #14,https://www.ebay.es/itm/298590550444,PriceCharting
Neo Genesis,Slowking,14/111,1st Edition,PSA 9,2026-09-05,1799.99,USD,eBay,unknown,FALSE,,,WotC 2000 Pokemon Neo Genesis Slowking 14/111 1st Ed Holo PSA 9 14/111,https://www.ebay.es/itm/158170288233,PriceCharting
Neo Genesis,Slowking,14/111,1st Edition,PSA 9,2026-09-04,1859.95,USD,eBay,best offer,TRUE,,,2000 Pokemon Slowking 14/111 PSA 9 Neo Genesis 1st Edition Holo Mint Low Pop 14/111,https://www.ebay.es/itm/227471457296,PriceCharting
Neo Genesis,Slowking,14/111,1st Edition,PSA 9,2026-09-02,2027.39,USD,eBay,unknown,FALSE,,,Slowking Holo 14/111 PSA 9 Neo Genesis 1st Edition DOUBLE SWIRL Pokemon Card 14/111,https://www.ebay.es/itm/287526552948,PriceCharting
Neo Genesis,Slowking,14/111,1st Edition,PSA 9,2026-08-16,1426.00,USD,eBay,unknown,FALSE,,,Pokemon Slowking Holo Neo Genesis 1st Edition 14/111 PSA 9 Mint 14/111,https://www.ebay.es/itm/287511103123,PriceCharting
Neo Genesis,Slowking,14/111,1st Edition,PSA 9,2026-08-10,1525.00,USD,eBay,unknown,FALSE,,,2000 POKEMON NEO GENESIS 1ST EDITION #14 SLOWKING-HOLO PSA 9 #14,https://www.ebay.es/itm/117333026332,PriceCharting
Neo Genesis,Slowking,14/111,1st Edition,PSA 9,2026-08-07,1460.48,USD,eBay,unknown,FALSE,,,POKEMON SLOWKING 2000 NEO GENESIS 1ST EDITION #14 HOLO PSA 9 *SWIRL* #14,https://www.ebay.es/itm/800434392229,PriceCharting
Neo Genesis,Slowking,14/111,1st Edition,PSA 9,2026-08-06,1476.01,USD,eBay,unknown,FALSE,,,2000 POKEMON NEO GENESIS 1ST EDITION #14 SLOWKING-HOLO PSA 9 #14,https://www.ebay.es/itm/117327470195,PriceCharting
Neo Genesis,Slowking,14/111,1st Edition,PSA 9,2026-07-29,1817.91,USD,eBay,best offer,TRUE,,,Slowking Holo 14/111 PSA 9 Neo Genesis 1st Edition Pokemon SWIRL 14/111,https://www.ebay.es/itm/168572863187,PriceCharting
Neo Genesis,Slowking,14/111,1st Edition,PSA 9,2026-07-19,1883.27,USD,eBay,unknown,FALSE,,,Slowking Holo 14/111 PSA 9 Neo Genesis 1st Edition Pokemon Card Game 14/111,https://www.ebay.es/itm/287262005452,PriceCharting
Neo Genesis,Slowking,14/111,1st Edition,PSA 9,2026-07-13,2500.00,USD,eBay,unknown,FALSE,,,2000 POKEMON NEO GENESIS 1ST EDITION #14 SLOWKING-HOLO PSA 9 #14,https://www.ebay.es/itm/298219873760,PriceCharting
Neo Genesis,Slowking,14/111,1st Edition,PSA 9,2026-07-10,1895.00,USD,eBay,unknown,FALSE,,,PSA 9 Mint 1st Edition Slowking Holo - 2000 Neo Genesis WOTC Vintage Pokémon 14/111,https://www.ebay.es/itm/306949834168,PriceCharting
Neo Genesis,Slowking,14/111,1st Edition,PSA 9,2026-07-02,1799.99,USD,eBay,unknown,FALSE,,,Pokémon TCG Slowking 14/111 Holo Rare Neo Genesis Card 2000 1st Edition PSA 9 14/111,https://www.ebay.es/itm/277823681442,PriceCharting
Neo Genesis,Slowking,14/111,1st Edition,PSA 9,2026-07-01,1681.54,USD,eBay,unknown,FALSE,,,Pokemon Slowking 1st Edition 14/111 Neo Genesis PSA 9,https://www.ebay.es/itm/178195056220,PriceCharting
Neo Genesis,Slowking,14/111,1st Edition,PSA 9,2026-06-30,2500.00,USD,eBay,unknown,FALSE,,,Pokemon Slowking Neo Genesis 1st Edition Holo Rare #14 PSA 9 Mint With Swirl! 14/111,https://www.ebay.es/itm/188582181340,PriceCharting
Neo Genesis,Slowking,14/111,1st Edition,PSA 10,2025-02-25,12499.99,USD,eBay,unknown,FALSE,,,Pokemon PSA 10 Gem Mint 1st Edition Neo Genesis Holo Slowking 14/111 (JC) 14/111,https://www.ebay.es/itm/325864672395,PriceCharting
Neo Genesis,Slowking,14/111,Unlimited,PSA 8,2026-09-20,249.99,USD,eBay,unknown,FALSE,,,Slowking Holo 14/111 Neo Genesis Pokemon PSA 8 POP 886 Double Swirl 14/111,https://www.ebay.es/itm/366679455399,PriceCharting
Neo Genesis,Slowking,14/111,Unlimited,PSA 8,2026-09-07,189.00,USD,eBay,unknown,FALSE,,,2000 POKEMON NEO GENESIS #14 SLOWKING-HOLO PSA 8 #14,https://www.ebay.es/itm/397975032555,PriceCharting
Neo Genesis,Slowking,14/111,Unlimited,PSA 8,2026-08-24,155.00,USD,eBay,unknown,FALSE,,,2000 POKEMON NEO GENESIS #14 SLOWKING-HOLO PSA 8 #14,https://www.ebay.es/itm/227488939291,PriceCharting
Neo Genesis,Slowking,14/111,Unlimited,PSA 8,2026-08-23,140.00,USD,eBay,unknown,FALSE,,,2000 POKEMON NEO GENESIS #14 SLOWKING-HOLO PSA 8 *SWIRL* #14,https://www.ebay.es/itm/298610253900,PriceCharting
Neo Genesis,Slowking,14/111,Unlimited,PSA 8,2026-08-22,151.00,USD,eBay,unknown,FALSE,,,PSA 8 Slowking 14/111 Neo Genesis Holo Unlimited 2000 WotC Pokemon Card 14/111,https://www.ebay.es/itm/287526998731,PriceCharting
Neo Genesis,Slowking,14/111,Unlimited,PSA 8,2026-08-14,175.00,USD,eBay,unknown,FALSE,,,Pokémon TCG Slowking Neo Genesis #14 PSA 8 NM-MINT 14/111,https://www.ebay.es/itm/206394056141,PriceCharting
Neo Genesis,Slowking,14/111,Unlimited,PSA 8,2026-08-08,169.99,USD,eBay,unknown,FALSE,,,2000 Pokemon Neo Genesis SLOWKING-HOLO 14/111 English PSA 8 14/111,https://www.ebay.es/itm/257655397028,PriceCharting
Neo Genesis,Slowking,14/111,Unlimited,PSA 8,2026-08-04,135.00,USD,eBay,best offer,TRUE,,,2000 Pokemon Card TCG - Neo Genesis - Slowking Holo Rare 14/111 English PSA 8 14/111,https://www.ebay.es/itm/227461228790,PriceCharting
Neo Genesis,Slowking,14/111,Unlimited,PSA 8,2026-08-04,155.00,USD,eBay,best offer,TRUE,,,2000 POKEMON NEO GENESIS #14 SLOWKING-HOLO PSA 8 SWIRL,https://www.ebay.es/itm/398243321412,PriceCharting
Neo Genesis,Slowking,14/111,Unlimited,PSA 8,2026-07-29,145.00,USD,eBay,best offer,TRUE,,,PSA 8 - 2000 Pokemon Card TCG - Neo Genesis - Slowking Holo Rare 14/111 English 14/111,https://www.ebay.es/itm/198493536074,PriceCharting
Neo Genesis,Slowking,14/111,Unlimited,PSA 8,2026-07-28,155.00,USD,eBay,best offer,TRUE,,,2000 POKEMON NEO GENESIS #14 SLOWKING HOLO PSA 8 14/111,https://www.ebay.es/itm/336677190655,PriceCharting
Neo Genesis,Slowking,14/111,Unlimited,PSA 8,2026-07-18,170.00,USD,eBay,unknown,FALSE,,,2000 POKEMON NEO GENESIS #14 SLOWKING-HOLO PSA 8 #14,https://www.ebay.es/itm/257583224702,PriceCharting
Neo Genesis,Slowking,14/111,Unlimited,PSA 8,2026-07-16,135.50,USD,eBay,best offer,TRUE,,,Slowking Holo 14/111 Neo Genesis Pokemon PSA 8 14/111,https://www.ebay.es/itm/407041924102,PriceCharting
Neo Genesis,Slowking,14/111,Unlimited,PSA 8,2026-07-15,154.29,USD,eBay,unknown,FALSE,,,SWIRL 2000 PSA 8 Slowking #14 Holo Rare WOTC Pokemon Game Neo Genesis Unlimited #14,https://www.ebay.es/itm/127934233180,PriceCharting
Neo Genesis,Slowking,14/111,Unlimited,PSA 8,2026-07-10,127.50,USD,eBay,unknown,FALSE,,,2000 Pokemon TCG Neo Genesis Slowking Holo Rare 14/111 PSA 8 Graded 14/111,https://www.ebay.es/itm/257611196930,PriceCharting
Neo Genesis,Slowking,14/111,Unlimited,PSA 8,2026-07-08,100.00,USD,eBay,best offer,TRUE,,,[ PSA 8 ] Slowking 14/111 Neo Genesis Unlimited Holo Rare English Pokemon 14/111,https://www.ebay.es/itm/227419020313,PriceCharting
Neo Genesis,Slowking,14/111,Unlimited,PSA 8,2026-07-06,129.99,USD,eBay,best offer,TRUE,,,PSA 8 2000 Pokemon TCG Neo Genesis Slowking Holo Rare 14/111 English W/ Swirl 🌀 14/111,https://www.ebay.es/itm/117286575743,PriceCharting
Neo Genesis,Slowking,14/111,Unlimited,PSA 8,2026-07-02,127.50,USD,eBay,unknown,FALSE,,,2000 POKEMON NEO GENESIS #14 SLOWKING-HOLO PSA 8 #14,https://www.ebay.es/itm/307019311929,PriceCharting
Neo Genesis,Slowking,14/111,Unlimited,PSA 8,2026-06-19,138.45,USD,eBay,best offer,TRUE,,,2000 PSA 8 Slowking #14 Holo Rare WOTC Pokemon Game Neo Genesis Unlimited #14,https://www.ebay.es/itm/157917357842,PriceCharting
Neo Genesis,Slowking,14/111,Unlimited,PSA 8,2026-06-16,130.00,USD,eBay,unknown,FALSE,,,2000 POKEMON NEO GENESIS #14 SLOWKING-HOLO PSA 8 #14,https://www.ebay.es/itm/298388040515,PriceCharting
Neo Genesis,Slowking,14/111,Unlimited,PSA 8,2026-06-07,125.00,USD,eBay,unknown,FALSE,,,Pokémon TCG Neo Genesis Slowking Holo Rare Card 14/111 PSA 8 NM-MT #13,https://www.ebay.es/itm/358620373447,PriceCharting
Neo Genesis,Slowking,14/111,Unlimited,PSA 8,2026-05-28,150.00,USD,eBay,unknown,FALSE,,,Pokémon TCG Neo Genesis Slowking Holo Rare Card 14/111 PSA 8 NM-MT Swirl! #13,https://www.ebay.es/itm/366436026428,PriceCharting
Neo Genesis,Slowking,14/111,Unlimited,PSA 9,2026-09-14,475.00,USD,eBay,best offer,TRUE,,,2000 POKEMON NEO GENESIS #14 SLOWKING-HOLO PSA 9 #14,https://www.ebay.es/itm/117406701707,PriceCharting
Neo Genesis,Slowking,14/111,Unlimited,PSA 9,2026-08-30,509.99,USD,eBay,unknown,FALSE,,,PSA 9 2000 Pokemon TCG Slowking 14/111 Neo Genesis Holo Unlimited EN Mint 14/111,https://www.ebay.es/itm/158164287941,PriceCharting
Neo Genesis,Slowking,14/111,Unlimited,PSA 9,2026-07-25,400.00,USD,eBay,best offer,TRUE,,,2000 POKEMON NEO GENESIS #14 SLOWKING-HOLO PSA 9 #14,https://www.ebay.es/itm/358539145695,PriceCharting
Neo Genesis,Slowking,14/111,Unlimited,PSA 9,2026-07-15,449.00,USD,eBay,unknown,FALSE,,,Pokemon 2000 Slowking 14/111 Holo Rare Neo Genesis PSA 9 14/111,https://www.ebay.es/itm/407060740062,PriceCharting
Neo Genesis,Slowking,14/111,Unlimited,PSA 9,2026-06-12,499.99,USD,eBay,unknown,FALSE,,,PSA 9 MINT Slowking 14/111 HOLO RARE Neo Genesis Pokemon Card,https://www.ebay.es/itm/277875830142,PriceCharting
Neo Genesis,Slowking,14/111,Unlimited,PSA 9,2026-06-08,400.19,USD,eBay,unknown,FALSE,,,Slowking Holo 14/111 PSA 9 Neo Genesis Unlimited Pokemon JA01 14/111,https://www.ebay.es/itm/168438727344,PriceCharting
Neo Genesis,Slowking,14/111,Unlimited,PSA 9,2026-04-26,291.86,USD,eBay,unknown,FALSE,,,Pokémon Slowking Neo Genesis Holo Rare 🌀DOUBLE SWIRL🌀 PSA 9 — GUARD INCLUDED 14/111,https://www.ebay.es/itm/397846467883,PriceCharting
Neo Genesis,Slowking,14/111,Unlimited,PSA 9,2026-04-04,345.00,USD,eBay,unknown,FALSE,,,2000 Pokemon Neo Genesis #14 Slowking Holo PSA 9 #14,https://www.ebay.es/itm/389821231225,PriceCharting
Neo Genesis,Slowking,14/111,Unlimited,PSA 9,2026-03-18,280.00,USD,eBay,best offer,TRUE,,,2000 POKEMON NEO GENESIS #14 SLOWKING-HOLO PSA 9 #14,https://www.ebay.es/itm/377043678775,PriceCharting
Neo Genesis,Slowking,14/111,Unlimited,PSA 9,2026-03-17,190.00,USD,eBay,best offer,TRUE,,,PSA 9 Slowking Holo Neo Genesis #14 - 2000 MINT Pokémon Card,https://www.ebay.es/itm/188174720651,PriceCharting
Neo Genesis,Slowking,14/111,Unlimited,PSA 9,2026-02-09,156.50,USD,eBay,unknown,FALSE,,,2000 POKEMON NEO GENESIS #14 SLOWKING-HOLO PSA 9 #14,https://www.ebay.es/itm/117000063504,PriceCharting
Neo Genesis,Slowking,14/111,Unlimited,PSA 9,2026-02-03,177.50,USD,eBay,unknown,FALSE,,,2000 Pokemon Neo Genesis Slowking Holo #14/111 PSA 9,https://www.ebay.es/itm/376909688350,PriceCharting
Neo Genesis,Slowking,14/111,Unlimited,PSA 10,2025-03-29,6997.00,USD,eBay,unknown,FALSE,,,2000 Neo Genesis Pokemon Slowking Holo #14 - PSA 10 GEM MINT (POP 8) #14,https://www.ebay.es/itm/326502954712,PriceCharting
Neo Genesis,Slowking,14/111,Unlimited,PSA 10,2024-09-05,3350.00,USD,eBay,unknown,FALSE,,,2000 Pokemon Neo Genesis Slowking Holo #14 PSA 10 Gem Mint SWIRL POP 8 #14,https://www.ebay.es/itm/276617778966,PriceCharting
Neo Genesis,Slowking,14/111,Unlimited,PSA 10,2024-01-08,4200.00,USD,eBay,unknown,FALSE,,,2000 Pokemon PSA 10 Slowking Holo - 14/111 Neo Genesis GM MT LOW POP SWIRL,https://www.ebay.es/itm/166529072086,PriceCharting
Neo Genesis,Steelix,15/111,1st Edition,PSA 8,2026-09-20,199.00,USD,eBay,unknown,FALSE,,,2000 Pokemon Neo Genesis 1st Edition Steelix-Holo #15 PSA 8 #15,https://www.ebay.es/itm/158306649275,PriceCharting
Neo Genesis,Steelix,15/111,1st Edition,PSA 8,2026-09-02,155.00,USD,eBay,unknown,FALSE,,,Steelix PSA 8 2000 Pokemon Neo Genesis 1st Edition #15/111 Holo 0794 15/111,https://www.ebay.es/itm/237030183034,PriceCharting
Neo Genesis,Steelix,15/111,1st Edition,PSA 8,2026-08-26,189.99,USD,eBay,unknown,FALSE,,,2000 Pokemon Neo Genesis Steelix Holo 1st Edition 15/111 PSA 8 15/111,https://www.ebay.es/itm/227486228404,PriceCharting
Neo Genesis,Steelix,15/111,1st Edition,PSA 8,2026-08-08,177.50,USD,eBay,unknown,FALSE,,,2000 POKEMON NEO GENESIS 1ST EDITION #15 STEELIX-HOLO PSA 8 #15,https://www.ebay.es/itm/117331120278,PriceCharting
Neo Genesis,Steelix,15/111,1st Edition,PSA 8,2026-07-04,165.00,USD,eBay,best offer,TRUE,,,Wizards of the Coast Pokémon TCG Neo Genesis Steelix 15/111 1st Ed Holo PSA 8 15/111,https://www.ebay.es/itm/336668862300,PriceCharting
Neo Genesis,Steelix,15/111,1st Edition,PSA 8,2026-07-01,185.00,USD,eBay,best offer,TRUE,,,Wizards of the Coast Pokémon TCG Neo Genesis Steelix 15/111 1st Ed Holo PSA 8 15/111,https://www.ebay.es/itm/318525433015,PriceCharting
Neo Genesis,Steelix,15/111,1st Edition,PSA 8,2026-06-28,185.00,USD,eBay,unknown,FALSE,,,2001 Pokemon 1st Edition Neo Genesis Steel-Steelix Holo 15/111 PSA 8 German #15,https://www.ebay.es/itm/278049422401,PriceCharting
Neo Genesis,Steelix,15/111,1st Edition,PSA 8,2026-06-05,170.00,USD,eBay,unknown,FALSE,,,Pokemon Steelix Neo Genesis 1st Edition Holo #15 PSA 8 15/111,https://www.ebay.es/itm/257548889527,PriceCharting
Neo Genesis,Steelix,15/111,1st Edition,PSA 8,2026-06-01,165.99,USD,eBay,best offer,TRUE,,,Pokemon Neo Genesis Steelix #15/111 Holo 1st Edition PSA 8 15/111,https://www.ebay.es/itm/358619464566,PriceCharting
Neo Genesis,Steelix,15/111,1st Edition,PSA 8,2026-05-28,169.99,USD,eBay,unknown,FALSE,,,Pokemon Neo Genesis Steelix Holo Rare 2000 #15/111 1st Edition PSA 8 NM MT 15/111,https://www.ebay.es/itm/358566642562,PriceCharting
Neo Genesis,Steelix,15/111,1st Edition,PSA 8,2026-05-25,153.50,USD,eBay,unknown,FALSE,,,Pokemon Steelix Neo Genesis 1st Edition Holo Rare #15 PSA 8,https://www.ebay.es/itm/287331593100,PriceCharting
Neo Genesis,Steelix,15/111,1st Edition,PSA 8,2026-05-19,155.00,USD,eBay,unknown,FALSE,,,Pokemon Neo Genesis Steelix Holo Rare 2000 #15/111 1st Edition PSA 8 NM MT 15/111,https://www.ebay.es/itm/236825411159,PriceCharting
Neo Genesis,Steelix,15/111,1st Edition,PSA 8,2026-05-19,165.00,USD,eBay,unknown,FALSE,,,Pokemon Neo Genesis Steelix Holo Rare 2000 #15/111 1st Edition PSA 8 NM MT 15/111,https://www.ebay.es/itm/397927092478,PriceCharting
Neo Genesis,Steelix,15/111,1st Edition,PSA 8,2026-05-18,152.50,USD,eBay,unknown,FALSE,,,Pokemon 2000 Steelix 15/111 Holo 1st Edition Neo Genesis PSA 8 15/111,https://www.ebay.es/itm/406911813566,PriceCharting
Neo Genesis,Steelix,15/111,1st Edition,PSA 8,2026-05-17,140.00,USD,eBay,best offer,TRUE,,,Pokemon Neo Genesis Steelix Holo Rare 2000 #15/111 1st Edition PSA 8 NM MT 15/111,https://www.ebay.es/itm/318305470236,PriceCharting
Neo Genesis,Steelix,15/111,1st Edition,PSA 8,2026-05-12,157.50,USD,eBay,unknown,FALSE,,,2000 Pokemon Neo Genesis 1st Edition #15 Steelix Holo PSA 8 NM-MT 15/111,https://www.ebay.es/itm/366387931463,PriceCharting
Neo Genesis,Steelix,15/111,1st Edition,PSA 8,2026-05-04,145.00,USD,eBay,unknown,FALSE,,,2000 POKEMON NEO GENESIS 1ST EDITION #15 STEELIX-HOLO PSA 8 #15 SHIPS FAST! 15/111,https://www.ebay.es/itm/147276607185,PriceCharting
Neo Genesis,Steelix,15/111,1st Edition,PSA 8,2026-05-02,182.50,USD,eBay,unknown,FALSE,,,Pokemon Steelix Neo Genesis 1st Edition Holo Rare #15 PSA 8 #15,https://www.ebay.es/itm/198322343784,PriceCharting
Neo Genesis,Steelix,15/111,1st Edition,PSA 8,2026-05-01,200.00,USD,eBay,unknown,FALSE,,,2000 POKEMON NEO GENESIS 1ST EDITION #15 STEELIX-HOLO PSA 8 #15,https://www.ebay.es/itm/227304261153,PriceCharting
Neo Genesis,Steelix,15/111,1st Edition,PSA 8,2026-04-27,270.00,USD,eBay,best offer,TRUE,,,2000 Pokemon Neo Genesis 15 Steelix Holo 1st Edition PSA 8 129663638 SWIRL 15/111,https://www.ebay.es/itm/157812030225,PriceCharting
Neo Genesis,Steelix,15/111,1st Edition,PSA 8,2026-04-26,160.50,USD,eBay,unknown,FALSE,,,Pokemon Steelix Neo Genesis 1st Edition Holo Rare #15 PSA 8,https://www.ebay.es/itm/287278113022,PriceCharting
Neo Genesis,Steelix,15/111,1st Edition,PSA 8,2026-04-21,160.00,USD,eBay,best offer,TRUE,,,2000 POKEMON NEO GENESIS 1ST EDITION #15 STEELIX-HOLO PSA 8 #15,https://www.ebay.es/itm/306892312423,PriceCharting
Neo Genesis,Steelix,15/111,1st Edition,PSA 8,2026-04-21,160.49,USD,eBay,unknown,FALSE,,,2000 Pokemon Neo Genesis 1st Edition Steelix Holo #15/111 PSA 8,https://www.ebay.es/itm/127812207836,PriceCharting
Neo Genesis,Steelix,15/111,1st Edition,PSA 9,2026-09-28,350.00,USD,eBay,unknown,FALSE,,,Steelix Neo Genesis Holo 1st Edition 15/111 (2000) PSA 9 Pokemon TCG Card 15/111,https://www.ebay.es/itm/377486534016,PriceCharting
Neo Genesis,Steelix,15/111,1st Edition,PSA 9,2026-09-27,425.00,USD,eBay,unknown,FALSE,,,2000 POKEMON NEO GENESIS 1ST EDITION #15 STEELIX-HOLO PSA 9 #15,https://www.ebay.es/itm/307195406761,PriceCharting
Neo Genesis,Steelix,15/111,1st Edition,PSA 9,2026-09-26,399.99,USD,eBay,unknown,FALSE,,,2000 Pokemon 1st Edition Neo Genesis Holo - Steelix #015/111 - Graded PSA 9 MINT 015/111,https://www.ebay.es/itm/318918799705,PriceCharting
Neo Genesis,Steelix,15/111,1st Edition,PSA 9,2026-09-25,314.75,USD,eBay,unknown,FALSE,,,2000 Pokemon 1st Edition Neo Genesis Holo Steelix PSA 9 #015/111 015/111,https://www.ebay.es/itm/158304446132,PriceCharting
Neo Genesis,Steelix,15/111,1st Edition,PSA 9,2026-09-18,632.55,USD,eBay,unknown,FALSE,,,2000 Pokemon 1st Edition Neo Genesis Holo Steelix PSA 9 #015/111 015/111,https://www.ebay.es/itm/158272058095,PriceCharting
Neo Genesis,Steelix,15/111,1st Edition,PSA 9,2026-09-13,326.19,USD,eBay,unknown,FALSE,,,2000 POKEMON NEO GENESIS 1ST EDITION #15 STEELIX-HOLO 1ST EDITION PSA 9 #15,https://www.ebay.es/itm/307158162396,PriceCharting
Neo Genesis,Steelix,15/111,1st Edition,PSA 9,2026-09-01,290.00,USD,eBay,best offer,TRUE,,,2000 POKEMON NEO GENESIS 1ST ED STEELIX PSA 9 MINT - HOLO 15/111 15/111,https://www.ebay.es/itm/127989579063,PriceCharting
Neo Genesis,Steelix,15/111,1st Edition,PSA 9,2026-08-17,266.00,USD,eBay,unknown,FALSE,,,Pokemon Steelix Holo Neo Genesis 1st Edition 15/111 PSA 9 Mint 15/111,https://www.ebay.es/itm/287511104929,PriceCharting
Neo Genesis,Steelix,15/111,1st Edition,PSA 9,2026-08-14,220.95,USD,eBay,unknown,FALSE,,,2000 Pokemon Neo Genesis 1st Edition Holo Steelix PSA 9 #15/111 15/111,https://www.ebay.es/itm/158161120150,PriceCharting
Neo Genesis,Steelix,15/111,1st Edition,PSA 9,2026-08-10,221.00,USD,eBay,unknown,FALSE,,,1st Edition Steelix HOLO - 15/111 - 2000 Pokemon Neo Genesis - PSA 9 15/111,https://www.ebay.es/itm/168588673231,PriceCharting
Neo Genesis,Steelix,15/111,1st Edition,PSA 9,2026-08-06,315.00,USD,eBay,best offer,TRUE,,,2000 POKEMON NEO GENESIS 1ST EDITION #15 STEELIX-HOLO PSA 9 #15,https://www.ebay.es/itm/117336875341,PriceCharting
Neo Genesis,Steelix,15/111,1st Edition,PSA 9,2026-08-05,294.00,USD,eBay,unknown,FALSE,,,2000 POKEMON NEO GENESIS 1ST EDITION #15 STEELIX-HOLO PSA 9 15/111,https://www.ebay.es/itm/366573535202,PriceCharting
Neo Genesis,Steelix,15/111,1st Edition,PSA 9,2026-08-04,300.00,USD,eBay,unknown,FALSE,,,2000 POKEMON NEO GENESIS 1ST EDITION #15 STEELIX-HOLO PSA 9 #15,https://www.ebay.es/itm/178353032301,PriceCharting
Neo Genesis,Steelix,15/111,1st Edition,PSA 9,2026-08-02,255.00,USD,eBay,unknown,FALSE,,,2000 POKEMON NEO GENESIS 1ST EDITION #15 STEELIX-HOLO PSA 9 #15,https://www.ebay.es/itm/117320975148,PriceCharting
Neo Genesis,Steelix,15/111,1st Edition,PSA 9,2026-07-21,344.00,USD,eBay,unknown,FALSE,,,2000 POKEMON NEO GENESIS 1ST EDITION #15 STEELIX-HOLO PSA 9 #15,https://www.ebay.es/itm/298500128924,PriceCharting
Neo Genesis,Steelix,15/111,1st Edition,PSA 9,2026-07-13,380.00,USD,eBay,unknown,FALSE,,,Pokemon Neo Genesis Steelix 15/111 Holo Rare First Edition PSA 9 15/111,https://www.ebay.es/itm/358751444757,PriceCharting
Neo Genesis,Steelix,15/111,1st Edition,PSA 9,2026-07-13,280.00,USD,eBay,unknown,FALSE,,,2000 POKEMON NEO GENESIS 1ST EDITION #15 STEELIX-HOLO PSA 9 #15,https://www.ebay.es/itm/298472255208,PriceCharting
Neo Genesis,Steelix,15/111,1st Edition,PSA 9,2026-07-09,350.00,USD,eBay,unknown,FALSE,,,2000 POKEMON NEO GENESIS 1ST EDITION #15 STEELIX-HOLO PSA 9 #15,https://www.ebay.es/itm/117292154394,PriceCharting
Neo Genesis,Steelix,15/111,1st Edition,PSA 9,2026-07-05,345.67,USD,eBay,unknown,FALSE,,,2000 POKEMON NEO GENESIS 1ST EDITION #15 STEELIX-HOLO PSA 9 #15,https://www.ebay.es/itm/307020952638,PriceCharting
Neo Genesis,Steelix,15/111,1st Edition,PSA 9,2026-07-04,375.00,USD,eBay,unknown,FALSE,,,The Pokemon Company Steelix 15/111 Neo Genesis Holo Rare 1st Ed PSA 9 EN 15/111,https://www.ebay.es/itm/366502171213,PriceCharting
Neo Genesis,Steelix,15/111,1st Edition,PSA 9,2026-06-23,310.00,USD,eBay,best offer,TRUE,,,Pokémon Steelix #15 Neo Genesis Holo 1st Edition 2000 English PSA 9 15/111,https://www.ebay.es/itm/267654267294,PriceCharting
Neo Genesis,Steelix,15/111,1st Edition,PSA 9,2026-06-23,275.00,USD,eBay,unknown,FALSE,,,Pokemon Steelix Holo Neo Genesis 1st Edition 15/111 PSA 9 15/111,https://www.ebay.es/itm/287411971726,PriceCharting
Neo Genesis,Steelix,15/111,1st Edition,PSA 9,2026-06-22,358.00,USD,eBay,unknown,FALSE,,,2000 POKEMON NEO GENESIS 1ST EDITION #15 STEELIX-HOLO PSA 9 #15,https://www.ebay.es/itm/306988336593,PriceCharting
Neo Genesis,Steelix,15/111,1st Edition,PSA 9,2026-06-21,286.16,USD,eBay,unknown,FALSE,,,2000 POKEMON NEO GENESIS 1ST EDITION #15/111 STEELIX HOLO RARE PSA 9 15/111,https://www.ebay.es/itm/206343180162,PriceCharting
Neo Genesis,Steelix,15/111,1st Edition,PSA 9,2026-06-17,264.50,USD,eBay,unknown,FALSE,,,Pokémon Steelix #15 Neo Genesis Holo 1st Edition 2000 English PSA 9 15/111,https://www.ebay.es/itm/236804390812,PriceCharting
Neo Genesis,Steelix,15/111,1st Edition,PSA 10,2026-09-22,2800.00,USD,eBay,unknown,FALSE,,,2000 Pokemon Neo Genesis 1st Edition Steelix Holo #15 PSA 10 GEM MINT 15/111,https://www.ebay.es/itm/820158989726,PriceCharting
Neo Genesis,Steelix,15/111,1st Edition,PSA 10,2026-09-18,2999.99,USD,eBay,unknown,FALSE,,,2000 POKEMON NEO GENESIS 1ST EDITION #15 STEELIX-HOLO PSA 10 #15,https://www.ebay.es/itm/307157224201,PriceCharting
Neo Genesis,Steelix,15/111,1st Edition,PSA 10,2026-09-17,2775.00,USD,eBay,unknown,FALSE,,,Pokemon Steelix Neo Genesis 1st Edition Holo Rare #15 PSA 10 Gem Mint,https://www.ebay.es/itm/287215053693,PriceCharting
Neo Genesis,Steelix,15/111,1st Edition,PSA 10,2026-09-13,2203.81,USD,eBay,best offer,TRUE,,,STEELIX POKÉMON 15/111 2000 NEO GENESIS 1ST EDITION HOLO ENGLISH PSA 10,https://www.ebay.es/itm/267650271296,PriceCharting
Neo Genesis,Steelix,15/111,1st Edition,PSA 10,2026-09-01,2200.00,USD,eBay,best offer,TRUE,,,2000 Pokemon Steelix Holo Neo Genesis 1st Edition #15 PSA 10 15/111,https://www.ebay.es/itm/318793537447,PriceCharting
Neo Genesis,Steelix,15/111,1st Edition,PSA 10,2026-08-24,2000.00,USD,eBay,unknown,FALSE,,,2000 POKEMON NEO GENESIS 1ST EDITION #15 STEELIX-HOLO PSA 10 #15,https://www.ebay.es/itm/298591827244,PriceCharting
Neo Genesis,Steelix,15/111,1st Edition,PSA 10,2026-08-24,2225.69,USD,eBay,unknown,FALSE,,,Pokemon Steelix Holo Neo Genesis 1st Edition 15/111 PSA 10 Gem Mint 15/111,https://www.ebay.es/itm/287524903794,PriceCharting
Neo Genesis,Steelix,15/111,1st Edition,PSA 10,2026-08-23,2025.00,USD,eBay,unknown,FALSE,,,2000 POKEMON NEO GENESIS 1ST EDITION #15 STEELIX-HOLO PSA 10 #15,https://www.ebay.es/itm/117359752804,PriceCharting
Neo Genesis,Steelix,15/111,1st Edition,PSA 10,2026-08-05,1725.00,USD,eBay,best offer,TRUE,,,Pokemon TCG Neo Genesis Steelix 15/111 1st Edition Holo English 2000 PSA 10 15/111,https://www.ebay.es/itm/178374195640,PriceCharting
Neo Genesis,Steelix,15/111,1st Edition,PSA 10,2026-07-17,1990.00,USD,eBay,unknown,FALSE,,,2000 POKEMON NEO GENESIS 1ST EDITION #15 STEELIX-HOLO PSA 10 #15,https://www.ebay.es/itm/298492270731,PriceCharting
Neo Genesis,Steelix,15/111,1st Edition,PSA 10,2026-06-21,2520.00,USD,eBay,unknown,FALSE,,,Pokemon Steelix Neo Genesis 1st Edition Holo Rare #15 PSA 10 Gem Mint,https://www.ebay.es/itm/287384724277,PriceCharting
Neo Genesis,Steelix,15/111,1st Edition,PSA 10,2026-06-01,2624.31,USD,eBay,unknown,FALSE,,,Steelix Holo 1st Edition Neo Genesis #15/111 PSA 10 GEM MINT 2000 Pokemon,https://www.ebay.es/itm/327172195220,PriceCharting
Neo Genesis,Steelix,15/111,1st Edition,PSA 10,2026-05-18,2250.00,USD,eBay,unknown,FALSE,,,2000 Pokemon Neo Genesis 1st Edition Steelix Holo #15/111 PSA 10 GEM MINT,https://www.ebay.es/itm/127856627957,PriceCharting
Neo Genesis,Steelix,15/111,1st Edition,PSA 10,2026-04-27,2275.00,USD,eBay,unknown,FALSE,,,Pokemon Steelix Neo Genesis 1st Edition Holo Rare #15 PSA 10 Gem Mint,https://www.ebay.es/itm/287278147585,PriceCharting
Neo Genesis,Steelix,15/111,1st Edition,PSA 10,2026-04-20,2175.00,USD,eBay,unknown,FALSE,,,Pokemon Steelix Neo Genesis 1st Edition Holo Rare #15 PSA 10 Gem Mint,https://www.ebay.es/itm/287264996465,PriceCharting
Neo Genesis,Steelix,15/111,1st Edition,PSA 10,2026-04-19,2011.82,USD,eBay,unknown,FALSE,,,STEELIX POKÉMON 15/111 2000 NEO GENESIS 1ST EDITION HOLO ENGLISH PSA 10,https://www.ebay.es/itm/137220236891,PriceCharting
Neo Genesis,Steelix,15/111,1st Edition,PSA 10,2026-04-12,2432.80,USD,eBay,best offer,TRUE,,,2000 POKEMON NEO GENESIS 1ST EDITION #15 STEELIX-HOLO PSA 10 #15,https://www.ebay.es/itm/377105948604,PriceCharting
Neo Genesis,Steelix,15/111,1st Edition,PSA 10,2026-04-06,2030.00,USD,eBay,unknown,FALSE,,,Pokemon Steelix Neo Genesis 1st Edition Holo Rare #15 PSA 10 Gem Mint,https://www.ebay.es/itm/287235264488,PriceCharting
Neo Genesis,Steelix,15/111,1st Edition,PSA 10,2026-04-05,2413.23,USD,eBay,unknown,FALSE,,,STEELIX POKÉMON 15/111 2000 NEO GENESIS 1ST EDITION HOLO ENGLISH PSA 10,https://www.ebay.es/itm/137168954917,PriceCharting
Neo Genesis,Steelix,15/111,1st Edition,PSA 10,2026-03-11,2828.89,USD,eBay,unknown,FALSE,,,2000 POKEMON NEO GENESIS 1ST EDITION #15 STEELIX-HOLO PSA 10 #15,https://www.ebay.es/itm/117066778764,PriceCharting
Neo Genesis,Steelix,15/111,1st Edition,PSA 10,2026-03-09,2650.00,USD,eBay,unknown,FALSE,,,Pokemon Steelix Neo Genesis 1st Edition Holo Rare #15 PSA 10 Gem Mint #15,https://www.ebay.es/itm/206094181063,PriceCharting
Neo Genesis,Steelix,15/111,1st Edition,PSA 10,2026-03-08,2125.00,USD,eBay,unknown,FALSE,,,Pokemon Steelix Neo Genesis 1st Edition Holo Rare #15 PSA 10 Gem Mint,https://www.ebay.es/itm/287172848179,PriceCharting
Neo Genesis,Steelix,15/111,1st Edition,PSA 10,2026-03-05,2180.00,USD,eBay,unknown,FALSE,,,Steelix Holo 1st Edition PSA 10 2000 Pokemon Neo Genesis 1st Edition #15 #15,https://www.ebay.es/itm/137095454930,PriceCharting
Neo Genesis,Steelix,15/111,1st Edition,PSA 10,2026-03-05,2000.00,USD,eBay,unknown,FALSE,,,Pokemon Steelix Neo Genesis 1st Edition Holo Rare #15 PSA 10 Gem Mint,https://www.ebay.es/itm/287167385421,PriceCharting
Neo Genesis,Steelix,15/111,1st Edition,PSA 10,2026-02-24,1900.00,USD,eBay,unknown,FALSE,,,2000 POKEMON NEO GENESIS 1ST ED #15 STEELIX-HOLO PSA 10 #15,https://www.ebay.es/itm/298057434209,PriceCharting
Neo Genesis,Steelix,15/111,1st Edition,PSA 10,2026-02-23,2076.00,USD,eBay,unknown,FALSE,,,Pokemon Steelix Neo Genesis 1st Edition Holo Rare #15 PSA 10 Gem Mint,https://www.ebay.es/itm/287139218045,PriceCharting
Neo Genesis,Steelix,15/111,1st Edition,PSA 10,2026-02-22,1450.00,USD,eBay,best offer,TRUE,,,Pokemon Steelix Neo Genesis 1st Edition Holo Rare #15 PSA 10 Gem Mint 15/111,https://www.ebay.es/itm/406713816720,PriceCharting
Neo Genesis,Steelix,15/111,1st Edition,PSA 10,2026-02-21,1750.00,USD,eBay,best offer,TRUE,,,2000 Pokémon Neo Genesis (1st Edition) Steelix-Holo #15 PSA 10 (New Cert!) #15,https://www.ebay.es/itm/397625687725,PriceCharting
Neo Genesis,Steelix,15/111,1st Edition,PSA 10,2026-02-19,1600.00,USD,eBay,unknown,FALSE,,,Pokemon Steelix Neo Genesis 1st Edition Holo Rare #15 PSA 10 Gem Mint,https://www.ebay.es/itm/287061615306,PriceCharting
Neo Genesis,Steelix,15/111,1st Edition,PSA 10,2026-02-19,1350.00,USD,eBay,unknown,FALSE,,,Pokemon Steelix Neo Genesis 1st Edition Holo Rare #15 PSA 10 Gem Mint,https://www.ebay.es/itm/287148715021,PriceCharting
Neo Genesis,Steelix,15/111,Unlimited,PSA 8,2026-09-21,79.99,USD,eBay,unknown,FALSE,,,PSA 8 2000 Pokemon Neo Genesis Unlimited 15/111 Steelix HOLO RARE 15/111,https://www.ebay.es/itm/257746730230,PriceCharting
Neo Genesis,Steelix,15/111,Unlimited,PSA 8,2026-08-11,91.72,USD,eBay,best offer,TRUE,,,PSA 8 STEELIX 15/111 Holo Rare Neo Genesis Unlimited WOTC 2000 - Pokemon Card 15/111,https://www.ebay.es/itm/206453920044,PriceCharting
Neo Genesis,Steelix,15/111,Unlimited,PSA 8,2026-08-02,86.00,USD,eBay,unknown,FALSE,,,2000 POKEMON NEO GENESIS #15 STEELIX-HOLO PSA 8 #15,https://www.ebay.es/itm/298528309730,PriceCharting
Neo Genesis,Steelix,15/111,Unlimited,PSA 8,2026-07-19,90.00,USD,eBay,best offer,TRUE,,,Pokemon PSA 8 Steelix 15/111 Neo Genesis Unl 2000 New Cert,https://www.ebay.es/itm/318597682871,PriceCharting
Neo Genesis,Steelix,15/111,Unlimited,PSA 8,2026-07-09,89.00,USD,eBay,unknown,FALSE,,,Pokemon 2000 Steelix 15/111 Holo Neo Genesis PSA 8 15/111,https://www.ebay.es/itm/407060740370,PriceCharting
Neo Genesis,Steelix,15/111,Unlimited,PSA 8,2026-06-14,92.00,USD,eBay,unknown,FALSE,,,2000 POKEMON NEO GENESIS #15 STEELIX-HOLO PSA 8 #15,https://www.ebay.es/itm/336618365221,PriceCharting
Neo Genesis,Steelix,15/111,Unlimited,PSA 8,2026-05-24,85.99,USD,eBay,unknown,FALSE,,,2000 POKEMON NEO GENESIS #15 STEELIX-HOLO PSA 8 #15,https://www.ebay.es/itm/117196926294,PriceCharting
Neo Genesis,Steelix,15/111,Unlimited,PSA 8,2026-05-18,84.99,USD,eBay,unknown,FALSE,,,Steelix 15 Holo 2000 Pokemon Neo Genesis PSA 8 NM-MT (CE) #15,https://www.ebay.es/itm/306895114672,PriceCharting
Neo Genesis,Steelix,15/111,Unlimited,PSA 8,2026-05-11,75.00,USD,eBay,unknown,FALSE,,,PSA 8 NM-MT Steelix Neo Genesis Holo Rare Pokemon Card 15/111,https://www.ebay.es/itm/206147293255,PriceCharting
Neo Genesis,Steelix,15/111,Unlimited,PSA 8,2026-04-21,65.00,USD,eBay,best offer,TRUE,,,Pokemon Steelix Holo #15 Neo Genesis Near Mint PSA 8 #15,https://www.ebay.es/itm/257404187283,PriceCharting
Neo Genesis,Steelix,15/111,Unlimited,PSA 8,2026-04-20,70.00,USD,eBay,best offer,TRUE,,,Pokémon TCG Steelix 15/111 Holo Neo Genesis PSA 8 Mint Condition 15/111,https://www.ebay.es/itm/358394860139,PriceCharting
Neo Genesis,Steelix,15/111,Unlimited,PSA 8,2026-04-19,59.00,USD,eBay,best offer,TRUE,,,Pokémon TCG Steelix 15/111 Holo Neo Genesis PSA 8 Mint Condition 15/111,https://www.ebay.es/itm/188291263365,PriceCharting
Neo Genesis,Steelix,15/111,Unlimited,PSA 8,2026-04-09,50.00,USD,eBay,best offer,TRUE,,,Pokemon 2000 Neo-Genesis - Steelix Holo 15/111 - PSA 8 15/111,https://www.ebay.es/itm/157756934551,PriceCharting
Neo Genesis,Steelix,15/111,Unlimited,PSA 8,2026-04-08,100.00,USD,eBay,unknown,FALSE,,,2000 POKEMON NEO GENESIS #15 STEELIX-HOLO PSA 8 #15,https://www.ebay.es/itm/298173249290,PriceCharting
Neo Genesis,Steelix,15/111,Unlimited,PSA 8,2026-04-06,67.00,USD,eBay,best offer,TRUE,,,2000 POKEMON NEO GENESIS STEELIX-HOLO PSA 8 #15,https://www.ebay.es/itm/287255894303,PriceCharting
Neo Genesis,Steelix,15/111,Unlimited,PSA 8,2026-03-31,75.00,USD,eBay,unknown,FALSE,,,Steelix 15/111 2000 Pokémon TCG Neo Genesis Holo Rare PSA 8 NM-MT 15/111,https://www.ebay.es/itm/406651259677,PriceCharting
Neo Genesis,Steelix,15/111,Unlimited,PSA 8,2026-03-30,66.00,USD,eBay,best offer,TRUE,,,2000 POKEMON NEO GENESIS #15 STEELIX-HOLO PSA 8 #15,https://www.ebay.es/itm/298126812242,PriceCharting
Neo Genesis,Steelix,15/111,Unlimited,PSA 8,2026-03-14,64.99,USD,eBay,unknown,FALSE,,,2000 POKEMON NEO GENESIS #15 STEELIX-HOLO PSA 8 #15,https://www.ebay.es/itm/298113483675,PriceCharting
Neo Genesis,Steelix,15/111,Unlimited,PSA 8,2026-03-08,79.99,USD,eBay,unknown,FALSE,,,Pokemon Steelix Holo #15 Neo Genesis Near Mint PSA 8 #15,https://www.ebay.es/itm/298060248611,PriceCharting
Neo Genesis,Steelix,15/111,Unlimited,PSA 8,2026-03-01,56.00,USD,eBay,unknown,FALSE,,,2000 POKEMON NEO GENESIS #15 STEELIX-HOLO PSA 8 #15,https://www.ebay.es/itm/306780082228,PriceCharting
Neo Genesis,Steelix,15/111,Unlimited,PSA 8,2026-02-17,56.00,USD,eBay,unknown,FALSE,,,2000 POKEMON NEO GENESIS STEELIX-HOLO PSA 8 15/111 G39,https://www.ebay.es/itm/277714654192,PriceCharting
Neo Genesis,Steelix,15/111,Unlimited,PSA 8,2026-02-08,64.99,USD,eBay,unknown,FALSE,,,2000 POKEMON NEO GENESIS 15 STEELIX-HOLO PSA 8 15/111,https://www.ebay.es/itm/389577173602,PriceCharting
Neo Genesis,Steelix,15/111,Unlimited,PSA 9,2026-09-03,149.99,USD,eBay,unknown,FALSE,,,Pokemon 2000 Neo Genesis Steelix #15 Holo PSA 9 15/111,https://www.ebay.es/itm/227501518255,PriceCharting
Neo Genesis,Steelix,15/111,Unlimited,PSA 9,2026-08-30,87.24,USD,eBay,unknown,FALSE,,,Pokemon Steelix Holo Neo Genesis Unlimited 15/111 PSA 9 Mint 15/111,https://www.ebay.es/itm/287541280861,PriceCharting
Neo Genesis,Steelix,15/111,Unlimited,PSA 9,2026-08-30,159.00,USD,eBay,unknown,FALSE,,,Pokemon Neo Genesis Steelix PSA 9 15/111,https://www.ebay.es/itm/147533659769,PriceCharting
Neo Genesis,Steelix,15/111,Unlimited,PSA 9,2026-08-25,111.50,USD,eBay,unknown,FALSE,,,2000 Pokemon Neo Genesis #15 Steelix Holo PSA 9 MINT,https://www.ebay.es/itm/800524456656,PriceCharting
Neo Genesis,Steelix,15/111,Unlimited,PSA 9,2026-08-14,105.50,USD,eBay,unknown,FALSE,,,2000 Pokemon Neo Genesis Steelix Holo #15 PSA 9,https://www.ebay.es/itm/377404116817,PriceCharting
Neo Genesis,Steelix,15/111,Unlimited,PSA 9,2026-08-10,88.00,USD,eBay,unknown,FALSE,,,Wizards of the Coast Pokemon TCG Steelix Neo Genesis 15/111 Holo PSA 9 15/111,https://www.ebay.es/itm/398243303962,PriceCharting
Neo Genesis,Steelix,15/111,Unlimited,PSA 9,2026-08-07,87.00,USD,eBay,unknown,FALSE,,,Pokémon TCG - PSA 9 Steelix Holo Neo Genesis 15/111 2000 WOTC 15/111,https://www.ebay.es/itm/800462401202,PriceCharting
Neo Genesis,Steelix,15/111,Unlimited,PSA 9,2026-08-02,110.00,USD,eBay,best offer,TRUE,,,Pokémon TCG - PSA 9 Steelix Holo Neo Genesis 15/111 2000 WOTC 15/111,https://www.ebay.es/itm/327270259775,PriceCharting
Neo Genesis,Steelix,15/111,Unlimited,PSA 9,2026-06-07,164.99,USD,eBay,unknown,FALSE,,,Pokémon TCG Steelix Neo Genesis Holo Rare Unlimited #15/111 PSA 9 MINT W/SWIRL 15/111,https://www.ebay.es/itm/278049429563,PriceCharting
Neo Genesis,Steelix,15/111,Unlimited,PSA 9,2026-06-06,120.00,USD,eBay,best offer,TRUE,,,Steelix - Pokemon Neo Genesis #15 - Mint PSA 9 #15,https://www.ebay.es/itm/116900940930,PriceCharting
Neo Genesis,Steelix,15/111,Unlimited,PSA 9,2026-06-05,140.00,USD,eBay,unknown,FALSE,,,Steelix - Pokemon Neo Genesis #15 - Mint PSA 9 🔥 #15,https://www.ebay.es/itm/188171942729,PriceCharting
Neo Genesis,Steelix,15/111,Unlimited,PSA 9,2026-05-27,117.50,USD,eBay,unknown,FALSE,,,2000 POKEMON NEO GENESIS #15 STEELIX-HOLO PSA 9 #15,https://www.ebay.es/itm/298329855152,PriceCharting
Neo Genesis,Steelix,15/111,Unlimited,PSA 9,2026-05-01,124.99,USD,eBay,unknown,FALSE,,,Pokémon TCG Steelix Holo PSA 9 Mint Neo Genesis 15/111,https://www.ebay.es/itm/117152650836,PriceCharting
Neo Genesis,Steelix,15/111,Unlimited,PSA 9,2026-05-01,112.95,USD,eBay,unknown,FALSE,,,2000 POKEMON NEO GENESIS #15 STEELIX-HOLO PSA 9 See Pictures Minor Slab Scratch 15/111,https://www.ebay.es/itm/187956260696,PriceCharting
Neo Genesis,Steelix,15/111,Unlimited,PSA 9,2026-04-25,120.00,USD,eBay,unknown,FALSE,,,Pokémon TCG Steelix Holo PSA 9 Mint Neo Genesis 15/111,https://www.ebay.es/itm/198273477729,PriceCharting
Neo Genesis,Steelix,15/111,Unlimited,PSA 9,2026-04-21,137.50,USD,eBay,unknown,FALSE,,,Pokémon TCG Steelix Neo Genesis Holo Rare Unlimited 15/111 PSA 9 English 15/111,https://www.ebay.es/itm/358447179926,PriceCharting
Neo Genesis,Steelix,15/111,Unlimited,PSA 9,2026-04-10,120.00,USD,eBay,unknown,FALSE,,,2000 POKEMON NEO GENESIS #15 STEELIX-HOLO PSA 9 #15,https://www.ebay.es/itm/306806903216,PriceCharting
Neo Genesis,Steelix,15/111,Unlimited,PSA 9,2026-04-10,87.00,USD,eBay,unknown,FALSE,,,Pokemon PSA 9 2000 Steelix Neo Genesis #15 Holo,https://www.ebay.es/itm/377082504225,PriceCharting
Neo Genesis,Steelix,15/111,Unlimited,PSA 9,2026-03-31,115.00,USD,eBay,unknown,FALSE,,,2001 Pokemon Neo Genesis Steelix Holo Rare #15 PSA 9 #15,https://www.ebay.es/itm/358386093204,PriceCharting
Neo Genesis,Steelix,15/111,Unlimited,PSA 10,2026-08-31,1499.99,USD,eBay,unknown,FALSE,,,Pokemon Steelix Neo Genesis Unlimited Holo Rare #15 PSA 10 Gem Mint,https://www.ebay.es/itm/287215053747,PriceCharting
Neo Genesis,Steelix,15/111,Unlimited,PSA 10,2026-08-21,939.00,USD,eBay,unknown,FALSE,,,2000 POKEMON NEO GENESIS #15 STEELIX-HOLO PSA 10 #15,https://www.ebay.es/itm/298578823504,PriceCharting
Neo Genesis,Steelix,15/111,Unlimited,PSA 10,2026-06-20,1200.00,USD,eBay,best offer,TRUE,,,2000 POKEMON NEO GENESIS #15 STEELIX-HOLO PSA 10 #15,https://www.ebay.es/itm/117120796015,PriceCharting
Neo Genesis,Steelix,15/111,Unlimited,PSA 10,2026-06-10,753.07,USD,eBay,unknown,FALSE,,,2000 Neo Genesis Steelix 15/111 Holo PSA 10 Pokémon Rare TCG Onix Gem Mint #15,https://www.ebay.es/itm/257531214500,PriceCharting
Neo Genesis,Steelix,15/111,Unlimited,PSA 10,2026-03-11,605.00,USD,eBay,unknown,FALSE,,,2000 Pokemon Neo Genesis Steelix Holo 15/111 PSA 10 Gem Mint 15/111,https://www.ebay.es/itm/206116992230,PriceCharting
Neo Genesis,Steelix,15/111,Unlimited,PSA 10,2026-01-26,600.00,USD,eBay,best offer,TRUE,,,Steelix Neo Genesis 15/111 Holo Pokemon Card 2000 PSA 10 GEM MINT POP 77 15/111,https://www.ebay.es/itm/287083919582,PriceCharting
Neo Genesis,Steelix,15/111,Unlimited,PSA 10,2026-01-04,380.00,USD,eBay,unknown,FALSE,,,Steelix Neo Genesis 15/111 Holo Pokemon Card 2000 PSA 10 GEM MINT POP 75 15/111,https://www.ebay.es/itm/376497871245,PriceCharting
Neo Genesis,Steelix,15/111,Unlimited,PSA 10,2026-01-01,300.00,USD,eBay,unknown,FALSE,,,Steelix Neo Genesis 15/111 Holo Pokemon Card 2000 PSA 10 GEM MINT POP 75 15/111,https://www.ebay.es/itm/236548418814,PriceCharting
Neo Genesis,Steelix,15/111,Unlimited,PSA 10,2025-12-25,349.97,USD,eBay,unknown,FALSE,,,Steelix Neo Genesis 15/111 Holo Pokemon Card 2000 PSA 10 GEM MINT POP 75 15/111,https://www.ebay.es/itm/236122794234,PriceCharting
Neo Genesis,Steelix,15/111,Unlimited,PSA 10,2025-09-14,337.00,USD,eBay,unknown,FALSE,,,Pokemon Steelix Neo Genesis Unlimited Holo Rare #15 PSA 10 Gem Mint,https://www.ebay.es/itm/286804369418,PriceCharting
Neo Genesis,Steelix,15/111,Unlimited,PSA 10,2025-08-10,266.00,USD,eBay,unknown,FALSE,,,Pokemon Steelix Neo Genesis Unlimited Holo Rare #15 PSA 10 Gem Mint,https://www.ebay.es/itm/286739114502,PriceCharting
Neo Genesis,Steelix,15/111,Unlimited,PSA 10,2025-08-08,400.00,USD,eBay,unknown,FALSE,,,Pokemon Neo Genesis #15 Steelix Holo Rare PSA 10 15/111,https://www.ebay.es/itm/365680791797,PriceCharting
Neo Genesis,Steelix,15/111,Unlimited,PSA 10,2025-07-27,399.99,USD,eBay,unknown,FALSE,,,PSA 10 STEELIX 15 NEO GENESIS HOLO POKEMON GEM MINT,https://www.ebay.es/itm/405913917698,PriceCharting
Neo Genesis,Steelix,15/111,Unlimited,PSA 10,2025-07-03,295.99,USD,eBay,unknown,FALSE,,,"2000 POKEMON Neo Genesis Steelix #15 HOLO PSA 10! ""LOW POP"" #15",https://www.ebay.es/itm/156879725239,PriceCharting
Neo Genesis,Steelix,15/111,Unlimited,PSA 10,2025-06-03,384.00,USD,eBay,unknown,FALSE,,,2000 Pokemon Neo Genesis Steelix #15 PSA 10 #15,https://www.ebay.es/itm/177137279693,PriceCharting
Neo Genesis,Steelix,15/111,Unlimited,PSA 10,2025-04-10,349.99,USD,eBay,unknown,FALSE,,,"2000 POKEMON Neo Genesis Steelix #15 HOLO PSA 10! ""LOW POP"" #15",https://www.ebay.es/itm/156839068682,PriceCharting
Neo Genesis,Steelix,15/111,Unlimited,PSA 10,2025-03-28,325.00,USD,eBay,unknown,FALSE,,,2000 POKEMON NEO GENESIS #15 STEELIX-HOLO PSA 10 #15,https://www.ebay.es/itm/305987069311,PriceCharting
Neo Genesis,Steelix,15/111,Unlimited,PSA 10,2025-03-22,249.99,USD,eBay,unknown,FALSE,,,2000 Pokemon Neo Genesis Steelix Holo 15/111 PSA 10 Gem Mint 15/111,https://www.ebay.es/itm/146452058438,PriceCharting
Neo Genesis,Steelix,15/111,Unlimited,PSA 10,2024-12-15,249.99,USD,eBay,unknown,FALSE,,,2000 Pokemon Neo Genesis Steelix Holo 15/111 PSA 10 Gem Mint 15/111,https://www.ebay.es/itm/146254419059,PriceCharting
Neo Genesis,Steelix,15/111,Unlimited,PSA 10,2024-12-14,290.14,USD,eBay,unknown,FALSE,,,2000 Pokemon Neo Genesis Steelix Holo 15/111 PSA 10 Gem Mint,https://www.ebay.es/itm/285064298464,PriceCharting
Neo Genesis,Steelix,15/111,Unlimited,PSA 10,2024-12-10,175.00,USD,eBay,unknown,FALSE,,,2000 Pokemon Neo Genesis Steelix Holo 15/111 PSA 10 Gem Mint 15/111,https://www.ebay.es/itm/196883187689,PriceCharting
Neo Genesis,Steelix,15/111,Unlimited,PSA 10,2024-05-05,180.07,USD,eBay,unknown,FALSE,,,Steelix #15 Neo Genesis Holo Rare 2000 Pokemon TCG Card PSA 10 Gem Mint #15,https://www.ebay.es/itm/166736842128,PriceCharting
Neo Genesis,Steelix,15/111,Unlimited,PSA 10,2024-04-23,240.00,USD,eBay,unknown,FALSE,,,Steelix 15/111 Neo Genesis Holo Rare 2000 Pokemon TCG Card PSA 10 Gem Mint 15/111,https://www.ebay.es/itm/235464473888,PriceCharting
Neo Genesis,Steelix,15/111,Unlimited,PSA 10,2024-04-12,177.50,USD,eBay,unknown,FALSE,,,2000 Pokemon Neo Genesis #15 Steelix - Holo PSA 10 GEM MINT,https://www.ebay.es/itm/375351992221,PriceCharting
Neo Genesis,Steelix,15/111,Unlimited,PSA 10,2024-03-22,299.95,USD,eBay,unknown,FALSE,,,Steelix #15 Neo Genesis Holo Rare 2000 Pokemon TCG Card PSA 10 Gem Mint #15,https://www.ebay.es/itm/315217293466,PriceCharting
Neo Genesis,Steelix,15/111,Unlimited,PSA 10,2024-03-03,172.51,USD,eBay,unknown,FALSE,,,Pokemon Steelix Neo Genesis Unlimited Holo Rare #15 PSA 10 Gem Mint,https://www.ebay.es/itm/285731572800,PriceCharting
Neo Genesis,Steelix,15/111,Unlimited,PSA 10,2023-11-17,161.59,USD,eBay,unknown,FALSE,,,Pokemon Card PSA 10 Gem Mint Steelix Neo Genesis 2000 Holo 15/111,https://www.ebay.es/itm/115970965079,PriceCharting
Neo Genesis,Togetic,16/111,1st Edition,PSA 8,2026-09-28,193.50,USD,eBay,unknown,FALSE,,,Pokemon TCG Togetic 1st Edition Neo Genesis Holo Rare 16/111 PSA 8 NM-MT 16/111,https://www.ebay.es/itm/198660560424,PriceCharting
Neo Genesis,Togetic,16/111,1st Edition,PSA 8,2026-09-27,175.00,USD,eBay,best offer,TRUE,,,Pokemon TCG 2000 Neo Genesis Togetic 16/111 1st Edition Holo Rare PSA 8 16/111,https://www.ebay.es/itm/318916644525,PriceCharting
Neo Genesis,Togetic,16/111,1st Edition,PSA 8,2026-09-15,195.94,USD,eBay,best offer,TRUE,,,2000 Pokemon 1st Edition Neo Genesis Togetic | PSA 8 16/111,https://www.ebay.es/itm/407205665562,PriceCharting
Neo Genesis,Togetic,16/111,1st Edition,PSA 8,2026-09-13,185.78,USD,eBay,unknown,FALSE,,,2000 POKEMON NEO GENESIS 1ST EDITION #16 TOGETIC-HOLO 1ST EDITION PSA 8 #16,https://www.ebay.es/itm/307158161039,PriceCharting
Neo Genesis,Togetic,16/111,1st Edition,PSA 8,2026-09-05,192.50,USD,eBay,unknown,FALSE,,,2000 POKEMON NEO GENESIS 1ST EDITION #16 TOGETIC-HOLO PSA 8 #16,https://www.ebay.es/itm/117382139733,PriceCharting
Neo Genesis,Togetic,16/111,1st Edition,PSA 8,2026-09-03,198.74,USD,eBay,best offer,TRUE,,,2000 Pokemon 1st Edition Neo Genesis Togetic | PSA 8 16/111,https://www.ebay.es/itm/407119120770,PriceCharting
Neo Genesis,Togetic,16/111,1st Edition,PSA 8,2026-09-01,190.00,USD,eBay,best offer,TRUE,,,PSA 8 2000 Pokemon TCG Neo Genesis 1st Edition Togetic Holo 16/111 EN 16/111,https://www.ebay.es/itm/198608310922,PriceCharting
Neo Genesis,Togetic,16/111,1st Edition,PSA 8,2026-08-30,184.12,USD,eBay,unknown,FALSE,,,Togetic Holo 16/111 Neo Genesis 1st Edition Pokemon PSA 8 16/111,https://www.ebay.es/itm/178433898373,PriceCharting
Neo Genesis,Togetic,16/111,1st Edition,PSA 8,2026-08-12,275.00,USD,eBay,best offer,TRUE,,,2000 POKEMON NEO GENESIS 1ST EDITION #16 TOGETIC-HOLO PSA 8 #16,https://www.ebay.es/itm/298565551962,PriceCharting
Neo Genesis,Togetic,16/111,1st Edition,PSA 8,2026-08-11,194.35,USD,eBay,unknown,FALSE,,,Pokemon Togetic 1st Edition 16/111 Neo Genesis PSA 8,https://www.ebay.es/itm/178343348717,PriceCharting
Neo Genesis,Togetic,16/111,1st Edition,PSA 8,2026-08-01,162.50,USD,eBay,unknown,FALSE,,,2000 POKEMON NEO GENESIS 1ST EDITION #16 TOGETIC-HOLO PSA 8 #16,https://www.ebay.es/itm/298528281813,PriceCharting
Neo Genesis,Togetic,16/111,1st Edition,PSA 8,2026-08-01,211.50,USD,eBay,unknown,FALSE,,,2000 POKEMON NEO GENESIS 1ST EDITION #16 TOGETIC-HOLO PSA 8 #16,https://www.ebay.es/itm/307081736410,PriceCharting
Neo Genesis,Togetic,16/111,1st Edition,PSA 8,2026-07-26,175.00,USD,eBay,best offer,TRUE,,,2000 Pokemon 1st Edition Neo Genesis Togetic | PSA 8 16/111,https://www.ebay.es/itm/307086275615,PriceCharting
Neo Genesis,Togetic,16/111,1st Edition,PSA 8,2026-07-22,195.00,USD,eBay,unknown,FALSE,,,2000 Pokemon Neo Genesis 1st Edition 16/111 Togetic Holo PSA 8 NM-MT Swirl #16,https://www.ebay.es/itm/278205597348,PriceCharting
Neo Genesis,Togetic,16/111,1st Edition,PSA 8,2026-07-18,180.00,USD,eBay,best offer,TRUE,,,Pokémon TCG Neo Genesis Togetic 16/111 1st Edition Holo PSA 8 2000 16/111,https://www.ebay.es/itm/318565718018,PriceCharting
Neo Genesis,Togetic,16/111,1st Edition,PSA 8,2026-07-03,228.74,USD,eBay,best offer,TRUE,,,TOGETIC Pokemon Neo Genesis 1st Edition First Edition Holo 16/111 - PSA 8 Holo,https://www.ebay.es/itm/398046082613,PriceCharting
Neo Genesis,Togetic,16/111,1st Edition,PSA 8,2026-06-29,180.50,USD,eBay,unknown,FALSE,,,TOGETIC 2000 POKEMON NEO GENESIS HOLO RARE 1ST EDITION #16 PSA 8 Q7285 #16,https://www.ebay.es/itm/278112365020,PriceCharting
Neo Genesis,Togetic,16/111,1st Edition,PSA 8,2026-06-24,175.00,USD,eBay,unknown,FALSE,,,2000 Pokemon Neo Genesis Togetic 1st Edition Holo #16 PSA 8 Graded Pokémon Card 16/111,https://www.ebay.es/itm/188213280800,PriceCharting
Neo Genesis,Togetic,16/111,1st Edition,PSA 8,2026-06-11,199.99,USD,eBay,unknown,FALSE,,,PSA 8 2000 Pokémon Neo Genesis 1st Edition Holo Togetic 16/111 English 16/111,https://www.ebay.es/itm/198412014605,PriceCharting
Neo Genesis,Togetic,16/111,1st Edition,PSA 8,2026-06-11,178.50,USD,eBay,unknown,FALSE,,,2000 Pokemon Neo Genesis 1st Edition #16 Togetic Holo PSA 8 NM-MT,https://www.ebay.es/itm/366453566514,PriceCharting
Neo Genesis,Togetic,16/111,1st Edition,PSA 8,2026-06-04,193.50,USD,eBay,unknown,FALSE,,,90799941 Togetic 2000 Pokemon Neo Genesis 1st Edition #16 Holo PSA 8 16/111,https://www.ebay.es/itm/157946614946,PriceCharting
Neo Genesis,Togetic,16/111,1st Edition,PSA 8,2026-06-03,180.00,USD,eBay,unknown,FALSE,,,2000 POKEMON NEO GENESIS 1ST EDITION #16 TOGETIC-HOLO PSA 8 #16,https://www.ebay.es/itm/117229984999,PriceCharting
Neo Genesis,Togetic,16/111,1st Edition,PSA 8,2026-05-27,179.50,USD,eBay,unknown,FALSE,,,2000 Pokemon Neo Genesis 1st Edition #16 Togetic Holo PSA 8 NM-MT,https://www.ebay.es/itm/800041116479,PriceCharting
Neo Genesis,Togetic,16/111,1st Edition,PSA 8,2026-05-25,133.50,USD,eBay,unknown,FALSE,,,Pokemon Togetic Neo Genesis 1st Edition Holo Rare #16 PSA 8,https://www.ebay.es/itm/287331593132,PriceCharting
Neo Genesis,Togetic,16/111,1st Edition,PSA 8,2026-05-18,168.50,USD,eBay,unknown,FALSE,,,Pokemon 2000 Togetic 16/111 Holo 1st Edition Neo Genesis PSA 8 16/111,https://www.ebay.es/itm/406911786001,PriceCharting
Neo Genesis,Togetic,16/111,1st Edition,PSA 8,2026-05-11,125.50,USD,eBay,unknown,FALSE,,,2000 POKEMON NEO GENESIS FIRST 1ST EDITION #16 TOGETIC-HOLO PSA 8 #16,https://www.ebay.es/itm/178102050233,PriceCharting
Neo Genesis,Togetic,16/111,1st Edition,PSA 9,2026-09-25,449.99,USD,eBay,unknown,FALSE,,,Pokemon Togetic #16 Neo Genesis 1st Edition Holo PSA 9 16/111,https://www.ebay.es/itm/800701456347,PriceCharting
Neo Genesis,Togetic,16/111,1st Edition,PSA 9,2026-09-24,415.00,USD,eBay,unknown,FALSE,,,2000 POKEMON NEO GENESIS 1ST EDITION #16 TOGETIC-HOLO 1ST EDITION Psa 9 Csr36 16/111,https://www.ebay.es/itm/178513854307,PriceCharting
Neo Genesis,Togetic,16/111,1st Edition,PSA 9,2026-09-24,425.00,USD,eBay,unknown,FALSE,,,2000 POKEMON NEO GENESIS 1ST EDITION #16 TOGETIC-HOLO 1ST EDITION Psa 9 Csr36 16/111,https://www.ebay.es/itm/178406399565,PriceCharting
Neo Genesis,Togetic,16/111,1st Edition,PSA 9,2026-09-19,410.00,USD,eBay,unknown,FALSE,,,2000 POKEMON NEO GENESIS 1ST EDITION #16 TOGETIC-HOLO PSA 9 #16,https://www.ebay.es/itm/117406710256,PriceCharting
Neo Genesis,Togetic,16/111,1st Edition,PSA 9,2026-09-11,375.00,USD,eBay,best offer,TRUE,,,2000 POKEMON NEO GENESIS 1ST EDITION #16 TOGETIC-HOLO PSA 9 16/111,https://www.ebay.es/itm/178475567256,PriceCharting
Neo Genesis,Togetic,16/111,1st Edition,PSA 9,2026-09-10,325.00,USD,eBay,best offer,TRUE,,,Pokémon Neo Genesis Togetic 16/111 Holo 1st Edition PSA 9 English 16/111,https://www.ebay.es/itm/178453924497,PriceCharting
Neo Genesis,Togetic,16/111,1st Edition,PSA 9,2026-09-06,348.00,USD,eBay,unknown,FALSE,,,2000 POKEMON NEO GENESIS 1ST EDITION #16 TOGETIC-HOLO PSA 9 #16,https://www.ebay.es/itm/298620898000,PriceCharting
Neo Genesis,Togetic,16/111,1st Edition,PSA 9,2026-09-04,384.99,USD,eBay,unknown,FALSE,,,Pokemon Togetic 16 Neo Genesis 1st Edition Holo PSA 9 16/111,https://www.ebay.es/itm/800498843423,PriceCharting
Neo Genesis,Togetic,16/111,1st Edition,PSA 9,2026-09-01,349.99,USD,eBay,unknown,FALSE,,,2000 POKEMON NEO GENESIS 1ST EDITION #16 TOGETIC-HOLO PSA 9 #16,https://www.ebay.es/itm/168538816783,PriceCharting
Neo Genesis,Togetic,16/111,1st Edition,PSA 9,2026-08-16,355.00,USD,eBay,unknown,FALSE,,,Pokemon Togetic Holo Neo Genesis 1st Edition 16/111 PSA 9 Mint 16/111,https://www.ebay.es/itm/287511104849,PriceCharting
Neo Genesis,Togetic,16/111,1st Edition,PSA 9,2026-08-14,330.00,USD,eBay,unknown,FALSE,,,Pokemon Togetic Holo Neo Genesis 1st Edition 16/111 PSA 9 Mint 16/111,https://www.ebay.es/itm/287522396659,PriceCharting
Neo Genesis,Togetic,16/111,1st Edition,PSA 9,2026-08-09,319.99,USD,eBay,unknown,FALSE,,,2000 POKEMON NEO GENESIS 1ST EDITION #16 TOGETIC-HOLO PSA 9 #16,https://www.ebay.es/itm/307109648960,PriceCharting
Neo Genesis,Togetic,16/111,1st Edition,PSA 9,2026-08-08,330.00,USD,eBay,unknown,FALSE,,,2000 Pokemon Neo Genesis 1st Edition Togetic Holo #16/111 PSA 9,https://www.ebay.es/itm/377389543152,PriceCharting
Neo Genesis,Togetic,16/111,1st Edition,PSA 9,2026-08-03,323.00,USD,eBay,unknown,FALSE,,,2000 POKEMON NEO GENESIS 1ST EDITION #16 TOGETIC-HOLO PSA 9 #16,https://www.ebay.es/itm/298527646494,PriceCharting
Neo Genesis,Togetic,16/111,1st Edition,PSA 9,2026-07-29,310.00,USD,eBay,unknown,FALSE,,,2000 Pokemon Neo Genesis 1st Edition #16 Togetic Holo PSA 9 MINT,https://www.ebay.es/itm/366556951439,PriceCharting
Neo Genesis,Togetic,16/111,1st Edition,PSA 9,2026-07-27,425.00,USD,eBay,unknown,FALSE,,,2000 POKEMON NEO GENESIS 1ST EDITION #16 TOGETIC-HOLO PSA 9 #16,https://www.ebay.es/itm/117302767980,PriceCharting
Neo Genesis,Togetic,16/111,1st Edition,PSA 9,2026-07-26,425.00,USD,eBay,unknown,FALSE,,,2000 POKEMON NEO GENESIS 1ST EDITION #16 TOGETIC-HOLO PSA 9 #16,https://www.ebay.es/itm/117267375430,PriceCharting
Neo Genesis,Togetic,16/111,1st Edition,PSA 9,2026-07-24,326.00,USD,eBay,unknown,FALSE,,,2000 WOTC POKEMON NEO GENESIS 1ST EDITION TOGETIC 16/111 HOLO RARE PSA 9 MINT 16/111,https://www.ebay.es/itm/358793122759,PriceCharting
Neo Genesis,Togetic,16/111,1st Edition,PSA 9,2026-07-07,340.00,USD,eBay,unknown,FALSE,,,Pokemon Togetic #16 Neo Genesis 1st Edition Holo PSA 9 Mint,https://www.ebay.es/itm/188564385964,PriceCharting
Neo Genesis,Togetic,16/111,1st Edition,PSA 9,2026-07-06,405.00,USD,eBay,unknown,FALSE,,,Pokémon Togetic Neo Genesis Holo 16/111 First Edition PSA 9 16/111,https://www.ebay.es/itm/358725253477,PriceCharting
Neo Genesis,Togetic,16/111,1st Edition,PSA 9,2026-07-05,305.00,USD,eBay,unknown,FALSE,,,Pokemon Togetic Holo Neo Genesis 1st Edition 16/111 PSA 9 16/111,https://www.ebay.es/itm/287424617848,PriceCharting
Neo Genesis,Togetic,16/111,1st Edition,PSA 9,2026-06-29,290.00,USD,eBay,unknown,FALSE,,,2000 POKEMON NEO GENESIS 1ST EDITION #16 TOGETIC-HOLO PSA 9 #16,https://www.ebay.es/itm/117258443328,PriceCharting
Neo Genesis,Togetic,16/111,1st Edition,PSA 9,2026-06-12,326.00,USD,eBay,best offer,TRUE,,,2000 POKEMON NEO GENESIS 1ST EDITION #16 TOGETIC-HOLO PSA 9 #16,https://www.ebay.es/itm/306991129738,PriceCharting
Neo Genesis,Togetic,16/111,1st Edition,PSA 10,2026-09-19,4999.99,USD,eBay,unknown,FALSE,,,Pokemon Neo Genesis Togetic 1st Edition #16 Holo Rare [PSA 10] 16/111,https://www.ebay.es/itm/358653884525,PriceCharting
Neo Genesis,Togetic,16/111,1st Edition,PSA 10,2026-09-14,3050.00,USD,eBay,unknown,FALSE,,,2000 POKEMON TOGETIC-HOLO NEO GENESIS 1ST EDITION #16 PSA 10 #16,https://www.ebay.es/itm/800660728383,PriceCharting
Neo Genesis,Togetic,16/111,1st Edition,PSA 10,2026-08-29,3500.00,USD,eBay,unknown,FALSE,,,Pokemon Togetic Holo Neo Genesis 1st Edition 16/111 PSA 10 Gem Mint 16/111,https://www.ebay.es/itm/287535022635,PriceCharting
Neo Genesis,Togetic,16/111,1st Edition,PSA 10,2026-08-22,3227.00,USD,eBay,unknown,FALSE,,,2000 POKEMON NEO GENESIS 1ST EDITION #16 TOGETIC-HOLO PSA 10 #16,https://www.ebay.es/itm/298585397655,PriceCharting
Neo Genesis,Togetic,16/111,1st Edition,PSA 10,2026-08-20,3050.00,USD,eBay,unknown,FALSE,,,2000 POKEMON TOGETIC-HOLO NEO GENESIS 1ST EDITION #16 PSA 10 #16,https://www.ebay.es/itm/800499471487,PriceCharting
Neo Genesis,Togetic,16/111,1st Edition,PSA 10,2026-08-06,2800.00,USD,eBay,unknown,FALSE,,,2000 POKEMON TOGETIC-HOLO NEO GENESIS 1ST EDITION #16 PSA 10 #16,https://www.ebay.es/itm/800430526305,PriceCharting
Neo Genesis,Togetic,16/111,1st Edition,PSA 10,2026-07-30,2502.00,USD,eBay,unknown,FALSE,,,POKEMON TOGETIC-HOLO 2000 NEO GENESIS 1ST EDITION #16 PSA 10 #16,https://www.ebay.es/itm/800391587936,PriceCharting
Neo Genesis,Togetic,16/111,1st Edition,PSA 10,2026-07-13,2938.00,USD,eBay,unknown,FALSE,,,Pokémon 2000 1st Edition Togetic Neo Genesis Holo Rare 16/111 PSA 10 Gem Mint 16/111,https://www.ebay.es/itm/178286624761,PriceCharting
Neo Genesis,Togetic,16/111,1st Edition,PSA 10,2026-05-31,2900.00,USD,eBay,unknown,FALSE,,,Pokemon Togetic Neo Genesis 1st Edition Holo Rare #16 PSA 10 Gem Mint,https://www.ebay.es/itm/287342840824,PriceCharting
Neo Genesis,Togetic,16/111,1st Edition,PSA 10,2026-05-18,3150.00,USD,eBay,best offer,TRUE,,,POKEMON TOGETIC 2000 NEO GENESIS 1ST EDITION #16 HOLO PSA 10 #16,https://www.ebay.es/itm/298306369956,PriceCharting
Neo Genesis,Togetic,16/111,1st Edition,PSA 10,2026-05-07,4050.00,USD,eBay,unknown,FALSE,,,POKEMON TOGETIC 2000 NEO GENESIS 1ST EDITION #16 HOLO PSA 10 #16,https://www.ebay.es/itm/389954452252,PriceCharting
Neo Genesis,Togetic,16/111,1st Edition,PSA 10,2026-04-05,3850.00,USD,eBay,unknown,FALSE,,,Pokemon Togetic Neo Genesis 1st Edition Holo Rare #16 PSA 10 Gem Mint,https://www.ebay.es/itm/287233335892,PriceCharting
Neo Genesis,Togetic,16/111,1st Edition,PSA 10,2026-03-28,4500.00,USD,eBay,unknown,FALSE,,,2000 POKEMON NEO GENESIS 1ST ED #16 TOGETIC-HOLO PSA 10 #16,https://www.ebay.es/itm/117111729778,PriceCharting
Neo Genesis,Togetic,16/111,1st Edition,PSA 10,2026-03-05,3500.00,USD,eBay,unknown,FALSE,,,Pokemon Togetic Neo Genesis 1st Edition Holo Rare #16 PSA 10 Gem Mint,https://www.ebay.es/itm/287182249586,PriceCharting
Neo Genesis,Togetic,16/111,1st Edition,PSA 10,2026-02-16,2125.00,USD,eBay,unknown,FALSE,,,Pokemon Togetic Neo Genesis 1st Edition Holo Rare #16 PSA 10 Gem Mint,https://www.ebay.es/itm/287121861887,PriceCharting
Neo Genesis,Togetic,16/111,1st Edition,PSA 10,2026-01-26,2043.94,USD,eBay,best offer,TRUE,,,Togetic Holo 16/111 Neo Genesis 1st Edition Pokemon PSA 10 *SWIRL* 16/111,https://www.ebay.es/itm/267556956681,PriceCharting
Neo Genesis,Togetic,16/111,1st Edition,PSA 10,2026-01-25,1999.99,USD,eBay,unknown,FALSE,,,2000 POKEMON TCG NEO GENESIS #16 TOGETIC 1ST EDITION - HOLO PSA 10 GEM MT 16/111,https://www.ebay.es/itm/168108109798,PriceCharting
Neo Genesis,Togetic,16/111,1st Edition,PSA 10,2025-12-13,1150.00,USD,eBay,unknown,FALSE,,,2000 Pokémon Neo Genesis: #16 Togetic - Holo - 1st Edition - PSA 10 16/111,https://www.ebay.es/itm/168001171351,PriceCharting
Neo Genesis,Togetic,16/111,1st Edition,PSA 10,2025-12-05,1200.00,USD,eBay,best offer,TRUE,,,Pokémon TCG Togetic Neo Genesis 16 Holo 1st Edition Holo Rare Card PSA 10 16/111,https://www.ebay.es/itm/167957375679,PriceCharting
Neo Genesis,Togetic,16/111,1st Edition,PSA 10,2025-11-22,1250.00,USD,eBay,unknown,FALSE,,,Pokemon Togetic Neo Genesis 1st Edition Holo Rare #16 PSA 10 Gem Mint,https://www.ebay.es/itm/286958867184,PriceCharting
Neo Genesis,Togetic,16/111,1st Edition,PSA 10,2025-10-25,1100.00,USD,eBay,unknown,FALSE,,,2000 TOGETIC 1ST EDITION HOLO RARE NEO GENESIS POKEMON PSA 10 GEM MINT #16/111 #16,https://www.ebay.es/itm/406316626875,PriceCharting
Neo Genesis,Togetic,16/111,1st Edition,PSA 10,2025-10-16,1050.00,USD,eBay,best offer,TRUE,,,2000 TOGETIC 1ST EDITION HOLO RARE NEO GENESIS POKEMON PSA 10 GEM MINT #16/111 #16,https://www.ebay.es/itm/276443505013,PriceCharting
Neo Genesis,Togetic,16/111,1st Edition,PSA 10,2025-10-10,1200.00,USD,eBay,best offer,TRUE,,,2000 Pokemon Neo Genesis 1st Edition #16 Togetic Holo PSA 10 GEM MINT #16,https://www.ebay.es/itm/177353478553,PriceCharting
Neo Genesis,Togetic,16/111,1st Edition,PSA 10,2025-09-26,959.00,USD,eBay,unknown,FALSE,,,2000 Pokemon Neo Genesis 1st Edition #16 Togetic Holo PSA 10 GEM MINT,https://www.ebay.es/itm/388984332358,PriceCharting
Neo Genesis,Togetic,16/111,1st Edition,PSA 10,2025-09-21,950.00,USD,eBay,unknown,FALSE,,,2000 Pokemon Neo Genesis 1st Edition #16 Togetic Holo PSA 10 GEM MINT #16,https://www.ebay.es/itm/157328469640,PriceCharting
Neo Genesis,Togetic,16/111,1st Edition,PSA 10,2025-09-08,1001.00,USD,eBay,unknown,FALSE,,,Pokémon TCG Togetic 1st Edition #16 Neo Genesis Holo PSA 10 GEM MINT 16/111,https://www.ebay.es/itm/365838237444,PriceCharting
Neo Genesis,Togetic,16/111,1st Edition,PSA 10,2025-08-11,826.00,USD,eBay,unknown,FALSE,,,Pokemon Togetic Neo Genesis 1st Edition Holo Rare #16 PSA 10 Gem Mint,https://www.ebay.es/itm/286739114751,PriceCharting
Neo Genesis,Togetic,16/111,1st Edition,PSA 10,2025-07-26,945.23,USD,eBay,unknown,FALSE,,,2000 PSA 10 Togetic 1st Edition ~ Holo #16 Neo Genesis Pokemon Rare English,https://www.ebay.es/itm/286707969282,PriceCharting
Neo Genesis,Togetic,16/111,1st Edition,PSA 10,2025-07-26,1000.00,USD,eBay,unknown,FALSE,,,Pokemon PSA 10 GEM MINT 1st Ed. Neo Genesis Holo Togetic 16/111 (JC) 16/111,https://www.ebay.es/itm/326702297184,PriceCharting
Neo Genesis,Togetic,16/111,Unlimited,PSA 8,2026-09-16,86.00,USD,eBay,unknown,FALSE,,,2000 POKEMON NEO GENESIS #16 TOGETIC-HOLO PSA 8 #16,https://www.ebay.es/itm/307159100027,PriceCharting
Neo Genesis,Togetic,16/111,Unlimited,PSA 8,2026-09-11,118.57,USD,eBay,unknown,FALSE,,,2000 Pokemon Neo Genesis 16/111 Togetic Holo PSA 8,https://www.ebay.es/itm/198630319297,PriceCharting
Neo Genesis,Togetic,16/111,Unlimited,PSA 8,2026-08-30,90.00,USD,eBay,unknown,FALSE,,,The Pokémon Company PSA 8 Togetic 16/111 Neo Genesis Holo Rare Unlimited 16/111,https://www.ebay.es/itm/198584887534,PriceCharting
Neo Genesis,Togetic,16/111,Unlimited,PSA 8,2026-08-20,100.00,USD,eBay,unknown,FALSE,,,2000 Pokémon Neo Genesis Togetic Holo Psa 8 16/111,https://www.ebay.es/itm/117330250782,PriceCharting
Neo Genesis,Togetic,16/111,Unlimited,PSA 8,2026-08-17,70.10,USD,eBay,unknown,FALSE,,,Pokemon 2000 Togetic 16/111 Holo Neo Genesis PSA 8 16/111,https://www.ebay.es/itm/407125948027,PriceCharting
Neo Genesis,Togetic,16/111,Unlimited,PSA 8,2026-07-20,71.00,USD,eBay,unknown,FALSE,,,2000 Pokemon Neo Genesis Togetic Holo #16/111 PSA 8 16/111,https://www.ebay.es/itm/358778142164,PriceCharting
Neo Genesis,Togetic,16/111,Unlimited,PSA 8,2026-07-10,76.00,USD,eBay,unknown,FALSE,,,145653970 Togetic 2000 Pokemon Neo Genesis #16/111 Holo PSA 8 16/111,https://www.ebay.es/itm/158048903759,PriceCharting
Neo Genesis,Togetic,16/111,Unlimited,PSA 8,2026-07-02,76.00,USD,eBay,unknown,FALSE,,,2000 Pokemon Neo Genesis Togetic Holo #16/111 PSA 8,https://www.ebay.es/itm/377297861046,PriceCharting
Neo Genesis,Togetic,16/111,Unlimited,PSA 8,2026-06-14,100.00,USD,eBay,unknown,FALSE,,,2000 POKEMON NEO GENESIS #16 TOGETIC-HOLO 16/111 PSA 8 NM-MT 16/111,https://www.ebay.es/itm/157978514068,PriceCharting
Neo Genesis,Togetic,16/111,Unlimited,PSA 8,2026-06-09,85.00,USD,eBay,unknown,FALSE,,,2000 Pokémon Neo Genesis Unlimited Togetic Holo #16/111 PSA 8 NM-MT 16/111,https://www.ebay.es/itm/389560648383,PriceCharting
Neo Genesis,Togetic,16/111,Unlimited,PSA 8,2026-06-08,85.00,USD,eBay,best offer,TRUE,,,2000 POKEMON NEO GENESIS #16 TOGETIC-HOLO 16/111 PSA 8 NM-MT 16/111,https://www.ebay.es/itm/188478439511,PriceCharting
Neo Genesis,Togetic,16/111,Unlimited,PSA 8,2026-05-29,92.00,USD,eBay,unknown,FALSE,,,2000 POKEMON NEO GENESIS #16 TOGETIC-HOLO PSA 8 #16,https://www.ebay.es/itm/306835940163,PriceCharting
Neo Genesis,Togetic,16/111,Unlimited,PSA 8,2026-05-24,90.00,USD,eBay,best offer,TRUE,,,2000 POKEMON NEO GENESIS #16 TOGETIC-HOLO PSA 8 #16,https://www.ebay.es/itm/306958074331,PriceCharting
Neo Genesis,Togetic,16/111,Unlimited,PSA 8,2026-05-10,75.00,USD,eBay,unknown,FALSE,,,Pokemon TCG: 2000 Neo Genesis #16 TOGETIC Holo PSA 8 NM/MT | New Cert! 16/111,https://www.ebay.es/itm/257405822326,PriceCharting
Neo Genesis,Togetic,16/111,Unlimited,PSA 8,2026-04-27,62.00,USD,eBay,unknown,FALSE,,,2000 POKEMON NEO GENESIS #16 TOGETIC-HOLO PSA 8 #16,https://www.ebay.es/itm/117146869105,PriceCharting
Neo Genesis,Togetic,16/111,Unlimited,PSA 8,2026-04-20,99.99,USD,eBay,unknown,FALSE,,,2000 POKEMON NEO GENESIS #16 TOGETIC-HOLO PSA 8 #16,https://www.ebay.es/itm/157843808140,PriceCharting
Neo Genesis,Togetic,16/111,Unlimited,PSA 9,2026-09-24,185.33,USD,eBay,unknown,FALSE,,,Togetic Holo 16/111 PSA 9 Neo Genesis Pokemon Card Game 16/111,https://www.ebay.es/itm/287526552950,PriceCharting
Neo Genesis,Togetic,16/111,Unlimited,PSA 9,2026-09-21,211.65,USD,eBay,unknown,FALSE,,,2000 Pokemon Togetic 16/111 Neo Genesis Rare Holo PSA 9 MINT (With Swirl) 16/111,https://www.ebay.es/itm/287288525752,PriceCharting
Neo Genesis,Togetic,16/111,Unlimited,PSA 9,2026-08-21,174.99,USD,eBay,unknown,FALSE,,,2000 Pokemon Neo Genesis Togetic Holo #16 PSA 9 Mint 16/111,https://www.ebay.es/itm/358923292518,PriceCharting
Neo Genesis,Togetic,16/111,Unlimited,PSA 9,2026-08-08,150.00,USD,eBay,unknown,FALSE,,,PSA 9 Pokemon Togetic Neo Genesis Unlimited Holo Rare #16 #16,https://www.ebay.es/itm/257509318188,PriceCharting
Neo Genesis,Togetic,16/111,Unlimited,PSA 9,2026-08-06,180.00,USD,eBay,unknown,FALSE,,,Togetic Holo 16/111 Neo Genesis Pokemon PSA 9 16/111,https://www.ebay.es/itm/188695295560,PriceCharting
Neo Genesis,Togetic,16/111,Unlimited,PSA 9,2026-06-16,179.98,USD,eBay,unknown,FALSE,,,2000 Pokemon Togetic 16/111 Neo Genesis Rare Holo PSA 9 MINT (With Swirl) 16/111,https://www.ebay.es/itm/336554185808,PriceCharting
Neo Genesis,Togetic,16/111,Unlimited,PSA 9,2026-05-29,125.00,USD,eBay,unknown,FALSE,,,2000 POKEMON NEO GENESIS #16 TOGETIC-HOLO PSA 9 #16,https://www.ebay.es/itm/298353201068,PriceCharting
Neo Genesis,Togetic,16/111,Unlimited,PSA 9,2026-05-11,121.90,USD,eBay,unknown,FALSE,,,Pokemon Togetic Neo Genesis Unlimited Holo Rare #16 PSA 9 Mint,https://www.ebay.es/itm/287301526382,PriceCharting
Neo Genesis,Togetic,16/111,Unlimited,PSA 9,2026-04-26,112.50,USD,eBay,unknown,FALSE,,,2000 POKEMON NEO GENESIS #16 TOGETIC-HOLO PSA 9 #16,https://www.ebay.es/itm/117148006029,PriceCharting
Neo Genesis,Togetic,16/111,Unlimited,PSA 9,2026-04-16,135.00,USD,eBay,unknown,FALSE,,,2000 Pokemon Togetic 16/111 Neo Genesis Rare Holo PSA 9 MINT 16/111,https://www.ebay.es/itm/267587195003,PriceCharting
Neo Genesis,Togetic,16/111,Unlimited,PSA 9,2026-04-08,129.99,USD,eBay,unknown,FALSE,,,2000 Pokemon Neo Genesis Togetic Holo #16/111 PSA 9 MINT 16/111,https://www.ebay.es/itm/236670281418,PriceCharting
Neo Genesis,Togetic,16/111,Unlimited,PSA 9,2026-04-07,137.75,USD,eBay,unknown,FALSE,,,Pokemon Togetic Neo Genesis Unlimited Holo Rare #16 PSA 9 Mint 16/111,https://www.ebay.es/itm/366295844980,PriceCharting
Neo Genesis,Togetic,16/111,Unlimited,PSA 9,2026-03-23,179.99,USD,eBay,unknown,FALSE,,,PSA 9 Togetic Holo Neo Genesis #16 - 2000 MINT Pokémon Card 🌀SWIRL🌀,https://www.ebay.es/itm/188174750652,PriceCharting
Neo Genesis,Togetic,16/111,Unlimited,PSA 9,2026-03-15,91.07,USD,eBay,unknown,FALSE,,,Pokemon Togetic Neo Genesis Unlimited Holo Rare #16 PSA 9 Mint,https://www.ebay.es/itm/287182335644,PriceCharting
Neo Genesis,Togetic,16/111,Unlimited,PSA 9,2026-03-09,145.00,USD,eBay,unknown,FALSE,,,Pokemon Togetic Neo Genesis Unlimited Holo Rare #16 PSA 9 Mint,https://www.ebay.es/itm/287184596618,PriceCharting
Neo Genesis,Togetic,16/111,Unlimited,PSA 9,2025-12-29,73.00,USD,eBay,unknown,FALSE,,,2000 Pokemon Neo Genesis #16/111 Togetic Holo PSA 9 MINT TCG PTCG,https://www.ebay.es/itm/389387091882,PriceCharting
Neo Genesis,Togetic,16/111,Unlimited,PSA 9,2025-12-23,89.99,USD,eBay,unknown,FALSE,,,POKEMON 2000 NEO GENESIS TOGETIC HOLO 16/111 PSA 9 WITH SWRIL! 16/111,https://www.ebay.es/itm/336250609271,PriceCharting
Neo Genesis,Togetic,16/111,Unlimited,PSA 10,2026-08-09,2700.00,USD,eBay,unknown,FALSE,,,Pokemon Togetic Holo Neo Genesis Unlimited 16/111 PSA 10 Gem Mint 16/111,https://www.ebay.es/itm/287495384813,PriceCharting
Neo Genesis,Togetic,16/111,Unlimited,PSA 10,2026-05-07,2302.70,USD,eBay,unknown,FALSE,,,POKEMON TOGETIC 2000 NEO GENESIS #16 HOLO PSA 10 #16,https://www.ebay.es/itm/389954452425,PriceCharting
Neo Genesis,Togetic,16/111,Unlimited,PSA 10,2026-04-17,2448.00,USD,eBay,unknown,FALSE,,,2000 POKEMON NEO GENESIS #16 TOGETIC-HOLO PSA 10 #16,https://www.ebay.es/itm/306867940664,PriceCharting
Neo Genesis,Togetic,16/111,Unlimited,PSA 10,2026-01-22,900.00,USD,eBay,best offer,TRUE,,,Pokémon TCG Neo Genesis Togetic #16/111 Unlimited Holo Rare PSA 10 16/111,https://www.ebay.es/itm/187973287499,PriceCharting
Neo Genesis,Togetic,16/111,Unlimited,PSA 10,2025-12-29,775.00,USD,eBay,best offer,TRUE,,,Pokémon TCG Togetic Neo Genesis 16 Holo PSA 10 Gem Mint Rare 2000 Swirl Pop 48 16/111,https://www.ebay.es/itm/326856785946,PriceCharting
Neo Genesis,Togetic,16/111,Unlimited,PSA 10,2025-10-27,800.00,USD,eBay,best offer,TRUE,,,Pokemon 2000 Neo Genesis Togetic #16 Holo PSA 10 GEM MINT with SWIRL 🌀 16/111,https://www.ebay.es/itm/167871243970,PriceCharting
Neo Genesis,Togetic,16/111,Unlimited,PSA 10,2025-08-11,455.00,USD,eBay,unknown,FALSE,,,Pokemon Togetic Neo Genesis Unlimited Holo Rare #16 PSA 10 Gem Mint,https://www.ebay.es/itm/286739114759,PriceCharting
Neo Genesis,Togetic,16/111,Unlimited,PSA 10,2025-07-29,493.00,USD,eBay,unknown,FALSE,,,2000 Pokemon Neo Genesis #16 Togetic Holo PSA 10 GEM MINT,https://www.ebay.es/itm/365750055489,PriceCharting
Neo Genesis,Togetic,16/111,Unlimited,PSA 10,2025-07-24,700.00,USD,eBay,unknown,FALSE,,,2000 Pokemon Neo Genesis - #16 Togetic Holo PSA 10 Gem Mint Unlimited #16,https://www.ebay.es/itm/326426883533,PriceCharting
Neo Genesis,Togetic,16/111,Unlimited,PSA 10,2025-07-24,620.00,USD,eBay,unknown,FALSE,,,2000 Pokemon Neo Genesis - #16 Togetic Holo PSA 10 Gem Mint Unlimited POP 48 16/111,https://www.ebay.es/itm/396818658829,PriceCharting
Neo Genesis,Togetic,16/111,Unlimited,PSA 10,2024-11-13,500.00,USD,eBay,unknown,FALSE,,,Togetic - Pokemon Neo Genesis #16 - Gem Mint PSA 10 - Population 41 #16,https://www.ebay.es/itm/116024594702,PriceCharting
Neo Genesis,Togetic,16/111,Unlimited,PSA 10,2024-11-13,549.99,USD,eBay,unknown,FALSE,,,PSA 10 Togetic #16 Holo Neo Genesis Pokemon Card #16,https://www.ebay.es/itm/205073400777,PriceCharting
Neo Genesis,Togetic,16/111,Unlimited,PSA 10,2024-11-13,350.00,USD,eBay,unknown,FALSE,,,Pokemon PSA 10 Gem Mint Neo Genesis Holo Togetic 16/111 16/111,https://www.ebay.es/itm/166863777024,PriceCharting
Neo Genesis,Togetic,16/111,Unlimited,PSA 10,2024-11-13,325.00,USD,eBay,unknown,FALSE,,,PSA 10 Gem Mint Togetic 16/111 Neo Genesis POKEMON,https://www.ebay.es/itm/186779722263,PriceCharting
Neo Genesis,Togetic,16/111,Unlimited,PSA 10,2024-11-13,325.00,USD,eBay,unknown,FALSE,,,PSA 10 Gem Mint Togetic 16/111 Neo Genesis POKEMON,https://www.ebay.es/itm/186779722267,PriceCharting
Neo Genesis,Togetic,16/111,Unlimited,PSA 10,2024-11-08,251.01,USD,eBay,unknown,FALSE,,,2000 POKEMON NEO GENESIS TOGETIC HOLO 16/111 PSA 10,https://www.ebay.es/itm/205073882871,PriceCharting
Neo Genesis,Togetic,16/111,Unlimited,PSA 10,2024-10-26,349.90,USD,eBay,unknown,FALSE,,,PSA 10 - Togetic - #16 - Holo - Neo Genesis - Pokemon Card #16,https://www.ebay.es/itm/196743921956,PriceCharting
Neo Genesis,Togetic,16/111,Unlimited,PSA 10,2024-06-19,300.00,USD,eBay,unknown,FALSE,,,Pokemon PSA 10 Gem Mint Neo Genesis Holo Togetic 16/111 16/111,https://www.ebay.es/itm/326138838553,PriceCharting
Neo Genesis,Togetic,16/111,Unlimited,PSA 10,2024-04-21,349.99,USD,eBay,unknown,FALSE,,,Togetic - Pokemon Neo Genesis #16 - Gem Mint PSA 10 - Population 41 #16,https://www.ebay.es/itm/395346522552,PriceCharting
Neo Genesis,Togetic,16/111,Unlimited,PSA 10,2024-04-12,303.13,USD,eBay,unknown,FALSE,,,2000 Pokemon Neo Genesis #16 Togetic - Holo PSA 10 GEM MINT,https://www.ebay.es/itm/386906882748,PriceCharting
Neo Genesis,Togetic,16/111,Unlimited,PSA 10,2024-03-19,336.36,USD,eBay,unknown,FALSE,,,2000 POKEMON NEO GENESIS TOGETIC 16/111 HOLO GEM MINT PSA 10,https://www.ebay.es/itm/395256212641,PriceCharting
Neo Genesis,Togetic,16/111,Unlimited,PSA 10,2023-12-17,320.00,USD,eBay,unknown,FALSE,,,Pokemon Togetic Neo Genesis Unlimited Holo Rare #16 PSA 10 Gem Mint,https://www.ebay.es/itm/285594009010,PriceCharting
Neo Genesis,Togetic,16/111,Unlimited,PSA 10,2023-11-20,255.55,USD,eBay,unknown,FALSE,,,Pokemon Card PSA 10 Gem Mint Togetic 2000 Neo Genesis Set Rare Holo 16/111,https://www.ebay.es/itm/115975106095,PriceCharting
Neo Genesis,Typhlosion,17/111,1st Edition,PSA 8,2026-09-26,2277.06,USD,eBay,unknown,FALSE,,,2000 Pokemon 1st Edition Neo Genesis Typhlosion Holo T17 17/111 PSA 8 NM-MT,https://www.ebay.es/itm/117304288672,PriceCharting
Neo Genesis,Typhlosion,17/111,1st Edition,PSA 8,2026-09-23,2750.00,USD,eBay,unknown,FALSE,,,2000 POKEMON TYPHLOSION-HOLO NEO GENESIS 1ST EDITION #17 PSA 8 #17,https://www.ebay.es/itm/800672965885,PriceCharting
Neo Genesis,Typhlosion,17/111,1st Edition,PSA 8,2026-09-23,2000.00,USD,eBay,unknown,FALSE,,,2000 POKEMON NEO GENESIS 1ST EDITION #17 TYPHLOSION-HOLO PSA 8 #17,https://www.ebay.es/itm/306979373099,PriceCharting
Neo Genesis,Typhlosion,17/111,1st Edition,PSA 8,2026-09-23,2000.00,USD,eBay,unknown,FALSE,,,Pokemon PSA 8 2000 Neo Genesis 1st Edition Typhlosion 17/111 Holo EN 17/111,https://www.ebay.es/itm/188969983617,PriceCharting
Neo Genesis,Typhlosion,17/111,1st Edition,PSA 8,2026-09-22,1800.00,USD,eBay,unknown,FALSE,,,Pokemon TCG Typhlosion 17/111 Neo Genesis Holo Rare 1st Edition PSA 8 17/111,https://www.ebay.es/itm/227453890535,PriceCharting
Neo Genesis,Typhlosion,17/111,1st Edition,PSA 8,2026-09-22,2000.00,USD,eBay,best offer,TRUE,,,2000 Pokemon Neo Genesis Typhlosion Holo 1st Edition 17/111 PSA 8 #17,https://www.ebay.es/itm/800658169455,PriceCharting
Neo Genesis,Typhlosion,17/111,1st Edition,PSA 8,2026-09-22,2000.00,USD,eBay,unknown,FALSE,,,2000 POKEMON NEO GENESIS 1ST EDITION #17 TYPHLOSION-HOLO PSA 8 #17,https://www.ebay.es/itm/117375676699,PriceCharting
Neo Genesis,Typhlosion,17/111,1st Edition,PSA 8,2026-09-21,2075.00,USD,eBay,best offer,TRUE,,,***SWIRL*** Pokemon 1st Edition Typhlosion 17/111 PSA 8 Neo Genesis Holo 17/111,https://www.ebay.es/itm/227231438104,PriceCharting
Neo Genesis,Typhlosion,17/111,1st Edition,PSA 8,2026-09-12,2265.40,USD,eBay,unknown,FALSE,,,2000 POKEMON NEO GENESIS 1ST EDITION #17 TYPHLOSION-HOLO 1ST EDITION PSA 8 #17,https://www.ebay.es/itm/307158156891,PriceCharting
Neo Genesis,Typhlosion,17/111,1st Edition,PSA 8,2026-09-02,1425.00,USD,eBay,unknown,FALSE,,,2000 Pokemon Neo Genesis 1st Edition 17 Typhlosion Holo PSA 8 116565808 17/111,https://www.ebay.es/itm/158222536780,PriceCharting
Neo Genesis,Typhlosion,17/111,1st Edition,PSA 8,2026-08-31,1786.25,USD,eBay,unknown,FALSE,,,Pokémon TCG Typhlosion Neo Genesis Holo 1st Edition PSA 8 #17/111 SWIRL 17/111,https://www.ebay.es/itm/257712214565,PriceCharting
Neo Genesis,Typhlosion,17/111,1st Edition,PSA 8,2026-08-27,1505.88,USD,eBay,unknown,FALSE,,,2000 POKEMON NEO GENESIS 1ST EDITION #17 TYPHLOSION-HOLO PSA 8 #17,https://www.ebay.es/itm/298600156593,PriceCharting
Neo Genesis,Typhlosion,17/111,1st Edition,PSA 8,2026-08-20,1650.00,USD,eBay,unknown,FALSE,,,POKEMON TYPHLOSION-HOLO 2000 NEO GENESIS 1ST ED #17 PSA 8 #17,https://www.ebay.es/itm/227483329099,PriceCharting
Neo Genesis,Typhlosion,17/111,1st Edition,PSA 8,2026-08-12,1487.64,USD,eBay,best offer,TRUE,,,2000 Pokemon Neo Genesis Typhlosion Holo 1st Edition PSA 8 with sexy swirl 17/111,https://www.ebay.es/itm/158108834512,PriceCharting
Neo Genesis,Typhlosion,17/111,1st Edition,PSA 8,2026-08-05,1850.00,USD,eBay,unknown,FALSE,,,Typhlosion 1st Edition 2000 Neo Genesis Holo #17/111 PSA 8 Pokemon Card 17/111,https://www.ebay.es/itm/257657357883,PriceCharting
Neo Genesis,Typhlosion,17/111,1st Edition,PSA 8,2026-07-30,1850.00,USD,eBay,best offer,TRUE,,,2000 POKEMON NEO GENESIS #17 TYPHLOSION HOLO PSA 8 1ST EDITION 10/111,https://www.ebay.es/itm/327251799944,PriceCharting
Neo Genesis,Typhlosion,17/111,1st Edition,PSA 8,2026-07-27,1300.00,USD,eBay,unknown,FALSE,,,2000 POKEMON NEO GENESIS 1ST EDITION #17 TYPHLOSION-HOLO PSA 8 #17,https://www.ebay.es/itm/137554116585,PriceCharting
Neo Genesis,Typhlosion,17/111,1st Edition,PSA 8,2026-07-27,1733.76,USD,eBay,unknown,FALSE,,,2000 POKEMON NEO GENESIS 1ST EDITION #17 TYPHLOSION-HOLO PSA 8 #17,https://www.ebay.es/itm/307064359732,PriceCharting
Neo Genesis,Typhlosion,17/111,1st Edition,PSA 8,2026-07-12,1650.00,USD,eBay,best offer,TRUE,,,2000 POKEMON NEO GENESIS 1ST EDITION #17 TYPHLOSION-HOLO PSA 8 #17,https://www.ebay.es/itm/307050883293,PriceCharting
Neo Genesis,Typhlosion,17/111,1st Edition,PSA 8,2026-06-26,1414.86,USD,eBay,best offer,TRUE,,,2000 Pokemon Typhlosion Holo 1st Edition Neo Genesis - #17 - PSA 8 NM-MT,https://www.ebay.es/itm/327231714452,PriceCharting
Neo Genesis,Typhlosion,17/111,1st Edition,PSA 9,2026-09-05,10000.00,USD,eBay,unknown,FALSE,,,Pokemon PSA 9 1st Typhlosion 17/111 Neo Genesis Holo Rare Card Mint 17/111,https://www.ebay.es/itm/168628621466,PriceCharting
Neo Genesis,Typhlosion,17/111,1st Edition,PSA 9,2026-09-01,9200.00,USD,eBay,unknown,FALSE,,,2000 Pokemon Neo Genesis 1st Edition Typhlosion Holo #17/111 PSA 9,https://www.ebay.es/itm/128046273261,PriceCharting
Neo Genesis,Typhlosion,17/111,1st Edition,PSA 9,2026-08-22,8900.00,USD,eBay,unknown,FALSE,,,POKEMON TYPHLOSION-HOLO 2000 NEO GENESIS 1ST ED #17 PSA 9 #17,https://www.ebay.es/itm/800509504596,PriceCharting
Neo Genesis,Typhlosion,17/111,1st Edition,PSA 9,2026-08-16,7600.00,USD,eBay,unknown,FALSE,,,Pokemon Typhlosion Holo Neo Genesis 1st Edition 17/111 PSA 9 Mint 17/111,https://www.ebay.es/itm/287511103083,PriceCharting
Neo Genesis,Typhlosion,17/111,1st Edition,PSA 9,2026-07-23,9100.00,USD,eBay,unknown,FALSE,,,2000 POKEMON NEO GENESIS 1ST EDITION #17 TYPHLOSION-HOLO PSA 9 #17,https://www.ebay.es/itm/298503512295,PriceCharting
Neo Genesis,Typhlosion,17/111,1st Edition,PSA 9,2026-06-23,8800.00,USD,eBay,unknown,FALSE,,,2000 POKEMON NEO GENESIS 1ST EDITION #17 TYPHLOSION-HOLO PSA 9 #17,https://www.ebay.es/itm/298412592248,PriceCharting
Neo Genesis,Typhlosion,17/111,1st Edition,PSA 9,2026-06-18,7500.00,USD,eBay,unknown,FALSE,,,2000 POKEMON NEO GENESIS 1ST ED #17 TYPHLOSION-HOLO PSA 9 #17,https://www.ebay.es/itm/306856220295,PriceCharting
Neo Genesis,Typhlosion,17/111,1st Edition,PSA 9,2026-06-05,8000.00,USD,eBay,best offer,TRUE,,,2000 POKEMON NEO GENESIS 1ST EDITION #17 TYPHLOSION-HOLO PSA 9,https://www.ebay.es/itm/800099746845,PriceCharting
Neo Genesis,Typhlosion,17/111,1st Edition,PSA 9,2026-04-20,4250.00,USD,eBay,unknown,FALSE,,,Pokémon Typhlosion TCG 1st Edition Neo Genesis Holo Rare Card 17/111 PSA 9 17/111,https://www.ebay.es/itm/358433479237,PriceCharting
Neo Genesis,Typhlosion,17/111,Unlimited,PSA 8,2026-09-21,500.00,USD,eBay,unknown,FALSE,,,Pokemon Typhlosion Holo Neo Genesis Unlimited 17/111 PSA 8 17/111,https://www.ebay.es/itm/287535022600,PriceCharting
Neo Genesis,Typhlosion,17/111,Unlimited,PSA 8,2026-08-30,320.00,USD,eBay,best offer,TRUE,,,Pokemon Typhlosion Holo Neo Genesis Unlimited 17/111 PSA 8 17/111,https://www.ebay.es/itm/227494199548,PriceCharting
Neo Genesis,Typhlosion,17/111,Unlimited,PSA 8,2026-08-30,310.00,USD,eBay,unknown,FALSE,,,"Pokémon Typhlosion TCG 2000 Neo Genesis Holo Card 17/111 Unlimited Rare, PSA 8 17/111",https://www.ebay.es/itm/158219657040,PriceCharting
Neo Genesis,Typhlosion,17/111,Unlimited,PSA 8,2026-08-28,380.00,USD,eBay,unknown,FALSE,,,Pokemon Typhlosion Neo Genesis Unlimited Holo #17 PSA 8 17/111,https://www.ebay.es/itm/257698591293,PriceCharting
Neo Genesis,Typhlosion,17/111,Unlimited,PSA 8,2026-08-27,314.00,USD,eBay,unknown,FALSE,,,Pokémon TCG Typhlosion Neo Genesis 2000 17/111 Holo Rare PSA 8 #157,https://www.ebay.es/itm/366617185916,PriceCharting
Neo Genesis,Typhlosion,17/111,Unlimited,PSA 8,2026-08-20,338.00,USD,eBay,unknown,FALSE,,,POKEMON TYPHLOSION 2000 NEO GENESIS #17 HOLO PSA 8 #17,https://www.ebay.es/itm/800498598743,PriceCharting
Neo Genesis,Typhlosion,17/111,Unlimited,PSA 8,2026-08-10,310.00,USD,eBay,best offer,TRUE,,,2000 Pokemon Neo Genesis Typhlosion Holo PSA 8 #17 #17,https://www.ebay.es/itm/158164950836,PriceCharting
Neo Genesis,Typhlosion,17/111,Unlimited,PSA 8,2026-08-08,575.00,USD,eBay,best offer,TRUE,,,PSA 8 TYPHLOSION #17 HOLO TAIL/FART SWIRL 🌀 POKEMON 2000 NEO GENESIS HOLO T17 17/111,https://www.ebay.es/itm/318547365643,PriceCharting
Neo Genesis,Typhlosion,17/111,Unlimited,PSA 8,2026-07-29,340.00,USD,eBay,unknown,FALSE,,,PSA 8 TYPHLOSION HOLO 17 2000 NEO GENESIS POKEMON CARD 17/111,https://www.ebay.es/itm/198532917105,PriceCharting
Neo Genesis,Typhlosion,17/111,Unlimited,PSA 8,2026-07-27,350.00,USD,eBay,unknown,FALSE,,,"Pokémon Typhlosion TCG Neo Genesis Holo Card 17/111 Unlimited Rare, PSA 8 17/111",https://www.ebay.es/itm/407102149943,PriceCharting
Neo Genesis,Typhlosion,17/111,Unlimited,PSA 8,2026-07-26,350.00,USD,eBay,best offer,TRUE,,,2000 Pokemon Neo Genesis Typhlosion Holo #17 PSA 8 17/111,https://www.ebay.es/itm/206439390780,PriceCharting
Neo Genesis,Typhlosion,17/111,Unlimited,PSA 8,2026-07-26,320.00,USD,eBay,best offer,TRUE,,,2000 POKEMON NEO GENESIS #17 TYPHLOSION-HOLO PSA 8 SWIRL 🌀 17/111,https://www.ebay.es/itm/318621559598,PriceCharting
Neo Genesis,Typhlosion,17/111,Unlimited,PSA 8,2026-07-15,339.99,USD,eBay,unknown,FALSE,,,2000 POKEMON NEO GENESIS #17 TYPHLOSION-HOLO PSA 8 W Swirl #17,https://www.ebay.es/itm/206409398601,PriceCharting
Neo Genesis,Typhlosion,17/111,Unlimited,PSA 8,2026-06-30,350.00,USD,eBay,best offer,TRUE,,,2000 POKEMON NEO GENESIS #17 TYPHLOSION-HOLO PSA 8 #17,https://www.ebay.es/itm/117270482097,PriceCharting
Neo Genesis,Typhlosion,17/111,Unlimited,PSA 8,2026-06-20,300.00,USD,eBay,unknown,FALSE,,,Pokemon Typhlosion Holo Neo Genesis Unlimited 17/111 PSA 8 17/111,https://www.ebay.es/itm/287401983938,PriceCharting
Neo Genesis,Typhlosion,17/111,Unlimited,PSA 8,2026-06-19,350.00,USD,eBay,best offer,TRUE,,,2000 POKEMON NEO GENESIS #17 TYPHLOSION-HOLO PSA 8 #17,https://www.ebay.es/itm/298375568657,PriceCharting
Neo Genesis,Typhlosion,17/111,Unlimited,PSA 8,2026-06-15,270.00,USD,eBay,unknown,FALSE,,,2000 POKEMON NEO GENESIS #17 TYPHLOSION-HOLO PSA 8 #17,https://www.ebay.es/itm/117233419912,PriceCharting
Neo Genesis,Typhlosion,17/111,Unlimited,PSA 9,2026-09-07,870.00,USD,eBay,unknown,FALSE,,,2000 POKEMON NEO GENESIS TYPHLOSION HOLO #17 PSA 9 MINT,https://www.ebay.es/itm/298630775669,PriceCharting
Neo Genesis,Typhlosion,17/111,Unlimited,PSA 9,2026-08-17,1175.00,USD,eBay,unknown,FALSE,,,Pokemon 2000 Typhlosion 17/111 Holo Neo Genesis PSA 9 17/111,https://www.ebay.es/itm/407126011798,PriceCharting
Neo Genesis,Typhlosion,17/111,Unlimited,PSA 9,2026-07-30,990.00,USD,eBay,unknown,FALSE,,,PSA 9 - POKEMON - TYPHLOSION 17/111 HOLO - NEO GENESIS 2000 - VINTAGE WOTC 17/111,https://www.ebay.es/itm/287480461155,PriceCharting
Neo Genesis,Typhlosion,17/111,Unlimited,PSA 9,2026-06-15,842.00,USD,eBay,unknown,FALSE,,,Pokemon Typhlosion Neo Genesis Unlimited Holo Rare #17 PSA 9 Mint,https://www.ebay.es/itm/287376182207,PriceCharting
Neo Genesis,Typhlosion,17/111,Unlimited,PSA 9,2026-06-13,790.00,USD,eBay,unknown,FALSE,,,Pokemon Neo Genesis Typhlosion Holo 17/111 Unlimited English PSA 9 (2000) 17/111,https://www.ebay.es/itm/298390177329,PriceCharting
Neo Genesis,Typhlosion,17/111,Unlimited,PSA 9,2026-05-31,1025.00,USD,eBay,unknown,FALSE,,,Pokemon Typhlosion Neo Genesis Unlimited Holo Rare #17 PSA 9 Mint,https://www.ebay.es/itm/287344935389,PriceCharting
Neo Genesis,Typhlosion,17/111,Unlimited,PSA 9,2026-05-05,1100.00,USD,eBay,best offer,TRUE,,,2000 POKEMON NEO GENESIS #17 TYPHLOSION-HOLO PSA 9 #17,https://www.ebay.es/itm/306915224950,PriceCharting
Neo Genesis,Typhlosion,17/111,Unlimited,PSA 9,2026-04-29,1650.00,USD,eBay,unknown,FALSE,,,2000 POKEMON NEO GENESIS #17 TYPHLOSION-HOLO PSA 9 #17,https://www.ebay.es/itm/257466094480,PriceCharting
Neo Genesis,Typhlosion,17/111,Unlimited,PSA 9,2026-04-16,1350.00,USD,eBay,best offer,TRUE,,,Pokémon Typhlosion 17/111 Neo Genesis Holo Rare PSA 9 Unlimited English 17/111,https://www.ebay.es/itm/358443671417,PriceCharting
Neo Genesis,Typhlosion,17/111,Unlimited,PSA 9,2026-04-09,1499.99,USD,eBay,unknown,FALSE,,,PSA 9 MINT Typhlosion 17/111 HOLO RARE Neo Genesis Pokemon Card,https://www.ebay.es/itm/277875831419,PriceCharting
Neo Genesis,Typhlosion,17/111,Unlimited,PSA 9,2026-01-03,707.00,USD,eBay,unknown,FALSE,,,Typhlosion (17/111) Neo Genesis - PSA 9 Pokémon 2000 Holo ￼ 17/111,https://www.ebay.es/itm/287041417127,PriceCharting
Neo Genesis,Typhlosion,18/111,1st Edition,PSA 8,2026-09-28,480.99,USD,eBay,unknown,FALSE,,,2000 Pokemon Neo Genesis Typhlosion Holo 18/111 1st Edition - PSA 8 - New Cert 18/111,https://www.ebay.es/itm/327367271928,PriceCharting
Neo Genesis,Typhlosion,18/111,1st Edition,PSA 8,2026-09-27,599.00,USD,eBay,unknown,FALSE,,,2000 POKEMON NEO GENESIS 1ST EDITION #18 TYPHLOSION-HOLO PSA 8 #18,https://www.ebay.es/itm/298678402700,PriceCharting
Neo Genesis,Typhlosion,18/111,1st Edition,PSA 8,2026-09-27,497.78,USD,eBay,unknown,FALSE,,,PSA 8 Pokemon Neo Genesis 1st Edition Holo Rare Typhlosion 18/111 NM/MINT!!,https://www.ebay.es/itm/127941591844,PriceCharting
Neo Genesis,Typhlosion,18/111,1st Edition,PSA 8,2026-09-26,496.76,USD,eBay,unknown,FALSE,,,Pokemon TCG: Typhlosion 18/111 - 1st Edition Neo Genesis - PSA 8,https://www.ebay.es/itm/318559024001,PriceCharting
Neo Genesis,Typhlosion,18/111,1st Edition,PSA 8,2026-09-20,486.17,USD,eBay,unknown,FALSE,,,2000 POKEMON NEO GENESIS 1ST EDITION #18/111 TYPHLOSION HOLO RARE PSA 8 18/111,https://www.ebay.es/itm/206551245059,PriceCharting
Neo Genesis,Typhlosion,18/111,1st Edition,PSA 8,2026-09-16,595.00,USD,eBay,unknown,FALSE,,,2000 Pokémon Neo Genesis Typhlosion Holo 18/111 1st Edition PSA 8 18/111,https://www.ebay.es/itm/188939405738,PriceCharting
Neo Genesis,Typhlosion,18/111,1st Edition,PSA 8,2026-09-13,521.19,USD,eBay,unknown,FALSE,,,2000 POKEMON NEO GENESIS 1ST EDITION #18 TYPHLOSION-HOLO 1ST EDITION PSA 8 #18,https://www.ebay.es/itm/307158162367,PriceCharting
Neo Genesis,Typhlosion,18/111,1st Edition,PSA 8,2026-09-11,591.00,USD,eBay,unknown,FALSE,,,2000 POKEMON NEO GENESIS 1ST EDITION #18 TYPHLOSION-HOLO PSA 8,https://www.ebay.es/itm/298640033911,PriceCharting
Neo Genesis,Typhlosion,18/111,1st Edition,PSA 8,2026-09-05,500.00,USD,eBay,best offer,TRUE,,,PSA 8 Typhlosion 18/111 Holo 1st Edition 2000 Neo Genesis Vintage Pokemon Card 18/111,https://www.ebay.es/itm/398286151434,PriceCharting
Neo Genesis,Typhlosion,18/111,1st Edition,PSA 8,2026-09-04,510.00,USD,eBay,unknown,FALSE,,,2000 POKEMON NEO GENESIS 1ST EDITION #18 TYPHLOSION-HOLO PSA 8 #18,https://www.ebay.es/itm/117379634632,PriceCharting
Neo Genesis,Typhlosion,18/111,1st Edition,PSA 8,2026-08-27,505.00,USD,eBay,unknown,FALSE,,,2000 POKEMON NEO GENESIS 1ST EDITION #18 TYPHLOSION-HOLO PSA 8 #18,https://www.ebay.es/itm/307133812164,PriceCharting
Neo Genesis,Typhlosion,18/111,1st Edition,PSA 8,2026-08-03,422.00,USD,eBay,unknown,FALSE,,,TYPHLOSION 2000 POKEMON NEO GENESIS 1ST EDITION RARE HOLO #18 SWIRL! PSA 8 NM-MT #18,https://www.ebay.es/itm/407109377950,PriceCharting
Neo Genesis,Typhlosion,18/111,1st Edition,PSA 8,2026-07-18,504.99,USD,eBay,unknown,FALSE,,,Typhlosion 18/111 1ST EDITION Holo PSA 8 -Neo Genesis - Rare Pokémon Card 18/111,https://www.ebay.es/itm/188548171514,PriceCharting
Neo Genesis,Typhlosion,18/111,1st Edition,PSA 8,2026-07-13,440.00,USD,eBay,unknown,FALSE,,,159763669 Typhlosion 2000 Pokemon Neo Genesis 1st Edition #18 Holo PSA 8 18/111,https://www.ebay.es/itm/158049106054,PriceCharting
Neo Genesis,Typhlosion,18/111,1st Edition,PSA 8,2026-06-27,350.00,USD,eBay,best offer,TRUE,,,Typhlosion 18/111 1st Edition PSA 8 -Neo Genesis - Holo Pokémon CRACK IN SLAB 18/111,https://www.ebay.es/itm/168496468904,PriceCharting
Neo Genesis,Typhlosion,18/111,1st Edition,PSA 8,2026-06-27,476.63,USD,eBay,best offer,TRUE,,,Typhlosion 18/111 1st Edition PSA 8 -Neo Genesis - Rare Holo Pokémon Card Swirl,https://www.ebay.es/itm/287361601980,PriceCharting
Neo Genesis,Typhlosion,18/111,1st Edition,PSA 8,2026-06-15,412.25,USD,eBay,unknown,FALSE,,,TYPHLOSION 2000 Pokemon Neo Genesis 1st Edition Holo PSA 8 NM #18,https://www.ebay.es/itm/318445646246,PriceCharting
Neo Genesis,Typhlosion,18/111,1st Edition,PSA 8,2026-06-12,499.99,USD,eBay,unknown,FALSE,,,PSA 8 Pokemon Neo Genesis 1st Edition Holo Rare Typhlosion 18/111 NM/MINT!!,https://www.ebay.es/itm/336593384688,PriceCharting
Neo Genesis,Typhlosion,18/111,1st Edition,PSA 8,2026-06-11,400.00,USD,eBay,unknown,FALSE,,,POKEMON TYPHLOSION-HOLO 2000 NEO GENESIS 1ST EDITION #18 PSA 8 #18,https://www.ebay.es/itm/800119674392,PriceCharting
Neo Genesis,Typhlosion,18/111,1st Edition,PSA 8,2026-06-10,400.00,USD,eBay,unknown,FALSE,,,2000 POKEMON NEO GENESIS 1ST EDITION #18 TYPHLOSION-HOLO PSA 8 #18,https://www.ebay.es/itm/278072900072,PriceCharting
Neo Genesis,Typhlosion,18/111,1st Edition,PSA 8,2026-06-10,410.00,USD,eBay,unknown,FALSE,,,2000 POKEMON NEO GENESIS 1ST EDITION #18 TYPHLOSION-HOLO PSA 8 #18,https://www.ebay.es/itm/117227065291,PriceCharting
Neo Genesis,Typhlosion,18/111,1st Edition,PSA 8,2026-06-08,375.00,USD,eBay,unknown,FALSE,,,2000 POKEMON NEO GENESIS 1ST EDITION #18 TYPHLOSION-HOLO PSA 8 #18,https://www.ebay.es/itm/298366005447,PriceCharting
Neo Genesis,Typhlosion,18/111,1st Edition,PSA 8,2026-06-08,415.00,USD,eBay,unknown,FALSE,,,Pokemon Typhlosion Neo Genesis 1st Edition Holo Rare #18 PSA 8,https://www.ebay.es/itm/287361552017,PriceCharting
Neo Genesis,Typhlosion,18/111,1st Edition,PSA 8,2026-06-07,335.00,USD,eBay,unknown,FALSE,,,PSA 8 Pokemon Neo Genesis 1st Edition Holo Rare Typhlosion 18/111 NM/MINT!! 18/111,https://www.ebay.es/itm/406967556915,PriceCharting
Neo Genesis,Typhlosion,18/111,1st Edition,PSA 8,2026-06-06,366.50,USD,eBay,best offer,TRUE,,,TYPHLOSION 2000 Pokemon Neo Genesis 1st Edition Holo PSA 8 NM #18,https://www.ebay.es/itm/318310290709,PriceCharting
Neo Genesis,Typhlosion,18/111,1st Edition,PSA 8,2026-05-31,450.69,USD,eBay,unknown,FALSE,,,2000 POKEMON NEO GENESIS 1ST EDITION #18 TYPHLOSION-HOLO PSA 8 #18,https://www.ebay.es/itm/287349488677,PriceCharting
Neo Genesis,Typhlosion,18/111,1st Edition,PSA 8,2026-05-26,698.67,USD,eBay,unknown,FALSE,,,2000 POKEMON NEO GENESIS 1ST EDITION #18 TYPHLOSION-HOLO PSA 8 #18,https://www.ebay.es/itm/298317999067,PriceCharting
Neo Genesis,Typhlosion,18/111,1st Edition,PSA 9,2026-09-28,1410.00,USD,eBay,unknown,FALSE,,,Pokemon 2000 Typhlosion 18/111 1st Edition Holo Neo Genesis PSA 9 18/111,https://www.ebay.es/itm/407225750862,PriceCharting
Neo Genesis,Typhlosion,18/111,1st Edition,PSA 9,2026-09-26,1095.99,USD,eBay,unknown,FALSE,,,PSA 9 Typhlosion 1st Edition - 18/111 - Neo Genesis - Pokemon - Read Description,https://www.ebay.es/itm/287579492509,PriceCharting
Neo Genesis,Typhlosion,18/111,1st Edition,PSA 9,2026-09-23,899.00,USD,eBay,unknown,FALSE,,,Pokemon 2000 Typhlosion 18/111 1st Edition Holo Neo Genesis PSA 9 18/111,https://www.ebay.es/itm/117423093766,PriceCharting
Neo Genesis,Typhlosion,18/111,1st Edition,PSA 9,2026-09-21,895.00,USD,eBay,unknown,FALSE,,,2000 Pokémon Typhlosion #18/111 Neo Genesis Holo 1st Edition PSA 9 MINT #18,https://www.ebay.es/itm/117397668031,PriceCharting
Neo Genesis,Typhlosion,18/111,1st Edition,PSA 9,2026-09-13,1136.00,USD,eBay,unknown,FALSE,,,Pokemon Typhlosion Holo Neo Genesis 1st Edition 18/111 PSA 9 Mint 18/111,https://www.ebay.es/itm/287565390089,PriceCharting
Neo Genesis,Typhlosion,18/111,1st Edition,PSA 9,2026-09-06,959.95,USD,eBay,unknown,FALSE,,,2000 Pokemon Neo Genesis Typhlosion Holo 1st Edition #18 PSA 9,https://www.ebay.es/itm/398352740962,PriceCharting
Neo Genesis,Typhlosion,18/111,1st Edition,PSA 9,2026-09-06,1075.99,USD,eBay,unknown,FALSE,,,2000 POKEMON NEO GENESIS 1ST EDITION #18 TYPHLOSION-HOLO PSA 9 #18,https://www.ebay.es/itm/117380982170,PriceCharting
Neo Genesis,Typhlosion,18/111,1st Edition,PSA 9,2026-09-04,879.13,USD,eBay,unknown,FALSE,,,Typhlosion 18/111 1st Edition PSA 9 Neo Genesis Pokemon Holo,https://www.ebay.es/itm/237035764151,PriceCharting
Neo Genesis,Typhlosion,18/111,1st Edition,PSA 9,2026-08-24,760.00,USD,eBay,unknown,FALSE,,,2000 POKEMON NEO GENESIS 1ST EDITION #18 TYPHLOSION-HOLO PSA 9 *PICS* #18,https://www.ebay.es/itm/307130591697,PriceCharting
Neo Genesis,Typhlosion,18/111,1st Edition,PSA 9,2026-08-20,800.00,USD,eBay,best offer,TRUE,,,2000 Pokemon Neo Genesis 1st Ed Typhlosion Holo #18 PSA 9,https://www.ebay.es/itm/267758425469,PriceCharting
Neo Genesis,Typhlosion,18/111,1st Edition,PSA 9,2026-08-17,736.54,USD,eBay,unknown,FALSE,,,Pokemon Typhlosion Holo Neo Genesis 1st Edition 18/111 PSA 9 Mint 18/111,https://www.ebay.es/itm/287511103209,PriceCharting
Neo Genesis,Typhlosion,18/111,1st Edition,PSA 9,2026-08-16,810.00,USD,eBay,unknown,FALSE,,,Pokemon Typhlosion Holo Neo Genesis 1st Edition 18/111 PSA 9 Mint 18/111,https://www.ebay.es/itm/287511100025,PriceCharting
Neo Genesis,Typhlosion,18/111,1st Edition,PSA 9,2026-08-15,770.00,USD,eBay,unknown,FALSE,,,2000 POKEMON NEO GENESIS TYPHLOSION 1ST EDITION HOLO #18 PSA 9 #18,https://www.ebay.es/itm/206475319983,PriceCharting
Neo Genesis,Typhlosion,18/111,1st Edition,PSA 9,2026-08-12,800.00,USD,eBay,best offer,TRUE,,,2000 POKEMON NEO GENESIS 1ST EDITION #18 TYPHLOSION-HOLO PSA 9 #18,https://www.ebay.es/itm/307122831738,PriceCharting
Neo Genesis,Typhlosion,18/111,1st Edition,PSA 9,2026-08-12,858.00,USD,eBay,unknown,FALSE,,,2000 Pokemon Neo Genesis Typhlosion 18/111 Holo 1st Edition PSA 9 MINT #18,https://www.ebay.es/itm/358888771246,PriceCharting
Neo Genesis,Typhlosion,18/111,1st Edition,PSA 9,2026-08-11,820.99,USD,eBay,unknown,FALSE,,,2000 Pokemon Typhlosion 1st Edition 18/111 Neo Genesis Holo PSA 9 🔥 #18,https://www.ebay.es/itm/198516872733,PriceCharting
Neo Genesis,Typhlosion,18/111,1st Edition,PSA 9,2026-08-09,800.00,USD,eBay,best offer,TRUE,,,2000 POKEMON NEO GENESIS 1ST EDITION #18 TYPHLOSION-HOLO PSA 9 #18,https://www.ebay.es/itm/298539705180,PriceCharting
Neo Genesis,Typhlosion,18/111,1st Edition,PSA 9,2026-08-06,800.00,USD,eBay,unknown,FALSE,,,2000 POKEMON NEO GENESIS 1ST EDITION #18 TYPHLOSION-HOLO PSA 9 #18,https://www.ebay.es/itm/117327797865,PriceCharting
Neo Genesis,Typhlosion,18/111,1st Edition,PSA 9,2026-08-05,700.00,USD,eBay,best offer,TRUE,,,2000 POKEMON NEO GENESIS 1ST EDITION #18 TYPHLOSION-HOLO PSA 9 #18,https://www.ebay.es/itm/307095820948,PriceCharting
Neo Genesis,Typhlosion,18/111,1st Edition,PSA 9,2026-08-03,750.00,USD,eBay,unknown,FALSE,,,2000 POKEMON NEO GENESIS TYPHLOSION 1ST EDITION HOLO #18 PSA 9 #18,https://www.ebay.es/itm/206446194512,PriceCharting
Neo Genesis,Typhlosion,18/111,1st Edition,PSA 9,2026-07-28,800.00,USD,eBay,best offer,TRUE,,,2000 POKEMON NEO GENESIS 1ST EDITION #18 TYPHLOSION-HOLO PSA 9 #18,https://www.ebay.es/itm/307071727873,PriceCharting
Neo Genesis,Typhlosion,18/111,1st Edition,PSA 9,2026-07-27,650.00,USD,eBay,best offer,TRUE,,,2000 Pokemon TCG Neo Genesis Typhlosion Holo 1st Edition 18/111 PSA 9 18/111,https://www.ebay.es/itm/800407233952,PriceCharting
Neo Genesis,Typhlosion,18/111,1st Edition,PSA 9,2026-07-27,881.18,USD,eBay,best offer,TRUE,,,Pokemon PSA 9 Typhlosion #18 1St Edition Holo Neo Genesis 2000 English,https://www.ebay.es/itm/287467794731,PriceCharting
Neo Genesis,Typhlosion,18/111,1st Edition,PSA 10,2026-09-20,10000.00,USD,eBay,best offer,TRUE,,,2000 POKEMON NEO GENESIS 1ST ED #18 TYPHLOSION-HOLO PSA 10 #18,https://www.ebay.es/itm/198638159585,PriceCharting
Neo Genesis,Typhlosion,18/111,1st Edition,PSA 10,2026-09-06,6975.00,USD,eBay,unknown,FALSE,,,Pokemon Typhlosion Neo Genesis 1st Edition Holo Rare #18 PSA 10 Gem Mint,https://www.ebay.es/itm/287215053795,PriceCharting
Neo Genesis,Typhlosion,18/111,1st Edition,PSA 10,2026-09-03,6851.00,USD,eBay,unknown,FALSE,,,2000 POKEMON NEO GENESIS 1ST EDITION #18 TYPHLOSION-HOLO PSA 10 LOW POP,https://www.ebay.es/itm/377449420475,PriceCharting
Neo Genesis,Typhlosion,18/111,1st Edition,PSA 10,2026-09-01,5694.70,USD,eBay,best offer,TRUE,,,2000 Pokemon TYPHLOSION #18/111 Neo Genesis 1st Edition Cosmos Holo Rare PSA 10 18/111,https://www.ebay.es/itm/318728857494,PriceCharting
Neo Genesis,Typhlosion,18/111,1st Edition,PSA 10,2026-09-01,6000.00,USD,eBay,unknown,FALSE,,,2000 Pokemon Neo Genesis 1st Edition Typhlosion Holo #18/111 PSA 10 GEM MINT,https://www.ebay.es/itm/128046273386,PriceCharting
Neo Genesis,Typhlosion,18/111,1st Edition,PSA 10,2026-07-24,6000.00,USD,eBay,unknown,FALSE,,,2000 Pokemon TYPHLOSION #18/111 Neo Genesis 1st Edition Cosmos Holo Rare PSA 10 18/111,https://www.ebay.es/itm/307064769959,PriceCharting
Neo Genesis,Typhlosion,18/111,1st Edition,PSA 10,2026-07-05,6000.00,USD,eBay,unknown,FALSE,,,2000 POKEMON NEO GENESIS 1ST EDITION #18 TYPHLOSION-HOLO PSA 10 #18,https://www.ebay.es/itm/307003190182,PriceCharting
Neo Genesis,Typhlosion,18/111,1st Edition,PSA 10,2026-06-21,5400.00,USD,eBay,unknown,FALSE,,,Pokemon Typhlosion Neo Genesis 1st Edition Holo Rare #18 PSA 10 Gem Mint,https://www.ebay.es/itm/287384725418,PriceCharting
Neo Genesis,Typhlosion,18/111,1st Edition,PSA 10,2026-06-11,6000.00,USD,eBay,unknown,FALSE,,,Pokemon Typhlosion Neo Genesis 1st Edition Holo Rare #18 PSA 10 Gem Mint,https://www.ebay.es/itm/287232988396,PriceCharting
Neo Genesis,Typhlosion,18/111,1st Edition,PSA 10,2026-06-11,5500.00,USD,eBay,best offer,TRUE,,,2000 POKEMON NEO GENESIS 1ST EDITION #18 TYPHLOSION-HOLO PSA 10 #18,https://www.ebay.es/itm/306934866447,PriceCharting
Neo Genesis,Typhlosion,18/111,1st Edition,PSA 10,2026-04-20,5100.00,USD,eBay,unknown,FALSE,,,PSA 10 GEM MINT Typhlosion 18/111 HOLO RARE Neo Genesis 1ST EDITION Pokemon Card #18,https://www.ebay.es/itm/358433506295,PriceCharting
Neo Genesis,Typhlosion,18/111,1st Edition,PSA 10,2026-04-19,5100.00,USD,eBay,unknown,FALSE,,,Pokemon Typhlosion Neo Genesis 1st Edition Holo Rare #18 PSA 10 Gem Mint,https://www.ebay.es/itm/287265142249,PriceCharting
Neo Genesis,Typhlosion,18/111,1st Edition,PSA 10,2026-04-09,5850.00,USD,eBay,best offer,TRUE,,,2000 POKEMON NEO GENESIS 1ST ED #18 TYPHLOSION-HOLO PSA 10 #18,https://www.ebay.es/itm/336496691299,PriceCharting
Neo Genesis,Typhlosion,18/111,1st Edition,PSA 10,2026-03-04,4474.60,USD,eBay,best offer,TRUE,,,Pokemon Cards: Neo Genesis 1st Edition Rare Holo: Typhlosion 18/111 PSA 10 #18,https://www.ebay.es/itm/317270064459,PriceCharting
Neo Genesis,Typhlosion,18/111,1st Edition,PSA 10,2026-03-02,4351.00,USD,eBay,unknown,FALSE,,,Pokemon Typhlosion Neo Genesis 1st Edition Holo Rare #18 PSA 10 Gem Mint,https://www.ebay.es/itm/287148590435,PriceCharting
Neo Genesis,Typhlosion,18/111,1st Edition,PSA 10,2026-02-19,4649.97,USD,eBay,unknown,FALSE,,,Pokemon Typhlosion Neo Genesis 1st Edition Holo Rare #18 PSA 10 Gem Mint #18,https://www.ebay.es/itm/287111608504,PriceCharting
Neo Genesis,Typhlosion,18/111,1st Edition,PSA 10,2026-02-19,4500.00,USD,eBay,unknown,FALSE,,,2000 POKEMON NEO GENESIS 1ST ED #18 TYPHLOSION-HOLO PSA 10 #18,https://www.ebay.es/itm/389642624270,PriceCharting
Neo Genesis,Typhlosion,18/111,1st Edition,PSA 10,2026-02-18,4569.00,USD,eBay,unknown,FALSE,,,2000 POKEMON NEO GENESIS 1ST ED #18 TYPHLOSION-HOLO PSA 10 #18,https://www.ebay.es/itm/306776060455,PriceCharting
Neo Genesis,Typhlosion,18/111,1st Edition,PSA 10,2026-01-26,4050.67,USD,eBay,unknown,FALSE,,,Pokemon Typhlosion Neo Genesis 1st Edition Holo Rare #18 PSA 10 Gem Mint,https://www.ebay.es/itm/287077597535,PriceCharting
Neo Genesis,Typhlosion,18/111,1st Edition,PSA 10,2026-01-06,3350.00,USD,eBay,best offer,TRUE,,,Pokémon Neo Genesis 1st Edition #18 Typhlosion Holo PSA 10 18/111,https://www.ebay.es/itm/157533318239,PriceCharting
Neo Genesis,Typhlosion,18/111,1st Edition,PSA 10,2025-12-06,3650.00,USD,eBay,unknown,FALSE,,,2000 POKEMON NEO GENESIS 1ST EDITION #18 TYPHLOSION-HOLO PSA 10 #18,https://www.ebay.es/itm/297797992366,PriceCharting
Neo Genesis,Typhlosion,18/111,1st Edition,PSA 10,2025-11-13,3600.00,USD,eBay,best offer,TRUE,,,2000 Pokemon Neo Genesis Typhlosion Holo 1st Edition #18 PSA 10 18/111,https://www.ebay.es/itm/197583877252,PriceCharting
Neo Genesis,Typhlosion,18/111,1st Edition,PSA 10,2025-11-10,2700.00,USD,eBay,unknown,FALSE,,,Pokemon Typhlosion Neo Genesis 1st Edition Holo Rare #18 PSA 10 Gem Mint,https://www.ebay.es/itm/286909620571,PriceCharting
Neo Genesis,Typhlosion,18/111,1st Edition,PSA 10,2025-10-26,3285.00,USD,eBay,best offer,TRUE,,,Pokémon Typhlosion TCG Neo Genesis 18 Holo 1st Edition Psa 10 18/111,https://www.ebay.es/itm/127427649827,PriceCharting
Neo Genesis,Typhlosion,18/111,1st Edition,PSA 10,2025-07-31,2325.00,USD,eBay,unknown,FALSE,,,Typhlosion 18/111 Neo Genesis 1st Edition Holo Rare Pokemon Card PSA 10 GEM MINT 18/111,https://www.ebay.es/itm/146695362643,PriceCharting
Neo Genesis,Typhlosion,18/111,1st Edition,PSA 10,2025-03-14,2599.99,USD,eBay,unknown,FALSE,,,Pokemon Typhlosion 18/111 1st Edition PSA 10 Neo Genesis Holo 2000 First Edition 18/111,https://www.ebay.es/itm/116504747981,PriceCharting
Neo Genesis,Typhlosion,18/111,1st Edition,PSA 10,2025-02-24,2050.00,USD,eBay,unknown,FALSE,,,Pokemon Typhlosion Neo Genesis 1st Edition Holo Rare #18 PSA 10 Gem Mint,https://www.ebay.es/itm/286330316690,PriceCharting
Neo Genesis,Typhlosion,18/111,1st Edition,PSA 10,2025-02-04,2500.00,USD,eBay,unknown,FALSE,,,Typhlosion 18/111 Neo Genesis 1st Edition Holo Rare Pokemon Card PSA 10 GEM MINT 18/111,https://www.ebay.es/itm/256802855306,PriceCharting
Neo Genesis,Typhlosion,18/111,1st Edition,PSA 10,2025-01-12,1050.00,USD,eBay,unknown,FALSE,,,Pokemon Typhlosion Neo Genesis 1st Edition Holo Rare #18 PSA 10 Gem Mint #18,https://www.ebay.es/itm/365318624081,PriceCharting
Neo Genesis,Typhlosion,18/111,1st Edition,PSA 10,2025-01-09,1250.00,USD,eBay,unknown,FALSE,,,Pokemon Typhlosion Neo Genesis 1st Edition Holo Rare #18 PSA 10 Gem Mint #18,https://www.ebay.es/itm/365318620014,PriceCharting
Neo Genesis,Typhlosion,18/111,Unlimited,PSA 8,2026-09-17,235.00,USD,eBay,unknown,FALSE,,,TYPHLOSION HOLO 18/111 NEO GENESIS POKEMON PSA 8 18/111,https://www.ebay.es/itm/178362548637,PriceCharting
Neo Genesis,Typhlosion,18/111,Unlimited,PSA 8,2026-09-07,270.00,USD,eBay,unknown,FALSE,,,2000 POKEMON NEO GENESIS #18 TYPHLOSION-HOLO PSA 8 #18,https://www.ebay.es/itm/117383803349,PriceCharting
Neo Genesis,Typhlosion,18/111,Unlimited,PSA 8,2026-09-02,195.00,USD,eBay,unknown,FALSE,,,2000 Pokemon Neo Genesis #18/111 Typhlosion Holo PSA 8,https://www.ebay.es/itm/377447265872,PriceCharting
Neo Genesis,Typhlosion,18/111,Unlimited,PSA 8,2026-08-08,183.50,USD,eBay,unknown,FALSE,,,Pokemon 2000 Typhlosion 18/111 Holo Neo Genesis PSA 8 18/111,https://www.ebay.es/itm/407111786480,PriceCharting
Neo Genesis,Typhlosion,18/111,Unlimited,PSA 8,2026-07-10,240.00,USD,eBay,unknown,FALSE,,,Pokemon TCG Neo Genesis Typhlosion Holo Rare 18/111 PSA 8 Near Mint ✨ 18/111,https://www.ebay.es/itm/278106308977,PriceCharting
Neo Genesis,Typhlosion,18/111,Unlimited,PSA 8,2026-07-10,250.00,USD,eBay,unknown,FALSE,,,Pokemon TCG 2000 Neo Genesis Typhlosion Holo Rare Unlimited 18/111 PSA 8 18/111,https://www.ebay.es/itm/366527384995,PriceCharting
Neo Genesis,Typhlosion,18/111,Unlimited,PSA 8,2026-06-24,227.42,USD,eBay,unknown,FALSE,,,Pokemon PSA 8 Neo Genesis Typhlosion 18/111 Holo Rare Graded Card,https://www.ebay.es/itm/127934630276,PriceCharting
Neo Genesis,Typhlosion,18/111,Unlimited,PSA 8,2026-06-16,228.10,USD,eBay,unknown,FALSE,,,2000 Pokemon Neo Genesis Typhlosion Holo #18/111 PSA 8,https://www.ebay.es/itm/377251242195,PriceCharting
Neo Genesis,Typhlosion,18/111,Unlimited,PSA 8,2026-06-10,200.67,USD,eBay,unknown,FALSE,,,2000 Pokemon Typhlosion Neo genesis Holo Rare 18/111 - PSA 8,https://www.ebay.es/itm/177716014557,PriceCharting
Neo Genesis,Typhlosion,18/111,Unlimited,PSA 8,2026-06-07,178.70,USD,eBay,unknown,FALSE,,,Pokemon PSA 8 Neo Genesis Typhlosion 18/111 Holo Rare Graded Card #18,https://www.ebay.es/itm/188479162076,PriceCharting
Neo Genesis,Typhlosion,18/111,Unlimited,PSA 8,2026-05-21,249.99,USD,eBay,unknown,FALSE,,,2000 Pokémon Neo Genesis Holo Rare Typhlosion 18/111 PSA 8 18/111,https://www.ebay.es/itm/397770831413,PriceCharting
Neo Genesis,Typhlosion,18/111,Unlimited,PSA 8,2026-05-05,200.00,USD,eBay,unknown,FALSE,,,2000 P.M. Neo Genesis Pokémon Typhlosion Holo #18 NM-MT PSA 8 18/111,https://www.ebay.es/itm/358501714507,PriceCharting
Neo Genesis,Typhlosion,18/111,Unlimited,PSA 8,2026-05-05,163.40,USD,eBay,unknown,FALSE,,,2000 Pokemon Neo Genesis Typhlosion Holo #18/111 PSA 8,https://www.ebay.es/itm/377150637180,PriceCharting
Neo Genesis,Typhlosion,18/111,Unlimited,PSA 8,2026-04-29,200.00,USD,eBay,unknown,FALSE,,,2000 P.M. Neo Genesis Pokémon Typhlosion Holo #18 NM-MT PSA 8 18/111,https://www.ebay.es/itm/168330726081,PriceCharting
Neo Genesis,Typhlosion,18/111,Unlimited,PSA 8,2026-04-29,200.00,USD,eBay,unknown,FALSE,,,2000 P.M. Neo Genesis Pokémon Typhlosion Holo #18 NM-MT PSA 8 18/111,https://www.ebay.es/itm/358204440986,PriceCharting
Neo Genesis,Typhlosion,18/111,Unlimited,PSA 8,2026-04-28,142.50,USD,eBay,unknown,FALSE,,,2000 Pokémon Neo Genesis Holo Rare Typhlosion 18/111 PSA 8 18/111,https://www.ebay.es/itm/206236188910,PriceCharting
Neo Genesis,Typhlosion,18/111,Unlimited,PSA 8,2026-04-20,185.50,USD,eBay,unknown,FALSE,,,2000 POKEMON NEO GENESIS #18 TYPHLOSION-HOLO PSA 8 #18,https://www.ebay.es/itm/117134472060,PriceCharting
Neo Genesis,Typhlosion,18/111,Unlimited,PSA 8,2026-04-13,175.00,USD,eBay,unknown,FALSE,,,Pokemon Typhlosion Neo Genesis Unlimited Holo Rare #18 PSA 8,https://www.ebay.es/itm/287264095242,PriceCharting
Neo Genesis,Typhlosion,18/111,Unlimited,PSA 8,2026-04-13,130.50,USD,eBay,unknown,FALSE,,,2000 Pokemon Neo Genesis Holo Typhlosion #18 PSA 8 NM-MT #18,https://www.ebay.es/itm/287249800461,PriceCharting
Neo Genesis,Typhlosion,18/111,Unlimited,PSA 8,2026-04-09,185.00,USD,eBay,unknown,FALSE,,,2000 Pokemon Neo Genesis #18 Typhlosion Holo Unlimited PSA 8 NEW CERT #18,https://www.ebay.es/itm/257353314248,PriceCharting
Neo Genesis,Typhlosion,18/111,Unlimited,PSA 8,2026-04-09,175.00,USD,eBay,unknown,FALSE,,,Pokemon Typhlosion Neo Genesis Unlimited Holo Rare #18 PSA 8,https://www.ebay.es/itm/287182249713,PriceCharting
Neo Genesis,Typhlosion,18/111,Unlimited,PSA 8,2026-04-08,185.00,USD,eBay,unknown,FALSE,,,2000 Pokemon Neo Genesis Typhlosion #18 Holo PSA 8 NM-MT #18,https://www.ebay.es/itm/126923590928,PriceCharting
Neo Genesis,Typhlosion,18/111,Unlimited,PSA 8,2026-04-02,150.00,USD,eBay,unknown,FALSE,,,2000 Pokemon Neo Genesis TYPHLOSION #18 HOLO PSA 8 NM-MT 18/111,https://www.ebay.es/itm/116887131597,PriceCharting
Neo Genesis,Typhlosion,18/111,Unlimited,PSA 8,2026-03-31,140.00,USD,eBay,best offer,TRUE,,,2000 Pokémon Neo Genesis Holo Rare Typhlosion 18/111 PSA 8 18/111,https://www.ebay.es/itm/397664587642,PriceCharting
Neo Genesis,Typhlosion,18/111,Unlimited,PSA 9,2026-09-12,220.00,USD,eBay,best offer,TRUE,,,Pokemon Typhlosion #18/111 Neo Genesis Holo PSA 9 (2000) 18/111,https://www.ebay.es/itm/227518454766,PriceCharting
Neo Genesis,Typhlosion,18/111,Unlimited,PSA 9,2026-09-11,241.50,USD,eBay,unknown,FALSE,,,TYPHLOSION 2000 POKEMON NEO GENESIS 18/111 HOLO PSA 9 Q3963-3 18/111,https://www.ebay.es/itm/278340458651,PriceCharting
Neo Genesis,Typhlosion,18/111,Unlimited,PSA 9,2026-08-30,294.99,USD,eBay,unknown,FALSE,,,Pokemon TCG PSA 9 Typhlosion Holo Rare Unlimited 18/111 Neo Genesis 2000 Eng 18/111,https://www.ebay.es/itm/377444812121,PriceCharting
Neo Genesis,Typhlosion,18/111,Unlimited,PSA 9,2026-08-30,285.00,USD,eBay,unknown,FALSE,,,Pokemon Neo Genesis Typhlosion #18 PSA 9 18/111,https://www.ebay.es/itm/318769051585,PriceCharting
Neo Genesis,Typhlosion,18/111,Unlimited,PSA 9,2026-08-23,289.00,USD,eBay,unknown,FALSE,,,Pokemon Neo Genesis Typhlosion #18 PSA 9 18/111,https://www.ebay.es/itm/147510043639,PriceCharting
Neo Genesis,Typhlosion,18/111,Unlimited,PSA 9,2026-07-26,205.02,USD,eBay,unknown,FALSE,,,2000 Pokemon Neo Genesis #18 Typhlosion HOLO PSA 9 MINT #18,https://www.ebay.es/itm/167663878243,PriceCharting
Neo Genesis,Typhlosion,18/111,Unlimited,PSA 9,2026-07-22,345.00,USD,eBay,unknown,FALSE,,,2000 POKEMON NEO GENESIS #18 TYPHLOSION-HOLO PSA 9 #18,https://www.ebay.es/itm/298503035915,PriceCharting
Neo Genesis,Typhlosion,18/111,Unlimited,PSA 9,2026-06-28,300.00,USD,eBay,best offer,TRUE,,,2000 POKEMON NEO GENESIS #18 TYPHLOSION-HOLO PSA 9 #18,https://www.ebay.es/itm/298449562443,PriceCharting
Neo Genesis,Typhlosion,18/111,Unlimited,PSA 9,2026-06-22,450.00,USD,eBay,unknown,FALSE,,,Pokémon TCG Typhlosion Neo Genesis #18 Holo PSA 9 #18,https://www.ebay.es/itm/358598838011,PriceCharting
Neo Genesis,Typhlosion,18/111,Unlimited,PSA 9,2026-06-17,249.99,USD,eBay,unknown,FALSE,,,2000 POKEMON NEO GENESIS #18 TYPHLOSION-HOLO PSA 9 #18,https://www.ebay.es/itm/206346732702,PriceCharting
Neo Genesis,Typhlosion,18/111,Unlimited,PSA 9,2026-06-12,290.00,USD,eBay,best offer,TRUE,,,2000 POKEMON NEO GENESIS #18 TYPHLOSION-HOLO PSA 9 #18,https://www.ebay.es/itm/117242338266,PriceCharting
Neo Genesis,Typhlosion,18/111,Unlimited,PSA 9,2026-05-28,280.00,USD,eBay,unknown,FALSE,,,113162670 Typhlosion 2000 Pokemon Neo Genesis #18 Holo PSA 9 18/111,https://www.ebay.es/itm/157928021012,PriceCharting
Neo Genesis,Typhlosion,18/111,Unlimited,PSA 9,2026-05-26,270.00,USD,eBay,unknown,FALSE,,,2000 POKEMON NEO GENESIS #18 TYPHLOSION-HOLO PSA 9 #18,https://www.ebay.es/itm/306945185086,PriceCharting
Neo Genesis,Typhlosion,18/111,Unlimited,PSA 9,2026-05-25,275.00,USD,eBay,best offer,TRUE,,,2000 POKEMON NEO GENESIS #18 TYPHLOSION-HOLO PSA 9 #18,https://www.ebay.es/itm/298334598213,PriceCharting
Neo Genesis,Typhlosion,18/111,Unlimited,PSA 9,2026-05-15,300.00,USD,eBay,unknown,FALSE,,,2000 POKEMON NEO GENESIS #18 TYPHLOSION-HOLO PSA 9 #18,https://www.ebay.es/itm/117192002675,PriceCharting
Neo Genesis,Typhlosion,18/111,Unlimited,PSA 9,2026-05-14,300.00,USD,eBay,unknown,FALSE,,,PSA 9 MINT 2000 POKEMON NEO GENESIS TYPHLOSION HOLO CARD 18/111,https://www.ebay.es/itm/374127201582,PriceCharting
Neo Genesis,Typhlosion,18/111,Unlimited,PSA 9,2026-05-12,239.99,USD,eBay,unknown,FALSE,,,2000 POKEMON NEO GENESIS #18 TYPHLOSION-HOLO PSA 9 #18,https://www.ebay.es/itm/137282057679,PriceCharting
Neo Genesis,Typhlosion,18/111,Unlimited,PSA 9,2026-04-20,245.00,USD,eBay,best offer,TRUE,,,2000 Pokemon Neo Genesis Typhlosion-Holo PSA 9 #18,https://www.ebay.es/itm/188225841293,PriceCharting
Neo Genesis,Typhlosion,18/111,Unlimited,PSA 9,2026-03-30,192.50,USD,eBay,unknown,FALSE,,,Pokemon Typhlosion Neo Genesis Unlimited Holo Rare #18 PSA 9 Mint,https://www.ebay.es/itm/287220079460,PriceCharting
Neo Genesis,Typhlosion,18/111,Unlimited,PSA 9,2026-03-29,230.00,USD,eBay,unknown,FALSE,,,2000 POKEMON NEO GENESIS #18 TYPHLOSION-HOLO PSA 9 LOW POP 567 #18,https://www.ebay.es/itm/127773035329,PriceCharting
Neo Genesis,Typhlosion,18/111,Unlimited,PSA 9,2026-03-28,185.00,USD,eBay,best offer,TRUE,,,PSA 9 Mint 2000 Typhlosion Holo #18 Pokémon Card – Neo Genesis,https://www.ebay.es/itm/188174293316,PriceCharting
Neo Genesis,Typhlosion,18/111,Unlimited,PSA 9,2026-03-15,180.00,USD,eBay,best offer,TRUE,,,Pokemon Neo Genesis Typhlosion 18/111 PSA 9 18/111,https://www.ebay.es/itm/206139092927,PriceCharting
Neo Genesis,Typhlosion,18/111,Unlimited,PSA 9,2026-02-21,200.00,USD,eBay,unknown,FALSE,,,PSA 9 MINT Typhlosion Neo Genesis Holo Pokemon 18/111 #18,https://www.ebay.es/itm/188066115852,PriceCharting
Neo Genesis,Typhlosion,18/111,Unlimited,PSA 9,2026-02-20,405.00,USD,eBay,best offer,TRUE,,,2000 POKEMON NEO GENESIS #18 TYPHLOSION-HOLO PSA 9 #18,https://www.ebay.es/itm/116764030139,PriceCharting
Neo Genesis,Typhlosion,18/111,Unlimited,PSA 9,2026-01-26,182.39,USD,eBay,best offer,TRUE,,,2000 Pokémon Typhlosion 18/111 Neo Genesis Holo PSA 9 Unlimited,https://www.ebay.es/itm/397301755338,PriceCharting
Neo Genesis,Typhlosion,18/111,Unlimited,PSA 10,2026-08-30,3521.23,USD,eBay,unknown,FALSE,,,Pokemon Card - PSA 10 Typhlosion 18/111 - Neo Genesis Holo - GEM MT,https://www.ebay.es/itm/287520704171,PriceCharting
Neo Genesis,Typhlosion,18/111,Unlimited,PSA 10,2026-06-23,3500.00,USD,eBay,unknown,FALSE,,,Pokémon TCG Typhlosion Neo Genesis Holo PSA 10 POP 65 18/111,https://www.ebay.es/itm/318276105712,PriceCharting
Neo Genesis,Typhlosion,18/111,Unlimited,PSA 10,2026-04-19,2325.00,USD,eBay,unknown,FALSE,,,Pokemon Typhlosion Neo Genesis Unlimited Holo Rare #18 PSA 10 Gem Mint,https://www.ebay.es/itm/287265142230,PriceCharting
Neo Genesis,Typhlosion,18/111,Unlimited,PSA 10,2026-03-28,3625.34,USD,eBay,best offer,TRUE,,,Pokemon 2000 Neo Genesis Typhlosion 18/111 Holo PSA 10 Gem Mint English,https://www.ebay.es/itm/277770412772,PriceCharting
Neo Genesis,Typhlosion,18/111,Unlimited,PSA 10,2025-12-18,949.99,USD,eBay,unknown,FALSE,,,Pokémon TCG Neo Genesis Typhlosion Holo Rare Card 18/111 Psa 10 18/111,https://www.ebay.es/itm/157533316201,PriceCharting
Neo Genesis,Typhlosion,18/111,Unlimited,PSA 10,2025-11-14,691.42,USD,eBay,unknown,FALSE,,,2000 POKEMON NEO GENESIS #18/111 TYPHLOSION HOLO PSA 10 18/111,https://www.ebay.es/itm/205829653837,PriceCharting
Neo Genesis,Typhlosion,18/111,Unlimited,PSA 10,2025-09-08,710.00,USD,eBay,unknown,FALSE,,,Pokemon Typhlosion Neo Genesis Unlimited Holo Rare #18 PSA 10 Gem Mint,https://www.ebay.es/itm/286791379151,PriceCharting
Neo Genesis,Typhlosion,18/111,Unlimited,PSA 10,2025-08-10,552.07,USD,eBay,unknown,FALSE,,,Pokemon Typhlosion - Neo Genesis - Holo Rare #18 - PSA 10 - Gem Mint,https://www.ebay.es/itm/396926108150,PriceCharting
Neo Genesis,Typhlosion,18/111,Unlimited,PSA 10,2025-04-30,564.17,USD,eBay,unknown,FALSE,,,2000 Pokémon Typhlosion (18/111) Neo Genesis PSA 10,https://www.ebay.es/itm/286512992097,PriceCharting
Neo Genesis,Typhlosion,18/111,Unlimited,PSA 10,2025-03-12,850.00,USD,eBay,unknown,FALSE,,,2000 Pokemon Neo Genesis #18 - Typhlosion - Holo - PSA 10! #18,https://www.ebay.es/itm/365155862950,PriceCharting
Neo Genesis,Typhlosion,18/111,Unlimited,PSA 10,2024-10-11,899.99,USD,eBay,unknown,FALSE,,,2000 Pokemon Neo Genesis #18 - Typhlosion - Holo - PSA 10! #18,https://www.ebay.es/itm/145598899071,PriceCharting
Neo Genesis,Typhlosion,18/111,Unlimited,PSA 10,2024-09-22,355.00,USD,eBay,unknown,FALSE,,,2000 Pokemon Neo Genesis #18 - Typhlosion - Holo - PSA 10! #18,https://www.ebay.es/itm/226359458360,PriceCharting
Neo Genesis,Typhlosion,18/111,Unlimited,PSA 10,2024-07-30,500.00,USD,eBay,unknown,FALSE,,,2000 PSA 10 Vintage Pokémon Neo Genesis HOLO Typhlosion #18 #18,https://www.ebay.es/itm/296593755746,PriceCharting
Neo Genesis,Typhlosion,18/111,Unlimited,PSA 10,2024-06-27,500.00,USD,eBay,unknown,FALSE,,,PSA 10 Vintage Pokémon Neo Genesis Unlimited Typhlosion #18 #18,https://www.ebay.es/itm/176285035855,PriceCharting
Neo Genesis,Typhlosion,18/111,Unlimited,PSA 10,2024-03-25,480.00,USD,eBay,unknown,FALSE,,,2000 Pokemon Neo Genesis 18/111 Typhlosion Holo Rare Pokemon TCG Card PSA 10 18/111,https://www.ebay.es/itm/285764691855,PriceCharting
Neo Genesis,Metal Energy,19/111,1st Edition,PSA 8,2026-08-06,35.00,USD,eBay,unknown,FALSE,,,Pokémon Neo Genesis Metal Energy 19/111 Holo Rare First Edition PSA 8 19/111,https://www.ebay.es/itm/257651406554,PriceCharting
Neo Genesis,Metal Energy,19/111,1st Edition,PSA 8,2026-07-31,47.00,USD,eBay,best offer,TRUE,,,2000 POKEMON NEO GENESIS METAL ENERGY #19 1ST EDITION HOLO PSA 8 #19,https://www.ebay.es/itm/127996099183,PriceCharting
Neo Genesis,Metal Energy,19/111,1st Edition,PSA 8,2026-07-22,51.00,USD,eBay,unknown,FALSE,,,2000 POKEMON NEO GENESIS 1ST EDITION #19 METAL ENERGY-HOLO PSA 8 #19,https://www.ebay.es/itm/307061902825,PriceCharting
Neo Genesis,Metal Energy,19/111,1st Edition,PSA 8,2026-07-21,49.00,USD,eBay,unknown,FALSE,,,Pokemon 1st Edition Neo Genesis Metal Energy Holo Rare 19/111 - PSA 8 - SWIRL 19/111,https://www.ebay.es/itm/389638503299,PriceCharting
Neo Genesis,Metal Energy,19/111,1st Edition,PSA 8,2026-07-16,60.00,USD,eBay,unknown,FALSE,,,PSA 8 NM Metal Energy Holo Neo Genesis 19/111 Pokemon Card 1st Edition 19/111,https://www.ebay.es/itm/358566768653,PriceCharting
Neo Genesis,Metal Energy,19/111,1st Edition,PSA 8,2026-07-03,50.44,USD,eBay,unknown,FALSE,,,2000 Pokemon Neo Genesis 1st Edition #19 Metal Energy Holo PSA 8 NM-MT,https://www.ebay.es/itm/127936337954,PriceCharting
Neo Genesis,Metal Energy,19/111,1st Edition,PSA 8,2026-06-27,47.00,USD,eBay,best offer,TRUE,,,Pokemon 1st Edition Neo Genesis Metal Energy Holo Rare 19/111 - PSA 8 - SWIRL 19/111,https://www.ebay.es/itm/298273408442,PriceCharting
Neo Genesis,Metal Energy,19/111,1st Edition,PSA 8,2026-06-09,36.00,USD,eBay,unknown,FALSE,,,2000 Pokemon Neo Genesis 1st Edition #19 Metal Energy Holo PSA 8 NM-MT,https://www.ebay.es/itm/366448552024,PriceCharting
Neo Genesis,Metal Energy,19/111,1st Edition,PSA 8,2026-06-08,39.00,USD,eBay,unknown,FALSE,,,**SWIRL** 2000 Pokemon Neo Genesis 1st Edition #19 Metal Energy Holo PSA 8 NM-MT #19,https://www.ebay.es/itm/298368993271,PriceCharting
Neo Genesis,Metal Energy,19/111,1st Edition,PSA 8,2026-05-27,45.00,USD,eBay,unknown,FALSE,,,2000 Pokemon Neo Genesis 1st Edition #19 Metal Energy Holo PSA 8 NM-MT,https://www.ebay.es/itm/366419802836,PriceCharting
Neo Genesis,Metal Energy,19/111,1st Edition,PSA 8,2026-05-18,36.79,USD,eBay,unknown,FALSE,,,Pokemon 2000 Metal Energy 19/111 Holo 1st Edition Neo Genesis PSA 8 19/111,https://www.ebay.es/itm/406912284778,PriceCharting
Neo Genesis,Metal Energy,19/111,1st Edition,PSA 8,2026-04-16,43.66,USD,eBay,unknown,FALSE,,,Metal Energy-Holo 2000 Pokemon Neo Genesis 1st Edition #19 1st Edition PSA 8,https://www.ebay.es/itm/396909219957,PriceCharting
Neo Genesis,Metal Energy,19/111,1st Edition,PSA 8,2026-04-14,50.00,USD,eBay,best offer,TRUE,,,2000 POKEMON NEO GENESIS 1ST EDITION #19 METAL ENERGY-HOLO PSA 8 #19,https://www.ebay.es/itm/298226704558,PriceCharting
Neo Genesis,Metal Energy,19/111,1st Edition,PSA 8,2026-03-27,60.00,USD,eBay,unknown,FALSE,,,Metal Energy-Holo 2000 Pokemon Neo Genesis 1st Edition #19 1st Edition PSA 8 #19,https://www.ebay.es/itm/116638347467,PriceCharting
Neo Genesis,Metal Energy,19/111,1st Edition,PSA 8,2026-03-20,54.00,USD,eBay,unknown,FALSE,,,Pokemon Metal Energy Holo 19/111 from Neo Genesis 1st Edition in a PSA 8 !! 19/111,https://www.ebay.es/itm/168200584312,PriceCharting
Neo Genesis,Metal Energy,19/111,1st Edition,PSA 8,2026-02-17,50.00,USD,eBay,unknown,FALSE,,,Pokemon Neo Genesis Metal Energy Holo 1st Edition PSA 8 - new slab 19/111,https://www.ebay.es/itm/187646843035,PriceCharting
Neo Genesis,Metal Energy,19/111,1st Edition,PSA 8,2026-02-11,35.00,USD,eBay,unknown,FALSE,,,2000 Pokemon Neo Genesis 1st Edition #19 Metal Energy-Holo 1st Edition PSA 8 #19,https://www.ebay.es/itm/137016417045,PriceCharting
Neo Genesis,Metal Energy,19/111,1st Edition,PSA 8,2026-02-11,27.45,USD,eBay,unknown,FALSE,,,Metal Energy-Holo 2000 Pokemon Neo Genesis 1st Edition #19 1st Edition PSA 8,https://www.ebay.es/itm/177667695424,PriceCharting
Neo Genesis,Metal Energy,19/111,1st Edition,PSA 8,2026-02-11,27.00,USD,eBay,best offer,TRUE,,,PSA 8 1st Edition Metal Energy Holo #19 Pokemon Neo Genesis 19/111,https://www.ebay.es/itm/306730527549,PriceCharting
Neo Genesis,Metal Energy,19/111,1st Edition,PSA 8,2026-01-11,29.99,USD,eBay,unknown,FALSE,,,2000 Pokemon Neo Genesis 1st Edition #19 Metal Energy-Holo 1st Edition PSA 8 #19,https://www.ebay.es/itm/277606267763,PriceCharting
Neo Genesis,Metal Energy,19/111,1st Edition,PSA 8,2025-12-09,23.50,USD,eBay,unknown,FALSE,,,2000 POKEMON NEO GENESIS 1ST EDITION #19 METAL ENERGY-HOLO PSA 8 #19,https://www.ebay.es/itm/116904262961,PriceCharting
Neo Genesis,Metal Energy,19/111,1st Edition,PSA 8,2025-11-10,29.69,USD,eBay,unknown,FALSE,,,2000 POKEMON NEO GENESIS 1ST EDITION #19 METAL ENERGY-HOLO PSA 8 #19,https://www.ebay.es/itm/306579257990,PriceCharting
Neo Genesis,Metal Energy,19/111,1st Edition,PSA 8,2025-10-21,25.19,USD,eBay,unknown,FALSE,,,2000 Pokemon Neo Genesis 1st Edition #19 Metal Energy Holo PSA 8 NM-MT,https://www.ebay.es/itm/376625028216,PriceCharting
Neo Genesis,Metal Energy,19/111,1st Edition,PSA 9,2026-08-03,100.00,USD,eBay,unknown,FALSE,,,Pokémon Neo Genesis Metal Energy 19/111 Holo Rare First Edition PSA 9 19/111,https://www.ebay.es/itm/358838818703,PriceCharting
Neo Genesis,Metal Energy,19/111,1st Edition,PSA 9,2026-07-31,115.00,USD,eBay,unknown,FALSE,,,2000 POKEMON NEO GENESIS 1ST EDITION #19 METAL ENERGY-HOLO PSA 9 #19,https://www.ebay.es/itm/298548754171,PriceCharting
Neo Genesis,Metal Energy,19/111,1st Edition,PSA 9,2026-06-14,89.00,USD,eBay,unknown,FALSE,,,Pokemon Metal Energy Neo Genesis 1st Edition Holo Rare #19 PSA 9 Mint,https://www.ebay.es/itm/287372420514,PriceCharting
Neo Genesis,Metal Energy,19/111,1st Edition,PSA 9,2026-05-22,109.50,USD,eBay,unknown,FALSE,,,2000 POKEMON NEO GENESIS 1ST EDITION #19 METAL ENERGY-HOLO PSA 9 #19,https://www.ebay.es/itm/298313219054,PriceCharting
Neo Genesis,Metal Energy,19/111,1st Edition,PSA 9,2026-05-13,80.00,USD,eBay,best offer,TRUE,,,2000 POKEMON NEO GENESIS 1ST ED #19 METAL ENERGY-HOLO PSA 9 *small chip in slab* #19,https://www.ebay.es/itm/227340388514,PriceCharting
Neo Genesis,Metal Energy,19/111,1st Edition,PSA 9,2026-04-12,109.02,USD,eBay,unknown,FALSE,,,METAL ENERGY HOLO 1ST EDITION POKEMON 19/111 2000 NEO GENESIS - EN PSA 9,https://www.ebay.es/itm/137179884162,PriceCharting
Neo Genesis,Metal Energy,19/111,1st Edition,PSA 9,2026-04-10,125.00,USD,eBay,unknown,FALSE,,,2000 POKEMON NEO GENESIS 1ST ED #19 METAL ENERGY-HOLO PSA 9 #19,https://www.ebay.es/itm/117134999235,PriceCharting
Neo Genesis,Metal Energy,19/111,1st Edition,PSA 9,2026-03-22,225.50,USD,eBay,unknown,FALSE,,,Pokemon Metal Energy Neo Genesis 1st Edition Holo Rare #19 PSA 9 Mint,https://www.ebay.es/itm/287197976389,PriceCharting
Neo Genesis,Metal Energy,19/111,1st Edition,PSA 9,2026-03-02,85.00,USD,eBay,best offer,TRUE,,,2000 Pokémon Neo Genesis Holo Rare Metal Energy First Edition 19/111 PSA 9 19/111,https://www.ebay.es/itm/397664854021,PriceCharting
Neo Genesis,Metal Energy,19/111,1st Edition,PSA 9,2026-01-27,79.95,USD,eBay,unknown,FALSE,,,2000 WOTC POKEMON NEO GENESIS 1ST EDITION METAL ENERGY 19/111 HOLO RARE PSA 9 19/111,https://www.ebay.es/itm/366155494435,PriceCharting
Neo Genesis,Metal Energy,19/111,1st Edition,PSA 9,2025-11-28,58.12,USD,eBay,unknown,FALSE,,,2000 WOTC POKEMON NEO GENESIS 1ST EDITION METAL ENERGY 19/111 HOLO RARE PSA 9 19/111,https://www.ebay.es/itm/357917581423,PriceCharting
Neo Genesis,Metal Energy,19/111,1st Edition,PSA 9,2025-10-26,94.99,USD,eBay,unknown,FALSE,,,Pokemon Neo Genesis Metal Energy Holo 1st Edition PSA 9 MINT 19/111,https://www.ebay.es/itm/167650785017,PriceCharting
Neo Genesis,Metal Energy,19/111,1st Edition,PSA 9,2025-09-26,89.88,USD,eBay,unknown,FALSE,,,2000 POKEMON NEO GENESIS 1ST EDITION #19 METAL ENERGY-HOLO PSA 9 #19,https://www.ebay.es/itm/306503464997,PriceCharting
Neo Genesis,Metal Energy,19/111,1st Edition,PSA 9,2025-09-20,100.00,USD,eBay,unknown,FALSE,,,2000 POKEMON NEO GENESIS 1ST ED #19 METAL ENERGY-HOLO PSA 9 #19,https://www.ebay.es/itm/116740306563,PriceCharting
Neo Genesis,Metal Energy,19/111,1st Edition,PSA 9,2025-09-15,85.00,USD,eBay,unknown,FALSE,,,Pokemon Metal Energy Neo Genesis 1st Edition Holo Rare #19 PSA 9 Mint,https://www.ebay.es/itm/286799472836,PriceCharting
Neo Genesis,Metal Energy,19/111,1st Edition,PSA 9,2025-08-05,64.12,USD,eBay,unknown,FALSE,,,2000 Pokemon Neo Genesis #19 Metal Energy Holo 1st Edition PSA 9 MINT,https://www.ebay.es/itm/365758856874,PriceCharting
Neo Genesis,Metal Energy,19/111,1st Edition,PSA 9,2025-07-24,84.77,USD,eBay,unknown,FALSE,,,2000 Pokemon Neo Genesis Metal Energy Holo 1st Edition #19 PSA 9 MINT,https://www.ebay.es/itm/388717021446,PriceCharting
Neo Genesis,Metal Energy,19/111,1st Edition,PSA 9,2025-06-16,95.00,USD,eBay,unknown,FALSE,,,PSA 9 MINT Metal Energy 19 Neo Genesis 1st Edition Holo Pokemon Card #19,https://www.ebay.es/itm/146631599753,PriceCharting
Neo Genesis,Metal Energy,19/111,1st Edition,PSA 9,2025-02-05,60.00,USD,eBay,unknown,FALSE,,,2000 Pokemon Neo Genesis 1st Edition #19 Metal Energy-Holo 1st Edition PSA 9 #19,https://www.ebay.es/itm/396177328525,PriceCharting
Neo Genesis,Metal Energy,19/111,1st Edition,PSA 9,2025-01-31,107.50,USD,eBay,unknown,FALSE,,,2000 POKEMON NEO GENESIS 1ST EDITION HOLO #19 METAL ENERGY PSA 9 #19,https://www.ebay.es/itm/306056755153,PriceCharting
Neo Genesis,Metal Energy,19/111,1st Edition,PSA 9,2024-12-12,74.88,USD,eBay,unknown,FALSE,,,2000 Pokemon Neo Genesis 1st Edition #19 Metal Energy Holo PSA 9 MINT,https://www.ebay.es/itm/387692669902,PriceCharting
Neo Genesis,Metal Energy,19/111,1st Edition,PSA 10,2026-04-26,4807.00,USD,eBay,unknown,FALSE,,,Pokemon Metal Energy Neo Genesis 1st Edition Holo Rare #19 PSA 10 Gem Mint,https://www.ebay.es/itm/287278224473,PriceCharting
Neo Genesis,Metal Energy,19/111,1st Edition,PSA 10,2025-12-05,5999.99,USD,eBay,unknown,FALSE,,,Pokemon Metal Energy 1st Edition PSA 10 Gem Mint Holo Neo Genesis 19/111 19/111,https://www.ebay.es/itm/227104833923,PriceCharting
Neo Genesis,Metal Energy,19/111,1st Edition,PSA 10,2025-09-05,2000.00,USD,eBay,unknown,FALSE,,,2000 Pokemon Metal Energy 1st Edition PSA 10 Gem Mint Holo Neo Genesis 19/111 19/111,https://www.ebay.es/itm/226958619924,PriceCharting
Neo Genesis,Metal Energy,19/111,Unlimited,PSA 8,2026-07-12,34.99,USD,eBay,unknown,FALSE,,49815394,Pokemon Neo Genesis METAL ENERGY 19/111 PSA 8 PSA # 49815394 19/111,https://www.ebay.es/itm/298474435596,PriceCharting
Neo Genesis,Metal Energy,19/111,Unlimited,PSA 8,2026-07-09,49.00,USD,eBay,unknown,FALSE,,,Pokemon 2000 Metal Energy 19/111 Holo Neo Genesis PSA 8 19/111,https://www.ebay.es/itm/407060730046,PriceCharting
Neo Genesis,Metal Energy,19/111,Unlimited,PSA 8,2026-07-02,28.14,USD,eBay,unknown,FALSE,,,PSA 8 Pokemon Metal Energy Neo Genesis Holo 19/111,https://www.ebay.es/itm/306989009539,PriceCharting
Neo Genesis,Metal Energy,19/111,Unlimited,PSA 8,2026-04-24,35.00,USD,eBay,unknown,FALSE,,,Pokemon Metal Energy 19/111 Neo Genesis Holo PSA 8 19/111,https://www.ebay.es/itm/318140454156,PriceCharting
Neo Genesis,Metal Energy,19/111,Unlimited,PSA 8,2026-04-18,24.50,USD,eBay,unknown,FALSE,,,PSA 8 - 2000 POKEMON NEO GENESIS #19 METAL ENERGY-HOLO #19,https://www.ebay.es/itm/389882417759,PriceCharting
Neo Genesis,Metal Energy,19/111,Unlimited,PSA 8,2026-04-05,20.00,USD,eBay,unknown,FALSE,,,2000 POKEMON NEO GENESIS #19 METAL ENERGY-HOLO PSA 8 #19,https://www.ebay.es/itm/306846995739,PriceCharting
Neo Genesis,Metal Energy,19/111,Unlimited,PSA 8,2026-03-26,22.50,USD,eBay,unknown,FALSE,,,2000 POKEMON NEO GENESIS #19 METAL ENERGY-HOLO PSA 8 #19,https://www.ebay.es/itm/306828017954,PriceCharting
Neo Genesis,Metal Energy,19/111,Unlimited,PSA 8,2026-02-23,26.00,USD,eBay,unknown,FALSE,,,2000 Pokemon Neo Genesis Metal Energy Holo #19/111 PSA 8,https://www.ebay.es/itm/127690065268,PriceCharting
Neo Genesis,Metal Energy,19/111,Unlimited,PSA 8,2026-01-10,36.00,USD,eBay,unknown,FALSE,,,2000 POKEMON NEO GENESIS #19 METAL ENERGY-HOLO PSA 8 #19,https://www.ebay.es/itm/306682930287,PriceCharting
Neo Genesis,Metal Energy,19/111,Unlimited,PSA 8,2026-01-06,45.00,USD,eBay,best offer,TRUE,,,PSA 8 - Pokemon METAL ENERGY 19/111 - NEO GENESIS - RARE Holographic SWIRL 19/111,https://www.ebay.es/itm/356008075133,PriceCharting
Neo Genesis,Metal Energy,19/111,Unlimited,PSA 8,2025-11-17,23.00,USD,eBay,unknown,FALSE,,,Metal Energy #19 2000 Pokemon Neo Genesis Holo Swirl PSA 8 19/111,https://www.ebay.es/itm/197677583872,PriceCharting
Neo Genesis,Metal Energy,19/111,Unlimited,PSA 8,2025-10-29,21.52,USD,eBay,unknown,FALSE,,,2000 Pokemon TCG - Metal Energy 19/111 - NM PSA 8 - Neo Genesis Holo 19/111,https://www.ebay.es/itm/267444572510,PriceCharting
Neo Genesis,Metal Energy,19/111,Unlimited,PSA 8,2025-07-08,50.00,USD,eBay,unknown,FALSE,,,POKEMON Metal Energy 19/111 Neo Genesis Holo PSA 8!!! 19/111,https://www.ebay.es/itm/396787529029,PriceCharting
Neo Genesis,Metal Energy,19/111,Unlimited,PSA 9,2025-12-15,29.99,USD,eBay,unknown,FALSE,,,2000 POKEMON NEO GENESIS #19 METAL ENERGY-HOLO PSA 9 #19,https://www.ebay.es/itm/116929242145,PriceCharting
Neo Genesis,Metal Energy,19/111,Unlimited,PSA 9,2025-11-17,15.50,USD,eBay,unknown,FALSE,,,Pokemon Metal Energy Neo Genesis Unlimited Holo Rare #19 PSA 9 Mint,https://www.ebay.es/itm/286922256646,PriceCharting
Neo Genesis,Metal Energy,19/111,Unlimited,PSA 9,2025-11-11,90.00,USD,eBay,best offer,TRUE,,,Pokemon PSA 9 Neo Genesis Metal Energy Holo Rare (19/111) MINT,https://www.ebay.es/itm/154428497979,PriceCharting
Neo Genesis,Metal Energy,19/111,Unlimited,PSA 9,2025-10-20,26.00,USD,eBay,unknown,FALSE,,,2000 POKEMON NEO GENESIS #19 METAL ENERGY-HOLO PSA 9 #19,https://www.ebay.es/itm/297671800023,PriceCharting
Neo Genesis,Metal Energy,19/111,Unlimited,PSA 9,2025-10-19,37.00,USD,eBay,unknown,FALSE,,,2000 Pokemon Neo Genesis #19/111 Metal Energy Holo PSA 9 MINT,https://www.ebay.es/itm/376619644646,PriceCharting
Neo Genesis,Metal Energy,19/111,Unlimited,PSA 9,2025-09-05,80.00,USD,eBay,unknown,FALSE,,,2000 METAL ENERGY HOLO RARE NEO GENESIS POKEMON TCG PSA 9 MINT #19/111 19/111,https://www.ebay.es/itm/277350713015,PriceCharting
Neo Genesis,Metal Energy,19/111,Unlimited,PSA 9,2025-05-28,85.00,USD,eBay,unknown,FALSE,,,Pokemon PSA 9 Neo Genesis Metal Energy Holo Rare (19/111) MINT,https://www.ebay.es/itm/404181944321,PriceCharting
Neo Genesis,Metal Energy,19/111,Unlimited,PSA 9,2025-05-01,46.24,USD,eBay,unknown,FALSE,,,2000 Pokemon Neo Genesis Unlimited Holo Metal Energy #19 PSA 9 MINT 0x4u,https://www.ebay.es/itm/236049661342,PriceCharting
Neo Genesis,Metal Energy,19/111,Unlimited,PSA 9,2025-04-04,40.00,USD,eBay,unknown,FALSE,,,Pokemon PSA 9 Neo Genesis Metal Energy Holo Rare (19/111) MINT 19/111,https://www.ebay.es/itm/375629190354,PriceCharting
Neo Genesis,Metal Energy,19/111,Unlimited,PSA 9,2024-11-10,41.90,USD,eBay,unknown,FALSE,,,2000 POKEMON NEO GENESIS #19 METAL ENERGY-HOLO PSA 9,https://www.ebay.es/itm/305876425382,PriceCharting
Neo Genesis,Metal Energy,19/111,Unlimited,PSA 9,2024-10-25,54.99,USD,eBay,unknown,FALSE,,47601439,Pokemon Neo Genesis METAL ENERGY 19/111 PSA 9 PSA # 47601439 19/111,https://www.ebay.es/itm/296753768400,PriceCharting
Neo Genesis,Metal Energy,19/111,Unlimited,PSA 9,2024-08-29,19.36,USD,eBay,unknown,FALSE,,,2000 POKEMON NEO GENESIS #19 METAL ENERGY-HOLO PSA 9,https://www.ebay.es/itm/305738673758,PriceCharting
Neo Genesis,Metal Energy,19/111,Unlimited,PSA 10,2025-08-10,346.00,USD,eBay,unknown,FALSE,,,Pokemon Metal Energy Neo Genesis Unlimited Holo Rare #19 PSA 10 Gem Mint,https://www.ebay.es/itm/286739114209,PriceCharting
Neo Genesis,Metal Energy,19/111,Unlimited,PSA 10,2024-11-22,370.00,USD,eBay,unknown,FALSE,,,2000 Pokemon Neo Genesis #19 Metal Energy Holo PSA 10 Gem Mint 4 MASSIVE SWIRLS #19,https://www.ebay.es/itm/356293391492,PriceCharting
Neo Genesis,Metal Energy,19/111,Unlimited,PSA 10,2024-03-03,370.00,USD,eBay,unknown,FALSE,,,Pokemon Metal Energy Neo Genesis Unlimited Holo Rare #19 PSA 10 Gem Mint,https://www.ebay.es/itm/285731575027,PriceCharting
