set,card_name,card_number,edition,grade,sale_date,price,currency,venue,sale_type,best_offer,accepted_price,cert_number,listing_title,listing_url,source
Neo Genesis,Ampharos,1/111,1st Edition,PSA 8,2026-09-23,189.99,USD,eBay,unknown,FALSE,,,Ampharos - Pokemon 2000 Neo Genesis 1/111 1st Edition Holo PSA 8 1/111,https://www.ebay.es/itm/117416309769,PriceCharting
Neo Genesis,Ampharos,1/111,1st Edition,PSA 8,2026-09-06,200.00,USD,eBay,unknown,FALSE,,,Pokemon Ampharos Holo Neo Genesis 1st Edition 1/111 PSA 8 1/111,https://www.ebay.es/itm/287552954361,PriceCharting
Neo Genesis,Ampharos,1/111,1st Edition,PSA 8,2026-09-04,142.50,USD,eBay,unknown,FALSE,,,AMPHAROS 2000 POKEMON NEO GENESIS 1ST EDITION 1/111 RARE HOLO PSA 8 Q5677 1/111,https://www.ebay.es/itm/278317133418,PriceCharting
Neo Genesis,Ampharos,1/111,1st Edition,PSA 8,2026-08-29,175.00,USD,eBay,unknown,FALSE,,,Ampharos - Pokemon 2000 Neo Genesis 1/111 1st Edition Holo PSA 8 1/111,https://www.ebay.es/itm/298547369905,PriceCharting
Neo Genesis,Ampharos,1/111,1st Edition,PSA 8,2026-08-16,167.50,USD,eBay,unknown,FALSE,,,Pokemon Ampharos Holo Neo Genesis 1st Edition 1/111 PSA 8 1/111,https://www.ebay.es/itm/287511106810,PriceCharting
Neo Genesis,Ampharos,1/111,1st Edition,PSA 8,2026-08-14,179.46,USD,eBay,unknown,FALSE,,,Ampharos #1 Neo Genesis - 1st Edition Holo Pokemon - PSA 8 NM-MT w/ Swirl! 🍥 #1,https://www.ebay.es/itm/318678354131,PriceCharting
Neo Genesis,Ampharos,1/111,1st Edition,PSA 8,2026-07-26,165.00,USD,eBay,best offer,TRUE,165.00,,2000 Pokemon 1st Edition Neo Genesis Ampharos | PSA 8 1/111,https://www.ebay.es/itm/307086269699,PriceCharting
Neo Genesis,Ampharos,1/111,1st Edition,PSA 8,2026-07-21,165.00,USD,eBay,best offer,TRUE,,,2000 POKÉMON NEO GENESIS AMPHAROS-HOLO 1ST EDITION - NM-MT PSA 8 1/111,https://www.ebay.es/itm/800368261942,PriceCharting
Neo Genesis,Ampharos,1/111,1st Edition,PSA 8,2026-07-16,165.00,USD,eBay,best offer,TRUE,165.00,,2000 POKEMON NEO GENESIS 1ST EDITION 1 AMPHAROS-HOLO PSA 8 NM-MT 1/111,https://www.ebay.es/itm/398178671919,PriceCharting
Neo Genesis,Ampharos,1/111,1st Edition,PSA 8,2026-07-03,161.00,USD,eBay,unknown,FALSE,,,2000 POKEMON NEO GENESIS 1ST EDITION #1 AMPHAROS-HOLO PSA 8 #1,https://www.ebay.es/itm/298476428264,PriceCharting
Neo Genesis,Ampharos,1/111,1st Edition,PSA 8,2026-06-20,162.50,USD,eBay,unknown,FALSE,,,Pokemon Ampharos 1/111 1st Edition (First) Neo Genesis Holo PSA 8 1/111,https://www.ebay.es/itm/358672816057,PriceCharting
Neo Genesis,Ampharos,1/111,1st Edition,PSA 8,2026-06-13,154.26,USD,eBay,best offer,TRUE,,,Pokémon TCG Ampharos Neo Genesis Holo Card 1/111 1st Edition PSA 8 1/111,https://www.ebay.es/itm/137368939962,PriceCharting
Neo Genesis,Ampharos,1/111,1st Edition,PSA 8,2026-06-06,190.00,USD,eBay,unknown,FALSE,,,Ampharos - Holo Neo Genesis 1st Edition PSA 8 Pokemon TCG #1,https://www.ebay.es/itm/127895857472,PriceCharting
Neo Genesis,Ampharos,1/111,1st Edition,PSA 8,2026-05-29,195.00,USD,eBay,unknown,FALSE,,,2000 POKEMON NEO GENESIS 1ST EDITION #1 AMPHAROS-HOLO PSA 8 #1,https://www.ebay.es/itm/298328034921,PriceCharting
Neo Genesis,Ampharos,1/111,1st Edition,PSA 8,2026-05-29,150.00,USD,eBay,unknown,FALSE,,,2000 POKEMON NEO GENESIS 1ST EDITION #1 AMPHAROS-HOLO PSA 8 #1,https://www.ebay.es/itm/298295516978,PriceCharting
Neo Genesis,Ampharos,1/111,1st Edition,PSA 8,2026-05-18,132.50,USD,eBay,unknown,FALSE,,,Pokemon 2000 Ampharos 1/111 Holo 1st Edition Neo Genesis PSA 8 1/111,https://www.ebay.es/itm/406911757602,PriceCharting
Neo Genesis,Ampharos,1/111,1st Edition,PSA 8,2026-04-30,140.00,USD,eBay,unknown,FALSE,,,2000 POKEMON NEO GENESIS 1ST EDITION #1 AMPHAROS HOLO PSA 8 NM-MT #1,https://www.ebay.es/itm/397803941183,PriceCharting
Neo Genesis,Ampharos,1/111,1st Edition,PSA 8,2026-04-26,157.50,USD,eBay,unknown,FALSE,,,Pokemon Ampharos Neo Genesis 1st Edition Holo Rare #1 PSA 8,https://www.ebay.es/itm/287278079997,PriceCharting
Neo Genesis,Ampharos,1/111,1st Edition,PSA 8,2026-04-13,170.00,USD,eBay,unknown,FALSE,,,2000 Pokémon Neo Genesis Ampharos Holo 1st Edition #1 PSA 8 NM-MT #1,https://www.ebay.es/itm/377101436640,PriceCharting
Neo Genesis,Ampharos,1/111,1st Edition,PSA 8,2026-04-01,141.50,USD,eBay,unknown,FALSE,,,2000 POKEMON NEO GENESIS 1ST ED #1 AMPHAROS-HOLO PSA 8 #1,https://www.ebay.es/itm/298154194922,PriceCharting
Neo Genesis,Ampharos,1/111,1st Edition,PSA 8,2026-03-30,169.00,USD,eBay,unknown,FALSE,,,2000 POKEMON NEO GENESIS 1ST EDITION #1 AMPHAROS HOLO PSA 8 NM-MT #1,https://www.ebay.es/itm/198225053920,PriceCharting
Neo Genesis,Ampharos,1/111,1st Edition,PSA 8,2026-03-28,169.99,USD,eBay,unknown,FALSE,,,2000 POKEMON NEO GENESIS 1ST ED #1 AMPHAROS-HOLO PSA 8 #1,https://www.ebay.es/itm/117044601250,PriceCharting
Neo Genesis,Ampharos,1/111,1st Edition,PSA 9,2026-09-26,399.99,USD,eBay,unknown,FALSE,,,2000 Pokemon Neo Genesis Ampharos #1 AMPHAROS-1st Edition HOLO PSA 9 ⚡️ 1/111,https://www.ebay.es/itm/168147993260,PriceCharting
Neo Genesis,Ampharos,1/111,1st Edition,PSA 9,2026-09-26,350.00,USD,eBay,best offer,TRUE,350.00,,2000 Pokemon Neo Genesis 1st Edition Ampharos Holo PSA 9 #1/111 1/111,https://www.ebay.es/itm/178357338482,PriceCharting
Neo Genesis,Ampharos,1/111,1st Edition,PSA 9,2026-09-26,425.00,USD,eBay,unknown,FALSE,,,Ampharos 1st Ed. Swirl🍭 1/111 Neo Genesis Holo PSA 9 Mint Pokémon New Cert🔥 1/111,https://www.ebay.es/itm/206357045994,PriceCharting
Neo Genesis,Ampharos,1/111,1st Edition,PSA 9,2026-09-22,373.75,USD,eBay,unknown,FALSE,,,2000 Pokemon Neo Genesis 1st Edition Ampharos-Holo 1st Edition PSA 9 #1,https://www.ebay.es/itm/188675686069,PriceCharting
Neo Genesis,Ampharos,1/111,1st Edition,PSA 9,2026-09-22,499.99,USD,eBay,unknown,FALSE,,,Pokemon Ampharos Holo Neo Genesis 1st Edition 1/111 PSA 9 Mint 1/111,https://www.ebay.es/itm/287491018714,PriceCharting
Neo Genesis,Ampharos,1/111,1st Edition,PSA 9,2026-09-22,320.00,USD,eBay,best offer,TRUE,320.00,,PSA 9 2000 Pokemon Neo Genesis Ampharos Holo 1st Edition 1/111 Graded 1/111,https://www.ebay.es/itm/198573335255,PriceCharting
Neo Genesis,Ampharos,1/111,1st Edition,PSA 9,2026-09-17,378.03,USD,eBay,unknown,FALSE,,,Pokemon 1st Edition Neo Genesis Ampharos 1/111 Holo PSA 9 Mint SWIRL 🌀 1/111,https://www.ebay.es/itm/307165627944,PriceCharting
Neo Genesis,Ampharos,1/111,1st Edition,PSA 9,2026-09-13,295.00,USD,eBay,unknown,FALSE,,,Pokemon Ampharos Holo Neo Genesis 1st Edition 1/111 PSA 9 Mint 1/111,https://www.ebay.es/itm/287565393304,PriceCharting
Neo Genesis,Ampharos,1/111,1st Edition,PSA 9,2026-09-12,395.73,USD,eBay,unknown,FALSE,,,2000 POKEMON NEO GENESIS 1ST EDITION #1 AMPHAROS-HOLO 1ST EDITION PSA 9 #1,https://www.ebay.es/itm/307158156971,PriceCharting
Neo Genesis,Ampharos,1/111,1st Edition,PSA 9,2026-09-04,379.99,USD,eBay,unknown,FALSE,,,2000 POKEMON NEO GENESIS 1ST EDITION 1 AMPHAROS-HOLO PSA 9 1/111,https://www.ebay.es/itm/198566170095,PriceCharting
Neo Genesis,Ampharos,1/111,1st Edition,PSA 9,2026-08-30,289.99,USD,eBay,unknown,FALSE,,,2000 POKEMON NEO GENESIS 1ST ED #1 AMPHAROS-HOLO PSA 9 Face Swirl #1,https://www.ebay.es/itm/206466147626,PriceCharting
Neo Genesis,Ampharos,1/111,1st Edition,PSA 9,2026-08-17,280.00,USD,eBay,unknown,FALSE,,,Pokemon Ampharos Holo Neo Genesis 1st Edition 1/111 PSA 9 Mint 1/111,https://www.ebay.es/itm/287511104904,PriceCharting
Neo Genesis,Ampharos,1/111,1st Edition,PSA 9,2026-08-08,296.79,USD,eBay,unknown,FALSE,,,2000 Pokemon Neo Genesis Ampharos 1/111 1st Edition Holo PSA 9 Mint 1/111,https://www.ebay.es/itm/298553230690,PriceCharting
Neo Genesis,Ampharos,1/111,1st Edition,PSA 9,2026-08-04,399.99,USD,eBay,unknown,FALSE,,,2000 POKEMON NEO GENESIS 1ST ED #1 AMPHAROS-HOLO PSA 9 #1,https://www.ebay.es/itm/306866325548,PriceCharting
Neo Genesis,Ampharos,1/111,1st Edition,PSA 9,2026-07-25,370.00,USD,eBay,best offer,TRUE,370.00,,2000 POKEMON NEO GENESIS 1ST EDITION #1 AMPHAROS-HOLO PSA 9 #1,https://www.ebay.es/itm/307066295452,PriceCharting
Neo Genesis,Ampharos,1/111,1st Edition,PSA 9,2026-07-15,349.99,USD,eBay,unknown,FALSE,,,2000 POKEMON NEO GENESIS 1ST EDITION #1 AMPHAROS-HOLO PSA 9 #1,https://www.ebay.es/itm/307061401508,PriceCharting
Neo Genesis,Ampharos,1/111,1st Edition,PSA 9,2026-07-13,320.66,USD,eBay,unknown,FALSE,,,Pokemon Neo Genesis Ampharos 1/111 Holo Rare First Edition PSA 9 1/111,https://www.ebay.es/itm/358751434834,PriceCharting
Neo Genesis,Ampharos,1/111,1st Edition,PSA 9,2026-07-13,251.50,USD,eBay,unknown,FALSE,,,2000 POKEMON NEO GENESIS 1ST EDITION #1 AMPHAROS-HOLO PSA 9 #1,https://www.ebay.es/itm/298472256312,PriceCharting
Neo Genesis,Ampharos,1/111,1st Edition,PSA 9,2026-07-06,255.00,USD,eBay,unknown,FALSE,,,2000 POKEMON NEO GENESIS 1ST EDITION #1 AMPHAROS-HOLO PSA 9 #1,https://www.ebay.es/itm/307026558331,PriceCharting
Neo Genesis,Ampharos,1/111,1st Edition,PSA 9,2026-06-27,399.99,USD,eBay,unknown,FALSE,,,2000 Pokémon Ampharos #1 - Holo Neo Genesis 1st Edition PSA 9 #1,https://www.ebay.es/itm/117258680386,PriceCharting
Neo Genesis,Ampharos,1/111,1st Edition,PSA 9,2026-06-25,269.99,USD,eBay,unknown,FALSE,,,PSA 9 Ampharos 1/111 1st Edition Holo Neo Genesis 2000 Vintage Pokemon New Cert! 1/111,https://www.ebay.es/itm/206367852590,PriceCharting
Neo Genesis,Ampharos,1/111,1st Edition,PSA 9,2026-06-22,265.00,USD,eBay,unknown,FALSE,,,2000 POKEMON NEO GENESIS 1ST EDITION #1 AMPHAROS-HOLO PSA 9 #1,https://www.ebay.es/itm/306988338627,PriceCharting
Neo Genesis,Ampharos,1/111,1st Edition,PSA 9,2026-06-14,230.00,USD,eBay,unknown,FALSE,,,AMPHAROS 2000 POKEMON NEO GENESIS 1ST EDITION HOLO #1 PSA 9 Q3963 #1,https://www.ebay.es/itm/278057807955,PriceCharting
Neo Genesis,Ampharos,1/111,1st Edition,PSA 9,2026-06-11,289.99,USD,eBay,unknown,FALSE,,,Ampharos Holo 1/111 Neo Genesis 1st Edition Pokemon PSA 9 *412 1/111,https://www.ebay.es/itm/287368281274,PriceCharting
Neo Genesis,Ampharos,1/111,1st Edition,PSA 10,2026-09-11,2775.00,USD,eBay,unknown,FALSE,,,2000 POKEMON NEO GENESIS 1ST EDITION #1 AMPHAROS-HOLO PSA 10 #1,https://www.ebay.es/itm/307159049421,PriceCharting
Neo Genesis,Ampharos,1/111,1st Edition,PSA 10,2026-09-03,2575.00,USD,eBay,best offer,TRUE,2575.00,,2000 POKEMON NEO GENESIS 1ST EDITION #1 AMPHAROS-HOLO PSA 10 #1,https://www.ebay.es/itm/298627975686,PriceCharting
Neo Genesis,Ampharos,1/111,1st Edition,PSA 10,2026-08-15,2499.00,USD,eBay,unknown,FALSE,,,2000 POKEMON NEO GENESIS 1ST EDITION #1 AMPHAROS-HOLO PSA 10 #1,https://www.ebay.es/itm/117344650858,PriceCharting
Neo Genesis,Ampharos,1/111,1st Edition,PSA 10,2026-07-31,1927.81,USD,eBay,unknown,FALSE,,,2000 Pokemon Neo Genesis 1st Edition Holo Ampharos PSA 10 #1/111 1/111,https://www.ebay.es/itm/158112882025,PriceCharting
Neo Genesis,Ampharos,1/111,1st Edition,PSA 10,2026-07-10,2540.90,USD,eBay,unknown,FALSE,,,PSA 10 1st Edition Ampharos [Holo] - 1/111 - Neo Genesis - Pokemon - Read Desc.,https://www.ebay.es/itm/287430266914,PriceCharting
Neo Genesis,Ampharos,1/111,1st Edition,PSA 10,2026-06-30,2300.00,USD,eBay,unknown,FALSE,,,2000 Pokemon Neo Genesis 1st Edition #1 Ampharos Holo PSA 10 GEM MINT,https://www.ebay.es/itm/366497709444,PriceCharting
Neo Genesis,Ampharos,1/111,1st Edition,PSA 10,2026-06-17,2400.00,USD,eBay,unknown,FALSE,,,2000 POKEMON NEO GENESIS 1ST EDITION #1 AMPHAROS-HOLO PSA 10 #1,https://www.ebay.es/itm/307006838278,PriceCharting
Neo Genesis,Ampharos,1/111,1st Edition,PSA 10,2026-06-16,2425.00,USD,eBay,unknown,FALSE,,,2000 POKEMON NEO GENESIS 1ST EDITION #1 AMPHAROS-HOLO PSA 10 #1,https://www.ebay.es/itm/306989198721,PriceCharting
Neo Genesis,Ampharos,1/111,1st Edition,PSA 10,2026-06-08,2475.00,USD,eBay,unknown,FALSE,,,Pokemon Ampharos Neo Genesis 1st Edition Holo Rare #1 PSA 10 Gem Mint. Swirl 🌀 #1,https://www.ebay.es/itm/178181929033,PriceCharting
Neo Genesis,Ampharos,1/111,1st Edition,PSA 10,2026-06-01,2425.00,USD,eBay,unknown,FALSE,,,Pokemon Ampharos Neo Genesis 1st Edition Holo Rare #1 PSA 10 Gem Mint,https://www.ebay.es/itm/287344901812,PriceCharting
Neo Genesis,Ampharos,1/111,1st Edition,PSA 10,2026-05-31,3000.00,USD,eBay,unknown,FALSE,,,Pokemon Ampharos Neo Genesis 1st Edition Holo Rare #1 PSA 10 Gem Mint,https://www.ebay.es/itm/287344900392,PriceCharting
Neo Genesis,Ampharos,1/111,1st Edition,PSA 10,2026-05-06,2850.00,USD,eBay,unknown,FALSE,,,Pokemon Ampharos Neo Genesis 1st Edition Holo Rare #1 PSA 10 Gem Mint #1,https://www.ebay.es/itm/227273150841,PriceCharting
Neo Genesis,Ampharos,1/111,1st Edition,PSA 10,2026-04-20,1901.00,USD,eBay,unknown,FALSE,,,Pokemon Ampharos Neo Genesis 1st Edition Holo Rare #1 PSA 10 Gem Mint,https://www.ebay.es/itm/287265325543,PriceCharting
Neo Genesis,Ampharos,1/111,1st Edition,PSA 10,2026-04-19,2027.00,USD,eBay,unknown,FALSE,,,Pokemon Ampharos Neo Genesis 1st Edition Holo Rare #1 PSA 10 Gem Mint,https://www.ebay.es/itm/287265011506,PriceCharting
Neo Genesis,Ampharos,1/111,1st Edition,PSA 10,2026-04-08,2660.00,USD,eBay,unknown,FALSE,,,PSA 10 GEM MINT Ampharos 1/111 HOLO RARE Neo Genesis 1ST EDITION Pokemon Card 1/111,https://www.ebay.es/itm/406826755760,PriceCharting
Neo Genesis,Ampharos,1/111,1st Edition,PSA 10,2026-04-05,2795.00,USD,eBay,unknown,FALSE,,,Pokemon Ampharos Neo Genesis 1st Edition Holo Rare #1 PSA 10 Gem Mint,https://www.ebay.es/itm/287233335898,PriceCharting
Neo Genesis,Ampharos,1/111,1st Edition,PSA 10,2026-03-30,3050.00,USD,eBay,unknown,FALSE,,,Pokemon Ampharos Neo Genesis 1st Edition Holo Rare #1 PSA 10 Gem Mint,https://www.ebay.es/itm/287224116624,PriceCharting
Neo Genesis,Ampharos,1/111,1st Edition,PSA 10,2026-03-29,3050.00,USD,eBay,unknown,FALSE,,,Pokemon Ampharos Neo Genesis 1st Edition Holo Rare #1 PSA 10 Gem Mint,https://www.ebay.es/itm/287220020451,PriceCharting
Neo Genesis,Ampharos,1/111,1st Edition,PSA 10,2026-03-16,4200.00,USD,eBay,unknown,FALSE,,,Pokemon Ampharos Neo Genesis 1st Edition Holo Rare #1 PSA 10 Gem Mint,https://www.ebay.es/itm/287184465775,PriceCharting
Neo Genesis,Ampharos,1/111,1st Edition,PSA 10,2026-03-16,3950.00,USD,eBay,unknown,FALSE,,,2000 POKEMON NEO GENESIS 1ST EDITION #1 AMPHAROS-HOLO PSA 10 #1,https://www.ebay.es/itm/157736106533,PriceCharting
Neo Genesis,Ampharos,1/111,1st Edition,PSA 10,2026-03-11,4400.00,USD,eBay,unknown,FALSE,,,2000 POKEMON NEO GENESIS 1ST EDITION #1 AMPHAROS-HOLO PSA 10 #1,https://www.ebay.es/itm/298082478058,PriceCharting
Neo Genesis,Ampharos,1/111,1st Edition,PSA 10,2026-03-07,5600.00,USD,eBay,unknown,FALSE,,,2000 POKEMON NEO GENESIS 1ST EDITION #1 AMPHAROS-HOLO PSA 10 #1,https://www.ebay.es/itm/117055472284,PriceCharting
Neo Genesis,Ampharos,1/111,1st Edition,PSA 10,2026-02-28,2000.00,USD,eBay,best offer,TRUE,2000.00,,Pokemon PSA 10 1st Edition Neo Genesis Ampharos Holo Rare 1/111 GEM MINT 1/111,https://www.ebay.es/itm/397655450271,PriceCharting
Neo Genesis,Ampharos,1/111,1st Edition,PSA 10,2026-01-28,1199.99,USD,eBay,best offer,TRUE,1199.99,,Pokemon PSA 10 1st Edition Neo Genesis Ampharos Holo Rare 1/111 GEM MINT 1/111,https://www.ebay.es/itm/157629080969,PriceCharting
Neo Genesis,Ampharos,1/111,1st Edition,PSA 10,2025-12-19,822.67,USD,eBay,unknown,FALSE,,,2000 POKEMON NEO GENESIS 1ST EDITION #1/111 AMPHAROS HOLO PSA 10 1/111,https://www.ebay.es/itm/205913731531,PriceCharting
Neo Genesis,Ampharos,1/111,1st Edition,PSA 10,2025-12-01,676.66,USD,eBay,unknown,FALSE,,,Pokemon Ampharos Neo Genesis 1st Edition Holo Rare #1 DAMAGED SLAB PSA 10,https://www.ebay.es/itm/286958284653,PriceCharting
Neo Genesis,Ampharos,1/111,1st Edition,PSA 10,2025-11-14,850.00,USD,eBay,best offer,TRUE,850.00,,2000 POKEMON NEO GENESIS 1ST ED #1 AMPHAROS-HOLO PSA 10 #1,https://www.ebay.es/itm/116865485239,PriceCharting
Neo Genesis,Ampharos,1/111,1st Edition,PSA 10,2025-11-10,930.00,USD,eBay,best offer,TRUE,,,Pokémon TCG Ampharos Neo Genesis Holo 1/111 1st Edition Rare PSA 10 Gem MT 1/111,https://www.ebay.es/itm/297689065336,PriceCharting
Neo Genesis,Ampharos,1/111,1st Edition,PSA 10,2025-10-31,949.99,USD,eBay,unknown,FALSE,,,2000 Pokemon Ampharos Neo Genesis 1st Edition Holo Rare #1 PSA 10 Gem Mint #1,https://www.ebay.es/itm/406102465010,PriceCharting
Neo Genesis,Ampharos,1/111,Unlimited,PSA 8,2026-09-18,84.66,USD,eBay,unknown,FALSE,,,2000 POKEMON NEO GENESIS #1 AMPHAROS-HOLO PSA 8 #1,https://www.ebay.es/itm/298659665430,PriceCharting
Neo Genesis,Ampharos,1/111,Unlimited,PSA 8,2026-09-01,105.00,USD,eBay,unknown,FALSE,,,2000 POKEMON NEO GENESIS #1 AMPHAROS-HOLO PSA 8 #1,https://www.ebay.es/itm/287523802086,PriceCharting
Neo Genesis,Ampharos,1/111,Unlimited,PSA 8,2026-08-10,89.99,USD,eBay,unknown,FALSE,,,2000 Pokemon Neo Genesis - Ampharos Holo 1/111 PSA 8 1/111,https://www.ebay.es/itm/406906471591,PriceCharting
Neo Genesis,Ampharos,1/111,Unlimited,PSA 8,2026-08-08,80.00,USD,eBay,unknown,FALSE,,,2000 POKEMON NEO GENESIS #1 AMPHAROS-HOLO PSA 8 1/111,https://www.ebay.es/itm/377310854391,PriceCharting
Neo Genesis,Ampharos,1/111,Unlimited,PSA 8,2026-08-02,81.00,USD,eBay,unknown,FALSE,,,2000 POKEMON NEO GENESIS #1 AMPHAROS-HOLO PSA 8 #1,https://www.ebay.es/itm/307081758535,PriceCharting
Neo Genesis,Ampharos,1/111,Unlimited,PSA 8,2026-07-28,159.50,USD,eBay,unknown,FALSE,,,2000 Pokemon Neo Genesis #1 Ampharos Holo PSA 8 NM-MT,https://www.ebay.es/itm/366548610623,PriceCharting
Neo Genesis,Ampharos,1/111,Unlimited,PSA 8,2026-07-18,90.00,USD,eBay,unknown,FALSE,,49815304,POKEMON NEO GENESIS AMPHAROS 1/111 PSA8 PSA # 49815304 1/111,https://www.ebay.es/itm/336599857688,PriceCharting
Neo Genesis,Ampharos,1/111,Unlimited,PSA 8,2026-07-12,105.00,USD,eBay,unknown,FALSE,,,2000 Pokemon Neo Genesis Ampharos Holo Rare PSA 8 NM/MINT SWIRL 1/111,https://www.ebay.es/itm/267722682546,PriceCharting
Neo Genesis,Ampharos,1/111,Unlimited,PSA 8,2026-07-04,65.00,USD,eBay,best offer,TRUE,65.00,,2000 POKEMON NEO GENESIS #1 AMPHAROS-HOLO PSA 8 1/111,https://www.ebay.es/itm/188581715677,PriceCharting
Neo Genesis,Ampharos,1/111,Unlimited,PSA 8,2026-06-09,67.20,USD,eBay,unknown,FALSE,,,Pokemon Neo Genesis Unlimited Ampharos PSA 8 Holo (1739) 1/111,https://www.ebay.es/itm/224818828603,PriceCharting
Neo Genesis,Ampharos,1/111,Unlimited,PSA 8,2026-05-24,67.00,USD,eBay,best offer,TRUE,67.00,,2000 POKEMON NEO GENESIS #1 AMPHAROS-HOLO PSA 8 1/111,https://www.ebay.es/itm/116717270048,PriceCharting
Neo Genesis,Ampharos,1/111,Unlimited,PSA 8,2026-05-20,75.00,USD,eBay,unknown,FALSE,,49815304,POKEMON NEO GENESIS AMPHAROS 1/111 PSA8 PSA # 49815304 1/111,https://www.ebay.es/itm/227343126979,PriceCharting
Neo Genesis,Ampharos,1/111,Unlimited,PSA 8,2026-04-22,50.00,USD,eBay,best offer,TRUE,,,Pokémon TCG Neo Genesis Set Ampharos Holo Rare #1/111 PSA 8 NM-MT 1/111,https://www.ebay.es/itm/397123561115,PriceCharting
Neo Genesis,Ampharos,1/111,Unlimited,PSA 8,2026-04-19,53.00,USD,eBay,unknown,FALSE,,,2000 POKEMON NEO GENESIS #1 AMPHAROS-HOLO PSA 8 1/111,https://www.ebay.es/itm/286777662535,PriceCharting
Neo Genesis,Ampharos,1/111,Unlimited,PSA 8,2026-04-09,68.00,USD,eBay,unknown,FALSE,,,2000 POKEMON NEO GENESIS #1 AMPHAROS-HOLO PSA 8 #1,https://www.ebay.es/itm/117118374521,PriceCharting
Neo Genesis,Ampharos,1/111,Unlimited,PSA 8,2026-04-07,75.00,USD,eBay,unknown,FALSE,,,2000 POKEMON NEO GENESIS #1 AMPHAROS-HOLO PSA 8 #1,https://www.ebay.es/itm/306822821507,PriceCharting
Neo Genesis,Ampharos,1/111,Unlimited,PSA 8,2026-04-05,59.50,USD,eBay,unknown,FALSE,,,POKEMON NEO GENESIS AMPHAROS 1/111 HOLO PSA 8 NM-MT! NICE SWIRL-WOTC! #1,https://www.ebay.es/itm/227263580817,PriceCharting
Neo Genesis,Ampharos,1/111,Unlimited,PSA 8,2026-04-05,48.89,USD,eBay,unknown,FALSE,,,2000 POKEMON NEO GENESIS #1 AMPHAROS-HOLO PSA 8 #1,https://www.ebay.es/itm/117111760763,PriceCharting
Neo Genesis,Ampharos,1/111,Unlimited,PSA 8,2026-04-03,60.00,USD,eBay,unknown,FALSE,,,2000 Pokémon Neo Genesis Ampharos Holo PSA 8 1/111,https://www.ebay.es/itm/377078007221,PriceCharting
Neo Genesis,Ampharos,1/111,Unlimited,PSA 8,2026-03-31,65.00,USD,eBay,best offer,TRUE,65.00,,2000 POKEMON NEO GENESIS #1 AMPHAROS-HOLO PSA 8 #1,https://www.ebay.es/itm/366295707615,PriceCharting
Neo Genesis,Ampharos,1/111,Unlimited,PSA 9,2026-09-27,119.22,USD,eBay,best offer,TRUE,,,Ampharos Holo 1/111 PSA 9 Neo Genesis Pokemon Card 1/111,https://www.ebay.es/itm/227540425624,PriceCharting
Neo Genesis,Ampharos,1/111,Unlimited,PSA 9,2026-08-08,113.00,USD,eBay,unknown,FALSE,,,Pokemon 2000 Ampharos 1/111 Holo Neo Genesis PSA 9 1/111,https://www.ebay.es/itm/407111816027,PriceCharting
Neo Genesis,Ampharos,1/111,Unlimited,PSA 9,2026-07-31,128.80,USD,eBay,unknown,FALSE,,,Pokemon Neo Genesis Unlimited Ampharos PSA 9 Holo (1740) 1/111,https://www.ebay.es/itm/224818828601,PriceCharting
Neo Genesis,Ampharos,1/111,Unlimited,PSA 9,2026-07-19,110.88,USD,eBay,unknown,FALSE,,,Pokemon Neo Genesis Unlimited Ampharos PSA 9 Holo (1738) 1/111,https://www.ebay.es/itm/224818828610,PriceCharting
Neo Genesis,Ampharos,1/111,Unlimited,PSA 9,2026-07-02,265.50,USD,eBay,unknown,FALSE,,,Pokemon Ampharos Holo - PSA 9 - Neo Genesis #1 - Mint,https://www.ebay.es/itm/227100932972,PriceCharting
Neo Genesis,Ampharos,1/111,Unlimited,PSA 9,2026-06-27,159.99,USD,eBay,unknown,FALSE,,,2000 Pokémon Ampharos #1 - Holo Neo Genesis PSA 9 #1,https://www.ebay.es/itm/117258680384,PriceCharting
Neo Genesis,Ampharos,1/111,Unlimited,PSA 9,2026-06-01,80.00,USD,eBay,best offer,TRUE,,,Pokémon TCG Ampharos Neo Genesis Holo PSA 9 Mint #1 2000 1/111,https://www.ebay.es/itm/800060992882,PriceCharting
Neo Genesis,Ampharos,1/111,Unlimited,PSA 9,2026-05-28,90.00,USD,eBay,unknown,FALSE,,,2000 POKEMON NEO GENESIS AMPHAROS HOLO #1 PSA 9,https://www.ebay.es/itm/137320191228,PriceCharting
Neo Genesis,Ampharos,1/111,Unlimited,PSA 9,2026-04-17,109.99,USD,eBay,unknown,FALSE,,,Pokemon Ampharos 1/111 Neo Genesis Holo Unlimited Edition PSA 9 1/111,https://www.ebay.es/itm/117129514446,PriceCharting
Neo Genesis,Ampharos,1/111,Unlimited,PSA 9,2026-04-13,80.00,USD,eBay,unknown,FALSE,,,2000 Pokemon Neo Genesis Holo Ampharos PSA 9 Mint #1,https://www.ebay.es/itm/287268866153,PriceCharting
Neo Genesis,Ampharos,1/111,Unlimited,PSA 9,2026-03-25,450.00,USD,eBay,unknown,FALSE,,,2000 Pokemon Neo Genesis Ampharos #1 AMPHAROS-HOLO PSA 9 Double Swirl #1,https://www.ebay.es/itm/287220541574,PriceCharting
Neo Genesis,Ampharos,1/111,Unlimited,PSA 9,2026-02-22,60.00,USD,eBay,best offer,TRUE,60.00,,2000 Pokemon Neo Genesis #1 Ampharos PSA 9 #1,https://www.ebay.es/itm/267545047029,PriceCharting
Neo Genesis,Ampharos,1/111,Unlimited,PSA 9,2026-02-22,90.00,USD,eBay,best offer,TRUE,90.00,,Pokemon Ampharos 1/111 Neo Genesis Holo Unlimited Edition PSA 9 1/111,https://www.ebay.es/itm/168178594231,PriceCharting
Neo Genesis,Ampharos,1/111,Unlimited,PSA 9,2026-01-26,51.83,USD,eBay,unknown,FALSE,,,Ampharos Neo Genesis Holo Psa 9 2000 P.M. 1/111 Pokémon Card Graded Mint,https://www.ebay.es/itm/157622256460,PriceCharting
Neo Genesis,Ampharos,1/111,Unlimited,PSA 9,2026-01-13,64.99,USD,eBay,unknown,FALSE,,,PSA 9 Ampharos #1 Neo Genesis Holo Rare Pokemon 2000 Mint #1,https://www.ebay.es/itm/205877095626,PriceCharting
Neo Genesis,Ampharos,1/111,Unlimited,PSA 9,2025-12-16,85.00,USD,eBay,unknown,FALSE,,,2000 POKEMON NEO GENESIS #1 AMPHAROS-HOLO PSA 9 #1,https://www.ebay.es/itm/357960258909,PriceCharting
Neo Genesis,Ampharos,1/111,Unlimited,PSA 9,2025-12-13,80.00,USD,eBay,unknown,FALSE,,,Ampharos PSA 9 - Holo SWIRL - Pokemon Neo Genesis #1,https://www.ebay.es/itm/389338900984,PriceCharting
Neo Genesis,Ampharos,1/111,Unlimited,PSA 10,2026-08-17,910.00,USD,eBay,unknown,FALSE,,,Pokemon Ampharos Holo Neo Genesis Unlimited 1/111 PSA 10 Gem Mint 1/111,https://www.ebay.es/itm/287511682165,PriceCharting
Neo Genesis,Ampharos,1/111,Unlimited,PSA 10,2026-08-02,1367.22,USD,eBay,unknown,FALSE,,,Pokemon Ampharos Holo Neo Genesis Unlimited 1/111 PSA 10 Gem Mint 1/111,https://www.ebay.es/itm/287482170250,PriceCharting
Neo Genesis,Ampharos,1/111,Unlimited,PSA 10,2026-07-26,999.88,USD,eBay,unknown,FALSE,,,2000 Pokemon Neo Genesis Ampharos Holo #1/111 PSA 10 GEM MINT,https://www.ebay.es/itm/377356776861,PriceCharting
Neo Genesis,Ampharos,1/111,Unlimited,PSA 10,2026-07-04,1200.00,USD,eBay,unknown,FALSE,,,2000 POKEMON NEO GENESIS #1 AMPHAROS-HOLO PSA 10 #1,https://www.ebay.es/itm/298471990557,PriceCharting
Neo Genesis,Ampharos,1/111,Unlimited,PSA 10,2026-05-23,1250.00,USD,eBay,unknown,FALSE,,,Pokemon 2000 Neo Genesis Ampharos 1/111 Holo Rare PSA 10 Graded 1/111,https://www.ebay.es/itm/366418829805,PriceCharting
Neo Genesis,Ampharos,1/111,Unlimited,PSA 10,2026-04-13,999.00,USD,eBay,unknown,FALSE,,,Pokemon Ampharos Neo Genesis Unlimited Holo Rare #1 PSA 10 Gem Mint,https://www.ebay.es/itm/287251389773,PriceCharting
Neo Genesis,Ampharos,1/111,Unlimited,PSA 10,2025-12-07,536.23,USD,eBay,unknown,FALSE,,,Ampharos #1/111 - PSA 10 - Pokemon TCG | Neo Genesis Set Holo,https://www.ebay.es/itm/277450638821,PriceCharting
Neo Genesis,Ampharos,1/111,Unlimited,PSA 10,2025-09-14,460.00,USD,eBay,unknown,FALSE,,,Pokemon Ampharos Neo Genesis Unlimited Holo Rare #1 PSA 10 Gem Mint,https://www.ebay.es/itm/286804369420,PriceCharting
Neo Genesis,Ampharos,1/111,Unlimited,PSA 10,2025-08-10,500.00,USD,eBay,unknown,FALSE,,,Pokemon Ampharos Neo Genesis Unlimited Holo Rare #1 PSA 10 Gem Mint,https://www.ebay.es/itm/286739114178,PriceCharting
Neo Genesis,Ampharos,1/111,Unlimited,PSA 10,2025-07-26,360.00,USD,eBay,unknown,FALSE,,,2000 POKEMON NEO GENESIS #1 AMPHAROS-HOLO PSA 10 GEM MINT 💎 #1,https://www.ebay.es/itm/286726277175,PriceCharting
Neo Genesis,Ampharos,1/111,Unlimited,PSA 10,2024-12-19,349.99,USD,eBay,unknown,FALSE,,,PSA 10 GEM MT Ampharos Neo Genesis Unlimited 2000 #1 Pokémon #1,https://www.ebay.es/itm/326106131748,PriceCharting
Neo Genesis,Ampharos,1/111,Unlimited,PSA 10,2024-11-01,220.00,USD,eBay,unknown,FALSE,,,2000 Pokemon Neo Genesis Unlimited #1 Ampharos Holo PSA 10 #1,https://www.ebay.es/itm/156459534703,PriceCharting
Neo Genesis,Ampharos,1/111,Unlimited,PSA 10,2024-08-10,200.00,USD,eBay,unknown,FALSE,,,PSA 10 GEM MINT 2000 Neo Genesis Ampharos Holo 1/111 Pokemon 1/111,https://www.ebay.es/itm/176515679693,PriceCharting
Neo Genesis,Ampharos,1/111,Unlimited,PSA 10,2024-05-12,175.50,USD,eBay,unknown,FALSE,,,PSA 10 GEM MT Ampharos Neo Genesis Unlimited 2000 #1 Pokémon #1,https://www.ebay.es/itm/355688868550,PriceCharting
Neo Genesis,Ampharos,1/111,Unlimited,PSA 10,2024-04-12,164.50,USD,eBay,unknown,FALSE,,,2000 Pokemon Neo Genesis #1 Ampharos - Holo PSA 10 GEM MINT,https://www.ebay.es/itm/386906768797,PriceCharting
Neo Genesis,Ampharos,1/111,Unlimited,PSA 10,2024-01-22,306.00,USD,eBay,unknown,FALSE,,,2000 Pokemon Neo Genesis #1 Ampharos Holo PSA 10 Gem Mint #1,https://www.ebay.es/itm/186253295602,PriceCharting
Neo Genesis,Ampharos,1/111,Unlimited,PSA 10,2023-12-17,210.50,USD,eBay,unknown,FALSE,,,Pokemon Ampharos Neo Genesis Unlimited Holo Rare #1 PSA 10 Gem Mint,https://www.ebay.es/itm/285591791499,PriceCharting
Neo Genesis,Azumarill,2/111,1st Edition,PSA 8,2026-09-28,175.00,USD,eBay,unknown,FALSE,,,2000 POKEMON NEO GENESIS 1ST EDITION #2 AZUMARILL-HOLO PSA 8 #2,https://www.ebay.es/itm/117417425737,PriceCharting
Neo Genesis,Azumarill,2/111,1st Edition,PSA 8,2026-09-23,299.99,USD,eBay,unknown,FALSE,,,SWIRL! WotC 2000 Pokemon Neo Genesis Azumarill 2/111 1st Ed Holo PSA 8 2/111,https://www.ebay.es/itm/158170304806,PriceCharting
Neo Genesis,Azumarill,2/111,1st Edition,PSA 8,2026-09-22,250.00,USD,eBay,best offer,TRUE,250.00,,Azumarill 2/111 Holo Rare with Swirl-2000 Pokémon 1st Edition Neo Genesis- PSA 8 2/111,https://www.ebay.es/itm/298651921606,PriceCharting
Neo Genesis,Azumarill,2/111,1st Edition,PSA 8,2026-09-12,235.60,USD,eBay,unknown,FALSE,,,2000 POKEMON NEO GENESIS 1ST EDITION #2 AZUMARILL-HOLO 1ST EDITION PSA 8 #2,https://www.ebay.es/itm/307158156983,PriceCharting
Neo Genesis,Azumarill,2/111,1st Edition,PSA 8,2026-09-01,190.00,USD,eBay,best offer,TRUE,190.00,,Pokemon 2000 Azumarill 2/111 Neo Genesis 1st Edition Holo PSA 8 EN 2/111,https://www.ebay.es/itm/137649033393,PriceCharting
Neo Genesis,Azumarill,2/111,1st Edition,PSA 8,2026-08-30,173.49,USD,eBay,unknown,FALSE,,,2000 POKEMON NEO GENESIS 1ST EDITION #2 AZUMARILL HOLO PSA 8 #2,https://www.ebay.es/itm/298609973592,PriceCharting
Neo Genesis,Azumarill,2/111,1st Edition,PSA 8,2026-08-28,247.16,USD,eBay,unknown,FALSE,,,2000 POKEMON NEO GENESIS 1ST EDITION #2 AZUMARILL-HOLO PSA 8 #2,https://www.ebay.es/itm/307135440655,PriceCharting
Neo Genesis,Azumarill,2/111,1st Edition,PSA 8,2026-08-24,179.98,USD,eBay,unknown,FALSE,,,Pokemon TCG 2000 Neo Genesis Azumarill 2/111 1st Edition Holo PSA 8 double swirl 2/111,https://www.ebay.es/itm/298603996528,PriceCharting
Neo Genesis,Azumarill,2/111,1st Edition,PSA 8,2026-08-17,225.00,USD,eBay,unknown,FALSE,,,PSA 8 Vintage Pokemon 1st Edition Azumarill #2 Neo Genesis 2/111 Card - SWIRL 2/111,https://www.ebay.es/itm/168599963103,PriceCharting
Neo Genesis,Azumarill,2/111,1st Edition,PSA 8,2026-08-14,200.00,USD,eBay,unknown,FALSE,,,2000 POKEMON NEO GENESIS 1ST EDITION #2 AZUMARILL-HOLO PSA 8-Tail SWIRL-New Cert #2,https://www.ebay.es/itm/147449780845,PriceCharting
Neo Genesis,Azumarill,2/111,1st Edition,PSA 8,2026-08-12,199.99,USD,eBay,unknown,FALSE,,,2000 POKEMON NEO GENESIS 1ST EDITION 2 AZUMARILL-HOLO PSA 8 #2,https://www.ebay.es/itm/198566724006,PriceCharting
Neo Genesis,Azumarill,2/111,1st Edition,PSA 8,2026-08-08,275.00,USD,eBay,unknown,FALSE,,,AZUMARILL 2000 POKEMON NEO GENESIS 1ST EDITION HOLO RARE 2/111 PSA 8 Q7285 #2,https://www.ebay.es/itm/278182419410,PriceCharting
Neo Genesis,Azumarill,2/111,1st Edition,PSA 8,2026-07-31,124.50,USD,eBay,unknown,FALSE,,,2000 Pokemon Neo Genesis 1st Edition Holo #2 Azumarill PSA 8,https://www.ebay.es/itm/206426435643,PriceCharting
Neo Genesis,Azumarill,2/111,1st Edition,PSA 8,2026-07-31,160.00,USD,eBay,unknown,FALSE,,,2000 POKEMON NEO GENESIS 1ST EDITION #2 AZUMARILL-HOLO PSA 8 #2,https://www.ebay.es/itm/298525642273,PriceCharting
Neo Genesis,Azumarill,2/111,1st Edition,PSA 8,2026-07-28,215.00,USD,eBay,unknown,FALSE,,,2000 POKEMON NEO GENESIS 1ST EDITION #2 AZUMARILL-HOLO PSA 8 #2,https://www.ebay.es/itm/407050943339,PriceCharting
Neo Genesis,Azumarill,2/111,1st Edition,PSA 8,2026-07-13,282.58,USD,eBay,unknown,FALSE,,,PSA 8 Vintage Pokemon 1st Edition Azumarill #2 Neo Genesis 2/111 Card - SWIRL 2/111,https://www.ebay.es/itm/800259504173,PriceCharting
Neo Genesis,Azumarill,2/111,1st Edition,PSA 8,2026-07-03,175.00,USD,eBay,unknown,FALSE,,,2000 Pokemon 1st Edition Neo Genesis Azumarill Holo #2 PSA 8 #2,https://www.ebay.es/itm/224775160209,PriceCharting
Neo Genesis,Azumarill,2/111,1st Edition,PSA 8,2026-07-03,160.00,USD,eBay,best offer,TRUE,160.00,,2000 POKEMON NEO GENESIS 1ST EDITION #2 AZUMARILL-HOLO PSA 8 #2,https://www.ebay.es/itm/336668864456,PriceCharting
Neo Genesis,Azumarill,2/111,1st Edition,PSA 8,2026-07-02,215.00,USD,eBay,unknown,FALSE,,,2000 POKEMON NEO GENESIS 1ST EDITION #2 AZUMARILL-HOLO PSA 8 with SWIRL #2,https://www.ebay.es/itm/257579068202,PriceCharting
Neo Genesis,Azumarill,2/111,1st Edition,PSA 8,2026-07-01,139.52,USD,eBay,best offer,TRUE,,,2000 Pokemon 1st Edition Neo Genesis Azumarill Holo #2 PSA 8 #2,https://www.ebay.es/itm/287429098611,PriceCharting
Neo Genesis,Azumarill,2/111,1st Edition,PSA 8,2026-06-30,152.12,USD,eBay,unknown,FALSE,,,SWIRL Pokemon Azumarill Neo Genesis 1st Edition Holo Rare #2 PSA 8,https://www.ebay.es/itm/127936364532,PriceCharting
Neo Genesis,Azumarill,2/111,1st Edition,PSA 8,2026-06-22,150.00,USD,eBay,unknown,FALSE,,,Pokemon Azumarill Neo Genesis 1st Edition Holo Rare #2 PSA 8,https://www.ebay.es/itm/287386658231,PriceCharting
Neo Genesis,Azumarill,2/111,1st Edition,PSA 8,2026-06-19,121.50,USD,eBay,unknown,FALSE,,,2000 POKEMON NEO GENESIS 1ST EDITION #2 AZUMARILL-HOLO PSA 8 #2,https://www.ebay.es/itm/117242193171,PriceCharting
Neo Genesis,Azumarill,2/111,1st Edition,PSA 8,2026-06-07,129.95,USD,eBay,unknown,FALSE,,,Azumarill 2/111 1st Edition PSA 8 Neo Genesis Holo Rare Pokemon Card Graded,https://www.ebay.es/itm/188480075531,PriceCharting
Neo Genesis,Azumarill,2/111,1st Edition,PSA 9,2026-09-26,495.00,USD,eBay,best offer,TRUE,495.00,,Pokemon PSA 9 Azumarill Neo Genesis 1st Edition Holo Rare English 2/111 2/111,https://www.ebay.es/itm/298706432054,PriceCharting
Neo Genesis,Azumarill,2/111,1st Edition,PSA 9,2026-09-26,545.00,USD,eBay,unknown,FALSE,,,2000 POKEMON NEO GENESIS 1ST EDITION #2 AZUMARILL-HOLO PSA 9 #2,https://www.ebay.es/itm/307116555883,PriceCharting
Neo Genesis,Azumarill,2/111,1st Edition,PSA 9,2026-09-20,474.99,USD,eBay,unknown,FALSE,,,2000 Pokemon Neo Genesis 1st Edition #2 Azumarill Holo 1st Edition PSA 9 #2,https://www.ebay.es/itm/318892653714,PriceCharting
Neo Genesis,Azumarill,2/111,1st Edition,PSA 9,2026-09-20,489.99,USD,eBay,unknown,FALSE,,,Pokemon PSA 9 1st Edition Neo Genesis Azumarill Holo Rare 2/111 MINT 2/111,https://www.ebay.es/itm/336773530660,PriceCharting
Neo Genesis,Azumarill,2/111,1st Edition,PSA 9,2026-09-17,410.00,USD,eBay,best offer,TRUE,410.00,,PSA 9 2000 Pokemon Neo Genesis Azumarill Holo 1st Ed 2/111 Graded 2/111,https://www.ebay.es/itm/198573332740,PriceCharting
Neo Genesis,Azumarill,2/111,1st Edition,PSA 9,2026-09-13,402.35,USD,eBay,unknown,FALSE,,,Azumarill 2/111 - Neo Genesis Holo Rare 2000 - 1st Edition Pokemon - PSA 9 MINT 2/111,https://www.ebay.es/itm/318705211060,PriceCharting
Neo Genesis,Azumarill,2/111,1st Edition,PSA 9,2026-09-09,415.00,USD,eBay,unknown,FALSE,,,2000 POKEMON NEO GENESIS 1ST EDITION #2 AZUMARILL-HOLO PSA 9 #2,https://www.ebay.es/itm/117377409947,PriceCharting
Neo Genesis,Azumarill,2/111,1st Edition,PSA 9,2026-09-06,385.00,USD,eBay,unknown,FALSE,,,2000 POKEMON NEO GENESIS 1ST EDITION #2 AZUMARILL-HOLO PSA 9 #2,https://www.ebay.es/itm/307149335496,PriceCharting
Neo Genesis,Azumarill,2/111,1st Edition,PSA 9,2026-09-04,450.00,USD,eBay,unknown,FALSE,,,Pokemon Azumarill Neo Genesis 1st Edition Holo Rare #2 PSA 9 Mint #2,https://www.ebay.es/itm/178010248017,PriceCharting
Neo Genesis,Azumarill,2/111,1st Edition,PSA 9,2026-08-31,336.01,USD,eBay,unknown,FALSE,,,Pokemon Azumarill Holo Neo Genesis 1st Edition 2/111 PSA 9 Mint 2/111,https://www.ebay.es/itm/287541277637,PriceCharting
Neo Genesis,Azumarill,2/111,1st Edition,PSA 9,2026-08-16,330.00,USD,eBay,unknown,FALSE,,,Pokemon Azumarill Holo Neo Genesis 1st Edition 2/111 PSA 9 Mint 2/111,https://www.ebay.es/itm/287511104809,PriceCharting
Neo Genesis,Azumarill,2/111,1st Edition,PSA 9,2026-08-13,372.00,USD,eBay,unknown,FALSE,,,2000 POKEMON NEO GENESIS 1ST EDITION #2 AZUMARILL-HOLO PSA 9 #2,https://www.ebay.es/itm/117340883311,PriceCharting
Neo Genesis,Azumarill,2/111,1st Edition,PSA 9,2026-08-04,499.99,USD,eBay,unknown,FALSE,,,Pokemon PSA 9 1st Edition Neo Genesis Azumarill Holo Rare 2/111 MINT 2/111,https://www.ebay.es/itm/158044508153,PriceCharting
Neo Genesis,Azumarill,2/111,1st Edition,PSA 9,2026-08-01,440.00,USD,eBay,unknown,FALSE,,,2000 POKEMON NEO GENESIS 1ST EDITION #2 AZUMARILL-HOLO PSA 9 #2,https://www.ebay.es/itm/307081736617,PriceCharting
Neo Genesis,Azumarill,2/111,1st Edition,PSA 9,2026-07-27,530.00,USD,eBay,unknown,FALSE,,,2000 POKEMON NEO GENESIS 1ST EDITION #2 AZUMARILL-HOLO PSA 9 #2,https://www.ebay.es/itm/298505900952,PriceCharting
Neo Genesis,Azumarill,2/111,1st Edition,PSA 9,2026-07-22,500.00,USD,eBay,unknown,FALSE,,,2000 POKEMON NEO GENESIS 1ST EDITION #2 AZUMARILL-HOLO PSA 9 #2,https://www.ebay.es/itm/307016020148,PriceCharting
Neo Genesis,Azumarill,2/111,1st Edition,PSA 9,2026-07-16,450.00,USD,eBay,best offer,TRUE,450.00,,Pokemon TCG | 1st Edition Neo Genesis Azumarill Holo Rare 2/111 | PSA 9 💧 2/111,https://www.ebay.es/itm/318551215936,PriceCharting
Neo Genesis,Azumarill,2/111,1st Edition,PSA 9,2026-07-15,450.00,USD,eBay,unknown,FALSE,,,2000 POKEMON NEO GENESIS 1ST EDITION #2 AZUMARILL-HOLO PSA 9 SWIRL 𖦹 #2,https://www.ebay.es/itm/318499354859,PriceCharting
Neo Genesis,Azumarill,2/111,1st Edition,PSA 9,2026-07-01,450.00,USD,eBay,best offer,TRUE,450.00,,Pokemon PSA 9 1st Edition Neo Genesis Azumarill Holo Rare 2/111 MINT 2/111,https://www.ebay.es/itm/157997371359,PriceCharting
Neo Genesis,Azumarill,2/111,1st Edition,PSA 9,2026-06-29,311.00,USD,eBay,unknown,FALSE,,,Pokemon Neo Genesis Azumarill 2/111 Holo Rare First Edition PSA 9 2/111,https://www.ebay.es/itm/358699903667,PriceCharting
Neo Genesis,Azumarill,2/111,1st Edition,PSA 9,2026-06-21,282.51,USD,eBay,best offer,TRUE,,,Pokemon PSA 9 1st Edition Neo Genesis Azumarill Holo Rare 2/111 MINT 2/111,https://www.ebay.es/itm/800177858569,PriceCharting
Neo Genesis,Azumarill,2/111,1st Edition,PSA 9,2026-06-21,365.00,USD,eBay,unknown,FALSE,,,2000 Pokemon Neo Genesis 1st Edition Azumarill PSA 9 Holo #2/111 2/111,https://www.ebay.es/itm/157996954718,PriceCharting
Neo Genesis,Azumarill,2/111,1st Edition,PSA 10,2026-09-14,24000.00,USD,eBay,best offer,TRUE,24000.00,,2000 POKEMON NEO GENESIS 1ST EDITION #2 AZUMARILL-HOLO PSA 10 #2,https://www.ebay.es/itm/307179043755,PriceCharting
Neo Genesis,Azumarill,2/111,1st Edition,PSA 10,2026-04-05,15311.00,USD,eBay,unknown,FALSE,,,Pokemon Azumarill Neo Genesis 1st Edition Holo Rare #2 PSA 10 Gem Mint,https://www.ebay.es/itm/287233335896,PriceCharting
Neo Genesis,Azumarill,2/111,1st Edition,PSA 10,2026-03-07,20000.00,USD,eBay,unknown,FALSE,,,2000 POKEMON NEO GENESIS 1ST EDITION #2 AZUMARILL-HOLO PSA 10 #2,https://www.ebay.es/itm/117055472179,PriceCharting
Neo Genesis,Azumarill,2/111,1st Edition,PSA 10,2025-06-16,1775.00,USD,eBay,unknown,FALSE,,,2000 POKEMON NEO GENESIS 1ST ED #2 AZUMARILL-HOLO PSA 10 #2,https://www.ebay.es/itm/297383498587,PriceCharting
Neo Genesis,Azumarill,2/111,1st Edition,PSA 10,2025-03-17,1302.00,USD,eBay,unknown,FALSE,,,Pokemon Azumarill 1st Edition PSA 10 Gem Mint Neo Genesis 2/111 POP 36 #2,https://www.ebay.es/itm/226638569633,PriceCharting
Neo Genesis,Azumarill,2/111,1st Edition,PSA 10,2024-11-29,1000.00,USD,eBay,unknown,FALSE,,,2000 Pokemon Neo Genesis 1st Edition #2 Azumarill PSA 10 GEM MINT #2,https://www.ebay.es/itm/116341297157,PriceCharting
Neo Genesis,Azumarill,2/111,Unlimited,PSA 8,2026-08-31,91.00,USD,eBay,best offer,TRUE,,,PSA 8 Azumarill Holo Rare #2 2000 Pokemon Neo Genesis 142612867 #2,https://www.ebay.es/itm/236651924593,PriceCharting
Neo Genesis,Azumarill,2/111,Unlimited,PSA 8,2026-08-18,80.00,USD,eBay,best offer,TRUE,,,2000 Pokemon Neo Genesis #2 Azumarill Holo w/SWIRL PSA 8 NM-MT VINTAGE #2,https://www.ebay.es/itm/397645934624,PriceCharting
Neo Genesis,Azumarill,2/111,Unlimited,PSA 8,2026-08-08,90.95,USD,eBay,unknown,FALSE,,,Pokemon Azumarill #2 2000 Neo Genesis Holo PSA 8 NM-MT 2/111,https://www.ebay.es/itm/168568385378,PriceCharting
Neo Genesis,Azumarill,2/111,Unlimited,PSA 8,2026-07-29,70.00,USD,eBay,best offer,TRUE,70.00,,POKEMON WOTC 2000 🔵 NEO GENESIS #2 AZUMARILL HOLO ✨ PSA 8 NM-MT 🌀 2/111,https://www.ebay.es/itm/389910129236,PriceCharting
Neo Genesis,Azumarill,2/111,Unlimited,PSA 8,2026-07-26,82.00,USD,eBay,unknown,FALSE,,,2000 Pokemon Neo Genesis Azumarill 2/111 DOUBLE HOLO Rare PSA 8 NM/MINT 2/111,https://www.ebay.es/itm/267722856994,PriceCharting
Neo Genesis,Azumarill,2/111,Unlimited,PSA 8,2026-07-04,75.00,USD,eBay,unknown,FALSE,,,2000 POKEMON NEO GENESIS #2 AZUMARILL-HOLO PSA 8 #2,https://www.ebay.es/itm/398130645546,PriceCharting
Neo Genesis,Azumarill,2/111,Unlimited,PSA 8,2026-07-03,80.00,USD,eBay,best offer,TRUE,80.00,,2000 POKEMON NEO GENESIS #2 AZUMARILL-HOLO PSA 8 #2,https://www.ebay.es/itm/298141834058,PriceCharting
Neo Genesis,Azumarill,2/111,Unlimited,PSA 8,2026-05-31,72.25,USD,eBay,unknown,FALSE,,,2000 Pokemon Neo Genesis Azumarill Holo 2/111 PSA 8 2/111,https://www.ebay.es/itm/257498811120,PriceCharting
Neo Genesis,Azumarill,2/111,Unlimited,PSA 8,2026-05-12,47.00,USD,eBay,best offer,TRUE,,,Pokémon Azumarill 2/111 Holo Rare Neo Genesis Unlimited PSA 8 2000 English 2/111,https://www.ebay.es/itm/257502223065,PriceCharting
Neo Genesis,Azumarill,2/111,Unlimited,PSA 8,2026-05-11,65.24,USD,eBay,best offer,TRUE,,,Azumarill 2/111 PSA 8 Holo Neo Genesis Pokemon Card,https://www.ebay.es/itm/178051098883,PriceCharting
Neo Genesis,Azumarill,2/111,Unlimited,PSA 8,2026-04-25,51.00,USD,eBay,best offer,TRUE,,,Pokémon Azumarill 2/111 Holo Rare Neo Genesis Unlimited PSA 8 2000 English 2/111,https://www.ebay.es/itm/389874395120,PriceCharting
Neo Genesis,Azumarill,2/111,Unlimited,PSA 8,2026-04-03,80.00,USD,eBay,unknown,FALSE,,,2000 POKEMON NEO GENESIS #2 AZUMARILL-HOLO PSA 8 #2,https://www.ebay.es/itm/306233220444,PriceCharting
Neo Genesis,Azumarill,2/111,Unlimited,PSA 8,2026-03-15,51.03,USD,eBay,unknown,FALSE,,,2000 Pokemon Neo Genesis Unlimited Azumarill HOLO #2 PSA 8 Fresh Grade Low POP #2,https://www.ebay.es/itm/154407417871,PriceCharting
Neo Genesis,Azumarill,2/111,Unlimited,PSA 8,2026-03-14,30.00,USD,eBay,best offer,TRUE,,,2000 Pokémon Neo Genesis - AZUMARILL PSA 8 with Swirl 2/111,https://www.ebay.es/itm/127742762019,PriceCharting
Neo Genesis,Azumarill,2/111,Unlimited,PSA 9,2026-09-27,160.00,USD,eBay,unknown,FALSE,,,2000 POKEMON NEO GENESIS #2 AZUMARILL-HOLO PSA 9 2/111,https://www.ebay.es/itm/318904830943,PriceCharting
Neo Genesis,Azumarill,2/111,Unlimited,PSA 9,2026-09-19,200.91,USD,eBay,unknown,FALSE,,,Azumarill Holo 2/111 PSA 9 Neo Genesis Pokemon Card Game 2/111,https://www.ebay.es/itm/287526552940,PriceCharting
Neo Genesis,Azumarill,2/111,Unlimited,PSA 9,2026-09-13,175.00,USD,eBay,unknown,FALSE,,,Pokemon 2000 Azumarill 2/111 Holo Neo Genesis PSA 9 SWIRL 🌀 2/111,https://www.ebay.es/itm/278226160337,PriceCharting
Neo Genesis,Azumarill,2/111,Unlimited,PSA 9,2026-09-05,130.00,USD,eBay,unknown,FALSE,,,Pokemon Neo Genesis Azumarill PSA 9 2/111,https://www.ebay.es/itm/147533674464,PriceCharting
Neo Genesis,Azumarill,2/111,Unlimited,PSA 9,2026-08-25,149.99,USD,eBay,unknown,FALSE,,,2000 Pokemon Neo Genesis Azumarill Holo #2 PSA 9 Mint - Fart Swirl 💫 #2,https://www.ebay.es/itm/407165378241,PriceCharting
Neo Genesis,Azumarill,2/111,Unlimited,PSA 9,2026-07-09,100.00,USD,eBay,unknown,FALSE,,,Pokemon 2000 Azumarill 2/111 Holo Neo Genesis PSA 9 2/111,https://www.ebay.es/itm/407060705283,PriceCharting
Neo Genesis,Azumarill,2/111,Unlimited,PSA 9,2026-07-07,159.95,USD,eBay,unknown,FALSE,,,2000 Pokemon Neo Genesis Azumarill Holo #2 PSA 9 Mint,https://www.ebay.es/itm/198437603605,PriceCharting
Neo Genesis,Azumarill,2/111,Unlimited,PSA 9,2026-05-05,158.50,USD,eBay,unknown,FALSE,,,2000 Pokemon Neo Genesis Azumarill Holo #2/111 PSA 9,https://www.ebay.es/itm/127836595857,PriceCharting
Neo Genesis,Azumarill,2/111,Unlimited,PSA 9,2026-03-22,99.00,USD,eBay,unknown,FALSE,,,Vintage PSA 9 Azumarill Holo Neo Genesis #2 2000 MINT Pokémon Card #2,https://www.ebay.es/itm/177977576236,PriceCharting
Neo Genesis,Azumarill,2/111,Unlimited,PSA 9,2026-03-21,90.00,USD,eBay,best offer,TRUE,,,PSA 9 Azumarill Holo Neo Genesis #2 - 2000 MINT Pokémon Card,https://www.ebay.es/itm/188174808957,PriceCharting
Neo Genesis,Azumarill,2/111,Unlimited,PSA 9,2026-03-01,85.00,USD,eBay,unknown,FALSE,,,2000 POKEMON NEO GENESIS #2 AZUMARILL-HOLO PSA 9 #2,https://www.ebay.es/itm/117043471414,PriceCharting
Neo Genesis,Azumarill,2/111,Unlimited,PSA 9,2026-02-19,69.44,USD,eBay,unknown,FALSE,,,2000 Pokemon Neo Genesis Unlimited Azumarill HOLO #2 PSA 9 Fresh Grade Low POP #2,https://www.ebay.es/itm/154407418944,PriceCharting
Neo Genesis,Azumarill,2/111,Unlimited,PSA 9,2026-02-19,76.00,USD,eBay,best offer,TRUE,76.00,,2000 Pokemon Neo Genesis Unlimited Azumarill HOLO #2 PSA 9 Swirl Low POP #2,https://www.ebay.es/itm/227218923734,PriceCharting
Neo Genesis,Azumarill,2/111,Unlimited,PSA 9,2026-02-07,49.00,USD,eBay,unknown,FALSE,,,Pokémon Azumarill Neo Genesis Holo Rare 2/111 PSA 9 2000 English TCG 2/111,https://www.ebay.es/itm/317823640185,PriceCharting
Neo Genesis,Azumarill,2/111,Unlimited,PSA 9,2025-12-28,61.90,USD,eBay,unknown,FALSE,,,TCG 2000 Pokemon Neo Genesis #2 Azumarill Holo PSA 9 MINT,https://www.ebay.es/itm/389383860512,PriceCharting
Neo Genesis,Azumarill,2/111,Unlimited,PSA 9,2025-12-28,62.90,USD,eBay,unknown,FALSE,,,2000 POKEMON NEO GENESIS #2 AZUMARILL-HOLO PSA 9 #2,https://www.ebay.es/itm/297858773865,PriceCharting
Neo Genesis,Azumarill,2/111,Unlimited,PSA 9,2025-11-24,46.00,USD,eBay,unknown,FALSE,,,2000 P.M. Pokemon NEO Genesis Azumarill HOLO - MINT PSA 9 2/111,https://www.ebay.es/itm/257205516933,PriceCharting
Neo Genesis,Azumarill,2/111,Unlimited,PSA 9,2025-11-23,32.52,USD,eBay,unknown,FALSE,,,Azumarill Holo 2000 Pokémon Neo Genesis 2/111 PSA 9 MINT 2/111,https://www.ebay.es/itm/227082575718,PriceCharting
Neo Genesis,Azumarill,2/111,Unlimited,PSA 9,2025-11-11,77.99,USD,eBay,unknown,FALSE,,,2000 Pokemon Neo Genesis #2 Azumarill Holo PSA 9 #2,https://www.ebay.es/itm/236026855638,PriceCharting
Neo Genesis,Azumarill,2/111,Unlimited,PSA 10,2026-04-19,2550.00,USD,eBay,unknown,FALSE,,,Pokemon Azumarill Neo Genesis Unlimited Holo Rare #2 PSA 10 Gem Mint,https://www.ebay.es/itm/287265070548,PriceCharting
Neo Genesis,Azumarill,2/111,Unlimited,PSA 10,2026-03-01,3100.00,USD,eBay,unknown,FALSE,,,Pokemon Azumarill Neo Genesis Unlimited Holo Rare #2 PSA 10 Gem Mint,https://www.ebay.es/itm/287148606470,PriceCharting
Neo Genesis,Azumarill,2/111,Unlimited,PSA 10,2025-10-21,855.00,USD,eBay,unknown,FALSE,,,2000 Pokemon Neo Genesis Azumarill Holo #2 PSA 10 #2,https://www.ebay.es/itm/355847612379,PriceCharting
Neo Genesis,Azumarill,2/111,Unlimited,PSA 10,2024-04-12,356.13,USD,eBay,unknown,FALSE,,,2000 Pokemon Neo Genesis #2 Azumarill - Holo PSA 10 GEM MINT,https://www.ebay.es/itm/386906716538,PriceCharting
Neo Genesis,Bellossom,3/111,1st Edition,PSA 8,2026-09-26,117.00,USD,eBay,unknown,FALSE,,,Pokemon 2000 Neo Genesis Bellossom 3/111 1st Edition Holo PSA 8 English 3/111,https://www.ebay.es/itm/198662393545,PriceCharting
Neo Genesis,Bellossom,3/111,1st Edition,PSA 8,2026-09-25,102.00,USD,eBay,unknown,FALSE,,,2000 POKEMON NEO GENESIS 1ST EDITION #3 BELLOSSOM-HOLO PSA 8 #3,https://www.ebay.es/itm/307197291358,PriceCharting
Neo Genesis,Bellossom,3/111,1st Edition,PSA 8,2026-09-25,102.00,USD,eBay,unknown,FALSE,,,2000 POKEMON NEO GENESIS 1ST EDITION #3 BELLOSSOM-HOLO PSA 8 #3,https://www.ebay.es/itm/298704491947,PriceCharting
Neo Genesis,Bellossom,3/111,1st Edition,PSA 8,2026-09-06,83.16,USD,eBay,unknown,FALSE,,,2000 POKEMON NEO GENESIS 1ST EDITION #3 BELLOSSOM-HOLO PSA 8 #3,https://www.ebay.es/itm/298620897960,PriceCharting
Neo Genesis,Bellossom,3/111,1st Edition,PSA 8,2026-08-17,87.90,USD,eBay,unknown,FALSE,,,2000 Pokemon Neo Genesis 1st Edition Bellossom Holo #3/111 PSA 8,https://www.ebay.es/itm/377410469009,PriceCharting
Neo Genesis,Bellossom,3/111,1st Edition,PSA 8,2026-07-29,84.00,USD,eBay,unknown,FALSE,,,145653967 Bellossom 2000 Pokemon Neo Genesis 1st Edition #3 Holo PSA 8 3/111,https://www.ebay.es/itm/158107259258,PriceCharting
Neo Genesis,Bellossom,3/111,1st Edition,PSA 8,2026-07-15,117.50,USD,eBay,unknown,FALSE,,,145653967 Bellossom 2000 Pokemon Neo Genesis 1st Edition #3 Holo PSA 8 3/111,https://www.ebay.es/itm/158064499513,PriceCharting
Neo Genesis,Bellossom,3/111,1st Edition,PSA 8,2026-07-14,81.00,USD,eBay,unknown,FALSE,,,2000 Pokemon Neo Genesis 1st Edition #3 Bellossom Holo PSA 8 NM-MT,https://www.ebay.es/itm/800298830807,PriceCharting
Neo Genesis,Bellossom,3/111,1st Edition,PSA 8,2026-07-03,115.00,USD,eBay,best offer,TRUE,115.00,,Neo Genesis 1st Edition Bellossom PSA 8 HOLO 3/111 Pokemon (7625) 3/111,https://www.ebay.es/itm/336668860898,PriceCharting
Neo Genesis,Bellossom,3/111,1st Edition,PSA 8,2026-07-01,115.00,USD,eBay,unknown,FALSE,,,Neo Genesis 1st Edition Bellossom PSA 8 HOLO 3/111 Pokemon (7625) 3/111,https://www.ebay.es/itm/225081937782,PriceCharting
Neo Genesis,Bellossom,3/111,1st Edition,PSA 8,2026-06-30,120.00,USD,eBay,unknown,FALSE,,,2000 POKEMON NEO GENESIS 1ST EDITION #3 BELLOSSOM-HOLO PSA 8 #3,https://www.ebay.es/itm/307032520751,PriceCharting
Neo Genesis,Bellossom,3/111,1st Edition,PSA 8,2026-06-11,115.00,USD,eBay,unknown,FALSE,,,Pokémon Bellossom 3/111 Neo Genesis 1st Edition Holo Rare PSA 8 English 3/111,https://www.ebay.es/itm/327134626625,PriceCharting
Neo Genesis,Bellossom,3/111,1st Edition,PSA 8,2026-06-07,92.00,USD,eBay,unknown,FALSE,,,Pokemon 2000 Bellossom 3/111 Holo 1st Edition Neo Genesis PSA 8 3/111,https://www.ebay.es/itm/188419812050,PriceCharting
Neo Genesis,Bellossom,3/111,1st Edition,PSA 8,2026-05-21,120.00,USD,eBay,unknown,FALSE,,,Pokémon Bellossom 3/111 Neo Genesis 1st Edition Holo Rare PSA 8 3/111,https://www.ebay.es/itm/318243868348,PriceCharting
Neo Genesis,Bellossom,3/111,1st Edition,PSA 8,2026-05-18,105.00,USD,eBay,unknown,FALSE,,,Pokemon 2000 Bellossom 3/111 Holo 1st Edition Neo Genesis PSA 8 3/111,https://www.ebay.es/itm/406911815163,PriceCharting
Neo Genesis,Bellossom,3/111,1st Edition,PSA 8,2026-05-13,110.00,USD,eBay,unknown,FALSE,,,POKEMON NEO GENESIS 1ST EDITION BELLOSSOM HOLO 3/111 PSA 8 3/111,https://www.ebay.es/itm/318006261230,PriceCharting
Neo Genesis,Bellossom,3/111,1st Edition,PSA 8,2026-05-11,100.00,USD,eBay,unknown,FALSE,,,Pokemon 2000 Bellossom 3/111 Holo 1st Edition Neo Genesis PSA 8 3/111,https://www.ebay.es/itm/406896107909,PriceCharting
Neo Genesis,Bellossom,3/111,1st Edition,PSA 8,2026-04-26,113.15,USD,eBay,best offer,TRUE,,,Pokemon PSA 8 Bellossom Holo 1st Edition Neo Genesis 3/111 ENG,https://www.ebay.es/itm/188122226374,PriceCharting
Neo Genesis,Bellossom,3/111,1st Edition,PSA 8,2026-04-26,110.00,USD,eBay,unknown,FALSE,,,2000 Pokémon Neo Genesis Bellossom Holo 1st Edition #3 PSA 8 NM-MT #3,https://www.ebay.es/itm/377101402690,PriceCharting
Neo Genesis,Bellossom,3/111,1st Edition,PSA 8,2026-04-26,103.76,USD,eBay,unknown,FALSE,,,PSA 8 NM-MT Pokemon Bellossom 3/111 Holo Neo Genesis 1st Edition 2000 English #2,https://www.ebay.es/itm/226903642596,PriceCharting
Neo Genesis,Bellossom,3/111,1st Edition,PSA 8,2026-04-20,110.00,USD,eBay,best offer,TRUE,110.00,,2000 Pokemon Neo Genesis Bellossom Holo Foil Rare #3 3/111 TCG 1st Edition PSA 8 #3,https://www.ebay.es/itm/267614975216,PriceCharting
Neo Genesis,Bellossom,3/111,1st Edition,PSA 8,2026-04-19,162.50,USD,eBay,unknown,FALSE,,,2000 POKEMON NEO GENESIS 1ST EDITION #3 BELLOSSOM-HOLO PSA 8 #3,https://www.ebay.es/itm/117128992067,PriceCharting
Neo Genesis,Bellossom,3/111,1st Edition,PSA 8,2026-04-19,100.00,USD,eBay,unknown,FALSE,,,2000 POKEMON NEO GENESIS 1ST ED #3 BELLOSSOM-HOLO PSA 8 #3,https://www.ebay.es/itm/227305422250,PriceCharting
Neo Genesis,Bellossom,3/111,1st Edition,PSA 8,2026-04-18,104.81,USD,eBay,unknown,FALSE,,,2000 POKEMON NEO GENESIS 1ST EDITION #3/111 BELLOSSOM HOLO RARE PSA 8 3/111,https://www.ebay.es/itm/206202948036,PriceCharting
Neo Genesis,Bellossom,3/111,1st Edition,PSA 8,2026-04-15,100.00,USD,eBay,best offer,TRUE,100.00,,2000 POKEMON NEO GENESIS 1ST ED #3 BELLOSSOM-HOLO PSA 8 #3,https://www.ebay.es/itm/306856267120,PriceCharting
Neo Genesis,Bellossom,3/111,1st Edition,PSA 9,2026-09-26,291.45,USD,eBay,unknown,FALSE,,,2000 POKEMON NEO GENESIS 1ST EDITION #3 BELLOSSOM HOLO 1ST EDITION PSA 9 #3,https://www.ebay.es/itm/307184613976,PriceCharting
Neo Genesis,Bellossom,3/111,1st Edition,PSA 9,2026-09-24,185.00,USD,eBay,best offer,TRUE,185.00,,The Pokémon Company 2000 Neo Genesis 1st Ed Bellossom Holo 3/111 PSA 9 3/111,https://www.ebay.es/itm/198664378471,PriceCharting
Neo Genesis,Bellossom,3/111,1st Edition,PSA 9,2026-09-04,220.00,USD,eBay,unknown,FALSE,,,2000 Pokemon Neo Genesis 1st Edition Bellossom #3 1st Edition PSA 9 #3,https://www.ebay.es/itm/257693166314,PriceCharting
Neo Genesis,Bellossom,3/111,1st Edition,PSA 9,2026-08-17,162.50,USD,eBay,unknown,FALSE,,,Pokemon Bellossom Holo Neo Genesis 1st Edition 3/111 PSA 9 Mint 3/111,https://www.ebay.es/itm/287511105084,PriceCharting
Neo Genesis,Bellossom,3/111,1st Edition,PSA 9,2026-08-01,225.00,USD,eBay,unknown,FALSE,,,2000 Pokemon 1st Edition Neo Genesis Bellossom | PSA 9 3/111,https://www.ebay.es/itm/307086265619,PriceCharting
Neo Genesis,Bellossom,3/111,1st Edition,PSA 9,2026-08-01,147.50,USD,eBay,unknown,FALSE,,,2000 POKEMON NEO GENESIS 1ST EDITION #3 BELLOSSOM-HOLO PSA 9 #3,https://www.ebay.es/itm/117318690777,PriceCharting
Neo Genesis,Bellossom,3/111,1st Edition,PSA 9,2026-07-27,162.00,USD,eBay,unknown,FALSE,,,Pokémon Neo Genesis Bellossom 3/111 Holo Rare First Edition PSA 9 3/111,https://www.ebay.es/itm/358807435150,PriceCharting
Neo Genesis,Bellossom,3/111,1st Edition,PSA 9,2026-07-16,192.21,USD,eBay,unknown,FALSE,,,2000 POKEMON NEO GENESIS 1ST ED #3 BELLOSSOM-HOLO PSA 9 #3,https://www.ebay.es/itm/287429095374,PriceCharting
Neo Genesis,Bellossom,3/111,1st Edition,PSA 9,2026-07-15,169.94,USD,eBay,unknown,FALSE,,,2000 POKEMON NEO GENESIS 1ST EDITION #3 BELLOSSOM-HOLO PSA 9 #3,https://www.ebay.es/itm/298506072341,PriceCharting
Neo Genesis,Bellossom,3/111,1st Edition,PSA 9,2026-07-07,171.00,USD,eBay,best offer,TRUE,171.00,,2000 POKEMON NEO GENESIS 1ST EDITION #3 BELLOSSOM-HOLO PSA 9 #3,https://www.ebay.es/itm/117284094080,PriceCharting
Neo Genesis,Bellossom,3/111,1st Edition,PSA 9,2026-06-22,157.50,USD,eBay,unknown,FALSE,,,2000 POKEMON NEO GENESIS 1ST EDITION #3 BELLOSSOM-HOLO PSA 9 #3,https://www.ebay.es/itm/117236296141,PriceCharting
Neo Genesis,Bellossom,3/111,1st Edition,PSA 9,2026-06-21,134.25,USD,eBay,unknown,FALSE,,,2000 POKEMON NEO GENESIS 1ST EDITION #3/111 BELLOSSOM HOLO RARE PSA 9 3/111,https://www.ebay.es/itm/206343179505,PriceCharting
Neo Genesis,Bellossom,3/111,1st Edition,PSA 9,2026-06-20,100.00,USD,eBay,unknown,FALSE,,,Pokemon Bellossom 1st Edition Neo Genesis PSA 9 MINT Holo #3/111 TCG WOTC 2000 #3,https://www.ebay.es/itm/327222887561,PriceCharting
Neo Genesis,Bellossom,3/111,1st Edition,PSA 9,2026-06-20,100.00,USD,eBay,unknown,FALSE,,,Pokemon Bellossom 1st Edition Neo Genesis PSA 9 MINT Holo #3/111 TCG WOTC 2000 #3,https://www.ebay.es/itm/327160137289,PriceCharting
Neo Genesis,Bellossom,3/111,1st Edition,PSA 9,2026-05-25,200.00,USD,eBay,unknown,FALSE,,,2000 Pokemon Neo Genesis Bellossom Holo 1st Edition #3 PSA 9,https://www.ebay.es/itm/188351924807,PriceCharting
Neo Genesis,Bellossom,3/111,1st Edition,PSA 9,2026-05-22,177.00,USD,eBay,unknown,FALSE,,,2000 POKEMON NEO GENESIS 1ST EDITION #3 BELLOSSOM-HOLO PSA 9 #3,https://www.ebay.es/itm/298313219147,PriceCharting
Neo Genesis,Bellossom,3/111,1st Edition,PSA 9,2026-05-13,100.00,USD,eBay,unknown,FALSE,,,Pokemon Bellossom 1st Edition Neo Genesis PSA 9 MINT Holo #3/111 TCG WOTC 2000 #3,https://www.ebay.es/itm/327131104051,PriceCharting
Neo Genesis,Bellossom,3/111,1st Edition,PSA 9,2026-05-13,190.00,USD,eBay,best offer,TRUE,190.00,,2000 Pokemon Neo Genesis Bellossom Holo 1st Edition #3 PSA 9,https://www.ebay.es/itm/336577336939,PriceCharting
Neo Genesis,Bellossom,3/111,1st Edition,PSA 9,2026-05-13,165.00,USD,eBay,best offer,TRUE,,,Pokémon Neo Genesis Bellossom 3/111 1st Edition Holo PSA 9 2000 Wizards + Swirl 3/111,https://www.ebay.es/itm/267656135683,PriceCharting
Neo Genesis,Bellossom,3/111,1st Edition,PSA 9,2026-05-10,177.50,USD,eBay,unknown,FALSE,,,Pokemon Bellossom Neo Genesis 1st Edition Holo Rare #3 PSA 9 Mint,https://www.ebay.es/itm/287301526402,PriceCharting
Neo Genesis,Bellossom,3/111,1st Edition,PSA 9,2026-05-08,164.50,USD,eBay,best offer,TRUE,,,Pokémon Neo Genesis Bellossom 3/111 1st Edition Holo PSA 9 2000 Wizards 3/111,https://www.ebay.es/itm/267656134526,PriceCharting
Neo Genesis,Bellossom,3/111,1st Edition,PSA 10,2026-09-23,3091.23,USD,eBay,best offer,TRUE,,,Pokemon Bellossom Neo Genesis 1st Edition Holo Rare #3 PSA 10 Gem Mint,https://www.ebay.es/itm/306978225552,PriceCharting
Neo Genesis,Bellossom,3/111,1st Edition,PSA 10,2026-09-17,2200.00,USD,eBay,unknown,FALSE,,,2000 POKEMON NEO GENESIS 1ST EDITION #3 BELLOSSOM-HOLO PSA 10 #3,https://www.ebay.es/itm/117288267098,PriceCharting
Neo Genesis,Bellossom,3/111,1st Edition,PSA 10,2026-09-16,1860.95,USD,eBay,unknown,FALSE,,,2000 Pokemon Neo Genesis Bellossom Holo 1st Edition #3 PSA 10,https://www.ebay.es/itm/398401839225,PriceCharting
Neo Genesis,Bellossom,3/111,1st Edition,PSA 10,2026-09-01,1610.00,USD,eBay,unknown,FALSE,,,Pokemon 2000 Neo Genesis Bellossom Holo 1st Edition #3/111 PSA 10 3/111,https://www.ebay.es/itm/307145789020,PriceCharting
Neo Genesis,Bellossom,3/111,1st Edition,PSA 10,2026-08-17,1606.00,USD,eBay,unknown,FALSE,,,2000 POKEMON NEO GENESIS 1ST EDITION #3 BELLOSSOM-HOLO PSA 10 #3,https://www.ebay.es/itm/307115106968,PriceCharting
Neo Genesis,Bellossom,3/111,1st Edition,PSA 10,2026-06-04,1750.00,USD,eBay,best offer,TRUE,,,Pokémon - Neo Genesis 1st Edition - Bellossom Holo 3/111 - PSA 10 3/111,https://www.ebay.es/itm/358560500948,PriceCharting
Neo Genesis,Bellossom,3/111,1st Edition,PSA 10,2026-05-30,1875.00,USD,eBay,unknown,FALSE,,,BELLOSSOM 2000 POKEMON NEO GENESIS HOLO 1ST EDITION #3 PSA 10 Q0895 #3,https://www.ebay.es/itm/278012479286,PriceCharting
Neo Genesis,Bellossom,3/111,1st Edition,PSA 10,2026-05-18,2075.00,USD,eBay,unknown,FALSE,,,Pokemon Bellossom Neo Genesis 1st Edition Holo Rare #3 PSA 10 Gem Mint,https://www.ebay.es/itm/287318134066,PriceCharting
Neo Genesis,Bellossom,3/111,1st Edition,PSA 10,2026-05-17,1287.16,USD,eBay,unknown,FALSE,,,BELLOSSOM POKEMON 3 2000 NEO GENESIS HOLO ENGLISH PSA 10,https://www.ebay.es/itm/137292489383,PriceCharting
Neo Genesis,Bellossom,3/111,1st Edition,PSA 10,2026-04-19,1953.00,USD,eBay,unknown,FALSE,,,Pokemon Bellossom Neo Genesis 1st Edition Holo Rare #3 PSA 10 Gem Mint,https://www.ebay.es/itm/287265070528,PriceCharting
Neo Genesis,Bellossom,3/111,1st Edition,PSA 10,2026-04-19,2603.97,USD,eBay,unknown,FALSE,,,BELLOSSOM POKEMON 3 2000 NEO GENESIS HOLO ENGLISH PSA 10,https://www.ebay.es/itm/137210403088,PriceCharting
Neo Genesis,Bellossom,3/111,1st Edition,PSA 10,2026-03-29,3050.00,USD,eBay,unknown,FALSE,,,Pokemon Bellossom Neo Genesis 1st Edition Holo Rare #3 PSA 10 Gem Mint,https://www.ebay.es/itm/287220018883,PriceCharting
Neo Genesis,Bellossom,3/111,1st Edition,PSA 10,2026-03-13,2499.99,USD,eBay,unknown,FALSE,,,POKEMON 1st Edition Neo Genesis BELLOSSOM 3/111 Holo Rare PSA 10 GEM MINT 3/111,https://www.ebay.es/itm/236615155184,PriceCharting
Neo Genesis,Bellossom,3/111,1st Edition,PSA 10,2026-03-04,1750.00,USD,eBay,unknown,FALSE,,,Pokemon Bellossom Neo Genesis 1st Edition Holo Rare #3 PSA 10 Gem Mint,https://www.ebay.es/itm/287126834452,PriceCharting
Neo Genesis,Bellossom,3/111,1st Edition,PSA 10,2026-02-23,1025.00,USD,eBay,unknown,FALSE,,,Pokemon Bellossom Neo Genesis 1st Edition Holo Rare #3 PSA 10 Gem Mint,https://www.ebay.es/itm/287139217827,PriceCharting
Neo Genesis,Bellossom,3/111,1st Edition,PSA 10,2025-12-27,699.00,USD,eBay,unknown,FALSE,,,2000 POKEMON NEO GENESIS 1ST ED #3 BELLOSSOM-HOLO PSA 10 #3,https://www.ebay.es/itm/116945946633,PriceCharting
Neo Genesis,Bellossom,3/111,1st Edition,PSA 10,2025-11-24,590.00,USD,eBay,unknown,FALSE,,,Pokemon Bellossom Neo Genesis 1st Edition Holo Rare #3 PSA 10 Gem Mint,https://www.ebay.es/itm/286939084210,PriceCharting
Neo Genesis,Bellossom,3/111,1st Edition,PSA 10,2025-11-18,699.99,USD,eBay,unknown,FALSE,,,2000 Pokemon Neo Genesis Bellossom 1st Edition Holo #3 PSA 10 English #3,https://www.ebay.es/itm/267411603284,PriceCharting
Neo Genesis,Bellossom,3/111,1st Edition,PSA 10,2025-10-06,725.00,USD,eBay,unknown,FALSE,,,Pokemon Bellossom Neo Genesis 1st Edition Holo Rare #3 PSA 10 Gem Mint,https://www.ebay.es/itm/286840293651,PriceCharting
Neo Genesis,Bellossom,3/111,1st Edition,PSA 10,2025-09-12,579.11,USD,eBay,unknown,FALSE,,,Pokemon Cards: Neo Genesis 1st Edition Rare Holo: Bellossom 3/111 PSA 10 #3,https://www.ebay.es/itm/317270065645,PriceCharting
Neo Genesis,Bellossom,3/111,1st Edition,PSA 10,2025-08-31,415.00,USD,eBay,unknown,FALSE,,,Pokemon Bellossom Neo Genesis 1st Edition Holo Rare #3 PSA 10 Gem Mint,https://www.ebay.es/itm/286776307823,PriceCharting
Neo Genesis,Bellossom,3/111,1st Edition,PSA 10,2025-07-21,650.00,USD,eBay,unknown,FALSE,,,Pokemon Bellossom Neo Genesis 1st Edition Holo Rare #3 PSA 10 Gem Mint,https://www.ebay.es/itm/286701363482,PriceCharting
Neo Genesis,Bellossom,3/111,1st Edition,PSA 10,2025-07-21,490.00,USD,eBay,unknown,FALSE,,,Pokemon Bellossom Neo Genesis 1st Edition Holo Rare #3 PSA 10 Gem Mint,https://www.ebay.es/itm/286700493702,PriceCharting
Neo Genesis,Bellossom,3/111,1st Edition,PSA 10,2025-04-11,540.50,USD,eBay,unknown,FALSE,,,Pokemon 2000 WOTC Neo Genesis 1st Edition: Bellossom 3/111 Holo Foil - PSA 10,https://www.ebay.es/itm/334905880309,PriceCharting
Neo Genesis,Bellossom,3/111,1st Edition,PSA 10,2025-04-08,349.99,USD,eBay,unknown,FALSE,,,POKEMON 1st Edition Neo Genesis BELLOSSOM 3/111 Holo Rare PSA 10 GEM MINT WOTC 3/111,https://www.ebay.es/itm/166841566372,PriceCharting
Neo Genesis,Bellossom,3/111,1st Edition,PSA 10,2025-04-07,400.00,USD,eBay,unknown,FALSE,,,PSA 10 Bellossom 3/111 1st Edition Neo Genesis Pokemon English 3/111,https://www.ebay.es/itm/405546829045,PriceCharting
Neo Genesis,Bellossom,3/111,1st Edition,PSA 10,2025-04-06,654.34,USD,eBay,unknown,FALSE,,,Pokemon Cards: 1st Edition Neo Genesis Rare Holo: Bellossom 3/111: PSA 10 #3,https://www.ebay.es/itm/315693906991,PriceCharting
Neo Genesis,Bellossom,3/111,1st Edition,PSA 10,2025-03-20,345.00,USD,eBay,unknown,FALSE,,,2000 💎 Neo Genesis 3 Bellossom 1st Edition Holo Rare Pokemon TCG Card PSA 10 #3,https://www.ebay.es/itm/404656099328,PriceCharting
Neo Genesis,Bellossom,3/111,1st Edition,PSA 10,2025-03-19,348.45,USD,eBay,unknown,FALSE,,,2000 Bellossom 3/111 1st Edition Neo Genesis Holo Rare PSA 10 Pokemon TCG,https://www.ebay.es/itm/335738822878,PriceCharting
Neo Genesis,Bellossom,3/111,1st Edition,PSA 10,2025-03-17,350.00,USD,eBay,unknown,FALSE,,,2000 Pokemon Bellossom #3 Neo Genesis 1st Edition Holo PSA 10 GEM MINT #3,https://www.ebay.es/itm/116377920044,PriceCharting
Neo Genesis,Bellossom,3/111,Unlimited,PSA 8,2026-09-01,91.00,USD,eBay,best offer,TRUE,91.00,,2000 POKEMON NEO GENESIS #3 BELLOSSOM-HOLO PSA 8 #3,https://www.ebay.es/itm/298504524743,PriceCharting
Neo Genesis,Bellossom,3/111,Unlimited,PSA 8,2026-08-09,48.78,USD,eBay,unknown,FALSE,,,2000 POKEMON NEO GENESIS #3/111 BELLOSSOM HOLO RARE PSA 8 3/111,https://www.ebay.es/itm/206457548110,PriceCharting
Neo Genesis,Bellossom,3/111,Unlimited,PSA 8,2026-07-26,52.50,USD,eBay,unknown,FALSE,,,2000 POKEMON NEO GENESIS #3/111 BELLOSSOM HOLO RARE PSA 8 3/111,https://www.ebay.es/itm/206423876163,PriceCharting
Neo Genesis,Bellossom,3/111,Unlimited,PSA 8,2026-07-16,54.99,USD,eBay,unknown,FALSE,,,Pokémon TCG Bellossom Neo Genesis Holo Unlimited Rare PSA 8 3/111,https://www.ebay.es/itm/206353275948,PriceCharting
Neo Genesis,Bellossom,3/111,Unlimited,PSA 8,2026-07-15,48.00,USD,eBay,best offer,TRUE,48.00,,2000 Pokemon Neo Genesis Bellossom 3/111 Holo Rare PSA 8 NM/MINT 3/111,https://www.ebay.es/itm/267722855893,PriceCharting
Neo Genesis,Bellossom,3/111,Unlimited,PSA 8,2026-06-14,63.00,USD,eBay,unknown,FALSE,,,Pokémon Bellossom 3/111 Neo Genesis Holo Rare Unlimited PSA 8 2000 English 3/111,https://www.ebay.es/itm/377217860324,PriceCharting
Neo Genesis,Bellossom,3/111,Unlimited,PSA 8,2026-06-04,59.99,USD,eBay,unknown,FALSE,,,Bellossom 3/111 Neo Genesis Holo PSA 8 Pokemon TCG WOTC 2000 3/111,https://www.ebay.es/itm/358630765542,PriceCharting
Neo Genesis,Bellossom,3/111,Unlimited,PSA 8,2026-06-01,50.00,USD,eBay,unknown,FALSE,,,Bellossom 3/111 Neo Genesis Holo PSA 8 Pokemon TCG WOTC 2000 3/111,https://www.ebay.es/itm/318377513109,PriceCharting
Neo Genesis,Bellossom,3/111,Unlimited,PSA 8,2026-05-25,86.00,USD,eBay,unknown,FALSE,,,2000 Pokemon Neo Genesis 3 Bellossom Holo Rare PSA 8 Near Mint 3/111,https://www.ebay.es/itm/406931894112,PriceCharting
Neo Genesis,Bellossom,3/111,Unlimited,PSA 8,2026-05-23,45.00,USD,eBay,best offer,TRUE,45.00,,"2000 Pokemon Card Neo Genesis BELLOSSOM Holo 3/111, PSA 8 NM-MT SWIRL 3/111",https://www.ebay.es/itm/178157479109,PriceCharting
Neo Genesis,Bellossom,3/111,Unlimited,PSA 8,2026-05-07,46.83,USD,eBay,best offer,TRUE,,,2000 Bellossom Neo Genesis 3/111 Holo (PSA 8 NM - MT) Pokemon TCG German 3/111,https://www.ebay.es/itm/287289547652,PriceCharting
Neo Genesis,Bellossom,3/111,Unlimited,PSA 8,2026-05-01,40.00,USD,eBay,unknown,FALSE,,,"2000 Pokemon Card Neo Genesis BELLOSSOM Holo 3/111, PSA 8 NM-MT #61",https://www.ebay.es/itm/127108137296,PriceCharting
Neo Genesis,Bellossom,3/111,Unlimited,PSA 8,2026-04-13,52.00,USD,eBay,unknown,FALSE,,,PSA 8 NM-MT Pokemon Bellossom Neo Genesis Holo 3/111,https://www.ebay.es/itm/197493018824,PriceCharting
Neo Genesis,Bellossom,3/111,Unlimited,PSA 8,2026-04-04,39.95,USD,eBay,unknown,FALSE,,,2000 POKEMON NEO GENESIS #3 BELLOSSOM-HOLO PSA 8 #3,https://www.ebay.es/itm/317257235464,PriceCharting
Neo Genesis,Bellossom,3/111,Unlimited,PSA 8,2026-03-03,38.00,USD,eBay,unknown,FALSE,,,2000 POKEMON NEO GENESIS #3 BELLOSSOM-HOLO PSA 8 #3,https://www.ebay.es/itm/376467656332,PriceCharting
Neo Genesis,Bellossom,3/111,Unlimited,PSA 8,2026-01-13,32.51,USD,eBay,unknown,FALSE,,,PSA 8 NM-MT Pokemon Bellossom Neo Genesis Holo 3/111,https://www.ebay.es/itm/397197371530,PriceCharting
Neo Genesis,Bellossom,3/111,Unlimited,PSA 8,2026-01-09,28.00,USD,eBay,unknown,FALSE,,,2000 Pokémon Neo Genesis #3 Bellossom Holo PSA 8 #3,https://www.ebay.es/itm/168060087563,PriceCharting
Neo Genesis,Bellossom,3/111,Unlimited,PSA 9,2026-09-16,100.00,USD,eBay,unknown,FALSE,,,Bellossom Neo Genesis Holo Rare 3/111 2000 Pokemon TCG PSA 9 Graded 3/111,https://www.ebay.es/itm/398319316974,PriceCharting
Neo Genesis,Bellossom,3/111,Unlimited,PSA 9,2026-07-23,115.45,USD,eBay,best offer,TRUE,,,PSA 9 BELLOSSOM 3/111 Holo Rare Neo Genesis 2000 - Pokemon Card WOTC 3/111,https://www.ebay.es/itm/204004459796,PriceCharting
Neo Genesis,Bellossom,3/111,Unlimited,PSA 9,2026-07-11,38.00,USD,eBay,unknown,FALSE,,,Bellossom Neo Genesis Holo Rare 3/111 2000 Pokemon TCG PSA 9 Graded 3/111,https://www.ebay.es/itm/318526727446,PriceCharting
Neo Genesis,Bellossom,3/111,Unlimited,PSA 9,2026-07-01,80.00,USD,eBay,best offer,TRUE,80.00,,Bellossom Neo Genesis Holo Rare 3/111 2000 Pokemon TCG PSA 9 Graded 3/111,https://www.ebay.es/itm/318526048651,PriceCharting
Neo Genesis,Bellossom,3/111,Unlimited,PSA 9,2026-06-29,100.00,USD,eBay,unknown,FALSE,,,2000 POKEMON NEO GENESIS #3 BELLOSSOM-HOLO PSA 9 #3,https://www.ebay.es/itm/298072981207,PriceCharting
Neo Genesis,Bellossom,3/111,Unlimited,PSA 9,2026-06-20,89.95,USD,eBay,unknown,FALSE,,,Bellossom 2000 Pokemon Neo Genesis 3/111 Holo PSA 9 #3,https://www.ebay.es/itm/287301643288,PriceCharting
Neo Genesis,Bellossom,3/111,Unlimited,PSA 9,2026-06-13,70.00,USD,eBay,unknown,FALSE,,,Pokémon TCG Bellossom Neo Genesis Holo PSA 9 Unlimited Rare Card 3/111 3/111,https://www.ebay.es/itm/178074377596,PriceCharting
Neo Genesis,Bellossom,3/111,Unlimited,PSA 9,2026-06-09,72.80,USD,eBay,unknown,FALSE,,,Pokemon Neo Genesis Unlimited Bellossom PSA 9 Holo (1748) 3/111,https://www.ebay.es/itm/224818828625,PriceCharting
Neo Genesis,Bellossom,3/111,Unlimited,PSA 9,2026-05-01,72.80,USD,eBay,unknown,FALSE,,,Pokemon Neo Genesis Unlimited Bellossom PSA 9 Holo (1747) 3/111,https://www.ebay.es/itm/224818828618,PriceCharting
Neo Genesis,Bellossom,3/111,Unlimited,PSA 9,2026-04-13,65.00,USD,eBay,unknown,FALSE,,,Bellossom 2000 Pokemon Neo Genesis 3/111 Holo PSA 9 MINT #3,https://www.ebay.es/itm/256953477862,PriceCharting
Neo Genesis,Bellossom,3/111,Unlimited,PSA 9,2026-04-10,99.00,USD,eBay,unknown,FALSE,,,Bellossom 2000 Pokemon Neo Genesis 3/111 Holo PSA 9 #3,https://www.ebay.es/itm/177977606341,PriceCharting
Neo Genesis,Bellossom,3/111,Unlimited,PSA 9,2026-04-05,72.99,USD,eBay,unknown,FALSE,,,2000 POKEMON NEO GENESIS #3 BELLOSSOM-HOLO PSA 9 #3,https://www.ebay.es/itm/116843927591,PriceCharting
Neo Genesis,Bellossom,3/111,Unlimited,PSA 9,2026-04-05,46.00,USD,eBay,unknown,FALSE,,,Bellossom 3/111 Holo Pokemon Neo Genesis PSA 9 MINT 3/111,https://www.ebay.es/itm/117115491130,PriceCharting
Neo Genesis,Bellossom,3/111,Unlimited,PSA 9,2026-04-01,63.90,USD,eBay,unknown,FALSE,,,2000 Pokemon Neo Genesis Bellossom Holo #3/111 PSA 9,https://www.ebay.es/itm/377064723927,PriceCharting
Neo Genesis,Bellossom,3/111,Unlimited,PSA 9,2026-03-18,56.99,USD,eBay,unknown,FALSE,,,Bellossom 3/111 Holo Pokemon Neo Genesis PSA 9 MINT 3/111,https://www.ebay.es/itm/206113868113,PriceCharting
Neo Genesis,Bellossom,3/111,Unlimited,PSA 9,2026-03-16,60.00,USD,eBay,unknown,FALSE,,,Bellossom 2000 Pokemon Neo Genesis 3/111 Holo PSA 9 MINT #3,https://www.ebay.es/itm/334318990999,PriceCharting
Neo Genesis,Bellossom,3/111,Unlimited,PSA 9,2026-03-14,68.95,USD,eBay,unknown,FALSE,,,Pokemon Neo Genesis Bellossom 3/111 PSA 9,https://www.ebay.es/itm/336372043610,PriceCharting
Neo Genesis,Bellossom,3/111,Unlimited,PSA 9,2026-03-09,105.00,USD,eBay,unknown,FALSE,,,Pokemon Bellossom Neo Genesis Unlimited Holo Rare #3 PSA 9 Mint,https://www.ebay.es/itm/287184596527,PriceCharting
Neo Genesis,Bellossom,3/111,Unlimited,PSA 9,2026-02-27,62.00,USD,eBay,unknown,FALSE,,,2000 POKEMON NEO GENESIS #3 BELLOSSOM-HOLO PSA 9 #3,https://www.ebay.es/itm/117034254168,PriceCharting
Neo Genesis,Bellossom,3/111,Unlimited,PSA 9,2026-02-10,49.00,USD,eBay,unknown,FALSE,,,BELLOSSOM 2000 POKEMON NEO GENESIS HOLO RARE 3/111 PSA 9 Q0004,https://www.ebay.es/itm/277695167423,PriceCharting
Neo Genesis,Bellossom,3/111,Unlimited,PSA 10,2026-05-03,1659.94,USD,eBay,unknown,FALSE,,,BELLOSSOM POKEMON 3 2000 NEO GENESIS HOLO ENGLISH PSA 10,https://www.ebay.es/itm/137253156751,PriceCharting
Neo Genesis,Bellossom,3/111,Unlimited,PSA 10,2026-01-26,550.00,USD,eBay,best offer,TRUE,,,2000 Pokemon Unlimited Neo Genesis #3 Bellossom Holo PSA 10 Card GEM MINT! Pop56 #3,https://www.ebay.es/itm/177548604803,PriceCharting
Neo Genesis,Bellossom,3/111,Unlimited,PSA 10,2026-01-03,647.77,USD,eBay,unknown,FALSE,,,2000 Pokemon Unlimited Neo Genesis #3 Bellossom Holo PSA 10 Card GEM MINT! Pop56 #3,https://www.ebay.es/itm/157410478567,PriceCharting
Neo Genesis,Bellossom,3/111,Unlimited,PSA 10,2025-08-10,235.00,USD,eBay,unknown,FALSE,,,Pokemon Bellossom Neo Genesis Unlimited Holo Rare #3 PSA 10 Gem Mint,https://www.ebay.es/itm/286739114188,PriceCharting
Neo Genesis,Bellossom,3/111,Unlimited,PSA 10,2025-08-02,299.99,USD,eBay,unknown,FALSE,,,2000 BELLOSSOM HOLO RARE NEO GENESIS POKEMON PSA 10 GEM MINT #3/111 #3,https://www.ebay.es/itm/146732184622,PriceCharting
Neo Genesis,Bellossom,3/111,Unlimited,PSA 10,2025-07-14,290.00,USD,eBay,unknown,FALSE,,,Pokemon Bellossom Neo Genesis Unlimited Holo Rare #3 PSA 10 Gem Mint,https://www.ebay.es/itm/286690508865,PriceCharting
Neo Genesis,Bellossom,3/111,Unlimited,PSA 10,2025-07-13,307.00,USD,eBay,unknown,FALSE,,,Pokemon Bellossom Neo Genesis Unlimited Holo Rare #3 PSA 10 Gem Mint,https://www.ebay.es/itm/286690576781,PriceCharting
Neo Genesis,Bellossom,3/111,Unlimited,PSA 10,2025-03-09,200.00,USD,eBay,unknown,FALSE,,,2000 BELLOSSOM HOLO RARE NEO GENESIS POKEMON PSA 10 GEM MINT #3/111 #3,https://www.ebay.es/itm/388020026588,PriceCharting
Neo Genesis,Bellossom,3/111,Unlimited,PSA 10,2025-03-01,228.00,USD,eBay,unknown,FALSE,,,2000 BELLOSSOM HOLO RARE NEO GENESIS POKEMON PSA 10 GEM MINT #3/111 #3,https://www.ebay.es/itm/186503498990,PriceCharting
Neo Genesis,Bellossom,3/111,Unlimited,PSA 10,2024-12-13,160.00,USD,eBay,unknown,FALSE,,,PSA 10 Pokemon Bellossom 3/111 Neo Genesis Holo 3/111,https://www.ebay.es/itm/387714701965,PriceCharting
Neo Genesis,Bellossom,3/111,Unlimited,PSA 10,2024-11-22,180.00,USD,eBay,unknown,FALSE,,,2000 Pokémon Neo Genesis Bellossom-Holo #3 PSA 10 GEM MINT,https://www.ebay.es/itm/315704080408,PriceCharting
Neo Genesis,Bellossom,3/111,Unlimited,PSA 10,2024-10-21,175.00,USD,eBay,unknown,FALSE,,,2000 Pokemon Neo Genesis #3 Bellossom-Holo Unlimited PSA 10 GEM MINT #3,https://www.ebay.es/itm/167030568347,PriceCharting
Neo Genesis,Bellossom,3/111,Unlimited,PSA 10,2024-08-31,190.00,USD,eBay,unknown,FALSE,,,Pokemon Neo Genesis Bellossom 3/111 PSA 10 GEM MINT POP 53,https://www.ebay.es/itm/375588067106,PriceCharting
Neo Genesis,Bellossom,3/111,Unlimited,PSA 10,2024-06-27,234.50,USD,eBay,unknown,FALSE,,,2000 Pokemon Neo Genesis #3 Bellossom Holo PSA 10,https://www.ebay.es/itm/375494789954,PriceCharting
Neo Genesis,Bellossom,3/111,Unlimited,PSA 10,2024-04-12,194.17,USD,eBay,unknown,FALSE,,,2000 Pokemon Neo Genesis #3 Bellossom - Holo PSA 10 GEM MINT,https://www.ebay.es/itm/386906764909,PriceCharting
Neo Genesis,Bellossom,3/111,Unlimited,PSA 10,2024-04-12,182.50,USD,eBay,unknown,FALSE,,,2000 Pokemon Neo Genesis #3 Bellossom - Holo PSA 10 GEM MINT,https://www.ebay.es/itm/364825370420,PriceCharting
Neo Genesis,Bellossom,3/111,Unlimited,PSA 10,2024-03-10,203.86,USD,eBay,unknown,FALSE,,,Pokemon PSA 10 - Bellossom 1. Edition Neo Genesis 3/111 Gem Mint Holo,https://www.ebay.es/itm/166628533841,PriceCharting
Neo Genesis,Bellossom,3/111,Unlimited,PSA 10,2024-03-03,156.19,USD,eBay,unknown,FALSE,,,Pokemon Bellossom Neo Genesis Unlimited Holo Rare #3 PSA 10 Gem Mint,https://www.ebay.es/itm/285731573499,PriceCharting
Neo Genesis,Bellossom,3/111,Unlimited,PSA 10,2024-01-25,200.00,USD,eBay,unknown,FALSE,,,2000 Pokemon Neo Genesis #3 Bellossom Holo PSA 10 Gem Mint #3,https://www.ebay.es/itm/196196020472,PriceCharting
Neo Genesis,Bellossom,3/111,Unlimited,PSA 10,2023-12-27,249.99,USD,eBay,unknown,FALSE,,,2000 Pokemon Neo Genesis #3 Bellossom Holo PSA 10 Gem Mint #3,https://www.ebay.es/itm/134699554888,PriceCharting
Neo Genesis,Bellossom,3/111,Unlimited,PSA 10,2023-11-17,147.93,USD,eBay,unknown,FALSE,,,Pokemon Card PSA 10 Gem Mint Bellossom Neo Genesis 2000 Holo 3/111,https://www.ebay.es/itm/155879765945,PriceCharting
Neo Genesis,Feraligatr,4/111,1st Edition,PSA 8,2026-09-17,374.99,USD,eBay,unknown,FALSE,,,2000 POKEMON NEO GENESIS 1ST EDITION #4 FERALIGATR-HOLO PSA 8 NEW CERT #4,https://www.ebay.es/itm/307161049334,PriceCharting
Neo Genesis,Feraligatr,4/111,1st Edition,PSA 8,2026-09-13,360.00,USD,eBay,unknown,FALSE,,,Pokemon Feraligatr Holo Neo Genesis 1st Edition 4/111 PSA 8 4/111,https://www.ebay.es/itm/287565390047,PriceCharting
Neo Genesis,Feraligatr,4/111,1st Edition,PSA 8,2026-09-02,375.00,USD,eBay,unknown,FALSE,,,2000 POKEMON NEO GENESIS 1ST EDITION #4 FERALIGATR-HOLO PSA 8 #4,https://www.ebay.es/itm/307143827571,PriceCharting
Neo Genesis,Feraligatr,4/111,1st Edition,PSA 8,2026-09-01,315.00,USD,eBay,unknown,FALSE,,,2000 Pokemon Neo Genesis 1st Edition Feraligatr Holo #4/111 PSA 8,https://www.ebay.es/itm/128045228293,PriceCharting
Neo Genesis,Feraligatr,4/111,1st Edition,PSA 8,2026-08-24,331.00,USD,eBay,unknown,FALSE,,,Pokemon Feraligatr Holo Neo Genesis 1st Edition 4/111 PSA 8 4/111,https://www.ebay.es/itm/287524901259,PriceCharting
Neo Genesis,Feraligatr,4/111,1st Edition,PSA 8,2026-08-20,355.00,USD,eBay,unknown,FALSE,,,2000 POKEMON NEO GENESIS 1ST EDITION #4 FERALIGATR-HOLO PSA 8 #4,https://www.ebay.es/itm/298572736310,PriceCharting
Neo Genesis,Feraligatr,4/111,1st Edition,PSA 8,2026-08-15,349.99,USD,eBay,unknown,FALSE,,,Pokémon TCG Feraligatr 4/111 Neo Genesis 1st Edition Holo Rare WOTC | PSA 8 #4,https://www.ebay.es/itm/147498679271,PriceCharting
Neo Genesis,Feraligatr,4/111,1st Edition,PSA 8,2026-08-15,355.00,USD,eBay,unknown,FALSE,,,2000 POKEMON NEO GENESIS 1ST EDITION #4 FERALIGATR-HOLO PSA 8 #4,https://www.ebay.es/itm/117344018800,PriceCharting
Neo Genesis,Feraligatr,4/111,1st Edition,PSA 8,2026-08-12,350.00,USD,eBay,unknown,FALSE,,,2000 POKEMON NEO GENESIS ~ 1ST EDITION ~ #4 FERALIGATR HOLO PSA 8 #4,https://www.ebay.es/itm/188776983362,PriceCharting
Neo Genesis,Feraligatr,4/111,1st Edition,PSA 8,2026-08-10,350.00,USD,eBay,unknown,FALSE,,,2000 POKEMON NEO GENESIS 1ST EDITION #4 FERALIGATR-HOLO PSA 8 #4,https://www.ebay.es/itm/307096903415,PriceCharting
Neo Genesis,Feraligatr,4/111,1st Edition,PSA 8,2026-07-08,306.88,USD,eBay,unknown,FALSE,,,2000 Pokemon Neo Genesis 1st Edition Feraligatr Holo #4/111 PSA 8,https://www.ebay.es/itm/127953804423,PriceCharting
Neo Genesis,Feraligatr,4/111,1st Edition,PSA 8,2026-06-28,450.00,USD,eBay,unknown,FALSE,,,2000 POKEMON NEO GENESIS 1ST EDITION #4 FERALIGATR HOLO PSA 8 Newly Graded #4,https://www.ebay.es/itm/377300385988,PriceCharting
Neo Genesis,Feraligatr,4/111,1st Edition,PSA 8,2026-06-15,410.00,USD,eBay,unknown,FALSE,,,2000 POKEMON NEO GENESIS 1ST EDITION #4 FERALIGATR-HOLO PSA 8 #4,https://www.ebay.es/itm/306985058014,PriceCharting
Neo Genesis,Feraligatr,4/111,1st Edition,PSA 8,2026-05-31,375.00,USD,eBay,best offer,TRUE,375.00,,2000 POKEMON NEO GENESIS 1ST EDITION #4 FERALIGATR-HOLO PSA 8 #4,https://www.ebay.es/itm/198391419142,PriceCharting
Neo Genesis,Feraligatr,4/111,1st Edition,PSA 8,2026-05-25,416.00,USD,eBay,unknown,FALSE,,,2000 POKEMON NEO GENESIS 1ST EDITION #4 FERALIGATR-HOLO PSA 8 #4,https://www.ebay.es/itm/117197598268,PriceCharting
Neo Genesis,Feraligatr,4/111,1st Edition,PSA 8,2026-05-25,329.00,USD,eBay,unknown,FALSE,,,Pokemon Feraligatr Neo Genesis 1st Edition Holo Rare #4 PSA 8,https://www.ebay.es/itm/287331593194,PriceCharting
Neo Genesis,Feraligatr,4/111,1st Edition,PSA 8,2026-05-21,425.00,USD,eBay,best offer,TRUE,425.00,,2000 POKEMON NEO GENESIS 1ST EDITION #4 FERALIGATR-HOLO PSA 8 #4,https://www.ebay.es/itm/117195075813,PriceCharting
Neo Genesis,Feraligatr,4/111,1st Edition,PSA 8,2026-05-18,280.00,USD,eBay,unknown,FALSE,,,Pokemon 2000 Feraligatr 4/111 Holo 1st Edition Neo Genesis PSA 8 4/111,https://www.ebay.es/itm/406911807351,PriceCharting
Neo Genesis,Feraligatr,4/111,1st Edition,PSA 8,2026-04-19,300.00,USD,eBay,unknown,FALSE,,,2000 POKEMON NEO GENESIS 1ST EDITION #4 FERALIGATR-HOLO PSA 8 #4,https://www.ebay.es/itm/117128992357,PriceCharting
Neo Genesis,Feraligatr,4/111,1st Edition,PSA 8,2026-04-09,270.00,USD,eBay,best offer,TRUE,270.00,,PSA 8 2000 POKEMON NEO GENESIS 1ST EDITION #4 FERALIGATR-HOLO PSA 8 #4,https://www.ebay.es/itm/287256379123,PriceCharting
Neo Genesis,Feraligatr,4/111,1st Edition,PSA 8,2026-04-07,285.00,USD,eBay,best offer,TRUE,285.00,,2000 POKEMON NEO GENESIS 1ST ED #4 FERALIGATR-HOLO PSA 8 #4,https://www.ebay.es/itm/298129918789,PriceCharting
Neo Genesis,Feraligatr,4/111,1st Edition,PSA 9,2026-09-23,1000.95,USD,eBay,best offer,TRUE,,,2000 Feraligatr 4/111 Holo PSA 9 MINT⁠ Pokemon Neo Genesis 1st Edition,https://www.ebay.es/itm/287573608622,PriceCharting
Neo Genesis,Feraligatr,4/111,1st Edition,PSA 9,2026-09-17,1024.99,USD,eBay,unknown,FALSE,,,2000 POKEMON NEO GENESIS 1ST EDITION 4 FERALIGATR-HOLO PSA 9 4/111,https://www.ebay.es/itm/198641946865,PriceCharting
Neo Genesis,Feraligatr,4/111,1st Edition,PSA 9,2026-09-12,810.10,USD,eBay,unknown,FALSE,,,2000 POKEMON NEO GENESIS 1ST EDITION #4 FERALIGATR-HOLO 1ST EDITION PSA 9 #4,https://www.ebay.es/itm/307158157008,PriceCharting
Neo Genesis,Feraligatr,4/111,1st Edition,PSA 9,2026-09-04,879.99,USD,eBay,unknown,FALSE,,,2000 POKEMON NEO GENESIS 1ST EDITION 4 FERALIGATR-HOLO PSA 9 4/111,https://www.ebay.es/itm/198566750809,PriceCharting
Neo Genesis,Feraligatr,4/111,1st Edition,PSA 9,2026-08-17,775.00,USD,eBay,unknown,FALSE,,,Pokemon Feraligatr Holo Neo Genesis 1st Edition 4/111 PSA 9 Mint 4/111,https://www.ebay.es/itm/287511103191,PriceCharting
Neo Genesis,Feraligatr,4/111,1st Edition,PSA 9,2026-07-16,850.00,USD,eBay,unknown,FALSE,,,2000 POKEMON NEO GENESIS 1ST EDITION #4 FERALIGATR-HOLO PSA 9 #4,https://www.ebay.es/itm/298491559627,PriceCharting
Neo Genesis,Feraligatr,4/111,1st Edition,PSA 9,2026-07-04,776.52,USD,eBay,unknown,FALSE,,,2000 POKEMON NEO GENESIS 1ST EDITION #4 FERALIGATR-HOLO PSA 9 #4,https://www.ebay.es/itm/127936366900,PriceCharting
Neo Genesis,Feraligatr,4/111,1st Edition,PSA 9,2026-07-04,630.00,USD,eBay,unknown,FALSE,,,Pokemon Neo Genesis Feraligatr Holo Rare Card 4/111 First Edition PSA 9 #4,https://www.ebay.es/itm/358717704081,PriceCharting
Neo Genesis,Feraligatr,4/111,1st Edition,PSA 9,2026-06-22,850.00,USD,eBay,unknown,FALSE,,,Pokemon Neo Genesis Feraligatr Holo Rare Card 4/111 First Edition PSA 9 #4,https://www.ebay.es/itm/358672391342,PriceCharting
Neo Genesis,Feraligatr,4/111,1st Edition,PSA 9,2026-06-22,793.91,USD,eBay,unknown,FALSE,,,Feraligatr 4/111 PSA 9 1st Edition Neo Genesis Pokemon 4/111,https://www.ebay.es/itm/168433152159,PriceCharting
Neo Genesis,Feraligatr,4/111,1st Edition,PSA 9,2026-06-22,866.69,USD,eBay,unknown,FALSE,,,2000 POKEMON NEO GENESIS 1ST EDITION #4 FERALIGATR-HOLO PSA 9 #4,https://www.ebay.es/itm/298393426382,PriceCharting
Neo Genesis,Feraligatr,4/111,1st Edition,PSA 9,2026-05-23,759.00,USD,eBay,unknown,FALSE,,,2000 Pokemon Neo Genesis 1st Edition Feraligatr Holo #4/111 PSA 9 4/111,https://www.ebay.es/itm/178123504677,PriceCharting
Neo Genesis,Feraligatr,4/111,1st Edition,PSA 9,2026-05-10,580.00,USD,eBay,unknown,FALSE,,,The Pokémon Company 2000 Pokémon Neo Genesis 1st Ed Holo Feraligatr 4/111 PSA 9 4/111,https://www.ebay.es/itm/389997147031,PriceCharting
Neo Genesis,Feraligatr,4/111,1st Edition,PSA 9,2026-04-28,720.00,USD,eBay,unknown,FALSE,,,2000 Pokemon Neo Genesis 1st Edition Feraligatr Holo #4/111 PSA 9,https://www.ebay.es/itm/377134135546,PriceCharting
Neo Genesis,Feraligatr,4/111,1st Edition,PSA 9,2026-04-11,525.00,USD,eBay,best offer,TRUE,,,Pokémon TCG Feraligatr Neo Genesis Holo 1st Edition Rare Card 4/111 PSA 9 MINT 4/111,https://www.ebay.es/itm/188236771177,PriceCharting
Neo Genesis,Feraligatr,4/111,1st Edition,PSA 9,2026-04-06,575.00,USD,eBay,best offer,TRUE,575.00,,Pokemon 1st Edition Feraligatr 4/111 - PSA 9 MINT - Neo Genesis Holo *New Cert 4/111,https://www.ebay.es/itm/157796386929,PriceCharting
Neo Genesis,Feraligatr,4/111,1st Edition,PSA 9,2026-03-27,549.92,USD,eBay,best offer,TRUE,,,Feraligatr 1st Edition 4/111 - Neo Genesis *PSA 9 - MINT* Holo Rare Pokemon Card 4/111,https://www.ebay.es/itm/257398235157,PriceCharting
Neo Genesis,Feraligatr,4/111,1st Edition,PSA 10,2026-09-16,11000.00,USD,eBay,unknown,FALSE,,,2000 POKEMON NEO GENESIS 1ST EDITION #4 FERALIGATR-HOLO PSA 10 #4,https://www.ebay.es/itm/298322459103,PriceCharting
Neo Genesis,Feraligatr,4/111,1st Edition,PSA 10,2026-09-12,9999.99,USD,eBay,unknown,FALSE,,,PSA 10 GEM MINT Feraligatr 4/111 HOLO RARE Neo Genesis 1ST EDITION Pokemon Card,https://www.ebay.es/itm/318673118120,PriceCharting
Neo Genesis,Feraligatr,4/111,1st Edition,PSA 10,2026-06-12,6500.00,USD,eBay,unknown,FALSE,,,2000 POKEMON NEO GENESIS 1ST EDITION #4 FERALIGATR-HOLO PSA 10 POP 104 NICE CERT #4,https://www.ebay.es/itm/366456603429,PriceCharting
Neo Genesis,Feraligatr,4/111,1st Edition,PSA 10,2026-04-29,6300.00,USD,eBay,unknown,FALSE,,,Pokemon Feraligatr Neo Genesis 1st Edition Holo Rare #4 PSA 10 Gem Mint,https://www.ebay.es/itm/287265005392,PriceCharting
Neo Genesis,Feraligatr,4/111,1st Edition,PSA 10,2026-04-19,9500.00,USD,eBay,unknown,FALSE,,,2000 POKEMON NEO GENESIS 1ST ED #4 FERALIGATR-HOLO PSA 10 #4,https://www.ebay.es/itm/298095700257,PriceCharting
Neo Genesis,Feraligatr,4/111,1st Edition,PSA 10,2026-03-22,5976.10,USD,eBay,unknown,FALSE,,,2000 POKEMON NEO GENESIS 1ST EDITION #4/111 FERALIGATR HOLO RARE PSA 10 4/111,https://www.ebay.es/itm/206136283412,PriceCharting
Neo Genesis,Feraligatr,4/111,1st Edition,PSA 10,2026-03-16,7000.00,USD,eBay,unknown,FALSE,,,Pokemon Feraligatr Neo Genesis 1st Edition Holo Rare #4 PSA 10 Gem Mint,https://www.ebay.es/itm/287182385594,PriceCharting
Neo Genesis,Feraligatr,4/111,1st Edition,PSA 10,2026-01-25,4151.99,USD,eBay,unknown,FALSE,,,Pokemon Feraligatr Neo Genesis 1st Edition Holo Rare #4 PSA 10 Gem Mint,https://www.ebay.es/itm/287077597559,PriceCharting
Neo Genesis,Feraligatr,4/111,1st Edition,PSA 10,2025-06-14,1177.51,USD,eBay,unknown,FALSE,,,2000 POKEMON NEO GENESIS 1ST EDITION #4 FERALIGATR-HOLO 1ST EDITION - PSA 10 #4,https://www.ebay.es/itm/316985182879,PriceCharting
Neo Genesis,Feraligatr,4/111,1st Edition,PSA 10,2025-04-18,1200.00,USD,eBay,unknown,FALSE,,,Pokemon Feraligatr Neo Genesis 1st Edition Holo Rare #4 PSA 10 Gem Mint,https://www.ebay.es/itm/286167109943,PriceCharting
Neo Genesis,Feraligatr,4/111,1st Edition,PSA 10,2025-03-12,1200.00,USD,eBay,unknown,FALSE,,,Pokemon Feraligatr Neo Genesis 1st Edition Holo Rare #4 PSA 10 Gem Mint #4,https://www.ebay.es/itm/316472257179,PriceCharting
Neo Genesis,Feraligatr,4/111,1st Edition,PSA 10,2025-02-24,1079.00,USD,eBay,unknown,FALSE,,,Pokemon Feraligatr Neo Genesis 1st Edition Holo Rare #4 PSA 10 Gem Mint,https://www.ebay.es/itm/286330316679,PriceCharting
Neo Genesis,Feraligatr,4/111,1st Edition,PSA 10,2024-10-09,1299.95,USD,eBay,unknown,FALSE,,,PSA 10 Gem Mint Feraligatr 1st Edition Holo 4/111 Neo Genesis Pokemon Card,https://www.ebay.es/itm/255879694040,PriceCharting
Neo Genesis,Feraligatr,4/111,1st Edition,PSA 10,2024-09-30,1399.99,USD,eBay,unknown,FALSE,,,Pokemon PSA 10 1st Edition Feraligatr Holo - 4/111 Neo Genesis GEM MINT 4/111,https://www.ebay.es/itm/335416591269,PriceCharting
Neo Genesis,Feraligatr,4/111,1st Edition,PSA 10,2024-09-15,1332.00,USD,eBay,unknown,FALSE,,,Pokemon Feraligatr Neo Genesis 1st Edition Holo Rare #4 PSA 10 Gem Mint,https://www.ebay.es/itm/286047445031,PriceCharting
Neo Genesis,Feraligatr,4/111,1st Edition,PSA 10,2024-05-27,1500.00,USD,eBay,unknown,FALSE,,,2000 Pokemon Neo Genesis 1st Edition Holo Feraligatr #4 PSA 10 #4,https://www.ebay.es/itm/256476746283,PriceCharting
Neo Genesis,Feraligatr,4/111,1st Edition,PSA 10,2024-01-26,1025.00,USD,eBay,unknown,FALSE,,,PSA 10 Gem Mint Feraligatr 1st Edition Holo 4/111 Neo Genesis Pokemon Card,https://www.ebay.es/itm/176190555521,PriceCharting
Neo Genesis,Feraligatr,4/111,1st Edition,PSA 10,2023-11-20,1099.99,USD,eBay,unknown,FALSE,,,2000 PSA 10 1st Edition Feraligatr Holo Rare Neo Genesis 4 Pokemon TCG Card #4,https://www.ebay.es/itm/335113483031,PriceCharting
Neo Genesis,Feraligatr,4/111,Unlimited,PSA 8,2026-09-18,180.00,USD,eBay,unknown,FALSE,,,PSA 8 Feraligatr 4/111 Neo Genesis Holo Rare 2000 Pokemon TCG English 4/111,https://www.ebay.es/itm/820092721597,PriceCharting
Neo Genesis,Feraligatr,4/111,Unlimited,PSA 8,2026-08-11,180.00,USD,eBay,best offer,TRUE,180.00,,2000 Pokemon Neo Genesis #4 Feraligatr Holo PSA 8 NM-MT,https://www.ebay.es/itm/267749721935,PriceCharting
Neo Genesis,Feraligatr,4/111,Unlimited,PSA 8,2026-08-04,180.00,USD,eBay,unknown,FALSE,,,2000 Pokemon Neo Genesis #4 Feraligatr Holo PSA 8 NM-MT,https://www.ebay.es/itm/800418183524,PriceCharting
Neo Genesis,Feraligatr,4/111,Unlimited,PSA 8,2026-07-30,143.50,USD,eBay,unknown,FALSE,,,2000 POKEMON NEO GENESIS #4 FERALIGATR-HOLO PSA 8 #4,https://www.ebay.es/itm/117314768916,PriceCharting
Neo Genesis,Feraligatr,4/111,Unlimited,PSA 8,2026-07-30,140.00,USD,eBay,unknown,FALSE,,,2000 POKEMON NEO GENESIS #4 FERALIGATR-HOLO PSA 8 #4,https://www.ebay.es/itm/236956638279,PriceCharting
Neo Genesis,Feraligatr,4/111,Unlimited,PSA 8,2026-07-27,192.50,USD,eBay,unknown,FALSE,,,2000 POKEMON NEO GENESIS #4 FERALIGATR-HOLO PSA 8 #4,https://www.ebay.es/itm/117304084421,PriceCharting
Neo Genesis,Feraligatr,4/111,Unlimited,PSA 8,2026-07-26,200.00,USD,eBay,best offer,TRUE,200.00,,2000 Pokemon Neo Genesis Feraligatr Holo #4 PSA 8 NM-MT 4/111,https://www.ebay.es/itm/298491097737,PriceCharting
Neo Genesis,Feraligatr,4/111,Unlimited,PSA 8,2026-07-18,190.00,USD,eBay,unknown,FALSE,,,Pokemon TCG Feraligatr 4/111 Neo Genesis Holo Rare PSA 8 2000 EN 4/111,https://www.ebay.es/itm/336688920970,PriceCharting
Neo Genesis,Feraligatr,4/111,Unlimited,PSA 8,2026-06-28,189.49,USD,eBay,unknown,FALSE,,,Pokémon TCG Feraligatr Neo Genesis Holo PSA 8 English #4 4/111,https://www.ebay.es/itm/127934289181,PriceCharting
Neo Genesis,Feraligatr,4/111,Unlimited,PSA 8,2026-06-14,280.00,USD,eBay,unknown,FALSE,,,2000 POKEMON NEO GENESIS #4 FERALIGATR-HOLO PSA 8 #4,https://www.ebay.es/itm/800138891230,PriceCharting
Neo Genesis,Feraligatr,4/111,Unlimited,PSA 8,2026-06-12,170.00,USD,eBay,best offer,TRUE,,,Pokémon Neo Genesis Feraligatr Holo Rare PSA 8 4/111 2000 Card 4/111,https://www.ebay.es/itm/306930209084,PriceCharting
Neo Genesis,Feraligatr,4/111,Unlimited,PSA 8,2026-06-09,199.99,USD,eBay,unknown,FALSE,,,Pokémon Neo Genesis Feraligatr Holo Rare PSA 8 4/111 2000 Card 4/111,https://www.ebay.es/itm/327181681990,PriceCharting
Neo Genesis,Feraligatr,4/111,Unlimited,PSA 8,2026-06-07,275.00,USD,eBay,best offer,TRUE,275.00,,2000 POKEMON NEO GENESIS #4 FERALIGATR-HOLO PSA 8 #4,https://www.ebay.es/itm/389958617156,PriceCharting
Neo Genesis,Feraligatr,4/111,Unlimited,PSA 8,2026-05-16,207.50,USD,eBay,unknown,FALSE,,,Pokémon TCG Feraligatr Neo Genesis Holo PSA 8 English #4 4/111,https://www.ebay.es/itm/397929484856,PriceCharting
Neo Genesis,Feraligatr,4/111,Unlimited,PSA 8,2026-04-29,202.49,USD,eBay,unknown,FALSE,,,2000 Pokemon Neo Genesis Holo Feraligatr #4 PSA 8 #4,https://www.ebay.es/itm/178084018382,PriceCharting
Neo Genesis,Feraligatr,4/111,Unlimited,PSA 8,2026-04-14,190.00,USD,eBay,best offer,TRUE,,,Feraligatr PSA 8 Pokemon WOTC 2000 Neo Genesis 4/111 Holo Swirl 4/111,https://www.ebay.es/itm/188215873882,PriceCharting
Neo Genesis,Feraligatr,4/111,Unlimited,PSA 8,2026-04-11,110.00,USD,eBay,best offer,TRUE,,,Pokémon TCG Feraligatr 4/111 Neo Genesis Holo Rare PSA 8 2000 English Card 4/111,https://www.ebay.es/itm/137119359640,PriceCharting
Neo Genesis,Feraligatr,4/111,Unlimited,PSA 8,2026-03-25,125.50,USD,eBay,best offer,TRUE,125.50,,2000 Pokemon Feraligatr 4/111 Neo Genesis Rare Holo PSA 8 NM-MINT 4/111,https://www.ebay.es/itm/267587186540,PriceCharting
Neo Genesis,Feraligatr,4/111,Unlimited,PSA 8,2026-03-18,120.00,USD,eBay,unknown,FALSE,,,2000 Pokemon Feraligatr Neo Genesis PSA 8 #4 SWIRL #4,https://www.ebay.es/itm/397693941413,PriceCharting
Neo Genesis,Feraligatr,4/111,Unlimited,PSA 9,2026-09-20,449.99,USD,eBay,unknown,FALSE,,,2000 Pokemon Neo Genesis #4 Feraligatr Holo PSA 9 MINT #4,https://www.ebay.es/itm/227447483884,PriceCharting
Neo Genesis,Feraligatr,4/111,Unlimited,PSA 9,2026-09-02,340.00,USD,eBay,unknown,FALSE,,,2000 POKEMON NEO GENESIS #4 FERALIGATR-HOLO PSA 9 #4,https://www.ebay.es/itm/307157872763,PriceCharting
Neo Genesis,Feraligatr,4/111,Unlimited,PSA 9,2026-07-17,265.00,USD,eBay,unknown,FALSE,,,2000 Pokemon Neo Genesis #4 Feraligatr Holo PSA 9 MINT,https://www.ebay.es/itm/366533102508,PriceCharting
Neo Genesis,Feraligatr,4/111,Unlimited,PSA 9,2026-05-28,499.00,USD,eBay,unknown,FALSE,,,PSA 9 MINT Feraligatr 4/111 HOLO RARE Unlimited Neo Genesis Pokemon Card 4/111,https://www.ebay.es/itm/306949615133,PriceCharting
Neo Genesis,Feraligatr,4/111,Unlimited,PSA 9,2026-04-26,256.07,USD,eBay,best offer,TRUE,,,2000 POKEMON NEO GENESIS #4 FERALIGATR-HOLO PSA 9 #4,https://www.ebay.es/itm/397863039240,PriceCharting
Neo Genesis,Feraligatr,4/111,Unlimited,PSA 9,2026-04-15,239.99,USD,eBay,unknown,FALSE,,,2000 POKEMON NEO GENESIS #4 FERALIGATR-HOLO PSA 9 #4,https://www.ebay.es/itm/298194161415,PriceCharting
Neo Genesis,Feraligatr,4/111,Unlimited,PSA 9,2026-04-01,332.63,USD,eBay,best offer,TRUE,,,Pokemon TCG Feraligatr 4/111 PM NEO GENESIS HOLO PSA 9 MINT,https://www.ebay.es/itm/177960589813,PriceCharting
Neo Genesis,Feraligatr,4/111,Unlimited,PSA 9,2026-02-05,200.00,USD,eBay,unknown,FALSE,,,2000 FERALIGATR HOLO RARE NEO GENESIS POKEMON TCG PSA 9 MINT #4/111 4/111,https://www.ebay.es/itm/157514485539,PriceCharting
Neo Genesis,Feraligatr,4/111,Unlimited,PSA 9,2026-02-01,233.50,USD,eBay,unknown,FALSE,,,Pokemon Feraligatr Holo 4/111 Neo Genesis PSA 9 Mint 4/111,https://www.ebay.es/itm/366150183267,PriceCharting
Neo Genesis,Feraligatr,4/111,Unlimited,PSA 9,2026-01-23,257.60,USD,eBay,unknown,FALSE,,,Pokemon Neo Genesis Unlimited Feraligatr PSA 9 Holo (1750) 4/111,https://www.ebay.es/itm/224818828669,PriceCharting
Neo Genesis,Feraligatr,4/111,Unlimited,PSA 9,2026-01-17,239.99,USD,eBay,unknown,FALSE,,,Pokemon Feraligatr Holo 4/111 Neo Genesis PSA 9 Mint 4/111,https://www.ebay.es/itm/265340555121,PriceCharting
Neo Genesis,Feraligatr,4/111,Unlimited,PSA 9,2025-12-29,215.00,USD,eBay,best offer,TRUE,,,2000 FERALIGATR HOLO RARE NEO GENESIS POKEMON TCG PSA 9 MINT #4/111 4/111,https://www.ebay.es/itm/127488877793,PriceCharting
Neo Genesis,Feraligatr,4/111,Unlimited,PSA 9,2025-11-30,257.60,USD,eBay,unknown,FALSE,,,Pokemon Neo Genesis Unlimited Feraligatr PSA 9 Holo (1751) 4/111,https://www.ebay.es/itm/224818828685,PriceCharting
Neo Genesis,Feraligatr,4/111,Unlimited,PSA 9,2025-11-29,165.00,USD,eBay,best offer,TRUE,165.00,,Feraligatr 4/111 Neo Genesis Holo Pokemon PSA 9 4/111,https://www.ebay.es/itm/205703495287,PriceCharting
Neo Genesis,Feraligatr,4/111,Unlimited,PSA 9,2025-11-12,225.00,USD,eBay,best offer,TRUE,225.00,,2000 FERALIGATR HOLO RARE NEO GENESIS POKEMON TCG PSA 9 MINT #4/111 4/111,https://www.ebay.es/itm/127437373557,PriceCharting
Neo Genesis,Feraligatr,4/111,Unlimited,PSA 9,2025-10-26,167.50,USD,eBay,unknown,FALSE,,,Pokemon Feraligatr Neo Genesis Unlimited Holo Rare #4 PSA 9 Mint,https://www.ebay.es/itm/286882766743,PriceCharting
Neo Genesis,Feraligatr,4/111,Unlimited,PSA 9,2025-10-17,175.00,USD,eBay,unknown,FALSE,,,2000 Pokemon Neo Genesis Holo Feraligatr #4 PSA 9 #4,https://www.ebay.es/itm/136449882874,PriceCharting
Neo Genesis,Feraligatr,4/111,Unlimited,PSA 9,2025-10-17,200.00,USD,eBay,best offer,TRUE,200.00,,2000 FERALIGATR HOLO RARE NEO GENESIS POKEMON TCG PSA 9 MINT #4/111 4/111,https://www.ebay.es/itm/127337206252,PriceCharting
Neo Genesis,Feraligatr,4/111,Unlimited,PSA 9,2025-10-02,199.98,USD,eBay,unknown,FALSE,,,✨ PSA 9 MINT ✨ 2000 Pokémon Neo Genesis #4 Feraligatr Holo RARE VINTAGE 4/111,https://www.ebay.es/itm/236277472623,PriceCharting
Neo Genesis,Feraligatr,4/111,Unlimited,PSA 9,2025-08-20,200.00,USD,eBay,unknown,FALSE,,,FERALIGATR #4 PSA 9! Graded MINT Holo Neo Genesis Pokémon Card (2000) 4/111,https://www.ebay.es/itm/157189857730,PriceCharting
Neo Genesis,Feraligatr,4/111,Unlimited,PSA 9,2025-06-28,200.00,USD,eBay,unknown,FALSE,,,Pokemon Feraligatr Holo 4/111 Unlimited Neo Genesis PSA 9 Mint 4/111,https://www.ebay.es/itm/256988130645,PriceCharting
Neo Genesis,Feraligatr,4/111,Unlimited,PSA 10,2026-08-07,2805.00,USD,eBay,unknown,FALSE,,,2000 POKEMON NEO GENESIS #4 FERALIGATR-HOLO PSA 10 #4,https://www.ebay.es/itm/117328403840,PriceCharting
Neo Genesis,Feraligatr,4/111,Unlimited,PSA 10,2026-07-22,3750.00,USD,eBay,unknown,FALSE,,,2000 POKEMON NEO GENESIS #4 FERALIGATR-HOLO PSA 10 #4,https://www.ebay.es/itm/307061968552,PriceCharting
Neo Genesis,Feraligatr,4/111,Unlimited,PSA 10,2024-07-08,350.00,USD,eBay,unknown,FALSE,,,PSA 10 Feraligatr Pokemon Neo Genesis Holo 4 2000 GEM MINT #4,https://www.ebay.es/itm/305641900939,PriceCharting
Neo Genesis,Feraligatr,4/111,Unlimited,PSA 10,2024-04-12,456.00,USD,eBay,unknown,FALSE,,,2000 Pokemon Neo Genesis #4 Feraligatr - Holo PSA 10 GEM MINT,https://www.ebay.es/itm/375351978040,PriceCharting
Neo Genesis,Feraligatr,5/111,1st Edition,PSA 8,2026-09-28,526.88,USD,eBay,unknown,FALSE,,,2000 POKEMON NEO GENESIS 1ST EDITION #5 FERALIGATR-HOLO PSA 8 #5,https://www.ebay.es/itm/117420379235,PriceCharting
Neo Genesis,Feraligatr,5/111,1st Edition,PSA 8,2026-09-27,560.00,USD,eBay,unknown,FALSE,,,Pokemon Feraligatr Holo Neo Genesis 1st Edition 5/111 PSA 8 5/111,https://www.ebay.es/itm/287594620777,PriceCharting
Neo Genesis,Feraligatr,5/111,1st Edition,PSA 8,2026-09-26,485.00,USD,eBay,best offer,TRUE,485.00,,Pokemon 2000 Feraligatr 5/111 Holo 1st Edition Neo Genesis PSA 8 5/111,https://www.ebay.es/itm/188897329955,PriceCharting
Neo Genesis,Feraligatr,5/111,1st Edition,PSA 8,2026-09-25,534.99,USD,eBay,unknown,FALSE,,,2000 POKEMON NEO GENESIS 1ST EDITION 5 FERALIGATR-HOLO PSA 8 #5,https://www.ebay.es/itm/198665405512,PriceCharting
Neo Genesis,Feraligatr,5/111,1st Edition,PSA 8,2026-09-25,499.99,USD,eBay,unknown,FALSE,,,2000 POKEMON NEO GENESIS 1ST EDITION 5 FERALIGATR-HOLO PSA 8 #5,https://www.ebay.es/itm/198568447836,PriceCharting
Neo Genesis,Feraligatr,5/111,1st Edition,PSA 8,2026-09-25,540.00,USD,eBay,unknown,FALSE,,,2000 POKEMON NEO GENESIS 1ST EDITION #5 FERALIGATR-HOLO PSA 8 #5,https://www.ebay.es/itm/307182802566,PriceCharting
Neo Genesis,Feraligatr,5/111,1st Edition,PSA 8,2026-09-21,500.00,USD,eBay,best offer,TRUE,,,2000 Pokemon Neo Genesis 1st Edition Feraligatr #5 Holo - PSA 8 #5,https://www.ebay.es/itm/800320979856,PriceCharting
Neo Genesis,Feraligatr,5/111,1st Edition,PSA 8,2026-09-11,465.00,USD,eBay,unknown,FALSE,,,2000 POKEMON NEO GENESIS 1ST EDITION #5 FERALIGATR-HOLO PSA 8,https://www.ebay.es/itm/307159393682,PriceCharting
Neo Genesis,Feraligatr,5/111,1st Edition,PSA 8,2026-08-31,460.00,USD,eBay,unknown,FALSE,,,2000 POKEMON NEO GENESIS 1ST EDITION #5 FERALIGATR-HOLO PSA 8 #5,https://www.ebay.es/itm/307141024614,PriceCharting
Neo Genesis,Feraligatr,5/111,1st Edition,PSA 8,2026-08-24,515.00,USD,eBay,unknown,FALSE,,,Pokemon 2000 Feraligatr 5/111 Holo 1st Edition Neo Genesis PSA 8 5/111,https://www.ebay.es/itm/407143114153,PriceCharting
Neo Genesis,Feraligatr,5/111,1st Edition,PSA 8,2026-08-13,485.00,USD,eBay,unknown,FALSE,,,2000 POKEMON FERALIGATR-HOLO 1ST EDITION NEO GENESIS #5 PSA 8 #5,https://www.ebay.es/itm/800468524480,PriceCharting
Neo Genesis,Feraligatr,5/111,1st Edition,PSA 8,2026-07-26,450.01,USD,eBay,unknown,FALSE,,,Pokemon Feraligatr Holo Neo Genesis 1st Edition 5/111 PSA 8 5/111,https://www.ebay.es/itm/287468641060,PriceCharting
Neo Genesis,Feraligatr,5/111,1st Edition,PSA 8,2026-07-09,600.00,USD,eBay,unknown,FALSE,,,2000 POKEMON NEO GENESIS 1ST EDITION #5 FERALIGATR-HOLO PSA 8 #5,https://www.ebay.es/itm/307050747182,PriceCharting
Neo Genesis,Feraligatr,5/111,1st Edition,PSA 8,2026-06-26,560.00,USD,eBay,unknown,FALSE,,,2000 Pokemon NEO GENESIS 1ST Edition #5 FERALIGATR- Holo NM-MT PSA 8 05/111 5/111,https://www.ebay.es/itm/147386234367,PriceCharting
Neo Genesis,Feraligatr,5/111,1st Edition,PSA 8,2026-06-25,228.84,USD,eBay,unknown,FALSE,,,SWIRL 2000 POKEMON NEO GENESIS 1ST EDITION #5 FERALIGATR-HOLO PSA 8 #5,https://www.ebay.es/itm/127941582617,PriceCharting
Neo Genesis,Feraligatr,5/111,1st Edition,PSA 8,2026-06-22,640.00,USD,eBay,unknown,FALSE,,,2000 POKEMON NEO GENESIS 1ST EDITION #5 FERALIGATR-HOLO PSA 8 #5,https://www.ebay.es/itm/117236296662,PriceCharting
Neo Genesis,Feraligatr,5/111,1st Edition,PSA 8,2026-06-13,306.99,USD,eBay,unknown,FALSE,,,2000 Pokemon Neo Genesis 1st Edition Feraligatr Holo 5/111 PSA 8 5/111,https://www.ebay.es/itm/168434353493,PriceCharting
Neo Genesis,Feraligatr,5/111,1st Edition,PSA 8,2026-06-11,599.99,USD,eBay,unknown,FALSE,,,2000 POKEMON NEO GENESIS 1ST EDITION #5 FERALIGATR-HOLO PSA 8 #5,https://www.ebay.es/itm/117209821488,PriceCharting
Neo Genesis,Feraligatr,5/111,1st Edition,PSA 9,2026-09-27,2500.00,USD,eBay,unknown,FALSE,,,2000 POKEMON NEO GENESIS 1ST EDITION #5 FERALIGATR-HOLO PSA 9 #5,https://www.ebay.es/itm/117434278213,PriceCharting
Neo Genesis,Feraligatr,5/111,1st Edition,PSA 9,2026-09-27,1999.99,USD,eBay,unknown,FALSE,,,2000 POKEMON NEO GENESIS 1ST EDITION #5 FERALIGATR-HOLO PSA 9 #5,https://www.ebay.es/itm/298636185959,PriceCharting
Neo Genesis,Feraligatr,5/111,1st Edition,PSA 9,2026-09-23,1700.00,USD,eBay,unknown,FALSE,,,2000 POKEMON NEO GENESIS 1ST EDITION #5 FERALIGATR-HOLO PSA 9 5/111,https://www.ebay.es/itm/318905994383,PriceCharting
Neo Genesis,Feraligatr,5/111,1st Edition,PSA 9,2026-09-13,1676.00,USD,eBay,unknown,FALSE,,,Pokemon Feraligatr Holo Neo Genesis 1st Edition 5/111 PSA 9 Mint 5/111,https://www.ebay.es/itm/287565390072,PriceCharting
Neo Genesis,Feraligatr,5/111,1st Edition,PSA 9,2026-09-02,1023.00,USD,eBay,unknown,FALSE,,,2000 Pokemon Neo Genesis Feraligatr #5 1st Edition PSA 9 5/111,https://www.ebay.es/itm/137684824114,PriceCharting
Neo Genesis,Feraligatr,5/111,1st Edition,PSA 9,2026-08-31,1175.00,USD,eBay,unknown,FALSE,,,2000 Pokemon Neo Genesis Feraligatr 1st Edition Holo #5 - PSA 9 - MINT #5,https://www.ebay.es/itm/178432905702,PriceCharting
Neo Genesis,Feraligatr,5/111,1st Edition,PSA 9,2026-08-30,1180.00,USD,eBay,unknown,FALSE,,,Pokemon Feraligatr Holo Neo Genesis 1st Edition 5/111 PSA 9 Mint 5/111,https://www.ebay.es/itm/287538711735,PriceCharting
Neo Genesis,Feraligatr,5/111,1st Edition,PSA 9,2026-08-30,1179.95,USD,eBay,unknown,FALSE,,,2000 POKEMON NEO GENESIS 1ST EDITION #5 FERALIGATR-HOLO PSA 9 #5,https://www.ebay.es/itm/298575684658,PriceCharting
Neo Genesis,Feraligatr,5/111,1st Edition,PSA 9,2026-08-17,1020.00,USD,eBay,best offer,TRUE,1020.00,,2000 POKEMON NEO GENESIS 1ST EDITION #5 FERALIGATR-HOLO PSA 9 #5,https://www.ebay.es/itm/307121527241,PriceCharting
Neo Genesis,Feraligatr,5/111,1st Edition,PSA 9,2026-08-17,1075.00,USD,eBay,unknown,FALSE,,,Pokemon Feraligatr Holo Neo Genesis 1st Edition 5/111 PSA 9 Mint 5/111,https://www.ebay.es/itm/287511103181,PriceCharting
Neo Genesis,Feraligatr,5/111,1st Edition,PSA 9,2026-08-16,1026.00,USD,eBay,unknown,FALSE,,,Pokemon Feraligatr Holo Neo Genesis 1st Edition 5/111 PSA 9 Mint 5/111,https://www.ebay.es/itm/287511095797,PriceCharting
Neo Genesis,Feraligatr,5/111,1st Edition,PSA 9,2026-08-10,1000.00,USD,eBay,best offer,TRUE,,,Pokémon Neo Genesis 1st Edition Holo Rare Feraligatr 5/111 PSA 9 5/111,https://www.ebay.es/itm/158157644877,PriceCharting
Neo Genesis,Feraligatr,5/111,1st Edition,PSA 9,2026-08-05,1000.00,USD,eBay,best offer,TRUE,1000.00,,2000 POKEMON NEO GENESIS 1ST EDITION #5 FERALIGATR-HOLO PSA 9 SWIRL #5,https://www.ebay.es/itm/358809763200,PriceCharting
Neo Genesis,Feraligatr,5/111,1st Edition,PSA 9,2026-08-02,918.00,USD,eBay,unknown,FALSE,,,Pokemon Feraligatr Holo Neo Genesis 1st Edition 5/111 PSA 9 Mint 5/111,https://www.ebay.es/itm/287485569370,PriceCharting
Neo Genesis,Feraligatr,5/111,1st Edition,PSA 9,2026-07-31,1030.00,USD,eBay,unknown,FALSE,,,2000 POKEMON NEO GENESIS 1ST EDITION #5 FERALIGATR-HOLO PSA 9 #5,https://www.ebay.es/itm/307079577285,PriceCharting
Neo Genesis,Feraligatr,5/111,1st Edition,PSA 9,2026-07-27,909.00,USD,eBay,unknown,FALSE,,,Pokemon Feraligatr Holo Neo Genesis 1st Edition 5/111 PSA 9 Mint 5/111,https://www.ebay.es/itm/287468639528,PriceCharting
Neo Genesis,Feraligatr,5/111,1st Edition,PSA 9,2026-07-15,847.00,USD,eBay,best offer,TRUE,,,2000 Pokemon Neo Genesis 1st Edition Feraligatr Holo #5/111 PSA 9,https://www.ebay.es/itm/117284905839,PriceCharting
Neo Genesis,Feraligatr,5/111,1st Edition,PSA 9,2026-06-22,1125.00,USD,eBay,unknown,FALSE,,,2000 POKEMON NEO GENESIS 1ST EDITION #5 FERALIGATR-HOLO PSA 9 #5,https://www.ebay.es/itm/117252172430,PriceCharting
Neo Genesis,Feraligatr,5/111,1st Edition,PSA 9,2026-06-22,1050.00,USD,eBay,unknown,FALSE,,,Pokemon Feraligatr Neo Genesis 1st Edition Holo Rare #5 PSA 9 Mint #5,https://www.ebay.es/itm/206204079790,PriceCharting
Neo Genesis,Feraligatr,5/111,1st Edition,PSA 9,2026-06-18,900.00,USD,eBay,best offer,TRUE,900.00,,2000 POKEMON NEO GENESIS 1ST EDITION #5 FERALIGATR-HOLO PSA 9 #5,https://www.ebay.es/itm/117249413102,PriceCharting
Neo Genesis,Feraligatr,5/111,1st Edition,PSA 9,2026-05-29,850.00,USD,eBay,unknown,FALSE,,,2000 POKEMON NEO GENESIS 1ST EDITION #5 FERALIGATR-HOLO PSA 9 #5,https://www.ebay.es/itm/306951338369,PriceCharting
Neo Genesis,Feraligatr,5/111,1st Edition,PSA 9,2026-05-26,1100.00,USD,eBay,best offer,TRUE,1100.00,,Feraligatr Holo 2000 Pokemon Neo Genesis 5/111 1st Edition PSA 9 (Swirl),https://www.ebay.es/itm/117216091068,PriceCharting
Neo Genesis,Feraligatr,5/111,1st Edition,PSA 9,2026-05-25,960.00,USD,eBay,unknown,FALSE,,,Pokémon Neo Genesis 1st Edition Holo Rare Feraligatr 5/111 PSA 9 5/111,https://www.ebay.es/itm/358556381052,PriceCharting
Neo Genesis,Feraligatr,5/111,1st Edition,PSA 10,2025-01-08,5000.00,USD,eBay,unknown,FALSE,,,2000 POKEMON NEO GENESIS 1ST EDITION #5 FERALIGATR HOLO RARE PSA 10 #5,https://www.ebay.es/itm/305973781171,PriceCharting
Neo Genesis,Feraligatr,5/111,1st Edition,PSA 10,2024-11-25,4061.00,USD,eBay,unknown,FALSE,,,Pokemon Feraligatr Neo Genesis 1st Edition Holo Rare #5 PSA 10 Gem Mint,https://www.ebay.es/itm/286163001255,PriceCharting
Neo Genesis,Feraligatr,5/111,Unlimited,PSA 8,2026-09-18,275.00,USD,eBay,unknown,FALSE,,,2000 POKEMON NEO GENESIS #5 FERALIGATR Unlimited-HOLO PSA 8 #5,https://www.ebay.es/itm/377497995149,PriceCharting
Neo Genesis,Feraligatr,5/111,Unlimited,PSA 8,2026-09-12,200.00,USD,eBay,unknown,FALSE,,,2000 POKEMON NEO GENESIS #5 FERALIGATR-HOLO PSA 8 #5,https://www.ebay.es/itm/398215634939,PriceCharting
Neo Genesis,Feraligatr,5/111,Unlimited,PSA 8,2026-08-07,165.00,USD,eBay,best offer,TRUE,165.00,,2000 POKEMON NEO GENESIS #5 FERALIGATR-HOLO PSA 8 #5,https://www.ebay.es/itm/298539608278,PriceCharting
Neo Genesis,Feraligatr,5/111,Unlimited,PSA 8,2026-08-03,190.00,USD,eBay,unknown,FALSE,,,2000 POKEMON NEO GENESIS #5 FERALIGATR-HOLO PSA 8 #5,https://www.ebay.es/itm/117317329025,PriceCharting
Neo Genesis,Feraligatr,5/111,Unlimited,PSA 8,2026-07-24,162.50,USD,eBay,unknown,FALSE,,,2000 POKEMON NEO GENESIS #5 FERALIGATR-HOLO PSA 8 #5,https://www.ebay.es/itm/117295743049,PriceCharting
Neo Genesis,Feraligatr,5/111,Unlimited,PSA 8,2026-07-21,189.99,USD,eBay,unknown,FALSE,,,Pokemon TCG Feraligatr 5/111 Neo Genesis Holo Rare Unlimited PSA 8 + Swirls 5/111,https://www.ebay.es/itm/366555366673,PriceCharting
Neo Genesis,Feraligatr,5/111,Unlimited,PSA 8,2026-07-19,218.63,USD,eBay,unknown,FALSE,,,SWIRL 2000 POKEMON NEO GENESIS #5 FERALIGATR-HOLO PSA 8 #5,https://www.ebay.es/itm/127934282126,PriceCharting
Neo Genesis,Feraligatr,5/111,Unlimited,PSA 8,2026-07-12,160.00,USD,eBay,best offer,TRUE,160.00,,2000 POKEMON NEO GENESIS #5 FERALIGATR-HOLO New Cert. PSA 8 5/111,https://www.ebay.es/itm/327243263100,PriceCharting
Neo Genesis,Feraligatr,5/111,Unlimited,PSA 8,2026-07-04,218.30,USD,eBay,unknown,FALSE,,,PSA 8 NM-MT Pokemon Feraligatr Neo Genesis Holo Rare Unlimited 5/111,https://www.ebay.es/itm/198400091664,PriceCharting
Neo Genesis,Feraligatr,5/111,Unlimited,PSA 8,2026-06-03,130.00,USD,eBay,best offer,TRUE,130.00,,2000 POKEMON NEO GENESIS #5 FERALIGATR-HOLO PSA 8 #5,https://www.ebay.es/itm/287372430518,PriceCharting
Neo Genesis,Feraligatr,5/111,Unlimited,PSA 8,2026-05-29,213.74,USD,eBay,unknown,FALSE,,,2000 Pokemon Neo Genesis 5 Feraligatr Holo PSA 8 89190032 5/111,https://www.ebay.es/itm/157904716354,PriceCharting
Neo Genesis,Feraligatr,5/111,Unlimited,PSA 8,2026-05-11,157.85,USD,eBay,unknown,FALSE,,,Feraligatr-Holo Pokemon Neo Genesis 5 NM PSA 8 #5,https://www.ebay.es/itm/127858977645,PriceCharting
Neo Genesis,Feraligatr,5/111,Unlimited,PSA 8,2026-05-07,149.99,USD,eBay,unknown,FALSE,,,FERALIGATR NEO GENESIS Pokémon 5/111 HOLO PSA 8 #5,https://www.ebay.es/itm/206254894035,PriceCharting
Neo Genesis,Feraligatr,5/111,Unlimited,PSA 8,2026-05-05,150.00,USD,eBay,unknown,FALSE,,,2000 POKEMON NEO GENESIS #5 FERALIGATR-HOLO PSA 8 #5,https://www.ebay.es/itm/117166221811,PriceCharting
Neo Genesis,Feraligatr,5/111,Unlimited,PSA 8,2026-05-04,120.00,USD,eBay,best offer,TRUE,120.00,,Pokemon TCG Feraligatr Holo Neo Genesis #5 PSA 8,https://www.ebay.es/itm/127844775612,PriceCharting
Neo Genesis,Feraligatr,5/111,Unlimited,PSA 8,2026-04-21,142.50,USD,eBay,unknown,FALSE,,,2000 POKEMON NEO GENESIS #5 FERALIGATR-HOLO PSA 8 #5,https://www.ebay.es/itm/298220357247,PriceCharting
Neo Genesis,Feraligatr,5/111,Unlimited,PSA 8,2026-04-20,255.00,USD,eBay,unknown,FALSE,,,2000 POKEMON NEO GENESIS #5 FERALIGATR-HOLO PSA 8 #5,https://www.ebay.es/itm/298209901949,PriceCharting
Neo Genesis,Feraligatr,5/111,Unlimited,PSA 8,2026-04-20,132.00,USD,eBay,unknown,FALSE,,,2000 Pokemon Neo Genesis Holo Feraligatr PSA 8 NM-MT,https://www.ebay.es/itm/287268912371,PriceCharting
Neo Genesis,Feraligatr,5/111,Unlimited,PSA 8,2026-04-14,132.51,USD,eBay,unknown,FALSE,,,2000 Pokemon Neo Genesis Feraligatr Holo #5/111 PSA 8,https://www.ebay.es/itm/127799458459,PriceCharting
Neo Genesis,Feraligatr,5/111,Unlimited,PSA 8,2026-04-10,116.19,USD,eBay,unknown,FALSE,,,Pokémon Feraligatr Neo Genesis Holo Rare Unlimited Stage 2 PSA 8 5/111 English 5/111,https://www.ebay.es/itm/168284031498,PriceCharting
Neo Genesis,Feraligatr,5/111,Unlimited,PSA 8,2026-04-08,179.39,USD,eBay,unknown,FALSE,,,Pokemon Feraligatr 5/111 Neo Genesis - PSA 8 - New Cert,https://www.ebay.es/itm/406832447633,PriceCharting
Neo Genesis,Feraligatr,5/111,Unlimited,PSA 8,2026-04-05,162.50,USD,eBay,unknown,FALSE,,,2000 Pokemon Neo Genesis Holo Feraligatr PSA 8 NM-MT,https://www.ebay.es/itm/287241582246,PriceCharting
Neo Genesis,Feraligatr,5/111,Unlimited,PSA 8,2026-04-04,135.00,USD,eBay,best offer,TRUE,,,FERALIGATR NEO GENESIS Pokémon 5/111 HOLO PSA 8 #5,https://www.ebay.es/itm/406802215464,PriceCharting
Neo Genesis,Feraligatr,5/111,Unlimited,PSA 9,2026-08-02,400.00,USD,eBay,best offer,TRUE,400.00,,2000 POKEMON NEO GENESIS #5 FERALIGATR-HOLO PSA 9 5/111,https://www.ebay.es/itm/206432047781,PriceCharting
Neo Genesis,Feraligatr,5/111,Unlimited,PSA 9,2026-07-15,425.00,USD,eBay,unknown,FALSE,,,2000 POKEMON NEO GENESIS #5 FERALIGATR-HOLO PSA 9 #5,https://www.ebay.es/itm/117292272297,PriceCharting
Neo Genesis,Feraligatr,5/111,Unlimited,PSA 9,2026-07-10,349.00,USD,eBay,unknown,FALSE,,,Pokemon 2000 Feraligatr 5/111 Holo Neo Genesis PSA 9 5/111,https://www.ebay.es/itm/407060717884,PriceCharting
Neo Genesis,Feraligatr,5/111,Unlimited,PSA 9,2026-05-30,414.70,USD,eBay,best offer,TRUE,,,PSA 9 MINT Feraligatr Holo Neo Genesis 5/111 Pokemon Card TCG,https://www.ebay.es/itm/117082331947,PriceCharting
Neo Genesis,Feraligatr,5/111,Unlimited,PSA 9,2026-05-16,350.00,USD,eBay,unknown,FALSE,,,Pokemon Feraligatr Neo Genesis Unlimited Holo Rare #5 PSA 9 Mint,https://www.ebay.es/itm/287292378517,PriceCharting
Neo Genesis,Feraligatr,5/111,Unlimited,PSA 9,2026-05-05,320.00,USD,eBay,best offer,TRUE,320.00,,PSA 9 MINT Feraligatr 5/111 HOLO RARE Neo Genesis Pokemon Card 5/111,https://www.ebay.es/itm/318239120216,PriceCharting
Neo Genesis,Feraligatr,5/111,Unlimited,PSA 9,2026-04-25,349.99,USD,eBay,unknown,FALSE,,,PSA 9 Mint 2000 Feraligatr Holo #5 Pokémon Card SWIRL 🌀 – Neo Genesis #5,https://www.ebay.es/itm/206191283911,PriceCharting
Neo Genesis,Feraligatr,5/111,Unlimited,PSA 9,2026-04-16,290.00,USD,eBay,unknown,FALSE,,,2000 POKEMON NEO GENESIS #5 FERALIGATR-HOLO PSA 9 #5,https://www.ebay.es/itm/306883420746,PriceCharting
Neo Genesis,Feraligatr,5/111,Unlimited,PSA 9,2026-04-02,499.99,USD,eBay,unknown,FALSE,,,PSA 9 Mint 2000 Feraligatr Holo #5 Pokémon Card SWIRL 🌀 – Neo Genesis,https://www.ebay.es/itm/188174367804,PriceCharting
Neo Genesis,Feraligatr,5/111,Unlimited,PSA 9,2026-03-30,300.00,USD,eBay,unknown,FALSE,,,Pokémon Feraligatr 5/111 Neo Genesis Holo Rare Unlimited PSA 9 2000 5/111,https://www.ebay.es/itm/227270196358,PriceCharting
Neo Genesis,Feraligatr,5/111,Unlimited,PSA 9,2026-03-30,317.00,USD,eBay,unknown,FALSE,,,Pokemon Feraligatr Neo Genesis Unlimited Holo Rare #5 PSA 9 Mint,https://www.ebay.es/itm/287220079456,PriceCharting
Neo Genesis,Feraligatr,5/111,Unlimited,PSA 9,2026-03-27,425.00,USD,eBay,best offer,TRUE,425.00,,2000 POKEMON NEO GENESIS #5 FERALIGATR-HOLO PSA 9 SWIRL #5,https://www.ebay.es/itm/389804568521,PriceCharting
Neo Genesis,Feraligatr,5/111,Unlimited,PSA 9,2026-02-24,450.00,USD,eBay,unknown,FALSE,,,2000 POKEMON NEO GENESIS #5 FERALIGATR-HOLO PSA 9 #5,https://www.ebay.es/itm/297991110123,PriceCharting
Neo Genesis,Feraligatr,5/111,Unlimited,PSA 9,2026-02-12,299.00,USD,eBay,unknown,FALSE,,,2000 POKEMON NEO GENESIS #5 FERALIGATR-HOLO PSA 9 #5,https://www.ebay.es/itm/117011369791,PriceCharting
Neo Genesis,Feraligatr,5/111,Unlimited,PSA 9,2026-02-10,257.38,USD,eBay,unknown,FALSE,,,PSA 9 MINT Pokemon Feraligatr Neo Genesis Holo 5/111,https://www.ebay.es/itm/197986968078,PriceCharting
Neo Genesis,Feraligatr,5/111,Unlimited,PSA 10,2025-12-07,8067.00,USD,eBay,unknown,FALSE,,,Pokemon Feraligatr Neo Genesis Unlimited Holo Rare #5 PSA 10 Gem Mint,https://www.ebay.es/itm/286976215222,PriceCharting
Neo Genesis,Heracross,6/111,1st Edition,PSA 8,2026-09-21,325.00,USD,eBay,unknown,FALSE,,,2000 POKEMON NEO GENESIS 1ST EDITION #6 HERACROSS-HOLO PSA 8 #6,https://www.ebay.es/itm/117407748510,PriceCharting
Neo Genesis,Heracross,6/111,1st Edition,PSA 8,2026-09-20,248.37,USD,eBay,unknown,FALSE,,,Pokemon Heracross Holo Neo Genesis 1st Edition 6/111 PSA 8 6/111,https://www.ebay.es/itm/287578168022,PriceCharting
Neo Genesis,Heracross,6/111,1st Edition,PSA 8,2026-09-16,232.50,USD,eBay,unknown,FALSE,,,HERACROSS 2000 POKEMON NEO GENESIS 1ST EDITION 6/111 RARE HOLO PSA 8 Q7217-1 6/111,https://www.ebay.es/itm/278357114809,PriceCharting
Neo Genesis,Heracross,6/111,1st Edition,PSA 8,2026-09-06,315.00,USD,eBay,unknown,FALSE,,,2000 POKEMON NEO GENESIS 1ST EDITION #6 HERACROSS-HOLO PSA 8 #6,https://www.ebay.es/itm/298620894898,PriceCharting
Neo Genesis,Heracross,6/111,1st Edition,PSA 8,2026-09-05,355.00,USD,eBay,unknown,FALSE,,,2000 POKEMON NEO GENESIS 1ST EDITION #6 HERACROSS-HOLO PSA 8 #6,https://www.ebay.es/itm/298622621073,PriceCharting
Neo Genesis,Heracross,6/111,1st Edition,PSA 8,2026-08-24,420.00,USD,eBay,unknown,FALSE,,,Pokemon Heracross Holo Neo Genesis 1st Edition 6/111 PSA 8 6/111,https://www.ebay.es/itm/287524891846,PriceCharting
Neo Genesis,Heracross,6/111,1st Edition,PSA 8,2026-08-21,270.00,USD,eBay,unknown,FALSE,,,2000 POKEMON NEO GENESIS 1ST EDITION #6 HERACROSS-HOLO PSA 8 #6,https://www.ebay.es/itm/117354527737,PriceCharting
Neo Genesis,Heracross,6/111,1st Edition,PSA 8,2026-08-12,225.00,USD,eBay,unknown,FALSE,,,Pokemon Heracross Holo Neo Genesis 1st Edition 6/111 PSA 8 6/111,https://www.ebay.es/itm/287519679847,PriceCharting
Neo Genesis,Heracross,6/111,1st Edition,PSA 8,2026-08-08,279.99,USD,eBay,unknown,FALSE,,,2000 POKEMON NEO GENESIS 1ST EDITION #6 HERACROSS-HOLO PSA 8 #6,https://www.ebay.es/itm/307108656126,PriceCharting
Neo Genesis,Heracross,6/111,1st Edition,PSA 8,2026-08-03,315.00,USD,eBay,unknown,FALSE,,,Heracross 1st Edition Holo 2000 Neo Genesis PSA 8 Pokemon Card 6/111,https://www.ebay.es/itm/128000694197,PriceCharting
Neo Genesis,Heracross,6/111,1st Edition,PSA 8,2026-07-19,260.00,USD,eBay,best offer,TRUE,260.00,,2000 Pokemon Neo Genesis 1st Edition Heracross Holo #6/111 PSA 8 6/111,https://www.ebay.es/itm/307048507093,PriceCharting
Neo Genesis,Heracross,6/111,1st Edition,PSA 8,2026-07-12,300.00,USD,eBay,best offer,TRUE,,,Pokémon TCG Heracross Neo Genesis Holo Card 6/111 1st Edition PSA 8 NM-MT 2000 6/111,https://www.ebay.es/itm/358773241346,PriceCharting
Neo Genesis,Heracross,6/111,1st Edition,PSA 8,2026-07-05,299.99,USD,eBay,unknown,FALSE,,,2000 Pokemon Neo Genesis HERACROSS HOLO 1st Edition 6/111 PSA 8 NM-MT 6/111,https://www.ebay.es/itm/298477084327,PriceCharting
Neo Genesis,Heracross,6/111,1st Edition,PSA 8,2026-07-05,340.00,USD,eBay,unknown,FALSE,,,Pokemon Heracross Holo Neo Genesis 1st Edition 6/111 PSA 8 6/111,https://www.ebay.es/itm/287424622038,PriceCharting
Neo Genesis,Heracross,6/111,1st Edition,PSA 8,2026-06-16,210.00,USD,eBay,unknown,FALSE,,,Pokémon TCG Neo Genesis Heracross 6/111 Holo 1st Edition PSA 8 EN 6/111,https://www.ebay.es/itm/318465551719,PriceCharting
Neo Genesis,Heracross,6/111,1st Edition,PSA 8,2026-06-02,269.69,USD,eBay,unknown,FALSE,,,2000 POKEMON NEO GENESIS 1ST EDITION #6 HERACROSS-HOLO PSA 8 #6,https://www.ebay.es/itm/317216393955,PriceCharting
Neo Genesis,Heracross,6/111,1st Edition,PSA 8,2026-05-26,289.99,USD,eBay,unknown,FALSE,,,2000 POKEMON NEO GENESIS 1ST EDITION #6 HERACROSS-HOLO PSA 8 #6,https://www.ebay.es/itm/298301991091,PriceCharting
Neo Genesis,Heracross,6/111,1st Edition,PSA 8,2026-05-25,240.00,USD,eBay,unknown,FALSE,,,2000 POKEMON NEO GENESIS 1ST EDITION #6 HERACROSS-HOLO PSA 8 #6,https://www.ebay.es/itm/117190264122,PriceCharting
Neo Genesis,Heracross,6/111,1st Edition,PSA 9,2026-09-14,701.83,USD,eBay,unknown,FALSE,,,2000 POKEMON NEO GENESIS 1ST EDITION #6 HERACROSS-HOLO PSA 9 | GUARD INCL #6,https://www.ebay.es/itm/327355629325,PriceCharting
Neo Genesis,Heracross,6/111,1st Edition,PSA 9,2026-09-04,750.00,USD,eBay,unknown,FALSE,,,2000 POKEMON NEO GENESIS 1ST EDITION #6 HERACROSS-HOLO PSA 9 #6,https://www.ebay.es/itm/147511071084,PriceCharting
Neo Genesis,Heracross,6/111,1st Edition,PSA 9,2026-08-17,590.00,USD,eBay,unknown,FALSE,,,Pokemon Heracross Holo Neo Genesis 1st Edition 6/111 PSA 9 Mint 6/111,https://www.ebay.es/itm/287511103189,PriceCharting
Neo Genesis,Heracross,6/111,1st Edition,PSA 9,2026-07-30,725.00,USD,eBay,unknown,FALSE,,,2000 POKEMON NEO GENESIS 1ST EDITION #6 HERACROSS-HOLO PSA 9 #6,https://www.ebay.es/itm/306981192139,PriceCharting
Neo Genesis,Heracross,6/111,1st Edition,PSA 9,2026-07-26,599.99,USD,eBay,unknown,FALSE,,,2000 POKEMON NEO GENESIS 1ST EDITION #6 HERACROSS-HOLO PSA 9 #6,https://www.ebay.es/itm/117322351458,PriceCharting
Neo Genesis,Heracross,6/111,1st Edition,PSA 9,2026-07-19,599.99,USD,eBay,unknown,FALSE,,,2000 POKEMON NEO GENESIS 1ST EDITION #6 HERACROSS-HOLO PSA 9 #6,https://www.ebay.es/itm/298505443923,PriceCharting
Neo Genesis,Heracross,6/111,1st Edition,PSA 9,2026-07-16,799.00,USD,eBay,unknown,FALSE,,,2000 POKEMON NEO GENESIS 1ST EDITION #6 HERACROSS-HOLO PSA 9 #6,https://www.ebay.es/itm/298316122832,PriceCharting
Neo Genesis,Heracross,6/111,1st Edition,PSA 9,2026-07-15,600.00,USD,eBay,unknown,FALSE,,,Pokemon Heracross Holo Neo Genesis 1st Edition 6/111 PSA 9 Mint 6/111,https://www.ebay.es/itm/287450230582,PriceCharting
Neo Genesis,Heracross,6/111,1st Edition,PSA 9,2026-07-04,600.00,USD,eBay,unknown,FALSE,,,2000 Pokemon Heracross 1st Edition Neo Genesis PSA 9 Mint Holo 6/111 WOTC OG 151 #6,https://www.ebay.es/itm/397932796345,PriceCharting
Neo Genesis,Heracross,6/111,1st Edition,PSA 9,2026-06-29,510.00,USD,eBay,unknown,FALSE,,,Pokemon Neo Genesis Heracross 6/111 Holo Rare First Edition PSA 9 6/111,https://www.ebay.es/itm/358699896560,PriceCharting
Neo Genesis,Heracross,6/111,1st Edition,PSA 9,2026-06-14,674.15,USD,eBay,unknown,FALSE,,,2000 Pokemon Heracross 1st Edition Neo Genesis PSA 9 Mint Holo 6/111 WOTC 6/111,https://www.ebay.es/itm/326993808356,PriceCharting
Neo Genesis,Heracross,6/111,1st Edition,PSA 9,2026-06-01,599.99,USD,eBay,unknown,FALSE,,,2000 POKEMON NEO GENESIS 1ST EDITION #6 HERACROSS-HOLO PSA 9 #6,https://www.ebay.es/itm/306955542486,PriceCharting
Neo Genesis,Heracross,6/111,1st Edition,PSA 9,2026-05-30,423.92,USD,eBay,unknown,FALSE,,,2000 POKEMON NEO GENESIS 1ST EDITION #6 HERACROSS-HOLO PSA 9 #6,https://www.ebay.es/itm/306950012234,PriceCharting
Neo Genesis,Heracross,6/111,1st Edition,PSA 9,2026-05-10,465.00,USD,eBay,unknown,FALSE,,,PSA 9 MINT Heracross 6/111 HOLO RARE Neo Genesis 1ST EDITION Pokemon Card 6/111,https://www.ebay.es/itm/178102151843,PriceCharting
Neo Genesis,Heracross,6/111,1st Edition,PSA 9,2026-05-08,575.00,USD,eBay,best offer,TRUE,575.00,,2000 Pokemon Heracross 1st Edition Neo Genesis PSA 9 Mint Holo 6/111 WOTC OG 151 #6,https://www.ebay.es/itm/327095687687,PriceCharting
Neo Genesis,Heracross,6/111,1st Edition,PSA 10,2026-03-22,25578.23,USD,eBay,unknown,FALSE,,,2000 POKEMON NEO GENESIS 1ST EDITION #6/111 HERACROSS HOLO RARE PSA 10 6/111,https://www.ebay.es/itm/206136276516,PriceCharting
Neo Genesis,Heracross,6/111,1st Edition,PSA 10,2026-01-14,15000.00,USD,eBay,unknown,FALSE,,,Pokemon Heracross Neo Genesis 1st Edition Holo Rare #6 PSA 10 Gem Mint,https://www.ebay.es/itm/287020903945,PriceCharting
Neo Genesis,Heracross,6/111,1st Edition,PSA 10,2025-09-30,7500.00,USD,eBay,unknown,FALSE,,,2000 POKEMON NEO GENESIS 1ST EDITION HERACROSS #6 -HOLO PSA 10 GEM MINT #6,https://www.ebay.es/itm/267111152008,PriceCharting
Neo Genesis,Heracross,6/111,1st Edition,PSA 10,2025-05-05,3938.00,USD,eBay,unknown,FALSE,,,Pokemon Heracross Neo Genesis 1st Edition Holo Rare #6 PSA 10 Gem Mint,https://www.ebay.es/itm/286520196065,PriceCharting
Neo Genesis,Heracross,6/111,1st Edition,PSA 10,2025-01-09,4999.99,USD,eBay,unknown,FALSE,,,Pokemon PSA 10 Gem Mint 1st Edition Neo Genesis Holo Heracross 6/111 (JC) 6/111,https://www.ebay.es/itm/325864657932,PriceCharting
Neo Genesis,Heracross,6/111,1st Edition,PSA 10,2024-09-15,3106.69,USD,eBay,unknown,FALSE,,,Pokemon Heracross Neo Genesis 1st Edition Holo Rare #6 PSA 10 Gem Mint,https://www.ebay.es/itm/286047445034,PriceCharting
Neo Genesis,Heracross,6/111,1st Edition,PSA 10,2024-08-17,3550.00,USD,eBay,unknown,FALSE,,,Pokemon PSA 10 Gem Mint 1st Edition Neo Genesis Holo Rare Heracross 6/111 6/111,https://www.ebay.es/itm/296622737675,PriceCharting
Neo Genesis,Heracross,6/111,1st Edition,PSA 10,2024-07-15,3650.00,USD,eBay,unknown,FALSE,,,Pokemon PSA 10 Gem Mint 1st Edition Neo Genesis Holo Rare Heracross 6/111 POP 23 6/111,https://www.ebay.es/itm/355851226810,PriceCharting
Neo Genesis,Heracross,6/111,Unlimited,PSA 8,2026-09-25,129.99,USD,eBay,unknown,FALSE,,,Pokemon Heracross Neo Genesis Unlimited Holo Rare #6 PSA 8 Nice Swirl #6,https://www.ebay.es/itm/358710824217,PriceCharting
Neo Genesis,Heracross,6/111,Unlimited,PSA 8,2026-09-22,80.00,USD,eBay,best offer,TRUE,80.00,,Heracross 6/111 Neo Genesis Pokemon TCG PSA 8 6/111,https://www.ebay.es/itm/237069782087,PriceCharting
Neo Genesis,Heracross,6/111,Unlimited,PSA 8,2026-09-10,99.99,USD,eBay,unknown,FALSE,,,2000 Pokémon Neo Genesis 6/111 Heracross Holo PSA 8 w/ SWIRL 6/111,https://www.ebay.es/itm/206483346719,PriceCharting
Neo Genesis,Heracross,6/111,Unlimited,PSA 8,2026-09-03,105.00,USD,eBay,unknown,FALSE,,,Pokemon Heracross Neo Genesis Unlimited Holo Rare #6 PSA 8,https://www.ebay.es/itm/287184596622,PriceCharting
Neo Genesis,Heracross,6/111,Unlimited,PSA 8,2026-08-04,70.76,USD,eBay,unknown,FALSE,,,2000 Pokémon Neo Genesis 6/111 Heracross Holo PSA 8 6/111,https://www.ebay.es/itm/800419710238,PriceCharting
Neo Genesis,Heracross,6/111,Unlimited,PSA 8,2026-08-03,70.00,USD,eBay,unknown,FALSE,,,Pokémon TCG 2000 P.M. Neo Genesis Heracross Holo #6 Psa 8 #6,https://www.ebay.es/itm/137556071965,PriceCharting
Neo Genesis,Heracross,6/111,Unlimited,PSA 8,2026-06-16,83.00,USD,eBay,best offer,TRUE,83.00,,Heracross Holo 6/111 Neo Genesis Pokemon PSA 8 6/111,https://www.ebay.es/itm/227383245987,PriceCharting
Neo Genesis,Heracross,6/111,Unlimited,PSA 8,2026-06-12,85.00,USD,eBay,best offer,TRUE,85.00,,Pokemon Heracross Holo #6 Neo Genesis Near Mint PSA 8 #6,https://www.ebay.es/itm/188491162005,PriceCharting
Neo Genesis,Heracross,6/111,Unlimited,PSA 8,2026-06-02,75.00,USD,eBay,best offer,TRUE,75.00,,2000 Pokemon Heracross Neo Genesis Holo Rare PSA 8 NM/MINT #6,https://www.ebay.es/itm/267687644996,PriceCharting
Neo Genesis,Heracross,6/111,Unlimited,PSA 8,2026-05-26,84.99,USD,eBay,unknown,FALSE,,,2000 POKEMON NEO GENESIS #6 HERACROSS-HOLO PSA 8 #6,https://www.ebay.es/itm/377206259254,PriceCharting
Neo Genesis,Heracross,6/111,Unlimited,PSA 8,2026-05-08,85.00,USD,eBay,best offer,TRUE,85.00,,2000 POKEMON NEO GENESIS #6 HERACROSS-HOLO PSA 8 #6,https://www.ebay.es/itm/287314086884,PriceCharting
Neo Genesis,Heracross,6/111,Unlimited,PSA 8,2026-05-06,80.00,USD,eBay,unknown,FALSE,,,2000 POKEMON NEO GENESIS #6 HERACROSS-HOLO PSA 8 #6,https://www.ebay.es/itm/327123688232,PriceCharting
Neo Genesis,Heracross,6/111,Unlimited,PSA 8,2026-05-05,85.00,USD,eBay,unknown,FALSE,,,Pokemon Heracross 6/111 Neo Genesis Holo - PSA 8 6/111,https://www.ebay.es/itm/277535603743,PriceCharting
Neo Genesis,Heracross,6/111,Unlimited,PSA 8,2026-04-27,99.00,USD,eBay,unknown,FALSE,,,2000 POKEMON NEO GENESIS #6 HERACROSS-HOLO PSA 8 #6,https://www.ebay.es/itm/298215911671,PriceCharting
Neo Genesis,Heracross,6/111,Unlimited,PSA 8,2026-04-11,80.00,USD,eBay,best offer,TRUE,80.00,,2000 Pokemon Neo Genesis Heracross-Holo #6 PSA 8 NM-MT #6,https://www.ebay.es/itm/206183745971,PriceCharting
Neo Genesis,Heracross,6/111,Unlimited,PSA 8,2026-04-09,72.00,USD,eBay,unknown,FALSE,,,2000 POKEMON NEO GENESIS #6 HERACROSS-HOLO PSA 8 #6,https://www.ebay.es/itm/298179497247,PriceCharting
Neo Genesis,Heracross,6/111,Unlimited,PSA 8,2026-03-31,89.99,USD,eBay,unknown,FALSE,,,Pokemon Heracross Holo #6 Neo Genesis Near Mint PSA 8 #6,https://www.ebay.es/itm/298060252621,PriceCharting
Neo Genesis,Heracross,6/111,Unlimited,PSA 8,2026-03-24,62.90,USD,eBay,unknown,FALSE,,,Pokemon Heracross Neo Genesis Unlimited Holo Rare #6 PSA 8 #6,https://www.ebay.es/itm/168238280693,PriceCharting
Neo Genesis,Heracross,6/111,Unlimited,PSA 8,2026-03-05,79.99,USD,eBay,unknown,FALSE,,,2000 Pokemon Neo Genesis Heracross-Holo #6 PSA 8,https://www.ebay.es/itm/157488124834,PriceCharting
Neo Genesis,Heracross,6/111,Unlimited,PSA 8,2026-03-04,70.00,USD,eBay,unknown,FALSE,,,2000 Pokemon Neo Genesis Heracross-Holo #6 PSA 8 6/111,https://www.ebay.es/itm/397629627185,PriceCharting
Neo Genesis,Heracross,6/111,Unlimited,PSA 9,2026-09-01,249.00,USD,eBay,unknown,FALSE,,,Pokemon Neo Genesis Heracross PSA 9 6/111,https://www.ebay.es/itm/147511787512,PriceCharting
Neo Genesis,Heracross,6/111,Unlimited,PSA 9,2026-08-08,228.19,USD,eBay,unknown,FALSE,,,Pokemon 2000 Heracross 6 Holo Neo Genesis PSA 9 #6,https://www.ebay.es/itm/407111800252,PriceCharting
Neo Genesis,Heracross,6/111,Unlimited,PSA 9,2026-07-17,168.39,USD,eBay,unknown,FALSE,,,2000 Pokemon Neo Genesis #6 Heracross Holo PSA 9 MINT,https://www.ebay.es/itm/377332330176,PriceCharting
Neo Genesis,Heracross,6/111,Unlimited,PSA 9,2026-07-16,250.00,USD,eBay,best offer,TRUE,,,2000 Pokemon TCG Neo Genesis Heracross Holo PSA9 6/111,https://www.ebay.es/itm/800336565721,PriceCharting
Neo Genesis,Heracross,6/111,Unlimited,PSA 9,2026-07-12,299.99,USD,eBay,unknown,FALSE,,,PSA 9 MINT Heracross 6/111 HOLO RARE Neo Genesis Pokemon Card,https://www.ebay.es/itm/267633290501,PriceCharting
Neo Genesis,Heracross,6/111,Unlimited,PSA 9,2026-06-17,325.00,USD,eBay,best offer,TRUE,,,Pokémon TCG Heracross Neo Genesis Holo Card 6/111 Unlimited Rare PSA 9 SWIRL 6/111,https://www.ebay.es/itm/406969072445,PriceCharting
Neo Genesis,Heracross,6/111,Unlimited,PSA 9,2026-06-02,289.99,USD,eBay,unknown,FALSE,,,2000 POKEMON NEO GENESIS #6 HERACROSS-HOLO PSA 9 #6,https://www.ebay.es/itm/306945628873,PriceCharting
Neo Genesis,Heracross,6/111,Unlimited,PSA 9,2026-05-24,231.00,USD,eBay,best offer,TRUE,231.00,,2000 POKEMON NEO GENESIS #6 HERACROSS-HOLO PSA 9 #6,https://www.ebay.es/itm/117210215024,PriceCharting
Neo Genesis,Heracross,6/111,Unlimited,PSA 9,2026-05-10,221.13,USD,eBay,unknown,FALSE,,,2000 POKEMON NEO GENESIS #6/111 HERACROSS HOLO RARE PSA 9 6/111,https://www.ebay.es/itm/206246165215,PriceCharting
Neo Genesis,Heracross,6/111,Unlimited,PSA 9,2026-04-29,250.00,USD,eBay,best offer,TRUE,250.00,,2000 POKEMON NEO GENESIS #6 HERACROSS-HOLO PSA 9 #6,https://www.ebay.es/itm/116828244258,PriceCharting
Neo Genesis,Heracross,6/111,Unlimited,PSA 9,2026-04-16,220.00,USD,eBay,unknown,FALSE,,,PSA 9 Heracross Holo Neo Genesis #6 2000 MINT Pokémon Card #6,https://www.ebay.es/itm/177977586457,PriceCharting
Neo Genesis,Heracross,6/111,Unlimited,PSA 9,2026-03-05,213.50,USD,eBay,unknown,FALSE,,,Pokémon TCG Heracross Neo Genesis PSA 9 2000 6/111 Holo Rare Unlimited 6/111,https://www.ebay.es/itm/317933494471,PriceCharting
Neo Genesis,Heracross,6/111,Unlimited,PSA 9,2026-02-09,140.00,USD,eBay,unknown,FALSE,,,Pokemon Neo Genesis Heracross Holo 6 PSA 9 G2U #6,https://www.ebay.es/itm/177670633126,PriceCharting
Neo Genesis,Heracross,6/111,Unlimited,PSA 9,2026-01-01,105.65,USD,eBay,unknown,FALSE,,,Pokemon WOTC 2000 Neo Genesis Heracross Holo Rare #6 PSA 9 Mint,https://www.ebay.es/itm/157344885155,PriceCharting
Neo Genesis,Heracross,6/111,Unlimited,PSA 9,2025-11-21,97.35,USD,eBay,unknown,FALSE,,,2000 POKEMON NEO GENESIS #6/111 HERACROSS HOLO PSA 9 6/111,https://www.ebay.es/itm/205844927888,PriceCharting
Neo Genesis,Heracross,6/111,Unlimited,PSA 9,2025-11-20,110.00,USD,eBay,unknown,FALSE,,,Pokemon WOTC 2000 Neo Genesis Heracross Holo Rare #6 PSA 9 Mint VERY CLEAN 9,https://www.ebay.es/itm/277513727894,PriceCharting
Neo Genesis,Heracross,6/111,Unlimited,PSA 9,2025-11-11,200.00,USD,eBay,unknown,FALSE,,,Pokemon Neo Genesis Heracross Holo 6 PSA 9 #6,https://www.ebay.es/itm/376504427223,PriceCharting
Neo Genesis,Heracross,6/111,Unlimited,PSA 9,2025-11-09,94.50,USD,eBay,unknown,FALSE,,,Pokemon Heracross Neo Genesis Unlimited Holo Rare #6 PSA 9 Mint,https://www.ebay.es/itm/286911263968,PriceCharting
Neo Genesis,Heracross,6/111,Unlimited,PSA 9,2025-11-09,120.00,USD,eBay,best offer,TRUE,120.00,,2000 POKEMON NEO GENESIS #6 HERACROSS-HOLO PSA 9 Mint #6,https://www.ebay.es/itm/256988130650,PriceCharting
Neo Genesis,Heracross,6/111,Unlimited,PSA 10,2026-05-28,21499.00,USD,eBay,unknown,FALSE,,,2000 POKEMON NEO GENESIS #6/111 HERACROSS HOLO RARE PSA 10 POP 4 6/111,https://www.ebay.es/itm/198326733441,PriceCharting
Neo Genesis,Jumpluff,7/111,1st Edition,PSA 8,2026-09-21,109.00,USD,eBay,unknown,FALSE,,,Pokemon Jumpluff 7 Neo Genesis 1st Edition Holo PSA 8 (with Swirl) 7/111,https://www.ebay.es/itm/366611844818,PriceCharting
Neo Genesis,Jumpluff,7/111,1st Edition,PSA 8,2026-09-06,102.50,USD,eBay,unknown,FALSE,,,2000 POKEMON NEO GENESIS 1ST EDITION #7 JUMPLUFF-HOLO PSA 8 #7,https://www.ebay.es/itm/117380981578,PriceCharting
Neo Genesis,Jumpluff,7/111,1st Edition,PSA 8,2026-09-01,108.02,USD,eBay,best offer,TRUE,,,PSA 8 JUMPLUFF 7/111 1st Edition Holo Swirl Rare Neo Genesis - Pokemon Card 7/111,https://www.ebay.es/itm/197910088879,PriceCharting
Neo Genesis,Jumpluff,7/111,1st Edition,PSA 8,2026-08-29,70.00,USD,eBay,best offer,TRUE,70.00,,2000 Pokemon Neo Genesis Jumpluff Holo 1st Edition PSA 8 7/111,https://www.ebay.es/itm/178449070236,PriceCharting
Neo Genesis,Jumpluff,7/111,1st Edition,PSA 8,2026-08-26,86.00,USD,eBay,unknown,FALSE,,,2000 POKEMON NEO GENESIS 1ST EDITION #7 JUMPLUFF-HOLO PSA 8 #7,https://www.ebay.es/itm/820023229337,PriceCharting
Neo Genesis,Jumpluff,7/111,1st Edition,PSA 8,2026-08-25,97.95,USD,eBay,unknown,FALSE,,,PSA 8 Jumpluff 7/111 1st Edition Neo Genesis Holo Pokemon Card WOTC Vintage #7,https://www.ebay.es/itm/137606708642,PriceCharting
Neo Genesis,Jumpluff,7/111,1st Edition,PSA 8,2026-08-22,128.07,USD,eBay,unknown,FALSE,,,Pokemon - Neo Genesis 1st Edition - Jumpluff Holo - 7/111 - PSA 8 7/111,https://www.ebay.es/itm/820016520040,PriceCharting
Neo Genesis,Jumpluff,7/111,1st Edition,PSA 8,2026-08-22,100.00,USD,eBay,unknown,FALSE,,,Pokemon Neo Genesis First Edition Jumpluff 7/111 PSA 8 Holo 7/111,https://www.ebay.es/itm/366584828765,PriceCharting
Neo Genesis,Jumpluff,7/111,1st Edition,PSA 8,2026-08-20,109.99,USD,eBay,unknown,FALSE,,,Pokemon Jumpluff 7 Neo Genesis 1st Edition Holo PSA 8 (with Swirl) 7/111,https://www.ebay.es/itm/800479483159,PriceCharting
Neo Genesis,Jumpluff,7/111,1st Edition,PSA 8,2026-08-04,110.00,USD,eBay,best offer,TRUE,110.00,,Pokemon Neo Genesis 1st Edition #7 JumpLuff-Holo PSA 8 7/111,https://www.ebay.es/itm/365675419924,PriceCharting
Neo Genesis,Jumpluff,7/111,1st Edition,PSA 8,2026-08-03,99.99,USD,eBay,unknown,FALSE,,,Pokemon TCG Neo Genesis Jumpluff 7/111 Holo Rare English PSA 8 2000 1st Ed 7/111,https://www.ebay.es/itm/206460028400,PriceCharting
Neo Genesis,Jumpluff,7/111,1st Edition,PSA 8,2026-06-30,94.00,USD,eBay,unknown,FALSE,,,Pokemon TCG Neo Genesis Jumpluff 7/111 Holo Rare English PSA 8 2000 1st Ed 7/111,https://www.ebay.es/itm/398116628824,PriceCharting
Neo Genesis,Jumpluff,7/111,1st Edition,PSA 8,2026-06-29,95.00,USD,eBay,unknown,FALSE,,,Pokemon Jumpluff Holo Neo Genesis 1st Edition 7/111 PSA 8 7/111,https://www.ebay.es/itm/287405825914,PriceCharting
Neo Genesis,Jumpluff,7/111,1st Edition,PSA 8,2026-06-25,109.99,USD,eBay,unknown,FALSE,,,PSA 8 Jumpluff 7/111 1st Edition Neo Genesis Holo Pokemon Card WOTC Vintage #7,https://www.ebay.es/itm/147364312686,PriceCharting
Neo Genesis,Jumpluff,7/111,1st Edition,PSA 8,2026-06-12,100.00,USD,eBay,unknown,FALSE,,,2000 Pokémon 1st Edition American Neo Genesis JUMPLUFF - HOLO Card # 7 PSA - 8 7/111,https://www.ebay.es/itm/357808960948,PriceCharting
Neo Genesis,Jumpluff,7/111,1st Edition,PSA 8,2026-06-01,90.00,USD,eBay,unknown,FALSE,,,2000 Pokémon 1st Edition American Neo Genesis JUMPLUFF - HOLO Card # 7 PSA - 8 7/111,https://www.ebay.es/itm/298289423827,PriceCharting
Neo Genesis,Jumpluff,7/111,1st Edition,PSA 8,2026-05-29,99.99,USD,eBay,unknown,FALSE,,,2000 POKEMON NEO GENESIS 1ST ED #7 JUMPLUFF-HOLO PSA 8 #7,https://www.ebay.es/itm/298113483139,PriceCharting
Neo Genesis,Jumpluff,7/111,1st Edition,PSA 8,2026-05-18,84.00,USD,eBay,unknown,FALSE,,,Pokemon 2000 Jumpluff 7/111 Holo 1st Edition Neo Genesis PSA 8 7/111,https://www.ebay.es/itm/406911751708,PriceCharting
Neo Genesis,Jumpluff,7/111,1st Edition,PSA 8,2026-05-02,85.00,USD,eBay,unknown,FALSE,,,2000 Pokémon 1st Edition American Neo Genesis JUMPLUFF - HOLO Card # 7 PSA - 8 7/111,https://www.ebay.es/itm/318232920351,PriceCharting
Neo Genesis,Jumpluff,7/111,1st Edition,PSA 8,2026-04-30,84.99,USD,eBay,unknown,FALSE,,,Pokémon Jumpluff 7/111 Neo Genesis 1st Edition Holo Rare PSA 8 English 7/111,https://www.ebay.es/itm/358497541780,PriceCharting
Neo Genesis,Jumpluff,7/111,1st Edition,PSA 8,2026-04-30,95.50,USD,eBay,unknown,FALSE,,,Pokemon TCG Cards 1st Edition Jumpluff 7/111 Neo Genesis Holo Rare PSA 8 NM-MT,https://www.ebay.es/itm/185924423944,PriceCharting
Neo Genesis,Jumpluff,7/111,1st Edition,PSA 8,2026-04-26,88.88,USD,eBay,unknown,FALSE,,,Pokemon Jumpluff Neo Genesis 1st Edition Holo Rare #7 PSA 8,https://www.ebay.es/itm/287278146800,PriceCharting
Neo Genesis,Jumpluff,7/111,1st Edition,PSA 8,2026-04-22,89.00,USD,eBay,unknown,FALSE,,,2000 POKEMON NEO GENESIS 1ST EDITION #7 JUMPLUFF-HOLO PSA 8 #7,https://www.ebay.es/itm/117141367793,PriceCharting
Neo Genesis,Jumpluff,7/111,1st Edition,PSA 8,2026-04-19,88.00,USD,eBay,unknown,FALSE,,,2000 POKEMON NEO GENESIS 1ST EDITION #7 JUMPLUFF-HOLO PSA 8 #7,https://www.ebay.es/itm/306865402011,PriceCharting
Neo Genesis,Jumpluff,7/111,1st Edition,PSA 8,2026-04-11,61.01,USD,eBay,unknown,FALSE,,,2000 POKEMON NEO GENESIS 1ST EDITION #7 JUMPLUFF-HOLO PSA 8 #7,https://www.ebay.es/itm/306857336559,PriceCharting
Neo Genesis,Jumpluff,7/111,1st Edition,PSA 8,2026-04-10,75.00,USD,eBay,unknown,FALSE,,,2000 POKEMON NEO GENESIS 1ST ED #7 JUMPLUFF-HOLO PSA 8 #7,https://www.ebay.es/itm/318029514127,PriceCharting
Neo Genesis,Jumpluff,7/111,1st Edition,PSA 9,2026-09-14,225.00,USD,eBay,unknown,FALSE,,,2000 POKEMON NEO GENESIS 1ST EDITION #7 JUMPLUFF-HOLO PSA 9 #7,https://www.ebay.es/itm/307167619679,PriceCharting
Neo Genesis,Jumpluff,7/111,1st Edition,PSA 9,2026-08-31,220.00,USD,eBay,best offer,TRUE,220.00,,2000 POKEMON NEO GENESIS 1ST EDITION #7 JUMPLUFF-HOLO PSA 9 #7,https://www.ebay.es/itm/307132518510,PriceCharting
Neo Genesis,Jumpluff,7/111,1st Edition,PSA 9,2026-08-30,157.50,USD,eBay,unknown,FALSE,,,Pokémon TCG Jumpluff Neo Genesis Holo Card 7/111 1st Edition Rare PSA 9 Mint 7/111,https://www.ebay.es/itm/158219684518,PriceCharting
Neo Genesis,Jumpluff,7/111,1st Edition,PSA 9,2026-08-19,178.76,USD,eBay,unknown,FALSE,,,Pokémon TCG 1st Edition - PSA 9 MINT - Neo Genesis Jumpluff Holo 7/111 7/111,https://www.ebay.es/itm/267694377173,PriceCharting
Neo Genesis,Jumpluff,7/111,1st Edition,PSA 9,2026-08-16,212.50,USD,eBay,unknown,FALSE,,,Pokemon Jumpluff Holo Neo Genesis 1st Edition 7/111 PSA 9 Mint 7/111,https://www.ebay.es/itm/287511098713,PriceCharting
Neo Genesis,Jumpluff,7/111,1st Edition,PSA 9,2026-08-06,169.99,USD,eBay,unknown,FALSE,,,Pokémon TCG: Jumpluff - Neo Genesis Holo 7/111 1st Edition - PSA 9 NEW CERT 7/111,https://www.ebay.es/itm/206367844349,PriceCharting
Neo Genesis,Jumpluff,7/111,1st Edition,PSA 9,2026-08-06,200.00,USD,eBay,unknown,FALSE,,,Pokémon 2000 Neo Genesis Jumpluff 7/111 1st Ed Holo PSA 9 7/111,https://www.ebay.es/itm/358847248644,PriceCharting
Neo Genesis,Jumpluff,7/111,1st Edition,PSA 9,2026-07-31,225.00,USD,eBay,unknown,FALSE,,,2000 Pokemon 1st Edition Neo Genesis Jumpluff | PSA 9 7/111,https://www.ebay.es/itm/307086260600,PriceCharting
Neo Genesis,Jumpluff,7/111,1st Edition,PSA 9,2026-07-27,155.50,USD,eBay,unknown,FALSE,,,Pokémon Neo Genesis Jumpluff 7/111 Holo Rare First Edition PSA 9 7/111,https://www.ebay.es/itm/358807419887,PriceCharting
Neo Genesis,Jumpluff,7/111,1st Edition,PSA 9,2026-07-03,200.00,USD,eBay,unknown,FALSE,,,2000 POKEMON NEO GENESIS #7 JUMPLUFF HOLO PSA 9 1ST EDITION 7/111,https://www.ebay.es/itm/336669819688,PriceCharting
Neo Genesis,Jumpluff,7/111,1st Edition,PSA 9,2026-07-02,150.50,USD,eBay,unknown,FALSE,,,2000 Pokemon Neo Genesis 1st Edition #7 Jumpluff - Holo PSA 9 MINT,https://www.ebay.es/itm/800237579565,PriceCharting
Neo Genesis,Jumpluff,7/111,1st Edition,PSA 9,2026-06-02,152.50,USD,eBay,unknown,FALSE,,,Pokémon TCG: Jumpluff - Neo Genesis Holo 7/111 1st Edition - PSA 9 7/111,https://www.ebay.es/itm/257528064087,PriceCharting
Neo Genesis,Jumpluff,7/111,1st Edition,PSA 9,2026-05-30,195.00,USD,eBay,unknown,FALSE,,,Pokémon TCG: Jumpluff - Neo Genesis Holo 7/111 1st Edition - PSA 9 NEW CERT 7/111,https://www.ebay.es/itm/287308236049,PriceCharting
Neo Genesis,Jumpluff,7/111,1st Edition,PSA 9,2026-04-09,180.82,USD,eBay,best offer,TRUE,,,Jumpluff - Holo swirl - 1st Edition PSA 9 - Neo Genesis 2000 - #7/111 - Pokemon 7/111,https://www.ebay.es/itm/206141782549,PriceCharting
Neo Genesis,Jumpluff,7/111,1st Edition,PSA 9,2026-04-03,150.00,USD,eBay,best offer,TRUE,150.00,,2000 Pokemon Neo Genesis 1st Edition 7 Jumpluff Holo PSA 9 129663504 7/111,https://www.ebay.es/itm/157797974030,PriceCharting
Neo Genesis,Jumpluff,7/111,1st Edition,PSA 9,2026-03-24,184.99,USD,eBay,best offer,TRUE,184.99,,Pokemon PSA 9 1st Edition Neo Genesis Jumpluff Holo Rare SWIRL 7/111 MINT 7/111,https://www.ebay.es/itm/157719117237,PriceCharting
Neo Genesis,Jumpluff,7/111,1st Edition,PSA 9,2026-03-21,145.00,USD,eBay,unknown,FALSE,,,Pokemon Jumpluff Neo Genesis 1st Edition Holo Rare #7 PSA 9 Mint,https://www.ebay.es/itm/287215053738,PriceCharting
Neo Genesis,Jumpluff,7/111,1st Edition,PSA 9,2026-03-03,120.71,USD,eBay,best offer,TRUE,,,Jumpluff PSA 9 Pokemon Card 7/111 Neo Genesis 1st Edition Rare Holo 2000 MINT,https://www.ebay.es/itm/176803465708,PriceCharting
Neo Genesis,Jumpluff,7/111,1st Edition,PSA 9,2026-03-03,86.02,USD,eBay,unknown,FALSE,,,2000 Pokemon Neo Genesis 1st Edition Jumpluff Holo #7/111 PSA 9,https://www.ebay.es/itm/127704807412,PriceCharting
Neo Genesis,Jumpluff,7/111,1st Edition,PSA 10,2026-09-07,6766.66,USD,eBay,unknown,FALSE,,,Pokemon Jumpluff Holo Neo Genesis 1st Edition 7/111 PSA 10 Gem Mint 7/111,https://www.ebay.es/itm/287552955501,PriceCharting
Neo Genesis,Jumpluff,7/111,1st Edition,PSA 10,2026-06-29,4500.00,USD,eBay,unknown,FALSE,,,Pokemon Jumpluff Neo Genesis 1st Edition Holo Rare #7 PSA 10 Gem Mint,https://www.ebay.es/itm/287301763092,PriceCharting
Neo Genesis,Jumpluff,7/111,1st Edition,PSA 10,2026-05-31,4051.00,USD,eBay,unknown,FALSE,,,2000 Pokemon Neo Genesis 1st Edition Jumpluff Holo #7/111 PSA 10 GEM MINT,https://www.ebay.es/itm/127884737029,PriceCharting
Neo Genesis,Jumpluff,7/111,1st Edition,PSA 10,2026-04-21,4300.00,USD,eBay,unknown,FALSE,,,Pokemon 2000 1st Edition Neo Genesis Jumpluff Holo #7 Psa 10 Swirl #7,https://www.ebay.es/itm/389890144204,PriceCharting
Neo Genesis,Jumpluff,7/111,1st Edition,PSA 10,2026-03-29,3900.00,USD,eBay,unknown,FALSE,,,Pokemon Jumpluff Neo Genesis 1st Edition Holo Rare #7 PSA 10 Gem Mint,https://www.ebay.es/itm/287219751754,PriceCharting
Neo Genesis,Jumpluff,7/111,1st Edition,PSA 10,2026-01-23,1999.00,USD,eBay,unknown,FALSE,,,Pokemon Jumpluff Neo Genesis 1st Edition Holo Rare #7 PSA 10 Gem Mint,https://www.ebay.es/itm/286523659653,PriceCharting
Neo Genesis,Jumpluff,7/111,1st Edition,PSA 10,2026-01-14,2149.99,USD,eBay,unknown,FALSE,,,JUMPLUFF HOLO 1ST EDITION PSA 10 2000 POKEMON NEO GENESIS #7/111 ENGLISH GEM 7/111,https://www.ebay.es/itm/177723207625,PriceCharting
Neo Genesis,Jumpluff,7/111,1st Edition,PSA 10,2025-07-21,685.00,USD,eBay,unknown,FALSE,,,Pokemon Jumpluff Neo Genesis 1st Edition Holo Rare #7 PSA 10 Gem Mint,https://www.ebay.es/itm/286700493711,PriceCharting
Neo Genesis,Jumpluff,7/111,Unlimited,PSA 8,2026-09-25,29.77,USD,eBay,unknown,FALSE,,,2000 Pokemon Neo Genesis #7 Jumpluff - Holo PSA 8 NM-MT,https://www.ebay.es/itm/366675201805,PriceCharting
Neo Genesis,Jumpluff,7/111,Unlimited,PSA 8,2026-08-25,50.00,USD,eBay,unknown,FALSE,,,2000 Pokemon Jumpluff Neo Genesis 7/111 Holo Rare PSA 8 NM/MINT SWIRL ENGLISH #7,https://www.ebay.es/itm/267722684240,PriceCharting
Neo Genesis,Jumpluff,7/111,Unlimited,PSA 8,2026-08-24,29.00,USD,eBay,unknown,FALSE,,,Pokemon Jumpluff Holo Neo Genesis Unlimited 7/111 PSA 8 7/111,https://www.ebay.es/itm/287524891840,PriceCharting
Neo Genesis,Jumpluff,7/111,Unlimited,PSA 8,2026-08-14,26.00,USD,eBay,unknown,FALSE,,,PSA 8 Jumpluff Holo #7 Neo Genesis 2000 Pokemon 7/111,https://www.ebay.es/itm/158168811366,PriceCharting
Neo Genesis,Jumpluff,7/111,Unlimited,PSA 8,2026-08-08,39.99,USD,eBay,unknown,FALSE,,,2000 POKEMON NEO GENESIS #7 JUMPLUFF-HOLO PSA 8 #7,https://www.ebay.es/itm/178020312139,PriceCharting
Neo Genesis,Jumpluff,7/111,Unlimited,PSA 8,2026-07-18,37.90,USD,eBay,unknown,FALSE,,,Pokemon 2000 Jumpluff 7 Holo Neo Genesis PSA 8 #7,https://www.ebay.es/itm/407064541635,PriceCharting
Neo Genesis,Jumpluff,7/111,Unlimited,PSA 8,2026-07-14,36.00,USD,eBay,best offer,TRUE,36.00,,Pokemon Jumpluff 7/111 Neo Genesis Unlimited Holo Rare Graded PSA 8 7/111,https://www.ebay.es/itm/358770198461,PriceCharting
Neo Genesis,Jumpluff,7/111,Unlimited,PSA 8,2026-07-03,35.00,USD,eBay,best offer,TRUE,35.00,,Pokemon Jumpluff 7/111 Neo Genesis Unlimited Holo Rare Graded PSA 8 7/111,https://www.ebay.es/itm/358745480298,PriceCharting
Neo Genesis,Jumpluff,7/111,Unlimited,PSA 8,2026-06-19,32.77,USD,eBay,unknown,FALSE,,,Pokemon Jumpluff 7/111 Neo Genesis Unlimited Holo Rare Graded PSA 8 7/111,https://www.ebay.es/itm/257560476993,PriceCharting
Neo Genesis,Jumpluff,7/111,Unlimited,PSA 8,2026-06-18,49.96,USD,eBay,unknown,FALSE,,,PSA 8 Jumpluff 7/111 Neo Genesis Rare Holo Vintage Pokemon Card 7/111,https://www.ebay.es/itm/178198732638,PriceCharting
Neo Genesis,Jumpluff,7/111,Unlimited,PSA 8,2026-06-14,39.99,USD,eBay,unknown,FALSE,,,Jumpluff 7/111 Pokemon Unlimited Neo Genesis Holo Rare PSA 8 7/111,https://www.ebay.es/itm/376324353011,PriceCharting
Neo Genesis,Jumpluff,7/111,Unlimited,PSA 8,2026-06-10,40.00,USD,eBay,unknown,FALSE,,,PSA 8 Jumpluff 7/111 Neo Genesis Rare Holo Vintage Pokemon Card 7/111,https://www.ebay.es/itm/117176337213,PriceCharting
Neo Genesis,Jumpluff,7/111,Unlimited,PSA 8,2026-06-06,36.99,USD,eBay,unknown,FALSE,,,Pokemon WOTC Jumpluff Holo PSA 8 Neo Genesis #7 #7,https://www.ebay.es/itm/227338034220,PriceCharting
Neo Genesis,Jumpluff,7/111,Unlimited,PSA 8,2026-05-29,45.00,USD,eBay,unknown,FALSE,,,2000 POKEMON NEO GENESIS #7 JUMPLUFF-HOLO PSA 8 #7,https://www.ebay.es/itm/306880207900,PriceCharting
Neo Genesis,Jumpluff,7/111,Unlimited,PSA 8,2026-05-25,38.00,USD,eBay,best offer,TRUE,38.00,,FREE SHIPPING!! - 2000 Pokemon Neo Genesis #7 Jumpluff Holo - PSA 8 #7,https://www.ebay.es/itm/267365468611,PriceCharting
Neo Genesis,Jumpluff,7/111,Unlimited,PSA 8,2026-05-19,23.50,USD,eBay,unknown,FALSE,,,2000 POKEMON NEO GENESIS #7 JUMPLUFF-HOLO PSA 8 #7,https://www.ebay.es/itm/800010849383,PriceCharting
Neo Genesis,Jumpluff,7/111,Unlimited,PSA 8,2026-05-10,36.99,USD,eBay,unknown,FALSE,,,Pokemon WOTC Jumpluff Holo PSA 8 Neo Genesis #7 #7,https://www.ebay.es/itm/226570352448,PriceCharting
Neo Genesis,Jumpluff,7/111,Unlimited,PSA 8,2026-05-06,40.95,USD,eBay,unknown,FALSE,,,2000 Pokemon Neo Genesis Jumpluff #7 Holo Rare 7/111 PSA 8 NM/MT #7,https://www.ebay.es/itm/297539651439,PriceCharting
Neo Genesis,Jumpluff,7/111,Unlimited,PSA 9,2026-09-04,52.00,USD,eBay,unknown,FALSE,,,2000 Pokemon Neo Genesis Jumpluff Holo Foil #7 Graded Pokémon Card PSA 9 Mint #7,https://www.ebay.es/itm/188852755788,PriceCharting
Neo Genesis,Jumpluff,7/111,Unlimited,PSA 9,2026-08-10,35.00,USD,eBay,unknown,FALSE,,,Pokemon TCG Neo Genesis Jumpluff 7/111 Holo Unlimited PSA 9 2000 7/111,https://www.ebay.es/itm/398243333985,PriceCharting
Neo Genesis,Jumpluff,7/111,Unlimited,PSA 9,2026-07-03,40.00,USD,eBay,best offer,TRUE,40.00,,Pokemon 2000 Neo Genesis Jumpluff Holo Rare 7/111 English PSA 9 7/111,https://www.ebay.es/itm/406911053161,PriceCharting
Neo Genesis,Jumpluff,7/111,Unlimited,PSA 9,2026-06-20,35.00,USD,eBay,best offer,TRUE,,,2000 Pokémon TCG Jumpluff Neo Genesis Holo Card 7/111 PSA 9 7/111,https://www.ebay.es/itm/358665318758,PriceCharting
Neo Genesis,Jumpluff,7/111,Unlimited,PSA 9,2026-05-18,36.00,USD,eBay,unknown,FALSE,,,2000 Pokémon TCG Jumpluff Neo Genesis Holo Card 7/111 PSA 9 7/111,https://www.ebay.es/itm/327151640349,PriceCharting
Neo Genesis,Jumpluff,7/111,Unlimited,PSA 9,2026-04-13,60.00,USD,eBay,best offer,TRUE,60.00,,2000 Pokemon Jumpluff Holo Rare 7/111 Neo Genesis PSA 9 Mint Vintage WOTC #7,https://www.ebay.es/itm/227261676349,PriceCharting
Neo Genesis,Jumpluff,7/111,Unlimited,PSA 9,2026-04-13,60.00,USD,eBay,unknown,FALSE,,,Pokemon Neo Genesis Unlimited Jumpluff PSA 9 Holo (1762) 7/111 7/111,https://www.ebay.es/itm/198277396975,PriceCharting
Neo Genesis,Jumpluff,7/111,Unlimited,PSA 9,2026-03-31,61.60,USD,eBay,unknown,FALSE,,,Pokemon Neo Genesis Unlimited Jumpluff PSA 9 Holo (1762) 7/111,https://www.ebay.es/itm/224818828725,PriceCharting
Neo Genesis,Jumpluff,7/111,Unlimited,PSA 9,2026-01-13,60.00,USD,eBay,best offer,TRUE,60.00,,2000 Pokemon Neo Genesis Unlim Jumpluff holo 7/111 PSA 9 MINT vintage #7,https://www.ebay.es/itm/136244750480,PriceCharting
Neo Genesis,Jumpluff,7/111,Unlimited,PSA 9,2025-12-22,60.00,USD,eBay,best offer,TRUE,60.00,,2000 POKEMON NEO GENESIS #7 JUMPLUFF-HOLO PSA 9 #7,https://www.ebay.es/itm/306660032560,PriceCharting
Neo Genesis,Jumpluff,7/111,Unlimited,PSA 10,2024-10-10,350.00,USD,eBay,unknown,FALSE,,,2000 Pokemon Neo Genesis Jumpluff Holo | PSA 10 7/111,https://www.ebay.es/itm/305741686741,PriceCharting
Neo Genesis,Jumpluff,7/111,Unlimited,PSA 10,2024-03-17,361.56,USD,eBay,unknown,FALSE,,,2000 Pokemon Neo Genesis 7/111 Jumpluff Holo Gem Mint Psa 10! Low Pop!,https://www.ebay.es/itm/134972091715,PriceCharting
Neo Genesis,Jumpluff,7/111,Unlimited,PSA 10,2023-11-27,150.00,USD,eBay,unknown,FALSE,,,2000 Neo Genesis 7 Jumpluff Holo Rare Pokemon TCG Card PSA 10 Gem Mint #7,https://www.ebay.es/itm/285571225801,PriceCharting
Neo Genesis,Kingdra,8/111,1st Edition,PSA 8,2026-09-18,200.00,USD,eBay,best offer,TRUE,200.00,,2000 POKEMON NEO GENESIS 1ST EDITION #8 KINGDRA-HOLO 1ST EDITION PSA 8 #8,https://www.ebay.es/itm/188944422076,PriceCharting
Neo Genesis,Kingdra,8/111,1st Edition,PSA 8,2026-09-17,169.99,USD,eBay,unknown,FALSE,,,2000 POKEMON NEO GENESIS 1ST EDITION #8 KINGDRA-HOLO PSA 8 #8,https://www.ebay.es/itm/298621695686,PriceCharting
Neo Genesis,Kingdra,8/111,1st Edition,PSA 8,2026-09-13,215.07,USD,eBay,unknown,FALSE,,,2000 POKEMON NEO GENESIS 1ST EDITION #8 KINGDRA-HOLO 1ST EDITION PSA 8 #8,https://www.ebay.es/itm/307158160780,PriceCharting
Neo Genesis,Kingdra,8/111,1st Edition,PSA 8,2026-09-05,130.38,USD,eBay,unknown,FALSE,,,2000 POKEMON NEO GENESIS 1ST EDITION #8 KINGDRA-HOLO PSA 8 #8,https://www.ebay.es/itm/298622621120,PriceCharting
Neo Genesis,Kingdra,8/111,1st Edition,PSA 8,2026-09-04,144.49,USD,eBay,unknown,FALSE,,,2000 POKEMON NEO GENESIS 1ST EDITION #8 KINGDRA-HOLO PSA 8 #8,https://www.ebay.es/itm/117370357936,PriceCharting
Neo Genesis,Kingdra,8/111,1st Edition,PSA 8,2026-08-30,132.50,USD,eBay,unknown,FALSE,,,2000 Pokémon Kingdra #8/111 Neo Genesis Holo Rare 1st Edition PSA 8 Pokemon TCG 8/111,https://www.ebay.es/itm/128040892592,PriceCharting
Neo Genesis,Kingdra,8/111,1st Edition,PSA 8,2026-08-16,149.73,USD,eBay,unknown,FALSE,,,2000 POKEMON NEO GENESIS 1ST EDITION #8 KINGDRA-HOLO PSA 8 #8,https://www.ebay.es/itm/307113326841,PriceCharting
Neo Genesis,Kingdra,8/111,1st Edition,PSA 8,2026-08-07,155.13,USD,eBay,unknown,FALSE,,,2000 Pokemon Neo Genesis 1st Edition 8 Kingdra Holo PSA 8 Near Mint - Mint,https://www.ebay.es/itm/178137181959,PriceCharting
Neo Genesis,Kingdra,8/111,1st Edition,PSA 8,2026-07-31,154.65,USD,eBay,unknown,FALSE,,,SWIRL 2000 Pokemon Neo Genesis 1st Edition 8 Kingdra Holo PSA 8 Near Mint - Mint,https://www.ebay.es/itm/127934695220,PriceCharting
Neo Genesis,Kingdra,8/111,1st Edition,PSA 8,2026-07-18,180.00,USD,eBay,unknown,FALSE,,,2000 POKEMON NEO GENESIS #8 KINGDRA HOLO PSA 8 1ST EDITION #8,https://www.ebay.es/itm/327251814128,PriceCharting
Neo Genesis,Kingdra,8/111,1st Edition,PSA 8,2026-07-14,154.00,USD,eBay,unknown,FALSE,,,Pokemon Kingdra Neo Genesis 1st Edition Holo Rare #8 PSA 8 #8,https://www.ebay.es/itm/375543276285,PriceCharting
Neo Genesis,Kingdra,8/111,1st Edition,PSA 8,2026-07-05,150.00,USD,eBay,best offer,TRUE,150.00,,2000 POKEMON NEO GENESIS 1ST EDITION #8 KINGDRA-HOLO PSA 8 #8,https://www.ebay.es/itm/377320263559,PriceCharting
Neo Genesis,Kingdra,8/111,1st Edition,PSA 8,2026-06-30,150.00,USD,eBay,unknown,FALSE,,,2000 POKEMON NEO GENESIS 1ST EDITION #8 KINGDRA-HOLO PSA 8 #8,https://www.ebay.es/itm/298463538124,PriceCharting
Neo Genesis,Kingdra,8/111,1st Edition,PSA 8,2026-06-24,133.50,USD,eBay,unknown,FALSE,,,2000 Pokemon Neo Genesis 1st Edition 8 Kingdra Holo PSA 8 Near Mint - Mint,https://www.ebay.es/itm/377273816416,PriceCharting
Neo Genesis,Kingdra,8/111,1st Edition,PSA 8,2026-06-19,149.99,USD,eBay,unknown,FALSE,,,2000 KINGDRA HOLO 8/111 NEO GENESIS 1ST EDITION POKEMON PSA 8 8/111,https://www.ebay.es/itm/298411051322,PriceCharting
Neo Genesis,Kingdra,8/111,1st Edition,PSA 8,2026-06-17,147.67,USD,eBay,unknown,FALSE,,,2000 Pokemon Neo Genesis 1st Edition 8 Kingdra Holo PSA 8 Near Mint - Mint,https://www.ebay.es/itm/287305442458,PriceCharting
Neo Genesis,Kingdra,8/111,1st Edition,PSA 8,2026-06-05,122.50,USD,eBay,unknown,FALSE,,,2000 POKEMON NEO GENESIS 1ST EDITION #8 KINGDRA-HOLO PSA 8 #8,https://www.ebay.es/itm/298339612194,PriceCharting
Neo Genesis,Kingdra,8/111,1st Edition,PSA 8,2026-06-02,140.00,USD,eBay,best offer,TRUE,140.00,,Pokemon 2000 Kingdra 8/111 Holo 1st Edition Neo Genesis PSA 8 8/111,https://www.ebay.es/itm/366449050517,PriceCharting
Neo Genesis,Kingdra,8/111,1st Edition,PSA 8,2026-06-01,130.00,USD,eBay,best offer,TRUE,130.00,,Pokemon 2000 Kingdra 8/111 Holo 1st Edition Neo Genesis PSA 8 8/111,https://www.ebay.es/itm/366447494035,PriceCharting
Neo Genesis,Kingdra,8/111,1st Edition,PSA 8,2026-05-18,150.50,USD,eBay,unknown,FALSE,,,Pokemon 2000 Kingdra 8/111 Holo 1st Edition Neo Genesis PSA 8 8/111,https://www.ebay.es/itm/406911778491,PriceCharting
Neo Genesis,Kingdra,8/111,1st Edition,PSA 8,2026-04-27,132.50,USD,eBay,unknown,FALSE,,,Pokemon Kingdra Neo Genesis 1st Edition Holo Rare #8 PSA 8,https://www.ebay.es/itm/287278127979,PriceCharting
Neo Genesis,Kingdra,8/111,1st Edition,PSA 8,2026-04-21,139.22,USD,eBay,unknown,FALSE,,,PSA 8 Kingdra 1st Edition - 8/111 - Neo Genesis - Pokemon - Read Description,https://www.ebay.es/itm/287274428149,PriceCharting
Neo Genesis,Kingdra,8/111,1st Edition,PSA 8,2026-04-20,152.50,USD,eBay,unknown,FALSE,,,2000 POKEMON NEO GENESIS 1ST EDITION #8 KINGDRA-HOLO PSA 8 #8,https://www.ebay.es/itm/306871149563,PriceCharting
Neo Genesis,Kingdra,8/111,1st Edition,PSA 8,2026-03-31,110.00,USD,eBay,best offer,TRUE,110.00,,2000 POKEMON NEO GENESIS 1ST EDITION #8 KINGDRA-HOLO PSA 8 #8,https://www.ebay.es/itm/277852754255,PriceCharting
Neo Genesis,Kingdra,8/111,1st Edition,PSA 8,2026-03-29,124.00,USD,eBay,unknown,FALSE,,,2000 POKEMON NEO GENESIS 1ST EDITION #8 KINGDRA-HOLO PSA 8 #8,https://www.ebay.es/itm/306834148483,PriceCharting
Neo Genesis,Kingdra,8/111,1st Edition,PSA 8,2026-03-28,199.99,USD,eBay,unknown,FALSE,,,2000 Pokemon Neo Genesis 1st Edition 8 Kingdra PSA 8 143873385 8/111,https://www.ebay.es/itm/157790762698,PriceCharting
Neo Genesis,Kingdra,8/111,1st Edition,PSA 9,2026-09-28,355.00,USD,eBay,unknown,FALSE,,,2000 POKEMON NEO GENESIS 1ST EDITION #8 KINGDRA-HOLO PSA 9 #8,https://www.ebay.es/itm/178201479217,PriceCharting
Neo Genesis,Kingdra,8/111,1st Edition,PSA 9,2026-09-28,399.99,USD,eBay,unknown,FALSE,,,Pokemon PSA 9 1st Edition Neo Genesis Kingdra Holo Rare 8/111 MINT 8/111,https://www.ebay.es/itm/157975689852,PriceCharting
Neo Genesis,Kingdra,8/111,1st Edition,PSA 9,2026-09-28,400.00,USD,eBay,unknown,FALSE,,,2000 POKEMON NEO GENESIS KINGDRA HOLO 1ST EDITION PSA 9 WITH SWIRL! 8/111,https://www.ebay.es/itm/158310233018,PriceCharting
Neo Genesis,Kingdra,8/111,1st Edition,PSA 9,2026-09-23,300.00,USD,eBay,best offer,TRUE,,,Kingdra 8/111 Neo Genesis Holo Rare 1st Edition PSA 9 2000 Pokemon TCG 8/111,https://www.ebay.es/itm/198493857663,PriceCharting
Neo Genesis,Kingdra,8/111,1st Edition,PSA 9,2026-09-17,324.99,USD,eBay,unknown,FALSE,,,2000 Pokemon Neo Genesis - Kingdra Holo 1st Edition 8/111 PSA 9 8/111,https://www.ebay.es/itm/407172323132,PriceCharting
Neo Genesis,Kingdra,8/111,1st Edition,PSA 9,2026-09-14,355.00,USD,eBay,unknown,FALSE,,,2000 Pokemon Neo Genesis Kingdra 1st Edition Holo #8 - PSA 9 - MINT! #8,https://www.ebay.es/itm/178469256055,PriceCharting
Neo Genesis,Kingdra,8/111,1st Edition,PSA 9,2026-09-10,305.00,USD,eBay,best offer,TRUE,305.00,,2000 POKEMON NEO GENESIS 1ST EDITION #8/111 KINGDRA-HOLO PSA 9 SWIRL 💎 #8,https://www.ebay.es/itm/318849731241,PriceCharting
Neo Genesis,Kingdra,8/111,1st Edition,PSA 9,2026-09-04,299.99,USD,eBay,unknown,FALSE,,,2000 POKEMON NEO GENESIS #8 KINGDRA HOLO 1ST EDITION PSA 9 MINT #102,https://www.ebay.es/itm/198568415916,PriceCharting
Neo Genesis,Kingdra,8/111,1st Edition,PSA 9,2026-08-30,348.71,USD,eBay,unknown,FALSE,,,KINGDRA HOLO 1ST EDITION POKEMON NEO GENESIS 1ST EDITION EN 2000 8/111 PSA 9,https://www.ebay.es/itm/137643356990,PriceCharting
Neo Genesis,Kingdra,8/111,1st Edition,PSA 9,2026-08-17,260.00,USD,eBay,unknown,FALSE,,,Pokemon Kingdra Holo Neo Genesis 1st Edition 8/111 PSA 9 Mint 8/111,https://www.ebay.es/itm/287511105031,PriceCharting
Neo Genesis,Kingdra,8/111,1st Edition,PSA 9,2026-08-16,245.00,USD,eBay,best offer,TRUE,245.00,,PSA 9 2000 Pokemon Neo Genesis Kingdra Holo 1st Edition #8/111 Graded 8/111,https://www.ebay.es/itm/198573315210,PriceCharting
Neo Genesis,Kingdra,8/111,1st Edition,PSA 9,2026-08-07,350.00,USD,eBay,unknown,FALSE,,,Pokémon Neo Genesis Kingdra 8/111 Holo Rare First Edition PSA 9 💫SWIRL💫 8/111,https://www.ebay.es/itm/398181663290,PriceCharting
Neo Genesis,Kingdra,8/111,1st Edition,PSA 9,2026-08-02,265.00,USD,eBay,unknown,FALSE,,,2000 POKEMON NEO GENESIS 1ST EDITION #8 KINGDRA-HOLO PSA 9 #8,https://www.ebay.es/itm/117318717238,PriceCharting
Neo Genesis,Kingdra,8/111,1st Edition,PSA 9,2026-07-21,230.00,USD,eBay,unknown,FALSE,,,Neo Genesis Kingdra 1st Edition Holo PSA 9 Graded 8/111 2000 Pokémon TCG 8/111,https://www.ebay.es/itm/158089920178,PriceCharting
Neo Genesis,Kingdra,8/111,1st Edition,PSA 9,2026-07-20,275.00,USD,eBay,unknown,FALSE,,,Pokémon Neo Genesis Kingdra 8/111 Holo Rare First Edition PSA 9 💫SWIRL💫 8/111,https://www.ebay.es/itm/358780557499,PriceCharting
Neo Genesis,Kingdra,8/111,1st Edition,PSA 9,2026-07-19,319.99,USD,eBay,unknown,FALSE,,,2000 Pokemon Neo Genesis 1st Edition Holo Rare Kingdra PSA 9 8/111 #111,https://www.ebay.es/itm/158077668524,PriceCharting
Neo Genesis,Kingdra,8/111,1st Edition,PSA 9,2026-07-12,325.00,USD,eBay,best offer,TRUE,325.00,,Pokemon TCG | 1st Edition Neo Genesis Kingdra Holo Rare 8/111 | PSA 9 💧 8/111,https://www.ebay.es/itm/318551218199,PriceCharting
Neo Genesis,Kingdra,8/111,1st Edition,PSA 9,2026-07-04,325.00,USD,eBay,unknown,FALSE,,,Pokemon Kingdra Holo Neo Genesis 1st Edition 8/111 PSA 9 8/111,https://www.ebay.es/itm/287411971717,PriceCharting
Neo Genesis,Kingdra,8/111,1st Edition,PSA 9,2026-07-02,275.00,USD,eBay,best offer,TRUE,275.00,,2000 Pokemon Neo Genesis Kingdra #8 PSA 9 1st Edition Holo Mint #8,https://www.ebay.es/itm/398130067387,PriceCharting
Neo Genesis,Kingdra,8/111,1st Edition,PSA 9,2026-06-28,275.00,USD,eBay,unknown,FALSE,,,2000 POKEMON NEO GENESIS 1ST EDITION #8 KINGDRA-HOLO PSA 9 #8,https://www.ebay.es/itm/298460360996,PriceCharting
Neo Genesis,Kingdra,8/111,1st Edition,PSA 9,2026-06-22,255.00,USD,eBay,unknown,FALSE,,,2000 POKEMON NEO GENESIS 1ST EDITION #8 KINGDRA-HOLO PSA 9 #8,https://www.ebay.es/itm/306988333012,PriceCharting
Neo Genesis,Kingdra,8/111,1st Edition,PSA 9,2026-06-21,202.50,USD,eBay,unknown,FALSE,,,2000 Pokemon Neo Genesis 1st Edition Kingdra PSA 9 Holo #8/111 8/111,https://www.ebay.es/itm/157996954716,PriceCharting
Neo Genesis,Kingdra,8/111,1st Edition,PSA 10,2026-09-19,4999.99,USD,eBay,unknown,FALSE,,,2000 POKEMON NEO GENESIS 1ST EDITION #8 KINGDRA-HOLO PSA 10 #8,https://www.ebay.es/itm/307157217094,PriceCharting
Neo Genesis,Kingdra,8/111,1st Edition,PSA 10,2026-09-18,5099.00,USD,eBay,unknown,FALSE,,,Pokemon Kingdra Holo Neo Genesis 1st Edition 8/111 PSA 10 Gem Mint 8/111,https://www.ebay.es/itm/287590281196,PriceCharting
Neo Genesis,Kingdra,8/111,1st Edition,PSA 10,2026-07-08,3850.00,USD,eBay,best offer,TRUE,3850.00,,2000 POKEMON NEO GENESIS 1ST EDITION #8 KINGDRA HOLO PSA 10 Gem Mint #8,https://www.ebay.es/itm/257486456650,PriceCharting
Neo Genesis,Kingdra,8/111,1st Edition,PSA 10,2026-03-19,4500.00,USD,eBay,unknown,FALSE,,,2000 Pokemon Kingdra Neo Genesis 1st Edition Holo Rare #8/111 Gem Mint PSA 10 8/111,https://www.ebay.es/itm/277775614204,PriceCharting
Neo Genesis,Kingdra,8/111,1st Edition,PSA 10,2026-01-12,1598.00,USD,eBay,unknown,FALSE,,,2000 POKEMON NEO GENESIS 1ST ED #8 KINGDRA-HOLO PSA 10 #8,https://www.ebay.es/itm/116979644244,PriceCharting
Neo Genesis,Kingdra,8/111,1st Edition,PSA 10,2025-12-27,1300.00,USD,eBay,unknown,FALSE,,,Pokemon 1st Edition Neo Genesis Kingdra PSA 10 GEM MINT # 65852954 * SWIRL * #8,https://www.ebay.es/itm/358056359495,PriceCharting
Neo Genesis,Kingdra,8/111,1st Edition,PSA 10,2025-12-18,1650.00,USD,eBay,unknown,FALSE,,,2000 Pokemon Neo Genesis 1st Edition #8 Kingdra Holo PSA 10 Gem Mint #8,https://www.ebay.es/itm/116377919587,PriceCharting
Neo Genesis,Kingdra,8/111,1st Edition,PSA 10,2025-10-31,1009.00,USD,eBay,unknown,FALSE,,,2000 WOTC POKEMON NEO GENESIS 1ST EDITION KINGDRA 8/111 HOLO RARE PSA 10 GEM MT 8/111,https://www.ebay.es/itm/357774365754,PriceCharting
Neo Genesis,Kingdra,8/111,1st Edition,PSA 10,2025-09-13,1125.00,USD,eBay,unknown,FALSE,,,Pokemon 1st Edition Neo Genesis Kingdra PSA10 # 47601404 POP ONLY 97 Nation Wide 8/111,https://www.ebay.es/itm/226956885333,PriceCharting
Neo Genesis,Kingdra,8/111,1st Edition,PSA 10,2025-08-11,998.89,USD,eBay,unknown,FALSE,,,Pokemon Kingdra Neo Genesis 1st Edition Holo Rare #8 PSA 10 Gem Mint,https://www.ebay.es/itm/286742724575,PriceCharting
Neo Genesis,Kingdra,8/111,1st Edition,PSA 10,2025-07-26,999.99,USD,eBay,unknown,FALSE,,,Pokemon PSA 10 GEM MINT 1st Ed. Neo Genesis Holo Kingdra 8/111 (JC) 8/111,https://www.ebay.es/itm/326702292078,PriceCharting
Neo Genesis,Kingdra,8/111,1st Edition,PSA 10,2025-06-16,81.00,USD,eBay,unknown,FALSE,,,2000 Pokemon Neo Genesis Kingdra Holo 1st Edition Edge Gem Mint 10 Like PSA 10 8/111,https://www.ebay.es/itm/316956618514,PriceCharting
Neo Genesis,Kingdra,8/111,1st Edition,PSA 10,2025-06-08,800.00,USD,eBay,unknown,FALSE,,,2000 POKEMON NEO GENESIS 1ST ED #8 KINGDRA-HOLO PSA 10 #8,https://www.ebay.es/itm/306244691548,PriceCharting
Neo Genesis,Kingdra,8/111,1st Edition,PSA 10,2025-05-28,799.00,USD,eBay,unknown,FALSE,,,Pokemon Kingdra Neo Genesis 1st Edition Holo Rare #8 PSA 10 Gem Mint,https://www.ebay.es/itm/286523659736,PriceCharting
Neo Genesis,Kingdra,8/111,1st Edition,PSA 10,2025-04-26,612.00,USD,eBay,unknown,FALSE,,,2000 Pokemon Neo Genesis Kingdra 1st Edition Holo PSA 10 #8/111 Pop 109 #8,https://www.ebay.es/itm/187162060692,PriceCharting
Neo Genesis,Kingdra,8/111,1st Edition,PSA 10,2025-04-03,101.00,USD,eBay,unknown,FALSE,,,2000 Pokemon Neo Genesis Kingdra 1st Edition Holo Edge Gem Mint 10 Like PSA 10 8/111,https://www.ebay.es/itm/316580936059,PriceCharting
Neo Genesis,Kingdra,8/111,1st Edition,PSA 10,2025-03-17,685.00,USD,eBay,unknown,FALSE,,,Pokemon Kingdra Neo Genesis 1st Edition Holo Rare #8 PSA 10 Gem Mint,https://www.ebay.es/itm/286390779748,PriceCharting
Neo Genesis,Kingdra,8/111,1st Edition,PSA 10,2025-02-03,939.99,USD,eBay,unknown,FALSE,,,POKEMON 1st Edition Neo Genesis KINGDRA 8/111 Holo Rare PSA 10 GEM MINT Vintage 8/111,https://www.ebay.es/itm/166841592256,PriceCharting
Neo Genesis,Kingdra,8/111,1st Edition,PSA 10,2025-01-18,685.00,USD,eBay,unknown,FALSE,,,2000 Pokemon Neo Genesis 1st Edition #8 Kingdra Holo PSA 10 Gem Mint #8,https://www.ebay.es/itm/135224932393,PriceCharting
Neo Genesis,Kingdra,8/111,1st Edition,PSA 10,2024-12-15,670.00,USD,eBay,unknown,FALSE,,,2000 POKEMON NEO GENESIS 1ST EDITION #8 KINGDRA-HOLO PSA 10 #8,https://www.ebay.es/itm/305958075523,PriceCharting
Neo Genesis,Kingdra,8/111,1st Edition,PSA 10,2024-09-15,660.00,USD,eBay,unknown,FALSE,,,Pokemon Kingdra Neo Genesis 1st Edition Holo Rare #8 PSA 10 Gem Mint,https://www.ebay.es/itm/286047414695,PriceCharting
Neo Genesis,Kingdra,8/111,1st Edition,PSA 10,2024-08-30,600.00,USD,eBay,unknown,FALSE,,,Pokemon Kingdra Neo Genesis 1st Edition Holo Rare #8 PSA 10 Gem Mint,https://www.ebay.es/itm/286035992144,PriceCharting
Neo Genesis,Kingdra,8/111,1st Edition,PSA 10,2024-08-23,800.00,USD,eBay,unknown,FALSE,,,2000 Pokemon Neo Genesis 1st Ed Kingdra holo 8/111 PSA 10 GEM MINT #8,https://www.ebay.es/itm/196576441231,PriceCharting
Neo Genesis,Kingdra,8/111,1st Edition,PSA 10,2024-07-22,678.00,USD,eBay,unknown,FALSE,,,Pokemon Kingdra 1st Edition PSA 10 Gem Mint Neo Genesis 8/111 Beautiful Swirl! #8,https://www.ebay.es/itm/226242089529,PriceCharting
Neo Genesis,Kingdra,8/111,1st Edition,PSA 10,2024-06-06,899.99,USD,eBay,unknown,FALSE,,,2000 Pokemon Neo Genesis 1st Ed Kingdra holo 8/111 PSA 10 GEM MINT #8,https://www.ebay.es/itm/314886736578,PriceCharting
Neo Genesis,Kingdra,8/111,1st Edition,PSA 10,2024-04-23,510.00,USD,eBay,unknown,FALSE,,,2000 Pokemon Neo Genesis Kingdra Holo 1st Edition #8 PSA 10 (17),https://www.ebay.es/itm/126436419367,PriceCharting
Neo Genesis,Kingdra,8/111,1st Edition,PSA 10,2024-01-31,649.99,USD,eBay,unknown,FALSE,,,2000 Pokemon Neo Genesis 8 Kingdra 1st Edition Holo Rare Pokemon TCG Card PSA 10 #8,https://www.ebay.es/itm/364701028839,PriceCharting
Neo Genesis,Kingdra,8/111,1st Edition,PSA 10,2023-12-21,699.99,USD,eBay,unknown,FALSE,,,2000 Neo Genesis 8 Kingdra 1st Edition Holo Rare Pokemon TCG Card PSA 10 #8,https://www.ebay.es/itm/116012347603,PriceCharting
Neo Genesis,Kingdra,8/111,1st Edition,PSA 10,2023-10-07,799.99,USD,eBay,unknown,FALSE,,,2000 Pokemon Neo Genesis 1st Ed Kingdra Holo 8/111 PSA 10 GEM MINT #8,https://www.ebay.es/itm/134672471409,PriceCharting
Neo Genesis,Kingdra,8/111,Unlimited,PSA 8,2026-09-12,55.00,USD,eBay,best offer,TRUE,55.00,,2000 POKEMON NEO GENESIS HOLO KINGDRA 8/111 PSA 8 8/111,https://www.ebay.es/itm/398274520935,PriceCharting
Neo Genesis,Kingdra,8/111,Unlimited,PSA 8,2026-09-07,41.00,USD,eBay,unknown,FALSE,,,2000 POKEMON GAME KINGDRA HOLO NEO GENESIS 8/111 PSA 8 WOTC POKEMON TCG 8/111,https://www.ebay.es/itm/137679561846,PriceCharting
Neo Genesis,Kingdra,8/111,Unlimited,PSA 8,2026-09-06,69.99,USD,eBay,unknown,FALSE,,,2000 POKEMON NEO GENESIS KINGDRA HOLO 8/111 PSA 8 NEW CERT,https://www.ebay.es/itm/366638487349,PriceCharting
Neo Genesis,Kingdra,8/111,Unlimited,PSA 8,2026-08-08,72.00,USD,eBay,unknown,FALSE,,,Pokemon PSA 8 Kingdra 8/111 Neo Genesis Unl 2000 New Cert Clean,https://www.ebay.es/itm/318597682865,PriceCharting
Neo Genesis,Kingdra,8/111,Unlimited,PSA 8,2026-08-06,55.00,USD,eBay,unknown,FALSE,,,2000 POKEMON NEO GENESIS #8 KINGDRA HOLO RARE PSA 8 #8,https://www.ebay.es/itm/117057734156,PriceCharting
Neo Genesis,Kingdra,8/111,Unlimited,PSA 8,2026-08-01,61.00,USD,eBay,unknown,FALSE,,,2000 POKEMON NEO GENESIS #8 KINGDRA-HOLO PSA 8 #8,https://www.ebay.es/itm/298516462266,PriceCharting
Neo Genesis,Kingdra,8/111,Unlimited,PSA 8,2026-07-25,95.00,USD,eBay,unknown,FALSE,,,PSA 8 - Pokemon Neo Genesis Holo Kingdra 8/111 - 🌀 NICE SWIRL 🌀 - NEW CERT 8/111,https://www.ebay.es/itm/178328621570,PriceCharting
Neo Genesis,Kingdra,8/111,Unlimited,PSA 8,2026-07-23,60.00,USD,eBay,unknown,FALSE,,,2000 POKEMON NEO GENESIS KINGDRA HOLO #8 PSA 8,https://www.ebay.es/itm/137320192137,PriceCharting
Neo Genesis,Kingdra,8/111,Unlimited,PSA 8,2026-07-20,59.95,USD,eBay,unknown,FALSE,,,Pokémon Kingdra #8/111 Holo Rare - 2000 Neo Genesis Set - PSA 8 (NM-MT) Cond. 8/111,https://www.ebay.es/itm/298498976232,PriceCharting
Neo Genesis,Kingdra,8/111,Unlimited,PSA 8,2026-07-19,60.00,USD,eBay,unknown,FALSE,,,2000 POKEMON NEO GENESIS KINGDRA HOLO #8 PSA 8,https://www.ebay.es/itm/137320191699,PriceCharting
Neo Genesis,Kingdra,8/111,Unlimited,PSA 8,2026-07-18,56.10,USD,eBay,unknown,FALSE,,,Pokemon 2000 Kingdra 8/111 Holo Neo Genesis PSA 8 8/111,https://www.ebay.es/itm/407064533737,PriceCharting
Neo Genesis,Kingdra,8/111,Unlimited,PSA 8,2026-07-15,49.99,USD,eBay,unknown,FALSE,,,Pokemon 2000 PM Neo Genesis Kingdra 8/111 Holo PSA 8 8/111,https://www.ebay.es/itm/137510987212,PriceCharting
Neo Genesis,Kingdra,8/111,Unlimited,PSA 8,2026-07-10,52.00,USD,eBay,unknown,FALSE,,,145653972 Kingdra 2000 Pokemon Neo Genesis #8/111 Holo PSA 8 8/111,https://www.ebay.es/itm/158048903666,PriceCharting
Neo Genesis,Kingdra,8/111,Unlimited,PSA 8,2026-07-08,53.99,USD,eBay,best offer,TRUE,53.99,,2000 POKEMON NEO GENESIS #8 KINGDRA-HOLO - PSA 8 NM-MT GRADED #8,https://www.ebay.es/itm/227415890312,PriceCharting
Neo Genesis,Kingdra,8/111,Unlimited,PSA 8,2026-07-06,47.00,USD,eBay,unknown,FALSE,,,2000 POKEMON NEO GENESIS #8 KINGDRA-HOLO PSA 8 #8,https://www.ebay.es/itm/298453590491,PriceCharting
Neo Genesis,Kingdra,8/111,Unlimited,PSA 8,2026-07-02,51.00,USD,eBay,best offer,TRUE,51.00,,2000 POKEMON NEO GENESIS KINGDRA HOLO #8 PSA 8,https://www.ebay.es/itm/358745492358,PriceCharting
Neo Genesis,Kingdra,8/111,Unlimited,PSA 8,2026-07-02,54.00,USD,eBay,unknown,FALSE,,,2000 POKEMON NEO GENESIS #8 KINGDRA-HOLO PSA 8 #8,https://www.ebay.es/itm/117263924672,PriceCharting
Neo Genesis,Kingdra,8/111,Unlimited,PSA 8,2026-06-29,59.00,USD,eBay,unknown,FALSE,,,Pokemon TCG Neo Genesis Kingdra 8/111 Holo Rare English PSA 8 2000 Unlimited 8/111,https://www.ebay.es/itm/398116623389,PriceCharting
Neo Genesis,Kingdra,8/111,Unlimited,PSA 8,2026-06-26,66.00,USD,eBay,unknown,FALSE,,,Pokemon Company Kingdra 8/111 Neo Genesis Holo Unlimited PSA 8 EN 2000 8/111,https://www.ebay.es/itm/398084612795,PriceCharting
Neo Genesis,Kingdra,8/111,Unlimited,PSA 9,2026-09-14,300.00,USD,eBay,best offer,TRUE,300.00,,Pokemon TCG PSA 9 Kingdra 8/111 Neo Genesis Holo 8/111,https://www.ebay.es/itm/398311931191,PriceCharting
Neo Genesis,Kingdra,8/111,Unlimited,PSA 9,2026-08-30,154.00,USD,eBay,unknown,FALSE,,,Pokemon Neo Genesis Kingdra PSA 9 8/111,https://www.ebay.es/itm/147533677374,PriceCharting
Neo Genesis,Kingdra,8/111,Unlimited,PSA 9,2026-08-12,155.50,USD,eBay,unknown,FALSE,,,2000 Pokemon Neo Genesis Kingdra Holo #8/111 PSA 9,https://www.ebay.es/itm/128014431743,PriceCharting
Neo Genesis,Kingdra,8/111,Unlimited,PSA 9,2026-06-14,145.00,USD,eBay,best offer,TRUE,145.00,,Pokemon Kingdra 8/111 Neo Genesis Holo PSA 9 Mint WOTC 2000 Clean Holo 8/111,https://www.ebay.es/itm/117217206850,PriceCharting
Neo Genesis,Kingdra,8/111,Unlimited,PSA 9,2026-04-28,120.00,USD,eBay,unknown,FALSE,,,PSA 9 MINT Kingdra 2000 Neo Genesis 8/111 Holo SWIRL Pokemon Card 8/111,https://www.ebay.es/itm/127543294811,PriceCharting
Neo Genesis,Kingdra,8/111,Unlimited,PSA 9,2026-04-20,75.00,USD,eBay,unknown,FALSE,,,Neo Genesis Pokémon TCG Kingdra PSA 9 8/111,https://www.ebay.es/itm/358183114685,PriceCharting
Neo Genesis,Kingdra,8/111,Unlimited,PSA 9,2026-04-14,100.00,USD,eBay,unknown,FALSE,,,2000 POKEMON NEO GENESIS #8 KINGDRA-HOLO PSA 9 #8,https://www.ebay.es/itm/117139719713,PriceCharting
Neo Genesis,Kingdra,8/111,Unlimited,PSA 9,2026-04-09,95.00,USD,eBay,unknown,FALSE,,,2000 Pokemon Kingdra Holo Neo Genesis #8 8/111 PSA 9 8/111,https://www.ebay.es/itm/157011336590,PriceCharting
Neo Genesis,Kingdra,8/111,Unlimited,PSA 9,2026-03-29,120.00,USD,eBay,unknown,FALSE,,,2000 Pokémon Neo Genesis Kingdra- Holo PSA 9 Mint 8/111,https://www.ebay.es/itm/157734994258,PriceCharting
Neo Genesis,Kingdra,8/111,Unlimited,PSA 9,2026-03-07,105.00,USD,eBay,unknown,FALSE,,,Pokemon Kingdra Neo Genesis Unlimited Holo Rare #8 PSA 9 Mint,https://www.ebay.es/itm/287184596576,PriceCharting
Neo Genesis,Kingdra,8/111,Unlimited,PSA 9,2026-03-05,89.99,USD,eBay,unknown,FALSE,,,[ PSA 9] Kingdra 8/111 Neo Genesis Unlimited Holo Rare Mint English Pokémon 8/111,https://www.ebay.es/itm/397623336286,PriceCharting
Neo Genesis,Kingdra,8/111,Unlimited,PSA 9,2026-02-23,80.00,USD,eBay,unknown,FALSE,,,2000 Pokemon Neo Genesis - Kingdra - Holo - PSA 9 8/111,https://www.ebay.es/itm/389618216344,PriceCharting
Neo Genesis,Kingdra,8/111,Unlimited,PSA 9,2026-02-14,85.10,USD,eBay,unknown,FALSE,,,2000 Pokemon Neo Genesis Kingdra-Holo #8 PSA 9 MINT,https://www.ebay.es/itm/397589838591,PriceCharting
Neo Genesis,Kingdra,8/111,Unlimited,PSA 9,2026-01-31,45.00,USD,eBay,unknown,FALSE,,,Pokémon Neo Genesis Unlimited Holo Rare Kingdra 8/111 Mint PSA 9 English 8/111,https://www.ebay.es/itm/376375360247,PriceCharting
Neo Genesis,Kingdra,8/111,Unlimited,PSA 9,2026-01-23,70.99,USD,eBay,unknown,FALSE,,,2000 POKEMON NEO GENESIS #8 KINGDRA HOLO PSA 9,https://www.ebay.es/itm/389491164569,PriceCharting
Neo Genesis,Kingdra,8/111,Unlimited,PSA 9,2026-01-14,64.00,USD,eBay,best offer,TRUE,64.00,,"Pokemon Neo Genesis Holo Kingdra Card 2000 PSA 9 Mint, #8/111, WOTC 8/111",https://www.ebay.es/itm/397008714199,PriceCharting
Neo Genesis,Kingdra,8/111,Unlimited,PSA 9,2026-01-14,68.00,USD,eBay,best offer,TRUE,,,Pokémon TCG Kingdra Neo Genesis Unlimited Holofoil 2000 #8/111 PSA 9 MINT 🍃 8/111,https://www.ebay.es/itm/376771074190,PriceCharting
Neo Genesis,Kingdra,8/111,Unlimited,PSA 9,2026-01-01,74.00,USD,eBay,unknown,FALSE,,,Pokémon Neo Genesis Unlimited Holo Rare Kingdra 8/111 Mint PSA 9 English 8/111,https://www.ebay.es/itm/267407021114,PriceCharting
Neo Genesis,Kingdra,8/111,Unlimited,PSA 9,2025-12-28,71.00,USD,eBay,unknown,FALSE,,,2000 POKEMON NEO GENESIS #8 KINGDRA HOLO PSA 9,https://www.ebay.es/itm/267515227611,PriceCharting
Neo Genesis,Kingdra,8/111,Unlimited,PSA 9,2025-12-14,80.00,USD,eBay,unknown,FALSE,,,PSA 9 MINT 2000 Pokemon Card Neo Genesis Holo Kingdra #8/111 WOTC WITH SWIRL 🌀 8/111,https://www.ebay.es/itm/305838187418,PriceCharting
Neo Genesis,Kingdra,8/111,Unlimited,PSA 10,2026-05-23,2000.00,USD,eBay,unknown,FALSE,,,PSA 10 GEM MINT Kingdra 8/111 HOLO RARE Neo Genesis Pokemon Card Pop 37 8/111,https://www.ebay.es/itm/267667827393,PriceCharting
Neo Genesis,Kingdra,8/111,Unlimited,PSA 10,2025-02-10,189.50,USD,eBay,unknown,FALSE,,,2000 Pokemon Neo Genesis #8 Kingdra Holo PSA 10 Gem Mint #8,https://www.ebay.es/itm/167288363837,PriceCharting
Neo Genesis,Kingdra,8/111,Unlimited,PSA 10,2024-08-03,234.68,USD,eBay,unknown,FALSE,,,2000 Pokémon Neo Genesis Kingdra Holo 8 - PSA 10 #8,https://www.ebay.es/itm/186393395099,PriceCharting
Neo Genesis,Kingdra,8/111,Unlimited,PSA 10,2024-05-26,300.00,USD,eBay,unknown,FALSE,,,PSA 10 Pokemon Kingdra Neo Genesis Unlimited Holo Rare #8 VERY LOW POP! #8,https://www.ebay.es/itm/315067320928,PriceCharting
Neo Genesis,Kingdra,8/111,Unlimited,PSA 10,2024-05-14,268.69,USD,eBay,unknown,FALSE,,,2000 Pokemon Neo Genesis #8 Kingdra - Holo PSA 10 GEM MINT,https://www.ebay.es/itm/375415000226,PriceCharting
Neo Genesis,Kingdra,8/111,Unlimited,PSA 10,2024-04-12,343.00,USD,eBay,unknown,FALSE,,,2000 Pokemon Neo Genesis #8 Kingdra - Holo PSA 10 GEM MINT,https://www.ebay.es/itm/375351983429,PriceCharting
Neo Genesis,Kingdra,8/111,Unlimited,PSA 10,2024-03-03,288.00,USD,eBay,unknown,FALSE,,,Pokemon Kingdra Neo Genesis Unlimited Holo Rare #8 PSA 10 Gem Mint,https://www.ebay.es/itm/285731573760,PriceCharting
Neo Genesis,Lugia,9/111,1st Edition,PSA 8,2026-09-27,6900.00,USD,eBay,unknown,FALSE,,,2000 Pokemon Neo Genesis 1st Edition English Card: PSA 8 - Lugia Holo #9/111 #102,https://www.ebay.es/itm/168298583832,PriceCharting
Neo Genesis,Lugia,9/111,1st Edition,PSA 8,2026-09-27,6917.66,USD,eBay,best offer,TRUE,,,PSA 8 2000 Pokémon TCG Neo Genesis Lugia Holo Rare 1st Edition 9/111 9/111,https://www.ebay.es/itm/366646156814,PriceCharting
Neo Genesis,Lugia,9/111,1st Edition,PSA 8,2026-09-27,6600.00,USD,eBay,best offer,TRUE,6600.00,,2000 POKEMON NEO GENESIS 1ST EDITION #9 LUGIA-HOLO PSA 8 #9,https://www.ebay.es/itm/307192125386,PriceCharting
Neo Genesis,Lugia,9/111,1st Edition,PSA 8,2026-09-25,5200.00,USD,eBay,unknown,FALSE,,,2000 Pokemon Neo Genesis 1st Edition #9/111 Lugia Holo PSA 8 NM-MT,https://www.ebay.es/itm/366674985219,PriceCharting
Neo Genesis,Lugia,9/111,1st Edition,PSA 8,2026-09-18,5900.00,USD,eBay,unknown,FALSE,,,2000 POKEMON NEO GENESIS 1ST ED #9 LUGIA-HOLO PSA 8 #9,https://www.ebay.es/itm/117122729369,PriceCharting
Neo Genesis,Lugia,9/111,1st Edition,PSA 8,2026-09-06,5350.00,USD,eBay,unknown,FALSE,,,Pokemon Lugia Holo Neo Genesis 1st Edition 9/111 PSA 8 9/111,https://www.ebay.es/itm/287552954500,PriceCharting
Neo Genesis,Lugia,9/111,1st Edition,PSA 8,2026-08-23,5300.00,USD,eBay,unknown,FALSE,,,2000 POKEMON NEO GENESIS 1ST EDITION #9 LUGIA-HOLO PSA 8 #9,https://www.ebay.es/itm/307120714221,PriceCharting
Neo Genesis,Lugia,9/111,1st Edition,PSA 8,2026-08-23,6558.87,USD,eBay,unknown,FALSE,,,2000 POKEMON NEO GENESIS 1ST EDITION #9/111 LUGIA HOLO PSA 8 9/111,https://www.ebay.es/itm/206491874853,PriceCharting
Neo Genesis,Lugia,9/111,1st Edition,PSA 8,2026-08-18,6655.00,USD,eBay,unknown,FALSE,,,2000 POKEMON NEO GENESIS 1ST EDITION #9 LUGIA-HOLO 1ST EDITION PSA 8 SWIRL,https://www.ebay.es/itm/800475515266,PriceCharting
Neo Genesis,Lugia,9/111,1st Edition,PSA 8,2026-08-16,5000.00,USD,eBay,best offer,TRUE,5000.00,,2000 POKEMON NEO GENESIS 1ST EDITION #9 LUGIA-HOLO PSA 8 #9,https://www.ebay.es/itm/307129606548,PriceCharting
Neo Genesis,Lugia,9/111,1st Edition,PSA 8,2026-08-14,4839.00,USD,eBay,unknown,FALSE,,,Nintendo 2000 Pokemon Neo Genesis 1st Edition Holo Lugia 9/111 PSA 8 9/111,https://www.ebay.es/itm/236991791622,PriceCharting
Neo Genesis,Lugia,9/111,1st Edition,PSA 8,2026-08-14,5100.00,USD,eBay,unknown,FALSE,,,2000 POKEMON NEO GENESIS LUGIA 9/111 NEO GENESIS 1ST EDITION HOLO PSA 8 CENTERED 9/111,https://www.ebay.es/itm/358880514772,PriceCharting
Neo Genesis,Lugia,9/111,1st Edition,PSA 8,2026-08-09,5600.00,USD,eBay,unknown,FALSE,,,Pokemon Lugia Holo Neo Genesis 1st Edition 9/111 PSA 8 9/111,https://www.ebay.es/itm/287495386820,PriceCharting
Neo Genesis,Lugia,9/111,1st Edition,PSA 8,2026-08-07,5994.00,USD,eBay,unknown,FALSE,,,2000 Pokemon Neo Genesis 1st Edition #9 Lugia Holo PSA 8 NM-MT w/ SWIRL,https://www.ebay.es/itm/377382688013,PriceCharting
Neo Genesis,Lugia,9/111,1st Edition,PSA 8,2026-08-04,6000.00,USD,eBay,unknown,FALSE,,,Lugia 1st Edition 2000 Neo Genesis Holo #9/111 PSA 8 Pokemon Card 9/111,https://www.ebay.es/itm/257657415447,PriceCharting
Neo Genesis,Lugia,9/111,1st Edition,PSA 8,2026-08-03,5931.50,USD,eBay,unknown,FALSE,,,2000 POKEMON NEO GENESIS 1ST EDITION #9 LUGIA-HOLO PSA 8 #9,https://www.ebay.es/itm/298531826067,PriceCharting
Neo Genesis,Lugia,9/111,1st Edition,PSA 8,2026-08-02,5241.00,USD,eBay,unknown,FALSE,,,2000 Pokemon Neo Genesis 1st Edition Lugia Holo #9/111 PSA 8,https://www.ebay.es/itm/377374271072,PriceCharting
Neo Genesis,Lugia,9/111,1st Edition,PSA 8,2026-07-29,5529.00,USD,eBay,unknown,FALSE,,,2000 POKEMON NEO GENESIS 1ST EDITION #9 LUGIA-HOLO PSA 8 #9,https://www.ebay.es/itm/307041441225,PriceCharting
Neo Genesis,Lugia,9/111,1st Edition,PSA 9,2026-09-22,19450.00,USD,eBay,unknown,FALSE,,,2000 POKEMON NEO GENESIS 1ST EDITION #9 LUGIA-HOLO PSA 9 #9,https://www.ebay.es/itm/307191561275,PriceCharting
Neo Genesis,Lugia,9/111,1st Edition,PSA 9,2026-09-17,19024.00,USD,eBay,unknown,FALSE,,,POKEMON LUGIA 2000 NEO GENESIS 1ST EDITION #9 HOLO PSA 9 #9,https://www.ebay.es/itm/800632448281,PriceCharting
Neo Genesis,Lugia,9/111,1st Edition,PSA 9,2026-09-14,17000.00,USD,eBay,best offer,TRUE,17000.00,,2000 Pokemon Neo Genesis 1st Edition Lugia 9/111 Holo PSA 9 9/111,https://www.ebay.es/itm/318785041175,PriceCharting
Neo Genesis,Lugia,9/111,1st Edition,PSA 9,2026-09-11,16420.69,USD,eBay,unknown,FALSE,,,2000 POKEMON NEO GENESIS 1ST EDITION #9 LUGIA-HOLO PSA 9 #9,https://www.ebay.es/itm/298505106109,PriceCharting
Neo Genesis,Lugia,9/111,1st Edition,PSA 9,2026-09-09,16000.00,USD,eBay,best offer,TRUE,16000.00,,2000 POKEMON NEO GENESIS 1ST EDITION 9/111 LUGIA HOLO PSA 9 #9,https://www.ebay.es/itm/188851647625,PriceCharting
Neo Genesis,Lugia,9/111,1st Edition,PSA 9,2026-09-05,22320.00,USD,eBay,best offer,TRUE,22320.00,,2000 POKEMON 1ST EDITION NEO GENESIS LUGIA #9/111 WOTC HOLO RARE ENGLISH PSA 9 #9,https://www.ebay.es/itm/307027242636,PriceCharting
Neo Genesis,Lugia,9/111,1st Edition,PSA 9,2026-08-24,13500.00,USD,eBay,unknown,FALSE,,,2000 POKEMON NEO GENESIS 1ST EDITION #9 LUGIA-HOLO PSA 9 #9,https://www.ebay.es/itm/298595858905,PriceCharting
Neo Genesis,Lugia,9/111,1st Edition,PSA 9,2026-08-12,12700.00,USD,eBay,unknown,FALSE,,,2000 Pokemon Neo Genesis 1st Edition #9 Lugia Holo PSA 9 MINT,https://www.ebay.es/itm/377395099644,PriceCharting
Neo Genesis,Lugia,9/111,1st Edition,PSA 9,2026-07-04,14636.67,USD,eBay,unknown,FALSE,,,2000 POKEMON NEO GENESIS 1ST EDITION #9 LUGIA-HOLO PSA 9 #9,https://www.ebay.es/itm/206369811637,PriceCharting
Neo Genesis,Lugia,9/111,1st Edition,PSA 10,2025-06-18,1287.44,USD,eBay,unknown,FALSE,,,Lugia 1st Edition #9/111 Neo Genesis Rare - Pokemon English HP Clean PSA 10,https://www.ebay.es/itm/405972808094,PriceCharting
Neo Genesis,Lugia,9/111,1st Edition,PSA 10,2025-06-17,1584.13,USD,eBay,unknown,FALSE,,,Lugia 1st Edition #9/111 Neo Genesis Rare - Pokemon English HP Clean PSA 10,https://www.ebay.es/itm/405968949683,PriceCharting
Neo Genesis,Lugia,9/111,1st Edition,PSA 10,2025-01-15,6000.00,USD,eBay,unknown,FALSE,,,Lugia First Edition Holo Neo Genesis Pokemon Card! PSA 10,https://www.ebay.es/itm/365343264000,PriceCharting
Neo Genesis,Lugia,9/111,Unlimited,PSA 8,2026-09-25,1500.00,USD,eBay,unknown,FALSE,,,2000 POKEMON NEO GENESIS #9 LUGIA-HOLO PSA 8 #9,https://www.ebay.es/itm/117427578048,PriceCharting
Neo Genesis,Lugia,9/111,Unlimited,PSA 8,2026-09-13,1052.83,USD,eBay,unknown,FALSE,,,Pokemon Card - Lugia 9/111 - Neo Genesis - Cracked from PSA 8 (Cleaned) 9/111,https://www.ebay.es/itm/287563128479,PriceCharting
Neo Genesis,Lugia,9/111,Unlimited,PSA 8,2026-09-05,1500.00,USD,eBay,unknown,FALSE,,,Pokémon TCG 2000 Neo Genesis Lugia Holo Rare 9/111 English PSA 8 9/111,https://www.ebay.es/itm/377468285517,PriceCharting
Neo Genesis,Lugia,9/111,Unlimited,PSA 8,2026-08-31,1150.00,USD,eBay,unknown,FALSE,,,2000 POKEMON NEO GENESIS #9 LUGIA-HOLO 4SC ELITE PSA 8,https://www.ebay.es/itm/366616481821,PriceCharting
Neo Genesis,Lugia,9/111,Unlimited,PSA 8,2026-08-30,947.66,USD,eBay,unknown,FALSE,,,Pokemon Card - Lugia 9/111 - Neo Genesis - Cracked from PSA 8 (Cleaned) 9/111,https://www.ebay.es/itm/287534417618,PriceCharting
Neo Genesis,Lugia,9/111,Unlimited,PSA 8,2026-08-18,1200.00,USD,eBay,unknown,FALSE,,,2000 Pokemon Neo Genesis #9 Lugia Holo MOUTH SWIRL PSA 8 NM-MT,https://www.ebay.es/itm/366592639117,PriceCharting
Neo Genesis,Lugia,9/111,Unlimited,PSA 8,2026-08-18,1245.00,USD,eBay,unknown,FALSE,,,2000 Pokemon Neo Genesis #9 Lugia Holo NICE SWIRL PSA 8 NM-MT,https://www.ebay.es/itm/800476199290,PriceCharting
Neo Genesis,Lugia,9/111,Unlimited,PSA 8,2026-08-13,1133.00,USD,eBay,unknown,FALSE,,,POKEMON LUGIA-HOLO 2000 NEO GENESIS #9 PSA 8 #9,https://www.ebay.es/itm/800467858334,PriceCharting
Neo Genesis,Lugia,9/111,Unlimited,PSA 8,2026-08-09,1075.00,USD,eBay,unknown,FALSE,,,Pokémon Lugia Holo Neo Genesis Unlimited 9/111 PSA 8 eBay Authenticated 9/111,https://www.ebay.es/itm/236979522180,PriceCharting
Neo Genesis,Lugia,9/111,Unlimited,PSA 8,2026-08-07,1614.18,USD,eBay,unknown,FALSE,,,LUGIA HOLO RARE (SWIRL) - #9 NEO GENESIS / PSA 8 NM / POKEMON 2000 WOTC ERA #9,https://www.ebay.es/itm/267727842049,PriceCharting
Neo Genesis,Lugia,9/111,Unlimited,PSA 8,2026-08-04,1350.00,USD,eBay,unknown,FALSE,,,Lugia Holo 9/111 Neo Genesis Pokemon PSA 8 9/111,https://www.ebay.es/itm/236979726731,PriceCharting
Neo Genesis,Lugia,9/111,Unlimited,PSA 8,2026-07-29,1349.99,USD,eBay,unknown,FALSE,,,2000 POKEMON NEO GENESIS #9 LUGIA-HOLO PSA 8 #9,https://www.ebay.es/itm/307071796644,PriceCharting
Neo Genesis,Lugia,9/111,Unlimited,PSA 8,2026-07-27,1300.00,USD,eBay,best offer,TRUE,1300.00,,2000 POKEMON NEO GENESIS #9 LUGIA HOLO PSA 8 #9,https://www.ebay.es/itm/267730086103,PriceCharting
Neo Genesis,Lugia,9/111,Unlimited,PSA 8,2026-07-27,1135.55,USD,eBay,unknown,FALSE,,,2000 POKEMON NEO GENESIS #9 LUGIA-HOLO PSA 8 #9,https://www.ebay.es/itm/117302853630,PriceCharting
Neo Genesis,Lugia,9/111,Unlimited,PSA 8,2026-07-24,1025.00,USD,eBay,unknown,FALSE,,,2000 Pokemon Neo Genesis #9 Lugia Holo PSA 8 NM-MT,https://www.ebay.es/itm/800354704994,PriceCharting
Neo Genesis,Lugia,9/111,Unlimited,PSA 8,2026-07-23,5422.22,USD,eBay,unknown,FALSE,,,Pokemon Lugia 9/111 Neo Genesis Holo PSA 8 9/111,https://www.ebay.es/itm/257616919911,PriceCharting
Neo Genesis,Lugia,9/111,Unlimited,PSA 8,2026-07-21,1080.00,USD,eBay,best offer,TRUE,1080.00,,LUGIA - HOLO 9/111 2000 POKEMON NEO GENESIS #9 PSA 8 NM-MT #9,https://www.ebay.es/itm/287475064700,PriceCharting
Neo Genesis,Lugia,9/111,Unlimited,PSA 8,2026-07-16,1479.00,USD,eBay,unknown,FALSE,,,2000 POKEMON NEO GENESIS #9 LUGIA-HOLO PSA 8 #9,https://www.ebay.es/itm/306988329656,PriceCharting
Neo Genesis,Lugia,9/111,Unlimited,PSA 8,2026-07-06,1109.00,USD,eBay,unknown,FALSE,,,Pokemon TCG Neo Genesis Lugia Holo Rare 9/111 (2000) PSA 8 Graded 9/111,https://www.ebay.es/itm/407036213236,PriceCharting
Neo Genesis,Lugia,9/111,Unlimited,PSA 8,2026-07-06,1250.00,USD,eBay,unknown,FALSE,,,2000 POKEMON NEO GENESIS #9 LUGIA-HOLO PSA 8 #9,https://www.ebay.es/itm/117268660187,PriceCharting
Neo Genesis,Lugia,9/111,Unlimited,PSA 9,2026-08-27,2750.00,USD,eBay,best offer,TRUE,2750.00,,2000 POKEMON NEO GENESIS #9 LUGIA-HOLO PSA 9 #9,https://www.ebay.es/itm/307090659939,PriceCharting
Neo Genesis,Lugia,9/111,Unlimited,PSA 9,2026-07-26,2325.00,USD,eBay,unknown,FALSE,,,2000 POKEMON NEO GENESIS #9 LUGIA-HOLO PSA 9 #9,https://www.ebay.es/itm/298518004861,PriceCharting
Neo Genesis,Lugia,9/111,Unlimited,PSA 9,2026-07-17,2600.00,USD,eBay,unknown,FALSE,,,Pokemon 2000 Lugia 9/111 Holo Neo Genesis PSA 9 9/111,https://www.ebay.es/itm/407063325096,PriceCharting
Neo Genesis,Lugia,9/111,Unlimited,PSA 9,2026-07-12,3350.00,USD,eBay,unknown,FALSE,,,2000 Pokemon LUGIA #9/111 Neo Genesis Unlimited Cosmos Holo Rare English PSA 9 9/111,https://www.ebay.es/itm/307037690099,PriceCharting
Neo Genesis,Lugia,9/111,Unlimited,PSA 9,2026-06-21,3200.00,USD,eBay,unknown,FALSE,,,2000 POKEMON NEO GENESIS #9 LUGIA-HOLO PSA 9 #9,https://www.ebay.es/itm/298388076430,PriceCharting
Neo Genesis,Lugia,9/111,Unlimited,PSA 9,2026-06-03,2499.99,USD,eBay,unknown,FALSE,,,Pokémon TCG Lugia Neo Genesis Holo Rare Card 9/111 PSA 9 Mint 9/111,https://www.ebay.es/itm/298359571640,PriceCharting
Neo Genesis,Lugia,9/111,Unlimited,PSA 9,2026-05-29,3180.00,USD,eBay,unknown,FALSE,,,2000 POKEMON NEO GENESIS #9 LUGIA-HOLO PSA 9 #9,https://www.ebay.es/itm/117217186128,PriceCharting
Neo Genesis,Lugia,9/111,Unlimited,PSA 9,2026-05-24,2800.00,USD,eBay,unknown,FALSE,,,Pokemon Lugia Neo Genesis Unlimited Holo Rare #9 PSA 9 Mint,https://www.ebay.es/itm/287337216149,PriceCharting
Neo Genesis,Lugia,9/111,Unlimited,PSA 9,2026-05-18,3100.00,USD,eBay,unknown,FALSE,,,2000 POKEMON NEO GENESIS #9 LUGIA-HOLO PSA 9 #9,https://www.ebay.es/itm/117192238320,PriceCharting
Neo Genesis,Lugia,9/111,Unlimited,PSA 9,2026-05-10,2869.00,USD,eBay,unknown,FALSE,,,Pokemon Lugia Neo Genesis Unlimited Holo Rare #9 PSA 9 Mint,https://www.ebay.es/itm/287304460316,PriceCharting
Neo Genesis,Lugia,9/111,Unlimited,PSA 9,2026-04-28,3000.00,USD,eBay,unknown,FALSE,,,Pokemon Lugia Neo Genesis Unlimited Holo Rare #9 PSA 9 Mint,https://www.ebay.es/itm/287292342758,PriceCharting
Neo Genesis,Lugia,9/111,Unlimited,PSA 9,2026-04-18,2750.00,USD,eBay,unknown,FALSE,,,2000 Pokemon Neo Genesis #9 Lugia Holo PSA 9 MINT #9,https://www.ebay.es/itm/277888818920,PriceCharting
Neo Genesis,Meganium,10/111,1st Edition,PSA 8,2026-09-26,200.00,USD,eBay,best offer,TRUE,200.00,,2000 POKEMON NEO GENESIS #10 MEGANIUM HOLO PSA 8 1ST EDITION 10/111,https://www.ebay.es/itm/307048202131,PriceCharting
Neo Genesis,Meganium,10/111,1st Edition,PSA 8,2026-09-18,219.27,USD,eBay,unknown,FALSE,,,MEGANIUM PSA 8 2000 POKEMON NEO GENESIS 1ST EDITION #10/111 HOLO 5470 10/111,https://www.ebay.es/itm/188913421787,PriceCharting
Neo Genesis,Meganium,10/111,1st Edition,PSA 8,2026-09-06,265.38,USD,eBay,unknown,FALSE,,,2000 POKEMON NEO GENESIS 1ST EDITION #10 MEGANIUM-HOLO PSA 8 #10,https://www.ebay.es/itm/307149335458,PriceCharting
Neo Genesis,Meganium,10/111,1st Edition,PSA 8,2026-08-31,395.99,USD,eBay,unknown,FALSE,,,2000 POKEMON NEO GENESIS 1ST EDITION #10 MEGANIUM-HOLO PSA 8 #10,https://www.ebay.es/itm/307038567490,PriceCharting
Neo Genesis,Meganium,10/111,1st Edition,PSA 8,2026-08-13,299.99,USD,eBay,unknown,FALSE,,,2000 POKEMON NEO GENESIS 1ST EDITION 10 MEGANIUM-HOLO PSA 8 10/111,https://www.ebay.es/itm/198566173390,PriceCharting
Neo Genesis,Meganium,10/111,1st Edition,PSA 8,2026-08-10,255.66,USD,eBay,unknown,FALSE,,,2000 POKEMON NEO GENESIS 1ST EDITION #10 MEGANIUM-HOLO PSA 8 #10,https://www.ebay.es/itm/298546642471,PriceCharting
Neo Genesis,Meganium,10/111,1st Edition,PSA 8,2026-07-30,249.50,USD,eBay,unknown,FALSE,,,MEGANIUM PSA 8 2000 POKEMON NEO GENESIS 1ST EDITION #10/111 HOLO 6439 10/111,https://www.ebay.es/itm/188676358592,PriceCharting
Neo Genesis,Meganium,10/111,1st Edition,PSA 8,2026-07-22,300.00,USD,eBay,unknown,FALSE,,,2000 POKEMON NEO GENESIS 1ST EDITION #10 MEGANIUM-HOLO PSA 8 #10,https://www.ebay.es/itm/198514965449,PriceCharting
Neo Genesis,Meganium,10/111,1st Edition,PSA 8,2026-07-17,380.00,USD,eBay,unknown,FALSE,,,Meganium PSA 8 Pokemon WOTC 2000 Neo Genesis 1st Edition #10/111 Holo Swirl 10/111,https://www.ebay.es/itm/307059531537,PriceCharting
Neo Genesis,Meganium,10/111,1st Edition,PSA 8,2026-07-15,210.22,USD,eBay,unknown,FALSE,,,Pokémon Neo Genesis 1st Edition Meganium 10/111 Holo Rare PSA 8,https://www.ebay.es/itm/168522467891,PriceCharting
Neo Genesis,Meganium,10/111,1st Edition,PSA 8,2026-07-07,266.13,USD,eBay,unknown,FALSE,,,2000 Pokemon Neo Genesis 1st Edition Holo Meganium #10 PSA 8 with Guard #10,https://www.ebay.es/itm/327242775862,PriceCharting
Neo Genesis,Meganium,10/111,1st Edition,PSA 8,2026-06-28,405.00,USD,eBay,unknown,FALSE,,,Pokemon Meganium Holo Neo Genesis 1st Edition 10/111 PSA 8 10/111,https://www.ebay.es/itm/287401743675,PriceCharting
Neo Genesis,Meganium,10/111,1st Edition,PSA 8,2026-06-28,319.99,USD,eBay,unknown,FALSE,,,2000 Pokemon Neo Genesis 1st Edition #10 Meganium Holo PSA 8 #10,https://www.ebay.es/itm/318414520224,PriceCharting
Neo Genesis,Meganium,10/111,1st Edition,PSA 8,2026-06-22,360.00,USD,eBay,unknown,FALSE,,,2000 POKEMON NEO GENESIS 1ST EDITION #10 MEGANIUM-HOLO PSA 8 #10,https://www.ebay.es/itm/306988336750,PriceCharting
Neo Genesis,Meganium,10/111,1st Edition,PSA 8,2026-06-14,284.42,USD,eBay,unknown,FALSE,,,Pokemon Meganium Neo Genesis 1st Edition Holo Rare #10 PSA 8,https://www.ebay.es/itm/287372395302,PriceCharting
Neo Genesis,Meganium,10/111,1st Edition,PSA 8,2026-06-11,280.00,USD,eBay,unknown,FALSE,,,2000 Pokemon Neo Genesis 1st Edition #10 Meganium Holo PSA 8 NM-MT,https://www.ebay.es/itm/800117972417,PriceCharting
Neo Genesis,Meganium,10/111,1st Edition,PSA 8,2026-06-07,449.04,USD,eBay,unknown,FALSE,,,Meganium - Holo - 1st Edition PSA 8 - Neo Genesis - 2000 - #10/111 - Pokemon 10/111,https://www.ebay.es/itm/205868806638,PriceCharting
Neo Genesis,Meganium,10/111,1st Edition,PSA 8,2026-06-01,495.00,USD,eBay,unknown,FALSE,,,2000 POKEMON NEO GENESIS 1ST EDITION #10 MEGANIUM-HOLO PSA 8 #10,https://www.ebay.es/itm/117210635265,PriceCharting
Neo Genesis,Meganium,10/111,1st Edition,PSA 8,2026-05-25,251.50,USD,eBay,unknown,FALSE,,,Pokemon Meganium Neo Genesis 1st Edition Holo Rare #10 PSA 8,https://www.ebay.es/itm/287331593109,PriceCharting
Neo Genesis,Meganium,10/111,1st Edition,PSA 8,2026-05-18,255.00,USD,eBay,unknown,FALSE,,,Pokemon 2000 Meganium 10/111 Holo 1st Edition Neo Genesis PSA 8 10/111,https://www.ebay.es/itm/406911802124,PriceCharting
Neo Genesis,Meganium,10/111,1st Edition,PSA 8,2026-05-10,309.20,USD,eBay,best offer,TRUE,,,*SWIRL* Pokemon PSA 8 NM/MINT 2000 Meganium 10/111 1st Edition Neo Genesis Holo 10/111,https://www.ebay.es/itm/397918892602,PriceCharting
Neo Genesis,Meganium,10/111,1st Edition,PSA 9,2026-09-12,949.89,USD,eBay,unknown,FALSE,,,2000 POKEMON NEO GENESIS 1ST EDITION #10 MEGANIUM-HOLO 1ST EDITION PSA 9 #10,https://www.ebay.es/itm/307158156175,PriceCharting
Neo Genesis,Meganium,10/111,1st Edition,PSA 9,2026-09-04,1000.00,USD,eBay,unknown,FALSE,,,2000 Meganium Holo Pokemon Neo Genesis 1st Edition #10 PSA 9 #10,https://www.ebay.es/itm/287557475412,PriceCharting
Neo Genesis,Meganium,10/111,1st Edition,PSA 9,2026-08-17,630.00,USD,eBay,unknown,FALSE,,,Pokemon Meganium Holo Neo Genesis 1st Edition 10/111 PSA 9 Mint 10/111,https://www.ebay.es/itm/287511103177,PriceCharting
Neo Genesis,Meganium,10/111,1st Edition,PSA 9,2026-08-07,605.36,USD,eBay,unknown,FALSE,,,2000 POKEMON NEO GENESIS 1ST EDITION #10 MEGANIUM-HOLO PSA 9 #10,https://www.ebay.es/itm/366574766308,PriceCharting
Neo Genesis,Meganium,10/111,1st Edition,PSA 9,2026-07-12,875.00,USD,eBay,best offer,TRUE,875.00,,2000 POKEMON NEO GENESIS 1ST EDITION #10 MEGANIUM-HOLO PSA 9 #10,https://www.ebay.es/itm/117292304970,PriceCharting
Neo Genesis,Meganium,10/111,1st Edition,PSA 9,2026-06-13,755.00,USD,eBay,unknown,FALSE,,,2000 Pokemon Neo Genesis Meganium 1st Edition Holo 10/111 PSA 9 WITH SWIRL 10/111,https://www.ebay.es/itm/168434350546,PriceCharting
Neo Genesis,Meganium,10/111,1st Edition,PSA 9,2026-05-24,810.00,USD,eBay,unknown,FALSE,,,Pokemon Meganium Neo Genesis 1st Edition Holo Rare #10 PSA 9 Mint,https://www.ebay.es/itm/287331643712,PriceCharting
Neo Genesis,Meganium,10/111,1st Edition,PSA 9,2026-04-28,900.00,USD,eBay,best offer,TRUE,900.00,,2000 POKEMON NEO GENESIS 1ST EDITION #10 MEGANIUM-HOLO PSA 9 #10,https://www.ebay.es/itm/306892827880,PriceCharting
Neo Genesis,Meganium,10/111,1st Edition,PSA 9,2026-04-27,1026.00,USD,eBay,unknown,FALSE,,,2000 POKEMON NEO GENESIS 1ST EDITION #10 MEGANIUM-HOLO PSA 9 #10,https://www.ebay.es/itm/298232654782,PriceCharting
Neo Genesis,Meganium,10/111,1st Edition,PSA 9,2026-03-21,840.96,USD,eBay,unknown,FALSE,,,2000 POKEMON NEO GENESIS 1ST EDITION #10 MEGANIUM-HOLO PSA 9 #10,https://www.ebay.es/itm/298096098542,PriceCharting
Neo Genesis,Meganium,10/111,1st Edition,PSA 9,2025-12-23,425.00,USD,eBay,unknown,FALSE,,,2000 POKEMON NEO GENESIS 1ST ED #10 MEGANIUM-HOLO PSA 9 #10,https://www.ebay.es/itm/297821062142,PriceCharting
Neo Genesis,Meganium,10/111,1st Edition,PSA 9,2025-12-20,425.00,USD,eBay,unknown,FALSE,,,Pokemon Meganium 10/111 Neo Genesis 1st Edition Holo PSA 9 10/111,https://www.ebay.es/itm/157445279297,PriceCharting
Neo Genesis,Meganium,10/111,1st Edition,PSA 9,2025-12-06,380.00,USD,eBay,unknown,FALSE,,,2000 POKEMON NEO GENESIS 1ST EDITION #10 MEGANIUM-HOLO PSA 9 #10,https://www.ebay.es/itm/116895939671,PriceCharting
Neo Genesis,Meganium,10/111,1st Edition,PSA 10,2026-05-18,4600.01,USD,eBay,unknown,FALSE,,,Pokemon Meganium Neo Genesis 1st Edition Holo Rare #10 PSA 10 Gem Mint,https://www.ebay.es/itm/287320383363,PriceCharting
Neo Genesis,Meganium,10/111,1st Edition,PSA 10,2026-03-01,28000.00,USD,eBay,unknown,FALSE,,,Pokemon Meganium Neo Genesis 1st Edition Holo Rare #10 PSA 10 Gem Mint,https://www.ebay.es/itm/287007053579,PriceCharting
Neo Genesis,Meganium,10/111,1st Edition,PSA 10,2025-10-20,7000.00,USD,eBay,unknown,FALSE,,,2000 POKEMON NEO GENESIS 1ST ED #10 MEGANIUM-HOLO PSA 10 #10,https://www.ebay.es/itm/297233780064,PriceCharting
Neo Genesis,Meganium,10/111,1st Edition,PSA 10,2025-03-21,7499.99,USD,eBay,unknown,FALSE,,,Pokemon PSA 10 Gem Mint 1st Edition Neo Genesis Holo Meganium 10/111 (JC) 10/111,https://www.ebay.es/itm/325864663987,PriceCharting
Neo Genesis,Meganium,10/111,1st Edition,PSA 10,2025-01-08,6995.00,USD,eBay,unknown,FALSE,,,Pokemon Meganium Neo Genesis PSA 10 Holo 1st Edition Holo Rare TCG 10/111,https://www.ebay.es/itm/235573211696,PriceCharting
Neo Genesis,Meganium,10/111,Unlimited,PSA 8,2026-09-27,110.00,USD,eBay,best offer,TRUE,110.00,,2000 POKEMON NEO GENESIS #10 MEGANIUM-HOLO PSA 8 #10,https://www.ebay.es/itm/188969819498,PriceCharting
Neo Genesis,Meganium,10/111,Unlimited,PSA 8,2026-08-24,93.00,USD,eBay,unknown,FALSE,,,Pokemon Meganium Holo Neo Genesis Unlimited 10/111 PSA 8 10/111,https://www.ebay.es/itm/287524903397,PriceCharting
Neo Genesis,Meganium,10/111,Unlimited,PSA 8,2026-08-22,105.00,USD,eBay,best offer,TRUE,105.00,,2000 POKEMON NEO GENESIS #10 MEGANIUM-HOLO PSA 8 #10,https://www.ebay.es/itm/287539464532,PriceCharting
Neo Genesis,Meganium,10/111,Unlimited,PSA 8,2026-07-25,160.50,USD,eBay,unknown,FALSE,,,2000 POKEMON NEO GENESIS #10 MEGANIUM-HOLO PSA 8 #10,https://www.ebay.es/itm/307068220920,PriceCharting
Neo Genesis,Meganium,10/111,Unlimited,PSA 8,2026-07-07,175.00,USD,eBay,unknown,FALSE,,,2000 Pokemon TCG Neo Genesis Meganium Holo 10/111 Unlimited PSA 8 10/111,https://www.ebay.es/itm/257605578408,PriceCharting
Neo Genesis,Meganium,10/111,Unlimited,PSA 8,2026-06-22,250.00,USD,eBay,unknown,FALSE,,,2000 POKEMON NEO GENESIS #10 MEGANIUM-HOLO PSA 8 #10,https://www.ebay.es/itm/298433876753,PriceCharting
Neo Genesis,Meganium,10/111,Unlimited,PSA 8,2026-06-18,175.00,USD,eBay,unknown,FALSE,,,2000 Pokemon TCG Neo Genesis Meganium Holo 10/111 Unlimited PSA 8 10/111,https://www.ebay.es/itm/358665354499,PriceCharting
Neo Genesis,Meganium,10/111,Unlimited,PSA 8,2026-05-28,170.00,USD,eBay,unknown,FALSE,,,Pokemon TCG Neo Genesis Meganium Holo Rare 10/111 PSA 8 Graded (2000) 10/111,https://www.ebay.es/itm/358580164403,PriceCharting
Neo Genesis,Meganium,10/111,Unlimited,PSA 8,2026-05-28,123.50,USD,eBay,unknown,FALSE,,,2000 POKEMON NEO GENESIS #10 MEGANIUM-HOLO PSA 8 #10,https://www.ebay.es/itm/117202916262,PriceCharting
Neo Genesis,Meganium,10/111,Unlimited,PSA 8,2026-05-16,161.95,USD,eBay,unknown,FALSE,,,Pokémon TCG - PSA 8 Meganium Neo Genesis 2000 Unlimited Holo Rare 10/111,https://www.ebay.es/itm/287332860207,PriceCharting
Neo Genesis,Meganium,10/111,Unlimited,PSA 8,2026-05-06,249.00,USD,eBay,unknown,FALSE,,,2000 Pokémon TCG Meganium Neo Genesis 10/111 Holo Unlimited Rare PSA 8 10/111,https://www.ebay.es/itm/147073055028,PriceCharting
Neo Genesis,Meganium,10/111,Unlimited,PSA 8,2026-05-01,132.00,USD,eBay,best offer,TRUE,,,Pokémon Meganium Neo Genesis Holo Rare 10/111 PSA 8 2000 English 10/111,https://www.ebay.es/itm/227281986417,PriceCharting
Neo Genesis,Meganium,10/111,Unlimited,PSA 8,2026-04-29,152.27,USD,eBay,unknown,FALSE,,,Pokemon TCG PSA 8 Meganium Neo Genesis 2000 Unlimited Holo Rare 10/111,https://www.ebay.es/itm/286913425213,PriceCharting
Neo Genesis,Meganium,10/111,Unlimited,PSA 8,2026-04-12,111.00,USD,eBay,unknown,FALSE,,,2000 Pokemon Neo Genesis Holo #10 Meganium PSA 8 NM-MT #10,https://www.ebay.es/itm/287249776620,PriceCharting
Neo Genesis,Meganium,10/111,Unlimited,PSA 8,2026-04-02,129.95,USD,eBay,unknown,FALSE,,,Pokemon PSA 8 NM/MINT 2000 Meganium 10/111 Neo Genesis Holo Card 18/111,https://www.ebay.es/itm/397623321829,PriceCharting
Neo Genesis,Meganium,10/111,Unlimited,PSA 8,2026-03-30,122.00,USD,eBay,best offer,TRUE,122.00,,2000 Pokemon Meganium 10/111 Neo Genesis Rare Holo PSA 8 NM-MINT SWIRL 10/111,https://www.ebay.es/itm/267587191811,PriceCharting
Neo Genesis,Meganium,10/111,Unlimited,PSA 8,2026-03-28,107.50,USD,eBay,unknown,FALSE,,,2000 POKEMON NEO GENESIS #10 MEGANIUM-HOLO PSA 8 #10,https://www.ebay.es/itm/298140281898,PriceCharting
Neo Genesis,Meganium,10/111,Unlimited,PSA 8,2026-03-24,75.00,USD,eBay,unknown,FALSE,,,Pokemon PSA 8 NM/MINT 2000 Meganium 10/111 Neo Genesis Holo Card 18/111,https://www.ebay.es/itm/168240038287,PriceCharting
Neo Genesis,Meganium,10/111,Unlimited,PSA 8,2026-03-20,67.00,USD,eBay,unknown,FALSE,,,PSA 8 Meganium Holo Rare Neo Genesis 10/111 Mint Pokemon Card 2000 10/111,https://www.ebay.es/itm/177968992367,PriceCharting
Neo Genesis,Meganium,10/111,Unlimited,PSA 8,2026-03-10,109.99,USD,eBay,unknown,FALSE,,,2000 Pokémon TCG Meganium Neo Genesis 10/111 Holo Unlimited Rare PSA 8 10/111,https://www.ebay.es/itm/298086645122,PriceCharting
Neo Genesis,Meganium,10/111,Unlimited,PSA 8,2026-03-08,125.00,USD,eBay,unknown,FALSE,,,2000 POKEMON NEO GENESIS #10 MEGANIUM-HOLO PSA 8 #10,https://www.ebay.es/itm/117027156886,PriceCharting
Neo Genesis,Meganium,10/111,Unlimited,PSA 9,2026-08-06,162.50,USD,eBay,unknown,FALSE,,,Pokemon 2000 Meganium 10/111 Holo Neo Genesis PSA 9 10/111,https://www.ebay.es/itm/407108511620,PriceCharting
Neo Genesis,Meganium,10/111,Unlimited,PSA 9,2026-07-28,190.00,USD,eBay,unknown,FALSE,,,2000 Pokemon Neo Genesis #10 Meganium Holo PSA 9 MINT,https://www.ebay.es/itm/377357146781,PriceCharting
Neo Genesis,Meganium,10/111,Unlimited,PSA 9,2026-07-17,188.00,USD,eBay,unknown,FALSE,,,2000 Pokemon Neo Genesis #10 Meganium Holo PSA 9 MINT,https://www.ebay.es/itm/377332331316,PriceCharting
Neo Genesis,Meganium,10/111,Unlimited,PSA 9,2026-07-16,215.00,USD,eBay,best offer,TRUE,,,2000 P.M. Neo Genesis #10 Meganium Holo Mint PSA 9 Pokémon Unlimited #10,https://www.ebay.es/itm/406988827313,PriceCharting
Neo Genesis,Meganium,10/111,Unlimited,PSA 9,2026-07-14,229.00,USD,eBay,unknown,FALSE,,,2000 POKEMON NEO GENESIS #10 MEGANIUM-HOLO PSA 9 #10,https://www.ebay.es/itm/117295883212,PriceCharting
Neo Genesis,Meganium,10/111,Unlimited,PSA 9,2026-05-27,257.86,USD,eBay,unknown,FALSE,,,2000 Pokemon Meganium 10/111 Neo Genesis Rare Holo PSA 9 MINT 10/111,https://www.ebay.es/itm/177960558462,PriceCharting
Neo Genesis,Meganium,10/111,Unlimited,PSA 9,2026-04-30,139.99,USD,eBay,unknown,FALSE,,,Pokémon Meganium 10/111 Neo Genesis Holo Rare PSA 9 Unlimited English 10/111,https://www.ebay.es/itm/358444518473,PriceCharting
Neo Genesis,Meganium,10/111,Unlimited,PSA 9,2026-03-31,260.00,USD,eBay,best offer,TRUE,,,PSA 9 Mint Meganium #10 Holo SWIRL 🌀 – 2000 Neo Genesis Pokémon Card,https://www.ebay.es/itm/188174350856,PriceCharting
Neo Genesis,Meganium,10/111,Unlimited,PSA 9,2026-03-30,113.50,USD,eBay,unknown,FALSE,,,Pokemon Meganium Neo Genesis Unlimited Holo Rare #10 PSA 9 Mint,https://www.ebay.es/itm/287220079444,PriceCharting
Neo Genesis,Meganium,10/111,Unlimited,PSA 9,2026-03-25,82.00,USD,eBay,unknown,FALSE,,,2000 Pokemon Neo Genesis Meganium Holo #10/111 PSA 9,https://www.ebay.es/itm/377047777064,PriceCharting
Neo Genesis,Meganium,10/111,Unlimited,PSA 9,2026-02-18,219.99,USD,eBay,unknown,FALSE,,,Pokemon Meganium Neo Genesis Unlimited Holo Rare #10 PSA 9 Mint #10,https://www.ebay.es/itm/227167756077,PriceCharting
Neo Genesis,Meganium,10/111,Unlimited,PSA 9,2025-12-08,132.50,USD,eBay,unknown,FALSE,,,2000 POKEMON NEO GENESIS #10 MEGANIUM-HOLO PSA 9 #10,https://www.ebay.es/itm/116905090611,PriceCharting
Neo Genesis,Meganium,10/111,Unlimited,PSA 9,2025-11-24,91.01,USD,eBay,unknown,FALSE,,,Pokemon Meganium Neo Genesis Unlimited Holo Rare #10 PSA 9 Mint,https://www.ebay.es/itm/286939902867,PriceCharting
Neo Genesis,Meganium,10/111,Unlimited,PSA 9,2025-11-09,179.99,USD,eBay,unknown,FALSE,,,Pokémon TCG Meganium Neo Genesis 10/111 Holo Rare PSA 9 10/111,https://www.ebay.es/itm/127439551328,PriceCharting
Neo Genesis,Meganium,10/111,Unlimited,PSA 9,2025-10-21,119.40,USD,eBay,unknown,FALSE,,,2000 Pokemon Neo Genesis #10 Meganium Holo PSA 9 MINT,https://www.ebay.es/itm/389100401853,PriceCharting
Neo Genesis,Meganium,10/111,Unlimited,PSA 9,2025-10-16,107.50,USD,eBay,unknown,FALSE,,,2000 Pokemon Neo Genesis #10 Meganium Holo PSA 9 MINT,https://www.ebay.es/itm/389069146424,PriceCharting
Neo Genesis,Meganium,10/111,Unlimited,PSA 10,2024-03-26,915.00,USD,eBay,unknown,FALSE,,,neo genesis psa 10 pokemon card P.m. Meganium HOLO Pop 9 EXTREMELY RARE,https://www.ebay.es/itm/116112187243,PriceCharting
Neo Genesis,Meganium,11/111,1st Edition,PSA 8,2026-09-12,409.99,USD,eBay,unknown,FALSE,,,2000 Pokemon Neo Genesis Meganium Holo 1st Edition 11/111 PSA 8 Big Swirl New Ce 11/111,https://www.ebay.es/itm/127873511535,PriceCharting
Neo Genesis,Meganium,11/111,1st Edition,PSA 8,2026-09-12,365.62,USD,eBay,unknown,FALSE,,,2000 POKEMON NEO GENESIS 1ST EDITION #11 MEGANIUM-HOLO 1ST EDITION PSA 8 #11,https://www.ebay.es/itm/307158156199,PriceCharting
Neo Genesis,Meganium,11/111,1st Edition,PSA 8,2026-09-06,524.00,USD,eBay,unknown,FALSE,,,2000 POKEMON NEO GENESIS 1ST EDITION #11 MEGANIUM-HOLO PSA 8 #11,https://www.ebay.es/itm/298620897919,PriceCharting
Neo Genesis,Meganium,11/111,1st Edition,PSA 8,2026-09-06,345.00,USD,eBay,unknown,FALSE,,,2000 POKEMON NEO GENESIS MEGANIUM HOLO 1ST EDITION #11 PSA 8 NM-MT #11,https://www.ebay.es/itm/267775587335,PriceCharting
Neo Genesis,Meganium,11/111,1st Edition,PSA 8,2026-07-31,325.00,USD,eBay,best offer,TRUE,325.00,,2000 POKEMON NEO GENESIS MEGANIUM HOLO 1ST EDITION #11 PSA 8 NM-MT #11,https://www.ebay.es/itm/287427665539,PriceCharting
Neo Genesis,Meganium,11/111,1st Edition,PSA 8,2026-07-25,300.00,USD,eBay,best offer,TRUE,300.00,,2000 POKEMON NEO GENESIS MEGANIUM HOLO 1ST EDITION #11 NM PSA 8 #11,https://www.ebay.es/itm/407027245453,PriceCharting
Neo Genesis,Meganium,11/111,1st Edition,PSA 8,2026-06-22,255.00,USD,eBay,unknown,FALSE,,,Pokemon Meganium Neo Genesis 1st Edition Holo Rare #11 PSA 8,https://www.ebay.es/itm/287386673432,PriceCharting
Neo Genesis,Meganium,11/111,1st Edition,PSA 8,2026-06-16,265.00,USD,eBay,best offer,TRUE,265.00,,Pokemon TCG Neo Genesis Meganium 11/111 Holo 1st Edition 2000 ENG PSA 8 11/111,https://www.ebay.es/itm/198424155276,PriceCharting
Neo Genesis,Meganium,11/111,1st Edition,PSA 8,2026-06-11,399.00,USD,eBay,unknown,FALSE,,,2000 POKEMON NEO GENESIS MEGANIUM HOLO 1ST EDITION #11 NM PSA 8 #11,https://www.ebay.es/itm/377119266769,PriceCharting
Neo Genesis,Meganium,11/111,1st Edition,PSA 8,2026-06-11,300.00,USD,eBay,best offer,TRUE,300.00,,2000 POKEMON NEO GENESIS MEGANIUM HOLO 1ST EDITION #11 PSA 8 NM-MT #11,https://www.ebay.es/itm/278005611695,PriceCharting
Neo Genesis,Meganium,11/111,1st Edition,PSA 8,2026-06-11,325.00,USD,eBay,best offer,TRUE,325.00,,2000 Pokemon Neo Genesis - Meganium Holo 1st Edition 11/111 PSA 8 11/111,https://www.ebay.es/itm/267668998625,PriceCharting
Neo Genesis,Meganium,11/111,1st Edition,PSA 8,2026-06-06,275.00,USD,eBay,unknown,FALSE,,,2000 Pokemon Neo Genesis 1st Edition Meganium Holo 1st Edition PSA 8 #11 #11,https://www.ebay.es/itm/398028114786,PriceCharting
Neo Genesis,Meganium,11/111,1st Edition,PSA 8,2026-05-18,243.00,USD,eBay,unknown,FALSE,,,Pokemon 2000 Meganium 11 Holo 1st Edition Neo Genesis PSA 8 #11,https://www.ebay.es/itm/406911746525,PriceCharting
Neo Genesis,Meganium,11/111,1st Edition,PSA 8,2026-04-30,294.35,USD,eBay,unknown,FALSE,,,2000 Meganium 11/111 1st Edition Neo Genesis Holo Rare PSA 8 Pokemon TCG,https://www.ebay.es/itm/335738822950,PriceCharting
Neo Genesis,Meganium,11/111,1st Edition,PSA 8,2026-04-21,399.99,USD,eBay,unknown,FALSE,,,2000 Pokemon Neo Genesis - Meganium Holo 1st Edition 11/111 PSA 8 11/111,https://www.ebay.es/itm/406863140579,PriceCharting
Neo Genesis,Meganium,11/111,1st Edition,PSA 8,2026-04-14,305.12,USD,eBay,unknown,FALSE,,,2000 Pokemon Neo Genesis Meganium Holo PSA 8 First 1st Edition 11/111 Card 11 #11,https://www.ebay.es/itm/402868973326,PriceCharting
Neo Genesis,Meganium,11/111,1st Edition,PSA 8,2026-03-27,240.00,USD,eBay,best offer,TRUE,240.00,,Pokemon Meganium 11/111 Neo Genesis Holo Psa 8 1st Edition 11/111,https://www.ebay.es/itm/327040836822,PriceCharting
Neo Genesis,Meganium,11/111,1st Edition,PSA 8,2026-03-25,210.00,USD,eBay,best offer,TRUE,,,2000 Pokemon Neo Genesis 1st Edition Meganium #11 Holo Rare PSA 8 NM-MT 11/111,https://www.ebay.es/itm/117036501761,PriceCharting
Neo Genesis,Meganium,11/111,1st Edition,PSA 8,2026-03-22,202.50,USD,eBay,unknown,FALSE,,,Pokémon Meganium Neo Genesis 1st Edition Holo Rare 11/111 2000 PSA 8 11/111,https://www.ebay.es/itm/127744592940,PriceCharting
Neo Genesis,Meganium,11/111,1st Edition,PSA 8,2026-03-14,190.00,USD,eBay,unknown,FALSE,,,Pokémon TCG Meganium Neo Genesis Holo Card 11/111 PSA 8 First Edition 11/111,https://www.ebay.es/itm/389554862278,PriceCharting
Neo Genesis,Meganium,11/111,1st Edition,PSA 8,2026-03-06,200.00,USD,eBay,unknown,FALSE,,,2000 POKEMON NEO GENESIS 1ST ED #11 MEGANIUM-HOLO PSA 8 #11,https://www.ebay.es/itm/298080173101,PriceCharting
Neo Genesis,Meganium,11/111,1st Edition,PSA 8,2026-02-15,155.00,USD,eBay,best offer,TRUE,155.00,,Meganium 11/111 Holo Rare Pokemon Neo Genesis 1st Edition PSA 8 (Swirl) 11/111,https://www.ebay.es/itm/306766673273,PriceCharting
Neo Genesis,Meganium,11/111,1st Edition,PSA 8,2026-02-09,151.00,USD,eBay,unknown,FALSE,,,2000 Pokemon Neo Genesis 1st Edition #11 Meganium Holo PSA 8 NM-MT,https://www.ebay.es/itm/366162918343,PriceCharting
Neo Genesis,Meganium,11/111,1st Edition,PSA 9,2026-09-28,571.74,USD,eBay,unknown,FALSE,,,PSA 9 MINT Pokemon Meganium Neo Genesis 1st Edition Holo 11/111,https://www.ebay.es/itm/198613802547,PriceCharting
Neo Genesis,Meganium,11/111,1st Edition,PSA 9,2026-08-31,467.77,USD,eBay,unknown,FALSE,,,2000 Pokémon Neo Genesis 1st Edition Holo #11 Meganium Mint PSA 9,https://www.ebay.es/itm/336756327398,PriceCharting
Neo Genesis,Meganium,11/111,1st Edition,PSA 9,2026-08-16,455.00,USD,eBay,unknown,FALSE,,,Pokemon Meganium Holo Neo Genesis 1st Edition 11/111 PSA 9 Mint 11/111,https://www.ebay.es/itm/287511104798,PriceCharting
Neo Genesis,Meganium,11/111,1st Edition,PSA 9,2026-08-10,485.00,USD,eBay,unknown,FALSE,,,MEGANIUM PSA 9 2000 POKEMON NEO GENESIS 1ST EDITION #11/111 HOLO 5356 11/111,https://www.ebay.es/itm/188718034549,PriceCharting
Neo Genesis,Meganium,11/111,1st Edition,PSA 9,2026-08-09,600.00,USD,eBay,unknown,FALSE,,,2000 POKEMON NEO GENESIS 1ST EDITION #11 MEGANIUM-HOLO PSA 9 #11,https://www.ebay.es/itm/307027407817,PriceCharting
Neo Genesis,Meganium,11/111,1st Edition,PSA 9,2026-08-05,431.00,USD,eBay,unknown,FALSE,,,2000 Pokemon Neo Genesis 1st Edition Meganium Holo #11/111 PSA 9,https://www.ebay.es/itm/377382666045,PriceCharting
Neo Genesis,Meganium,11/111,1st Edition,PSA 9,2026-07-16,545.00,USD,eBay,best offer,TRUE,545.00,,2000 MEGANIUM NEO GENESIS HOLO 1ST EDITION #11 PSA 9 MINT POKEMON 11/111,https://www.ebay.es/itm/318538814177,PriceCharting
Neo Genesis,Meganium,11/111,1st Edition,PSA 9,2026-07-12,540.00,USD,eBay,best offer,TRUE,540.00,,2000 POKEMON NEO GENESIS 1ST EDITION #11 MEGANIUM-HOLO | PSA 9 #11,https://www.ebay.es/itm/198468264185,PriceCharting
Neo Genesis,Meganium,11/111,1st Edition,PSA 9,2026-07-09,391.00,USD,eBay,unknown,FALSE,,,Pokemon Neo Genesis Meganium 11/111 Holo Rare First Edition PSA 9 11/111,https://www.ebay.es/itm/358736517930,PriceCharting
Neo Genesis,Meganium,11/111,1st Edition,PSA 9,2026-07-07,500.00,USD,eBay,unknown,FALSE,,,2000 POKEMON NEO GENESIS #11 MEGANIUM HOLO PSA 9 1ST EDITION #11,https://www.ebay.es/itm/307048207414,PriceCharting
Neo Genesis,Meganium,11/111,1st Edition,PSA 9,2026-07-04,600.00,USD,eBay,unknown,FALSE,,,2000 POKEMON NEO GENESIS 1ST EDITION #11 MEGANIUM-HOLO PSA 9 #11,https://www.ebay.es/itm/306957957115,PriceCharting
Neo Genesis,Meganium,11/111,1st Edition,PSA 9,2026-06-29,456.00,USD,eBay,unknown,FALSE,,,Pokemon Neo Genesis Meganium 11/111 Holo Rare First Edition PSA 9 11/111,https://www.ebay.es/itm/358699915373,PriceCharting
Neo Genesis,Meganium,11/111,1st Edition,PSA 9,2026-06-28,899.86,USD,eBay,unknown,FALSE,,,POKÉMON MEGANIUM 2000 NEO GENESIS 1ST EDITION #11 HOLO PSA 9 #11,https://www.ebay.es/itm/127939788846,PriceCharting
Neo Genesis,Meganium,11/111,1st Edition,PSA 9,2026-06-08,406.00,USD,eBay,unknown,FALSE,,,2000 Pokemon Neo Genesis 1st Edition Meganium Holo #11/111 PSA 9,https://www.ebay.es/itm/127890384489,PriceCharting
Neo Genesis,Meganium,11/111,1st Edition,PSA 9,2026-05-31,342.03,USD,eBay,unknown,FALSE,,,2000 Pokemon Neo Genesis Meganium Holo Psa 9 1st Edition 11/111,https://www.ebay.es/itm/267677267542,PriceCharting
Neo Genesis,Meganium,11/111,1st Edition,PSA 9,2026-05-14,430.00,USD,eBay,best offer,TRUE,430.00,,2000 POKEMON NEO GENESIS 1ST EDITION #11 MEGANIUM-HOLO PSA 9 #11,https://www.ebay.es/itm/298316349845,PriceCharting
Neo Genesis,Meganium,11/111,1st Edition,PSA 9,2026-05-12,420.00,USD,eBay,unknown,FALSE,,,Nintendo 2000 Pokemon Neo Genesis 1st Ed Holo Meganium 11/111 PSA 9 11/111,https://www.ebay.es/itm/389997135055,PriceCharting
Neo Genesis,Meganium,11/111,1st Edition,PSA 9,2026-04-28,460.00,USD,eBay,unknown,FALSE,,,2000 Pokemon Neo Genesis 1st Edition Meganium Holo #11/111 PSA 9,https://www.ebay.es/itm/127824478649,PriceCharting
Neo Genesis,Meganium,11/111,1st Edition,PSA 10,2026-09-05,5999.00,USD,eBay,unknown,FALSE,,,2000 POKEMON NEO GENESIS 1ST EDITION #11 MEGANIUM-HOLO PSA 10 #11,https://www.ebay.es/itm/307142748587,PriceCharting
Neo Genesis,Meganium,11/111,1st Edition,PSA 10,2026-08-02,6000.00,USD,eBay,unknown,FALSE,,,2000 POKEMON NEO GENESIS 1ST EDITION #11 MEGANIUM-HOLO PSA 10 #11,https://www.ebay.es/itm/117336016724,PriceCharting
Neo Genesis,Meganium,11/111,1st Edition,PSA 10,2026-07-14,3400.00,USD,eBay,unknown,FALSE,,,Pokemon Neo Genesis 1st Ed Holo Meganium #11 PSA 10 11/111,https://www.ebay.es/itm/800303444789,PriceCharting
Neo Genesis,Meganium,11/111,1st Edition,PSA 10,2026-07-03,4200.00,USD,eBay,best offer,TRUE,4200.00,,Pokemon Meganium Neo Genesis 1st Edition Holo Rare #11 PSA 10 Gem Mint - Pop 93 #11,https://www.ebay.es/itm/206268780773,PriceCharting
Neo Genesis,Meganium,11/111,1st Edition,PSA 10,2026-06-23,4100.01,USD,eBay,unknown,FALSE,,,2000 POKEMON NEO GENESIS 1ST EDITION #11 MEGANIUM-HOLO PSA 10 #11,https://www.ebay.es/itm/298414180081,PriceCharting
Neo Genesis,Meganium,11/111,1st Edition,PSA 10,2026-03-09,7400.00,USD,eBay,unknown,FALSE,,,Pokemon Meganium Neo Genesis 1st Edition Holo Rare #11 PSA 10 Gem Mint,https://www.ebay.es/itm/287168686923,PriceCharting
Neo Genesis,Meganium,11/111,1st Edition,PSA 10,2026-02-26,4461.00,USD,eBay,unknown,FALSE,,,POKÉMON MEGANIUM 2000 NEO GENESIS 1ST EDITION #11 HOLO PSA 10 #11,https://www.ebay.es/itm/389641350718,PriceCharting
Neo Genesis,Meganium,11/111,1st Edition,PSA 10,2026-02-21,3369.93,USD,eBay,unknown,FALSE,,,Pokemon Neo Genesis 1st Edition - Meganium Holo 11/111 - PSA 10 GEM MINT,https://www.ebay.es/itm/133643615601,PriceCharting
Neo Genesis,Meganium,11/111,1st Edition,PSA 10,2026-02-18,4200.00,USD,eBay,unknown,FALSE,,,2000 POKEMON NEO GENESIS 1ST ED #11 MEGANIUM-HOLO PSA 10 #11,https://www.ebay.es/itm/298042935772,PriceCharting
Neo Genesis,Meganium,11/111,1st Edition,PSA 10,2026-02-18,4000.00,USD,eBay,unknown,FALSE,,,Pokemon Meganium Neo Genesis 1st Edition Holo Rare #11 PSA 10 Gem Mint,https://www.ebay.es/itm/287148715000,PriceCharting
Neo Genesis,Meganium,11/111,1st Edition,PSA 10,2026-02-16,5100.00,USD,eBay,unknown,FALSE,,,POKÉMON MEGANIUM 2000 NEO GENESIS 1ST EDITION #11 HOLO PSA 10 #11,https://www.ebay.es/itm/389583096778,PriceCharting
Neo Genesis,Meganium,11/111,1st Edition,PSA 10,2026-02-13,2500.00,USD,eBay,unknown,FALSE,,,2000 POKEMON NEO GENESIS 1ST ED #11 MEGANIUM-HOLO PSA 10 #11,https://www.ebay.es/itm/306768984243,PriceCharting
Neo Genesis,Meganium,11/111,1st Edition,PSA 10,2026-01-25,3161.00,USD,eBay,unknown,FALSE,,,Pokemon Meganium Neo Genesis 1st Edition Holo Rare #11 PSA 10 Gem Mint,https://www.ebay.es/itm/287077597557,PriceCharting
Neo Genesis,Meganium,11/111,1st Edition,PSA 10,2026-01-19,2096.28,USD,eBay,best offer,TRUE,,,Meganium 11/111 Holo 1st Edition PSA 10 English Neo Genesis Pokemon w/ Swirl,https://www.ebay.es/itm/366118151748,PriceCharting
Neo Genesis,Meganium,11/111,1st Edition,PSA 10,2025-11-21,1988.81,USD,eBay,best offer,TRUE,,,2000 POKEMON NEO GENESIS 1ST ED #11 MEGANIUM-HOLO PSA 10 #11,https://www.ebay.es/itm/257218894662,PriceCharting
Neo Genesis,Meganium,11/111,1st Edition,PSA 10,2025-10-21,1700.00,USD,eBay,best offer,TRUE,,,Pokemon PSA 10 GEM MINT 1st Ed. Neo Genesis Holo Meganium 11/111 (JC) 11/111,https://www.ebay.es/itm/326702295002,PriceCharting
Neo Genesis,Meganium,11/111,1st Edition,PSA 10,2025-09-20,1750.00,USD,eBay,unknown,FALSE,,,2000 POKEMON NEO GENESIS 1ST ED #11 MEGANIUM-HOLO PSA 10 #11,https://www.ebay.es/itm/297529349393,PriceCharting
Neo Genesis,Meganium,11/111,1st Edition,PSA 10,2025-08-21,1325.00,USD,eBay,unknown,FALSE,,,2000 POKÉMON NEO GENESIS MEGANIUM-HOLO 1ST EDITION #11 PSA 10 #11,https://www.ebay.es/itm/376496277147,PriceCharting
Neo Genesis,Meganium,11/111,1st Edition,PSA 10,2025-07-14,1500.00,USD,eBay,unknown,FALSE,,,Pokemon Meganium Neo Genesis 1st Edition Holo Rare #11 PSA 10 Gem Mint #11,https://www.ebay.es/itm/306254771819,PriceCharting
Neo Genesis,Meganium,11/111,1st Edition,PSA 10,2025-06-04,1236.00,USD,eBay,unknown,FALSE,,,2000 Pokemon Neo Genesis 1st Edition #11 Meganium Holo PSA 10 GEM MINT,https://www.ebay.es/itm/376284715583,PriceCharting
Neo Genesis,Meganium,11/111,1st Edition,PSA 10,2025-04-28,1425.00,USD,eBay,unknown,FALSE,,,Pokemon Meganium Neo Genesis 1st Edition Holo Rare #11 PSA 10 Gem Mint,https://www.ebay.es/itm/286502551761,PriceCharting
Neo Genesis,Meganium,11/111,1st Edition,PSA 10,2025-04-07,1569.00,USD,eBay,unknown,FALSE,,,Pokemon Meganium Neo Genesis 1st Edition Holo Rare #11 PSA 10 Gem Mint,https://www.ebay.es/itm/286444741558,PriceCharting
Neo Genesis,Meganium,11/111,1st Edition,PSA 10,2025-03-25,3125.00,USD,eBay,unknown,FALSE,,,2000 Pokemon Neo Genesis Meganium #11/111 1ST Edition PSA 10 11/111,https://www.ebay.es/itm/256823631377,PriceCharting
Neo Genesis,Meganium,11/111,1st Edition,PSA 10,2025-02-17,975.00,USD,eBay,unknown,FALSE,,,Pokemon Meganium Neo Genesis 1st Edition Holo Rare #11 PSA 10 Gem Mint,https://www.ebay.es/itm/286306449641,PriceCharting
Neo Genesis,Meganium,11/111,1st Edition,PSA 10,2025-01-13,800.00,USD,eBay,unknown,FALSE,,,2000 POKEMON NEO GENESIS 1ST EDITION MEGANIUM #11 -HOLO PSA 10 GEM MINT #11,https://www.ebay.es/itm/267113469855,PriceCharting
Neo Genesis,Meganium,11/111,1st Edition,PSA 10,2025-01-08,1000.00,USD,eBay,unknown,FALSE,,,Pokemon Meganium Neo Genesis 1st Edition Holo Rare #11 PSA 10 Gem Mint,https://www.ebay.es/itm/286167109882,PriceCharting
Neo Genesis,Meganium,11/111,1st Edition,PSA 10,2024-10-26,750.00,USD,eBay,unknown,FALSE,,,Pokemon Meganium Neo Genesis 1st Edition Holo Rare #11 PSA 10 Gem Mint,https://www.ebay.es/itm/286104303713,PriceCharting
Neo Genesis,Meganium,11/111,1st Edition,PSA 10,2024-10-01,950.00,USD,eBay,unknown,FALSE,,,2000 POKEMON NEO GENESIS 1ST EDITION HOLO MEGANIUM #11 PSA 10 GEM MINT #11,https://www.ebay.es/itm/374358972523,PriceCharting
Neo Genesis,Meganium,11/111,1st Edition,PSA 10,2024-06-28,679.00,USD,eBay,unknown,FALSE,,,2000 POKEMON NEO GENESIS 1ST EDITION HOLO MEGANIUM #11 PSA 10 GEM MINT #11,https://www.ebay.es/itm/405054595689,PriceCharting
Neo Genesis,Meganium,11/111,1st Edition,PSA 10,2024-05-19,999.95,USD,eBay,unknown,FALSE,,,2000 Neo Genesis 11 Meganium 1st Edition Holo Rare Pokemon TCG Card PSA 10 #11,https://www.ebay.es/itm/235108710470,PriceCharting
Neo Genesis,Meganium,11/111,Unlimited,PSA 8,2026-09-03,122.99,USD,eBay,unknown,FALSE,,,2000 POKEMON NEO GENESIS #11 MEGANIUM-HOLO PSA 8 #11,https://www.ebay.es/itm/298636962734,PriceCharting
Neo Genesis,Meganium,11/111,Unlimited,PSA 8,2026-08-03,102.50,USD,eBay,unknown,FALSE,,,Pokemon Meganium Holo Neo Genesis 11/111 PSA 8 11/111,https://www.ebay.es/itm/287481267895,PriceCharting
Neo Genesis,Meganium,11/111,Unlimited,PSA 8,2026-07-26,149.00,USD,eBay,unknown,FALSE,,,Pokemon 2000 Meganium 11 Holo Neo Genesis PSA 8 #11,https://www.ebay.es/itm/407060729246,PriceCharting
Neo Genesis,Meganium,11/111,Unlimited,PSA 8,2026-07-18,86.00,USD,eBay,unknown,FALSE,,,2000 Pokemon Neo Genesis Meganium - Holo #11 PSA 8 #11,https://www.ebay.es/itm/358782037890,PriceCharting
Neo Genesis,Meganium,11/111,Unlimited,PSA 8,2026-07-09,160.00,USD,eBay,unknown,FALSE,,,2000 POKEMON NEO GENESIS MEGANIUM HOLO #11 PSA 8 NM-MT #11,https://www.ebay.es/itm/377330036979,PriceCharting
Neo Genesis,Meganium,11/111,Unlimited,PSA 8,2026-06-08,135.00,USD,eBay,best offer,TRUE,135.00,,PSA 8 - Pokemon Neo Genesis Meganium #11 #11,https://www.ebay.es/itm/178176420678,PriceCharting
Neo Genesis,Meganium,11/111,Unlimited,PSA 8,2026-06-03,110.00,USD,eBay,best offer,TRUE,110.00,,2000 POKEMON NEO GENESIS #11 MEGANIUM-HOLO PSA 8 with SWIRL #11,https://www.ebay.es/itm/168426662025,PriceCharting
Neo Genesis,Meganium,11/111,Unlimited,PSA 8,2026-05-20,144.00,USD,eBay,unknown,FALSE,,,2000 POKEMON NEO GENESIS #11 MEGANIUM-HOLO PSA 8 #11,https://www.ebay.es/itm/306932701269,PriceCharting
Neo Genesis,Meganium,11/111,Unlimited,PSA 8,2026-05-11,115.00,USD,eBay,unknown,FALSE,,,2000 POKEMON NEO GENESIS #11 MEGANIUM-HOLO PSA 8 #11,https://www.ebay.es/itm/318282789828,PriceCharting
Neo Genesis,Meganium,11/111,Unlimited,PSA 8,2026-05-04,85.00,USD,eBay,unknown,FALSE,,,Pokémon TCG Meganium Neo Genesis 11/111 Holo Rare Unlimited PSA 8 English Card 11/111,https://www.ebay.es/itm/127831519553,PriceCharting
Neo Genesis,Meganium,11/111,Unlimited,PSA 8,2026-04-22,120.00,USD,eBay,unknown,FALSE,,,2000 POKEMON NEO GENESIS #11 MEGANIUM-HOLO PSA 8 #11,https://www.ebay.es/itm/168314529570,PriceCharting
Neo Genesis,Meganium,11/111,Unlimited,PSA 8,2026-04-13,91.00,USD,eBay,unknown,FALSE,,,2000 POKEMON NEO GENESIS #11 MEGANIUM-HOLO PSA 8 #11,https://www.ebay.es/itm/117120837279,PriceCharting
Neo Genesis,Meganium,11/111,Unlimited,PSA 8,2026-03-20,105.00,USD,eBay,unknown,FALSE,,,Pokemon TCG Meganium Neo Genesis 11/111 Unlimited Holo Rare - PSA 8 *SWIRL* 11/111,https://www.ebay.es/itm/168239390609,PriceCharting
Neo Genesis,Meganium,11/111,Unlimited,PSA 8,2026-03-18,79.00,USD,eBay,unknown,FALSE,,,2000 Pokemon Neo Genesis Meganium Holo 10 PSA 8 11/111,https://www.ebay.es/itm/147196526710,PriceCharting
Neo Genesis,Meganium,11/111,Unlimited,PSA 8,2026-03-11,239.50,USD,eBay,unknown,FALSE,,,Pokémon TCG Meganium Neo Genesis Holo Card 11/111 PSA 8 11/111,https://www.ebay.es/itm/168219701703,PriceCharting
Neo Genesis,Meganium,11/111,Unlimited,PSA 8,2026-03-10,72.00,USD,eBay,unknown,FALSE,,,2000 Pokemon Meganium 11/111 Neo Genesis Rare Holo PSA 8 NM-MINT SWIRL 11/111,https://www.ebay.es/itm/267587192917,PriceCharting
Neo Genesis,Meganium,11/111,Unlimited,PSA 8,2026-03-02,80.00,USD,eBay,unknown,FALSE,,,2000 POKEMON NEO GENESIS #11 MEGANIUM-HOLO PSA 8 #11,https://www.ebay.es/itm/117058608055,PriceCharting
Neo Genesis,Meganium,11/111,Unlimited,PSA 8,2026-03-02,76.76,USD,eBay,unknown,FALSE,,,Meganium Holo 2000 Pokemon Neo Genesis #11 PSA 8 NM-MT Vintage,https://www.ebay.es/itm/157695458214,PriceCharting
Neo Genesis,Meganium,11/111,Unlimited,PSA 8,2026-02-21,79.90,USD,eBay,unknown,FALSE,,,2000 POKEMON NEO GENESIS #11 MEGANIUM-HOLO PSA 8 #11,https://www.ebay.es/itm/298023768115,PriceCharting
Neo Genesis,Meganium,11/111,Unlimited,PSA 8,2026-02-07,109.95,USD,eBay,unknown,FALSE,,,PSA 8 NM-MT Meganium Neo Genesis Holo Rare Pokemon Card 11/111,https://www.ebay.es/itm/257163064251,PriceCharting
Neo Genesis,Meganium,11/111,Unlimited,PSA 9,2026-09-07,140.00,USD,eBay,best offer,TRUE,140.00,,Pokemon Neo Genesis Meganium #11 PSA 9 SWIRL 11/111,https://www.ebay.es/itm/278340338774,PriceCharting
Neo Genesis,Meganium,11/111,Unlimited,PSA 9,2026-09-05,180.00,USD,eBay,unknown,FALSE,,,Pokemon Neo Genesis Meganium #11 PSA 9 11/111,https://www.ebay.es/itm/147513999280,PriceCharting
Neo Genesis,Meganium,11/111,Unlimited,PSA 9,2026-08-02,157.50,USD,eBay,unknown,FALSE,,,Pokémon Neo Genesis Meganium Holo Foil 11/111 Graded PSA 9,https://www.ebay.es/itm/158113626459,PriceCharting
Neo Genesis,Meganium,11/111,Unlimited,PSA 9,2026-07-17,140.50,USD,eBay,unknown,FALSE,,,2000 Pokemon Neo Genesis #11 Meganium Holo PSA 9 MINT,https://www.ebay.es/itm/800316603790,PriceCharting
Neo Genesis,Meganium,11/111,Unlimited,PSA 9,2026-06-15,182.00,USD,eBay,unknown,FALSE,,,2000 POKEMON NEO GENESIS #11 MEGANIUM-HOLO PSA 9 #11,https://www.ebay.es/itm/298385824480,PriceCharting
Neo Genesis,Meganium,11/111,Unlimited,PSA 9,2026-04-28,200.00,USD,eBay,unknown,FALSE,,,2000 POKEMON NEO GENESIS #11 MEGANIUM-HOLO PSA 9 #11,https://www.ebay.es/itm/188170562180,PriceCharting
Neo Genesis,Meganium,11/111,Unlimited,PSA 9,2026-04-13,128.15,USD,eBay,unknown,FALSE,,,2000 Pokemon Neo Genesis Holo Meganium #11 PSA 9 Mint #11,https://www.ebay.es/itm/287249785880,PriceCharting
Neo Genesis,Meganium,11/111,Unlimited,PSA 9,2026-04-07,189.19,USD,eBay,unknown,FALSE,,,2000 Pokemon Neo Genesis #11 Meganium Holo PSA 9 MINT,https://www.ebay.es/itm/377067659257,PriceCharting
Neo Genesis,Meganium,11/111,Unlimited,PSA 9,2026-03-28,115.50,USD,eBay,unknown,FALSE,,,Nintendo 2000 Pokémon Neo Genesis Meganium 11/111 Holo Rare PSA 9 Unlimited 11/111,https://www.ebay.es/itm/397732549138,PriceCharting
Neo Genesis,Meganium,11/111,Unlimited,PSA 9,2026-03-28,182.50,USD,eBay,unknown,FALSE,,,2000 POKEMON NEO GENESIS #11 MEGANIUM-HOLO PSA 9 #11,https://www.ebay.es/itm/117096177656,PriceCharting
Neo Genesis,Meganium,11/111,Unlimited,PSA 9,2026-03-19,190.00,USD,eBay,unknown,FALSE,,,2000 Pokemon Neo Genesis Holo #11 Meganium Mint PSA 9 11/111,https://www.ebay.es/itm/336472924912,PriceCharting
Neo Genesis,Meganium,11/111,Unlimited,PSA 9,2026-03-18,154.99,USD,eBay,unknown,FALSE,,,Meganium 11 Pokemon Neo Genesis Unlimited Holo Rare PSA 9 Mint 11/111,https://www.ebay.es/itm/306828048141,PriceCharting
Neo Genesis,Meganium,11/111,Unlimited,PSA 9,2026-03-09,145.00,USD,eBay,unknown,FALSE,,,Pokemon Meganium Neo Genesis Unlimited Holo Rare #11 PSA 9 Mint,https://www.ebay.es/itm/287184596597,PriceCharting
Neo Genesis,Meganium,11/111,Unlimited,PSA 9,2026-01-14,123.50,USD,eBay,unknown,FALSE,,,2000 Pokemon Neo Genesis #11 Meganium Holo PSA 9 MINT,https://www.ebay.es/itm/376841907309,PriceCharting
Neo Genesis,Meganium,11/111,Unlimited,PSA 9,2026-01-06,140.00,USD,eBay,unknown,FALSE,,,2000 Pokemon Neo Genesis #11/111 Meganium Holo Rare WoTC Vintage - Mint PSA 9 #11,https://www.ebay.es/itm/326941747647,PriceCharting
Neo Genesis,Meganium,11/111,Unlimited,PSA 9,2026-01-05,142.50,USD,eBay,unknown,FALSE,,,2000 Pokemon Neo Genesis #11/111 Meganium Holo Rare WoTC Vintage - Mint PSA 9 #11,https://www.ebay.es/itm/227150936819,PriceCharting
Neo Genesis,Meganium,11/111,Unlimited,PSA 9,2025-12-09,110.00,USD,eBay,unknown,FALSE,,,Meganium Holo PSA 9 2000 Pokemon Neo Genesis #11 #11,https://www.ebay.es/itm/136803336077,PriceCharting
Neo Genesis,Meganium,11/111,Unlimited,PSA 10,2026-05-03,2550.00,USD,eBay,unknown,FALSE,,,Pokemon Meganium Neo Genesis Unlimited Holo Rare #11 PSA 10 Gem Mint,https://www.ebay.es/itm/287292232684,PriceCharting
Neo Genesis,Meganium,11/111,Unlimited,PSA 10,2026-03-03,3200.00,USD,eBay,best offer,TRUE,,,2000 POKEMON NEO GENESIS #11 MEGANIUM-HOLO PSA 10 #11,https://www.ebay.es/itm/306800506065,PriceCharting
Neo Genesis,Meganium,11/111,Unlimited,PSA 10,2025-12-19,2013.68,USD,eBay,unknown,FALSE,,,PSA 10 Meganium 11/111 Unlimited Neo Genesis Pokemon Card GEM MINT Holo,https://www.ebay.es/itm/156181124227,PriceCharting
Neo Genesis,Meganium,11/111,Unlimited,PSA 10,2025-11-08,2187.83,USD,eBay,unknown,FALSE,,,Meganium 11/111 Holo Pokemon Neo Genesis 2000 PSA10 (Swirl)🌀,https://www.ebay.es/itm/397215417952,PriceCharting
Neo Genesis,Meganium,11/111,Unlimited,PSA 10,2025-08-11,787.77,USD,eBay,unknown,FALSE,,,Pokemon Meganium Neo Genesis Unlimited Holo Rare #11 PSA 10 Gem Mint,https://www.ebay.es/itm/286739114763,PriceCharting
Neo Genesis,Meganium,11/111,Unlimited,PSA 10,2025-06-03,1299.00,USD,eBay,unknown,FALSE,,,PSA 10 GEM MINT Meganium Holo Pokémon Neo Genesis 1.Edition 11/111 English 11/111,https://www.ebay.es/itm/286316327795,PriceCharting
Neo Genesis,Meganium,11/111,Unlimited,PSA 10,2025-03-17,849.99,USD,eBay,unknown,FALSE,,,PSA 10 Meganium 11/111 Unlimited Neo Genesis Pokemon Card GEM MINT Holo POP 25 11/111,https://www.ebay.es/itm/176769930629,PriceCharting
Neo Genesis,Meganium,11/111,Unlimited,PSA 10,2024-06-11,499.99,USD,eBay,unknown,FALSE,,,2000 Pokemon PSA 10 Meganium Holo Unlimited - 11/111 Neo Genesis GEM MINT 11/111,https://www.ebay.es/itm/335431646631,PriceCharting
Neo Genesis,Pichu,12/111,1st Edition,PSA 8,2026-09-26,700.00,USD,eBay,unknown,FALSE,,,2000 POKEMON NEO GENESIS 1ST EDITION #12 PICHU-HOLO PSA 8 #12,https://www.ebay.es/itm/298701298240,PriceCharting
Neo Genesis,Pichu,12/111,1st Edition,PSA 8,2026-09-26,685.00,USD,eBay,best offer,TRUE,685.00,,2000 Pichu 12/111 Neo Genesis Holo​ Pokemon PSA 8 1st Edition Pichu 12/111,https://www.ebay.es/itm/800361183226,PriceCharting
Neo Genesis,Pichu,12/111,1st Edition,PSA 8,2026-09-18,711.00,USD,eBay,unknown,FALSE,,,Pokémon TCG Pichu 12/111 Neo Genesis Holo Rare 1st Edition English 2000 PSA 8 12/111,https://www.ebay.es/itm/358847263336,PriceCharting
Neo Genesis,Pichu,12/111,1st Edition,PSA 8,2026-09-16,725.00,USD,eBay,unknown,FALSE,,,2000 POKEMON NEO GENESIS 1ST EDITION #12 PICHU-HOLO PSA 8 #12,https://www.ebay.es/itm/307142993067,PriceCharting
Neo Genesis,Pichu,12/111,1st Edition,PSA 8,2026-09-12,981.68,USD,eBay,unknown,FALSE,,,2000 POKEMON NEO GENESIS 1ST EDITION #12 PICHU-HOLO 1ST EDITION PSA 8 #12,https://www.ebay.es/itm/307158156898,PriceCharting
Neo Genesis,Pichu,12/111,1st Edition,PSA 8,2026-09-06,561.00,USD,eBay,unknown,FALSE,,,2000 POKEMON NEO GENESIS 1ST EDITION #12 PICHU-HOLO PSA 8 #12,https://www.ebay.es/itm/298620894927,PriceCharting
Neo Genesis,Pichu,12/111,1st Edition,PSA 8,2026-09-05,686.40,USD,eBay,unknown,FALSE,,,Pichu - Pokemon Neo Genesis #12 PSA 8 english #12,https://www.ebay.es/itm/366634605034,PriceCharting
Neo Genesis,Pichu,12/111,1st Edition,PSA 8,2026-09-03,649.99,USD,eBay,unknown,FALSE,,,Pokemon Pichu 12/111 Neo Genesis 1st Edition Holo PSA 8 English 2000 12/111,https://www.ebay.es/itm/336773633686,PriceCharting
Neo Genesis,Pichu,12/111,1st Edition,PSA 8,2026-09-03,618.88,USD,eBay,unknown,FALSE,,,Pokemon 2000 Pichu 12/111 Holo Rare Neo Genesis 1st Edition PSA 8 12/111,https://www.ebay.es/itm/407170210952,PriceCharting
Neo Genesis,Pichu,12/111,1st Edition,PSA 8,2026-08-31,575.00,USD,eBay,unknown,FALSE,,,PICHU 2000 POKEMON NEO GENESIS #12 HOLO 1ST EDITION RARE PSA 8 NM-MT,https://www.ebay.es/itm/298610645581,PriceCharting
Neo Genesis,Pichu,12/111,1st Edition,PSA 8,2026-08-26,660.00,USD,eBay,unknown,FALSE,,,2000 Pokemon Neo Genesis 1st Edition #12 Pichu Holo PSA 8 NM-MT,https://www.ebay.es/itm/377429739527,PriceCharting
Neo Genesis,Pichu,12/111,1st Edition,PSA 8,2026-08-24,510.00,USD,eBay,unknown,FALSE,,,2000 POKEMON NEO GENESIS 1ST EDITION #12 PICHU-HOLO PSA 8 #12,https://www.ebay.es/itm/117351083589,PriceCharting
Neo Genesis,Pichu,12/111,1st Edition,PSA 8,2026-08-20,560.00,USD,eBay,unknown,FALSE,,,2000 POKEMON NEO GENESIS 1ST EDITION #12 PICHU-HOLO PSA 8 #12,https://www.ebay.es/itm/307116343641,PriceCharting
Neo Genesis,Pichu,12/111,1st Edition,PSA 8,2026-08-09,660.00,USD,eBay,unknown,FALSE,,,Pokemon Pichu Holo Neo Genesis 1st Edition 12/111 PSA 8 12/111,https://www.ebay.es/itm/287495389171,PriceCharting
Neo Genesis,Pichu,12/111,1st Edition,PSA 8,2026-08-05,562.00,USD,eBay,unknown,FALSE,,,2000 Pokemon Neo Genesis 1st Edition Pichu Holo #12/111 PSA 8,https://www.ebay.es/itm/377382671744,PriceCharting
Neo Genesis,Pichu,12/111,1st Edition,PSA 8,2026-08-02,690.00,USD,eBay,unknown,FALSE,,,Pokémon TCG Pichu Holo 1st Edition Neo Genesis 12/111 BIG SWIRL - PSA 8 12/111,https://www.ebay.es/itm/278226368102,PriceCharting
Neo Genesis,Pichu,12/111,1st Edition,PSA 8,2026-07-24,700.00,USD,eBay,best offer,TRUE,700.00,,Pokemon TCG Neo Genesis Pichu 12/111 Holo Rare 1st Edition PSA 8 2000 12/111,https://www.ebay.es/itm/358830118639,PriceCharting
Neo Genesis,Pichu,12/111,1st Edition,PSA 8,2026-07-17,750.00,USD,eBay,unknown,FALSE,,,2000 Pokemon Pichu Neo Genesis 1st Edition Holo Rare #12 PSA 8 #12,https://www.ebay.es/itm/327140348515,PriceCharting
Neo Genesis,Pichu,12/111,1st Edition,PSA 8,2026-07-17,500.00,USD,eBay,best offer,TRUE,,,1st Edition Pichu 12/111 Holo Rare 2000 Pokemon Neo Genesis - PSA 8 12/111,https://www.ebay.es/itm/800324667120,PriceCharting
Neo Genesis,Pichu,12/111,1st Edition,PSA 8,2026-07-16,650.00,USD,eBay,unknown,FALSE,,,2000 POKEMON NEO GENESIS 1ST EDITION #12 PICHU-HOLO PSA 8 #12,https://www.ebay.es/itm/117297744686,PriceCharting
Neo Genesis,Pichu,12/111,1st Edition,PSA 8,2026-07-12,738.56,USD,eBay,unknown,FALSE,,,2000 POKEMON NEO GENESIS 1ST EDITION #12 PICHU-HOLO PSA 8 12/111,https://www.ebay.es/itm/168516058011,PriceCharting
Neo Genesis,Pichu,12/111,1st Edition,PSA 8,2026-07-12,630.00,USD,eBay,unknown,FALSE,,,PSA 8 Pokemon Neo Genesis 1st Edition Pichu 12/111 Holo PSA 8 *SWIRL* 12/111,https://www.ebay.es/itm/358722699248,PriceCharting
Neo Genesis,Pichu,12/111,1st Edition,PSA 9,2026-09-27,2750.00,USD,eBay,best offer,TRUE,2750.00,,2000 POKEMON NEO GENESIS 1ST EDITION #12 PICHU-HOLO PSA 9 #12,https://www.ebay.es/itm/306932207250,PriceCharting
Neo Genesis,Pichu,12/111,1st Edition,PSA 9,2026-09-25,1968.74,USD,eBay,unknown,FALSE,,,Pichu Holo 1st Edition - PSA 9 - Neo Genesis 12/111 - 1st Edition - Pokemon,https://www.ebay.es/itm/168431337493,PriceCharting
Neo Genesis,Pichu,12/111,1st Edition,PSA 9,2026-09-18,2099.99,USD,eBay,unknown,FALSE,,,2000 Pokemon Neo Genesis 1st Edition #12 Pichu-Holo 1st Edition PSA 9 MINT #12,https://www.ebay.es/itm/178454006743,PriceCharting
Neo Genesis,Pichu,12/111,1st Edition,PSA 9,2026-09-14,2099.99,USD,eBay,unknown,FALSE,,,2000 POKEMON NEO GENESIS 1ST EDITION #12 PICHU-HOLO PSA 9 #12,https://www.ebay.es/itm/298650049243,PriceCharting
Neo Genesis,Pichu,12/111,1st Edition,PSA 9,2026-09-04,1999.95,USD,eBay,unknown,FALSE,,,2000 PICHU Pokemon Card #12 12/111 Neo Genesis 1st Edition Holo Rare PSA 9 12/111,https://www.ebay.es/itm/398348074375,PriceCharting
Neo Genesis,Pichu,12/111,1st Edition,PSA 9,2026-09-04,2125.95,USD,eBay,unknown,FALSE,,,Pokemon Neo Genesis 1st Edition Pichu 12/111 PSA 9,https://www.ebay.es/itm/377410322270,PriceCharting
Neo Genesis,Pichu,12/111,1st Edition,PSA 9,2026-08-12,1460.00,USD,eBay,unknown,FALSE,,,2000 POKEMON NEO GENESIS 1ST EDITION #12 PICHU-HOLO PSA 9 #12,https://www.ebay.es/itm/307103920956,PriceCharting
Neo Genesis,Pichu,12/111,1st Edition,PSA 9,2026-08-09,1500.00,USD,eBay,unknown,FALSE,,,Pokemon Pichu Holo Neo Genesis 1st Edition 12/111 PSA 9 Mint 12/111,https://www.ebay.es/itm/287495386855,PriceCharting
Neo Genesis,Pichu,12/111,1st Edition,PSA 9,2026-08-06,2023.50,USD,eBay,unknown,FALSE,,,2000 POKEMON NEO GENESIS 1ST EDITION #12 PICHU-HOLO PSA 9 #12,https://www.ebay.es/itm/307092587576,PriceCharting
Neo Genesis,Pichu,12/111,1st Edition,PSA 9,2026-07-24,1258.00,USD,eBay,unknown,FALSE,,,2000 Pokemon Neo Genesis #12 Pichu Holo 1st Edition PSA 9 MINT,https://www.ebay.es/itm/800354754444,PriceCharting
Neo Genesis,Pichu,12/111,1st Edition,PSA 9,2026-07-20,1776.83,USD,eBay,unknown,FALSE,,,PSA 9 Pichu 1st Edition 12/111 - Neo Genesis Holo Rare Pokemon,https://www.ebay.es/itm/366367369759,PriceCharting
Neo Genesis,Pichu,12/111,1st Edition,PSA 9,2026-07-16,1688.00,USD,eBay,unknown,FALSE,,,POKEMON PICHU-HOLO 2000 NEO GENESIS 1ST EDITION #12 PSA 9 *SWIRL* #12,https://www.ebay.es/itm/800311363454,PriceCharting
Neo Genesis,Pichu,12/111,1st Edition,PSA 9,2026-07-02,1591.00,USD,eBay,unknown,FALSE,,,POKEMON PICHU-HOLO 2000 NEO GENESIS 1ST EDITION #12 PSA 9 *SWIRL* #12,https://www.ebay.es/itm/800238134537,PriceCharting
Neo Genesis,Pichu,12/111,1st Edition,PSA 9,2026-06-28,1701.76,USD,eBay,unknown,FALSE,,,Pokemon Pichu Holo Neo Genesis 1st Edition 12/111 PSA 9 12/111,https://www.ebay.es/itm/287401743676,PriceCharting
Neo Genesis,Pichu,12/111,1st Edition,PSA 9,2026-06-23,1800.00,USD,eBay,unknown,FALSE,,,Pokemon Neo Genesis 1st Edition Pichu 12/111 PSA 9 12/111,https://www.ebay.es/itm/336647889739,PriceCharting
Neo Genesis,Pichu,12/111,1st Edition,PSA 9,2026-05-31,1488.25,USD,eBay,unknown,FALSE,,,Pokemon Card - PSA 9 1st Edition Pichu 12/111 - Neo Genesis - MINT - PSA9 12/111,https://www.ebay.es/itm/287331153225,PriceCharting
Neo Genesis,Pichu,12/111,1st Edition,PSA 9,2026-05-29,1668.57,USD,eBay,unknown,FALSE,,,PSA 9 Pichu 1st Edition [Holo] - 12/111 - Neo Genesis - Pokemon - Read Desc.,https://www.ebay.es/itm/287261799551,PriceCharting
Neo Genesis,Pichu,12/111,1st Edition,PSA 9,2026-05-27,1700.00,USD,eBay,best offer,TRUE,1700.00,,2000 POKEMON NEO GENESIS 1ST EDITION #12 PICHU-HOLO PSA 9 #12,https://www.ebay.es/itm/306959371408,PriceCharting
Neo Genesis,Pichu,12/111,1st Edition,PSA 9,2026-05-21,1400.00,USD,eBay,best offer,TRUE,1400.00,,Pokemon Pichu Neo Genesis 1st Edition Holo Rare #12 PSA 9 Mint 12/111,https://www.ebay.es/itm/287342738650,PriceCharting
Neo Genesis,Pichu,12/111,1st Edition,PSA 9,2026-05-18,1525.00,USD,eBay,unknown,FALSE,,,Pokemon Pichu Neo Genesis 1st Edition Holo Rare #12 PSA 9 Mint 12/111,https://www.ebay.es/itm/358518773973,PriceCharting
Neo Genesis,Pichu,12/111,1st Edition,PSA 10,2025-03-15,9499.00,USD,eBay,unknown,FALSE,,,NEW CERT! 2000 POKEMON NEO GENESIS 1ST ED #12 PICHU-HOLO PSA 10 GEM MINT #12,https://www.ebay.es/itm/356157144028,PriceCharting
Neo Genesis,Pichu,12/111,1st Edition,PSA 10,2025-02-11,12499.99,USD,eBay,unknown,FALSE,,,Pokemon PSA 10 Gem Mint 1st Edition Neo Genesis Holo Pichu 12/111 (JC) 12/111,https://www.ebay.es/itm/325864667862,PriceCharting
Neo Genesis,Pichu,12/111,Unlimited,PSA 8,2026-09-25,225.00,USD,eBay,unknown,FALSE,,,Nintendo Pokemon TCG Neo Genesis Pichu 12/111 Holo Rare PSA 8 (2000) 12/111,https://www.ebay.es/itm/377508454761,PriceCharting
Neo Genesis,Pichu,12/111,Unlimited,PSA 8,2026-09-06,230.00,USD,eBay,unknown,FALSE,,,PSA 8 NM-MT English 2000 Pokemon Neo Genesis PICHU HOLO Unlimited #12/111 12/111,https://www.ebay.es/itm/318513061948,PriceCharting
Neo Genesis,Pichu,12/111,Unlimited,PSA 8,2026-09-02,200.00,USD,eBay,best offer,TRUE,200.00,,2000 POKEMON NEO GENESIS #12 PICHU-HOLO PSA 8 #12,https://www.ebay.es/itm/298637497273,PriceCharting
Neo Genesis,Pichu,12/111,Unlimited,PSA 8,2026-09-02,272.01,USD,eBay,best offer,TRUE,,,Pokemon TCG Neo Genesis - Pichu Holo #12 - PSA 8 Graded - BIG SWIRL !!! 💎 #12,https://www.ebay.es/itm/257548363910,PriceCharting
Neo Genesis,Pichu,12/111,Unlimited,PSA 8,2026-08-31,164.70,USD,eBay,unknown,FALSE,,,Pokemon TCG Pichu 12/111 Neo Genesis Holo - PSA 8 - No Reserve 12/111,https://www.ebay.es/itm/128040956622,PriceCharting
Neo Genesis,Pichu,12/111,Unlimited,PSA 8,2026-08-24,250.00,USD,eBay,best offer,TRUE,250.00,,2000 Pokemon Neo Genesis Pichu 12/111 SWIRL Holo Rare PSA 8 NM-MT,https://www.ebay.es/itm/168605658563,PriceCharting
Neo Genesis,Pichu,12/111,Unlimited,PSA 8,2026-08-10,269.99,USD,eBay,unknown,FALSE,,,2000 Pokemon Neo Genesis Pichu 12/111 SWIRL Holo Rare PSA 8 NM-MT,https://www.ebay.es/itm/168521185569,PriceCharting
Neo Genesis,Pichu,12/111,Unlimited,PSA 8,2026-07-30,198.50,USD,eBay,unknown,FALSE,,,PSA 8 Pichu 12/111 Neo Genesis UNLIMITED HOLO - 2000 VINTAGE POKEMON TCG 12/111,https://www.ebay.es/itm/287478493507,PriceCharting
Neo Genesis,Pichu,12/111,Unlimited,PSA 8,2026-07-29,220.50,USD,eBay,unknown,FALSE,,,2000 POKEMON NEO GENESIS #12 PICHU-HOLO PSA 8 #12,https://www.ebay.es/itm/236955679433,PriceCharting
Neo Genesis,Pichu,12/111,Unlimited,PSA 8,2026-07-27,207.50,USD,eBay,unknown,FALSE,,,2000 POKEMON NEO GENESIS #12 PICHU-HOLO PSA 8 #12,https://www.ebay.es/itm/307061968560,PriceCharting
Neo Genesis,Pichu,12/111,Unlimited,PSA 8,2026-07-24,207.50,USD,eBay,unknown,FALSE,,,2000 POKEMON NEO GENESIS #12 PICHU-HOLO PSA 8 #12,https://www.ebay.es/itm/117295743035,PriceCharting
Neo Genesis,Pichu,12/111,Unlimited,PSA 8,2026-07-22,284.00,USD,eBay,unknown,FALSE,,,2000 POKEMON NEO GENESIS #12 PICHU-HOLO PSA 8 #12,https://www.ebay.es/itm/117300640824,PriceCharting
Neo Genesis,Pichu,12/111,Unlimited,PSA 8,2026-07-22,250.00,USD,eBay,unknown,FALSE,,,SWIRL Pokemon Neo Genesis Pichu 12/111 Holo Rare PSA 8 2000 English Unlimited 12/111,https://www.ebay.es/itm/327134743557,PriceCharting
Neo Genesis,Pichu,12/111,Unlimited,PSA 8,2026-07-15,210.07,USD,eBay,best offer,TRUE,,,2000 Pokemon Neo Genesis Unlimited Holofoil Pichu 12/111 PSA 8,https://www.ebay.es/itm/198402283723,PriceCharting
Neo Genesis,Pichu,12/111,Unlimited,PSA 8,2026-07-15,270.69,USD,eBay,best offer,TRUE,270.69,,2000 POKEMON NEO GENESIS #12 PICHU-HOLO PSA 8 #12,https://www.ebay.es/itm/117285610817,PriceCharting
Neo Genesis,Pichu,12/111,Unlimited,PSA 8,2026-07-13,213.50,USD,eBay,unknown,FALSE,,,Pokemon Pichu Holo Neo Genesis Unlimited 12/111 PSA 8 12/111,https://www.ebay.es/itm/287433882578,PriceCharting
Neo Genesis,Pichu,12/111,Unlimited,PSA 8,2026-06-28,199.00,USD,eBay,unknown,FALSE,,,SWIRL Pokemon Neo Genesis Pichu 12/111 Holo Rare PSA 8 2000 English Unlimited 12/111,https://www.ebay.es/itm/236896155492,PriceCharting
Neo Genesis,Pichu,12/111,Unlimited,PSA 8,2026-06-15,175.00,USD,eBay,unknown,FALSE,,,PSA 8 NM-MT English 2000 Pokemon Neo Genesis PICHU HOLO Unlimited #12/111 12/111,https://www.ebay.es/itm/157997473533,PriceCharting
Neo Genesis,Pichu,12/111,Unlimited,PSA 8,2026-06-15,217.51,USD,eBay,unknown,FALSE,,,2000 POKEMON NEO GENESIS #12 PICHU-HOLO PSA 8 #12,https://www.ebay.es/itm/117232321067,PriceCharting
Neo Genesis,Pichu,12/111,Unlimited,PSA 8,2026-06-04,148.50,USD,eBay,unknown,FALSE,,,89043798 Pichu 2000 Pokemon Neo Genesis #12 Holo PSA 8 12/111,https://www.ebay.es/itm/157946614953,PriceCharting
Neo Genesis,Pichu,12/111,Unlimited,PSA 8,2026-05-28,190.50,USD,eBay,unknown,FALSE,,,2000 POKEMON NEO GENESIS #12 PICHU-HOLO PSA 8 #12,https://www.ebay.es/itm/117202915946,PriceCharting
Neo Genesis,Pichu,12/111,Unlimited,PSA 9,2026-09-13,385.00,USD,eBay,unknown,FALSE,,,Pokemon Pichu Holo Neo Genesis Unlimited 12/111 PSA 9 Mint 12/111,https://www.ebay.es/itm/287565389506,PriceCharting
Neo Genesis,Pichu,12/111,Unlimited,PSA 9,2026-09-06,405.00,USD,eBay,unknown,FALSE,,,2000 POKEMON NEO GENESIS #12 PICHU-HOLO PSA 9 #12,https://www.ebay.es/itm/398347882659,PriceCharting
Neo Genesis,Pichu,12/111,Unlimited,PSA 9,2026-09-06,390.00,USD,eBay,unknown,FALSE,,,2000 Pokemon Neo Genesis Pichu Holo #12/111 PSA 9,https://www.ebay.es/itm/128054018932,PriceCharting
Neo Genesis,Pichu,12/111,Unlimited,PSA 9,2026-08-15,512.00,USD,eBay,best offer,TRUE,512.00,,2000 Pokemon Neo Genesis Pichu-Holo PSA 9 #12,https://www.ebay.es/itm/366595717714,PriceCharting
Neo Genesis,Pichu,12/111,Unlimited,PSA 9,2026-08-08,435.00,USD,eBay,unknown,FALSE,,,Pokemon 2000 Pichu 12/111 Holo Neo Genesis PSA 9 12/111,https://www.ebay.es/itm/407111851584,PriceCharting
Neo Genesis,Pichu,12/111,Unlimited,PSA 9,2026-08-03,525.00,USD,eBay,unknown,FALSE,,,2000 POKEMON NEO GENESIS #12 PICHU-HOLO PSA 9 #12,https://www.ebay.es/itm/307083873263,PriceCharting
Neo Genesis,Pichu,12/111,Unlimited,PSA 9,2026-07-22,430.00,USD,eBay,unknown,FALSE,,,2000 Pokemon Neo Genesis Unlimited #12 Pichu Holo PSA 9 MINT,https://www.ebay.es/itm/366542656377,PriceCharting
Neo Genesis,Pichu,12/111,Unlimited,PSA 9,2026-07-20,511.00,USD,eBay,unknown,FALSE,,,Pokemon Pichu Holo Neo Genesis Unlimited 12/111 PSA 9 Mint 12/111,https://www.ebay.es/itm/287450316747,PriceCharting
Neo Genesis,Pichu,12/111,Unlimited,PSA 9,2026-06-27,600.00,USD,eBay,best offer,TRUE,600.00,,2000 Pichu 12/111 Neo Genesis Holo PSA 9 MINT Pokemon 12/111,https://www.ebay.es/itm/227393940982,PriceCharting
Neo Genesis,Pichu,12/111,Unlimited,PSA 9,2026-06-26,599.57,USD,eBay,unknown,FALSE,,,PSA 9 Pokemon Neo Genesis #12 Pichu Holo Vintage 2000 -NEW CERT! 12/111,https://www.ebay.es/itm/358518063072,PriceCharting
Neo Genesis,Pichu,12/111,Unlimited,PSA 9,2026-06-07,493.00,USD,eBay,unknown,FALSE,,,"Pokemon Neo 1 Genesis 172 Pichu Holo Card 2000 12/111, PSA 9 12/111",https://www.ebay.es/itm/137363298621,PriceCharting
Neo Genesis,Pichu,12/111,Unlimited,PSA 9,2026-05-15,560.00,USD,eBay,unknown,FALSE,,,PSA 9 Pokemon Neo Genesis Unlimited #12 Pichu Holo Mint WOTC Vintage 2000 12/111,https://www.ebay.es/itm/397951273065,PriceCharting
Neo Genesis,Pichu,12/111,Unlimited,PSA 9,2026-05-06,710.00,USD,eBay,best offer,TRUE,710.00,,PSA 9 Pokemon Neo Genesis Unlimited #12 Pichu Holo Mint WOTC Vintage 2000 12/111,https://www.ebay.es/itm/257487946108,PriceCharting
Neo Genesis,Pichu,12/111,Unlimited,PSA 9,2026-04-30,700.00,USD,eBay,best offer,TRUE,700.00,,PSA 9 Pokemon Neo Genesis Unlimited #12 Pichu Holo Mint WOTC Vintage 2000 12/111,https://www.ebay.es/itm/257472280714,PriceCharting
Neo Genesis,Pichu,12/111,Unlimited,PSA 9,2026-04-26,540.00,USD,eBay,unknown,FALSE,,,PSA 9 Pokemon Neo Genesis #12 Pichu Holo Mint WOTC Vintage 2000 #12,https://www.ebay.es/itm/327120029783,PriceCharting
Neo Genesis,Pichu,12/111,Unlimited,PSA 9,2026-04-22,880.00,USD,eBay,best offer,TRUE,880.00,,2000 POKEMON NEO GENESIS #12 PICHU-HOLO PSA 9 #12,https://www.ebay.es/itm/298249688528,PriceCharting
Neo Genesis,Pichu,12/111,Unlimited,PSA 9,2026-04-20,540.00,USD,eBay,best offer,TRUE,540.00,,2000 Pokemon Neo Genesis Pichu Holo PSA 9 Mint WOTC Vintage RARE LISTING 💎 #12,https://www.ebay.es/itm/137215600494,PriceCharting
Neo Genesis,Pichu,12/111,Unlimited,PSA 9,2026-04-20,700.00,USD,eBay,unknown,FALSE,,,2000 Pokemon Pichu Neo Genesis Unlimited Holo 12/111 PSA 9 SWIRL 🌀 12/111,https://www.ebay.es/itm/147216872393,PriceCharting
Neo Genesis,Pichu,12/111,Unlimited,PSA 9,2026-04-09,499.99,USD,eBay,unknown,FALSE,,,Neo Genesis Pichu 12 Holo Rare 12/111 English Unlimited PSA 9 SWIRL 12/111,https://www.ebay.es/itm/168295973291,PriceCharting
Neo Genesis,Pichu,12/111,Unlimited,PSA 9,2026-04-01,412.00,USD,eBay,unknown,FALSE,,,Pokemon Pichu Neo Genesis Unlimited Holo Rare #12 PSA 9 Mint #12,https://www.ebay.es/itm/406801086235,PriceCharting
Neo Genesis,Pichu,12/111,Unlimited,PSA 9,2026-03-30,455.00,USD,eBay,unknown,FALSE,,,Pokemon Pichu Neo Genesis Unlimited Holo Rare #12 PSA 9 Mint,https://www.ebay.es/itm/287220079478,PriceCharting
Neo Genesis,Pichu,12/111,Unlimited,PSA 9,2026-02-20,475.00,USD,eBay,unknown,FALSE,,,Pokemon Pichu Neo Genesis Unlimited Holo Rare #12 PSA 9 Mint #12,https://www.ebay.es/itm/287139957546,PriceCharting
Neo Genesis,Pichu,12/111,Unlimited,PSA 9,2026-02-07,349.97,USD,eBay,unknown,FALSE,,,2000 Pokemon Neo Genesis # 12 Pichu Holo PSA 9 Card MINT! Trusted Seller! Rare! #12,https://www.ebay.es/itm/157107448972,PriceCharting
Neo Genesis,Pichu,12/111,Unlimited,PSA 10,2026-09-14,29999.99,USD,eBay,unknown,FALSE,,,2000 POKEMON NEO GENESIS #12 PICHU-HOLO PSA 10 #12,https://www.ebay.es/itm/117390186311,PriceCharting
Neo Genesis,Pichu,12/111,Unlimited,PSA 10,2026-02-27,8500.00,USD,eBay,unknown,FALSE,,,2000 Pokemon Unlimited Neo Genesis #12 Pichu Holo PSA 10 Card GEM MINT NEW CERT! #12,https://www.ebay.es/itm/157620739428,PriceCharting
Neo Genesis,Pichu,12/111,Unlimited,PSA 10,2025-08-04,3161.00,USD,eBay,unknown,FALSE,,,Pokemon Pichu Neo Genesis Unlimited Holo Rare #12 PSA 10 Gem Mint,https://www.ebay.es/itm/286726471167,PriceCharting
Neo Genesis,Pichu,12/111,Unlimited,PSA 10,2025-06-22,4219.00,USD,eBay,unknown,FALSE,,,Pokemon Pichu Neo Genesis Unlimited Holo Rare #12 PSA 10 Gem Mint #12,https://www.ebay.es/itm/286654436954,PriceCharting
Neo Genesis,Skarmory,13/111,1st Edition,PSA 8,2026-09-18,136.99,USD,eBay,best offer,TRUE,136.99,,2000 Pokemon Neo Genesis 1st Edition Skarmory Holo #13/111 PSA 8 NM-MT 13/111,https://www.ebay.es/itm/398386073078,PriceCharting
Neo Genesis,Skarmory,13/111,1st Edition,PSA 8,2026-09-15,140.00,USD,eBay,best offer,TRUE,140.00,,2000 Pokemon Neo Genesis 1st Edition Skarmory #13 Holo PSA 8 #13,https://www.ebay.es/itm/257738744500,PriceCharting
Neo Genesis,Skarmory,13/111,1st Edition,PSA 8,2026-08-23,125.50,USD,eBay,unknown,FALSE,,,PSA 8 Skarmory Holo 1st Edition #13 Pokémon Neo Genesis 1st Edition 2000 13/111,https://www.ebay.es/itm/287523896548,PriceCharting
Neo Genesis,Skarmory,13/111,1st Edition,PSA 8,2026-08-22,121.50,USD,eBay,unknown,FALSE,,,Skarmory Holo #13/111 - 2000 Pokemon Neo Genesis - 1st Edition - PSA 8 #13,https://www.ebay.es/itm/800531741490,PriceCharting
Neo Genesis,Skarmory,13/111,1st Edition,PSA 8,2026-08-10,165.00,USD,eBay,unknown,FALSE,,,Pokemon TCG Skarmory 13/111 Neo Genesis 1st Ed Holo Rare PSA 8 2000 EN 13/111,https://www.ebay.es/itm/358847165107,PriceCharting
Neo Genesis,Skarmory,13/111,1st Edition,PSA 8,2026-08-05,140.00,USD,eBay,best offer,TRUE,140.00,,Pokemon Skarmory Neo Genesis 1st Edition Holo Rare #13 PSA 8 #13,https://www.ebay.es/itm/178311972943,PriceCharting
Neo Genesis,Skarmory,13/111,1st Edition,PSA 8,2026-08-01,143.50,USD,eBay,unknown,FALSE,,,2000 POKEMON NEO GENESIS 1ST EDITION #13 SKARMORY-HOLO PSA 8 #13,https://www.ebay.es/itm/307081736395,PriceCharting
Neo Genesis,Skarmory,13/111,1st Edition,PSA 8,2026-07-29,200.00,USD,eBay,unknown,FALSE,,,2000 Pokemon 1st Edition Neo Genesis Skarmory | PSA 8 13/111,https://www.ebay.es/itm/307086259682,PriceCharting
Neo Genesis,Skarmory,13/111,1st Edition,PSA 8,2026-07-25,140.00,USD,eBay,best offer,TRUE,140.00,,Pokemon Skarmory Neo Genesis 1st Edition Holo Rare #13 PSA 8 #13,https://www.ebay.es/itm/178316647058,PriceCharting
Neo Genesis,Skarmory,13/111,1st Edition,PSA 8,2026-07-25,152.50,USD,eBay,unknown,FALSE,,,2000 POKEMON NEO GENESIS 1ST EDITION #13 SKARMORY-HOLO PSA 8 #13,https://www.ebay.es/itm/117302000063,PriceCharting
Neo Genesis,Skarmory,13/111,1st Edition,PSA 8,2026-07-24,174.99,USD,eBay,unknown,FALSE,,,2000 POKEMON NEO GENESIS 1ST EDITION #13 SKARMORY-HOLO PSA 8 #13,https://www.ebay.es/itm/298530138040,PriceCharting
Neo Genesis,Skarmory,13/111,1st Edition,PSA 8,2026-07-15,123.99,USD,eBay,unknown,FALSE,,,Pokémon TCG Skarmory 13/111 Neo Genesis Holo 1st Ed PSA 8 13/111,https://www.ebay.es/itm/206379596401,PriceCharting
Neo Genesis,Skarmory,13/111,1st Edition,PSA 8,2026-07-14,150.00,USD,eBay,unknown,FALSE,,,2000 POKEMON NEO GENESIS 1ST EDITION #13 SKARMORY-HOLO PSA 8 #13,https://www.ebay.es/itm/307035314342,PriceCharting
Neo Genesis,Skarmory,13/111,1st Edition,PSA 8,2026-07-08,150.00,USD,eBay,unknown,FALSE,,,2000 POKEMON NEO GENESIS 1ST EDITION #13 SKARMORY-HOLO PSA 8 #13,https://www.ebay.es/itm/307033749666,PriceCharting
Neo Genesis,Skarmory,13/111,1st Edition,PSA 8,2026-07-03,134.99,USD,eBay,unknown,FALSE,,,2000 Pokemon Neo Genesis 1st Edition #13 Skarmory Holo PSA 8 #13,https://www.ebay.es/itm/278076791925,PriceCharting
Neo Genesis,Skarmory,13/111,1st Edition,PSA 8,2026-06-24,110.00,USD,eBay,best offer,TRUE,,,Pokémon TCG Skarmory 13/111 Neo Genesis Holo 1st Ed PSA 8 13/111,https://www.ebay.es/itm/227400147307,PriceCharting
Neo Genesis,Skarmory,13/111,1st Edition,PSA 8,2026-06-23,144.50,USD,eBay,unknown,FALSE,,,2000 Pokemon Neo Genesis 1st Edition #13 Skarmory Holo PSA 8 NM-MT,https://www.ebay.es/itm/366481414916,PriceCharting
Neo Genesis,Skarmory,13/111,1st Edition,PSA 8,2026-06-22,145.50,USD,eBay,unknown,FALSE,,,2000 POKEMON NEO GENESIS 1ST EDITION #13 SKARMORY-HOLO PSA 8 #13,https://www.ebay.es/itm/298393419201,PriceCharting
Neo Genesis,Skarmory,13/111,1st Edition,PSA 8,2026-06-15,130.00,USD,eBay,unknown,FALSE,,,2000 Pokemon Neo Genesis 1st Edition #13 Skarmory Holo PSA 8 #13,https://www.ebay.es/itm/318459890572,PriceCharting
Neo Genesis,Skarmory,13/111,1st Edition,PSA 8,2026-06-12,127.50,USD,eBay,unknown,FALSE,,,2000 POKEMON NEO GENESIS 1ST EDITION #13 SKARMORY-HOLO PSA 8 #13,https://www.ebay.es/itm/117219808295,PriceCharting
Neo Genesis,Skarmory,13/111,1st Edition,PSA 8,2026-06-07,122.50,USD,eBay,unknown,FALSE,,,PSA 8 Skarmory- Holo #13 1st Edition Pokémon Neo Genesis 2000 #037,https://www.ebay.es/itm/287363973208,PriceCharting
Neo Genesis,Skarmory,13/111,1st Edition,PSA 8,2026-06-01,99.00,USD,eBay,unknown,FALSE,,,Pokemon 2000 Skarmory 13 Holo 1st Edition Neo Genesis PSA 8 #13,https://www.ebay.es/itm/406949586119,PriceCharting
Neo Genesis,Skarmory,13/111,1st Edition,PSA 8,2026-05-31,175.00,USD,eBay,unknown,FALSE,,,2000 Pokemon Neo Genesis 1st Edition Skarmory Holo 13/111 #13 PSA 8 #13,https://www.ebay.es/itm/327180342683,PriceCharting
Neo Genesis,Skarmory,13/111,1st Edition,PSA 8,2026-05-31,99.00,USD,eBay,best offer,TRUE,99.00,,Pokemon TCG Neo Genesis Skarmory 13/111 1st Edition Holo PSA 8 (2000) 13/111,https://www.ebay.es/itm/318384711514,PriceCharting
Neo Genesis,Skarmory,13/111,1st Edition,PSA 8,2026-05-25,137.50,USD,eBay,unknown,FALSE,,,Pokemon Skarmory Neo Genesis 1st Edition Holo Rare #13 PSA 8,https://www.ebay.es/itm/287331593104,PriceCharting
Neo Genesis,Skarmory,13/111,1st Edition,PSA 9,2026-09-25,389.02,USD,eBay,unknown,FALSE,,,Skarmory #13/111 Holo Neo Genesis 1st Edition Pokemon 2000 PSA 9 13/111,https://www.ebay.es/itm/398411475839,PriceCharting
Neo Genesis,Skarmory,13/111,1st Edition,PSA 9,2026-09-13,400.00,USD,eBay,best offer,TRUE,,,PSA 9 Skarmory 1st Edition 13/111 Neo Genesis Holo Pokémon WOTC 2000 13/111,https://www.ebay.es/itm/398080362855,PriceCharting
Neo Genesis,Skarmory,13/111,1st Edition,PSA 9,2026-09-12,509.00,USD,eBay,unknown,FALSE,,,2000 POKEMON NEO GENESIS 1ST EDITION #13 SKARMORY-HOLO 1ST EDITION PSA 9 #13,https://www.ebay.es/itm/307158156209,PriceCharting
Neo Genesis,Skarmory,13/111,1st Edition,PSA 9,2026-09-04,300.00,USD,eBay,unknown,FALSE,,,Pokemon Neo Genesis Skarmory Holo 1st Ed 13/111 PSA 9 13/111,https://www.ebay.es/itm/198573310945,PriceCharting
Neo Genesis,Skarmory,13/111,1st Edition,PSA 9,2026-09-02,300.00,USD,eBay,best offer,TRUE,300.00,,2000 POKEMON NEO GENESIS 1ST EDITION #13 SKARMORY-HOLO PSA 9 #13,https://www.ebay.es/itm/117390173824,PriceCharting
Neo Genesis,Skarmory,13/111,1st Edition,PSA 9,2026-08-25,295.00,USD,eBay,unknown,FALSE,,,2000 Pokemon Neo Genesis 1st Edition Skarmory Holo #13/111 PSA 9,https://www.ebay.es/itm/377432630778,PriceCharting
Neo Genesis,Skarmory,13/111,1st Edition,PSA 9,2026-08-17,365.00,USD,eBay,unknown,FALSE,,,Pokemon Skarmory Holo Neo Genesis 1st Edition 13/111 PSA 9 Mint 13/111,https://www.ebay.es/itm/287511104902,PriceCharting
Neo Genesis,Skarmory,13/111,1st Edition,PSA 9,2026-08-13,400.00,USD,eBay,best offer,TRUE,400.00,,PSA 9 Skarmory Holo 1st Edition #13 Neo Genesis Pokemon 2000 Swirl 🌀 Regrade 13/111,https://www.ebay.es/itm/397799123898,PriceCharting
Neo Genesis,Skarmory,13/111,1st Edition,PSA 9,2026-08-08,306.00,USD,eBay,best offer,TRUE,306.00,,2000 POKEMON NEO GENESIS 1ST EDITION #13 SKARMORY-HOLO PSA 9 #13,https://www.ebay.es/itm/307097030147,PriceCharting
Neo Genesis,Skarmory,13/111,1st Edition,PSA 9,2026-08-02,242.50,USD,eBay,unknown,FALSE,,,Pokemon Skarmory Holo Neo Genesis 1st Edition 13/111 PSA 9 Mint 13/111,https://www.ebay.es/itm/287481268799,PriceCharting
Neo Genesis,Skarmory,13/111,1st Edition,PSA 9,2026-07-31,300.00,USD,eBay,unknown,FALSE,,,2000 POKEMON NEO GENESIS 1ST EDITION #13 SKARMORY-HOLO PSA 9 #13,https://www.ebay.es/itm/178353025840,PriceCharting
Neo Genesis,Skarmory,13/111,1st Edition,PSA 9,2026-07-30,152.50,USD,eBay,unknown,FALSE,,,2000 POKEMON NEO GENESIS 1ST EDITION #13 SKARMORY-HOLO PSA 9 #13,https://www.ebay.es/itm/188683928023,PriceCharting
Neo Genesis,Skarmory,13/111,1st Edition,PSA 9,2026-07-30,270.00,USD,eBay,unknown,FALSE,,,2000 POKEMON NEO GENESIS 1ST EDITION #13 SKARMORY-HOLO PSA 9 #13,https://www.ebay.es/itm/307078049862,PriceCharting
Neo Genesis,Skarmory,13/111,1st Edition,PSA 9,2026-07-15,260.00,USD,eBay,best offer,TRUE,260.00,,Pokemon Skarmory Neo Genesis 1st Edition Holo Rare #13 PSA 9 Mint #13,https://www.ebay.es/itm/198224315536,PriceCharting
Neo Genesis,Skarmory,13/111,1st Edition,PSA 9,2026-07-13,433.00,USD,eBay,unknown,FALSE,,,Pokemon Neo Genesis Skarmory #13/111 Holo Rare First Edition PSA 9 13/111,https://www.ebay.es/itm/358751344196,PriceCharting
Neo Genesis,Skarmory,13/111,1st Edition,PSA 9,2026-06-30,325.00,USD,eBay,unknown,FALSE,,,2000 POKEMON NEO GENESIS 1ST EDITION #13 SKARMORY-HOLO PSA 9 #13,https://www.ebay.es/itm/298462076785,PriceCharting
Neo Genesis,Skarmory,13/111,1st Edition,PSA 9,2026-06-23,325.00,USD,eBay,unknown,FALSE,,,Pokemon Skarmory Holo Neo Genesis 1st Edition 13/111 PSA 9 13/111,https://www.ebay.es/itm/287411971744,PriceCharting
Neo Genesis,Skarmory,13/111,1st Edition,PSA 9,2026-06-16,230.00,USD,eBay,best offer,TRUE,,,Pokemon Skarmory Neo Genesis 1st Edition Holo Rare #13 PSA 9 Mint #13,https://www.ebay.es/itm/267694766521,PriceCharting
Neo Genesis,Skarmory,13/111,1st Edition,PSA 9,2026-06-11,325.00,USD,eBay,unknown,FALSE,,,2000 POKEMON NEO GENESIS 1ST EDITION #13 SKARMORY-HOLO PSA 9 #13,https://www.ebay.es/itm/117234457394,PriceCharting
Neo Genesis,Skarmory,13/111,1st Edition,PSA 9,2026-06-01,130.00,USD,eBay,best offer,TRUE,130.00,,Pokemon Neo Genisis Holo Card Skarmory #13 2000 PSA 9,https://www.ebay.es/itm/277772547544,PriceCharting
Neo Genesis,Skarmory,13/111,1st Edition,PSA 9,2026-05-22,247.50,USD,eBay,unknown,FALSE,,,2000 POKEMON NEO GENESIS 1ST EDITION #13 SKARMORY-HOLO PSA 9 #13,https://www.ebay.es/itm/306935523989,PriceCharting
Neo Genesis,Skarmory,13/111,1st Edition,PSA 9,2026-05-19,285.00,USD,eBay,best offer,TRUE,285.00,,Pokemon 1st Edition Skarmory 13/111 - PSA 9 MINT - Neo Genesis Holo Vintage 13/111,https://www.ebay.es/itm/157876096666,PriceCharting
Neo Genesis,Skarmory,13/111,1st Edition,PSA 10,2026-08-31,5600.00,USD,eBay,unknown,FALSE,,,2000 POKEMON NEO GENESIS 1ST EDITION #13 SKARMORY-HOLO PSA 10 #13,https://www.ebay.es/itm/298602974046,PriceCharting
Neo Genesis,Skarmory,13/111,1st Edition,PSA 10,2026-06-25,5000.00,USD,eBay,unknown,FALSE,,,2000 POKEMON NEO GENESIS 1ST EDITION #13 SKARMORY-HOLO PSA 10 #13,https://www.ebay.es/itm/298451844694,PriceCharting
Neo Genesis,Skarmory,13/111,1st Edition,PSA 10,2026-03-29,3433.00,USD,eBay,unknown,FALSE,,,Pokemon Skarmory Neo Genesis 1st Edition Holo Rare #13 PSA 10 Gem Mint,https://www.ebay.es/itm/287214951898,PriceCharting
Neo Genesis,Skarmory,13/111,1st Edition,PSA 10,2026-03-12,9000.00,USD,eBay,best offer,TRUE,9000.00,,2000 POKEMON NEO GENESIS 1ST ED #13 SKARMORY-HOLO PSA 10 #13,https://www.ebay.es/itm/298115094817,PriceCharting
Neo Genesis,Skarmory,13/111,1st Edition,PSA 10,2026-02-18,3000.00,USD,eBay,unknown,FALSE,,,Pokemon Skarmory Neo Genesis 1st Edition Holo Rare #13 PSA 10 Gem Mint,https://www.ebay.es/itm/287148715005,PriceCharting
Neo Genesis,Skarmory,13/111,1st Edition,PSA 10,2026-01-10,2500.00,USD,eBay,unknown,FALSE,,,Pokemon Skarmory Neo Genesis 1st Edition Holo Rare #13 PSA 10 Gem Mint,https://www.ebay.es/itm/287061615382,PriceCharting
Neo Genesis,Skarmory,13/111,1st Edition,PSA 10,2025-11-17,1900.00,USD,eBay,unknown,FALSE,,,Pokemon Skarmory Neo Genesis 1st Edition Holo Rare #13 PSA 10 Gem Mint,https://www.ebay.es/itm/286922290489,PriceCharting
Neo Genesis,Skarmory,13/111,1st Edition,PSA 10,2025-10-03,2000.00,USD,eBay,unknown,FALSE,,,2000 Pokemon Neo Genesis 1st Edition #13 Skarmory Holo PSA 10 Gem Mint #13,https://www.ebay.es/itm/116377924869,PriceCharting
Neo Genesis,Skarmory,13/111,1st Edition,PSA 10,2025-07-14,1025.00,USD,eBay,unknown,FALSE,,,Pokemon Skarmory Neo Genesis 1st Edition Holo Rare #13 PSA 10 Gem Mint,https://www.ebay.es/itm/286690654525,PriceCharting
Neo Genesis,Skarmory,13/111,1st Edition,PSA 10,2025-07-04,975.00,USD,eBay,unknown,FALSE,,,PSA 10 Skarmory Neo Genesis 1st Edition English Pokemon 13/111,https://www.ebay.es/itm/136099538599,PriceCharting
Neo Genesis,Skarmory,13/111,1st Edition,PSA 10,2025-02-09,997.00,USD,eBay,unknown,FALSE,,,Pokemon Skarmory 1st Edition PSA 10 Gem Mint Holo Neo Genesis 13/111 #111,https://www.ebay.es/itm/226566527288,PriceCharting
Neo Genesis,Skarmory,13/111,1st Edition,PSA 10,2025-01-23,937.88,USD,eBay,unknown,FALSE,,,2000 Pokemon Neo Genesis 1st Edition #13 Skarmory Holo PSA 10 Gem Mint #13,https://www.ebay.es/itm/286195454209,PriceCharting
Neo Genesis,Skarmory,13/111,1st Edition,PSA 10,2024-12-19,1000.00,USD,eBay,unknown,FALSE,,,2000 Pokemon Neo Genesis 1st Edition #13 Skarmory Holo PSA 10 Gem Mint #13,https://www.ebay.es/itm/145996351194,PriceCharting
Neo Genesis,Skarmory,13/111,1st Edition,PSA 10,2024-07-10,650.00,USD,eBay,unknown,FALSE,,,Skarmory #13 Neo Genesis 1st Edition Holo - Pokemon Card WOTC - PSA 10,https://www.ebay.es/itm/375454304005,PriceCharting
Neo Genesis,Skarmory,13/111,1st Edition,PSA 10,2024-07-01,670.00,USD,eBay,unknown,FALSE,,,Low Pop!! Skarmory #13 Neo Genesis 1st Edition Holo - Pokemon Card WOTC - PSA 10 #13,https://www.ebay.es/itm/387092882613,PriceCharting
Neo Genesis,Skarmory,13/111,1st Edition,PSA 10,2024-05-19,470.50,USD,eBay,unknown,FALSE,,,Pokemon Skarmory Neo Genesis 1st Edition Holo Rare #13 PSA 10 Gem Mint,https://www.ebay.es/itm/285856107058,PriceCharting
Neo Genesis,Skarmory,13/111,1st Edition,PSA 10,2024-05-05,565.00,USD,eBay,unknown,FALSE,,,Pokemon Skarmory Neo Genesis 1st Edition Holo Rare #13 PSA 10 Gem Mint,https://www.ebay.es/itm/285830393981,PriceCharting
Neo Genesis,Skarmory,13/111,1st Edition,PSA 10,2024-05-01,650.00,USD,eBay,unknown,FALSE,,,2000 Neo Genesis 13 Skarmory 1st Edition Holo Rare Pokemon TCG Card PSA 10 #13,https://www.ebay.es/itm/364486928735,PriceCharting
Neo Genesis,Skarmory,13/111,1st Edition,PSA 10,2024-04-22,545.00,USD,eBay,unknown,FALSE,,,Pokemon Skarmory PSA 10 1st Edition Holo Neo Genesis Gem Mint 13/111 #13,https://www.ebay.es/itm/226095133693,PriceCharting
Neo Genesis,Skarmory,13/111,1st Edition,PSA 10,2024-04-04,625.00,USD,eBay,unknown,FALSE,,,2000 Neo Genesis 13 Skarmory 1st Edition Holo Rare Pokemon TCG Card PSA 10 #13,https://www.ebay.es/itm/404660251763,PriceCharting
Neo Genesis,Skarmory,13/111,1st Edition,PSA 10,2023-12-17,515.00,USD,eBay,unknown,FALSE,,,Pokemon Skarmory Neo Genesis 1st Edition Holo Rare #13 PSA 10 Gem Mint,https://www.ebay.es/itm/285597324717,PriceCharting
Neo Genesis,Skarmory,13/111,1st Edition,PSA 10,2023-09-30,499.00,USD,eBay,unknown,FALSE,,,POKEMON NEO GENESIS- SKARMORY HOLO 1ST EDITION #13 - PSA 10 GEM MINT,https://www.ebay.es/itm/195995588939,PriceCharting
Neo Genesis,Skarmory,13/111,Unlimited,PSA 8,2026-09-08,50.00,USD,eBay,unknown,FALSE,,,PSA 8 Skarmory 13/111 Neo Genesis Holo Rare Pokemon Card 13/111,https://www.ebay.es/itm/116609906774,PriceCharting
Neo Genesis,Skarmory,13/111,Unlimited,PSA 8,2026-09-07,63.00,USD,eBay,unknown,FALSE,,,2000 Pokemon Neo Genesis Skarmory Rare Holo #13/111 PSA 8,https://www.ebay.es/itm/128055316378,PriceCharting
Neo Genesis,Skarmory,13/111,Unlimited,PSA 8,2026-09-04,74.99,USD,eBay,unknown,FALSE,,,2000 Pokemon Neo Genesis Skarmory Holo 13/111 PSA 8 NM-MT,https://www.ebay.es/itm/284179137271,PriceCharting
Neo Genesis,Skarmory,13/111,Unlimited,PSA 8,2026-09-02,57.00,USD,eBay,unknown,FALSE,,,SKARMORY HOLO 13/111 NEO GENESIS POKEMON PSA 8 NM-MT 13/111,https://www.ebay.es/itm/128043950174,PriceCharting
Neo Genesis,Skarmory,13/111,Unlimited,PSA 8,2026-08-06,65.00,USD,eBay,unknown,FALSE,,,SKARMORY HOLO 13/111 NEO GENESIS POKEMON PSA 8 13/111,https://www.ebay.es/itm/158077993571,PriceCharting
Neo Genesis,Skarmory,13/111,Unlimited,PSA 8,2026-07-13,60.00,USD,eBay,best offer,TRUE,60.00,,PSA 8 Pokemon Neo Genesis Skarmory Holo Rare #13/111 2000 English 13/111,https://www.ebay.es/itm/366453484928,PriceCharting
Neo Genesis,Skarmory,13/111,Unlimited,PSA 8,2026-07-11,59.99,USD,eBay,unknown,FALSE,,,2000 Pokemon Neo Genesis Skarmory Holo 13/111 PSA 8 NM-MT 13/111,https://www.ebay.es/itm/236908894608,PriceCharting
Neo Genesis,Skarmory,13/111,Unlimited,PSA 8,2026-07-10,60.00,USD,eBay,unknown,FALSE,,,Pokemon 2000 Skarmory 13/111 Holo Neo Genesis PSA 8 13/111,https://www.ebay.es/itm/407060739615,PriceCharting
Neo Genesis,Skarmory,13/111,Unlimited,PSA 8,2026-06-14,60.00,USD,eBay,unknown,FALSE,,,2000 POKEMON NEO GENESIS #13 SKARMORY-HOLO PSA 8 NM-Mint Vintage 13/111,https://www.ebay.es/itm/286784109226,PriceCharting
Neo Genesis,Skarmory,13/111,Unlimited,PSA 8,2026-06-02,60.00,USD,eBay,best offer,TRUE,60.00,,2000 Pokemon Skarmory 13/111 Neo Genesis Rare Holo PSA 8 NM/MINT 13/111,https://www.ebay.es/itm/267220254836,PriceCharting
Neo Genesis,Skarmory,13/111,Unlimited,PSA 8,2026-05-10,55.00,USD,eBay,best offer,TRUE,55.00,,2000 SKARMORY HOLO RARE NEO GENESIS POKEMON TCG PSA 8 NEAR MINT-MINT #13/111 13/111,https://www.ebay.es/itm/277350687506,PriceCharting
Neo Genesis,Skarmory,13/111,Unlimited,PSA 8,2026-05-07,55.00,USD,eBay,best offer,TRUE,55.00,,2000 POKEMON NEO GENESIS #13 SKARMORY-HOLO PSA 8 #13,https://www.ebay.es/itm/267645710218,PriceCharting
Neo Genesis,Skarmory,13/111,Unlimited,PSA 8,2026-05-07,50.00,USD,eBay,unknown,FALSE,,,2000 POKEMON NEO GENESIS #13 SKARMORY-HOLO PSA 8 Vintage 13/111,https://www.ebay.es/itm/317014859148,PriceCharting
Neo Genesis,Skarmory,13/111,Unlimited,PSA 8,2026-05-03,59.99,USD,eBay,unknown,FALSE,,,Pokémon TCG Neo Genesis Set Skarmory Holo Rare #13/111 PSA 8 NM-MT 13/111,https://www.ebay.es/itm/177352870957,PriceCharting
Neo Genesis,Skarmory,13/111,Unlimited,PSA 8,2026-05-02,59.99,USD,eBay,unknown,FALSE,,,PSA 8 Skarmory 13/111 Holo Pokémon TCG Neo Genesis Set Rare NM-MT 13/111,https://www.ebay.es/itm/287098145817,PriceCharting
Neo Genesis,Skarmory,13/111,Unlimited,PSA 8,2026-04-27,56.00,USD,eBay,unknown,FALSE,,,2000 Pokemon Neo Genesis Skarmory Holo 13/111 PSA 8 NM-MT 13/111,https://www.ebay.es/itm/389916073531,PriceCharting
Neo Genesis,Skarmory,13/111,Unlimited,PSA 8,2026-04-07,75.00,USD,eBay,unknown,FALSE,,,2000 POKEMON NEO GENESIS #13 SKARMORY-HOLO PSA 8 #13,https://www.ebay.es/itm/306408150316,PriceCharting
Neo Genesis,Skarmory,13/111,Unlimited,PSA 9,2026-09-21,135.00,USD,eBay,unknown,FALSE,,,Skarmory Holo 13/111 Neo Genesis Pokemon PSA 9 13/111,https://www.ebay.es/itm/188930082408,PriceCharting
Neo Genesis,Skarmory,13/111,Unlimited,PSA 9,2026-09-03,140.00,USD,eBay,unknown,FALSE,,,Pokemon Neo Genesis Skarmory PSA 9 13/111,https://www.ebay.es/itm/147542242461,PriceCharting
Neo Genesis,Skarmory,13/111,Unlimited,PSA 9,2026-09-01,149.00,USD,eBay,unknown,FALSE,,,Pokemon Neo Genesis Skarmory PSA 9 13/111,https://www.ebay.es/itm/147533669250,PriceCharting
Neo Genesis,Skarmory,13/111,Unlimited,PSA 9,2026-08-18,162.51,USD,eBay,unknown,FALSE,,,Skarmory Holo 13/111 PSA 9 Neo Genesis Pokemon Card Game 13/111,https://www.ebay.es/itm/287526552955,PriceCharting
Neo Genesis,Skarmory,13/111,Unlimited,PSA 9,2026-08-03,48.00,USD,eBay,unknown,FALSE,,,Pokémon TCG Skarmory Neo Genesis 13/111 Holo Unlimited Holo Rare PSA 9 MINT 13/111,https://www.ebay.es/itm/386872912024,PriceCharting
Neo Genesis,Skarmory,13/111,Unlimited,PSA 9,2026-07-02,141.25,USD,eBay,unknown,FALSE,,,Pokemon Skarmory # 13 - Neo Genesis - Graded PSA 9,https://www.ebay.es/itm/227326664403,PriceCharting
Neo Genesis,Skarmory,13/111,Unlimited,PSA 9,2026-05-23,105.00,USD,eBay,best offer,TRUE,105.00,,2000 POKEMON NEO GENESIS #13 SKARMORY-HOLO PSA 9 #13,https://www.ebay.es/itm/117206379818,PriceCharting
Neo Genesis,Skarmory,13/111,Unlimited,PSA 9,2026-04-24,105.00,USD,eBay,unknown,FALSE,,,PSA 9 MINT Skarmory Holo 13/111 Neo Genesis 2000 Pokemon Card 13/111,https://www.ebay.es/itm/306892587602,PriceCharting
Neo Genesis,Skarmory,13/111,Unlimited,PSA 9,2026-04-10,81.00,USD,eBay,unknown,FALSE,,,PSA 9 MINT Skarmory Holo 13/111 Neo Genesis 2000 Pokemon Card 13/111,https://www.ebay.es/itm/318102200535,PriceCharting
Neo Genesis,Skarmory,13/111,Unlimited,PSA 9,2026-04-03,81.00,USD,eBay,unknown,FALSE,,,PSA 9 MINT Skarmory Holo 13/111 Neo Genesis 2000 Pokemon Card 13/111,https://www.ebay.es/itm/318069479992,PriceCharting
Neo Genesis,Skarmory,13/111,Unlimited,PSA 9,2026-03-29,95.00,USD,eBay,best offer,TRUE,,,PSA 9 Skarmory Holo Neo Genesis #13 - 2000 MINT Pokémon Card,https://www.ebay.es/itm/188174759548,PriceCharting
Neo Genesis,Skarmory,13/111,Unlimited,PSA 9,2026-01-27,85.00,USD,eBay,best offer,TRUE,85.00,,Pokemon 2000 Skarmory Neo Genesis Unlimited HOLO Rare 13/111 - PSA 9 MINT 13/111,https://www.ebay.es/itm/177805143836,PriceCharting
Neo Genesis,Skarmory,13/111,Unlimited,PSA 9,2025-12-09,79.99,USD,eBay,unknown,FALSE,,,2000 POKEMON NEO GENESIS #13 SKARMORY HOLO PSA 9 MINT 13/111,https://www.ebay.es/itm/227104687828,PriceCharting
Neo Genesis,Skarmory,13/111,Unlimited,PSA 9,2025-12-08,59.99,USD,eBay,unknown,FALSE,,,2000 Pokemon Neo Genesis Skarmory Holo Rare 13/111 PSA 9 Mint 13/111,https://www.ebay.es/itm/376760301480,PriceCharting
Neo Genesis,Skarmory,13/111,Unlimited,PSA 9,2025-11-11,84.99,USD,eBay,unknown,FALSE,,,2000 Pokémon Neo Genesis #13 Skarmory Holo – PSA 9 MINT,https://www.ebay.es/itm/146951493780,PriceCharting
Neo Genesis,Skarmory,13/111,Unlimited,PSA 9,2025-10-21,62.00,USD,eBay,unknown,FALSE,,,2000 Pokemon Neo Genesis #13 Skarmory Holo PSA 9 MINT,https://www.ebay.es/itm/365924570847,PriceCharting
Neo Genesis,Skarmory,13/111,Unlimited,PSA 9,2025-10-19,58.90,USD,eBay,unknown,FALSE,,,2000 Pokemon Neo Genesis #13/111 Skarmory Holo PSA 9 MINT,https://www.ebay.es/itm/376619646802,PriceCharting
Neo Genesis,Skarmory,13/111,Unlimited,PSA 10,2026-05-20,1650.00,USD,eBay,best offer,TRUE,1650.00,,2000 Pokemon Neo Genesis 13/111 Skarmory Holo Rare PSA 10 Gem Mint Pop 23 13/111,https://www.ebay.es/itm/406937804508,PriceCharting
Neo Genesis,Skarmory,13/111,Unlimited,PSA 10,2026-02-02,1550.00,USD,eBay,unknown,FALSE,,,PSA 10 GEM MINT Skarmory Neo Genesis Unlimited Holo Pokemon Card 13/111 LOW POP #13,https://www.ebay.es/itm/127447134971,PriceCharting
Neo Genesis,Skarmory,13/111,Unlimited,PSA 10,2026-01-01,975.00,USD,eBay,best offer,TRUE,,,POP 18 PSA 10 GEM MINT Skarmory Neo Genesis Unlimited Holo Pokemon Card 13/111,https://www.ebay.es/itm/334816321840,PriceCharting
Neo Genesis,Skarmory,13/111,Unlimited,PSA 10,2025-11-25,585.01,USD,eBay,best offer,TRUE,,,PSA 10 GEM MINT Skarmory Neo Genesis Unlimited Holo Pokemon Card 13/111 #13,https://www.ebay.es/itm/397301780786,PriceCharting
Neo Genesis,Skarmory,13/111,Unlimited,PSA 10,2025-10-10,465.92,USD,eBay,unknown,FALSE,,,PSA 10 GEM MINT Skarmory Neo Genesis Unlimited Holo Pokemon Card 13/111 *POP 22,https://www.ebay.es/itm/397082493746,PriceCharting
Neo Genesis,Skarmory,13/111,Unlimited,PSA 10,2025-09-20,520.00,USD,eBay,unknown,FALSE,,,POP 22! Pokemon Neo Genesis 13/111 Skarmory 2000 Holo Rare PSA 10 Gem Mint 13/111,https://www.ebay.es/itm/177420921353,PriceCharting
Neo Genesis,Skarmory,13/111,Unlimited,PSA 10,2025-09-17,483.13,USD,eBay,unknown,FALSE,,,PSA 10 GEM MINT Skarmory Neo Genesis Unlimited Holo Pokemon Card 13/111 *POP 22,https://www.ebay.es/itm/397063004741,PriceCharting
Neo Genesis,Skarmory,13/111,Unlimited,PSA 10,2025-09-07,437.00,USD,eBay,unknown,FALSE,,,Pokemon Skarmory Neo Genesis Unlimited Holo Rare #13 PSA 10 Gem Mint,https://www.ebay.es/itm/286791259804,PriceCharting
Neo Genesis,Skarmory,13/111,Unlimited,PSA 10,2025-09-05,485.00,USD,eBay,unknown,FALSE,,,2000 Pokemon Neo Genesis #13 Skarmory Holo PSA 10 GEM MINT,https://www.ebay.es/itm/376513035662,PriceCharting
Neo Genesis,Skarmory,13/111,Unlimited,PSA 10,2025-08-22,510.00,USD,eBay,unknown,FALSE,,,2000 Pokemon Neo Genesis #13 Skarmory Holo PSA 10 GEM MINT,https://www.ebay.es/itm/365798709800,PriceCharting
Neo Genesis,Skarmory,13/111,Unlimited,PSA 10,2025-07-03,493.00,USD,eBay,unknown,FALSE,,,2000 Pokemon Neo Genesis Skarmory Holo #13/111 PSA 10,https://www.ebay.es/itm/127201825801,PriceCharting
Neo Genesis,Skarmory,13/111,Unlimited,PSA 10,2025-07-01,600.00,USD,eBay,unknown,FALSE,,,PSA 10 SKARMORY 2000 POKEMON NEO GENESIS HOLO PARALLEL #13 (GEM MINT CONDITION) #13,https://www.ebay.es/itm/154476763764,PriceCharting
Neo Genesis,Skarmory,13/111,Unlimited,PSA 10,2025-07-01,595.00,USD,eBay,unknown,FALSE,,,2000 Pokemon Neo Genesis 13/111 Skarmory Holo Rare PSA 10 Gem Mint POP 21 #13,https://www.ebay.es/itm/267237109135,PriceCharting
Neo Genesis,Skarmory,13/111,Unlimited,PSA 10,2025-05-01,570.00,USD,eBay,unknown,FALSE,,,2000 Pokemon Neo Genesis 13/111 Skarmory Holo Rare PSA 10 Gem Mint POP 21 #13,https://www.ebay.es/itm/266978096120,PriceCharting
Neo Genesis,Skarmory,13/111,Unlimited,PSA 10,2025-02-28,455.00,USD,eBay,unknown,FALSE,,,2000 Pokemon Neo Genesis 13/111 Skarmory Holo Rare PSA 10 Gem Mint Pop 21 #13,https://www.ebay.es/itm/316319217801,PriceCharting
Neo Genesis,Skarmory,13/111,Unlimited,PSA 10,2023-12-17,320.00,USD,eBay,unknown,FALSE,,,Pokemon Skarmory Neo Genesis Unlimited Holo Rare #13 PSA 10 Gem Mint,https://www.ebay.es/itm/285594002826,PriceCharting
Neo Genesis,Slowking,14/111,1st Edition,PSA 8,2026-09-28,450.38,USD,eBay,unknown,FALSE,,,Slowking Holo 14/111 PSA 8 Neo Genesis 1st Edition Pokemon Card Game 14/111,https://www.ebay.es/itm/287600465167,PriceCharting
Neo Genesis,Slowking,14/111,1st Edition,PSA 8,2026-09-27,521.11,USD,eBay,unknown,FALSE,,,2000 POKEMON NEO GENESIS 1ST EDITION #14 SLOWKING HOLO 1ST EDITION PSA 8 #14,https://www.ebay.es/itm/307184658874,PriceCharting
Neo Genesis,Slowking,14/111,1st Edition,PSA 8,2026-09-26,550.00,USD,eBay,best offer,TRUE,550.00,,Pokémon Slowking Neo Genesis First Edition Holo Rare 14/111 Vintage PSA 8 NM-MT 14/111,https://www.ebay.es/itm/278412118359,PriceCharting
Neo Genesis,Slowking,14/111,1st Edition,PSA 8,2026-09-26,550.00,USD,eBay,best offer,TRUE,550.00,,Pokémon Slowking Neo Genesis First Edition Holo Rare 14/111 Vintage PSA 8 NM-MT 14/111,https://www.ebay.es/itm/278044953606,PriceCharting
Neo Genesis,Slowking,14/111,1st Edition,PSA 8,2026-09-26,615.00,USD,eBay,unknown,FALSE,,,2000 Pokemon Neo Genesis 1st Edition #14 Slowking Holo PSA 8 NM-MT #14,https://www.ebay.es/itm/257495259604,PriceCharting
Neo Genesis,Slowking,14/111,1st Edition,PSA 8,2026-09-20,685.00,USD,eBay,unknown,FALSE,,,2000 POKEMON NEO GENESIS 1ST EDITION #14 SLOWKING-HOLO PSA 8 #14,https://www.ebay.es/itm/117408113073,PriceCharting
Neo Genesis,Slowking,14/111,1st Edition,PSA 8,2026-09-19,450.00,USD,eBay,best offer,TRUE,450.00,,Pokemon TCG Slowking 14/111 Neo Genesis 1st Edition Holo Rare EN PSA 8 14/111,https://www.ebay.es/itm/147581506950,PriceCharting
Neo Genesis,Slowking,14/111,1st Edition,PSA 8,2026-09-13,572.18,USD,eBay,unknown,FALSE,,,2000 POKEMON NEO GENESIS 1ST EDITION #14 SLOWKING-HOLO 1ST EDITION PSA 8 #14,https://www.ebay.es/itm/307158162212,PriceCharting
Neo Genesis,Slowking,14/111,1st Edition,PSA 8,2026-09-08,473.94,USD,eBay,unknown,FALSE,,,Pokémon TCG Slowking Neo Genesis PSA 8 Near Mint - Mint 1st edition NEW CERT 14/111,https://www.ebay.es/itm/147559144011,PriceCharting
Neo Genesis,Slowking,14/111,1st Edition,PSA 8,2026-09-06,451.00,USD,eBay,unknown,FALSE,,,Pokemon Slowking Holo Neo Genesis 1st Edition 14/111 PSA 8 14/111,https://www.ebay.es/itm/287552955545,PriceCharting
Neo Genesis,Slowking,14/111,1st Edition,PSA 8,2026-09-06,400.00,USD,eBay,unknown,FALSE,,,2000 POKEMON NEO GENESIS 1ST EDITION #14 SLOWKING-HOLO PSA 8 #14,https://www.ebay.es/itm/298620898022,PriceCharting
Neo Genesis,Slowking,14/111,1st Edition,PSA 8,2026-09-04,440.00,USD,eBay,unknown,FALSE,,,SLOWKING 2000 POKEMON NEO GENESIS 1ST EDITION 14/111 RARE HOLO PSA 8 Q5677 14/111,https://www.ebay.es/itm/278317133803,PriceCharting
Neo Genesis,Slowking,14/111,1st Edition,PSA 8,2026-09-03,524.99,USD,eBay,unknown,FALSE,,,2000 POKEMON NEO GENESIS 1ST EDITION #14 SLOWKING-HOLO PSA 8 #14,https://www.ebay.es/itm/198615695747,PriceCharting
Neo Genesis,Slowking,14/111,1st Edition,PSA 8,2026-09-01,524.99,USD,eBay,unknown,FALSE,,,2000 POKEMON NEO GENESIS 1ST EDITION #14 SLOWKING-HOLO PSA 8 #14,https://www.ebay.es/itm/198592091043,PriceCharting
Neo Genesis,Slowking,14/111,1st Edition,PSA 8,2026-09-01,500.00,USD,eBay,unknown,FALSE,,,2000 POKEMON NEO GENESIS SLOWKING #14 1ST EDITION-HOLO PSA 8 NEAR MINT/MINT 14/111,https://www.ebay.es/itm/128054217491,PriceCharting
Neo Genesis,Slowking,14/111,1st Edition,PSA 8,2026-09-01,520.00,USD,eBay,unknown,FALSE,,,2000 POKEMON NEO GENESIS 1ST EDITION #14 SLOWKING-HOLO PSA 8 #14,https://www.ebay.es/itm/117368856804,PriceCharting
Neo Genesis,Slowking,14/111,1st Edition,PSA 8,2026-08-18,459.00,USD,eBay,unknown,FALSE,,,2000 Pokemon Neo Genesis 1st Edition #14 Slowking Holo PSA 8 NM-MT,https://www.ebay.es/itm/377408712891,PriceCharting
Neo Genesis,Slowking,14/111,1st Edition,PSA 8,2026-08-15,500.00,USD,eBay,unknown,FALSE,,,2000 POKEMON NEO GENESIS 1ST EDITION #14 SLOWKING-HOLO PSA 8 #14,https://www.ebay.es/itm/298591046826,PriceCharting
Neo Genesis,Slowking,14/111,1st Edition,PSA 8,2026-08-13,550.00,USD,eBay,unknown,FALSE,,,2000 POKEMON NEO GENESIS 1ST EDITION #14 SLOWKING-HOLO PSA 8 #14,https://www.ebay.es/itm/298579988697,PriceCharting
Neo Genesis,Slowking,14/111,1st Edition,PSA 8,2026-08-11,522.00,USD,eBay,unknown,FALSE,,,2000 Pokemon Neo Genesis 1st Edition #14 Slowking Holo PSA 8 14/111,https://www.ebay.es/itm/127936357751,PriceCharting
Neo Genesis,Slowking,14/111,1st Edition,PSA 8,2026-08-10,632.00,USD,eBay,unknown,FALSE,,,2000 POKEMON NEO GENESIS 1ST EDITION #14 SLOWKING-HOLO PSA 8 #14,https://www.ebay.es/itm/117333624978,PriceCharting
Neo Genesis,Slowking,14/111,1st Edition,PSA 8,2026-08-09,510.00,USD,eBay,unknown,FALSE,,,Pokemon Slowking Holo 2000?Neo Genesis 1st Edition #14 PSA 8 14/111,https://www.ebay.es/itm/158080266261,PriceCharting
Neo Genesis,Slowking,14/111,1st Edition,PSA 8,2026-08-02,505.00,USD,eBay,unknown,FALSE,,,2000 POKEMON NEO GENESIS 1ST EDITION #14 SLOWKING-HOLO PSA 8 #14,https://www.ebay.es/itm/117313145097,PriceCharting
Neo Genesis,Slowking,14/111,1st Edition,PSA 8,2026-08-01,549.99,USD,eBay,unknown,FALSE,,,2000 POKEMON NEO GENESIS 1ST EDITION #14 SLOWKING-HOLO PSA 8 #14,https://www.ebay.es/itm/117329573721,PriceCharting
Neo Genesis,Slowking,14/111,1st Edition,PSA 9,2026-09-07,2000.00,USD,eBay,best offer,TRUE,2000.00,,2000 POKEMON NEO GENESIS 1ST EDITION #14 SLOWKING-HOLO PSA 9 #14,https://www.ebay.es/itm/298590550444,PriceCharting
Neo Genesis,Slowking,14/111,1st Edition,PSA 9,2026-09-05,1799.99,USD,eBay,unknown,FALSE,,,WotC 2000 Pokemon Neo Genesis Slowking 14/111 1st Ed Holo PSA 9 14/111,https://www.ebay.es/itm/158170288233,PriceCharting
Neo Genesis,Slowking,14/111,1st Edition,PSA 9,2026-09-04,1859.95,USD,eBay,best offer,TRUE,1859.95,,2000 Pokemon Slowking 14/111 PSA 9 Neo Genesis 1st Edition Holo Mint Low Pop 14/111,https://www.ebay.es/itm/227471457296,PriceCharting
Neo Genesis,Slowking,14/111,1st Edition,PSA 9,2026-09-02,2027.39,USD,eBay,unknown,FALSE,,,Slowking Holo 14/111 PSA 9 Neo Genesis 1st Edition DOUBLE SWIRL Pokemon Card 14/111,https://www.ebay.es/itm/287526552948,PriceCharting
Neo Genesis,Slowking,14/111,1st Edition,PSA 9,2026-08-16,1426.00,USD,eBay,unknown,FALSE,,,Pokemon Slowking Holo Neo Genesis 1st Edition 14/111 PSA 9 Mint 14/111,https://www.ebay.es/itm/287511103123,PriceCharting
Neo Genesis,Slowking,14/111,1st Edition,PSA 9,2026-08-10,1525.00,USD,eBay,unknown,FALSE,,,2000 POKEMON NEO GENESIS 1ST EDITION #14 SLOWKING-HOLO PSA 9 #14,https://www.ebay.es/itm/117333026332,PriceCharting
Neo Genesis,Slowking,14/111,1st Edition,PSA 9,2026-08-07,1460.48,USD,eBay,unknown,FALSE,,,POKEMON SLOWKING 2000 NEO GENESIS 1ST EDITION #14 HOLO PSA 9 *SWIRL* #14,https://www.ebay.es/itm/800434392229,PriceCharting
Neo Genesis,Slowking,14/111,1st Edition,PSA 9,2026-08-06,1476.01,USD,eBay,unknown,FALSE,,,2000 POKEMON NEO GENESIS 1ST EDITION #14 SLOWKING-HOLO PSA 9 #14,https://www.ebay.es/itm/117327470195,PriceCharting
Neo Genesis,Slowking,14/111,1st Edition,PSA 9,2026-07-29,1817.91,USD,eBay,best offer,TRUE,,,Slowking Holo 14/111 PSA 9 Neo Genesis 1st Edition Pokemon SWIRL 14/111,https://www.ebay.es/itm/168572863187,PriceCharting
Neo Genesis,Slowking,14/111,1st Edition,PSA 9,2026-07-19,1883.27,USD,eBay,unknown,FALSE,,,Slowking Holo 14/111 PSA 9 Neo Genesis 1st Edition Pokemon Card Game 14/111,https://www.ebay.es/itm/287262005452,PriceCharting
Neo Genesis,Slowking,14/111,1st Edition,PSA 9,2026-07-13,2500.00,USD,eBay,unknown,FALSE,,,2000 POKEMON NEO GENESIS 1ST EDITION #14 SLOWKING-HOLO PSA 9 #14,https://www.ebay.es/itm/298219873760,PriceCharting
Neo Genesis,Slowking,14/111,1st Edition,PSA 9,2026-07-10,1895.00,USD,eBay,unknown,FALSE,,,PSA 9 Mint 1st Edition Slowking Holo - 2000 Neo Genesis WOTC Vintage Pokémon 14/111,https://www.ebay.es/itm/306949834168,PriceCharting
Neo Genesis,Slowking,14/111,1st Edition,PSA 9,2026-07-02,1799.99,USD,eBay,unknown,FALSE,,,Pokémon TCG Slowking 14/111 Holo Rare Neo Genesis Card 2000 1st Edition PSA 9 14/111,https://www.ebay.es/itm/277823681442,PriceCharting
Neo Genesis,Slowking,14/111,1st Edition,PSA 9,2026-07-01,1681.54,USD,eBay,unknown,FALSE,,,Pokemon Slowking 1st Edition 14/111 Neo Genesis PSA 9,https://www.ebay.es/itm/178195056220,PriceCharting
Neo Genesis,Slowking,14/111,1st Edition,PSA 9,2026-06-30,2500.00,USD,eBay,unknown,FALSE,,,Pokemon Slowking Neo Genesis 1st Edition Holo Rare #14 PSA 9 Mint With Swirl! 14/111,https://www.ebay.es/itm/188582181340,PriceCharting
Neo Genesis,Slowking,14/111,1st Edition,PSA 10,2025-02-25,12499.99,USD,eBay,unknown,FALSE,,,Pokemon PSA 10 Gem Mint 1st Edition Neo Genesis Holo Slowking 14/111 (JC) 14/111,https://www.ebay.es/itm/325864672395,PriceCharting
Neo Genesis,Slowking,14/111,Unlimited,PSA 8,2026-09-20,249.99,USD,eBay,unknown,FALSE,,,Slowking Holo 14/111 Neo Genesis Pokemon PSA 8 POP 886 Double Swirl 14/111,https://www.ebay.es/itm/366679455399,PriceCharting
Neo Genesis,Slowking,14/111,Unlimited,PSA 8,2026-09-07,189.00,USD,eBay,unknown,FALSE,,,2000 POKEMON NEO GENESIS #14 SLOWKING-HOLO PSA 8 #14,https://www.ebay.es/itm/397975032555,PriceCharting
Neo Genesis,Slowking,14/111,Unlimited,PSA 8,2026-08-24,155.00,USD,eBay,unknown,FALSE,,,2000 POKEMON NEO GENESIS #14 SLOWKING-HOLO PSA 8 #14,https://www.ebay.es/itm/227488939291,PriceCharting
Neo Genesis,Slowking,14/111,Unlimited,PSA 8,2026-08-23,140.00,USD,eBay,unknown,FALSE,,,2000 POKEMON NEO GENESIS #14 SLOWKING-HOLO PSA 8 *SWIRL* #14,https://www.ebay.es/itm/298610253900,PriceCharting
Neo Genesis,Slowking,14/111,Unlimited,PSA 8,2026-08-22,151.00,USD,eBay,unknown,FALSE,,,PSA 8 Slowking 14/111 Neo Genesis Holo Unlimited 2000 WotC Pokemon Card 14/111,https://www.ebay.es/itm/287526998731,PriceCharting
Neo Genesis,Slowking,14/111,Unlimited,PSA 8,2026-08-14,175.00,USD,eBay,unknown,FALSE,,,Pokémon TCG Slowking Neo Genesis #14 PSA 8 NM-MINT 14/111,https://www.ebay.es/itm/206394056141,PriceCharting
Neo Genesis,Slowking,14/111,Unlimited,PSA 8,2026-08-08,169.99,USD,eBay,unknown,FALSE,,,2000 Pokemon Neo Genesis SLOWKING-HOLO 14/111 English PSA 8 14/111,https://www.ebay.es/itm/257655397028,PriceCharting
Neo Genesis,Slowking,14/111,Unlimited,PSA 8,2026-08-04,135.00,USD,eBay,best offer,TRUE,135.00,,2000 Pokemon Card TCG - Neo Genesis - Slowking Holo Rare 14/111 English PSA 8 14/111,https://www.ebay.es/itm/227461228790,PriceCharting
Neo Genesis,Slowking,14/111,Unlimited,PSA 8,2026-08-04,155.00,USD,eBay,best offer,TRUE,155.00,,2000 POKEMON NEO GENESIS #14 SLOWKING-HOLO PSA 8 SWIRL,https://www.ebay.es/itm/398243321412,PriceCharting
Neo Genesis,Slowking,14/111,Unlimited,PSA 8,2026-07-29,145.00,USD,eBay,best offer,TRUE,145.00,,PSA 8 - 2000 Pokemon Card TCG - Neo Genesis - Slowking Holo Rare 14/111 English 14/111,https://www.ebay.es/itm/198493536074,PriceCharting
Neo Genesis,Slowking,14/111,Unlimited,PSA 8,2026-07-28,155.00,USD,eBay,best offer,TRUE,155.00,,2000 POKEMON NEO GENESIS #14 SLOWKING HOLO PSA 8 14/111,https://www.ebay.es/itm/336677190655,PriceCharting
Neo Genesis,Slowking,14/111,Unlimited,PSA 8,2026-07-18,170.00,USD,eBay,unknown,FALSE,,,2000 POKEMON NEO GENESIS #14 SLOWKING-HOLO PSA 8 #14,https://www.ebay.es/itm/257583224702,PriceCharting
Neo Genesis,Slowking,14/111,Unlimited,PSA 8,2026-07-16,135.50,USD,eBay,best offer,TRUE,,,Slowking Holo 14/111 Neo Genesis Pokemon PSA 8 14/111,https://www.ebay.es/itm/407041924102,PriceCharting
Neo Genesis,Slowking,14/111,Unlimited,PSA 8,2026-07-15,154.29,USD,eBay,unknown,FALSE,,,SWIRL 2000 PSA 8 Slowking #14 Holo Rare WOTC Pokemon Game Neo Genesis Unlimited #14,https://www.ebay.es/itm/127934233180,PriceCharting
Neo Genesis,Slowking,14/111,Unlimited,PSA 8,2026-07-10,127.50,USD,eBay,unknown,FALSE,,,2000 Pokemon TCG Neo Genesis Slowking Holo Rare 14/111 PSA 8 Graded 14/111,https://www.ebay.es/itm/257611196930,PriceCharting
Neo Genesis,Slowking,14/111,Unlimited,PSA 8,2026-07-08,100.00,USD,eBay,best offer,TRUE,100.00,,[ PSA 8 ] Slowking 14/111 Neo Genesis Unlimited Holo Rare English Pokemon 14/111,https://www.ebay.es/itm/227419020313,PriceCharting
Neo Genesis,Slowking,14/111,Unlimited,PSA 8,2026-07-06,129.99,USD,eBay,best offer,TRUE,129.99,,PSA 8 2000 Pokemon TCG Neo Genesis Slowking Holo Rare 14/111 English W/ Swirl 🌀 14/111,https://www.ebay.es/itm/117286575743,PriceCharting
Neo Genesis,Slowking,14/111,Unlimited,PSA 8,2026-07-02,127.50,USD,eBay,unknown,FALSE,,,2000 POKEMON NEO GENESIS #14 SLOWKING-HOLO PSA 8 #14,https://www.ebay.es/itm/307019311929,PriceCharting
Neo Genesis,Slowking,14/111,Unlimited,PSA 8,2026-06-19,138.45,USD,eBay,best offer,TRUE,,,2000 PSA 8 Slowking #14 Holo Rare WOTC Pokemon Game Neo Genesis Unlimited #14,https://www.ebay.es/itm/157917357842,PriceCharting
Neo Genesis,Slowking,14/111,Unlimited,PSA 8,2026-06-16,130.00,USD,eBay,unknown,FALSE,,,2000 POKEMON NEO GENESIS #14 SLOWKING-HOLO PSA 8 #14,https://www.ebay.es/itm/298388040515,PriceCharting
Neo Genesis,Slowking,14/111,Unlimited,PSA 8,2026-06-07,125.00,USD,eBay,unknown,FALSE,,,Pokémon TCG Neo Genesis Slowking Holo Rare Card 14/111 PSA 8 NM-MT #13,https://www.ebay.es/itm/358620373447,PriceCharting
Neo Genesis,Slowking,14/111,Unlimited,PSA 8,2026-05-28,150.00,USD,eBay,unknown,FALSE,,,Pokémon TCG Neo Genesis Slowking Holo Rare Card 14/111 PSA 8 NM-MT Swirl! #13,https://www.ebay.es/itm/366436026428,PriceCharting
Neo Genesis,Slowking,14/111,Unlimited,PSA 9,2026-09-14,475.00,USD,eBay,best offer,TRUE,475.00,,2000 POKEMON NEO GENESIS #14 SLOWKING-HOLO PSA 9 #14,https://www.ebay.es/itm/117406701707,PriceCharting
Neo Genesis,Slowking,14/111,Unlimited,PSA 9,2026-08-30,509.99,USD,eBay,unknown,FALSE,,,PSA 9 2000 Pokemon TCG Slowking 14/111 Neo Genesis Holo Unlimited EN Mint 14/111,https://www.ebay.es/itm/158164287941,PriceCharting
Neo Genesis,Slowking,14/111,Unlimited,PSA 9,2026-07-25,400.00,USD,eBay,best offer,TRUE,400.00,,2000 POKEMON NEO GENESIS #14 SLOWKING-HOLO PSA 9 #14,https://www.ebay.es/itm/358539145695,PriceCharting
Neo Genesis,Slowking,14/111,Unlimited,PSA 9,2026-07-15,449.00,USD,eBay,unknown,FALSE,,,Pokemon 2000 Slowking 14/111 Holo Rare Neo Genesis PSA 9 14/111,https://www.ebay.es/itm/407060740062,PriceCharting
Neo Genesis,Slowking,14/111,Unlimited,PSA 9,2026-06-12,499.99,USD,eBay,unknown,FALSE,,,PSA 9 MINT Slowking 14/111 HOLO RARE Neo Genesis Pokemon Card,https://www.ebay.es/itm/277875830142,PriceCharting
Neo Genesis,Slowking,14/111,Unlimited,PSA 9,2026-06-08,400.19,USD,eBay,unknown,FALSE,,,Slowking Holo 14/111 PSA 9 Neo Genesis Unlimited Pokemon JA01 14/111,https://www.ebay.es/itm/168438727344,PriceCharting
Neo Genesis,Slowking,14/111,Unlimited,PSA 9,2026-04-26,291.86,USD,eBay,unknown,FALSE,,,Pokémon Slowking Neo Genesis Holo Rare 🌀DOUBLE SWIRL🌀 PSA 9 — GUARD INCLUDED 14/111,https://www.ebay.es/itm/397846467883,PriceCharting
Neo Genesis,Slowking,14/111,Unlimited,PSA 9,2026-04-04,345.00,USD,eBay,unknown,FALSE,,,2000 Pokemon Neo Genesis #14 Slowking Holo PSA 9 #14,https://www.ebay.es/itm/389821231225,PriceCharting
Neo Genesis,Slowking,14/111,Unlimited,PSA 9,2026-03-18,280.00,USD,eBay,best offer,TRUE,280.00,,2000 POKEMON NEO GENESIS #14 SLOWKING-HOLO PSA 9 #14,https://www.ebay.es/itm/377043678775,PriceCharting
Neo Genesis,Slowking,14/111,Unlimited,PSA 9,2026-03-17,190.00,USD,eBay,best offer,TRUE,,,PSA 9 Slowking Holo Neo Genesis #14 - 2000 MINT Pokémon Card,https://www.ebay.es/itm/188174720651,PriceCharting
Neo Genesis,Slowking,14/111,Unlimited,PSA 9,2026-02-09,156.50,USD,eBay,unknown,FALSE,,,2000 POKEMON NEO GENESIS #14 SLOWKING-HOLO PSA 9 #14,https://www.ebay.es/itm/117000063504,PriceCharting
Neo Genesis,Slowking,14/111,Unlimited,PSA 9,2026-02-03,177.50,USD,eBay,unknown,FALSE,,,2000 Pokemon Neo Genesis Slowking Holo #14/111 PSA 9,https://www.ebay.es/itm/376909688350,PriceCharting
Neo Genesis,Slowking,14/111,Unlimited,PSA 10,2025-03-29,6997.00,USD,eBay,unknown,FALSE,,,2000 Neo Genesis Pokemon Slowking Holo #14 - PSA 10 GEM MINT (POP 8) #14,https://www.ebay.es/itm/326502954712,PriceCharting
Neo Genesis,Slowking,14/111,Unlimited,PSA 10,2024-09-05,3350.00,USD,eBay,unknown,FALSE,,,2000 Pokemon Neo Genesis Slowking Holo #14 PSA 10 Gem Mint SWIRL POP 8 #14,https://www.ebay.es/itm/276617778966,PriceCharting
Neo Genesis,Slowking,14/111,Unlimited,PSA 10,2024-01-08,4200.00,USD,eBay,unknown,FALSE,,,2000 Pokemon PSA 10 Slowking Holo - 14/111 Neo Genesis GM MT LOW POP SWIRL,https://www.ebay.es/itm/166529072086,PriceCharting
Neo Genesis,Steelix,15/111,1st Edition,PSA 8,2026-09-20,199.00,USD,eBay,unknown,FALSE,,,2000 Pokemon Neo Genesis 1st Edition Steelix-Holo #15 PSA 8 #15,https://www.ebay.es/itm/158306649275,PriceCharting
Neo Genesis,Steelix,15/111,1st Edition,PSA 8,2026-09-02,155.00,USD,eBay,unknown,FALSE,,,Steelix PSA 8 2000 Pokemon Neo Genesis 1st Edition #15/111 Holo 0794 15/111,https://www.ebay.es/itm/237030183034,PriceCharting
Neo Genesis,Steelix,15/111,1st Edition,PSA 8,2026-08-26,189.99,USD,eBay,unknown,FALSE,,,2000 Pokemon Neo Genesis Steelix Holo 1st Edition 15/111 PSA 8 15/111,https://www.ebay.es/itm/227486228404,PriceCharting
Neo Genesis,Steelix,15/111,1st Edition,PSA 8,2026-08-08,177.50,USD,eBay,unknown,FALSE,,,2000 POKEMON NEO GENESIS 1ST EDITION #15 STEELIX-HOLO PSA 8 #15,https://www.ebay.es/itm/117331120278,PriceCharting
Neo Genesis,Steelix,15/111,1st Edition,PSA 8,2026-07-04,165.00,USD,eBay,best offer,TRUE,,,Wizards of the Coast Pokémon TCG Neo Genesis Steelix 15/111 1st Ed Holo PSA 8 15/111,https://www.ebay.es/itm/336668862300,PriceCharting
Neo Genesis,Steelix,15/111,1st Edition,PSA 8,2026-07-01,185.00,USD,eBay,best offer,TRUE,,,Wizards of the Coast Pokémon TCG Neo Genesis Steelix 15/111 1st Ed Holo PSA 8 15/111,https://www.ebay.es/itm/318525433015,PriceCharting
Neo Genesis,Steelix,15/111,1st Edition,PSA 8,2026-06-28,185.00,USD,eBay,unknown,FALSE,,,2001 Pokemon 1st Edition Neo Genesis Steel-Steelix Holo 15/111 PSA 8 German #15,https://www.ebay.es/itm/278049422401,PriceCharting
Neo Genesis,Steelix,15/111,1st Edition,PSA 8,2026-06-05,170.00,USD,eBay,unknown,FALSE,,,Pokemon Steelix Neo Genesis 1st Edition Holo #15 PSA 8 15/111,https://www.ebay.es/itm/257548889527,PriceCharting
Neo Genesis,Steelix,15/111,1st Edition,PSA 8,2026-06-01,165.99,USD,eBay,best offer,TRUE,165.99,,Pokemon Neo Genesis Steelix #15/111 Holo 1st Edition PSA 8 15/111,https://www.ebay.es/itm/358619464566,PriceCharting
Neo Genesis,Steelix,15/111,1st Edition,PSA 8,2026-05-28,169.99,USD,eBay,unknown,FALSE,,,Pokemon Neo Genesis Steelix Holo Rare 2000 #15/111 1st Edition PSA 8 NM MT 15/111,https://www.ebay.es/itm/358566642562,PriceCharting
Neo Genesis,Steelix,15/111,1st Edition,PSA 8,2026-05-25,153.50,USD,eBay,unknown,FALSE,,,Pokemon Steelix Neo Genesis 1st Edition Holo Rare #15 PSA 8,https://www.ebay.es/itm/287331593100,PriceCharting
Neo Genesis,Steelix,15/111,1st Edition,PSA 8,2026-05-19,155.00,USD,eBay,unknown,FALSE,,,Pokemon Neo Genesis Steelix Holo Rare 2000 #15/111 1st Edition PSA 8 NM MT 15/111,https://www.ebay.es/itm/236825411159,PriceCharting
Neo Genesis,Steelix,15/111,1st Edition,PSA 8,2026-05-19,165.00,USD,eBay,unknown,FALSE,,,Pokemon Neo Genesis Steelix Holo Rare 2000 #15/111 1st Edition PSA 8 NM MT 15/111,https://www.ebay.es/itm/397927092478,PriceCharting
Neo Genesis,Steelix,15/111,1st Edition,PSA 8,2026-05-18,152.50,USD,eBay,unknown,FALSE,,,Pokemon 2000 Steelix 15/111 Holo 1st Edition Neo Genesis PSA 8 15/111,https://www.ebay.es/itm/406911813566,PriceCharting
Neo Genesis,Steelix,15/111,1st Edition,PSA 8,2026-05-17,140.00,USD,eBay,best offer,TRUE,140.00,,Pokemon Neo Genesis Steelix Holo Rare 2000 #15/111 1st Edition PSA 8 NM MT 15/111,https://www.ebay.es/itm/318305470236,PriceCharting
Neo Genesis,Steelix,15/111,1st Edition,PSA 8,2026-05-12,157.50,USD,eBay,unknown,FALSE,,,2000 Pokemon Neo Genesis 1st Edition #15 Steelix Holo PSA 8 NM-MT 15/111,https://www.ebay.es/itm/366387931463,PriceCharting
Neo Genesis,Steelix,15/111,1st Edition,PSA 8,2026-05-04,145.00,USD,eBay,unknown,FALSE,,,2000 POKEMON NEO GENESIS 1ST EDITION #15 STEELIX-HOLO PSA 8 #15 SHIPS FAST! 15/111,https://www.ebay.es/itm/147276607185,PriceCharting
Neo Genesis,Steelix,15/111,1st Edition,PSA 8,2026-05-02,182.50,USD,eBay,unknown,FALSE,,,Pokemon Steelix Neo Genesis 1st Edition Holo Rare #15 PSA 8 #15,https://www.ebay.es/itm/198322343784,PriceCharting
Neo Genesis,Steelix,15/111,1st Edition,PSA 8,2026-05-01,200.00,USD,eBay,unknown,FALSE,,,2000 POKEMON NEO GENESIS 1ST EDITION #15 STEELIX-HOLO PSA 8 #15,https://www.ebay.es/itm/227304261153,PriceCharting
Neo Genesis,Steelix,15/111,1st Edition,PSA 8,2026-04-27,270.00,USD,eBay,best offer,TRUE,270.00,,2000 Pokemon Neo Genesis 15 Steelix Holo 1st Edition PSA 8 129663638 SWIRL 15/111,https://www.ebay.es/itm/157812030225,PriceCharting
Neo Genesis,Steelix,15/111,1st Edition,PSA 8,2026-04-26,160.50,USD,eBay,unknown,FALSE,,,Pokemon Steelix Neo Genesis 1st Edition Holo Rare #15 PSA 8,https://www.ebay.es/itm/287278113022,PriceCharting
Neo Genesis,Steelix,15/111,1st Edition,PSA 8,2026-04-21,160.00,USD,eBay,best offer,TRUE,160.00,,2000 POKEMON NEO GENESIS 1ST EDITION #15 STEELIX-HOLO PSA 8 #15,https://www.ebay.es/itm/306892312423,PriceCharting
Neo Genesis,Steelix,15/111,1st Edition,PSA 8,2026-04-21,160.49,USD,eBay,unknown,FALSE,,,2000 Pokemon Neo Genesis 1st Edition Steelix Holo #15/111 PSA 8,https://www.ebay.es/itm/127812207836,PriceCharting
Neo Genesis,Steelix,15/111,1st Edition,PSA 9,2026-09-28,350.00,USD,eBay,unknown,FALSE,,,Steelix Neo Genesis Holo 1st Edition 15/111 (2000) PSA 9 Pokemon TCG Card 15/111,https://www.ebay.es/itm/377486534016,PriceCharting
Neo Genesis,Steelix,15/111,1st Edition,PSA 9,2026-09-27,425.00,USD,eBay,unknown,FALSE,,,2000 POKEMON NEO GENESIS 1ST EDITION #15 STEELIX-HOLO PSA 9 #15,https://www.ebay.es/itm/307195406761,PriceCharting
Neo Genesis,Steelix,15/111,1st Edition,PSA 9,2026-09-26,399.99,USD,eBay,unknown,FALSE,,,2000 Pokemon 1st Edition Neo Genesis Holo - Steelix #015/111 - Graded PSA 9 MINT 015/111,https://www.ebay.es/itm/318918799705,PriceCharting
Neo Genesis,Steelix,15/111,1st Edition,PSA 9,2026-09-25,314.75,USD,eBay,unknown,FALSE,,,2000 Pokemon 1st Edition Neo Genesis Holo Steelix PSA 9 #015/111 015/111,https://www.ebay.es/itm/158304446132,PriceCharting
Neo Genesis,Steelix,15/111,1st Edition,PSA 9,2026-09-18,632.55,USD,eBay,unknown,FALSE,,,2000 Pokemon 1st Edition Neo Genesis Holo Steelix PSA 9 #015/111 015/111,https://www.ebay.es/itm/158272058095,PriceCharting
Neo Genesis,Steelix,15/111,1st Edition,PSA 9,2026-09-13,326.19,USD,eBay,unknown,FALSE,,,2000 POKEMON NEO GENESIS 1ST EDITION #15 STEELIX-HOLO 1ST EDITION PSA 9 #15,https://www.ebay.es/itm/307158162396,PriceCharting
Neo Genesis,Steelix,15/111,1st Edition,PSA 9,2026-09-01,290.00,USD,eBay,best offer,TRUE,,,2000 POKEMON NEO GENESIS 1ST ED STEELIX PSA 9 MINT - HOLO 15/111 15/111,https://www.ebay.es/itm/127989579063,PriceCharting
Neo Genesis,Steelix,15/111,1st Edition,PSA 9,2026-08-17,266.00,USD,eBay,unknown,FALSE,,,Pokemon Steelix Holo Neo Genesis 1st Edition 15/111 PSA 9 Mint 15/111,https://www.ebay.es/itm/287511104929,PriceCharting
Neo Genesis,Steelix,15/111,1st Edition,PSA 9,2026-08-14,220.95,USD,eBay,unknown,FALSE,,,2000 Pokemon Neo Genesis 1st Edition Holo Steelix PSA 9 #15/111 15/111,https://www.ebay.es/itm/158161120150,PriceCharting
Neo Genesis,Steelix,15/111,1st Edition,PSA 9,2026-08-10,221.00,USD,eBay,unknown,FALSE,,,1st Edition Steelix HOLO - 15/111 - 2000 Pokemon Neo Genesis - PSA 9 15/111,https://www.ebay.es/itm/168588673231,PriceCharting
Neo Genesis,Steelix,15/111,1st Edition,PSA 9,2026-08-06,315.00,USD,eBay,best offer,TRUE,315.00,,2000 POKEMON NEO GENESIS 1ST EDITION #15 STEELIX-HOLO PSA 9 #15,https://www.ebay.es/itm/117336875341,PriceCharting
Neo Genesis,Steelix,15/111,1st Edition,PSA 9,2026-08-05,294.00,USD,eBay,unknown,FALSE,,,2000 POKEMON NEO GENESIS 1ST EDITION #15 STEELIX-HOLO PSA 9 15/111,https://www.ebay.es/itm/366573535202,PriceCharting
Neo Genesis,Steelix,15/111,1st Edition,PSA 9,2026-08-04,300.00,USD,eBay,unknown,FALSE,,,2000 POKEMON NEO GENESIS 1ST EDITION #15 STEELIX-HOLO PSA 9 #15,https://www.ebay.es/itm/178353032301,PriceCharting
Neo Genesis,Steelix,15/111,1st Edition,PSA 9,2026-08-02,255.00,USD,eBay,unknown,FALSE,,,2000 POKEMON NEO GENESIS 1ST EDITION #15 STEELIX-HOLO PSA 9 #15,https://www.ebay.es/itm/117320975148,PriceCharting
Neo Genesis,Steelix,15/111,1st Edition,PSA 9,2026-07-21,344.00,USD,eBay,unknown,FALSE,,,2000 POKEMON NEO GENESIS 1ST EDITION #15 STEELIX-HOLO PSA 9 #15,https://www.ebay.es/itm/298500128924,PriceCharting
Neo Genesis,Steelix,15/111,1st Edition,PSA 9,2026-07-13,380.00,USD,eBay,unknown,FALSE,,,Pokemon Neo Genesis Steelix 15/111 Holo Rare First Edition PSA 9 15/111,https://www.ebay.es/itm/358751444757,PriceCharting
Neo Genesis,Steelix,15/111,1st Edition,PSA 9,2026-07-13,280.00,USD,eBay,unknown,FALSE,,,2000 POKEMON NEO GENESIS 1ST EDITION #15 STEELIX-HOLO PSA 9 #15,https://www.ebay.es/itm/298472255208,PriceCharting
Neo Genesis,Steelix,15/111,1st Edition,PSA 9,2026-07-09,350.00,USD,eBay,unknown,FALSE,,,2000 POKEMON NEO GENESIS 1ST EDITION #15 STEELIX-HOLO PSA 9 #15,https://www.ebay.es/itm/117292154394,PriceCharting
Neo Genesis,Steelix,15/111,1st Edition,PSA 9,2026-07-05,345.67,USD,eBay,unknown,FALSE,,,2000 POKEMON NEO GENESIS 1ST EDITION #15 STEELIX-HOLO PSA 9 #15,https://www.ebay.es/itm/307020952638,PriceCharting
Neo Genesis,Steelix,15/111,1st Edition,PSA 9,2026-07-04,375.00,USD,eBay,unknown,FALSE,,,The Pokemon Company Steelix 15/111 Neo Genesis Holo Rare 1st Ed PSA 9 EN 15/111,https://www.ebay.es/itm/366502171213,PriceCharting
Neo Genesis,Steelix,15/111,1st Edition,PSA 9,2026-06-23,310.00,USD,eBay,best offer,TRUE,,,Pokémon Steelix #15 Neo Genesis Holo 1st Edition 2000 English PSA 9 15/111,https://www.ebay.es/itm/267654267294,PriceCharting
Neo Genesis,Steelix,15/111,1st Edition,PSA 9,2026-06-23,275.00,USD,eBay,unknown,FALSE,,,Pokemon Steelix Holo Neo Genesis 1st Edition 15/111 PSA 9 15/111,https://www.ebay.es/itm/287411971726,PriceCharting
Neo Genesis,Steelix,15/111,1st Edition,PSA 9,2026-06-22,358.00,USD,eBay,unknown,FALSE,,,2000 POKEMON NEO GENESIS 1ST EDITION #15 STEELIX-HOLO PSA 9 #15,https://www.ebay.es/itm/306988336593,PriceCharting
Neo Genesis,Steelix,15/111,1st Edition,PSA 9,2026-06-21,286.16,USD,eBay,unknown,FALSE,,,2000 POKEMON NEO GENESIS 1ST EDITION #15/111 STEELIX HOLO RARE PSA 9 15/111,https://www.ebay.es/itm/206343180162,PriceCharting
Neo Genesis,Steelix,15/111,1st Edition,PSA 9,2026-06-17,264.50,USD,eBay,unknown,FALSE,,,Pokémon Steelix #15 Neo Genesis Holo 1st Edition 2000 English PSA 9 15/111,https://www.ebay.es/itm/236804390812,PriceCharting
Neo Genesis,Steelix,15/111,1st Edition,PSA 10,2026-09-22,2800.00,USD,eBay,unknown,FALSE,,,2000 Pokemon Neo Genesis 1st Edition Steelix Holo #15 PSA 10 GEM MINT 15/111,https://www.ebay.es/itm/820158989726,PriceCharting
Neo Genesis,Steelix,15/111,1st Edition,PSA 10,2026-09-18,2999.99,USD,eBay,unknown,FALSE,,,2000 POKEMON NEO GENESIS 1ST EDITION #15 STEELIX-HOLO PSA 10 #15,https://www.ebay.es/itm/307157224201,PriceCharting
Neo Genesis,Steelix,15/111,1st Edition,PSA 10,2026-09-17,2775.00,USD,eBay,unknown,FALSE,,,Pokemon Steelix Neo Genesis 1st Edition Holo Rare #15 PSA 10 Gem Mint,https://www.ebay.es/itm/287215053693,PriceCharting
Neo Genesis,Steelix,15/111,1st Edition,PSA 10,2026-09-13,2203.81,USD,eBay,best offer,TRUE,,,STEELIX POKÉMON 15/111 2000 NEO GENESIS 1ST EDITION HOLO ENGLISH PSA 10,https://www.ebay.es/itm/267650271296,PriceCharting
Neo Genesis,Steelix,15/111,1st Edition,PSA 10,2026-09-01,2200.00,USD,eBay,best offer,TRUE,2200.00,,2000 Pokemon Steelix Holo Neo Genesis 1st Edition #15 PSA 10 15/111,https://www.ebay.es/itm/318793537447,PriceCharting
Neo Genesis,Steelix,15/111,1st Edition,PSA 10,2026-08-24,2000.00,USD,eBay,unknown,FALSE,,,2000 POKEMON NEO GENESIS 1ST EDITION #15 STEELIX-HOLO PSA 10 #15,https://www.ebay.es/itm/298591827244,PriceCharting
Neo Genesis,Steelix,15/111,1st Edition,PSA 10,2026-08-24,2225.69,USD,eBay,unknown,FALSE,,,Pokemon Steelix Holo Neo Genesis 1st Edition 15/111 PSA 10 Gem Mint 15/111,https://www.ebay.es/itm/287524903794,PriceCharting
Neo Genesis,Steelix,15/111,1st Edition,PSA 10,2026-08-23,2025.00,USD,eBay,unknown,FALSE,,,2000 POKEMON NEO GENESIS 1ST EDITION #15 STEELIX-HOLO PSA 10 #15,https://www.ebay.es/itm/117359752804,PriceCharting
Neo Genesis,Steelix,15/111,1st Edition,PSA 10,2026-08-05,1725.00,USD,eBay,best offer,TRUE,1725.00,,Pokemon TCG Neo Genesis Steelix 15/111 1st Edition Holo English 2000 PSA 10 15/111,https://www.ebay.es/itm/178374195640,PriceCharting
Neo Genesis,Steelix,15/111,1st Edition,PSA 10,2026-07-17,1990.00,USD,eBay,unknown,FALSE,,,2000 POKEMON NEO GENESIS 1ST EDITION #15 STEELIX-HOLO PSA 10 #15,https://www.ebay.es/itm/298492270731,PriceCharting
Neo Genesis,Steelix,15/111,1st Edition,PSA 10,2026-06-21,2520.00,USD,eBay,unknown,FALSE,,,Pokemon Steelix Neo Genesis 1st Edition Holo Rare #15 PSA 10 Gem Mint,https://www.ebay.es/itm/287384724277,PriceCharting
Neo Genesis,Steelix,15/111,1st Edition,PSA 10,2026-06-01,2624.31,USD,eBay,unknown,FALSE,,,Steelix Holo 1st Edition Neo Genesis #15/111 PSA 10 GEM MINT 2000 Pokemon,https://www.ebay.es/itm/327172195220,PriceCharting
Neo Genesis,Steelix,15/111,1st Edition,PSA 10,2026-05-18,2250.00,USD,eBay,unknown,FALSE,,,2000 Pokemon Neo Genesis 1st Edition Steelix Holo #15/111 PSA 10 GEM MINT,https://www.ebay.es/itm/127856627957,PriceCharting
Neo Genesis,Steelix,15/111,1st Edition,PSA 10,2026-04-27,2275.00,USD,eBay,unknown,FALSE,,,Pokemon Steelix Neo Genesis 1st Edition Holo Rare #15 PSA 10 Gem Mint,https://www.ebay.es/itm/287278147585,PriceCharting
Neo Genesis,Steelix,15/111,1st Edition,PSA 10,2026-04-20,2175.00,USD,eBay,unknown,FALSE,,,Pokemon Steelix Neo Genesis 1st Edition Holo Rare #15 PSA 10 Gem Mint,https://www.ebay.es/itm/287264996465,PriceCharting
Neo Genesis,Steelix,15/111,1st Edition,PSA 10,2026-04-19,2011.82,USD,eBay,unknown,FALSE,,,STEELIX POKÉMON 15/111 2000 NEO GENESIS 1ST EDITION HOLO ENGLISH PSA 10,https://www.ebay.es/itm/137220236891,PriceCharting
Neo Genesis,Steelix,15/111,1st Edition,PSA 10,2026-04-12,2432.80,USD,eBay,best offer,TRUE,,,2000 POKEMON NEO GENESIS 1ST EDITION #15 STEELIX-HOLO PSA 10 #15,https://www.ebay.es/itm/377105948604,PriceCharting
Neo Genesis,Steelix,15/111,1st Edition,PSA 10,2026-04-06,2030.00,USD,eBay,unknown,FALSE,,,Pokemon Steelix Neo Genesis 1st Edition Holo Rare #15 PSA 10 Gem Mint,https://www.ebay.es/itm/287235264488,PriceCharting
Neo Genesis,Steelix,15/111,1st Edition,PSA 10,2026-04-05,2413.23,USD,eBay,unknown,FALSE,,,STEELIX POKÉMON 15/111 2000 NEO GENESIS 1ST EDITION HOLO ENGLISH PSA 10,https://www.ebay.es/itm/137168954917,PriceCharting
Neo Genesis,Steelix,15/111,1st Edition,PSA 10,2026-03-11,2828.89,USD,eBay,unknown,FALSE,,,2000 POKEMON NEO GENESIS 1ST EDITION #15 STEELIX-HOLO PSA 10 #15,https://www.ebay.es/itm/117066778764,PriceCharting
Neo Genesis,Steelix,15/111,1st Edition,PSA 10,2026-03-09,2650.00,USD,eBay,unknown,FALSE,,,Pokemon Steelix Neo Genesis 1st Edition Holo Rare #15 PSA 10 Gem Mint #15,https://www.ebay.es/itm/206094181063,PriceCharting
Neo Genesis,Steelix,15/111,1st Edition,PSA 10,2026-03-08,2125.00,USD,eBay,unknown,FALSE,,,Pokemon Steelix Neo Genesis 1st Edition Holo Rare #15 PSA 10 Gem Mint,https://www.ebay.es/itm/287172848179,PriceCharting
Neo Genesis,Steelix,15/111,1st Edition,PSA 10,2026-03-05,2180.00,USD,eBay,unknown,FALSE,,,Steelix Holo 1st Edition PSA 10 2000 Pokemon Neo Genesis 1st Edition #15 #15,https://www.ebay.es/itm/137095454930,PriceCharting
Neo Genesis,Steelix,15/111,1st Edition,PSA 10,2026-03-05,2000.00,USD,eBay,unknown,FALSE,,,Pokemon Steelix Neo Genesis 1st Edition Holo Rare #15 PSA 10 Gem Mint,https://www.ebay.es/itm/287167385421,PriceCharting
Neo Genesis,Steelix,15/111,1st Edition,PSA 10,2026-02-24,1900.00,USD,eBay,unknown,FALSE,,,2000 POKEMON NEO GENESIS 1ST ED #15 STEELIX-HOLO PSA 10 #15,https://www.ebay.es/itm/298057434209,PriceCharting
Neo Genesis,Steelix,15/111,1st Edition,PSA 10,2026-02-23,2076.00,USD,eBay,unknown,FALSE,,,Pokemon Steelix Neo Genesis 1st Edition Holo Rare #15 PSA 10 Gem Mint,https://www.ebay.es/itm/287139218045,PriceCharting
Neo Genesis,Steelix,15/111,1st Edition,PSA 10,2026-02-22,1450.00,USD,eBay,best offer,TRUE,1450.00,,Pokemon Steelix Neo Genesis 1st Edition Holo Rare #15 PSA 10 Gem Mint 15/111,https://www.ebay.es/itm/406713816720,PriceCharting
Neo Genesis,Steelix,15/111,1st Edition,PSA 10,2026-02-21,1750.00,USD,eBay,best offer,TRUE,,,2000 Pokémon Neo Genesis (1st Edition) Steelix-Holo #15 PSA 10 (New Cert!) #15,https://www.ebay.es/itm/397625687725,PriceCharting
Neo Genesis,Steelix,15/111,1st Edition,PSA 10,2026-02-19,1600.00,USD,eBay,unknown,FALSE,,,Pokemon Steelix Neo Genesis 1st Edition Holo Rare #15 PSA 10 Gem Mint,https://www.ebay.es/itm/287061615306,PriceCharting
Neo Genesis,Steelix,15/111,1st Edition,PSA 10,2026-02-19,1350.00,USD,eBay,unknown,FALSE,,,Pokemon Steelix Neo Genesis 1st Edition Holo Rare #15 PSA 10 Gem Mint,https://www.ebay.es/itm/287148715021,PriceCharting
Neo Genesis,Steelix,15/111,Unlimited,PSA 8,2026-09-21,79.99,USD,eBay,unknown,FALSE,,,PSA 8 2000 Pokemon Neo Genesis Unlimited 15/111 Steelix HOLO RARE 15/111,https://www.ebay.es/itm/257746730230,PriceCharting
Neo Genesis,Steelix,15/111,Unlimited,PSA 8,2026-08-11,91.72,USD,eBay,best offer,TRUE,,,PSA 8 STEELIX 15/111 Holo Rare Neo Genesis Unlimited WOTC 2000 - Pokemon Card 15/111,https://www.ebay.es/itm/206453920044,PriceCharting
Neo Genesis,Steelix,15/111,Unlimited,PSA 8,2026-08-02,86.00,USD,eBay,unknown,FALSE,,,2000 POKEMON NEO GENESIS #15 STEELIX-HOLO PSA 8 #15,https://www.ebay.es/itm/298528309730,PriceCharting
Neo Genesis,Steelix,15/111,Unlimited,PSA 8,2026-07-19,90.00,USD,eBay,best offer,TRUE,90.00,,Pokemon PSA 8 Steelix 15/111 Neo Genesis Unl 2000 New Cert,https://www.ebay.es/itm/318597682871,PriceCharting
Neo Genesis,Steelix,15/111,Unlimited,PSA 8,2026-07-09,89.00,USD,eBay,unknown,FALSE,,,Pokemon 2000 Steelix 15/111 Holo Neo Genesis PSA 8 15/111,https://www.ebay.es/itm/407060740370,PriceCharting
Neo Genesis,Steelix,15/111,Unlimited,PSA 8,2026-06-14,92.00,USD,eBay,unknown,FALSE,,,2000 POKEMON NEO GENESIS #15 STEELIX-HOLO PSA 8 #15,https://www.ebay.es/itm/336618365221,PriceCharting
Neo Genesis,Steelix,15/111,Unlimited,PSA 8,2026-05-24,85.99,USD,eBay,unknown,FALSE,,,2000 POKEMON NEO GENESIS #15 STEELIX-HOLO PSA 8 #15,https://www.ebay.es/itm/117196926294,PriceCharting
Neo Genesis,Steelix,15/111,Unlimited,PSA 8,2026-05-18,84.99,USD,eBay,unknown,FALSE,,,Steelix 15 Holo 2000 Pokemon Neo Genesis PSA 8 NM-MT (CE) #15,https://www.ebay.es/itm/306895114672,PriceCharting
Neo Genesis,Steelix,15/111,Unlimited,PSA 8,2026-05-11,75.00,USD,eBay,unknown,FALSE,,,PSA 8 NM-MT Steelix Neo Genesis Holo Rare Pokemon Card 15/111,https://www.ebay.es/itm/206147293255,PriceCharting
Neo Genesis,Steelix,15/111,Unlimited,PSA 8,2026-04-21,65.00,USD,eBay,best offer,TRUE,65.00,,Pokemon Steelix Holo #15 Neo Genesis Near Mint PSA 8 #15,https://www.ebay.es/itm/257404187283,PriceCharting
Neo Genesis,Steelix,15/111,Unlimited,PSA 8,2026-04-20,70.00,USD,eBay,best offer,TRUE,,,Pokémon TCG Steelix 15/111 Holo Neo Genesis PSA 8 Mint Condition 15/111,https://www.ebay.es/itm/358394860139,PriceCharting
Neo Genesis,Steelix,15/111,Unlimited,PSA 8,2026-04-19,59.00,USD,eBay,best offer,TRUE,,,Pokémon TCG Steelix 15/111 Holo Neo Genesis PSA 8 Mint Condition 15/111,https://www.ebay.es/itm/188291263365,PriceCharting
Neo Genesis,Steelix,15/111,Unlimited,PSA 8,2026-04-09,50.00,USD,eBay,best offer,TRUE,50.00,,Pokemon 2000 Neo-Genesis - Steelix Holo 15/111 - PSA 8 15/111,https://www.ebay.es/itm/157756934551,PriceCharting
Neo Genesis,Steelix,15/111,Unlimited,PSA 8,2026-04-08,100.00,USD,eBay,unknown,FALSE,,,2000 POKEMON NEO GENESIS #15 STEELIX-HOLO PSA 8 #15,https://www.ebay.es/itm/298173249290,PriceCharting
Neo Genesis,Steelix,15/111,Unlimited,PSA 8,2026-04-06,67.00,USD,eBay,best offer,TRUE,67.00,,2000 POKEMON NEO GENESIS STEELIX-HOLO PSA 8 #15,https://www.ebay.es/itm/287255894303,PriceCharting
Neo Genesis,Steelix,15/111,Unlimited,PSA 8,2026-03-31,75.00,USD,eBay,unknown,FALSE,,,Steelix 15/111 2000 Pokémon TCG Neo Genesis Holo Rare PSA 8 NM-MT 15/111,https://www.ebay.es/itm/406651259677,PriceCharting
Neo Genesis,Steelix,15/111,Unlimited,PSA 8,2026-03-30,66.00,USD,eBay,best offer,TRUE,66.00,,2000 POKEMON NEO GENESIS #15 STEELIX-HOLO PSA 8 #15,https://www.ebay.es/itm/298126812242,PriceCharting
Neo Genesis,Steelix,15/111,Unlimited,PSA 8,2026-03-14,64.99,USD,eBay,unknown,FALSE,,,2000 POKEMON NEO GENESIS #15 STEELIX-HOLO PSA 8 #15,https://www.ebay.es/itm/298113483675,PriceCharting
Neo Genesis,Steelix,15/111,Unlimited,PSA 8,2026-03-08,79.99,USD,eBay,unknown,FALSE,,,Pokemon Steelix Holo #15 Neo Genesis Near Mint PSA 8 #15,https://www.ebay.es/itm/298060248611,PriceCharting
Neo Genesis,Steelix,15/111,Unlimited,PSA 8,2026-03-01,56.00,USD,eBay,unknown,FALSE,,,2000 POKEMON NEO GENESIS #15 STEELIX-HOLO PSA 8 #15,https://www.ebay.es/itm/306780082228,PriceCharting
Neo Genesis,Steelix,15/111,Unlimited,PSA 8,2026-02-17,56.00,USD,eBay,unknown,FALSE,,,2000 POKEMON NEO GENESIS STEELIX-HOLO PSA 8 15/111 G39,https://www.ebay.es/itm/277714654192,PriceCharting
Neo Genesis,Steelix,15/111,Unlimited,PSA 8,2026-02-08,64.99,USD,eBay,unknown,FALSE,,,2000 POKEMON NEO GENESIS 15 STEELIX-HOLO PSA 8 15/111,https://www.ebay.es/itm/389577173602,PriceCharting
Neo Genesis,Steelix,15/111,Unlimited,PSA 9,2026-09-03,149.99,USD,eBay,unknown,FALSE,,,Pokemon 2000 Neo Genesis Steelix #15 Holo PSA 9 15/111,https://www.ebay.es/itm/227501518255,PriceCharting
Neo Genesis,Steelix,15/111,Unlimited,PSA 9,2026-08-30,87.24,USD,eBay,unknown,FALSE,,,Pokemon Steelix Holo Neo Genesis Unlimited 15/111 PSA 9 Mint 15/111,https://www.ebay.es/itm/287541280861,PriceCharting
Neo Genesis,Steelix,15/111,Unlimited,PSA 9,2026-08-30,159.00,USD,eBay,unknown,FALSE,,,Pokemon Neo Genesis Steelix PSA 9 15/111,https://www.ebay.es/itm/147533659769,PriceCharting
Neo Genesis,Steelix,15/111,Unlimited,PSA 9,2026-08-25,111.50,USD,eBay,unknown,FALSE,,,2000 Pokemon Neo Genesis #15 Steelix Holo PSA 9 MINT,https://www.ebay.es/itm/800524456656,PriceCharting
Neo Genesis,Steelix,15/111,Unlimited,PSA 9,2026-08-14,105.50,USD,eBay,unknown,FALSE,,,2000 Pokemon Neo Genesis Steelix Holo #15 PSA 9,https://www.ebay.es/itm/377404116817,PriceCharting
Neo Genesis,Steelix,15/111,Unlimited,PSA 9,2026-08-10,88.00,USD,eBay,unknown,FALSE,,,Wizards of the Coast Pokemon TCG Steelix Neo Genesis 15/111 Holo PSA 9 15/111,https://www.ebay.es/itm/398243303962,PriceCharting
Neo Genesis,Steelix,15/111,Unlimited,PSA 9,2026-08-07,87.00,USD,eBay,unknown,FALSE,,,Pokémon TCG - PSA 9 Steelix Holo Neo Genesis 15/111 2000 WOTC 15/111,https://www.ebay.es/itm/800462401202,PriceCharting
Neo Genesis,Steelix,15/111,Unlimited,PSA 9,2026-08-02,110.00,USD,eBay,best offer,TRUE,,,Pokémon TCG - PSA 9 Steelix Holo Neo Genesis 15/111 2000 WOTC 15/111,https://www.ebay.es/itm/327270259775,PriceCharting
Neo Genesis,Steelix,15/111,Unlimited,PSA 9,2026-06-07,164.99,USD,eBay,unknown,FALSE,,,Pokémon TCG Steelix Neo Genesis Holo Rare Unlimited #15/111 PSA 9 MINT W/SWIRL 15/111,https://www.ebay.es/itm/278049429563,PriceCharting
Neo Genesis,Steelix,15/111,Unlimited,PSA 9,2026-06-06,120.00,USD,eBay,best offer,TRUE,120.00,,Steelix - Pokemon Neo Genesis #15 - Mint PSA 9 #15,https://www.ebay.es/itm/116900940930,PriceCharting
Neo Genesis,Steelix,15/111,Unlimited,PSA 9,2026-06-05,140.00,USD,eBay,unknown,FALSE,,,Steelix - Pokemon Neo Genesis #15 - Mint PSA 9 🔥 #15,https://www.ebay.es/itm/188171942729,PriceCharting
Neo Genesis,Steelix,15/111,Unlimited,PSA 9,2026-05-27,117.50,USD,eBay,unknown,FALSE,,,2000 POKEMON NEO GENESIS #15 STEELIX-HOLO PSA 9 #15,https://www.ebay.es/itm/298329855152,PriceCharting
Neo Genesis,Steelix,15/111,Unlimited,PSA 9,2026-05-01,124.99,USD,eBay,unknown,FALSE,,,Pokémon TCG Steelix Holo PSA 9 Mint Neo Genesis 15/111,https://www.ebay.es/itm/117152650836,PriceCharting
Neo Genesis,Steelix,15/111,Unlimited,PSA 9,2026-05-01,112.95,USD,eBay,unknown,FALSE,,,2000 POKEMON NEO GENESIS #15 STEELIX-HOLO PSA 9 See Pictures Minor Slab Scratch 15/111,https://www.ebay.es/itm/187956260696,PriceCharting
Neo Genesis,Steelix,15/111,Unlimited,PSA 9,2026-04-25,120.00,USD,eBay,unknown,FALSE,,,Pokémon TCG Steelix Holo PSA 9 Mint Neo Genesis 15/111,https://www.ebay.es/itm/198273477729,PriceCharting
Neo Genesis,Steelix,15/111,Unlimited,PSA 9,2026-04-21,137.50,USD,eBay,unknown,FALSE,,,Pokémon TCG Steelix Neo Genesis Holo Rare Unlimited 15/111 PSA 9 English 15/111,https://www.ebay.es/itm/358447179926,PriceCharting
Neo Genesis,Steelix,15/111,Unlimited,PSA 9,2026-04-10,120.00,USD,eBay,unknown,FALSE,,,2000 POKEMON NEO GENESIS #15 STEELIX-HOLO PSA 9 #15,https://www.ebay.es/itm/306806903216,PriceCharting
Neo Genesis,Steelix,15/111,Unlimited,PSA 9,2026-04-10,87.00,USD,eBay,unknown,FALSE,,,Pokemon PSA 9 2000 Steelix Neo Genesis #15 Holo,https://www.ebay.es/itm/377082504225,PriceCharting
Neo Genesis,Steelix,15/111,Unlimited,PSA 9,2026-03-31,115.00,USD,eBay,unknown,FALSE,,,2001 Pokemon Neo Genesis Steelix Holo Rare #15 PSA 9 #15,https://www.ebay.es/itm/358386093204,PriceCharting
Neo Genesis,Steelix,15/111,Unlimited,PSA 10,2026-08-31,1499.99,USD,eBay,unknown,FALSE,,,Pokemon Steelix Neo Genesis Unlimited Holo Rare #15 PSA 10 Gem Mint,https://www.ebay.es/itm/287215053747,PriceCharting
Neo Genesis,Steelix,15/111,Unlimited,PSA 10,2026-08-21,939.00,USD,eBay,unknown,FALSE,,,2000 POKEMON NEO GENESIS #15 STEELIX-HOLO PSA 10 #15,https://www.ebay.es/itm/298578823504,PriceCharting
Neo Genesis,Steelix,15/111,Unlimited,PSA 10,2026-06-20,1200.00,USD,eBay,best offer,TRUE,1200.00,,2000 POKEMON NEO GENESIS #15 STEELIX-HOLO PSA 10 #15,https://www.ebay.es/itm/117120796015,PriceCharting
Neo Genesis,Steelix,15/111,Unlimited,PSA 10,2026-06-10,753.07,USD,eBay,unknown,FALSE,,,2000 Neo Genesis Steelix 15/111 Holo PSA 10 Pokémon Rare TCG Onix Gem Mint #15,https://www.ebay.es/itm/257531214500,PriceCharting
Neo Genesis,Steelix,15/111,Unlimited,PSA 10,2026-03-11,605.00,USD,eBay,unknown,FALSE,,,2000 Pokemon Neo Genesis Steelix Holo 15/111 PSA 10 Gem Mint 15/111,https://www.ebay.es/itm/206116992230,PriceCharting
Neo Genesis,Steelix,15/111,Unlimited,PSA 10,2026-01-26,600.00,USD,eBay,best offer,TRUE,,,Steelix Neo Genesis 15/111 Holo Pokemon Card 2000 PSA 10 GEM MINT POP 77 15/111,https://www.ebay.es/itm/287083919582,PriceCharting
Neo Genesis,Steelix,15/111,Unlimited,PSA 10,2026-01-04,380.00,USD,eBay,unknown,FALSE,,,Steelix Neo Genesis 15/111 Holo Pokemon Card 2000 PSA 10 GEM MINT POP 75 15/111,https://www.ebay.es/itm/376497871245,PriceCharting
Neo Genesis,Steelix,15/111,Unlimited,PSA 10,2026-01-01,300.00,USD,eBay,unknown,FALSE,,,Steelix Neo Genesis 15/111 Holo Pokemon Card 2000 PSA 10 GEM MINT POP 75 15/111,https://www.ebay.es/itm/236548418814,PriceCharting
Neo Genesis,Steelix,15/111,Unlimited,PSA 10,2025-12-25,349.97,USD,eBay,unknown,FALSE,,,Steelix Neo Genesis 15/111 Holo Pokemon Card 2000 PSA 10 GEM MINT POP 75 15/111,https://www.ebay.es/itm/236122794234,PriceCharting
Neo Genesis,Steelix,15/111,Unlimited,PSA 10,2025-09-14,337.00,USD,eBay,unknown,FALSE,,,Pokemon Steelix Neo Genesis Unlimited Holo Rare #15 PSA 10 Gem Mint,https://www.ebay.es/itm/286804369418,PriceCharting
Neo Genesis,Steelix,15/111,Unlimited,PSA 10,2025-08-10,266.00,USD,eBay,unknown,FALSE,,,Pokemon Steelix Neo Genesis Unlimited Holo Rare #15 PSA 10 Gem Mint,https://www.ebay.es/itm/286739114502,PriceCharting
Neo Genesis,Steelix,15/111,Unlimited,PSA 10,2025-08-08,400.00,USD,eBay,unknown,FALSE,,,Pokemon Neo Genesis #15 Steelix Holo Rare PSA 10 15/111,https://www.ebay.es/itm/365680791797,PriceCharting
Neo Genesis,Steelix,15/111,Unlimited,PSA 10,2025-07-27,399.99,USD,eBay,unknown,FALSE,,,PSA 10 STEELIX 15 NEO GENESIS HOLO POKEMON GEM MINT,https://www.ebay.es/itm/405913917698,PriceCharting
Neo Genesis,Steelix,15/111,Unlimited,PSA 10,2025-07-03,295.99,USD,eBay,unknown,FALSE,,,"2000 POKEMON Neo Genesis Steelix #15 HOLO PSA 10! ""LOW POP"" #15",https://www.ebay.es/itm/156879725239,PriceCharting
Neo Genesis,Steelix,15/111,Unlimited,PSA 10,2025-06-03,384.00,USD,eBay,unknown,FALSE,,,2000 Pokemon Neo Genesis Steelix #15 PSA 10 #15,https://www.ebay.es/itm/177137279693,PriceCharting
Neo Genesis,Steelix,15/111,Unlimited,PSA 10,2025-04-10,349.99,USD,eBay,unknown,FALSE,,,"2000 POKEMON Neo Genesis Steelix #15 HOLO PSA 10! ""LOW POP"" #15",https://www.ebay.es/itm/156839068682,PriceCharting
Neo Genesis,Steelix,15/111,Unlimited,PSA 10,2025-03-28,325.00,USD,eBay,unknown,FALSE,,,2000 POKEMON NEO GENESIS #15 STEELIX-HOLO PSA 10 #15,https://www.ebay.es/itm/305987069311,PriceCharting
Neo Genesis,Steelix,15/111,Unlimited,PSA 10,2025-03-22,249.99,USD,eBay,unknown,FALSE,,,2000 Pokemon Neo Genesis Steelix Holo 15/111 PSA 10 Gem Mint 15/111,https://www.ebay.es/itm/146452058438,PriceCharting
Neo Genesis,Steelix,15/111,Unlimited,PSA 10,2024-12-15,249.99,USD,eBay,unknown,FALSE,,,2000 Pokemon Neo Genesis Steelix Holo 15/111 PSA 10 Gem Mint 15/111,https://www.ebay.es/itm/146254419059,PriceCharting
Neo Genesis,Steelix,15/111,Unlimited,PSA 10,2024-12-14,290.14,USD,eBay,unknown,FALSE,,,2000 Pokemon Neo Genesis Steelix Holo 15/111 PSA 10 Gem Mint,https://www.ebay.es/itm/285064298464,PriceCharting
Neo Genesis,Steelix,15/111,Unlimited,PSA 10,2024-12-10,175.00,USD,eBay,unknown,FALSE,,,2000 Pokemon Neo Genesis Steelix Holo 15/111 PSA 10 Gem Mint 15/111,https://www.ebay.es/itm/196883187689,PriceCharting
Neo Genesis,Steelix,15/111,Unlimited,PSA 10,2024-05-05,180.07,USD,eBay,unknown,FALSE,,,Steelix #15 Neo Genesis Holo Rare 2000 Pokemon TCG Card PSA 10 Gem Mint #15,https://www.ebay.es/itm/166736842128,PriceCharting
Neo Genesis,Steelix,15/111,Unlimited,PSA 10,2024-04-23,240.00,USD,eBay,unknown,FALSE,,,Steelix 15/111 Neo Genesis Holo Rare 2000 Pokemon TCG Card PSA 10 Gem Mint 15/111,https://www.ebay.es/itm/235464473888,PriceCharting
Neo Genesis,Steelix,15/111,Unlimited,PSA 10,2024-04-12,177.50,USD,eBay,unknown,FALSE,,,2000 Pokemon Neo Genesis #15 Steelix - Holo PSA 10 GEM MINT,https://www.ebay.es/itm/375351992221,PriceCharting
Neo Genesis,Steelix,15/111,Unlimited,PSA 10,2024-03-22,299.95,USD,eBay,unknown,FALSE,,,Steelix #15 Neo Genesis Holo Rare 2000 Pokemon TCG Card PSA 10 Gem Mint #15,https://www.ebay.es/itm/315217293466,PriceCharting
Neo Genesis,Steelix,15/111,Unlimited,PSA 10,2024-03-03,172.51,USD,eBay,unknown,FALSE,,,Pokemon Steelix Neo Genesis Unlimited Holo Rare #15 PSA 10 Gem Mint,https://www.ebay.es/itm/285731572800,PriceCharting
Neo Genesis,Steelix,15/111,Unlimited,PSA 10,2023-11-17,161.59,USD,eBay,unknown,FALSE,,,Pokemon Card PSA 10 Gem Mint Steelix Neo Genesis 2000 Holo 15/111,https://www.ebay.es/itm/115970965079,PriceCharting
Neo Genesis,Togetic,16/111,1st Edition,PSA 8,2026-09-28,193.50,USD,eBay,unknown,FALSE,,,Pokemon TCG Togetic 1st Edition Neo Genesis Holo Rare 16/111 PSA 8 NM-MT 16/111,https://www.ebay.es/itm/198660560424,PriceCharting
Neo Genesis,Togetic,16/111,1st Edition,PSA 8,2026-09-27,175.00,USD,eBay,best offer,TRUE,175.00,,Pokemon TCG 2000 Neo Genesis Togetic 16/111 1st Edition Holo Rare PSA 8 16/111,https://www.ebay.es/itm/318916644525,PriceCharting
Neo Genesis,Togetic,16/111,1st Edition,PSA 8,2026-09-15,195.94,USD,eBay,best offer,TRUE,,,2000 Pokemon 1st Edition Neo Genesis Togetic | PSA 8 16/111,https://www.ebay.es/itm/407205665562,PriceCharting
Neo Genesis,Togetic,16/111,1st Edition,PSA 8,2026-09-13,185.78,USD,eBay,unknown,FALSE,,,2000 POKEMON NEO GENESIS 1ST EDITION #16 TOGETIC-HOLO 1ST EDITION PSA 8 #16,https://www.ebay.es/itm/307158161039,PriceCharting
Neo Genesis,Togetic,16/111,1st Edition,PSA 8,2026-09-05,192.50,USD,eBay,unknown,FALSE,,,2000 POKEMON NEO GENESIS 1ST EDITION #16 TOGETIC-HOLO PSA 8 #16,https://www.ebay.es/itm/117382139733,PriceCharting
Neo Genesis,Togetic,16/111,1st Edition,PSA 8,2026-09-03,198.74,USD,eBay,best offer,TRUE,,,2000 Pokemon 1st Edition Neo Genesis Togetic | PSA 8 16/111,https://www.ebay.es/itm/407119120770,PriceCharting
Neo Genesis,Togetic,16/111,1st Edition,PSA 8,2026-09-01,190.00,USD,eBay,best offer,TRUE,190.00,,PSA 8 2000 Pokemon TCG Neo Genesis 1st Edition Togetic Holo 16/111 EN 16/111,https://www.ebay.es/itm/198608310922,PriceCharting
Neo Genesis,Togetic,16/111,1st Edition,PSA 8,2026-08-30,184.12,USD,eBay,unknown,FALSE,,,Togetic Holo 16/111 Neo Genesis 1st Edition Pokemon PSA 8 16/111,https://www.ebay.es/itm/178433898373,PriceCharting
Neo Genesis,Togetic,16/111,1st Edition,PSA 8,2026-08-12,275.00,USD,eBay,best offer,TRUE,275.00,,2000 POKEMON NEO GENESIS 1ST EDITION #16 TOGETIC-HOLO PSA 8 #16,https://www.ebay.es/itm/298565551962,PriceCharting
Neo Genesis,Togetic,16/111,1st Edition,PSA 8,2026-08-11,194.35,USD,eBay,unknown,FALSE,,,Pokemon Togetic 1st Edition 16/111 Neo Genesis PSA 8,https://www.ebay.es/itm/178343348717,PriceCharting
Neo Genesis,Togetic,16/111,1st Edition,PSA 8,2026-08-01,162.50,USD,eBay,unknown,FALSE,,,2000 POKEMON NEO GENESIS 1ST EDITION #16 TOGETIC-HOLO PSA 8 #16,https://www.ebay.es/itm/298528281813,PriceCharting
Neo Genesis,Togetic,16/111,1st Edition,PSA 8,2026-08-01,211.50,USD,eBay,unknown,FALSE,,,2000 POKEMON NEO GENESIS 1ST EDITION #16 TOGETIC-HOLO PSA 8 #16,https://www.ebay.es/itm/307081736410,PriceCharting
Neo Genesis,Togetic,16/111,1st Edition,PSA 8,2026-07-26,175.00,USD,eBay,best offer,TRUE,175.00,,2000 Pokemon 1st Edition Neo Genesis Togetic | PSA 8 16/111,https://www.ebay.es/itm/307086275615,PriceCharting
Neo Genesis,Togetic,16/111,1st Edition,PSA 8,2026-07-22,195.00,USD,eBay,unknown,FALSE,,,2000 Pokemon Neo Genesis 1st Edition 16/111 Togetic Holo PSA 8 NM-MT Swirl #16,https://www.ebay.es/itm/278205597348,PriceCharting
Neo Genesis,Togetic,16/111,1st Edition,PSA 8,2026-07-18,180.00,USD,eBay,best offer,TRUE,,,Pokémon TCG Neo Genesis Togetic 16/111 1st Edition Holo PSA 8 2000 16/111,https://www.ebay.es/itm/318565718018,PriceCharting
Neo Genesis,Togetic,16/111,1st Edition,PSA 8,2026-07-03,228.74,USD,eBay,best offer,TRUE,,,TOGETIC Pokemon Neo Genesis 1st Edition First Edition Holo 16/111 - PSA 8 Holo,https://www.ebay.es/itm/398046082613,PriceCharting
Neo Genesis,Togetic,16/111,1st Edition,PSA 8,2026-06-29,180.50,USD,eBay,unknown,FALSE,,,TOGETIC 2000 POKEMON NEO GENESIS HOLO RARE 1ST EDITION #16 PSA 8 Q7285 #16,https://www.ebay.es/itm/278112365020,PriceCharting
Neo Genesis,Togetic,16/111,1st Edition,PSA 8,2026-06-24,175.00,USD,eBay,unknown,FALSE,,,2000 Pokemon Neo Genesis Togetic 1st Edition Holo #16 PSA 8 Graded Pokémon Card 16/111,https://www.ebay.es/itm/188213280800,PriceCharting
Neo Genesis,Togetic,16/111,1st Edition,PSA 8,2026-06-11,199.99,USD,eBay,unknown,FALSE,,,PSA 8 2000 Pokémon Neo Genesis 1st Edition Holo Togetic 16/111 English 16/111,https://www.ebay.es/itm/198412014605,PriceCharting
Neo Genesis,Togetic,16/111,1st Edition,PSA 8,2026-06-11,178.50,USD,eBay,unknown,FALSE,,,2000 Pokemon Neo Genesis 1st Edition #16 Togetic Holo PSA 8 NM-MT,https://www.ebay.es/itm/366453566514,PriceCharting
Neo Genesis,Togetic,16/111,1st Edition,PSA 8,2026-06-04,193.50,USD,eBay,unknown,FALSE,,,90799941 Togetic 2000 Pokemon Neo Genesis 1st Edition #16 Holo PSA 8 16/111,https://www.ebay.es/itm/157946614946,PriceCharting
Neo Genesis,Togetic,16/111,1st Edition,PSA 8,2026-06-03,180.00,USD,eBay,unknown,FALSE,,,2000 POKEMON NEO GENESIS 1ST EDITION #16 TOGETIC-HOLO PSA 8 #16,https://www.ebay.es/itm/117229984999,PriceCharting
Neo Genesis,Togetic,16/111,1st Edition,PSA 8,2026-05-27,179.50,USD,eBay,unknown,FALSE,,,2000 Pokemon Neo Genesis 1st Edition #16 Togetic Holo PSA 8 NM-MT,https://www.ebay.es/itm/800041116479,PriceCharting
Neo Genesis,Togetic,16/111,1st Edition,PSA 8,2026-05-25,133.50,USD,eBay,unknown,FALSE,,,Pokemon Togetic Neo Genesis 1st Edition Holo Rare #16 PSA 8,https://www.ebay.es/itm/287331593132,PriceCharting
Neo Genesis,Togetic,16/111,1st Edition,PSA 8,2026-05-18,168.50,USD,eBay,unknown,FALSE,,,Pokemon 2000 Togetic 16/111 Holo 1st Edition Neo Genesis PSA 8 16/111,https://www.ebay.es/itm/406911786001,PriceCharting
Neo Genesis,Togetic,16/111,1st Edition,PSA 8,2026-05-11,125.50,USD,eBay,unknown,FALSE,,,2000 POKEMON NEO GENESIS FIRST 1ST EDITION #16 TOGETIC-HOLO PSA 8 #16,https://www.ebay.es/itm/178102050233,PriceCharting
Neo Genesis,Togetic,16/111,1st Edition,PSA 9,2026-09-25,449.99,USD,eBay,unknown,FALSE,,,Pokemon Togetic #16 Neo Genesis 1st Edition Holo PSA 9 16/111,https://www.ebay.es/itm/800701456347,PriceCharting
Neo Genesis,Togetic,16/111,1st Edition,PSA 9,2026-09-24,415.00,USD,eBay,unknown,FALSE,,,2000 POKEMON NEO GENESIS 1ST EDITION #16 TOGETIC-HOLO 1ST EDITION Psa 9 Csr36 16/111,https://www.ebay.es/itm/178513854307,PriceCharting
Neo Genesis,Togetic,16/111,1st Edition,PSA 9,2026-09-24,425.00,USD,eBay,unknown,FALSE,,,2000 POKEMON NEO GENESIS 1ST EDITION #16 TOGETIC-HOLO 1ST EDITION Psa 9 Csr36 16/111,https://www.ebay.es/itm/178406399565,PriceCharting
Neo Genesis,Togetic,16/111,1st Edition,PSA 9,2026-09-19,410.00,USD,eBay,unknown,FALSE,,,2000 POKEMON NEO GENESIS 1ST EDITION #16 TOGETIC-HOLO PSA 9 #16,https://www.ebay.es/itm/117406710256,PriceCharting
Neo Genesis,Togetic,16/111,1st Edition,PSA 9,2026-09-11,375.00,USD,eBay,best offer,TRUE,375.00,,2000 POKEMON NEO GENESIS 1ST EDITION #16 TOGETIC-HOLO PSA 9 16/111,https://www.ebay.es/itm/178475567256,PriceCharting
Neo Genesis,Togetic,16/111,1st Edition,PSA 9,2026-09-10,325.00,USD,eBay,best offer,TRUE,,,Pokémon Neo Genesis Togetic 16/111 Holo 1st Edition PSA 9 English 16/111,https://www.ebay.es/itm/178453924497,PriceCharting
Neo Genesis,Togetic,16/111,1st Edition,PSA 9,2026-09-06,348.00,USD,eBay,unknown,FALSE,,,2000 POKEMON NEO GENESIS 1ST EDITION #16 TOGETIC-HOLO PSA 9 #16,https://www.ebay.es/itm/298620898000,PriceCharting
Neo Genesis,Togetic,16/111,1st Edition,PSA 9,2026-09-04,384.99,USD,eBay,unknown,FALSE,,,Pokemon Togetic 16 Neo Genesis 1st Edition Holo PSA 9 16/111,https://www.ebay.es/itm/800498843423,PriceCharting
Neo Genesis,Togetic,16/111,1st Edition,PSA 9,2026-09-01,349.99,USD,eBay,unknown,FALSE,,,2000 POKEMON NEO GENESIS 1ST EDITION #16 TOGETIC-HOLO PSA 9 #16,https://www.ebay.es/itm/168538816783,PriceCharting
Neo Genesis,Togetic,16/111,1st Edition,PSA 9,2026-08-16,355.00,USD,eBay,unknown,FALSE,,,Pokemon Togetic Holo Neo Genesis 1st Edition 16/111 PSA 9 Mint 16/111,https://www.ebay.es/itm/287511104849,PriceCharting
Neo Genesis,Togetic,16/111,1st Edition,PSA 9,2026-08-14,330.00,USD,eBay,unknown,FALSE,,,Pokemon Togetic Holo Neo Genesis 1st Edition 16/111 PSA 9 Mint 16/111,https://www.ebay.es/itm/287522396659,PriceCharting
Neo Genesis,Togetic,16/111,1st Edition,PSA 9,2026-08-09,319.99,USD,eBay,unknown,FALSE,,,2000 POKEMON NEO GENESIS 1ST EDITION #16 TOGETIC-HOLO PSA 9 #16,https://www.ebay.es/itm/307109648960,PriceCharting
Neo Genesis,Togetic,16/111,1st Edition,PSA 9,2026-08-08,330.00,USD,eBay,unknown,FALSE,,,2000 Pokemon Neo Genesis 1st Edition Togetic Holo #16/111 PSA 9,https://www.ebay.es/itm/377389543152,PriceCharting
Neo Genesis,Togetic,16/111,1st Edition,PSA 9,2026-08-03,323.00,USD,eBay,unknown,FALSE,,,2000 POKEMON NEO GENESIS 1ST EDITION #16 TOGETIC-HOLO PSA 9 #16,https://www.ebay.es/itm/298527646494,PriceCharting
Neo Genesis,Togetic,16/111,1st Edition,PSA 9,2026-07-29,310.00,USD,eBay,unknown,FALSE,,,2000 Pokemon Neo Genesis 1st Edition #16 Togetic Holo PSA 9 MINT,https://www.ebay.es/itm/366556951439,PriceCharting
Neo Genesis,Togetic,16/111,1st Edition,PSA 9,2026-07-27,425.00,USD,eBay,unknown,FALSE,,,2000 POKEMON NEO GENESIS 1ST EDITION #16 TOGETIC-HOLO PSA 9 #16,https://www.ebay.es/itm/117302767980,PriceCharting
Neo Genesis,Togetic,16/111,1st Edition,PSA 9,2026-07-26,425.00,USD,eBay,unknown,FALSE,,,2000 POKEMON NEO GENESIS 1ST EDITION #16 TOGETIC-HOLO PSA 9 #16,https://www.ebay.es/itm/117267375430,PriceCharting
Neo Genesis,Togetic,16/111,1st Edition,PSA 9,2026-07-24,326.00,USD,eBay,unknown,FALSE,,,2000 WOTC POKEMON NEO GENESIS 1ST EDITION TOGETIC 16/111 HOLO RARE PSA 9 MINT 16/111,https://www.ebay.es/itm/358793122759,PriceCharting
Neo Genesis,Togetic,16/111,1st Edition,PSA 9,2026-07-07,340.00,USD,eBay,unknown,FALSE,,,Pokemon Togetic #16 Neo Genesis 1st Edition Holo PSA 9 Mint,https://www.ebay.es/itm/188564385964,PriceCharting
Neo Genesis,Togetic,16/111,1st Edition,PSA 9,2026-07-06,405.00,USD,eBay,unknown,FALSE,,,Pokémon Togetic Neo Genesis Holo 16/111 First Edition PSA 9 16/111,https://www.ebay.es/itm/358725253477,PriceCharting
Neo Genesis,Togetic,16/111,1st Edition,PSA 9,2026-07-05,305.00,USD,eBay,unknown,FALSE,,,Pokemon Togetic Holo Neo Genesis 1st Edition 16/111 PSA 9 16/111,https://www.ebay.es/itm/287424617848,PriceCharting
Neo Genesis,Togetic,16/111,1st Edition,PSA 9,2026-06-29,290.00,USD,eBay,unknown,FALSE,,,2000 POKEMON NEO GENESIS 1ST EDITION #16 TOGETIC-HOLO PSA 9 #16,https://www.ebay.es/itm/117258443328,PriceCharting
Neo Genesis,Togetic,16/111,1st Edition,PSA 9,2026-06-12,326.00,USD,eBay,best offer,TRUE,326.00,,2000 POKEMON NEO GENESIS 1ST EDITION #16 TOGETIC-HOLO PSA 9 #16,https://www.ebay.es/itm/306991129738,PriceCharting
Neo Genesis,Togetic,16/111,1st Edition,PSA 10,2026-09-19,4999.99,USD,eBay,unknown,FALSE,,,Pokemon Neo Genesis Togetic 1st Edition #16 Holo Rare [PSA 10] 16/111,https://www.ebay.es/itm/358653884525,PriceCharting
Neo Genesis,Togetic,16/111,1st Edition,PSA 10,2026-09-14,3050.00,USD,eBay,unknown,FALSE,,,2000 POKEMON TOGETIC-HOLO NEO GENESIS 1ST EDITION #16 PSA 10 #16,https://www.ebay.es/itm/800660728383,PriceCharting
Neo Genesis,Togetic,16/111,1st Edition,PSA 10,2026-08-29,3500.00,USD,eBay,unknown,FALSE,,,Pokemon Togetic Holo Neo Genesis 1st Edition 16/111 PSA 10 Gem Mint 16/111,https://www.ebay.es/itm/287535022635,PriceCharting
Neo Genesis,Togetic,16/111,1st Edition,PSA 10,2026-08-22,3227.00,USD,eBay,unknown,FALSE,,,2000 POKEMON NEO GENESIS 1ST EDITION #16 TOGETIC-HOLO PSA 10 #16,https://www.ebay.es/itm/298585397655,PriceCharting
Neo Genesis,Togetic,16/111,1st Edition,PSA 10,2026-08-20,3050.00,USD,eBay,unknown,FALSE,,,2000 POKEMON TOGETIC-HOLO NEO GENESIS 1ST EDITION #16 PSA 10 #16,https://www.ebay.es/itm/800499471487,PriceCharting
Neo Genesis,Togetic,16/111,1st Edition,PSA 10,2026-08-06,2800.00,USD,eBay,unknown,FALSE,,,2000 POKEMON TOGETIC-HOLO NEO GENESIS 1ST EDITION #16 PSA 10 #16,https://www.ebay.es/itm/800430526305,PriceCharting
Neo Genesis,Togetic,16/111,1st Edition,PSA 10,2026-07-30,2502.00,USD,eBay,unknown,FALSE,,,POKEMON TOGETIC-HOLO 2000 NEO GENESIS 1ST EDITION #16 PSA 10 #16,https://www.ebay.es/itm/800391587936,PriceCharting
Neo Genesis,Togetic,16/111,1st Edition,PSA 10,2026-07-13,2938.00,USD,eBay,unknown,FALSE,,,Pokémon 2000 1st Edition Togetic Neo Genesis Holo Rare 16/111 PSA 10 Gem Mint 16/111,https://www.ebay.es/itm/178286624761,PriceCharting
Neo Genesis,Togetic,16/111,1st Edition,PSA 10,2026-05-31,2900.00,USD,eBay,unknown,FALSE,,,Pokemon Togetic Neo Genesis 1st Edition Holo Rare #16 PSA 10 Gem Mint,https://www.ebay.es/itm/287342840824,PriceCharting
Neo Genesis,Togetic,16/111,1st Edition,PSA 10,2026-05-18,3150.00,USD,eBay,best offer,TRUE,3150.00,,POKEMON TOGETIC 2000 NEO GENESIS 1ST EDITION #16 HOLO PSA 10 #16,https://www.ebay.es/itm/298306369956,PriceCharting
Neo Genesis,Togetic,16/111,1st Edition,PSA 10,2026-05-07,4050.00,USD,eBay,unknown,FALSE,,,POKEMON TOGETIC 2000 NEO GENESIS 1ST EDITION #16 HOLO PSA 10 #16,https://www.ebay.es/itm/389954452252,PriceCharting
Neo Genesis,Togetic,16/111,1st Edition,PSA 10,2026-04-05,3850.00,USD,eBay,unknown,FALSE,,,Pokemon Togetic Neo Genesis 1st Edition Holo Rare #16 PSA 10 Gem Mint,https://www.ebay.es/itm/287233335892,PriceCharting
Neo Genesis,Togetic,16/111,1st Edition,PSA 10,2026-03-28,4500.00,USD,eBay,unknown,FALSE,,,2000 POKEMON NEO GENESIS 1ST ED #16 TOGETIC-HOLO PSA 10 #16,https://www.ebay.es/itm/117111729778,PriceCharting
Neo Genesis,Togetic,16/111,1st Edition,PSA 10,2026-03-05,3500.00,USD,eBay,unknown,FALSE,,,Pokemon Togetic Neo Genesis 1st Edition Holo Rare #16 PSA 10 Gem Mint,https://www.ebay.es/itm/287182249586,PriceCharting
Neo Genesis,Togetic,16/111,1st Edition,PSA 10,2026-02-16,2125.00,USD,eBay,unknown,FALSE,,,Pokemon Togetic Neo Genesis 1st Edition Holo Rare #16 PSA 10 Gem Mint,https://www.ebay.es/itm/287121861887,PriceCharting
Neo Genesis,Togetic,16/111,1st Edition,PSA 10,2026-01-26,2043.94,USD,eBay,best offer,TRUE,,,Togetic Holo 16/111 Neo Genesis 1st Edition Pokemon PSA 10 *SWIRL* 16/111,https://www.ebay.es/itm/267556956681,PriceCharting
Neo Genesis,Togetic,16/111,1st Edition,PSA 10,2026-01-25,1999.99,USD,eBay,unknown,FALSE,,,2000 POKEMON TCG NEO GENESIS #16 TOGETIC 1ST EDITION - HOLO PSA 10 GEM MT 16/111,https://www.ebay.es/itm/168108109798,PriceCharting
Neo Genesis,Togetic,16/111,1st Edition,PSA 10,2025-12-13,1150.00,USD,eBay,unknown,FALSE,,,2000 Pokémon Neo Genesis: #16 Togetic - Holo - 1st Edition - PSA 10 16/111,https://www.ebay.es/itm/168001171351,PriceCharting
Neo Genesis,Togetic,16/111,1st Edition,PSA 10,2025-12-05,1200.00,USD,eBay,best offer,TRUE,,,Pokémon TCG Togetic Neo Genesis 16 Holo 1st Edition Holo Rare Card PSA 10 16/111,https://www.ebay.es/itm/167957375679,PriceCharting
Neo Genesis,Togetic,16/111,1st Edition,PSA 10,2025-11-22,1250.00,USD,eBay,unknown,FALSE,,,Pokemon Togetic Neo Genesis 1st Edition Holo Rare #16 PSA 10 Gem Mint,https://www.ebay.es/itm/286958867184,PriceCharting
Neo Genesis,Togetic,16/111,1st Edition,PSA 10,2025-10-25,1100.00,USD,eBay,unknown,FALSE,,,2000 TOGETIC 1ST EDITION HOLO RARE NEO GENESIS POKEMON PSA 10 GEM MINT #16/111 #16,https://www.ebay.es/itm/406316626875,PriceCharting
Neo Genesis,Togetic,16/111,1st Edition,PSA 10,2025-10-16,1050.00,USD,eBay,best offer,TRUE,1050.00,,2000 TOGETIC 1ST EDITION HOLO RARE NEO GENESIS POKEMON PSA 10 GEM MINT #16/111 #16,https://www.ebay.es/itm/276443505013,PriceCharting
Neo Genesis,Togetic,16/111,1st Edition,PSA 10,2025-10-10,1200.00,USD,eBay,best offer,TRUE,1200.00,,2000 Pokemon Neo Genesis 1st Edition #16 Togetic Holo PSA 10 GEM MINT #16,https://www.ebay.es/itm/177353478553,PriceCharting
Neo Genesis,Togetic,16/111,1st Edition,PSA 10,2025-09-26,959.00,USD,eBay,unknown,FALSE,,,2000 Pokemon Neo Genesis 1st Edition #16 Togetic Holo PSA 10 GEM MINT,https://www.ebay.es/itm/388984332358,PriceCharting
Neo Genesis,Togetic,16/111,1st Edition,PSA 10,2025-09-21,950.00,USD,eBay,unknown,FALSE,,,2000 Pokemon Neo Genesis 1st Edition #16 Togetic Holo PSA 10 GEM MINT #16,https://www.ebay.es/itm/157328469640,PriceCharting
Neo Genesis,Togetic,16/111,1st Edition,PSA 10,2025-09-08,1001.00,USD,eBay,unknown,FALSE,,,Pokémon TCG Togetic 1st Edition #16 Neo Genesis Holo PSA 10 GEM MINT 16/111,https://www.ebay.es/itm/365838237444,PriceCharting
Neo Genesis,Togetic,16/111,1st Edition,PSA 10,2025-08-11,826.00,USD,eBay,unknown,FALSE,,,Pokemon Togetic Neo Genesis 1st Edition Holo Rare #16 PSA 10 Gem Mint,https://www.ebay.es/itm/286739114751,PriceCharting
Neo Genesis,Togetic,16/111,1st Edition,PSA 10,2025-07-26,945.23,USD,eBay,unknown,FALSE,,,2000 PSA 10 Togetic 1st Edition ~ Holo #16 Neo Genesis Pokemon Rare English,https://www.ebay.es/itm/286707969282,PriceCharting
Neo Genesis,Togetic,16/111,1st Edition,PSA 10,2025-07-26,1000.00,USD,eBay,unknown,FALSE,,,Pokemon PSA 10 GEM MINT 1st Ed. Neo Genesis Holo Togetic 16/111 (JC) 16/111,https://www.ebay.es/itm/326702297184,PriceCharting
Neo Genesis,Togetic,16/111,Unlimited,PSA 8,2026-09-16,86.00,USD,eBay,unknown,FALSE,,,2000 POKEMON NEO GENESIS #16 TOGETIC-HOLO PSA 8 #16,https://www.ebay.es/itm/307159100027,PriceCharting
Neo Genesis,Togetic,16/111,Unlimited,PSA 8,2026-09-11,118.57,USD,eBay,unknown,FALSE,,,2000 Pokemon Neo Genesis 16/111 Togetic Holo PSA 8,https://www.ebay.es/itm/198630319297,PriceCharting
Neo Genesis,Togetic,16/111,Unlimited,PSA 8,2026-08-30,90.00,USD,eBay,unknown,FALSE,,,The Pokémon Company PSA 8 Togetic 16/111 Neo Genesis Holo Rare Unlimited 16/111,https://www.ebay.es/itm/198584887534,PriceCharting
Neo Genesis,Togetic,16/111,Unlimited,PSA 8,2026-08-20,100.00,USD,eBay,unknown,FALSE,,,2000 Pokémon Neo Genesis Togetic Holo Psa 8 16/111,https://www.ebay.es/itm/117330250782,PriceCharting
Neo Genesis,Togetic,16/111,Unlimited,PSA 8,2026-08-17,70.10,USD,eBay,unknown,FALSE,,,Pokemon 2000 Togetic 16/111 Holo Neo Genesis PSA 8 16/111,https://www.ebay.es/itm/407125948027,PriceCharting
Neo Genesis,Togetic,16/111,Unlimited,PSA 8,2026-07-20,71.00,USD,eBay,unknown,FALSE,,,2000 Pokemon Neo Genesis Togetic Holo #16/111 PSA 8 16/111,https://www.ebay.es/itm/358778142164,PriceCharting
Neo Genesis,Togetic,16/111,Unlimited,PSA 8,2026-07-10,76.00,USD,eBay,unknown,FALSE,,,145653970 Togetic 2000 Pokemon Neo Genesis #16/111 Holo PSA 8 16/111,https://www.ebay.es/itm/158048903759,PriceCharting
Neo Genesis,Togetic,16/111,Unlimited,PSA 8,2026-07-02,76.00,USD,eBay,unknown,FALSE,,,2000 Pokemon Neo Genesis Togetic Holo #16/111 PSA 8,https://www.ebay.es/itm/377297861046,PriceCharting
Neo Genesis,Togetic,16/111,Unlimited,PSA 8,2026-06-14,100.00,USD,eBay,unknown,FALSE,,,2000 POKEMON NEO GENESIS #16 TOGETIC-HOLO 16/111 PSA 8 NM-MT 16/111,https://www.ebay.es/itm/157978514068,PriceCharting
Neo Genesis,Togetic,16/111,Unlimited,PSA 8,2026-06-09,85.00,USD,eBay,unknown,FALSE,,,2000 Pokémon Neo Genesis Unlimited Togetic Holo #16/111 PSA 8 NM-MT 16/111,https://www.ebay.es/itm/389560648383,PriceCharting
Neo Genesis,Togetic,16/111,Unlimited,PSA 8,2026-06-08,85.00,USD,eBay,best offer,TRUE,85.00,,2000 POKEMON NEO GENESIS #16 TOGETIC-HOLO 16/111 PSA 8 NM-MT 16/111,https://www.ebay.es/itm/188478439511,PriceCharting
Neo Genesis,Togetic,16/111,Unlimited,PSA 8,2026-05-29,92.00,USD,eBay,unknown,FALSE,,,2000 POKEMON NEO GENESIS #16 TOGETIC-HOLO PSA 8 #16,https://www.ebay.es/itm/306835940163,PriceCharting
Neo Genesis,Togetic,16/111,Unlimited,PSA 8,2026-05-24,90.00,USD,eBay,best offer,TRUE,90.00,,2000 POKEMON NEO GENESIS #16 TOGETIC-HOLO PSA 8 #16,https://www.ebay.es/itm/306958074331,PriceCharting
Neo Genesis,Togetic,16/111,Unlimited,PSA 8,2026-05-10,75.00,USD,eBay,unknown,FALSE,,,Pokemon TCG: 2000 Neo Genesis #16 TOGETIC Holo PSA 8 NM/MT | New Cert! 16/111,https://www.ebay.es/itm/257405822326,PriceCharting
Neo Genesis,Togetic,16/111,Unlimited,PSA 8,2026-04-27,62.00,USD,eBay,unknown,FALSE,,,2000 POKEMON NEO GENESIS #16 TOGETIC-HOLO PSA 8 #16,https://www.ebay.es/itm/117146869105,PriceCharting
Neo Genesis,Togetic,16/111,Unlimited,PSA 8,2026-04-20,99.99,USD,eBay,unknown,FALSE,,,2000 POKEMON NEO GENESIS #16 TOGETIC-HOLO PSA 8 #16,https://www.ebay.es/itm/157843808140,PriceCharting
Neo Genesis,Togetic,16/111,Unlimited,PSA 9,2026-09-24,185.33,USD,eBay,unknown,FALSE,,,Togetic Holo 16/111 PSA 9 Neo Genesis Pokemon Card Game 16/111,https://www.ebay.es/itm/287526552950,PriceCharting
Neo Genesis,Togetic,16/111,Unlimited,PSA 9,2026-09-21,211.65,USD,eBay,unknown,FALSE,,,2000 Pokemon Togetic 16/111 Neo Genesis Rare Holo PSA 9 MINT (With Swirl) 16/111,https://www.ebay.es/itm/287288525752,PriceCharting
Neo Genesis,Togetic,16/111,Unlimited,PSA 9,2026-08-21,174.99,USD,eBay,unknown,FALSE,,,2000 Pokemon Neo Genesis Togetic Holo #16 PSA 9 Mint 16/111,https://www.ebay.es/itm/358923292518,PriceCharting
Neo Genesis,Togetic,16/111,Unlimited,PSA 9,2026-08-08,150.00,USD,eBay,unknown,FALSE,,,PSA 9 Pokemon Togetic Neo Genesis Unlimited Holo Rare #16 #16,https://www.ebay.es/itm/257509318188,PriceCharting
Neo Genesis,Togetic,16/111,Unlimited,PSA 9,2026-08-06,180.00,USD,eBay,unknown,FALSE,,,Togetic Holo 16/111 Neo Genesis Pokemon PSA 9 16/111,https://www.ebay.es/itm/188695295560,PriceCharting
Neo Genesis,Togetic,16/111,Unlimited,PSA 9,2026-06-16,179.98,USD,eBay,unknown,FALSE,,,2000 Pokemon Togetic 16/111 Neo Genesis Rare Holo PSA 9 MINT (With Swirl) 16/111,https://www.ebay.es/itm/336554185808,PriceCharting
Neo Genesis,Togetic,16/111,Unlimited,PSA 9,2026-05-29,125.00,USD,eBay,unknown,FALSE,,,2000 POKEMON NEO GENESIS #16 TOGETIC-HOLO PSA 9 #16,https://www.ebay.es/itm/298353201068,PriceCharting
Neo Genesis,Togetic,16/111,Unlimited,PSA 9,2026-05-11,121.90,USD,eBay,unknown,FALSE,,,Pokemon Togetic Neo Genesis Unlimited Holo Rare #16 PSA 9 Mint,https://www.ebay.es/itm/287301526382,PriceCharting
Neo Genesis,Togetic,16/111,Unlimited,PSA 9,2026-04-26,112.50,USD,eBay,unknown,FALSE,,,2000 POKEMON NEO GENESIS #16 TOGETIC-HOLO PSA 9 #16,https://www.ebay.es/itm/117148006029,PriceCharting
Neo Genesis,Togetic,16/111,Unlimited,PSA 9,2026-04-16,135.00,USD,eBay,unknown,FALSE,,,2000 Pokemon Togetic 16/111 Neo Genesis Rare Holo PSA 9 MINT 16/111,https://www.ebay.es/itm/267587195003,PriceCharting
Neo Genesis,Togetic,16/111,Unlimited,PSA 9,2026-04-08,129.99,USD,eBay,unknown,FALSE,,,2000 Pokemon Neo Genesis Togetic Holo #16/111 PSA 9 MINT 16/111,https://www.ebay.es/itm/236670281418,PriceCharting
Neo Genesis,Togetic,16/111,Unlimited,PSA 9,2026-04-07,137.75,USD,eBay,unknown,FALSE,,,Pokemon Togetic Neo Genesis Unlimited Holo Rare #16 PSA 9 Mint 16/111,https://www.ebay.es/itm/366295844980,PriceCharting
Neo Genesis,Togetic,16/111,Unlimited,PSA 9,2026-03-23,179.99,USD,eBay,unknown,FALSE,,,PSA 9 Togetic Holo Neo Genesis #16 - 2000 MINT Pokémon Card 🌀SWIRL🌀,https://www.ebay.es/itm/188174750652,PriceCharting
Neo Genesis,Togetic,16/111,Unlimited,PSA 9,2026-03-15,91.07,USD,eBay,unknown,FALSE,,,Pokemon Togetic Neo Genesis Unlimited Holo Rare #16 PSA 9 Mint,https://www.ebay.es/itm/287182335644,PriceCharting
Neo Genesis,Togetic,16/111,Unlimited,PSA 9,2026-03-09,145.00,USD,eBay,unknown,FALSE,,,Pokemon Togetic Neo Genesis Unlimited Holo Rare #16 PSA 9 Mint,https://www.ebay.es/itm/287184596618,PriceCharting
Neo Genesis,Togetic,16/111,Unlimited,PSA 9,2025-12-29,73.00,USD,eBay,unknown,FALSE,,,2000 Pokemon Neo Genesis #16/111 Togetic Holo PSA 9 MINT TCG PTCG,https://www.ebay.es/itm/389387091882,PriceCharting
Neo Genesis,Togetic,16/111,Unlimited,PSA 9,2025-12-23,89.99,USD,eBay,unknown,FALSE,,,POKEMON 2000 NEO GENESIS TOGETIC HOLO 16/111 PSA 9 WITH SWRIL! 16/111,https://www.ebay.es/itm/336250609271,PriceCharting
Neo Genesis,Togetic,16/111,Unlimited,PSA 10,2026-08-09,2700.00,USD,eBay,unknown,FALSE,,,Pokemon Togetic Holo Neo Genesis Unlimited 16/111 PSA 10 Gem Mint 16/111,https://www.ebay.es/itm/287495384813,PriceCharting
Neo Genesis,Togetic,16/111,Unlimited,PSA 10,2026-05-07,2302.70,USD,eBay,unknown,FALSE,,,POKEMON TOGETIC 2000 NEO GENESIS #16 HOLO PSA 10 #16,https://www.ebay.es/itm/389954452425,PriceCharting
Neo Genesis,Togetic,16/111,Unlimited,PSA 10,2026-04-17,2448.00,USD,eBay,unknown,FALSE,,,2000 POKEMON NEO GENESIS #16 TOGETIC-HOLO PSA 10 #16,https://www.ebay.es/itm/306867940664,PriceCharting
Neo Genesis,Togetic,16/111,Unlimited,PSA 10,2026-01-22,900.00,USD,eBay,best offer,TRUE,,,Pokémon TCG Neo Genesis Togetic #16/111 Unlimited Holo Rare PSA 10 16/111,https://www.ebay.es/itm/187973287499,PriceCharting
Neo Genesis,Togetic,16/111,Unlimited,PSA 10,2025-12-29,775.00,USD,eBay,best offer,TRUE,,,Pokémon TCG Togetic Neo Genesis 16 Holo PSA 10 Gem Mint Rare 2000 Swirl Pop 48 16/111,https://www.ebay.es/itm/326856785946,PriceCharting
Neo Genesis,Togetic,16/111,Unlimited,PSA 10,2025-10-27,800.00,USD,eBay,best offer,TRUE,,,Pokemon 2000 Neo Genesis Togetic #16 Holo PSA 10 GEM MINT with SWIRL 🌀 16/111,https://www.ebay.es/itm/167871243970,PriceCharting
Neo Genesis,Togetic,16/111,Unlimited,PSA 10,2025-08-11,455.00,USD,eBay,unknown,FALSE,,,Pokemon Togetic Neo Genesis Unlimited Holo Rare #16 PSA 10 Gem Mint,https://www.ebay.es/itm/286739114759,PriceCharting
Neo Genesis,Togetic,16/111,Unlimited,PSA 10,2025-07-29,493.00,USD,eBay,unknown,FALSE,,,2000 Pokemon Neo Genesis #16 Togetic Holo PSA 10 GEM MINT,https://www.ebay.es/itm/365750055489,PriceCharting
Neo Genesis,Togetic,16/111,Unlimited,PSA 10,2025-07-24,700.00,USD,eBay,unknown,FALSE,,,2000 Pokemon Neo Genesis - #16 Togetic Holo PSA 10 Gem Mint Unlimited #16,https://www.ebay.es/itm/326426883533,PriceCharting
Neo Genesis,Togetic,16/111,Unlimited,PSA 10,2025-07-24,620.00,USD,eBay,unknown,FALSE,,,2000 Pokemon Neo Genesis - #16 Togetic Holo PSA 10 Gem Mint Unlimited POP 48 16/111,https://www.ebay.es/itm/396818658829,PriceCharting
Neo Genesis,Togetic,16/111,Unlimited,PSA 10,2024-11-13,500.00,USD,eBay,unknown,FALSE,,,Togetic - Pokemon Neo Genesis #16 - Gem Mint PSA 10 - Population 41 #16,https://www.ebay.es/itm/116024594702,PriceCharting
Neo Genesis,Togetic,16/111,Unlimited,PSA 10,2024-11-13,549.99,USD,eBay,unknown,FALSE,,,PSA 10 Togetic #16 Holo Neo Genesis Pokemon Card #16,https://www.ebay.es/itm/205073400777,PriceCharting
Neo Genesis,Togetic,16/111,Unlimited,PSA 10,2024-11-13,350.00,USD,eBay,unknown,FALSE,,,Pokemon PSA 10 Gem Mint Neo Genesis Holo Togetic 16/111 16/111,https://www.ebay.es/itm/166863777024,PriceCharting
Neo Genesis,Togetic,16/111,Unlimited,PSA 10,2024-11-13,325.00,USD,eBay,unknown,FALSE,,,PSA 10 Gem Mint Togetic 16/111 Neo Genesis POKEMON,https://www.ebay.es/itm/186779722263,PriceCharting
Neo Genesis,Togetic,16/111,Unlimited,PSA 10,2024-11-13,325.00,USD,eBay,unknown,FALSE,,,PSA 10 Gem Mint Togetic 16/111 Neo Genesis POKEMON,https://www.ebay.es/itm/186779722267,PriceCharting
Neo Genesis,Togetic,16/111,Unlimited,PSA 10,2024-11-08,251.01,USD,eBay,unknown,FALSE,,,2000 POKEMON NEO GENESIS TOGETIC HOLO 16/111 PSA 10,https://www.ebay.es/itm/205073882871,PriceCharting
Neo Genesis,Togetic,16/111,Unlimited,PSA 10,2024-10-26,349.90,USD,eBay,unknown,FALSE,,,PSA 10 - Togetic - #16 - Holo - Neo Genesis - Pokemon Card #16,https://www.ebay.es/itm/196743921956,PriceCharting
Neo Genesis,Togetic,16/111,Unlimited,PSA 10,2024-06-19,300.00,USD,eBay,unknown,FALSE,,,Pokemon PSA 10 Gem Mint Neo Genesis Holo Togetic 16/111 16/111,https://www.ebay.es/itm/326138838553,PriceCharting
Neo Genesis,Togetic,16/111,Unlimited,PSA 10,2024-04-21,349.99,USD,eBay,unknown,FALSE,,,Togetic - Pokemon Neo Genesis #16 - Gem Mint PSA 10 - Population 41 #16,https://www.ebay.es/itm/395346522552,PriceCharting
Neo Genesis,Togetic,16/111,Unlimited,PSA 10,2024-04-12,303.13,USD,eBay,unknown,FALSE,,,2000 Pokemon Neo Genesis #16 Togetic - Holo PSA 10 GEM MINT,https://www.ebay.es/itm/386906882748,PriceCharting
Neo Genesis,Togetic,16/111,Unlimited,PSA 10,2024-03-19,336.36,USD,eBay,unknown,FALSE,,,2000 POKEMON NEO GENESIS TOGETIC 16/111 HOLO GEM MINT PSA 10,https://www.ebay.es/itm/395256212641,PriceCharting
Neo Genesis,Togetic,16/111,Unlimited,PSA 10,2023-12-17,320.00,USD,eBay,unknown,FALSE,,,Pokemon Togetic Neo Genesis Unlimited Holo Rare #16 PSA 10 Gem Mint,https://www.ebay.es/itm/285594009010,PriceCharting
Neo Genesis,Togetic,16/111,Unlimited,PSA 10,2023-11-20,255.55,USD,eBay,unknown,FALSE,,,Pokemon Card PSA 10 Gem Mint Togetic 2000 Neo Genesis Set Rare Holo 16/111,https://www.ebay.es/itm/115975106095,PriceCharting
Neo Genesis,Typhlosion,17/111,1st Edition,PSA 8,2026-09-26,2277.06,USD,eBay,unknown,FALSE,,,2000 Pokemon 1st Edition Neo Genesis Typhlosion Holo T17 17/111 PSA 8 NM-MT,https://www.ebay.es/itm/117304288672,PriceCharting
Neo Genesis,Typhlosion,17/111,1st Edition,PSA 8,2026-09-23,2750.00,USD,eBay,unknown,FALSE,,,2000 POKEMON TYPHLOSION-HOLO NEO GENESIS 1ST EDITION #17 PSA 8 #17,https://www.ebay.es/itm/800672965885,PriceCharting
Neo Genesis,Typhlosion,17/111,1st Edition,PSA 8,2026-09-23,2000.00,USD,eBay,unknown,FALSE,,,2000 POKEMON NEO GENESIS 1ST EDITION #17 TYPHLOSION-HOLO PSA 8 #17,https://www.ebay.es/itm/306979373099,PriceCharting
Neo Genesis,Typhlosion,17/111,1st Edition,PSA 8,2026-09-23,2000.00,USD,eBay,unknown,FALSE,,,Pokemon PSA 8 2000 Neo Genesis 1st Edition Typhlosion 17/111 Holo EN 17/111,https://www.ebay.es/itm/188969983617,PriceCharting
Neo Genesis,Typhlosion,17/111,1st Edition,PSA 8,2026-09-22,1800.00,USD,eBay,unknown,FALSE,,,Pokemon TCG Typhlosion 17/111 Neo Genesis Holo Rare 1st Edition PSA 8 17/111,https://www.ebay.es/itm/227453890535,PriceCharting
Neo Genesis,Typhlosion,17/111,1st Edition,PSA 8,2026-09-22,2000.00,USD,eBay,best offer,TRUE,2000.00,,2000 Pokemon Neo Genesis Typhlosion Holo 1st Edition 17/111 PSA 8 #17,https://www.ebay.es/itm/800658169455,PriceCharting
Neo Genesis,Typhlosion,17/111,1st Edition,PSA 8,2026-09-22,2000.00,USD,eBay,unknown,FALSE,,,2000 POKEMON NEO GENESIS 1ST EDITION #17 TYPHLOSION-HOLO PSA 8 #17,https://www.ebay.es/itm/117375676699,PriceCharting
Neo Genesis,Typhlosion,17/111,1st Edition,PSA 8,2026-09-21,2075.00,USD,eBay,best offer,TRUE,2075.00,,***SWIRL*** Pokemon 1st Edition Typhlosion 17/111 PSA 8 Neo Genesis Holo 17/111,https://www.ebay.es/itm/227231438104,PriceCharting
Neo Genesis,Typhlosion,17/111,1st Edition,PSA 8,2026-09-12,2265.40,USD,eBay,unknown,FALSE,,,2000 POKEMON NEO GENESIS 1ST EDITION #17 TYPHLOSION-HOLO 1ST EDITION PSA 8 #17,https://www.ebay.es/itm/307158156891,PriceCharting
Neo Genesis,Typhlosion,17/111,1st Edition,PSA 8,2026-09-02,1425.00,USD,eBay,unknown,FALSE,,,2000 Pokemon Neo Genesis 1st Edition 17 Typhlosion Holo PSA 8 116565808 17/111,https://www.ebay.es/itm/158222536780,PriceCharting
Neo Genesis,Typhlosion,17/111,1st Edition,PSA 8,2026-08-31,1786.25,USD,eBay,unknown,FALSE,,,Pokémon TCG Typhlosion Neo Genesis Holo 1st Edition PSA 8 #17/111 SWIRL 17/111,https://www.ebay.es/itm/257712214565,PriceCharting
Neo Genesis,Typhlosion,17/111,1st Edition,PSA 8,2026-08-27,1505.88,USD,eBay,unknown,FALSE,,,2000 POKEMON NEO GENESIS 1ST EDITION #17 TYPHLOSION-HOLO PSA 8 #17,https://www.ebay.es/itm/298600156593,PriceCharting
Neo Genesis,Typhlosion,17/111,1st Edition,PSA 8,2026-08-20,1650.00,USD,eBay,unknown,FALSE,,,POKEMON TYPHLOSION-HOLO 2000 NEO GENESIS 1ST ED #17 PSA 8 #17,https://www.ebay.es/itm/227483329099,PriceCharting
Neo Genesis,Typhlosion,17/111,1st Edition,PSA 8,2026-08-12,1487.64,USD,eBay,best offer,TRUE,,,2000 Pokemon Neo Genesis Typhlosion Holo 1st Edition PSA 8 with sexy swirl 17/111,https://www.ebay.es/itm/158108834512,PriceCharting
Neo Genesis,Typhlosion,17/111,1st Edition,PSA 8,2026-08-05,1850.00,USD,eBay,unknown,FALSE,,,Typhlosion 1st Edition 2000 Neo Genesis Holo #17/111 PSA 8 Pokemon Card 17/111,https://www.ebay.es/itm/257657357883,PriceCharting
Neo Genesis,Typhlosion,17/111,1st Edition,PSA 8,2026-07-30,1850.00,USD,eBay,best offer,TRUE,1850.00,,2000 POKEMON NEO GENESIS #17 TYPHLOSION HOLO PSA 8 1ST EDITION 10/111,https://www.ebay.es/itm/327251799944,PriceCharting
Neo Genesis,Typhlosion,17/111,1st Edition,PSA 8,2026-07-27,1300.00,USD,eBay,unknown,FALSE,,,2000 POKEMON NEO GENESIS 1ST EDITION #17 TYPHLOSION-HOLO PSA 8 #17,https://www.ebay.es/itm/137554116585,PriceCharting
Neo Genesis,Typhlosion,17/111,1st Edition,PSA 8,2026-07-27,1733.76,USD,eBay,unknown,FALSE,,,2000 POKEMON NEO GENESIS 1ST EDITION #17 TYPHLOSION-HOLO PSA 8 #17,https://www.ebay.es/itm/307064359732,PriceCharting
Neo Genesis,Typhlosion,17/111,1st Edition,PSA 8,2026-07-12,1650.00,USD,eBay,best offer,TRUE,1650.00,,2000 POKEMON NEO GENESIS 1ST EDITION #17 TYPHLOSION-HOLO PSA 8 #17,https://www.ebay.es/itm/307050883293,PriceCharting
Neo Genesis,Typhlosion,17/111,1st Edition,PSA 8,2026-06-26,1414.86,USD,eBay,best offer,TRUE,,,2000 Pokemon Typhlosion Holo 1st Edition Neo Genesis - #17 - PSA 8 NM-MT,https://www.ebay.es/itm/327231714452,PriceCharting
Neo Genesis,Typhlosion,17/111,1st Edition,PSA 9,2026-09-05,10000.00,USD,eBay,unknown,FALSE,,,Pokemon PSA 9 1st Typhlosion 17/111 Neo Genesis Holo Rare Card Mint 17/111,https://www.ebay.es/itm/168628621466,PriceCharting
Neo Genesis,Typhlosion,17/111,1st Edition,PSA 9,2026-09-01,9200.00,USD,eBay,unknown,FALSE,,,2000 Pokemon Neo Genesis 1st Edition Typhlosion Holo #17/111 PSA 9,https://www.ebay.es/itm/128046273261,PriceCharting
Neo Genesis,Typhlosion,17/111,1st Edition,PSA 9,2026-08-22,8900.00,USD,eBay,unknown,FALSE,,,POKEMON TYPHLOSION-HOLO 2000 NEO GENESIS 1ST ED #17 PSA 9 #17,https://www.ebay.es/itm/800509504596,PriceCharting
Neo Genesis,Typhlosion,17/111,1st Edition,PSA 9,2026-08-16,7600.00,USD,eBay,unknown,FALSE,,,Pokemon Typhlosion Holo Neo Genesis 1st Edition 17/111 PSA 9 Mint 17/111,https://www.ebay.es/itm/287511103083,PriceCharting
Neo Genesis,Typhlosion,17/111,1st Edition,PSA 9,2026-07-23,9100.00,USD,eBay,unknown,FALSE,,,2000 POKEMON NEO GENESIS 1ST EDITION #17 TYPHLOSION-HOLO PSA 9 #17,https://www.ebay.es/itm/298503512295,PriceCharting
Neo Genesis,Typhlosion,17/111,1st Edition,PSA 9,2026-06-23,8800.00,USD,eBay,unknown,FALSE,,,2000 POKEMON NEO GENESIS 1ST EDITION #17 TYPHLOSION-HOLO PSA 9 #17,https://www.ebay.es/itm/298412592248,PriceCharting
Neo Genesis,Typhlosion,17/111,1st Edition,PSA 9,2026-06-18,7500.00,USD,eBay,unknown,FALSE,,,2000 POKEMON NEO GENESIS 1ST ED #17 TYPHLOSION-HOLO PSA 9 #17,https://www.ebay.es/itm/306856220295,PriceCharting
Neo Genesis,Typhlosion,17/111,1st Edition,PSA 9,2026-06-05,8000.00,USD,eBay,best offer,TRUE,8000.00,,2000 POKEMON NEO GENESIS 1ST EDITION #17 TYPHLOSION-HOLO PSA 9,https://www.ebay.es/itm/800099746845,PriceCharting
Neo Genesis,Typhlosion,17/111,1st Edition,PSA 9,2026-04-20,4250.00,USD,eBay,unknown,FALSE,,,Pokémon Typhlosion TCG 1st Edition Neo Genesis Holo Rare Card 17/111 PSA 9 17/111,https://www.ebay.es/itm/358433479237,PriceCharting
Neo Genesis,Typhlosion,17/111,Unlimited,PSA 8,2026-09-21,500.00,USD,eBay,unknown,FALSE,,,Pokemon Typhlosion Holo Neo Genesis Unlimited 17/111 PSA 8 17/111,https://www.ebay.es/itm/287535022600,PriceCharting
Neo Genesis,Typhlosion,17/111,Unlimited,PSA 8,2026-08-30,320.00,USD,eBay,best offer,TRUE,320.00,,Pokemon Typhlosion Holo Neo Genesis Unlimited 17/111 PSA 8 17/111,https://www.ebay.es/itm/227494199548,PriceCharting
Neo Genesis,Typhlosion,17/111,Unlimited,PSA 8,2026-08-30,310.00,USD,eBay,unknown,FALSE,,,"Pokémon Typhlosion TCG 2000 Neo Genesis Holo Card 17/111 Unlimited Rare, PSA 8 17/111",https://www.ebay.es/itm/158219657040,PriceCharting
Neo Genesis,Typhlosion,17/111,Unlimited,PSA 8,2026-08-28,380.00,USD,eBay,unknown,FALSE,,,Pokemon Typhlosion Neo Genesis Unlimited Holo #17 PSA 8 17/111,https://www.ebay.es/itm/257698591293,PriceCharting
Neo Genesis,Typhlosion,17/111,Unlimited,PSA 8,2026-08-27,314.00,USD,eBay,unknown,FALSE,,,Pokémon TCG Typhlosion Neo Genesis 2000 17/111 Holo Rare PSA 8 #157,https://www.ebay.es/itm/366617185916,PriceCharting
Neo Genesis,Typhlosion,17/111,Unlimited,PSA 8,2026-08-20,338.00,USD,eBay,unknown,FALSE,,,POKEMON TYPHLOSION 2000 NEO GENESIS #17 HOLO PSA 8 #17,https://www.ebay.es/itm/800498598743,PriceCharting
Neo Genesis,Typhlosion,17/111,Unlimited,PSA 8,2026-08-10,310.00,USD,eBay,best offer,TRUE,310.00,,2000 Pokemon Neo Genesis Typhlosion Holo PSA 8 #17 #17,https://www.ebay.es/itm/158164950836,PriceCharting
Neo Genesis,Typhlosion,17/111,Unlimited,PSA 8,2026-08-08,575.00,USD,eBay,best offer,TRUE,575.00,,PSA 8 TYPHLOSION #17 HOLO TAIL/FART SWIRL 🌀 POKEMON 2000 NEO GENESIS HOLO T17 17/111,https://www.ebay.es/itm/318547365643,PriceCharting
Neo Genesis,Typhlosion,17/111,Unlimited,PSA 8,2026-07-29,340.00,USD,eBay,unknown,FALSE,,,PSA 8 TYPHLOSION HOLO 17 2000 NEO GENESIS POKEMON CARD 17/111,https://www.ebay.es/itm/198532917105,PriceCharting
Neo Genesis,Typhlosion,17/111,Unlimited,PSA 8,2026-07-27,350.00,USD,eBay,unknown,FALSE,,,"Pokémon Typhlosion TCG Neo Genesis Holo Card 17/111 Unlimited Rare, PSA 8 17/111",https://www.ebay.es/itm/407102149943,PriceCharting
Neo Genesis,Typhlosion,17/111,Unlimited,PSA 8,2026-07-26,350.00,USD,eBay,best offer,TRUE,350.00,,2000 Pokemon Neo Genesis Typhlosion Holo #17 PSA 8 17/111,https://www.ebay.es/itm/206439390780,PriceCharting
Neo Genesis,Typhlosion,17/111,Unlimited,PSA 8,2026-07-26,320.00,USD,eBay,best offer,TRUE,320.00,,2000 POKEMON NEO GENESIS #17 TYPHLOSION-HOLO PSA 8 SWIRL 🌀 17/111,https://www.ebay.es/itm/318621559598,PriceCharting
Neo Genesis,Typhlosion,17/111,Unlimited,PSA 8,2026-07-15,339.99,USD,eBay,unknown,FALSE,,,2000 POKEMON NEO GENESIS #17 TYPHLOSION-HOLO PSA 8 W Swirl #17,https://www.ebay.es/itm/206409398601,PriceCharting
Neo Genesis,Typhlosion,17/111,Unlimited,PSA 8,2026-06-30,350.00,USD,eBay,best offer,TRUE,350.00,,2000 POKEMON NEO GENESIS #17 TYPHLOSION-HOLO PSA 8 #17,https://www.ebay.es/itm/117270482097,PriceCharting
Neo Genesis,Typhlosion,17/111,Unlimited,PSA 8,2026-06-20,300.00,USD,eBay,unknown,FALSE,,,Pokemon Typhlosion Holo Neo Genesis Unlimited 17/111 PSA 8 17/111,https://www.ebay.es/itm/287401983938,PriceCharting
Neo Genesis,Typhlosion,17/111,Unlimited,PSA 8,2026-06-19,350.00,USD,eBay,best offer,TRUE,350.00,,2000 POKEMON NEO GENESIS #17 TYPHLOSION-HOLO PSA 8 #17,https://www.ebay.es/itm/298375568657,PriceCharting
Neo Genesis,Typhlosion,17/111,Unlimited,PSA 8,2026-06-15,270.00,USD,eBay,unknown,FALSE,,,2000 POKEMON NEO GENESIS #17 TYPHLOSION-HOLO PSA 8 #17,https://www.ebay.es/itm/117233419912,PriceCharting
Neo Genesis,Typhlosion,17/111,Unlimited,PSA 9,2026-09-07,870.00,USD,eBay,unknown,FALSE,,,2000 POKEMON NEO GENESIS TYPHLOSION HOLO #17 PSA 9 MINT,https://www.ebay.es/itm/298630775669,PriceCharting
Neo Genesis,Typhlosion,17/111,Unlimited,PSA 9,2026-08-17,1175.00,USD,eBay,unknown,FALSE,,,Pokemon 2000 Typhlosion 17/111 Holo Neo Genesis PSA 9 17/111,https://www.ebay.es/itm/407126011798,PriceCharting
Neo Genesis,Typhlosion,17/111,Unlimited,PSA 9,2026-07-30,990.00,USD,eBay,unknown,FALSE,,,PSA 9 - POKEMON - TYPHLOSION 17/111 HOLO - NEO GENESIS 2000 - VINTAGE WOTC 17/111,https://www.ebay.es/itm/287480461155,PriceCharting
Neo Genesis,Typhlosion,17/111,Unlimited,PSA 9,2026-06-15,842.00,USD,eBay,unknown,FALSE,,,Pokemon Typhlosion Neo Genesis Unlimited Holo Rare #17 PSA 9 Mint,https://www.ebay.es/itm/287376182207,PriceCharting
Neo Genesis,Typhlosion,17/111,Unlimited,PSA 9,2026-06-13,790.00,USD,eBay,unknown,FALSE,,,Pokemon Neo Genesis Typhlosion Holo 17/111 Unlimited English PSA 9 (2000) 17/111,https://www.ebay.es/itm/298390177329,PriceCharting
Neo Genesis,Typhlosion,17/111,Unlimited,PSA 9,2026-05-31,1025.00,USD,eBay,unknown,FALSE,,,Pokemon Typhlosion Neo Genesis Unlimited Holo Rare #17 PSA 9 Mint,https://www.ebay.es/itm/287344935389,PriceCharting
Neo Genesis,Typhlosion,17/111,Unlimited,PSA 9,2026-05-05,1100.00,USD,eBay,best offer,TRUE,1100.00,,2000 POKEMON NEO GENESIS #17 TYPHLOSION-HOLO PSA 9 #17,https://www.ebay.es/itm/306915224950,PriceCharting
Neo Genesis,Typhlosion,17/111,Unlimited,PSA 9,2026-04-29,1650.00,USD,eBay,unknown,FALSE,,,2000 POKEMON NEO GENESIS #17 TYPHLOSION-HOLO PSA 9 #17,https://www.ebay.es/itm/257466094480,PriceCharting
Neo Genesis,Typhlosion,17/111,Unlimited,PSA 9,2026-04-16,1350.00,USD,eBay,best offer,TRUE,,,Pokémon Typhlosion 17/111 Neo Genesis Holo Rare PSA 9 Unlimited English 17/111,https://www.ebay.es/itm/358443671417,PriceCharting
Neo Genesis,Typhlosion,17/111,Unlimited,PSA 9,2026-04-09,1499.99,USD,eBay,unknown,FALSE,,,PSA 9 MINT Typhlosion 17/111 HOLO RARE Neo Genesis Pokemon Card,https://www.ebay.es/itm/277875831419,PriceCharting
Neo Genesis,Typhlosion,17/111,Unlimited,PSA 9,2026-01-03,707.00,USD,eBay,unknown,FALSE,,,Typhlosion (17/111) Neo Genesis - PSA 9 Pokémon 2000 Holo ￼ 17/111,https://www.ebay.es/itm/287041417127,PriceCharting
Neo Genesis,Typhlosion,18/111,1st Edition,PSA 8,2026-09-28,480.99,USD,eBay,unknown,FALSE,,,2000 Pokemon Neo Genesis Typhlosion Holo 18/111 1st Edition - PSA 8 - New Cert 18/111,https://www.ebay.es/itm/327367271928,PriceCharting
Neo Genesis,Typhlosion,18/111,1st Edition,PSA 8,2026-09-27,599.00,USD,eBay,unknown,FALSE,,,2000 POKEMON NEO GENESIS 1ST EDITION #18 TYPHLOSION-HOLO PSA 8 #18,https://www.ebay.es/itm/298678402700,PriceCharting
Neo Genesis,Typhlosion,18/111,1st Edition,PSA 8,2026-09-27,497.78,USD,eBay,unknown,FALSE,,,PSA 8 Pokemon Neo Genesis 1st Edition Holo Rare Typhlosion 18/111 NM/MINT!!,https://www.ebay.es/itm/127941591844,PriceCharting
Neo Genesis,Typhlosion,18/111,1st Edition,PSA 8,2026-09-26,496.76,USD,eBay,unknown,FALSE,,,Pokemon TCG: Typhlosion 18/111 - 1st Edition Neo Genesis - PSA 8,https://www.ebay.es/itm/318559024001,PriceCharting
Neo Genesis,Typhlosion,18/111,1st Edition,PSA 8,2026-09-20,486.17,USD,eBay,unknown,FALSE,,,2000 POKEMON NEO GENESIS 1ST EDITION #18/111 TYPHLOSION HOLO RARE PSA 8 18/111,https://www.ebay.es/itm/206551245059,PriceCharting
Neo Genesis,Typhlosion,18/111,1st Edition,PSA 8,2026-09-16,595.00,USD,eBay,unknown,FALSE,,,2000 Pokémon Neo Genesis Typhlosion Holo 18/111 1st Edition PSA 8 18/111,https://www.ebay.es/itm/188939405738,PriceCharting
Neo Genesis,Typhlosion,18/111,1st Edition,PSA 8,2026-09-13,521.19,USD,eBay,unknown,FALSE,,,2000 POKEMON NEO GENESIS 1ST EDITION #18 TYPHLOSION-HOLO 1ST EDITION PSA 8 #18,https://www.ebay.es/itm/307158162367,PriceCharting
Neo Genesis,Typhlosion,18/111,1st Edition,PSA 8,2026-09-11,591.00,USD,eBay,unknown,FALSE,,,2000 POKEMON NEO GENESIS 1ST EDITION #18 TYPHLOSION-HOLO PSA 8,https://www.ebay.es/itm/298640033911,PriceCharting
Neo Genesis,Typhlosion,18/111,1st Edition,PSA 8,2026-09-05,500.00,USD,eBay,best offer,TRUE,500.00,,PSA 8 Typhlosion 18/111 Holo 1st Edition 2000 Neo Genesis Vintage Pokemon Card 18/111,https://www.ebay.es/itm/398286151434,PriceCharting
Neo Genesis,Typhlosion,18/111,1st Edition,PSA 8,2026-09-04,510.00,USD,eBay,unknown,FALSE,,,2000 POKEMON NEO GENESIS 1ST EDITION #18 TYPHLOSION-HOLO PSA 8 #18,https://www.ebay.es/itm/117379634632,PriceCharting
Neo Genesis,Typhlosion,18/111,1st Edition,PSA 8,2026-08-27,505.00,USD,eBay,unknown,FALSE,,,2000 POKEMON NEO GENESIS 1ST EDITION #18 TYPHLOSION-HOLO PSA 8 #18,https://www.ebay.es/itm/307133812164,PriceCharting
Neo Genesis,Typhlosion,18/111,1st Edition,PSA 8,2026-08-03,422.00,USD,eBay,unknown,FALSE,,,TYPHLOSION 2000 POKEMON NEO GENESIS 1ST EDITION RARE HOLO #18 SWIRL! PSA 8 NM-MT #18,https://www.ebay.es/itm/407109377950,PriceCharting
Neo Genesis,Typhlosion,18/111,1st Edition,PSA 8,2026-07-18,504.99,USD,eBay,unknown,FALSE,,,Typhlosion 18/111 1ST EDITION Holo PSA 8 -Neo Genesis - Rare Pokémon Card 18/111,https://www.ebay.es/itm/188548171514,PriceCharting
Neo Genesis,Typhlosion,18/111,1st Edition,PSA 8,2026-07-13,440.00,USD,eBay,unknown,FALSE,,,159763669 Typhlosion 2000 Pokemon Neo Genesis 1st Edition #18 Holo PSA 8 18/111,https://www.ebay.es/itm/158049106054,PriceCharting
Neo Genesis,Typhlosion,18/111,1st Edition,PSA 8,2026-06-27,350.00,USD,eBay,best offer,TRUE,,,Typhlosion 18/111 1st Edition PSA 8 -Neo Genesis - Holo Pokémon CRACK IN SLAB 18/111,https://www.ebay.es/itm/168496468904,PriceCharting
Neo Genesis,Typhlosion,18/111,1st Edition,PSA 8,2026-06-27,476.63,USD,eBay,best offer,TRUE,,,Typhlosion 18/111 1st Edition PSA 8 -Neo Genesis - Rare Holo Pokémon Card Swirl,https://www.ebay.es/itm/287361601980,PriceCharting
Neo Genesis,Typhlosion,18/111,1st Edition,PSA 8,2026-06-15,412.25,USD,eBay,unknown,FALSE,,,TYPHLOSION 2000 Pokemon Neo Genesis 1st Edition Holo PSA 8 NM #18,https://www.ebay.es/itm/318445646246,PriceCharting
Neo Genesis,Typhlosion,18/111,1st Edition,PSA 8,2026-06-12,499.99,USD,eBay,unknown,FALSE,,,PSA 8 Pokemon Neo Genesis 1st Edition Holo Rare Typhlosion 18/111 NM/MINT!!,https://www.ebay.es/itm/336593384688,PriceCharting
Neo Genesis,Typhlosion,18/111,1st Edition,PSA 8,2026-06-11,400.00,USD,eBay,unknown,FALSE,,,POKEMON TYPHLOSION-HOLO 2000 NEO GENESIS 1ST EDITION #18 PSA 8 #18,https://www.ebay.es/itm/800119674392,PriceCharting
Neo Genesis,Typhlosion,18/111,1st Edition,PSA 8,2026-06-10,400.00,USD,eBay,unknown,FALSE,,,2000 POKEMON NEO GENESIS 1ST EDITION #18 TYPHLOSION-HOLO PSA 8 #18,https://www.ebay.es/itm/278072900072,PriceCharting
Neo Genesis,Typhlosion,18/111,1st Edition,PSA 8,2026-06-10,410.00,USD,eBay,unknown,FALSE,,,2000 POKEMON NEO GENESIS 1ST EDITION #18 TYPHLOSION-HOLO PSA 8 #18,https://www.ebay.es/itm/117227065291,PriceCharting
Neo Genesis,Typhlosion,18/111,1st Edition,PSA 8,2026-06-08,375.00,USD,eBay,unknown,FALSE,,,2000 POKEMON NEO GENESIS 1ST EDITION #18 TYPHLOSION-HOLO PSA 8 #18,https://www.ebay.es/itm/298366005447,PriceCharting
Neo Genesis,Typhlosion,18/111,1st Edition,PSA 8,2026-06-08,415.00,USD,eBay,unknown,FALSE,,,Pokemon Typhlosion Neo Genesis 1st Edition Holo Rare #18 PSA 8,https://www.ebay.es/itm/287361552017,PriceCharting
Neo Genesis,Typhlosion,18/111,1st Edition,PSA 8,2026-06-07,335.00,USD,eBay,unknown,FALSE,,,PSA 8 Pokemon Neo Genesis 1st Edition Holo Rare Typhlosion 18/111 NM/MINT!! 18/111,https://www.ebay.es/itm/406967556915,PriceCharting
Neo Genesis,Typhlosion,18/111,1st Edition,PSA 8,2026-06-06,366.50,USD,eBay,best offer,TRUE,,,TYPHLOSION 2000 Pokemon Neo Genesis 1st Edition Holo PSA 8 NM #18,https://www.ebay.es/itm/318310290709,PriceCharting
Neo Genesis,Typhlosion,18/111,1st Edition,PSA 8,2026-05-31,450.69,USD,eBay,unknown,FALSE,,,2000 POKEMON NEO GENESIS 1ST EDITION #18 TYPHLOSION-HOLO PSA 8 #18,https://www.ebay.es/itm/287349488677,PriceCharting
Neo Genesis,Typhlosion,18/111,1st Edition,PSA 8,2026-05-26,698.67,USD,eBay,unknown,FALSE,,,2000 POKEMON NEO GENESIS 1ST EDITION #18 TYPHLOSION-HOLO PSA 8 #18,https://www.ebay.es/itm/298317999067,PriceCharting
Neo Genesis,Typhlosion,18/111,1st Edition,PSA 9,2026-09-28,1410.00,USD,eBay,unknown,FALSE,,,Pokemon 2000 Typhlosion 18/111 1st Edition Holo Neo Genesis PSA 9 18/111,https://www.ebay.es/itm/407225750862,PriceCharting
Neo Genesis,Typhlosion,18/111,1st Edition,PSA 9,2026-09-26,1095.99,USD,eBay,unknown,FALSE,,,PSA 9 Typhlosion 1st Edition - 18/111 - Neo Genesis - Pokemon - Read Description,https://www.ebay.es/itm/287579492509,PriceCharting
Neo Genesis,Typhlosion,18/111,1st Edition,PSA 9,2026-09-23,899.00,USD,eBay,unknown,FALSE,,,Pokemon 2000 Typhlosion 18/111 1st Edition Holo Neo Genesis PSA 9 18/111,https://www.ebay.es/itm/117423093766,PriceCharting
Neo Genesis,Typhlosion,18/111,1st Edition,PSA 9,2026-09-21,895.00,USD,eBay,unknown,FALSE,,,2000 Pokémon Typhlosion #18/111 Neo Genesis Holo 1st Edition PSA 9 MINT #18,https://www.ebay.es/itm/117397668031,PriceCharting
Neo Genesis,Typhlosion,18/111,1st Edition,PSA 9,2026-09-13,1136.00,USD,eBay,unknown,FALSE,,,Pokemon Typhlosion Holo Neo Genesis 1st Edition 18/111 PSA 9 Mint 18/111,https://www.ebay.es/itm/287565390089,PriceCharting
Neo Genesis,Typhlosion,18/111,1st Edition,PSA 9,2026-09-06,959.95,USD,eBay,unknown,FALSE,,,2000 Pokemon Neo Genesis Typhlosion Holo 1st Edition #18 PSA 9,https://www.ebay.es/itm/398352740962,PriceCharting
Neo Genesis,Typhlosion,18/111,1st Edition,PSA 9,2026-09-06,1075.99,USD,eBay,unknown,FALSE,,,2000 POKEMON NEO GENESIS 1ST EDITION #18 TYPHLOSION-HOLO PSA 9 #18,https://www.ebay.es/itm/117380982170,PriceCharting
Neo Genesis,Typhlosion,18/111,1st Edition,PSA 9,2026-09-04,879.13,USD,eBay,unknown,FALSE,,,Typhlosion 18/111 1st Edition PSA 9 Neo Genesis Pokemon Holo,https://www.ebay.es/itm/237035764151,PriceCharting
Neo Genesis,Typhlosion,18/111,1st Edition,PSA 9,2026-08-24,760.00,USD,eBay,unknown,FALSE,,,2000 POKEMON NEO GENESIS 1ST EDITION #18 TYPHLOSION-HOLO PSA 9 *PICS* #18,https://www.ebay.es/itm/307130591697,PriceCharting
Neo Genesis,Typhlosion,18/111,1st Edition,PSA 9,2026-08-20,800.00,USD,eBay,best offer,TRUE,800.00,,2000 Pokemon Neo Genesis 1st Ed Typhlosion Holo #18 PSA 9,https://www.ebay.es/itm/267758425469,PriceCharting
Neo Genesis,Typhlosion,18/111,1st Edition,PSA 9,2026-08-17,736.54,USD,eBay,unknown,FALSE,,,Pokemon Typhlosion Holo Neo Genesis 1st Edition 18/111 PSA 9 Mint 18/111,https://www.ebay.es/itm/287511103209,PriceCharting
Neo Genesis,Typhlosion,18/111,1st Edition,PSA 9,2026-08-16,810.00,USD,eBay,unknown,FALSE,,,Pokemon Typhlosion Holo Neo Genesis 1st Edition 18/111 PSA 9 Mint 18/111,https://www.ebay.es/itm/287511100025,PriceCharting
Neo Genesis,Typhlosion,18/111,1st Edition,PSA 9,2026-08-15,770.00,USD,eBay,unknown,FALSE,,,2000 POKEMON NEO GENESIS TYPHLOSION 1ST EDITION HOLO #18 PSA 9 #18,https://www.ebay.es/itm/206475319983,PriceCharting
Neo Genesis,Typhlosion,18/111,1st Edition,PSA 9,2026-08-12,800.00,USD,eBay,best offer,TRUE,800.00,,2000 POKEMON NEO GENESIS 1ST EDITION #18 TYPHLOSION-HOLO PSA 9 #18,https://www.ebay.es/itm/307122831738,PriceCharting
Neo Genesis,Typhlosion,18/111,1st Edition,PSA 9,2026-08-12,858.00,USD,eBay,unknown,FALSE,,,2000 Pokemon Neo Genesis Typhlosion 18/111 Holo 1st Edition PSA 9 MINT #18,https://www.ebay.es/itm/358888771246,PriceCharting
Neo Genesis,Typhlosion,18/111,1st Edition,PSA 9,2026-08-11,820.99,USD,eBay,unknown,FALSE,,,2000 Pokemon Typhlosion 1st Edition 18/111 Neo Genesis Holo PSA 9 🔥 #18,https://www.ebay.es/itm/198516872733,PriceCharting
Neo Genesis,Typhlosion,18/111,1st Edition,PSA 9,2026-08-09,800.00,USD,eBay,best offer,TRUE,800.00,,2000 POKEMON NEO GENESIS 1ST EDITION #18 TYPHLOSION-HOLO PSA 9 #18,https://www.ebay.es/itm/298539705180,PriceCharting
Neo Genesis,Typhlosion,18/111,1st Edition,PSA 9,2026-08-06,800.00,USD,eBay,unknown,FALSE,,,2000 POKEMON NEO GENESIS 1ST EDITION #18 TYPHLOSION-HOLO PSA 9 #18,https://www.ebay.es/itm/117327797865,PriceCharting
Neo Genesis,Typhlosion,18/111,1st Edition,PSA 9,2026-08-05,700.00,USD,eBay,best offer,TRUE,700.00,,2000 POKEMON NEO GENESIS 1ST EDITION #18 TYPHLOSION-HOLO PSA 9 #18,https://www.ebay.es/itm/307095820948,PriceCharting
Neo Genesis,Typhlosion,18/111,1st Edition,PSA 9,2026-08-03,750.00,USD,eBay,unknown,FALSE,,,2000 POKEMON NEO GENESIS TYPHLOSION 1ST EDITION HOLO #18 PSA 9 #18,https://www.ebay.es/itm/206446194512,PriceCharting
Neo Genesis,Typhlosion,18/111,1st Edition,PSA 9,2026-07-28,800.00,USD,eBay,best offer,TRUE,800.00,,2000 POKEMON NEO GENESIS 1ST EDITION #18 TYPHLOSION-HOLO PSA 9 #18,https://www.ebay.es/itm/307071727873,PriceCharting
Neo Genesis,Typhlosion,18/111,1st Edition,PSA 9,2026-07-27,650.00,USD,eBay,best offer,TRUE,650.00,,2000 Pokemon TCG Neo Genesis Typhlosion Holo 1st Edition 18/111 PSA 9 18/111,https://www.ebay.es/itm/800407233952,PriceCharting
Neo Genesis,Typhlosion,18/111,1st Edition,PSA 9,2026-07-27,881.18,USD,eBay,best offer,TRUE,,,Pokemon PSA 9 Typhlosion #18 1St Edition Holo Neo Genesis 2000 English,https://www.ebay.es/itm/287467794731,PriceCharting
Neo Genesis,Typhlosion,18/111,1st Edition,PSA 10,2026-09-20,10000.00,USD,eBay,best offer,TRUE,10000.00,,2000 POKEMON NEO GENESIS 1ST ED #18 TYPHLOSION-HOLO PSA 10 #18,https://www.ebay.es/itm/198638159585,PriceCharting
Neo Genesis,Typhlosion,18/111,1st Edition,PSA 10,2026-09-06,6975.00,USD,eBay,unknown,FALSE,,,Pokemon Typhlosion Neo Genesis 1st Edition Holo Rare #18 PSA 10 Gem Mint,https://www.ebay.es/itm/287215053795,PriceCharting
Neo Genesis,Typhlosion,18/111,1st Edition,PSA 10,2026-09-03,6851.00,USD,eBay,unknown,FALSE,,,2000 POKEMON NEO GENESIS 1ST EDITION #18 TYPHLOSION-HOLO PSA 10 LOW POP,https://www.ebay.es/itm/377449420475,PriceCharting
Neo Genesis,Typhlosion,18/111,1st Edition,PSA 10,2026-09-01,5694.70,USD,eBay,best offer,TRUE,,,2000 Pokemon TYPHLOSION #18/111 Neo Genesis 1st Edition Cosmos Holo Rare PSA 10 18/111,https://www.ebay.es/itm/318728857494,PriceCharting
Neo Genesis,Typhlosion,18/111,1st Edition,PSA 10,2026-09-01,6000.00,USD,eBay,unknown,FALSE,,,2000 Pokemon Neo Genesis 1st Edition Typhlosion Holo #18/111 PSA 10 GEM MINT,https://www.ebay.es/itm/128046273386,PriceCharting
Neo Genesis,Typhlosion,18/111,1st Edition,PSA 10,2026-07-24,6000.00,USD,eBay,unknown,FALSE,,,2000 Pokemon TYPHLOSION #18/111 Neo Genesis 1st Edition Cosmos Holo Rare PSA 10 18/111,https://www.ebay.es/itm/307064769959,PriceCharting
Neo Genesis,Typhlosion,18/111,1st Edition,PSA 10,2026-07-05,6000.00,USD,eBay,unknown,FALSE,,,2000 POKEMON NEO GENESIS 1ST EDITION #18 TYPHLOSION-HOLO PSA 10 #18,https://www.ebay.es/itm/307003190182,PriceCharting
Neo Genesis,Typhlosion,18/111,1st Edition,PSA 10,2026-06-21,5400.00,USD,eBay,unknown,FALSE,,,Pokemon Typhlosion Neo Genesis 1st Edition Holo Rare #18 PSA 10 Gem Mint,https://www.ebay.es/itm/287384725418,PriceCharting
Neo Genesis,Typhlosion,18/111,1st Edition,PSA 10,2026-06-11,6000.00,USD,eBay,unknown,FALSE,,,Pokemon Typhlosion Neo Genesis 1st Edition Holo Rare #18 PSA 10 Gem Mint,https://www.ebay.es/itm/287232988396,PriceCharting
Neo Genesis,Typhlosion,18/111,1st Edition,PSA 10,2026-06-11,5500.00,USD,eBay,best offer,TRUE,5500.00,,2000 POKEMON NEO GENESIS 1ST EDITION #18 TYPHLOSION-HOLO PSA 10 #18,https://www.ebay.es/itm/306934866447,PriceCharting
Neo Genesis,Typhlosion,18/111,1st Edition,PSA 10,2026-04-20,5100.00,USD,eBay,unknown,FALSE,,,PSA 10 GEM MINT Typhlosion 18/111 HOLO RARE Neo Genesis 1ST EDITION Pokemon Card #18,https://www.ebay.es/itm/358433506295,PriceCharting
Neo Genesis,Typhlosion,18/111,1st Edition,PSA 10,2026-04-19,5100.00,USD,eBay,unknown,FALSE,,,Pokemon Typhlosion Neo Genesis 1st Edition Holo Rare #18 PSA 10 Gem Mint,https://www.ebay.es/itm/287265142249,PriceCharting
Neo Genesis,Typhlosion,18/111,1st Edition,PSA 10,2026-04-09,5850.00,USD,eBay,best offer,TRUE,5850.00,,2000 POKEMON NEO GENESIS 1ST ED #18 TYPHLOSION-HOLO PSA 10 #18,https://www.ebay.es/itm/336496691299,PriceCharting
Neo Genesis,Typhlosion,18/111,1st Edition,PSA 10,2026-03-04,4474.60,USD,eBay,best offer,TRUE,,,Pokemon Cards: Neo Genesis 1st Edition Rare Holo: Typhlosion 18/111 PSA 10 #18,https://www.ebay.es/itm/317270064459,PriceCharting
Neo Genesis,Typhlosion,18/111,1st Edition,PSA 10,2026-03-02,4351.00,USD,eBay,unknown,FALSE,,,Pokemon Typhlosion Neo Genesis 1st Edition Holo Rare #18 PSA 10 Gem Mint,https://www.ebay.es/itm/287148590435,PriceCharting
Neo Genesis,Typhlosion,18/111,1st Edition,PSA 10,2026-02-19,4649.97,USD,eBay,unknown,FALSE,,,Pokemon Typhlosion Neo Genesis 1st Edition Holo Rare #18 PSA 10 Gem Mint #18,https://www.ebay.es/itm/287111608504,PriceCharting
Neo Genesis,Typhlosion,18/111,1st Edition,PSA 10,2026-02-19,4500.00,USD,eBay,unknown,FALSE,,,2000 POKEMON NEO GENESIS 1ST ED #18 TYPHLOSION-HOLO PSA 10 #18,https://www.ebay.es/itm/389642624270,PriceCharting
Neo Genesis,Typhlosion,18/111,1st Edition,PSA 10,2026-02-18,4569.00,USD,eBay,unknown,FALSE,,,2000 POKEMON NEO GENESIS 1ST ED #18 TYPHLOSION-HOLO PSA 10 #18,https://www.ebay.es/itm/306776060455,PriceCharting
Neo Genesis,Typhlosion,18/111,1st Edition,PSA 10,2026-01-26,4050.67,USD,eBay,unknown,FALSE,,,Pokemon Typhlosion Neo Genesis 1st Edition Holo Rare #18 PSA 10 Gem Mint,https://www.ebay.es/itm/287077597535,PriceCharting
Neo Genesis,Typhlosion,18/111,1st Edition,PSA 10,2026-01-06,3350.00,USD,eBay,best offer,TRUE,,,Pokémon Neo Genesis 1st Edition #18 Typhlosion Holo PSA 10 18/111,https://www.ebay.es/itm/157533318239,PriceCharting
Neo Genesis,Typhlosion,18/111,1st Edition,PSA 10,2025-12-06,3650.00,USD,eBay,unknown,FALSE,,,2000 POKEMON NEO GENESIS 1ST EDITION #18 TYPHLOSION-HOLO PSA 10 #18,https://www.ebay.es/itm/297797992366,PriceCharting
Neo Genesis,Typhlosion,18/111,1st Edition,PSA 10,2025-11-13,3600.00,USD,eBay,best offer,TRUE,3600.00,,2000 Pokemon Neo Genesis Typhlosion Holo 1st Edition #18 PSA 10 18/111,https://www.ebay.es/itm/197583877252,PriceCharting
Neo Genesis,Typhlosion,18/111,1st Edition,PSA 10,2025-11-10,2700.00,USD,eBay,unknown,FALSE,,,Pokemon Typhlosion Neo Genesis 1st Edition Holo Rare #18 PSA 10 Gem Mint,https://www.ebay.es/itm/286909620571,PriceCharting
Neo Genesis,Typhlosion,18/111,1st Edition,PSA 10,2025-10-26,3285.00,USD,eBay,best offer,TRUE,,,Pokémon Typhlosion TCG Neo Genesis 18 Holo 1st Edition Psa 10 18/111,https://www.ebay.es/itm/127427649827,PriceCharting
Neo Genesis,Typhlosion,18/111,1st Edition,PSA 10,2025-07-31,2325.00,USD,eBay,unknown,FALSE,,,Typhlosion 18/111 Neo Genesis 1st Edition Holo Rare Pokemon Card PSA 10 GEM MINT 18/111,https://www.ebay.es/itm/146695362643,PriceCharting
Neo Genesis,Typhlosion,18/111,1st Edition,PSA 10,2025-03-14,2599.99,USD,eBay,unknown,FALSE,,,Pokemon Typhlosion 18/111 1st Edition PSA 10 Neo Genesis Holo 2000 First Edition 18/111,https://www.ebay.es/itm/116504747981,PriceCharting
Neo Genesis,Typhlosion,18/111,1st Edition,PSA 10,2025-02-24,2050.00,USD,eBay,unknown,FALSE,,,Pokemon Typhlosion Neo Genesis 1st Edition Holo Rare #18 PSA 10 Gem Mint,https://www.ebay.es/itm/286330316690,PriceCharting
Neo Genesis,Typhlosion,18/111,1st Edition,PSA 10,2025-02-04,2500.00,USD,eBay,unknown,FALSE,,,Typhlosion 18/111 Neo Genesis 1st Edition Holo Rare Pokemon Card PSA 10 GEM MINT 18/111,https://www.ebay.es/itm/256802855306,PriceCharting
Neo Genesis,Typhlosion,18/111,1st Edition,PSA 10,2025-01-12,1050.00,USD,eBay,unknown,FALSE,,,Pokemon Typhlosion Neo Genesis 1st Edition Holo Rare #18 PSA 10 Gem Mint #18,https://www.ebay.es/itm/365318624081,PriceCharting
Neo Genesis,Typhlosion,18/111,1st Edition,PSA 10,2025-01-09,1250.00,USD,eBay,unknown,FALSE,,,Pokemon Typhlosion Neo Genesis 1st Edition Holo Rare #18 PSA 10 Gem Mint #18,https://www.ebay.es/itm/365318620014,PriceCharting
Neo Genesis,Typhlosion,18/111,Unlimited,PSA 8,2026-09-17,235.00,USD,eBay,unknown,FALSE,,,TYPHLOSION HOLO 18/111 NEO GENESIS POKEMON PSA 8 18/111,https://www.ebay.es/itm/178362548637,PriceCharting
Neo Genesis,Typhlosion,18/111,Unlimited,PSA 8,2026-09-07,270.00,USD,eBay,unknown,FALSE,,,2000 POKEMON NEO GENESIS #18 TYPHLOSION-HOLO PSA 8 #18,https://www.ebay.es/itm/117383803349,PriceCharting
Neo Genesis,Typhlosion,18/111,Unlimited,PSA 8,2026-09-02,195.00,USD,eBay,unknown,FALSE,,,2000 Pokemon Neo Genesis #18/111 Typhlosion Holo PSA 8,https://www.ebay.es/itm/377447265872,PriceCharting
Neo Genesis,Typhlosion,18/111,Unlimited,PSA 8,2026-08-08,183.50,USD,eBay,unknown,FALSE,,,Pokemon 2000 Typhlosion 18/111 Holo Neo Genesis PSA 8 18/111,https://www.ebay.es/itm/407111786480,PriceCharting
Neo Genesis,Typhlosion,18/111,Unlimited,PSA 8,2026-07-10,240.00,USD,eBay,unknown,FALSE,,,Pokemon TCG Neo Genesis Typhlosion Holo Rare 18/111 PSA 8 Near Mint ✨ 18/111,https://www.ebay.es/itm/278106308977,PriceCharting
Neo Genesis,Typhlosion,18/111,Unlimited,PSA 8,2026-07-10,250.00,USD,eBay,unknown,FALSE,,,Pokemon TCG 2000 Neo Genesis Typhlosion Holo Rare Unlimited 18/111 PSA 8 18/111,https://www.ebay.es/itm/366527384995,PriceCharting
Neo Genesis,Typhlosion,18/111,Unlimited,PSA 8,2026-06-24,227.42,USD,eBay,unknown,FALSE,,,Pokemon PSA 8 Neo Genesis Typhlosion 18/111 Holo Rare Graded Card,https://www.ebay.es/itm/127934630276,PriceCharting
Neo Genesis,Typhlosion,18/111,Unlimited,PSA 8,2026-06-16,228.10,USD,eBay,unknown,FALSE,,,2000 Pokemon Neo Genesis Typhlosion Holo #18/111 PSA 8,https://www.ebay.es/itm/377251242195,PriceCharting
Neo Genesis,Typhlosion,18/111,Unlimited,PSA 8,2026-06-10,200.67,USD,eBay,unknown,FALSE,,,2000 Pokemon Typhlosion Neo genesis Holo Rare 18/111 - PSA 8,https://www.ebay.es/itm/177716014557,PriceCharting
Neo Genesis,Typhlosion,18/111,Unlimited,PSA 8,2026-06-07,178.70,USD,eBay,unknown,FALSE,,,Pokemon PSA 8 Neo Genesis Typhlosion 18/111 Holo Rare Graded Card #18,https://www.ebay.es/itm/188479162076,PriceCharting
Neo Genesis,Typhlosion,18/111,Unlimited,PSA 8,2026-05-21,249.99,USD,eBay,unknown,FALSE,,,2000 Pokémon Neo Genesis Holo Rare Typhlosion 18/111 PSA 8 18/111,https://www.ebay.es/itm/397770831413,PriceCharting
Neo Genesis,Typhlosion,18/111,Unlimited,PSA 8,2026-05-05,200.00,USD,eBay,unknown,FALSE,,,2000 P.M. Neo Genesis Pokémon Typhlosion Holo #18 NM-MT PSA 8 18/111,https://www.ebay.es/itm/358501714507,PriceCharting
Neo Genesis,Typhlosion,18/111,Unlimited,PSA 8,2026-05-05,163.40,USD,eBay,unknown,FALSE,,,2000 Pokemon Neo Genesis Typhlosion Holo #18/111 PSA 8,https://www.ebay.es/itm/377150637180,PriceCharting
Neo Genesis,Typhlosion,18/111,Unlimited,PSA 8,2026-04-29,200.00,USD,eBay,unknown,FALSE,,,2000 P.M. Neo Genesis Pokémon Typhlosion Holo #18 NM-MT PSA 8 18/111,https://www.ebay.es/itm/168330726081,PriceCharting
Neo Genesis,Typhlosion,18/111,Unlimited,PSA 8,2026-04-29,200.00,USD,eBay,unknown,FALSE,,,2000 P.M. Neo Genesis Pokémon Typhlosion Holo #18 NM-MT PSA 8 18/111,https://www.ebay.es/itm/358204440986,PriceCharting
Neo Genesis,Typhlosion,18/111,Unlimited,PSA 8,2026-04-28,142.50,USD,eBay,unknown,FALSE,,,2000 Pokémon Neo Genesis Holo Rare Typhlosion 18/111 PSA 8 18/111,https://www.ebay.es/itm/206236188910,PriceCharting
Neo Genesis,Typhlosion,18/111,Unlimited,PSA 8,2026-04-20,185.50,USD,eBay,unknown,FALSE,,,2000 POKEMON NEO GENESIS #18 TYPHLOSION-HOLO PSA 8 #18,https://www.ebay.es/itm/117134472060,PriceCharting
Neo Genesis,Typhlosion,18/111,Unlimited,PSA 8,2026-04-13,175.00,USD,eBay,unknown,FALSE,,,Pokemon Typhlosion Neo Genesis Unlimited Holo Rare #18 PSA 8,https://www.ebay.es/itm/287264095242,PriceCharting
Neo Genesis,Typhlosion,18/111,Unlimited,PSA 8,2026-04-13,130.50,USD,eBay,unknown,FALSE,,,2000 Pokemon Neo Genesis Holo Typhlosion #18 PSA 8 NM-MT #18,https://www.ebay.es/itm/287249800461,PriceCharting
Neo Genesis,Typhlosion,18/111,Unlimited,PSA 8,2026-04-09,185.00,USD,eBay,unknown,FALSE,,,2000 Pokemon Neo Genesis #18 Typhlosion Holo Unlimited PSA 8 NEW CERT #18,https://www.ebay.es/itm/257353314248,PriceCharting
Neo Genesis,Typhlosion,18/111,Unlimited,PSA 8,2026-04-09,175.00,USD,eBay,unknown,FALSE,,,Pokemon Typhlosion Neo Genesis Unlimited Holo Rare #18 PSA 8,https://www.ebay.es/itm/287182249713,PriceCharting
Neo Genesis,Typhlosion,18/111,Unlimited,PSA 8,2026-04-08,185.00,USD,eBay,unknown,FALSE,,,2000 Pokemon Neo Genesis Typhlosion #18 Holo PSA 8 NM-MT #18,https://www.ebay.es/itm/126923590928,PriceCharting
Neo Genesis,Typhlosion,18/111,Unlimited,PSA 8,2026-04-02,150.00,USD,eBay,unknown,FALSE,,,2000 Pokemon Neo Genesis TYPHLOSION #18 HOLO PSA 8 NM-MT 18/111,https://www.ebay.es/itm/116887131597,PriceCharting
Neo Genesis,Typhlosion,18/111,Unlimited,PSA 8,2026-03-31,140.00,USD,eBay,best offer,TRUE,,,2000 Pokémon Neo Genesis Holo Rare Typhlosion 18/111 PSA 8 18/111,https://www.ebay.es/itm/397664587642,PriceCharting
Neo Genesis,Typhlosion,18/111,Unlimited,PSA 9,2026-09-12,220.00,USD,eBay,best offer,TRUE,220.00,,Pokemon Typhlosion #18/111 Neo Genesis Holo PSA 9 (2000) 18/111,https://www.ebay.es/itm/227518454766,PriceCharting
Neo Genesis,Typhlosion,18/111,Unlimited,PSA 9,2026-09-11,241.50,USD,eBay,unknown,FALSE,,,TYPHLOSION 2000 POKEMON NEO GENESIS 18/111 HOLO PSA 9 Q3963-3 18/111,https://www.ebay.es/itm/278340458651,PriceCharting
Neo Genesis,Typhlosion,18/111,Unlimited,PSA 9,2026-08-30,294.99,USD,eBay,unknown,FALSE,,,Pokemon TCG PSA 9 Typhlosion Holo Rare Unlimited 18/111 Neo Genesis 2000 Eng 18/111,https://www.ebay.es/itm/377444812121,PriceCharting
Neo Genesis,Typhlosion,18/111,Unlimited,PSA 9,2026-08-30,285.00,USD,eBay,unknown,FALSE,,,Pokemon Neo Genesis Typhlosion #18 PSA 9 18/111,https://www.ebay.es/itm/318769051585,PriceCharting
Neo Genesis,Typhlosion,18/111,Unlimited,PSA 9,2026-08-23,289.00,USD,eBay,unknown,FALSE,,,Pokemon Neo Genesis Typhlosion #18 PSA 9 18/111,https://www.ebay.es/itm/147510043639,PriceCharting
Neo Genesis,Typhlosion,18/111,Unlimited,PSA 9,2026-07-26,205.02,USD,eBay,unknown,FALSE,,,2000 Pokemon Neo Genesis #18 Typhlosion HOLO PSA 9 MINT #18,https://www.ebay.es/itm/167663878243,PriceCharting
Neo Genesis,Typhlosion,18/111,Unlimited,PSA 9,2026-07-22,345.00,USD,eBay,unknown,FALSE,,,2000 POKEMON NEO GENESIS #18 TYPHLOSION-HOLO PSA 9 #18,https://www.ebay.es/itm/298503035915,PriceCharting
Neo Genesis,Typhlosion,18/111,Unlimited,PSA 9,2026-06-28,300.00,USD,eBay,best offer,TRUE,,,2000 POKEMON NEO GENESIS #18 TYPHLOSION-HOLO PSA 9 #18,https://www.ebay.es/itm/298449562443,PriceCharting
Neo Genesis,Typhlosion,18/111,Unlimited,PSA 9,2026-06-22,450.00,USD,eBay,unknown,FALSE,,,Pokémon TCG Typhlosion Neo Genesis #18 Holo PSA 9 #18,https://www.ebay.es/itm/358598838011,PriceCharting
Neo Genesis,Typhlosion,18/111,Unlimited,PSA 9,2026-06-17,249.99,USD,eBay,unknown,FALSE,,,2000 POKEMON NEO GENESIS #18 TYPHLOSION-HOLO PSA 9 #18,https://www.ebay.es/itm/206346732702,PriceCharting
Neo Genesis,Typhlosion,18/111,Unlimited,PSA 9,2026-06-12,290.00,USD,eBay,best offer,TRUE,,,2000 POKEMON NEO GENESIS #18 TYPHLOSION-HOLO PSA 9 #18,https://www.ebay.es/itm/117242338266,PriceCharting
Neo Genesis,Typhlosion,18/111,Unlimited,PSA 9,2026-05-28,280.00,USD,eBay,unknown,FALSE,,,113162670 Typhlosion 2000 Pokemon Neo Genesis #18 Holo PSA 9 18/111,https://www.ebay.es/itm/157928021012,PriceCharting
Neo Genesis,Typhlosion,18/111,Unlimited,PSA 9,2026-05-26,270.00,USD,eBay,unknown,FALSE,,,2000 POKEMON NEO GENESIS #18 TYPHLOSION-HOLO PSA 9 #18,https://www.ebay.es/itm/306945185086,PriceCharting
Neo Genesis,Typhlosion,18/111,Unlimited,PSA 9,2026-05-25,275.00,USD,eBay,best offer,TRUE,,,2000 POKEMON NEO GENESIS #18 TYPHLOSION-HOLO PSA 9 #18,https://www.ebay.es/itm/298334598213,PriceCharting
Neo Genesis,Typhlosion,18/111,Unlimited,PSA 9,2026-05-15,300.00,USD,eBay,unknown,FALSE,,,2000 POKEMON NEO GENESIS #18 TYPHLOSION-HOLO PSA 9 #18,https://www.ebay.es/itm/117192002675,PriceCharting
Neo Genesis,Typhlosion,18/111,Unlimited,PSA 9,2026-05-14,300.00,USD,eBay,unknown,FALSE,,,PSA 9 MINT 2000 POKEMON NEO GENESIS TYPHLOSION HOLO CARD 18/111,https://www.ebay.es/itm/374127201582,PriceCharting
Neo Genesis,Typhlosion,18/111,Unlimited,PSA 9,2026-05-12,239.99,USD,eBay,unknown,FALSE,,,2000 POKEMON NEO GENESIS #18 TYPHLOSION-HOLO PSA 9 #18,https://www.ebay.es/itm/137282057679,PriceCharting
Neo Genesis,Typhlosion,18/111,Unlimited,PSA 9,2026-04-20,245.00,USD,eBay,best offer,TRUE,,,2000 Pokemon Neo Genesis Typhlosion-Holo PSA 9 #18,https://www.ebay.es/itm/188225841293,PriceCharting
Neo Genesis,Typhlosion,18/111,Unlimited,PSA 9,2026-03-30,192.50,USD,eBay,unknown,FALSE,,,Pokemon Typhlosion Neo Genesis Unlimited Holo Rare #18 PSA 9 Mint,https://www.ebay.es/itm/287220079460,PriceCharting
Neo Genesis,Typhlosion,18/111,Unlimited,PSA 9,2026-03-29,230.00,USD,eBay,unknown,FALSE,,,2000 POKEMON NEO GENESIS #18 TYPHLOSION-HOLO PSA 9 LOW POP 567 #18,https://www.ebay.es/itm/127773035329,PriceCharting
Neo Genesis,Typhlosion,18/111,Unlimited,PSA 9,2026-03-28,185.00,USD,eBay,best offer,TRUE,,,PSA 9 Mint 2000 Typhlosion Holo #18 Pokémon Card – Neo Genesis,https://www.ebay.es/itm/188174293316,PriceCharting
Neo Genesis,Typhlosion,18/111,Unlimited,PSA 9,2026-03-15,180.00,USD,eBay,best offer,TRUE,,,Pokemon Neo Genesis Typhlosion 18/111 PSA 9 18/111,https://www.ebay.es/itm/206139092927,PriceCharting
Neo Genesis,Typhlosion,18/111,Unlimited,PSA 9,2026-02-21,200.00,USD,eBay,unknown,FALSE,,,PSA 9 MINT Typhlosion Neo Genesis Holo Pokemon 18/111 #18,https://www.ebay.es/itm/188066115852,PriceCharting
Neo Genesis,Typhlosion,18/111,Unlimited,PSA 9,2026-02-20,405.00,USD,eBay,best offer,TRUE,,,2000 POKEMON NEO GENESIS #18 TYPHLOSION-HOLO PSA 9 #18,https://www.ebay.es/itm/116764030139,PriceCharting
Neo Genesis,Typhlosion,18/111,Unlimited,PSA 9,2026-01-26,182.39,USD,eBay,best offer,TRUE,,,2000 Pokémon Typhlosion 18/111 Neo Genesis Holo PSA 9 Unlimited,https://www.ebay.es/itm/397301755338,PriceCharting
Neo Genesis,Typhlosion,18/111,Unlimited,PSA 10,2026-08-30,3521.23,USD,eBay,unknown,FALSE,,,Pokemon Card - PSA 10 Typhlosion 18/111 - Neo Genesis Holo - GEM MT,https://www.ebay.es/itm/287520704171,PriceCharting
Neo Genesis,Typhlosion,18/111,Unlimited,PSA 10,2026-06-23,3500.00,USD,eBay,unknown,FALSE,,,Pokémon TCG Typhlosion Neo Genesis Holo PSA 10 POP 65 18/111,https://www.ebay.es/itm/318276105712,PriceCharting
Neo Genesis,Typhlosion,18/111,Unlimited,PSA 10,2026-04-19,2325.00,USD,eBay,unknown,FALSE,,,Pokemon Typhlosion Neo Genesis Unlimited Holo Rare #18 PSA 10 Gem Mint,https://www.ebay.es/itm/287265142230,PriceCharting
Neo Genesis,Typhlosion,18/111,Unlimited,PSA 10,2026-03-28,3625.34,USD,eBay,best offer,TRUE,,,Pokemon 2000 Neo Genesis Typhlosion 18/111 Holo PSA 10 Gem Mint English,https://www.ebay.es/itm/277770412772,PriceCharting
Neo Genesis,Typhlosion,18/111,Unlimited,PSA 10,2025-12-18,949.99,USD,eBay,unknown,FALSE,,,Pokémon TCG Neo Genesis Typhlosion Holo Rare Card 18/111 Psa 10 18/111,https://www.ebay.es/itm/157533316201,PriceCharting
Neo Genesis,Typhlosion,18/111,Unlimited,PSA 10,2025-11-14,691.42,USD,eBay,unknown,FALSE,,,2000 POKEMON NEO GENESIS #18/111 TYPHLOSION HOLO PSA 10 18/111,https://www.ebay.es/itm/205829653837,PriceCharting
Neo Genesis,Typhlosion,18/111,Unlimited,PSA 10,2025-09-08,710.00,USD,eBay,unknown,FALSE,,,Pokemon Typhlosion Neo Genesis Unlimited Holo Rare #18 PSA 10 Gem Mint,https://www.ebay.es/itm/286791379151,PriceCharting
Neo Genesis,Typhlosion,18/111,Unlimited,PSA 10,2025-08-10,552.07,USD,eBay,unknown,FALSE,,,Pokemon Typhlosion - Neo Genesis - Holo Rare #18 - PSA 10 - Gem Mint,https://www.ebay.es/itm/396926108150,PriceCharting
Neo Genesis,Typhlosion,18/111,Unlimited,PSA 10,2025-04-30,564.17,USD,eBay,unknown,FALSE,,,2000 Pokémon Typhlosion (18/111) Neo Genesis PSA 10,https://www.ebay.es/itm/286512992097,PriceCharting
Neo Genesis,Typhlosion,18/111,Unlimited,PSA 10,2025-03-12,850.00,USD,eBay,unknown,FALSE,,,2000 Pokemon Neo Genesis #18 - Typhlosion - Holo - PSA 10! #18,https://www.ebay.es/itm/365155862950,PriceCharting
Neo Genesis,Typhlosion,18/111,Unlimited,PSA 10,2024-10-11,899.99,USD,eBay,unknown,FALSE,,,2000 Pokemon Neo Genesis #18 - Typhlosion - Holo - PSA 10! #18,https://www.ebay.es/itm/145598899071,PriceCharting
Neo Genesis,Typhlosion,18/111,Unlimited,PSA 10,2024-09-22,355.00,USD,eBay,unknown,FALSE,,,2000 Pokemon Neo Genesis #18 - Typhlosion - Holo - PSA 10! #18,https://www.ebay.es/itm/226359458360,PriceCharting
Neo Genesis,Typhlosion,18/111,Unlimited,PSA 10,2024-07-30,500.00,USD,eBay,unknown,FALSE,,,2000 PSA 10 Vintage Pokémon Neo Genesis HOLO Typhlosion #18 #18,https://www.ebay.es/itm/296593755746,PriceCharting
Neo Genesis,Typhlosion,18/111,Unlimited,PSA 10,2024-06-27,500.00,USD,eBay,unknown,FALSE,,,PSA 10 Vintage Pokémon Neo Genesis Unlimited Typhlosion #18 #18,https://www.ebay.es/itm/176285035855,PriceCharting
Neo Genesis,Typhlosion,18/111,Unlimited,PSA 10,2024-03-25,480.00,USD,eBay,unknown,FALSE,,,2000 Pokemon Neo Genesis 18/111 Typhlosion Holo Rare Pokemon TCG Card PSA 10 18/111,https://www.ebay.es/itm/285764691855,PriceCharting
Neo Genesis,Metal Energy,19/111,1st Edition,PSA 8,2026-08-06,35.00,USD,eBay,unknown,FALSE,,,Pokémon Neo Genesis Metal Energy 19/111 Holo Rare First Edition PSA 8 19/111,https://www.ebay.es/itm/257651406554,PriceCharting
Neo Genesis,Metal Energy,19/111,1st Edition,PSA 8,2026-07-31,47.00,USD,eBay,best offer,TRUE,,,2000 POKEMON NEO GENESIS METAL ENERGY #19 1ST EDITION HOLO PSA 8 #19,https://www.ebay.es/itm/127996099183,PriceCharting
Neo Genesis,Metal Energy,19/111,1st Edition,PSA 8,2026-07-22,51.00,USD,eBay,unknown,FALSE,,,2000 POKEMON NEO GENESIS 1ST EDITION #19 METAL ENERGY-HOLO PSA 8 #19,https://www.ebay.es/itm/307061902825,PriceCharting
Neo Genesis,Metal Energy,19/111,1st Edition,PSA 8,2026-07-21,49.00,USD,eBay,unknown,FALSE,,,Pokemon 1st Edition Neo Genesis Metal Energy Holo Rare 19/111 - PSA 8 - SWIRL 19/111,https://www.ebay.es/itm/389638503299,PriceCharting
Neo Genesis,Metal Energy,19/111,1st Edition,PSA 8,2026-07-16,60.00,USD,eBay,unknown,FALSE,,,PSA 8 NM Metal Energy Holo Neo Genesis 19/111 Pokemon Card 1st Edition 19/111,https://www.ebay.es/itm/358566768653,PriceCharting
Neo Genesis,Metal Energy,19/111,1st Edition,PSA 8,2026-07-03,50.44,USD,eBay,unknown,FALSE,,,2000 Pokemon Neo Genesis 1st Edition #19 Metal Energy Holo PSA 8 NM-MT,https://www.ebay.es/itm/127936337954,PriceCharting
Neo Genesis,Metal Energy,19/111,1st Edition,PSA 8,2026-06-27,47.00,USD,eBay,best offer,TRUE,,,Pokemon 1st Edition Neo Genesis Metal Energy Holo Rare 19/111 - PSA 8 - SWIRL 19/111,https://www.ebay.es/itm/298273408442,PriceCharting
Neo Genesis,Metal Energy,19/111,1st Edition,PSA 8,2026-06-09,36.00,USD,eBay,unknown,FALSE,,,2000 Pokemon Neo Genesis 1st Edition #19 Metal Energy Holo PSA 8 NM-MT,https://www.ebay.es/itm/366448552024,PriceCharting
Neo Genesis,Metal Energy,19/111,1st Edition,PSA 8,2026-06-08,39.00,USD,eBay,unknown,FALSE,,,**SWIRL** 2000 Pokemon Neo Genesis 1st Edition #19 Metal Energy Holo PSA 8 NM-MT #19,https://www.ebay.es/itm/298368993271,PriceCharting
Neo Genesis,Metal Energy,19/111,1st Edition,PSA 8,2026-05-27,45.00,USD,eBay,unknown,FALSE,,,2000 Pokemon Neo Genesis 1st Edition #19 Metal Energy Holo PSA 8 NM-MT,https://www.ebay.es/itm/366419802836,PriceCharting
Neo Genesis,Metal Energy,19/111,1st Edition,PSA 8,2026-05-18,36.79,USD,eBay,unknown,FALSE,,,Pokemon 2000 Metal Energy 19/111 Holo 1st Edition Neo Genesis PSA 8 19/111,https://www.ebay.es/itm/406912284778,PriceCharting
Neo Genesis,Metal Energy,19/111,1st Edition,PSA 8,2026-04-16,43.66,USD,eBay,unknown,FALSE,,,Metal Energy-Holo 2000 Pokemon Neo Genesis 1st Edition #19 1st Edition PSA 8,https://www.ebay.es/itm/396909219957,PriceCharting
Neo Genesis,Metal Energy,19/111,1st Edition,PSA 8,2026-04-14,50.00,USD,eBay,best offer,TRUE,,,2000 POKEMON NEO GENESIS 1ST EDITION #19 METAL ENERGY-HOLO PSA 8 #19,https://www.ebay.es/itm/298226704558,PriceCharting
Neo Genesis,Metal Energy,19/111,1st Edition,PSA 8,2026-03-27,60.00,USD,eBay,unknown,FALSE,,,Metal Energy-Holo 2000 Pokemon Neo Genesis 1st Edition #19 1st Edition PSA 8 #19,https://www.ebay.es/itm/116638347467,PriceCharting
Neo Genesis,Metal Energy,19/111,1st Edition,PSA 8,2026-03-20,54.00,USD,eBay,unknown,FALSE,,,Pokemon Metal Energy Holo 19/111 from Neo Genesis 1st Edition in a PSA 8 !! 19/111,https://www.ebay.es/itm/168200584312,PriceCharting
Neo Genesis,Metal Energy,19/111,1st Edition,PSA 8,2026-02-17,50.00,USD,eBay,unknown,FALSE,,,Pokemon Neo Genesis Metal Energy Holo 1st Edition PSA 8 - new slab 19/111,https://www.ebay.es/itm/187646843035,PriceCharting
Neo Genesis,Metal Energy,19/111,1st Edition,PSA 8,2026-02-11,35.00,USD,eBay,unknown,FALSE,,,2000 Pokemon Neo Genesis 1st Edition #19 Metal Energy-Holo 1st Edition PSA 8 #19,https://www.ebay.es/itm/137016417045,PriceCharting
Neo Genesis,Metal Energy,19/111,1st Edition,PSA 8,2026-02-11,27.45,USD,eBay,unknown,FALSE,,,Metal Energy-Holo 2000 Pokemon Neo Genesis 1st Edition #19 1st Edition PSA 8,https://www.ebay.es/itm/177667695424,PriceCharting
Neo Genesis,Metal Energy,19/111,1st Edition,PSA 8,2026-02-11,27.00,USD,eBay,best offer,TRUE,,,PSA 8 1st Edition Metal Energy Holo #19 Pokemon Neo Genesis 19/111,https://www.ebay.es/itm/306730527549,PriceCharting
Neo Genesis,Metal Energy,19/111,1st Edition,PSA 8,2026-01-11,29.99,USD,eBay,unknown,FALSE,,,2000 Pokemon Neo Genesis 1st Edition #19 Metal Energy-Holo 1st Edition PSA 8 #19,https://www.ebay.es/itm/277606267763,PriceCharting
Neo Genesis,Metal Energy,19/111,1st Edition,PSA 8,2025-12-09,23.50,USD,eBay,unknown,FALSE,,,2000 POKEMON NEO GENESIS 1ST EDITION #19 METAL ENERGY-HOLO PSA 8 #19,https://www.ebay.es/itm/116904262961,PriceCharting
Neo Genesis,Metal Energy,19/111,1st Edition,PSA 8,2025-11-10,29.69,USD,eBay,unknown,FALSE,,,2000 POKEMON NEO GENESIS 1ST EDITION #19 METAL ENERGY-HOLO PSA 8 #19,https://www.ebay.es/itm/306579257990,PriceCharting
Neo Genesis,Metal Energy,19/111,1st Edition,PSA 8,2025-10-21,25.19,USD,eBay,unknown,FALSE,,,2000 Pokemon Neo Genesis 1st Edition #19 Metal Energy Holo PSA 8 NM-MT,https://www.ebay.es/itm/376625028216,PriceCharting
Neo Genesis,Metal Energy,19/111,1st Edition,PSA 9,2026-08-03,100.00,USD,eBay,unknown,FALSE,,,Pokémon Neo Genesis Metal Energy 19/111 Holo Rare First Edition PSA 9 19/111,https://www.ebay.es/itm/358838818703,PriceCharting
Neo Genesis,Metal Energy,19/111,1st Edition,PSA 9,2026-07-31,115.00,USD,eBay,unknown,FALSE,,,2000 POKEMON NEO GENESIS 1ST EDITION #19 METAL ENERGY-HOLO PSA 9 #19,https://www.ebay.es/itm/298548754171,PriceCharting
Neo Genesis,Metal Energy,19/111,1st Edition,PSA 9,2026-06-14,89.00,USD,eBay,unknown,FALSE,,,Pokemon Metal Energy Neo Genesis 1st Edition Holo Rare #19 PSA 9 Mint,https://www.ebay.es/itm/287372420514,PriceCharting
Neo Genesis,Metal Energy,19/111,1st Edition,PSA 9,2026-05-22,109.50,USD,eBay,unknown,FALSE,,,2000 POKEMON NEO GENESIS 1ST EDITION #19 METAL ENERGY-HOLO PSA 9 #19,https://www.ebay.es/itm/298313219054,PriceCharting
Neo Genesis,Metal Energy,19/111,1st Edition,PSA 9,2026-05-13,80.00,USD,eBay,best offer,TRUE,,,2000 POKEMON NEO GENESIS 1ST ED #19 METAL ENERGY-HOLO PSA 9 *small chip in slab* #19,https://www.ebay.es/itm/227340388514,PriceCharting
Neo Genesis,Metal Energy,19/111,1st Edition,PSA 9,2026-04-12,109.02,USD,eBay,unknown,FALSE,,,METAL ENERGY HOLO 1ST EDITION POKEMON 19/111 2000 NEO GENESIS - EN PSA 9,https://www.ebay.es/itm/137179884162,PriceCharting
Neo Genesis,Metal Energy,19/111,1st Edition,PSA 9,2026-04-10,125.00,USD,eBay,unknown,FALSE,,,2000 POKEMON NEO GENESIS 1ST ED #19 METAL ENERGY-HOLO PSA 9 #19,https://www.ebay.es/itm/117134999235,PriceCharting
Neo Genesis,Metal Energy,19/111,1st Edition,PSA 9,2026-03-22,225.50,USD,eBay,unknown,FALSE,,,Pokemon Metal Energy Neo Genesis 1st Edition Holo Rare #19 PSA 9 Mint,https://www.ebay.es/itm/287197976389,PriceCharting
Neo Genesis,Metal Energy,19/111,1st Edition,PSA 9,2026-03-02,85.00,USD,eBay,best offer,TRUE,,,2000 Pokémon Neo Genesis Holo Rare Metal Energy First Edition 19/111 PSA 9 19/111,https://www.ebay.es/itm/397664854021,PriceCharting
Neo Genesis,Metal Energy,19/111,1st Edition,PSA 9,2026-01-27,79.95,USD,eBay,unknown,FALSE,,,2000 WOTC POKEMON NEO GENESIS 1ST EDITION METAL ENERGY 19/111 HOLO RARE PSA 9 19/111,https://www.ebay.es/itm/366155494435,PriceCharting
Neo Genesis,Metal Energy,19/111,1st Edition,PSA 9,2025-11-28,58.12,USD,eBay,unknown,FALSE,,,2000 WOTC POKEMON NEO GENESIS 1ST EDITION METAL ENERGY 19/111 HOLO RARE PSA 9 19/111,https://www.ebay.es/itm/357917581423,PriceCharting
Neo Genesis,Metal Energy,19/111,1st Edition,PSA 9,2025-10-26,94.99,USD,eBay,unknown,FALSE,,,Pokemon Neo Genesis Metal Energy Holo 1st Edition PSA 9 MINT 19/111,https://www.ebay.es/itm/167650785017,PriceCharting
Neo Genesis,Metal Energy,19/111,1st Edition,PSA 9,2025-09-26,89.88,USD,eBay,unknown,FALSE,,,2000 POKEMON NEO GENESIS 1ST EDITION #19 METAL ENERGY-HOLO PSA 9 #19,https://www.ebay.es/itm/306503464997,PriceCharting
Neo Genesis,Metal Energy,19/111,1st Edition,PSA 9,2025-09-20,100.00,USD,eBay,unknown,FALSE,,,2000 POKEMON NEO GENESIS 1ST ED #19 METAL ENERGY-HOLO PSA 9 #19,https://www.ebay.es/itm/116740306563,PriceCharting
Neo Genesis,Metal Energy,19/111,1st Edition,PSA 9,2025-09-15,85.00,USD,eBay,unknown,FALSE,,,Pokemon Metal Energy Neo Genesis 1st Edition Holo Rare #19 PSA 9 Mint,https://www.ebay.es/itm/286799472836,PriceCharting
Neo Genesis,Metal Energy,19/111,1st Edition,PSA 9,2025-08-05,64.12,USD,eBay,unknown,FALSE,,,2000 Pokemon Neo Genesis #19 Metal Energy Holo 1st Edition PSA 9 MINT,https://www.ebay.es/itm/365758856874,PriceCharting
Neo Genesis,Metal Energy,19/111,1st Edition,PSA 9,2025-07-24,84.77,USD,eBay,unknown,FALSE,,,2000 Pokemon Neo Genesis Metal Energy Holo 1st Edition #19 PSA 9 MINT,https://www.ebay.es/itm/388717021446,PriceCharting
Neo Genesis,Metal Energy,19/111,1st Edition,PSA 9,2025-06-16,95.00,USD,eBay,unknown,FALSE,,,PSA 9 MINT Metal Energy 19 Neo Genesis 1st Edition Holo Pokemon Card #19,https://www.ebay.es/itm/146631599753,PriceCharting
Neo Genesis,Metal Energy,19/111,1st Edition,PSA 9,2025-02-05,60.00,USD,eBay,unknown,FALSE,,,2000 Pokemon Neo Genesis 1st Edition #19 Metal Energy-Holo 1st Edition PSA 9 #19,https://www.ebay.es/itm/396177328525,PriceCharting
Neo Genesis,Metal Energy,19/111,1st Edition,PSA 9,2025-01-31,107.50,USD,eBay,unknown,FALSE,,,2000 POKEMON NEO GENESIS 1ST EDITION HOLO #19 METAL ENERGY PSA 9 #19,https://www.ebay.es/itm/306056755153,PriceCharting
Neo Genesis,Metal Energy,19/111,1st Edition,PSA 9,2024-12-12,74.88,USD,eBay,unknown,FALSE,,,2000 Pokemon Neo Genesis 1st Edition #19 Metal Energy Holo PSA 9 MINT,https://www.ebay.es/itm/387692669902,PriceCharting
Neo Genesis,Metal Energy,19/111,1st Edition,PSA 10,2026-04-26,4807.00,USD,eBay,unknown,FALSE,,,Pokemon Metal Energy Neo Genesis 1st Edition Holo Rare #19 PSA 10 Gem Mint,https://www.ebay.es/itm/287278224473,PriceCharting
Neo Genesis,Metal Energy,19/111,1st Edition,PSA 10,2025-12-05,5999.99,USD,eBay,unknown,FALSE,,,Pokemon Metal Energy 1st Edition PSA 10 Gem Mint Holo Neo Genesis 19/111 19/111,https://www.ebay.es/itm/227104833923,PriceCharting
Neo Genesis,Metal Energy,19/111,1st Edition,PSA 10,2025-09-05,2000.00,USD,eBay,unknown,FALSE,,,2000 Pokemon Metal Energy 1st Edition PSA 10 Gem Mint Holo Neo Genesis 19/111 19/111,https://www.ebay.es/itm/226958619924,PriceCharting
Neo Genesis,Metal Energy,19/111,Unlimited,PSA 8,2026-07-12,34.99,USD,eBay,unknown,FALSE,,49815394,Pokemon Neo Genesis METAL ENERGY 19/111 PSA 8 PSA # 49815394 19/111,https://www.ebay.es/itm/298474435596,PriceCharting
Neo Genesis,Metal Energy,19/111,Unlimited,PSA 8,2026-07-09,49.00,USD,eBay,unknown,FALSE,,,Pokemon 2000 Metal Energy 19/111 Holo Neo Genesis PSA 8 19/111,https://www.ebay.es/itm/407060730046,PriceCharting
Neo Genesis,Metal Energy,19/111,Unlimited,PSA 8,2026-07-02,28.14,USD,eBay,unknown,FALSE,,,PSA 8 Pokemon Metal Energy Neo Genesis Holo 19/111,https://www.ebay.es/itm/306989009539,PriceCharting
Neo Genesis,Metal Energy,19/111,Unlimited,PSA 8,2026-04-24,35.00,USD,eBay,unknown,FALSE,,,Pokemon Metal Energy 19/111 Neo Genesis Holo PSA 8 19/111,https://www.ebay.es/itm/318140454156,PriceCharting
Neo Genesis,Metal Energy,19/111,Unlimited,PSA 8,2026-04-18,24.50,USD,eBay,unknown,FALSE,,,PSA 8 - 2000 POKEMON NEO GENESIS #19 METAL ENERGY-HOLO #19,https://www.ebay.es/itm/389882417759,PriceCharting
Neo Genesis,Metal Energy,19/111,Unlimited,PSA 8,2026-04-05,20.00,USD,eBay,unknown,FALSE,,,2000 POKEMON NEO GENESIS #19 METAL ENERGY-HOLO PSA 8 #19,https://www.ebay.es/itm/306846995739,PriceCharting
Neo Genesis,Metal Energy,19/111,Unlimited,PSA 8,2026-03-26,22.50,USD,eBay,unknown,FALSE,,,2000 POKEMON NEO GENESIS #19 METAL ENERGY-HOLO PSA 8 #19,https://www.ebay.es/itm/306828017954,PriceCharting
Neo Genesis,Metal Energy,19/111,Unlimited,PSA 8,2026-02-23,26.00,USD,eBay,unknown,FALSE,,,2000 Pokemon Neo Genesis Metal Energy Holo #19/111 PSA 8,https://www.ebay.es/itm/127690065268,PriceCharting
Neo Genesis,Metal Energy,19/111,Unlimited,PSA 8,2026-01-10,36.00,USD,eBay,unknown,FALSE,,,2000 POKEMON NEO GENESIS #19 METAL ENERGY-HOLO PSA 8 #19,https://www.ebay.es/itm/306682930287,PriceCharting
Neo Genesis,Metal Energy,19/111,Unlimited,PSA 8,2026-01-06,45.00,USD,eBay,best offer,TRUE,,,PSA 8 - Pokemon METAL ENERGY 19/111 - NEO GENESIS - RARE Holographic SWIRL 19/111,https://www.ebay.es/itm/356008075133,PriceCharting
Neo Genesis,Metal Energy,19/111,Unlimited,PSA 8,2025-11-17,23.00,USD,eBay,unknown,FALSE,,,Metal Energy #19 2000 Pokemon Neo Genesis Holo Swirl PSA 8 19/111,https://www.ebay.es/itm/197677583872,PriceCharting
Neo Genesis,Metal Energy,19/111,Unlimited,PSA 8,2025-10-29,21.52,USD,eBay,unknown,FALSE,,,2000 Pokemon TCG - Metal Energy 19/111 - NM PSA 8 - Neo Genesis Holo 19/111,https://www.ebay.es/itm/267444572510,PriceCharting
Neo Genesis,Metal Energy,19/111,Unlimited,PSA 8,2025-07-08,50.00,USD,eBay,unknown,FALSE,,,POKEMON Metal Energy 19/111 Neo Genesis Holo PSA 8!!! 19/111,https://www.ebay.es/itm/396787529029,PriceCharting
Neo Genesis,Metal Energy,19/111,Unlimited,PSA 9,2025-12-15,29.99,USD,eBay,unknown,FALSE,,,2000 POKEMON NEO GENESIS #19 METAL ENERGY-HOLO PSA 9 #19,https://www.ebay.es/itm/116929242145,PriceCharting
Neo Genesis,Metal Energy,19/111,Unlimited,PSA 9,2025-11-17,15.50,USD,eBay,unknown,FALSE,,,Pokemon Metal Energy Neo Genesis Unlimited Holo Rare #19 PSA 9 Mint,https://www.ebay.es/itm/286922256646,PriceCharting
Neo Genesis,Metal Energy,19/111,Unlimited,PSA 9,2025-11-11,90.00,USD,eBay,best offer,TRUE,,,Pokemon PSA 9 Neo Genesis Metal Energy Holo Rare (19/111) MINT,https://www.ebay.es/itm/154428497979,PriceCharting
Neo Genesis,Metal Energy,19/111,Unlimited,PSA 9,2025-10-20,26.00,USD,eBay,unknown,FALSE,,,2000 POKEMON NEO GENESIS #19 METAL ENERGY-HOLO PSA 9 #19,https://www.ebay.es/itm/297671800023,PriceCharting
Neo Genesis,Metal Energy,19/111,Unlimited,PSA 9,2025-10-19,37.00,USD,eBay,unknown,FALSE,,,2000 Pokemon Neo Genesis #19/111 Metal Energy Holo PSA 9 MINT,https://www.ebay.es/itm/376619644646,PriceCharting
Neo Genesis,Metal Energy,19/111,Unlimited,PSA 9,2025-09-05,80.00,USD,eBay,unknown,FALSE,,,2000 METAL ENERGY HOLO RARE NEO GENESIS POKEMON TCG PSA 9 MINT #19/111 19/111,https://www.ebay.es/itm/277350713015,PriceCharting
Neo Genesis,Metal Energy,19/111,Unlimited,PSA 9,2025-05-28,85.00,USD,eBay,unknown,FALSE,,,Pokemon PSA 9 Neo Genesis Metal Energy Holo Rare (19/111) MINT,https://www.ebay.es/itm/404181944321,PriceCharting
Neo Genesis,Metal Energy,19/111,Unlimited,PSA 9,2025-05-01,46.24,USD,eBay,unknown,FALSE,,,2000 Pokemon Neo Genesis Unlimited Holo Metal Energy #19 PSA 9 MINT 0x4u,https://www.ebay.es/itm/236049661342,PriceCharting
Neo Genesis,Metal Energy,19/111,Unlimited,PSA 9,2025-04-04,40.00,USD,eBay,unknown,FALSE,,,Pokemon PSA 9 Neo Genesis Metal Energy Holo Rare (19/111) MINT 19/111,https://www.ebay.es/itm/375629190354,PriceCharting
Neo Genesis,Metal Energy,19/111,Unlimited,PSA 9,2024-11-10,41.90,USD,eBay,unknown,FALSE,,,2000 POKEMON NEO GENESIS #19 METAL ENERGY-HOLO PSA 9,https://www.ebay.es/itm/305876425382,PriceCharting
Neo Genesis,Metal Energy,19/111,Unlimited,PSA 9,2024-10-25,54.99,USD,eBay,unknown,FALSE,,47601439,Pokemon Neo Genesis METAL ENERGY 19/111 PSA 9 PSA # 47601439 19/111,https://www.ebay.es/itm/296753768400,PriceCharting
Neo Genesis,Metal Energy,19/111,Unlimited,PSA 9,2024-08-29,19.36,USD,eBay,unknown,FALSE,,,2000 POKEMON NEO GENESIS #19 METAL ENERGY-HOLO PSA 9,https://www.ebay.es/itm/305738673758,PriceCharting
Neo Genesis,Metal Energy,19/111,Unlimited,PSA 10,2025-08-10,346.00,USD,eBay,unknown,FALSE,,,Pokemon Metal Energy Neo Genesis Unlimited Holo Rare #19 PSA 10 Gem Mint,https://www.ebay.es/itm/286739114209,PriceCharting
Neo Genesis,Metal Energy,19/111,Unlimited,PSA 10,2024-11-22,370.00,USD,eBay,unknown,FALSE,,,2000 Pokemon Neo Genesis #19 Metal Energy Holo PSA 10 Gem Mint 4 MASSIVE SWIRLS #19,https://www.ebay.es/itm/356293391492,PriceCharting
Neo Genesis,Metal Energy,19/111,Unlimited,PSA 10,2024-03-03,370.00,USD,eBay,unknown,FALSE,,,Pokemon Metal Energy Neo Genesis Unlimited Holo Rare #19 PSA 10 Gem Mint,https://www.ebay.es/itm/285731575027,PriceCharting
Team Rocket,Dark Alakazam,1/82,1st Edition,PSA 8,2026-09-13,300.00,USD,eBay,unknown,FALSE,,,Pokemon Dark Alakazam Holo Team Rocket 1 1st Edition PSA 8 #1,https://www.ebay.es/itm/287565390077,PriceCharting
Team Rocket,Dark Alakazam,1/82,1st Edition,PSA 8,2026-09-09,249.99,USD,eBay,unknown,FALSE,,,Dark Alakazam 1st Edition Holo Pokemon Team Rocket 1/82 PSA 8 1/82,https://www.ebay.es/itm/198438259015,PriceCharting
Team Rocket,Dark Alakazam,1/82,1st Edition,PSA 8,2026-09-08,255.00,USD,eBay,best offer,TRUE,,,PSA 8 - Dark Alakazam - #1 - 1st Edition - Holo - Team Rocket - Pokemon Card,https://www.ebay.es/itm/198623203133,PriceCharting
Team Rocket,Dark Alakazam,1/82,1st Edition,PSA 8,2026-09-06,274.99,USD,eBay,unknown,FALSE,,,Pokemon Dark Alakazam 1/82 Team Rocket 1st Edition Holo Rare - PSA 8 NM-MT 1/82,https://www.ebay.es/itm/366630701722,PriceCharting
Team Rocket,Dark Alakazam,1/82,1st Edition,PSA 8,2026-09-05,225.00,USD,eBay,best offer,TRUE,,,Pokemon TCG 2000 Team Rocket Dark Alakazam Holo 1st Ed #1/82 PSA 8 1/82,https://www.ebay.es/itm/287482054641,PriceCharting
Team Rocket,Dark Alakazam,1/82,1st Edition,PSA 8,2026-08-29,249.99,USD,eBay,unknown,FALSE,,,Dark Alakazam Holo 1/82 1st Edition Team Rocket Pokemon English SWIRL PSA 8 NM #1,https://www.ebay.es/itm/287543275469,PriceCharting
Team Rocket,Dark Alakazam,1/82,1st Edition,PSA 8,2026-08-23,226.29,USD,eBay,best offer,TRUE,,,Dark Alakazam #1/82 Team Rocket 1st Edition Pokemon 2000 PSA 8 1/82,https://www.ebay.es/itm/407161063746,PriceCharting
Team Rocket,Dark Alakazam,1/82,1st Edition,PSA 8,2026-08-18,249.99,USD,eBay,unknown,FALSE,,,Dark Alakazam Holo 1/82 1st Edition Team Rocket Pokemon English SWIRL PSA 8 NM #1,https://www.ebay.es/itm/188807702488,PriceCharting
Team Rocket,Dark Alakazam,1/82,1st Edition,PSA 8,2026-08-10,275.00,USD,eBay,unknown,FALSE,,,Pokemon Dark Alakazam Holo Team Rocket 1 1st Edition PSA 8 #1,https://www.ebay.es/itm/287491503069,PriceCharting
Team Rocket,Dark Alakazam,1/82,1st Edition,PSA 8,2026-08-08,204.50,USD,eBay,unknown,FALSE,,,Pokemon TCG 2000 Team Rocket Dark Alakazam Holo 1st Ed #1/82 PSA 8 1/82,https://www.ebay.es/itm/128006088722,PriceCharting
Team Rocket,Dark Alakazam,1/82,1st Edition,PSA 8,2026-07-24,215.37,USD,eBay,unknown,FALSE,,,2000 POKEMON TEAM ROCKET DARK ALAKAZAM #1/82 1ST EDITION RARE HOLO FOIL PSA 8 1/82,https://www.ebay.es/itm/358792044332,PriceCharting
Team Rocket,Dark Alakazam,1/82,1st Edition,PSA 8,2026-07-18,257.45,USD,eBay,unknown,FALSE,,,2000 POKEMON TEAM ROCKET FIRST EDITION #1/82 DARK ALAKAZAM HOLO RARE PSA 8 1/82,https://www.ebay.es/itm/206408436491,PriceCharting
Team Rocket,Dark Alakazam,1/82,1st Edition,PSA 8,2026-07-11,230.00,USD,eBay,best offer,TRUE,,,2000 Pokemon Team Rocket Dark Alakazam 1/82 Holo 1st Edition PSA 8 1/82,https://www.ebay.es/itm/358780654236,PriceCharting
Team Rocket,Dark Alakazam,1/82,1st Edition,PSA 8,2026-06-23,250.00,USD,eBay,unknown,FALSE,,,2000 Pokémon Team Rocket Dark Alakazam 1st Edition Holo #1/82 (PSA 8) 1/82,https://www.ebay.es/itm/366483956354,PriceCharting
Team Rocket,Dark Alakazam,1/82,1st Edition,PSA 8,2026-06-21,300.00,USD,eBay,unknown,FALSE,,,2000 Pokémon Team Rocket Dark Alakazam 1st Edition Holo #1/82 (PSA 8) 1/82,https://www.ebay.es/itm/336595598686,PriceCharting
Team Rocket,Dark Alakazam,1/82,1st Edition,PSA 8,2026-06-21,250.00,USD,eBay,unknown,FALSE,,,Pokémon Dark Alakazam 1/82 Team Rocket 1st Edition Holo PSA 8 1/82,https://www.ebay.es/itm/800173097122,PriceCharting
Team Rocket,Dark Alakazam,1/82,1st Edition,PSA 8,2026-06-14,227.50,USD,eBay,unknown,FALSE,,,POKEMON TEAM ROCKET DARK ALAKAZAM HOLO 1ST EDITION PSA 8 1/82,https://www.ebay.es/itm/358642444624,PriceCharting
Team Rocket,Dark Alakazam,1/82,1st Edition,PSA 8,2026-06-12,330.00,USD,eBay,unknown,FALSE,,,Pokémon Dark Alakazam 1/82 Team Rocket 1st Edition Holo PSA 8 60 HP 1/82,https://www.ebay.es/itm/178083633996,PriceCharting
Team Rocket,Dark Alakazam,1/82,1st Edition,PSA 8,2026-06-11,249.00,USD,eBay,unknown,FALSE,,,Pokémon Dark Alakazam 1/82 Team Rocket 1st Edition Holo PSA 8 60 HP 1/82,https://www.ebay.es/itm/168402054336,PriceCharting
Team Rocket,Dark Alakazam,1/82,1st Edition,PSA 9,2026-09-21,405.00,USD,eBay,unknown,FALSE,,,Pokemon Dark Alakazam Holo Team Rocket 1 1st Edition PSA 9 Mint #1,https://www.ebay.es/itm/287575937960,PriceCharting
Team Rocket,Dark Alakazam,1/82,1st Edition,PSA 9,2026-09-07,475.00,USD,eBay,unknown,FALSE,,,Pokémon English Team Rocket 1st Edition PSA 9 Dark Alakazam Holo 1/82 #1,https://www.ebay.es/itm/820061837101,PriceCharting
Team Rocket,Dark Alakazam,1/82,1st Edition,PSA 9,2026-09-07,460.00,USD,eBay,unknown,FALSE,,,Pokemon Dark Alakazam Holo Team Rocket 1 1st Edition PSA 9 Mint #1,https://www.ebay.es/itm/287552954380,PriceCharting
Team Rocket,Dark Alakazam,1/82,1st Edition,PSA 9,2026-08-30,455.91,USD,eBay,unknown,FALSE,,,2000 Pokémon Team Rocket 1st Edition 1/82 Dark Alakazam Holo PSA 9 BIG SWIRL 🌀 1/82,https://www.ebay.es/itm/188828509745,PriceCharting
Team Rocket,Dark Alakazam,1/82,1st Edition,PSA 9,2026-08-30,441.00,USD,eBay,unknown,FALSE,,,2000 Pokemon Team Rocket First Edition Dark Alakazam Holo #1/82 PSA 9,https://www.ebay.es/itm/377444403966,PriceCharting
Team Rocket,Dark Alakazam,1/82,1st Edition,PSA 9,2026-08-24,500.00,USD,eBay,best offer,TRUE,,,Dark Alakazam 1/82 Holo Rare 1st Edition 2000 Pokémon Team Rocket- PSA 9 Mint 1/82,https://www.ebay.es/itm/298560226781,PriceCharting
Team Rocket,Dark Alakazam,1/82,1st Edition,PSA 9,2026-08-24,412.01,USD,eBay,unknown,FALSE,,,Pokemon Dark Alakazam Holo Team Rocket 1 1st Edition PSA 9 Mint #1,https://www.ebay.es/itm/287524901221,PriceCharting
Team Rocket,Dark Alakazam,1/82,1st Edition,PSA 9,2026-08-17,500.00,USD,eBay,best offer,TRUE,,,2000 Pokemon 1st Edition Team Rocket 1/82 Dark Alakazam Holo PSA 9 1/82,https://www.ebay.es/itm/336178445467,PriceCharting
Team Rocket,Dark Alakazam,1/82,1st Edition,PSA 9,2026-08-16,467.00,USD,eBay,unknown,FALSE,,,Pokemon Dark Alakazam Holo Team Rocket 1 1st Edition PSA 9 Mint #1,https://www.ebay.es/itm/287511104815,PriceCharting
Team Rocket,Dark Alakazam,1/82,1st Edition,PSA 9,2026-08-03,495.00,USD,eBay,best offer,TRUE,,,Dark Alakazam 1/82 Holo Rare 1st Edition 2000 Pokémon Team Rocket- PSA 9 Mint 1/82,https://www.ebay.es/itm/298546574664,PriceCharting
Team Rocket,Dark Alakazam,1/82,1st Edition,PSA 9,2026-08-03,430.01,USD,eBay,unknown,FALSE,,,Pokemon TCG 2000 Team Rocket Dark Alakazam 1/82 Holo 1st Edition PSA 9 1/82,https://www.ebay.es/itm/407100855105,PriceCharting
Team Rocket,Dark Alakazam,1/82,1st Edition,PSA 9,2026-07-12,445.00,USD,eBay,best offer,TRUE,,,PSA 9 MINT Dark Alakazam 1 Team Rocket 1st Edition Holo Pokemon Card #1,https://www.ebay.es/itm/147407864803,PriceCharting
Team Rocket,Dark Alakazam,1/82,1st Edition,PSA 9,2026-07-10,430.00,USD,eBay,best offer,TRUE,,,2000 DARK ALAKAZAM TEAM ROCKET HOLO 1ST EDITION #1 PSA 9 MINT POKEMON 1/82,https://www.ebay.es/itm/318538793547,PriceCharting
Team Rocket,Dark Alakazam,1/82,1st Edition,PSA 10,2026-09-20,5250.00,USD,eBay,unknown,FALSE,,,2000 POKEMON ROCKET 1ST EDITION #1 DARK ALAKAZAM-HOLO PSA 10 #1,https://www.ebay.es/itm/117380980921,PriceCharting
Team Rocket,Dark Alakazam,1/82,1st Edition,PSA 10,2026-09-07,4740.00,USD,eBay,unknown,FALSE,,,2000 Pokemon Rocket 1st Edition #1 Dark Alakazam Holo PSA 10 GEM MINT,https://www.ebay.es/itm/377458222535,PriceCharting
Team Rocket,Dark Alakazam,1/82,1st Edition,PSA 10,2026-08-23,4999.99,USD,eBay,unknown,FALSE,,,2000 POKEMON ROCKET 1ST EDITION #1 DARK ALAKAZAM-HOLO PSA 10 #1,https://www.ebay.es/itm/298383874980,PriceCharting
Team Rocket,Dark Alakazam,1/82,1st Edition,PSA 10,2026-08-21,4450.00,USD,eBay,unknown,FALSE,,,2000 Pokemon Rocket 1st Edition #1 Dark Alakazam Holo PSA 10 GEM MINT,https://www.ebay.es/itm/366603636232,PriceCharting
Team Rocket,Dark Alakazam,1/82,1st Edition,PSA 10,2026-08-17,4000.00,USD,eBay,best offer,TRUE,,,2000 POKEMON ROCKET 1ST EDITION #1 DARK ALAKAZAM-HOLO PSA 10 #1,https://www.ebay.es/itm/227474117302,PriceCharting
Team Rocket,Dark Alakazam,1/82,1st Edition,PSA 10,2026-06-15,2950.00,USD,eBay,unknown,FALSE,,,Pokemon Dark Alakazam Team Rocket 1st Edition Holo Rare #1 PSA 10 Gem Mint,https://www.ebay.es/itm/287375965031,PriceCharting
Team Rocket,Dark Alakazam,1/82,1st Edition,PSA 10,2026-06-04,2550.02,USD,eBay,unknown,FALSE,,,2000 Pokemon Team Rocket First Edition Dark Alakazam Holo #1/82 PSA 10 GEM MINT,https://www.ebay.es/itm/377219587511,PriceCharting
Team Rocket,Dark Alakazam,1/82,1st Edition,PSA 10,2026-06-04,2650.00,USD,eBay,unknown,FALSE,,,2000 Pokemon Team Rocket First Edition Dark Alakazam Holo #1/82 PSA 10 GEM MINT,https://www.ebay.es/itm/377219587492,PriceCharting
Team Rocket,Dark Alakazam,1/82,1st Edition,PSA 10,2026-05-25,2763.00,USD,eBay,unknown,FALSE,,,PSA 10 GEM MINT Dark Alakazam 1/82 HOLO Team Rocket 1ST EDITION Pokemon Card 1/82,https://www.ebay.es/itm/178143845070,PriceCharting
Team Rocket,Dark Alakazam,1/82,1st Edition,PSA 10,2026-03-29,4061.00,USD,eBay,unknown,FALSE,,,Pokemon Dark Alakazam Team Rocket 1st Edition Holo Rare #1 PSA 10 Gem Mint,https://www.ebay.es/itm/287214951905,PriceCharting
Team Rocket,Dark Alakazam,1/82,1st Edition,PSA 10,2026-03-29,3673.28,USD,eBay,unknown,FALSE,,,2000 POKEMON ROCKET 1ST EDITION #1 DARK ALAKAZAM HOLO PSA 10 #1,https://www.ebay.es/itm/306835702994,PriceCharting
Team Rocket,Dark Alakazam,1/82,1st Edition,PSA 10,2026-03-13,3550.00,USD,eBay,unknown,FALSE,,,2000 POKEMON ROCKET 1ST EDITION #1 DARK ALAKAZAM-HOLO PSA 10 #1,https://www.ebay.es/itm/298090011852,PriceCharting
Team Rocket,Dark Alakazam,1/82,1st Edition,PSA 10,2026-03-11,3550.00,USD,eBay,unknown,FALSE,,,2000 POKEMON ROCKET 1ST EDITION #1 DARK ALAKAZAM-HOLO PSA 10 #1,https://www.ebay.es/itm/306799841645,PriceCharting
Team Rocket,Dark Alakazam,1/82,1st Edition,PSA 10,2026-03-05,2999.00,USD,eBay,unknown,FALSE,,,PSA 10 1st Edition Dark Alakazam 1/82 Team Rocket Pokemon 2000 SWIRL🌀 1/82,https://www.ebay.es/itm/406724110778,PriceCharting
Team Rocket,Dark Alakazam,1/82,1st Edition,PSA 10,2026-02-21,2600.00,USD,eBay,unknown,FALSE,,,2000 Pokemon Team Rocket 1st Edition Dark Alakazam #1 Holo PSA 10 1/82,https://www.ebay.es/itm/257354805819,PriceCharting
Team Rocket,Dark Alakazam,1/82,1st Edition,PSA 10,2026-01-14,2403.00,USD,eBay,unknown,FALSE,,,2000 Pokemon Team Rocket First Edition Dark Alakazam Holo #1/82 PSA 10,https://www.ebay.es/itm/376847311120,PriceCharting
Team Rocket,Dark Alakazam,1/82,1st Edition,PSA 10,2025-12-19,1924.79,USD,eBay,unknown,FALSE,,,Dark Alakazam Team Rocket 1st Edition Holo PSA 10 Pokemon TCG #1,https://www.ebay.es/itm/397402077457,PriceCharting
Team Rocket,Dark Alakazam,1/82,1st Edition,PSA 10,2025-12-07,4999.99,USD,eBay,unknown,FALSE,,,2000 Pokemon Dark Alakazam Team Rocket 1st Edition Holo PSA 10 - Perfect! #1,https://www.ebay.es/itm/185179470015,PriceCharting
Team Rocket,Dark Alakazam,1/82,1st Edition,PSA 10,2025-11-26,1700.00,USD,eBay,unknown,FALSE,,,Pokemon Dark Alakazam Team Rocket 1st Edition Holo Rare #1 PSA 10 Gem Mint #1,https://www.ebay.es/itm/187763577557,PriceCharting
Team Rocket,Dark Alakazam,1/82,1st Edition,PSA 10,2025-11-21,1825.00,USD,eBay,unknown,FALSE,,,Pokemon Dark Alakazam Team Rocket 1st Edition Holo Rare #1 PSA 10 Gem Mint #1,https://www.ebay.es/itm/187747411976,PriceCharting
Team Rocket,Dark Alakazam,1/82,1st Edition,PSA 10,2025-11-16,1800.00,USD,eBay,unknown,FALSE,,,Pokemon Dark Alakazam Team Rocket 1st Edition Holo Rare #1 PSA 10 Gem Mint #1,https://www.ebay.es/itm/187731983911,PriceCharting
Team Rocket,Dark Alakazam,1/82,1st Edition,PSA 10,2025-09-03,1999.99,USD,eBay,unknown,FALSE,,,Pokemon Dark Alakazam Team Rocket 1st Edition Holo SWIRL Rare #1 PSA 10 Gem Mint #1,https://www.ebay.es/itm/167739708457,PriceCharting
Team Rocket,Dark Alakazam,1/82,1st Edition,PSA 10,2025-08-25,2025.00,USD,eBay,unknown,FALSE,,,Pokemon Dark Alakazam Team Rocket 1st Edition Holo Rare #1 PSA 10 Gem Mint,https://www.ebay.es/itm/286766047703,PriceCharting
Team Rocket,Dark Alakazam,1/82,1st Edition,PSA 10,2025-07-21,1490.00,USD,eBay,unknown,FALSE,,,Pokemon Dark Alakazam Team Rocket 1st Edition Holo Rare #1 PSA 10 Gem Mint,https://www.ebay.es/itm/286606938173,PriceCharting
Team Rocket,Dark Alakazam,1/82,1st Edition,PSA 10,2025-06-16,1357.00,USD,eBay,unknown,FALSE,,,2000 Pokemon Team Rocket First Edition Dark Alakazam Holo #1/82 PSA 10,https://www.ebay.es/itm/127168222326,PriceCharting
Team Rocket,Dark Alakazam,1/82,1st Edition,PSA 10,2025-05-05,1481.00,USD,eBay,unknown,FALSE,,,2000 Pokemon Team Rocket #1 Dark Alakazam Holo 1st Edition PSA 10 GEM MINT,https://www.ebay.es/itm/388332106799,PriceCharting
Team Rocket,Dark Alakazam,1/82,1st Edition,PSA 10,2025-04-14,1000.00,USD,eBay,unknown,FALSE,,,Pokemon Dark Alakazam Team Rocket 1st Edition Holo Rare #1 PSA 10 Gem Mint #1,https://www.ebay.es/itm/388250910126,PriceCharting
Team Rocket,Dark Alakazam,1/82,1st Edition,PSA 10,2025-04-13,1188.00,USD,eBay,unknown,FALSE,,,Pokemon Dark Alakazam Team Rocket 1st Edition Holo Rare #1 PSA 10 Gem Mint,https://www.ebay.es/itm/286461314192,PriceCharting
Team Rocket,Dark Alakazam,1/82,Unlimited,PSA 8,2026-09-22,85.49,USD,eBay,unknown,FALSE,,,*DMG SLAB* Dark Alakazam #1/82 Holo Team Rocket Unlimited Pokemon 2000 PSA 8 1/82,https://www.ebay.es/itm/398394322375,PriceCharting
Team Rocket,Dark Alakazam,1/82,Unlimited,PSA 8,2026-09-10,120.00,USD,eBay,best offer,TRUE,,,2000 Pokémon Dark Alakazam Holo Team Rocket 1/82 Card PSA 8 NM-MT 1/82,https://www.ebay.es/itm/137702912426,PriceCharting
Team Rocket,Dark Alakazam,1/82,Unlimited,PSA 8,2026-09-09,55.00,USD,eBay,unknown,FALSE,,,The Pokemon Company 2000 Team Rocket Dark Alakazam 1/82 English PSA 8 Holo 1/82,https://www.ebay.es/itm/298659741333,PriceCharting
Team Rocket,Dark Alakazam,1/82,Unlimited,PSA 8,2026-09-03,134.99,USD,eBay,unknown,FALSE,,,2000 Pokémon Dark Alakazam Holo Team Rocket 1/82 Card PSA 8 NM-MT 1/82,https://www.ebay.es/itm/158010836207,PriceCharting
Team Rocket,Dark Alakazam,1/82,Unlimited,PSA 8,2026-08-30,65.00,USD,eBay,unknown,FALSE,,,Pokémon TCG Team Rocket Dark Alakazam Holo Rare 1/82 2000 English PSA 8 1/82,https://www.ebay.es/itm/318769325485,PriceCharting
Team Rocket,Dark Alakazam,1/82,Unlimited,PSA 8,2026-07-31,150.00,USD,eBay,unknown,FALSE,,,2000 Pokémon Dark Alakazam Holo Team Rocket 1/82 PSA 8 NEAR MINT - MINT 1/82,https://www.ebay.es/itm/267639707739,PriceCharting
Team Rocket,Dark Alakazam,1/82,Unlimited,PSA 8,2026-07-31,130.49,USD,eBay,unknown,FALSE,,,DARK ALAKAZAM PSA 8 2000 POKEMON TEAM ROCKET #1/82 HOLO 2490 1/82,https://www.ebay.es/itm/188676838937,PriceCharting
Team Rocket,Dark Alakazam,1/82,Unlimited,PSA 8,2026-07-18,148.95,USD,eBay,unknown,FALSE,,,Pokemon Team Rocket Dark Alakazam 1/82 PSA 8,https://www.ebay.es/itm/377253964080,PriceCharting
Team Rocket,Dark Alakazam,1/82,Unlimited,PSA 8,2026-06-27,90.00,USD,eBay,best offer,TRUE,,,Pokemon TCG Dark Alakazam 1/82 Team Rocket Holo Rare English 2000 PSA 8 1/82,https://www.ebay.es/itm/377293704747,PriceCharting
Team Rocket,Dark Alakazam,1/82,Unlimited,PSA 8,2026-06-10,90.00,USD,eBay,best offer,TRUE,,,Dark Alakazam Holo 2000 Pokemon Team Rocket #1 PSA 8 NM-MT Vintage #1,https://www.ebay.es/itm/188491159299,PriceCharting
Team Rocket,Dark Alakazam,1/82,Unlimited,PSA 8,2026-06-08,167.00,USD,eBay,best offer,TRUE,,,2000 POKEMON ROCKET #1 DARK ALAKAZAM-HOLO PSA 8 PERFECT SWIRL #1,https://www.ebay.es/itm/398028276036,PriceCharting
Team Rocket,Dark Alakazam,1/82,Unlimited,PSA 8,2026-06-06,132.00,USD,eBay,unknown,FALSE,,,2000 Pokemon Team Rocket Dark Alakazam Holo PSA 8 #1/82 1/82,https://www.ebay.es/itm/178184458681,PriceCharting
Team Rocket,Dark Alakazam,1/82,Unlimited,PSA 8,2026-06-06,92.89,USD,eBay,unknown,FALSE,,,Dark Alakazam Holo 1/82 PSA8 Team Rocket Pokemon ENG,https://www.ebay.es/itm/800104061042,PriceCharting
Team Rocket,Dark Alakazam,1/82,Unlimited,PSA 8,2026-05-28,100.00,USD,eBay,unknown,FALSE,,,2000 Pokémon Dark Alakazam Holo Team Rocket 1/82 PSA 8-NM 1/82,https://www.ebay.es/itm/800066159013,PriceCharting
Team Rocket,Dark Alakazam,1/82,Unlimited,PSA 8,2026-05-25,100.00,USD,eBay,best offer,TRUE,,,2000 Pokémon Dark Alakazam Holo Team Rocket 1/82 PSA 8-NM 1/82,https://www.ebay.es/itm/406944456584,PriceCharting
Team Rocket,Dark Alakazam,1/82,Unlimited,PSA 8,2026-05-24,124.99,USD,eBay,unknown,FALSE,,,Pokemon Card English - Dark Alakazam Holo #1 - Team Rocket Unlimited - PSA 8 #1,https://www.ebay.es/itm/206290680408,PriceCharting
Team Rocket,Dark Alakazam,1/82,Unlimited,PSA 8,2026-05-22,73.20,USD,eBay,unknown,FALSE,,,Dark Alakazam Holo 1/82 PSA8 Team Rocket Pokemon ENG,https://www.ebay.es/itm/800022885415,PriceCharting
Team Rocket,Dark Alakazam,1/82,Unlimited,PSA 9,2026-09-27,190.50,USD,eBay,unknown,FALSE,,,Pokemon Dark Alakazam Holo Team Rocket Unlimited 1 PSA 9 Mint #1,https://www.ebay.es/itm/287594621973,PriceCharting
Team Rocket,Dark Alakazam,1/82,Unlimited,PSA 9,2026-09-22,192.50,USD,eBay,unknown,FALSE,,,2000 DARK ALAKAZAM HOLO RARE TEAM ROCKET POKEMON PSA 9 MINT #1/82 PSYCHIC SWIRL 1/82,https://www.ebay.es/itm/287588813318,PriceCharting
Team Rocket,Dark Alakazam,1/82,Unlimited,PSA 9,2026-09-20,220.56,USD,eBay,unknown,FALSE,,,PSA 9 DARK ALAKAZAM 1/82 | Team Rocket WOTC Holo Pokemon Card #1,https://www.ebay.es/itm/327343597488,PriceCharting
Team Rocket,Dark Alakazam,1/82,Unlimited,PSA 9,2026-09-09,175.00,USD,eBay,unknown,FALSE,,,Pokemon Team Rocket Dark Alakazam Holo PSA 9 1/82,https://www.ebay.es/itm/147511974362,PriceCharting
Team Rocket,Dark Alakazam,1/82,Unlimited,PSA 9,2026-09-07,182.50,USD,eBay,unknown,FALSE,,,2000 DARK ALAKAZAM HOLO RARE TEAM ROCKET POKEMON PSA 9 MINT #1/82 PSYCHIC SWIRL 1/82,https://www.ebay.es/itm/366638760935,PriceCharting
Team Rocket,Dark Alakazam,1/82,Unlimited,PSA 9,2026-08-10,215.00,USD,eBay,best offer,TRUE,,,Pokemon Team Rocket Dark Alakazam Holo Rare 01/82 PSA 9 2000 English Unlimited,https://www.ebay.es/itm/267743157099,PriceCharting
Team Rocket,Dark Alakazam,1/82,Unlimited,PSA 9,2026-08-08,204.19,USD,eBay,unknown,FALSE,,,Pokemon 2000 Dark Alakazam 1/82 Holo Team Rocket PSA 9 1/82,https://www.ebay.es/itm/407111803906,PriceCharting
Team Rocket,Dark Alakazam,1/82,Unlimited,PSA 9,2026-06-29,270.00,USD,eBay,unknown,FALSE,,,Pokemon Team Rocket Dark Alakazam Holo Rare 01/82 PSA 9 2000 English Unlimited 1/82,https://www.ebay.es/itm/227396292436,PriceCharting
Team Rocket,Dark Alakazam,1/82,Unlimited,PSA 9,2026-06-25,188.50,USD,eBay,unknown,FALSE,,,2000 Pokemon Team Rocket Dark Alakazam Holo #1/82 PSA 9,https://www.ebay.es/itm/127931249192,PriceCharting
Team Rocket,Dark Alakazam,1/82,Unlimited,PSA 9,2026-05-30,268.15,USD,eBay,unknown,FALSE,,,Pokemon Card Dark Alakazam Holo Unlimited 1/82 Team Rocket ENG Mint PSA 9,https://www.ebay.es/itm/146687294049,PriceCharting
Team Rocket,Dark Alakazam,1/82,Unlimited,PSA 9,2026-05-24,185.00,USD,eBay,unknown,FALSE,,,2000 Pokemon Team Rocket 1/82 Dark Alakazam Holo PSA 9 1/82,https://www.ebay.es/itm/157919480994,PriceCharting
Team Rocket,Dark Alakazam,1/82,Unlimited,PSA 9,2026-05-07,219.99,USD,eBay,unknown,FALSE,,,DARK ALAKAZAM 2000 Pokemon Team Rocket #1/82 Holo PSA 9 #1,https://www.ebay.es/itm/206254916902,PriceCharting
Team Rocket,Dark Alakazam,1/82,Unlimited,PSA 9,2026-05-07,285.00,USD,eBay,best offer,TRUE,,,2000 Pokemon Team Rocket 1/82 Dark Alakazam Holo PSA 9 1/82,https://www.ebay.es/itm/198328641426,PriceCharting
Team Rocket,Dark Alakazam,1/82,Unlimited,PSA 9,2026-04-19,202.73,USD,eBay,unknown,FALSE,,,Pokemon Card Dark Alakazam 1/82 Team Rocket Set Rare Holo WOTC PSA 9 MINT 1/82,https://www.ebay.es/itm/267593894177,PriceCharting
Team Rocket,Dark Alakazam,1/82,Unlimited,PSA 9,2026-04-16,227.50,USD,eBay,unknown,FALSE,,,DARK ALAKAZAM 2000 Pokemon Team Rocket #1/82 Holo PSA 9 #1,https://www.ebay.es/itm/327057561663,PriceCharting
Team Rocket,Dark Alakazam,1/82,Unlimited,PSA 9,2026-04-12,142.05,USD,eBay,best offer,TRUE,,,Dark Alakazam 1/82 Team Rocket Holo *1 SWIRL* 2000 Pokemon Card PSA 9 MINT 1/82,https://www.ebay.es/itm/267634278721,PriceCharting
Team Rocket,Dark Alakazam,1/82,Unlimited,PSA 9,2026-04-06,142.50,USD,eBay,unknown,FALSE,,,Pokemon Dark Alakazam Team Rocket Unlimited Holo Rare #1 PSA 9 Mint,https://www.ebay.es/itm/287233336460,PriceCharting
Team Rocket,Dark Alakazam,1/82,Unlimited,PSA 10,2026-09-01,4999.99,USD,eBay,unknown,FALSE,,,2000 POKEMON ROCKET #1 DARK ALAKAZAM-HOLO PSA 10 #1,https://www.ebay.es/itm/298623888485,PriceCharting
Team Rocket,Dark Alakazam,1/82,Unlimited,PSA 10,2026-04-05,2125.00,USD,eBay,unknown,FALSE,,,Pokemon Dark Alakazam Team Rocket Unlimited Holo Rare #1 PSA 10 Gem Mint,https://www.ebay.es/itm/287237156066,PriceCharting
Team Rocket,Dark Alakazam,1/82,Unlimited,PSA 10,2025-08-18,670.00,USD,eBay,unknown,FALSE,,,Pokemon Dark Alakazam Team Rocket Unlimited Holo Rare #1 PSA 10 Gem Mint,https://www.ebay.es/itm/286752478512,PriceCharting
Team Rocket,Dark Alakazam,1/82,Unlimited,PSA 10,2024-05-03,463.36,USD,eBay,unknown,FALSE,,,PSA 10 Dark Alakazam Holo Team Rocket Pokemon Card 1/82,https://www.ebay.es/itm/266759972055,PriceCharting
Team Rocket,Dark Arbok,2/82,1st Edition,PSA 8,2026-09-27,107.08,USD,eBay,unknown,FALSE,,,Pokemon Tcg Team Rocket Dark Arbok 1st Edition Psa 8 2/82,https://www.ebay.es/itm/137775645300,PriceCharting
Team Rocket,Dark Arbok,2/82,1st Edition,PSA 8,2026-09-17,107.05,USD,eBay,unknown,FALSE,,,2000 Pokemon Team Rocket First Edition Dark Arbok Holo #2/82 PSA 8,https://www.ebay.es/itm/267778150005,PriceCharting
Team Rocket,Dark Arbok,2/82,1st Edition,PSA 8,2026-09-09,112.50,USD,eBay,unknown,FALSE,,,2000 Pokemon Team Rocket First Edition Dark Arbok Holo #2/82 PSA 8,https://www.ebay.es/itm/377466414822,PriceCharting
Team Rocket,Dark Arbok,2/82,1st Edition,PSA 8,2026-09-02,125.95,USD,eBay,unknown,FALSE,,,Pokemon Team Rocket 1st Edition Dark Arbok 2/82 PSA 8,https://www.ebay.es/itm/398053788949,PriceCharting
Team Rocket,Dark Arbok,2/82,1st Edition,PSA 8,2026-08-30,99.99,USD,eBay,unknown,FALSE,,,2000 Pokemon Team Rocket Dark Arbok Holo 1st Edition PSA 8 NM--MT 2/82,https://www.ebay.es/itm/117352818579,PriceCharting
Team Rocket,Dark Arbok,2/82,1st Edition,PSA 8,2026-08-24,127.50,USD,eBay,unknown,FALSE,,,Pokemon 1st Edition Holo Dark Arbok #2 | PSA 8 NM - Mint | Team Rocket Set 2000 #2,https://www.ebay.es/itm/257689908279,PriceCharting
Team Rocket,Dark Arbok,2/82,1st Edition,PSA 8,2026-08-10,100.00,USD,eBay,unknown,FALSE,,,Pokemon Dark Arbok Team Rocket 2 1st Edition Holo PSA 8 2/82,https://www.ebay.es/itm/278263636339,PriceCharting
Team Rocket,Dark Arbok,2/82,1st Edition,PSA 8,2026-08-07,100.00,USD,eBay,unknown,FALSE,,,2000 Pokemon Team Rocket Dark Arbok Holo 1st Edition PSA 8 2/82,https://www.ebay.es/itm/327298654753,PriceCharting
Team Rocket,Dark Arbok,2/82,1st Edition,PSA 8,2026-08-06,96.00,USD,eBay,unknown,FALSE,,,2000 Pokemon Team Rocket Dark Arbok Holo 1st Edition PSA 8 2/82,https://www.ebay.es/itm/158133259587,PriceCharting
Team Rocket,Dark Arbok,2/82,1st Edition,PSA 8,2026-08-02,115.00,USD,eBay,unknown,FALSE,,,2000 Pokemon Team Rocket Dark Arbok Holo 1st Edition PSA 8 2/82,https://www.ebay.es/itm/147474969823,PriceCharting
Team Rocket,Dark Arbok,2/82,1st Edition,PSA 8,2026-08-01,100.00,USD,eBay,best offer,TRUE,,,2000 Pokemon Team Rocket Dark Arbok Holo 1st Edition PSA 8 2/82,https://www.ebay.es/itm/287482051995,PriceCharting
Team Rocket,Dark Arbok,2/82,1st Edition,PSA 8,2026-07-26,120.00,USD,eBay,unknown,FALSE,,,2000 Pokemon Team Rocket Dark Arbok Holo 1st Edition PSA 8 Swirl 2/82,https://www.ebay.es/itm/257643577351,PriceCharting
Team Rocket,Dark Arbok,2/82,1st Edition,PSA 8,2026-07-19,73.50,USD,eBay,unknown,FALSE,,,Pokemon TCG Dark Arbok 2/82 Team Rocket 1st Edition PSA 8 Holo Eng 60HP 2/82,https://www.ebay.es/itm/407084351519,PriceCharting
Team Rocket,Dark Arbok,2/82,1st Edition,PSA 8,2026-07-18,81.66,USD,eBay,unknown,FALSE,,,2000 POKEMON TEAM ROCKET FIRST EDITION #2/82 DARK ARBOK HOLO RARE PSA 8 2/82,https://www.ebay.es/itm/206408436362,PriceCharting
Team Rocket,Dark Arbok,2/82,1st Edition,PSA 8,2026-07-17,90.00,USD,eBay,best offer,TRUE,,,2000 Pokemon Team Rocket Dark Arbok Holo 1st Edition PSA 8 2/82,https://www.ebay.es/itm/398150794056,PriceCharting
Team Rocket,Dark Arbok,2/82,1st Edition,PSA 8,2026-07-10,90.00,USD,eBay,best offer,TRUE,,,2000 Pokemon Team Rocket Dark Arbok Holo 1st Edition (misprint) PSA 8 2/82,https://www.ebay.es/itm/358772717067,PriceCharting
Team Rocket,Dark Arbok,2/82,1st Edition,PSA 8,2026-06-21,129.99,USD,eBay,unknown,FALSE,,,PSA 8 Pokemon Team Rocket 1st Edition Holo Rare Dark Arbok 2/82 NM/MINT!!,https://www.ebay.es/itm/336624525416,PriceCharting
Team Rocket,Dark Arbok,2/82,1st Edition,PSA 8,2026-06-19,109.95,USD,eBay,unknown,FALSE,,,Pokemon Pokemon Graded Dark Arbok - Team Rocket 1st Ed - 2/82 - PSA 8 NM,https://www.ebay.es/itm/157973070651,PriceCharting
Team Rocket,Dark Arbok,2/82,1st Edition,PSA 8,2026-06-19,99.99,USD,eBay,unknown,FALSE,,,Pokemon 2000 Team Rocket Dark Arbok 2/82 Holo 1st Edition PSA 8 2/82,https://www.ebay.es/itm/298423316875,PriceCharting
Team Rocket,Dark Arbok,2/82,1st Edition,PSA 8,2026-06-19,127.50,USD,eBay,unknown,FALSE,,,Pokémon 2000 Dark Arbok 1st Edition Holo Team Rocket PSA 8 2/82 2 NM Mint 2/82,https://www.ebay.es/itm/157944836912,PriceCharting
Team Rocket,Dark Arbok,2/82,1st Edition,PSA 8,2026-06-14,95.00,USD,eBay,best offer,TRUE,,,Dark Arbok 1st Edition PSA 8 Team Rocket Holo Pokémon Card 1999 WOTC #2 Rare #2,https://www.ebay.es/itm/188284905638,PriceCharting
Team Rocket,Dark Arbok,2/82,1st Edition,PSA 9,2026-09-26,210.00,USD,eBay,unknown,FALSE,,,Dark Arbok - 2/82 PSA 9 Team Rocket 1st Edition Holo Rare Pokemon - MINT,https://www.ebay.es/itm/366673255005,PriceCharting
Team Rocket,Dark Arbok,2/82,1st Edition,PSA 9,2026-09-24,210.00,USD,eBay,unknown,FALSE,,,2000 Pokemon Team Rocket Dark Arbok Holo 1st Ed PSA 9 2/82,https://www.ebay.es/itm/158279056666,PriceCharting
Team Rocket,Dark Arbok,2/82,1st Edition,PSA 9,2026-09-24,210.00,USD,eBay,best offer,TRUE,,,2000 Pokemon Team Rocket 1st Edition Holo Dark Arbok #2 PSA 9 MINT 2/82,https://www.ebay.es/itm/377189381961,PriceCharting
Team Rocket,Dark Arbok,2/82,1st Edition,PSA 9,2026-09-10,210.00,USD,eBay,unknown,FALSE,,,Pokemon Dark Arbok 2000 Team Rocket 1st Edition Holo 2/82 English PSA 9 2/82,https://www.ebay.es/itm/158223605622,PriceCharting
Team Rocket,Dark Arbok,2/82,1st Edition,PSA 9,2026-09-08,175.00,USD,eBay,best offer,TRUE,,,Pokemon PSA 9 Mint 1st Ed. Team Rocket Holo Dark Arbok 2/82 2/82,https://www.ebay.es/itm/327110599191,PriceCharting
Team Rocket,Dark Arbok,2/82,1st Edition,PSA 9,2026-09-05,130.08,USD,eBay,best offer,TRUE,,,PSA 9 MINT Dark Arbok Holo 1st Edition 2/82 Team Rocket 2000 Pokemon VintageWOTC,https://www.ebay.es/itm/178470245415,PriceCharting
Team Rocket,Dark Arbok,2/82,1st Edition,PSA 9,2026-08-30,184.04,USD,eBay,unknown,FALSE,,,2000 Pokémon Team Rocket 1st Edition 2/82 Dark Arbok Holo PSA 9 2/82,https://www.ebay.es/itm/188828512520,PriceCharting
Team Rocket,Dark Arbok,2/82,1st Edition,PSA 9,2026-08-24,175.81,USD,eBay,best offer,TRUE,,,Dark Arbok 2/82 1st Edition PSA 9 Team Rocket Pokemon Holo 2/82,https://www.ebay.es/itm/237025659919,PriceCharting
Team Rocket,Dark Arbok,2/82,1st Edition,PSA 9,2026-08-18,132.50,USD,eBay,unknown,FALSE,,,2000 Pokemon Team Rocket First Edition Dark Arbok Holo #2/82 PSA 9,https://www.ebay.es/itm/128023299898,PriceCharting
Team Rocket,Dark Arbok,2/82,1st Edition,PSA 9,2026-08-17,172.50,USD,eBay,unknown,FALSE,,,Pokemon Dark Arbok Holo Team Rocket 2 1st Edition PSA 9 Mint #2,https://www.ebay.es/itm/287511103207,PriceCharting
Team Rocket,Dark Arbok,2/82,1st Edition,PSA 9,2026-08-10,149.00,USD,eBay,unknown,FALSE,,,Pokemon 2000 Dark Arbok - FIRST EDITION HOLO - PSA 9 MINT #2 Team Rocket - 1st 2/82,https://www.ebay.es/itm/336724066097,PriceCharting
Team Rocket,Dark Arbok,2/82,1st Edition,PSA 9,2026-08-09,349.99,USD,eBay,unknown,FALSE,,,Dark Arbok Holo #2 1st Edition Team Rocket 2000 WOTC Vintage Pokemon Swirl PSA 9 #2,https://www.ebay.es/itm/407087833979,PriceCharting
Team Rocket,Dark Arbok,2/82,1st Edition,PSA 9,2026-08-03,180.00,USD,eBay,unknown,FALSE,,,Pokémon English Holo Dark Arbok 1st Edition PSA 9 MINT Team Rocket 2/82 #2,https://www.ebay.es/itm/358833765676,PriceCharting
Team Rocket,Dark Arbok,2/82,1st Edition,PSA 9,2026-07-23,190.00,USD,eBay,best offer,TRUE,,,2000 Pokemon Team Rocket Dark Arbok Holo 1st Edition 2/82 PSA 9 2/82,https://www.ebay.es/itm/168553034056,PriceCharting
Team Rocket,Dark Arbok,2/82,1st Edition,PSA 9,2026-07-21,180.00,USD,eBay,unknown,FALSE,,,Dark Arbok Holo 1st Edition Team Rocket #2 PSA 9 Mint 2000 WOTC Vintage Pokemon #2,https://www.ebay.es/itm/287468338137,PriceCharting
Team Rocket,Dark Arbok,2/82,1st Edition,PSA 9,2026-07-13,180.00,USD,eBay,best offer,TRUE,,,2000 Pokemon Dark Arbok Holo 1st Edition 2/82 Team Rocket PSA 9 Tail Swirl 💫 2/82,https://www.ebay.es/itm/398129711071,PriceCharting
Team Rocket,Dark Arbok,2/82,1st Edition,PSA 9,2026-07-02,180.00,USD,eBay,unknown,FALSE,,,PSA 9 MINT Dark Arbok 2 Team Rocket 1st Edition Holo Pokemon Card #2,https://www.ebay.es/itm/147407868454,PriceCharting
Team Rocket,Dark Arbok,2/82,1st Edition,PSA 9,2026-07-01,180.00,USD,eBay,best offer,TRUE,,,2000 Pokemon Dark Arbok Holo 1st Edition 2/82 Team Rocket PSA 9 Tail Swirl 💫 2/82,https://www.ebay.es/itm/398113237136,PriceCharting
Team Rocket,Dark Arbok,2/82,1st Edition,PSA 9,2026-06-25,180.00,USD,eBay,unknown,FALSE,,,Pokemon PSA 9 1st Edition Team Rocket Dark Arbok Holo Rare 2/82 MINT 2/82,https://www.ebay.es/itm/177987562280,PriceCharting
Team Rocket,Dark Arbok,2/82,1st Edition,PSA 10,2026-09-21,2199.89,USD,eBay,unknown,FALSE,,,"2000 Pokemon Team Rocket 1st Edition Dark Arbok #2 Holo ""Swirl"" PSA 10 2/82",https://www.ebay.es/itm/158106102857,PriceCharting
Team Rocket,Dark Arbok,2/82,1st Edition,PSA 10,2026-06-12,1775.00,USD,eBay,unknown,FALSE,,,Pokemon Dark Arbok Team Rocket 1st Edition Holo Rare #2 PSA 10 Gem Mint,https://www.ebay.es/itm/287232988418,PriceCharting
Team Rocket,Dark Arbok,2/82,1st Edition,PSA 10,2026-05-17,1475.00,USD,eBay,unknown,FALSE,,,Pokemon Dark Arbok Team Rocket 1st Edition Holo Rare #2 PSA 10 Gem Mint,https://www.ebay.es/itm/287318120806,PriceCharting
Team Rocket,Dark Arbok,2/82,1st Edition,PSA 10,2026-05-17,1522.88,USD,eBay,unknown,FALSE,,,DARK ARBOK HOLO 1ST EDITION POKEMON 2/82 2000 TEAM ROCKET HOLO ENGLISH PSA 10,https://www.ebay.es/itm/137283521644,PriceCharting
Team Rocket,Dark Arbok,2/82,1st Edition,PSA 10,2026-04-19,946.00,USD,eBay,unknown,FALSE,,,Pokemon Dark Arbok Team Rocket 1st Edition Holo Rare #2 PSA 10 Gem Mint,https://www.ebay.es/itm/287265070544,PriceCharting
Team Rocket,Dark Arbok,2/82,1st Edition,PSA 10,2026-04-17,957.00,USD,eBay,unknown,FALSE,,,Pokemon 2000 1st Edition Dark Arbok Holo 2/82 Team Rocket PSA 10 2/82,https://www.ebay.es/itm/188263891383,PriceCharting
Team Rocket,Dark Arbok,2/82,1st Edition,PSA 10,2026-04-12,1200.00,USD,eBay,unknown,FALSE,,,Pokemon Dark Arbok Team Rocket 1st Edition Holo Rare #2 PSA 10 Gem Mint,https://www.ebay.es/itm/287247568928,PriceCharting
Team Rocket,Dark Arbok,2/82,1st Edition,PSA 10,2026-04-12,1198.00,USD,eBay,unknown,FALSE,,,Pokemon Dark Arbok Team Rocket 1st Edition Holo Rare #2 PSA 10 Gem Mint,https://www.ebay.es/itm/287251627110,PriceCharting
Team Rocket,Dark Arbok,2/82,1st Edition,PSA 10,2026-04-12,1148.00,USD,eBay,unknown,FALSE,,,Pokemon Dark Arbok Team Rocket 1st Edition Holo Rare #2 PSA 10 Gem Mint,https://www.ebay.es/itm/287251599701,PriceCharting
Team Rocket,Dark Arbok,2/82,1st Edition,PSA 10,2026-03-21,3200.00,USD,eBay,best offer,TRUE,,,Pokemon 2000 1st Edition Dark Arbok Holo 2/82 Team Rocket PSA 10 2/82,https://www.ebay.es/itm/227260309394,PriceCharting
Team Rocket,Dark Arbok,2/82,1st Edition,PSA 10,2025-11-24,999.00,USD,eBay,unknown,FALSE,,,Pokemon 2000 WOTC Team Rocket 1st Edition Dark Arbok Holo 2/82 PSA 10 Gem Mint 2/82,https://www.ebay.es/itm/136781677297,PriceCharting
Team Rocket,Dark Arbok,2/82,1st Edition,PSA 10,2025-09-18,864.89,USD,eBay,unknown,FALSE,,,PSA 10 1st Edition Dark Arbok Holo 2/82 - 2000 Team Rocket Rare Pokemon,https://www.ebay.es/itm/336053494460,PriceCharting
Team Rocket,Dark Arbok,2/82,1st Edition,PSA 10,2025-09-04,725.00,USD,eBay,unknown,FALSE,,,Pokemon Dark Arbok Team Rocket 1st Edition Holo Rare #2 PSA 10 Gem Mint #2,https://www.ebay.es/itm/167739728748,PriceCharting
Team Rocket,Dark Arbok,2/82,1st Edition,PSA 10,2025-08-03,911.00,USD,eBay,unknown,FALSE,,,Pokemon Dark Arbok Team Rocket 1st Edition Holo Rare #2 PSA 10 Gem Mint,https://www.ebay.es/itm/286726496945,PriceCharting
Team Rocket,Dark Arbok,2/82,1st Edition,PSA 10,2025-04-06,508.00,USD,eBay,unknown,FALSE,,,Pokemon Dark Arbok Team Rocket 1st Edition Holo Rare #2 PSA 10 Gem Mint,https://www.ebay.es/itm/286444862673,PriceCharting
Team Rocket,Dark Arbok,2/82,1st Edition,PSA 10,2024-11-23,399.99,USD,eBay,unknown,FALSE,,,2000 Pokemon Team Rocket 1st Edition Holo Dark Arbok 2/82 PSA 10 GEM MINT SWIRL #2,https://www.ebay.es/itm/234021942645,PriceCharting
Team Rocket,Dark Arbok,2/82,1st Edition,PSA 10,2024-11-19,350.00,USD,eBay,unknown,FALSE,,,2000 Pokemon Team Rocket 1st Edition Holo Rare Dark Arbok 2/82 PSA 10 GEM MINT #2,https://www.ebay.es/itm/267044520625,PriceCharting
Team Rocket,Dark Arbok,2/82,1st Edition,PSA 10,2024-10-24,350.00,USD,eBay,unknown,FALSE,,,2000 Pokemon Team Rocket 1st Edition Holo Dark Arbok 2/82 PSA 10 GEM MINT #2,https://www.ebay.es/itm/405286930349,PriceCharting
Team Rocket,Dark Arbok,2/82,1st Edition,PSA 10,2024-09-29,325.00,USD,eBay,unknown,FALSE,,,2000 Pokemon Team Rocket 1st Edition Holo Dark Arbok 2/82 PSA 10 GEM MINT #2,https://www.ebay.es/itm/387407021078,PriceCharting
Team Rocket,Dark Arbok,2/82,1st Edition,PSA 10,2024-09-17,330.00,USD,eBay,unknown,FALSE,,,2000 Pokemon Team Rocket 1st Edition #2 Dark Arbok Holo PSA 10 GEM MINT,https://www.ebay.es/itm/375639668806,PriceCharting
Team Rocket,Dark Arbok,2/82,1st Edition,PSA 10,2024-09-16,351.00,USD,eBay,unknown,FALSE,,,Pokemon Dark Arbok Team Rocket 1st Edition Holo Rare #2 PSA 10 Gem Mint,https://www.ebay.es/itm/286047445655,PriceCharting
Team Rocket,Dark Arbok,2/82,1st Edition,PSA 10,2024-09-07,351.00,USD,eBay,unknown,FALSE,,,2000 Pokemon Team Rocket 1st Edition Holo Dark Arbok 2/82 PSA 10 GEM MINT #2,https://www.ebay.es/itm/387335186842,PriceCharting
Team Rocket,Dark Arbok,2/82,1st Edition,PSA 10,2024-08-28,341.00,USD,eBay,unknown,FALSE,,,2000 Pokemon Team Rocket 1st Edition #2 Dark Arbok Holo PSA 10 GEM MINT,https://www.ebay.es/itm/375602715456,PriceCharting
Team Rocket,Dark Arbok,2/82,1st Edition,PSA 10,2024-07-25,269.40,USD,eBay,unknown,FALSE,,,1st Edition Dark Arbok Holo | 2/82 | PSA 10 | Team Rocket | Pokemon Card,https://www.ebay.es/itm/166870682398,PriceCharting
Team Rocket,Dark Arbok,2/82,1st Edition,PSA 10,2024-07-08,325.00,USD,eBay,unknown,FALSE,,,Pokemon Dark Arbok 1st Edition PSA 10 Gem Mint Holo Team Rocket 2/82 #2,https://www.ebay.es/itm/226223991924,PriceCharting
Team Rocket,Dark Arbok,2/82,1st Edition,PSA 10,2024-05-27,305.00,USD,eBay,unknown,FALSE,,,2000 Team Rocket 2/82 Dark Arbok 1st Edition Holo Rare Pokemon PSA 10 2/82,https://www.ebay.es/itm/285859076572,PriceCharting
Team Rocket,Dark Arbok,2/82,1st Edition,PSA 10,2024-03-03,281.00,USD,eBay,unknown,FALSE,,,Pokemon Dark Arbok Team Rocket 1st Edition Holo Rare #2 PSA 10 Gem Mint,https://www.ebay.es/itm/285731571941,PriceCharting
Team Rocket,Dark Arbok,2/82,1st Edition,PSA 10,2024-01-29,369.99,USD,eBay,unknown,FALSE,,,2000 Pokemon Team Rocket 1st Edition Holo Dark Arbok 2/82 PSA 10 GEM MINT #2,https://www.ebay.es/itm/134315025181,PriceCharting
Team Rocket,Dark Arbok,2/82,1st Edition,PSA 10,2023-12-25,305.00,USD,eBay,unknown,FALSE,,,2000 Pokemon Team Rocket 1st Edition Holo Dark Arbok 2/82 PSA 10 GEM MINT #2,https://www.ebay.es/itm/204591481412,PriceCharting
Team Rocket,Dark Arbok,2/82,Unlimited,PSA 8,2026-09-26,80.00,USD,eBay,unknown,FALSE,,,DARK ARBOK 2000 Pokemon Team Rocket Holo #2 - PSA 8 -792 2/82,https://www.ebay.es/itm/398398469389,PriceCharting
Team Rocket,Dark Arbok,2/82,Unlimited,PSA 8,2026-09-24,59.00,USD,eBay,best offer,TRUE,,,Pokémon Team Rocket Holo Dark Arbok 2/82 PSA 8 2/82,https://www.ebay.es/itm/318905845200,PriceCharting
Team Rocket,Dark Arbok,2/82,Unlimited,PSA 8,2026-09-24,50.00,USD,eBay,best offer,TRUE,,,PSA 8 Pokemon TCG Team Rocket Dark Arbok Holo Rare 2/82 2000 English 2/82,https://www.ebay.es/itm/366685875781,PriceCharting
Team Rocket,Dark Arbok,2/82,Unlimited,PSA 8,2026-09-23,59.00,USD,eBay,best offer,TRUE,,,Pokemon Team Rocket Dark Arbok 2/82 Holo Rare 2000 English Unlimited PSA 8 2/82,https://www.ebay.es/itm/318802245245,PriceCharting
Team Rocket,Dark Arbok,2/82,Unlimited,PSA 8,2026-09-14,80.00,USD,eBay,unknown,FALSE,,,DARK ARBOK 2000 Pokemon Team Rocket Holo #2 - PSA 8 -792 2/82,https://www.ebay.es/itm/206406180403,PriceCharting
Team Rocket,Dark Arbok,2/82,Unlimited,PSA 8,2026-09-11,55.00,USD,eBay,best offer,TRUE,,,2000 Pokemon Team Rocket Dark Arbok Holo #2 PSA 8 NM-MT WOTC #20,https://www.ebay.es/itm/287382313365,PriceCharting
Team Rocket,Dark Arbok,2/82,Unlimited,PSA 8,2026-09-08,64.18,USD,eBay,best offer,TRUE,,,PSA 8 Dark Arbok Holo 2/82 - Pokemon TCG: Team Rocket - Vintage Holo NEW CERT! 2/82,https://www.ebay.es/itm/257728285526,PriceCharting
Team Rocket,Dark Arbok,2/82,Unlimited,PSA 8,2026-09-04,52.00,USD,eBay,best offer,TRUE,,,Pokemon PSA 8 2000 Team Rocket Dark Arbok Holo Rare 2/82 Unlimited EN 2/82,https://www.ebay.es/itm/327320293842,PriceCharting
Team Rocket,Dark Arbok,2/82,Unlimited,PSA 8,2026-09-02,58.00,USD,eBay,best offer,TRUE,,,2000 Pokemon Team Rocket Dark Arbok 2/82 Holo PSA 8 NM-MT Unlimited WOTC 2/82,https://www.ebay.es/itm/820066589277,PriceCharting
Team Rocket,Dark Arbok,2/82,Unlimited,PSA 8,2026-09-01,55.00,USD,eBay,unknown,FALSE,,,The Pokémon Company 2000 Pokemon Team Rocket Dark Arbok 2/82 Holo PSA 8 2/82,https://www.ebay.es/itm/128039248483,PriceCharting
Team Rocket,Dark Arbok,2/82,Unlimited,PSA 8,2026-08-14,36.55,USD,eBay,unknown,FALSE,,,Pokemon - Dark Arbok - Team Rocket - English - PSA 8 - #2 2/82,https://www.ebay.es/itm/227474107351,PriceCharting
Team Rocket,Dark Arbok,2/82,Unlimited,PSA 8,2026-08-12,59.99,USD,eBay,unknown,FALSE,,,Pokemon TCG- Dark Arbok 2/82 Holo- 2000 Team Rocket Unlimited- PSA 8 NM-MT 2/82,https://www.ebay.es/itm/147453814699,PriceCharting
Team Rocket,Dark Arbok,2/82,Unlimited,PSA 8,2026-08-09,51.00,USD,eBay,unknown,FALSE,,,Pokemon Dark Arbok Holo Team Rocket Unlimited 2 PSA 8 #2,https://www.ebay.es/itm/287495386193,PriceCharting
Team Rocket,Dark Arbok,2/82,Unlimited,PSA 8,2026-08-08,40.00,USD,eBay,best offer,TRUE,,,Pokemon 2000 Dark Arbok 2/82 Holo Team Rocket PSA 8 2/82,https://www.ebay.es/itm/287478468518,PriceCharting
Team Rocket,Dark Arbok,2/82,Unlimited,PSA 8,2026-08-08,55.00,USD,eBay,unknown,FALSE,,,Pokemon TCG- Dark Arbok 2/82 Holo- 2000 Team Rocket Unlimited- PSA 8 NM-MT 2/82,https://www.ebay.es/itm/336717411948,PriceCharting
Team Rocket,Dark Arbok,2/82,Unlimited,PSA 8,2026-08-02,45.00,USD,eBay,best offer,TRUE,,,Pokemon 2000 Dark Arbok 2/82 Holo Team Rocket PSA 8,https://www.ebay.es/itm/267743138820,PriceCharting
Team Rocket,Dark Arbok,2/82,Unlimited,PSA 8,2026-07-28,55.00,USD,eBay,unknown,FALSE,,,Pokemon Team Rocket Dark Arbok 2/82 Holo PSA 8 2/82,https://www.ebay.es/itm/327283863956,PriceCharting
Team Rocket,Dark Arbok,2/82,Unlimited,PSA 9,2026-09-08,128.64,USD,eBay,unknown,FALSE,,,PSA 9 Dark Arbok 2/82 Team Rocket Pokemon Card MINT,https://www.ebay.es/itm/820069762825,PriceCharting
Team Rocket,Dark Arbok,2/82,Unlimited,PSA 9,2026-09-01,128.00,USD,eBay,unknown,FALSE,,,2000 Pokemon Team Rocket Dark Arbok Holo #2 PSA 9 MINT Vintage WOTC #2,https://www.ebay.es/itm/128046620031,PriceCharting
Team Rocket,Dark Arbok,2/82,Unlimited,PSA 9,2026-07-15,110.00,USD,eBay,unknown,FALSE,,,Pokemon Team Rocket Dark Arbok 2/82 PSA 9,https://www.ebay.es/itm/127973249202,PriceCharting
Team Rocket,Dark Arbok,2/82,Unlimited,PSA 9,2026-07-12,91.00,USD,eBay,unknown,FALSE,,,Pokemon Dark Arbok Holo Team Rocket Unlimited 2 PSA 9 Mint #2,https://www.ebay.es/itm/287433884187,PriceCharting
Team Rocket,Dark Arbok,2/82,Unlimited,PSA 9,2026-06-21,95.00,USD,eBay,unknown,FALSE,,,Pokemon Team Rocket Dark Arbok Holo Rare 02/82 PSA 9 2000 English Unlimited #2,https://www.ebay.es/itm/227396505691,PriceCharting
Team Rocket,Dark Arbok,2/82,Unlimited,PSA 9,2026-05-31,72.87,USD,eBay,unknown,FALSE,,,2000 POKEMON TEAM ROCKET #2/82 DARK ARBOK HOLO RARE PSA 9 2/82,https://www.ebay.es/itm/206292914141,PriceCharting
Team Rocket,Dark Arbok,2/82,Unlimited,PSA 9,2026-05-01,75.00,USD,eBay,unknown,FALSE,,,Pokemon PSA 9 Dark Arbok Team Rocket Holo Rare 2/82,https://www.ebay.es/itm/147286915280,PriceCharting
Team Rocket,Dark Arbok,2/82,Unlimited,PSA 9,2026-04-15,135.61,USD,eBay,unknown,FALSE,,,Pokémon Dark Arbok TCG Team Rocket Holo Card 2/82 Mint PSA9 2/82,https://www.ebay.es/itm/318042700145,PriceCharting
Team Rocket,Dark Arbok,2/82,Unlimited,PSA 9,2026-04-14,186.27,USD,eBay,unknown,FALSE,,,Pokemon rocket Dark Arbok 2/82 Team Rocket Holo PSA 9 mint 2/82,https://www.ebay.es/itm/336523304552,PriceCharting
Team Rocket,Dark Arbok,2/82,Unlimited,PSA 9,2026-04-06,73.00,USD,eBay,unknown,FALSE,,,Pokemon 2000 PSA 9 Dark Arbok Holo Team Rocket 2/82 Card #2,https://www.ebay.es/itm/267623920516,PriceCharting
Team Rocket,Dark Arbok,2/82,Unlimited,PSA 9,2026-03-22,109.99,USD,eBay,unknown,FALSE,,,PSA 9 Dark Arbok Holo 2/82 Team Rocket 2000 Pokemon Card #20,https://www.ebay.es/itm/327032147681,PriceCharting
Team Rocket,Dark Arbok,2/82,Unlimited,PSA 9,2026-03-12,60.00,USD,eBay,best offer,TRUE,,,Pokemon 2000 PSA 9 Dark Arbok Holo Team Rocket 2/82 Card #2,https://www.ebay.es/itm/267599148357,PriceCharting
Team Rocket,Dark Arbok,2/82,Unlimited,PSA 10,2026-03-30,560.00,USD,eBay,unknown,FALSE,,,Pokemon Dark Arbok Team Rocket Unlimited Holo Rare #2 PSA 10 Gem Mint,https://www.ebay.es/itm/287219752278,PriceCharting
Team Rocket,Dark Arbok,2/82,Unlimited,PSA 10,2025-01-30,163.12,USD,eBay,unknown,FALSE,,,2000 Vintage Pokemon Card Team Rocket Dark Arbok Holo PSA 10 2/82,https://www.ebay.es/itm/146348082354,PriceCharting
Team Rocket,Dark Arbok,2/82,Unlimited,PSA 10,2024-11-11,182.50,USD,eBay,unknown,FALSE,,,Pokemon Dark Arbok Team Rocket Unlimited Holo Rare #2 PSA 10 Gem Mint,https://www.ebay.es/itm/286138620675,PriceCharting
Team Rocket,Dark Arbok,2/82,Unlimited,PSA 10,2024-08-14,125.66,USD,eBay,unknown,FALSE,,,Pokemon - PSA 10 - Dark Arbok - Holo - #2 Team Rocket #2,https://www.ebay.es/itm/375588612281,PriceCharting
Team Rocket,Dark Arbok,2/82,Unlimited,PSA 10,2024-06-21,76.94,USD,eBay,unknown,FALSE,,,2000 Pokemon Team Rocket Dark Arbok #2 PSA 10 Holo,https://www.ebay.es/itm/204846487450,PriceCharting
Team Rocket,Dark Blastoise,3/82,1st Edition,PSA 8,2026-09-13,525.00,USD,eBay,unknown,FALSE,,,Pokemon Team Rocket Dark Blastoise 1st Ed Holo #3 PSA 8 English 3/82,https://www.ebay.es/itm/287551740775,PriceCharting
Team Rocket,Dark Blastoise,3/82,1st Edition,PSA 8,2026-09-07,765.00,USD,eBay,unknown,FALSE,,,Dark Blastoise #3 HoloSwirl 1st edition Pokemon Team Rocket PSA 8 Original Buyer #3,https://www.ebay.es/itm/398341532374,PriceCharting
Team Rocket,Dark Blastoise,3/82,1st Edition,PSA 8,2026-08-15,598.20,USD,eBay,unknown,FALSE,,,2000 POKEMON TEAM ROCKET FIRST EDITION #3/82 DARK BLASTOISE HOLO RARE PSA 8 3/82,https://www.ebay.es/itm/206472992769,PriceCharting
Team Rocket,Dark Blastoise,3/82,1st Edition,PSA 8,2026-08-13,600.00,USD,eBay,best offer,TRUE,,,2000 Pokemon Team Rocket 1st Edition #3 Dark Blastoise PSA 8 3/82,https://www.ebay.es/itm/147440062774,PriceCharting
Team Rocket,Dark Blastoise,3/82,1st Edition,PSA 8,2026-08-13,645.00,USD,eBay,unknown,FALSE,,,Pokemon 2000 Team Rocket Dark Blastoise 3/82 Holo 1st Ed English PSA 8 3/82,https://www.ebay.es/itm/206486796867,PriceCharting
Team Rocket,Dark Blastoise,3/82,1st Edition,PSA 8,2026-08-13,630.00,USD,eBay,unknown,FALSE,,,DARK BLASTOISE 2000 POKEMON TEAM ROCKET 1ST EDITION HOLO #3/82 PSA 8 Q7423 #3,https://www.ebay.es/itm/278251470288,PriceCharting
Team Rocket,Dark Blastoise,3/82,1st Edition,PSA 8,2026-08-12,650.00,USD,eBay,unknown,FALSE,,,PSA 8 NM/MINT Dark Blastoise 3/82 Team Rocket 1st Edition Holo Pokemon Card 3/82,https://www.ebay.es/itm/287518970138,PriceCharting
Team Rocket,Dark Blastoise,3/82,1st Edition,PSA 8,2026-07-24,700.00,USD,eBay,best offer,TRUE,,,2000 Pokemon Team Rocket Dark Blastoise Holo 1st Edition 3/82 PSA 8 3/82,https://www.ebay.es/itm/168553021632,PriceCharting
Team Rocket,Dark Blastoise,3/82,1st Edition,PSA 8,2026-07-12,560.00,USD,eBay,unknown,FALSE,,,Pokemon Dark Blastoise Holo Team Rocket 3 1st Edition PSA 8 #3,https://www.ebay.es/itm/287435737833,PriceCharting
Team Rocket,Dark Blastoise,3/82,1st Edition,PSA 8,2026-07-09,699.99,USD,eBay,unknown,FALSE,,,2000 Pokemon Dark Blastoise 3/82 Team Rocket Holo 1st Edition PSA 8 3/82,https://www.ebay.es/itm/137493737080,PriceCharting
Team Rocket,Dark Blastoise,3/82,1st Edition,PSA 8,2026-07-08,699.99,USD,eBay,unknown,FALSE,,,2000 Pokemon Team Rocket 1st Edition Dark Blastoise Holo PSA 8 3/82,https://www.ebay.es/itm/127948443451,PriceCharting
Team Rocket,Dark Blastoise,3/82,1st Edition,PSA 8,2026-07-07,460.00,USD,eBay,unknown,FALSE,,,2000 Pokemon DARK BLASTOISE - 1st EDITION HOLO Card - Team Rocket #3 - PSA 8 3/82,https://www.ebay.es/itm/336668170440,PriceCharting
Team Rocket,Dark Blastoise,3/82,1st Edition,PSA 9,2026-09-28,1425.00,USD,eBay,unknown,FALSE,,,Pokemon Dark Blastoise Holo Team Rocket 3 1st Edition PSA 9 Mint #3,https://www.ebay.es/itm/287594621437,PriceCharting
Team Rocket,Dark Blastoise,3/82,1st Edition,PSA 9,2026-09-17,1599.99,USD,eBay,unknown,FALSE,,,Dark Blastoise 3/82 1st Edition PSA 9 Pokemon Team Rocket Holo w Infinity Swirl 3/82,https://www.ebay.es/itm/158204428455,PriceCharting
Team Rocket,Dark Blastoise,3/82,1st Edition,PSA 9,2026-09-13,1225.00,USD,eBay,unknown,FALSE,,,Pokemon Dark Blastoise Holo Team Rocket 3 1st Edition PSA 9 Mint #3,https://www.ebay.es/itm/287565389175,PriceCharting
Team Rocket,Dark Blastoise,3/82,1st Edition,PSA 9,2026-09-02,1000.00,USD,eBay,best offer,TRUE,,,Pokemon Dark Blastoise Holo Team Rocket 3 1st Edition PSA 9 Mint #3,https://www.ebay.es/itm/158248049502,PriceCharting
Team Rocket,Dark Blastoise,3/82,1st Edition,PSA 9,2026-08-19,1600.00,USD,eBay,unknown,FALSE,,,Pokemon PSA 9 1st Edition Dark Blastoise #3 Holo W/ Swirl 🌀Team Rocket Mint 3/82,https://www.ebay.es/itm/206494596263,PriceCharting
Team Rocket,Dark Blastoise,3/82,1st Edition,PSA 9,2026-08-16,1425.00,USD,eBay,unknown,FALSE,,,Pokemon Dark Blastoise Holo Team Rocket 3 1st Edition PSA 9 Mint #3,https://www.ebay.es/itm/287511103136,PriceCharting
Team Rocket,Dark Blastoise,3/82,1st Edition,PSA 9,2026-08-15,1500.00,USD,eBay,unknown,FALSE,,,Pokemon Dark Blastoise Holo Team Rocket 3 1st Edition PSA 9 Mint #3,https://www.ebay.es/itm/287507369674,PriceCharting
Team Rocket,Dark Blastoise,3/82,1st Edition,PSA 9,2026-08-06,1250.00,USD,eBay,unknown,FALSE,,,The Pokémon Company Team Rocket Dark Blastoise 3/82 Holo 1st Ed PSA 9 2000 3/82,https://www.ebay.es/itm/358793245636,PriceCharting
Team Rocket,Dark Blastoise,3/82,1st Edition,PSA 9,2026-08-02,1372.94,USD,eBay,unknown,FALSE,,,PSA 9 MINT Pokemon Dark Blastoise Team Rocket Holo 1st Edition 3/82,https://www.ebay.es/itm/198500287345,PriceCharting
Team Rocket,Dark Blastoise,3/82,1st Edition,PSA 9,2026-07-30,1299.99,USD,eBay,unknown,FALSE,,,Pokemon PSA 9 1st Edition Dark Blastoise #3 Holo W/ Swirl 🌀Team Rocket Mint #3,https://www.ebay.es/itm/287491397594,PriceCharting
Team Rocket,Dark Blastoise,3/82,1st Edition,PSA 9,2026-07-27,1125.00,USD,eBay,unknown,FALSE,,,Pokemon Dark Blastoise Holo Team Rocket 3 1st Edition PSA 9 Mint #3,https://www.ebay.es/itm/287468639535,PriceCharting
Team Rocket,Dark Blastoise,3/82,1st Edition,PSA 9,2026-07-20,1115.00,USD,eBay,best offer,TRUE,,,The Pokémon Company Team Rocket Dark Blastoise 3/82 Holo 1st Ed PSA 9 2000 3/82,https://www.ebay.es/itm/236940414699,PriceCharting
Team Rocket,Dark Blastoise,3/82,1st Edition,PSA 9,2026-07-06,1105.00,USD,eBay,unknown,FALSE,,,Dark Blastoise 2000 Team Rocket #3🔥1st Edition HOLO PSA 9🔥RARE Vintage Pokemon #3,https://www.ebay.es/itm/366504362527,PriceCharting
Team Rocket,Dark Blastoise,3/82,1st Edition,PSA 9,2026-06-30,1275.00,USD,eBay,best offer,TRUE,,,2000 Pokemon Team Rocket First Edition Dark Blastoise Holo #3/82 PSA 9 3/82,https://www.ebay.es/itm/257589258918,PriceCharting
Team Rocket,Dark Blastoise,3/82,1st Edition,PSA 9,2026-06-28,1100.00,USD,eBay,unknown,FALSE,,,2000 Pokemon Team Rocket 1st Edition Dark Blastoise Holo 3/82 - PSA 9 MINT #3,https://www.ebay.es/itm/236890400861,PriceCharting
Team Rocket,Dark Blastoise,3/82,1st Edition,PSA 9,2026-06-28,1250.00,USD,eBay,unknown,FALSE,,,2000 Pokemon Team Rocket First Edition Dark Blastoise Holo #3/82 PSA 9,https://www.ebay.es/itm/127936328275,PriceCharting
Team Rocket,Dark Blastoise,3/82,1st Edition,PSA 9,2026-06-23,1400.00,USD,eBay,unknown,FALSE,,,The Pokémon Company Team Rocket Dark Blastoise 3/82 Holo 1st Ed PSA 9 2000 3/82,https://www.ebay.es/itm/407015626356,PriceCharting
Team Rocket,Dark Blastoise,3/82,1st Edition,PSA 9,2026-06-23,1499.99,USD,eBay,unknown,FALSE,,,2000 POKEMON ROCKET 1ST EDITION #3 DARK BLASTOISE-HOLO PSA 9 #3,https://www.ebay.es/itm/298317952838,PriceCharting
Team Rocket,Dark Blastoise,3/82,1st Edition,PSA 10,2026-09-15,17500.00,USD,eBay,best offer,TRUE,,,Pokemon 2000 Team Rocket Dark Blastoise Holo 1st Edition #3 PSA 10 #3,https://www.ebay.es/itm/307178687995,PriceCharting
Team Rocket,Dark Blastoise,3/82,1st Edition,PSA 10,2026-09-13,13300.00,USD,eBay,unknown,FALSE,,,Pokemon Dark Blastoise Holo 3 Team Rocket 1st Edition PSA 10 Gem Mint #3,https://www.ebay.es/itm/287565390066,PriceCharting
Team Rocket,Dark Blastoise,3/82,1st Edition,PSA 10,2026-09-02,15901.00,USD,eBay,unknown,FALSE,,,2000 Pokemon Rocket 1st Edition #3 Dark Blastoise Holo PSA 10 GEM MINT,https://www.ebay.es/itm/366628279718,PriceCharting
Team Rocket,Dark Blastoise,3/82,1st Edition,PSA 10,2026-07-06,10100.00,USD,eBay,unknown,FALSE,,,Pokemon Dark Blastoise Holo Team Rocket #3 1st Edition PSA 10 Gem Mint #3,https://www.ebay.es/itm/287424615157,PriceCharting
Team Rocket,Dark Blastoise,3/82,1st Edition,PSA 10,2026-06-19,14000.00,USD,eBay,best offer,TRUE,,,2000 Pokemon Team Rocket Dark Blastoise #3 1st Edition Holo PSA 10 GEM MT,https://www.ebay.es/itm/188424468461,PriceCharting
Team Rocket,Dark Blastoise,3/82,1st Edition,PSA 10,2026-03-28,12245.31,USD,eBay,unknown,FALSE,,,2000 POKEMON ROCKET 1ST EDITION #3 DARK BLASTOISE-HOLO PSA 10 #3,https://www.ebay.es/itm/306834145924,PriceCharting
Team Rocket,Dark Blastoise,3/82,1st Edition,PSA 10,2026-02-28,9600.00,USD,eBay,unknown,FALSE,,,Pokemon Dark Blastoise & Alakazam Team Rocket 1st Edition Holo Rare PSA 10 #3,https://www.ebay.es/itm/326871816165,PriceCharting
Team Rocket,Dark Blastoise,3/82,1st Edition,PSA 10,2026-01-25,13718.00,USD,eBay,unknown,FALSE,,,2000 POKEMON ROCKET 1ST EDITION #3 DARK BLASTOISE-HOLO PSA 10 #3,https://www.ebay.es/itm/297939514718,PriceCharting
Team Rocket,Dark Blastoise,3/82,1st Edition,PSA 10,2025-11-14,6862.46,USD,eBay,unknown,FALSE,,,2000 POKEMON TEAM ROCKET 1ST EDITION #3/82 DARK BLASTOISE HOLO PSA 10 3/82,https://www.ebay.es/itm/205829719481,PriceCharting
Team Rocket,Dark Blastoise,3/82,1st Edition,PSA 10,2025-11-06,7500.00,USD,eBay,unknown,FALSE,,,Pokemon Dark Blastoise Team Rocket 1st Edition Holo Rare #3 PSA 10 Gem Mint,https://www.ebay.es/itm/286921932516,PriceCharting
Team Rocket,Dark Blastoise,3/82,1st Edition,PSA 10,2025-10-08,7000.00,USD,eBay,unknown,FALSE,,,Pokemon Dark Blastoise Holo Rare 3/82 1st Edition PSA 10 3/82,https://www.ebay.es/itm/365908613387,PriceCharting
Team Rocket,Dark Blastoise,3/82,1st Edition,PSA 10,2025-09-25,7000.00,USD,eBay,unknown,FALSE,,,Pokemon Dark Blastoise Team Rocket 1st Edition Holo SWIRL #3 PSA 10 Gem Mint #3,https://www.ebay.es/itm/167739737113,PriceCharting
Team Rocket,Dark Blastoise,3/82,1st Edition,PSA 10,2025-09-17,6545.00,USD,eBay,unknown,FALSE,,,2000 Pokemon Rocket 1st Edition - Dark Blastoise Holo #3 PSA 10 #3,https://www.ebay.es/itm/226914542174,PriceCharting
Team Rocket,Dark Blastoise,3/82,1st Edition,PSA 10,2025-09-02,5999.99,USD,eBay,unknown,FALSE,,,Pokemon Dark Blastoise Team Rocket 1st Edition Holo Rare #3 PSA 10 Gem Mint,https://www.ebay.es/itm/286715832047,PriceCharting
Team Rocket,Dark Blastoise,3/82,1st Edition,PSA 10,2025-07-06,4231.50,USD,eBay,unknown,FALSE,,,Pokemon Cards - PSA 10 1st Edition Dark Blastoise 3/82 - Team Rocket - GEM MT,https://www.ebay.es/itm/286668845751,PriceCharting
Team Rocket,Dark Blastoise,3/82,1st Edition,PSA 10,2025-06-25,6000.00,USD,eBay,unknown,FALSE,,,2000 Pokemon Dark Blastoise Team Rocket 1st Edition Holo 3/82 PSA 10 Gem Mint !! 3/82,https://www.ebay.es/itm/286667175048,PriceCharting
Team Rocket,Dark Blastoise,3/82,1st Edition,PSA 10,2025-06-16,5000.00,USD,eBay,unknown,FALSE,,,2000 POKEMON ROCKET 1ST EDITION #3 DARK BLASTOISE-HOLO PSA 10 #3,https://www.ebay.es/itm/116637673654,PriceCharting
Team Rocket,Dark Blastoise,3/82,1st Edition,PSA 10,2025-05-30,6750.00,USD,eBay,unknown,FALSE,,,2000 Pokemon Dark Blastoise Team Rocket 1st Edition Holo 3/82 PSA 10 Gem Mint !! 3/82,https://www.ebay.es/itm/197318486924,PriceCharting
Team Rocket,Dark Blastoise,3/82,1st Edition,PSA 10,2025-05-25,5199.99,USD,eBay,unknown,FALSE,,,Dark Blastoise 3/82 Holo 2000 Team Rocket 1st Edition PSA 10 GEM MINT 3/82,https://www.ebay.es/itm/127128905077,PriceCharting
Team Rocket,Dark Blastoise,3/82,1st Edition,PSA 10,2025-05-19,6106.86,USD,eBay,unknown,FALSE,,,Dark Blastoise 3/82 Holo 2000 Team Rocket 1st Edition PSA 10 GEM MINT SWIRL #3,https://www.ebay.es/itm/267241968812,PriceCharting
Team Rocket,Dark Blastoise,3/82,1st Edition,PSA 10,2025-04-06,4136.02,USD,eBay,unknown,FALSE,,,Pokemon Cards - PSA 10 1st Edition Dark Blastoise 3/82 Team Rocket GEM MT SWIRL,https://www.ebay.es/itm/286433976273,PriceCharting
Team Rocket,Dark Blastoise,3/82,1st Edition,PSA 10,2025-03-25,6000.00,USD,eBay,unknown,FALSE,,,Pokemon Dark Blastoise Team Rocket 1st Edition Holo Rare #3 PSA 10 Gem Mint #3,https://www.ebay.es/itm/146456897497,PriceCharting
Team Rocket,Dark Blastoise,3/82,1st Edition,PSA 10,2025-03-16,5200.00,USD,eBay,unknown,FALSE,,,Pokemon Dark Blastoise Team Rocket 1st Edition Holo Rare #3 PSA 10 Gem Mint,https://www.ebay.es/itm/286390936844,PriceCharting
Team Rocket,Dark Blastoise,3/82,1st Edition,PSA 10,2024-08-11,2250.00,USD,eBay,unknown,FALSE,,,PSA 10 1st Edition Dark Blastoise • Fresh Pull 1 Owner 3/82 Holo Rare 💎Pokemon 3/82,https://www.ebay.es/itm/226280824220,PriceCharting
Team Rocket,Dark Blastoise,3/82,1st Edition,PSA 10,2024-07-22,2175.00,USD,eBay,unknown,FALSE,,,2000 POKEMON ROCKET 1ST EDITION #3 DARK BLASTOISE-HOLO PSA 10,https://www.ebay.es/itm/305672100842,PriceCharting
Team Rocket,Dark Blastoise,3/82,1st Edition,PSA 10,2024-07-18,2400.00,USD,eBay,unknown,FALSE,,,PSA 10 Pokemon 1st Edition Dark Blastoise Team Rocket 3/82 Holo Rare Vintage 3/82,https://www.ebay.es/itm/315447002328,PriceCharting
Team Rocket,Dark Blastoise,3/82,1st Edition,PSA 10,2024-06-26,2402.75,USD,eBay,unknown,FALSE,,,2000 POKEMON ROCKET 1st EDITION #3 DARK BLASTOISE-HOLO PSA 10,https://www.ebay.es/itm/305619174009,PriceCharting
Team Rocket,Dark Blastoise,3/82,1st Edition,PSA 10,2024-05-15,2050.00,USD,eBay,unknown,FALSE,,,PSA 10 Pokemon 1st Edition Dark Blastoise Team Rocket 3/82 Holo Rare PSA 10! 3/82,https://www.ebay.es/itm/204731600549,PriceCharting
Team Rocket,Dark Blastoise,3/82,Unlimited,PSA 8,2026-09-27,269.99,USD,eBay,unknown,FALSE,,,Pokemon Dark Blastoise Holo Team Rocket 3 PSA 8 SWIRL 🌀🌀🌀 #3,https://www.ebay.es/itm/227540808846,PriceCharting
Team Rocket,Dark Blastoise,3/82,Unlimited,PSA 8,2026-09-20,239.51,USD,eBay,best offer,TRUE,,,6-02-02 . UNPLAYED 2000 POKEMON TEAM ROCKET DARK BLASTOISE-HOLO #3/82 PSA 8,https://www.ebay.es/itm/147554646233,PriceCharting
Team Rocket,Dark Blastoise,3/82,Unlimited,PSA 8,2026-09-17,280.00,USD,eBay,best offer,TRUE,,,Pokemon Dark Blastoise 3/82 Team Rocket Holo PSA 8 3/82,https://www.ebay.es/itm/128083246782,PriceCharting
Team Rocket,Dark Blastoise,3/82,Unlimited,PSA 8,2026-09-14,300.00,USD,eBay,best offer,TRUE,,,2000 Pokemon Team Rocket Dark Blastoise Holo #3 PSA 8 WITH SWIRL!!,https://www.ebay.es/itm/318843733519,PriceCharting
Team Rocket,Dark Blastoise,3/82,Unlimited,PSA 8,2026-09-10,260.00,USD,eBay,best offer,TRUE,,,Pokémon TCG - Dark Blastoise Holofoil - Team Rocket 3/82 - PSA 8 NM-MINT 3/82,https://www.ebay.es/itm/147563237504,PriceCharting
Team Rocket,Dark Blastoise,3/82,Unlimited,PSA 8,2026-09-08,300.00,USD,eBay,best offer,TRUE,,,2000 Pokemon Team Rocket Dark Blastoise Holo #3 PSA 8 WITH SWIRL!!,https://www.ebay.es/itm/318812832073,PriceCharting
Team Rocket,Dark Blastoise,3/82,Unlimited,PSA 8,2026-09-08,274.99,USD,eBay,unknown,FALSE,,,Pokemon Dark Blastoise 3/82 Team Rocket Holo Rare - PSA 8 NM-MT 3/82,https://www.ebay.es/itm/366630704421,PriceCharting
Team Rocket,Dark Blastoise,3/82,Unlimited,PSA 8,2026-09-04,255.00,USD,eBay,unknown,FALSE,,,Pokemon Dark Blastoise 3/82 Team Rocket Holo Rare - PSA 8 NM-MT 3/82,https://www.ebay.es/itm/128047585242,PriceCharting
Team Rocket,Dark Blastoise,3/82,Unlimited,PSA 8,2026-08-17,299.00,USD,eBay,unknown,FALSE,,,2000 Pokemon Team Rocket - #3 Dark Blastoise Holo - PSA 8 3/82,https://www.ebay.es/itm/377294013969,PriceCharting
Team Rocket,Dark Blastoise,3/82,Unlimited,PSA 8,2026-08-13,275.00,USD,eBay,best offer,TRUE,,,2000 Pokemon Team Rocket Dark Blastoise Holo #3 PSA 8,https://www.ebay.es/itm/298578955105,PriceCharting
Team Rocket,Dark Blastoise,3/82,Unlimited,PSA 8,2026-08-12,374.00,USD,eBay,best offer,TRUE,,,Dark Blastoise PSA 8 Pokemon WOTC 2000 Team Rocket 3/82 Cosmos Holo Swirl 🐢🌀 3/82,https://www.ebay.es/itm/188333901338,PriceCharting
Team Rocket,Dark Blastoise,3/82,Unlimited,PSA 8,2026-08-11,297.79,USD,eBay,unknown,FALSE,,,Pokémon TCG PSA 8 Dark Blastoise Team Rocket 3/82 #3,https://www.ebay.es/itm/127929270261,PriceCharting
Team Rocket,Dark Blastoise,3/82,Unlimited,PSA 8,2026-08-09,290.00,USD,eBay,best offer,TRUE,,,*Fresh Cert* Pokémon TCG Dark Blastoise Team Rocket Holo Rare 3/82 2000 PSA 8 3/82,https://www.ebay.es/itm/147422559668,PriceCharting
Team Rocket,Dark Blastoise,3/82,Unlimited,PSA 8,2026-07-26,276.67,USD,eBay,unknown,FALSE,,,2000 POKEMON TEAM ROCKET #3/82 DARK BLASTOISE HHOLO RARE PSA 8 3/82,https://www.ebay.es/itm/206423840650,PriceCharting
Team Rocket,Dark Blastoise,3/82,Unlimited,PSA 8,2026-07-20,261.90,USD,eBay,unknown,FALSE,,,Pokemon 2000 Dark Blastoise 3/82 Holo Team Rocket PSA 8 3/82,https://www.ebay.es/itm/407062127510,PriceCharting
Team Rocket,Dark Blastoise,3/82,Unlimited,PSA 8,2026-07-16,384.12,USD,eBay,unknown,FALSE,,,2000 Pokemon Team Rocket - Dark Blastoise Holo #3 PSA 8 NM-MT,https://www.ebay.es/itm/136080917943,PriceCharting
Team Rocket,Dark Blastoise,3/82,Unlimited,PSA 8,2026-07-15,250.00,USD,eBay,best offer,TRUE,,,2000 Pokemon Rocket #3 DARK BLASTOISE HOLO 3/82 Team Rocket Rare Card PSA 8 3/82,https://www.ebay.es/itm/358767975734,PriceCharting
Team Rocket,Dark Blastoise,3/82,Unlimited,PSA 8,2026-07-06,255.00,USD,eBay,unknown,FALSE,,,83585414 Dark Blastoise 2000 Pokemon Team Rocket #3 SWIRL Holo PSA 8 #Mar-82,https://www.ebay.es/itm/158027478952,PriceCharting
Team Rocket,Dark Blastoise,3/82,Unlimited,PSA 8,2026-07-02,279.95,USD,eBay,unknown,FALSE,,,Dark Blastoise 3/82 PSA 8 Holo SWIRL Team Rocket 2000 Pokemon Card Graded,https://www.ebay.es/itm/188569732945,PriceCharting
Team Rocket,Dark Blastoise,3/82,Unlimited,PSA 8,2026-06-27,309.99,USD,eBay,unknown,FALSE,,,Pokémon Dark Blastoise - Holo Team Rocket #3 PSA 8 #3,https://www.ebay.es/itm/117258702399,PriceCharting
Team Rocket,Dark Blastoise,3/82,Unlimited,PSA 9,2026-08-26,570.00,USD,eBay,unknown,FALSE,,,Pokemon 2000 Dark Blastoise 3/82 Holo Rare Team Rocket PSA 9 3/82,https://www.ebay.es/itm/407154870981,PriceCharting
Team Rocket,Dark Blastoise,3/82,Unlimited,PSA 9,2026-08-22,540.00,USD,eBay,unknown,FALSE,,,Wizards of the Coast 2000 Pokemon Team Rocket Dark Blastoise 3/82 Holo PSA 9 3/82,https://www.ebay.es/itm/227481779784,PriceCharting
Team Rocket,Dark Blastoise,3/82,Unlimited,PSA 9,2026-08-17,625.00,USD,eBay,unknown,FALSE,,,Pokemon Dark Blastoise Team Rocket Holo PSA 9 3/82,https://www.ebay.es/itm/147509798050,PriceCharting
Team Rocket,Dark Blastoise,3/82,Unlimited,PSA 9,2026-08-02,570.00,USD,eBay,unknown,FALSE,,,Pokemon 2000 Dark Blastoise 3/82 Holo Team Rocket PSA 9 3/82,https://www.ebay.es/itm/407093613008,PriceCharting
Team Rocket,Dark Blastoise,3/82,Unlimited,PSA 9,2026-07-10,489.00,USD,eBay,unknown,FALSE,,,Pokemon 2000 Dark Blastoise 3/82 Holo Team Rocket PSA 9 3/82,https://www.ebay.es/itm/407060711988,PriceCharting
Team Rocket,Dark Blastoise,3/82,Unlimited,PSA 9,2026-06-07,520.00,USD,eBay,unknown,FALSE,,,Pokemon Dark Blastoise Team Rocket Unlimited Holo Rare #3 PSA 9 Mint,https://www.ebay.es/itm/287357696715,PriceCharting
Team Rocket,Dark Blastoise,3/82,Unlimited,PSA 9,2026-05-27,403.35,USD,eBay,best offer,TRUE,,,Dark Blastoise Holo Pokemon Card 3/82 Team Rocket PSA 9 3/82,https://www.ebay.es/itm/257530004377,PriceCharting
Team Rocket,Dark Blastoise,3/82,Unlimited,PSA 9,2026-05-26,545.00,USD,eBay,unknown,FALSE,,,PSA 9 Mint 2000 POKEMON TEAM ROCKET UNLIMITED #3 DARK BLASTOISE-HOLO 3/82,https://www.ebay.es/itm/137315272484,PriceCharting
Team Rocket,Dark Blastoise,3/82,Unlimited,PSA 9,2026-05-19,440.00,USD,eBay,unknown,FALSE,,,Dark Blastoise PSA 9 Pokemon WOTC 2000 Team Rocket Unlimited Holo Rare 3/82 3/82,https://www.ebay.es/itm/236806873443,PriceCharting
Team Rocket,Dark Blastoise,3/82,Unlimited,PSA 9,2026-05-16,546.37,USD,eBay,unknown,FALSE,,,PSA 9 Dark Blastoise Holo 2000 Team Rocket Pokemon - English Unlimited #3 3/82,https://www.ebay.es/itm/227333614474,PriceCharting
Team Rocket,Dark Blastoise,3/82,Unlimited,PSA 10,2024-10-13,1499.99,USD,eBay,unknown,FALSE,,,Dark Blastoise Holo PSA 10 Gem Mint Team Rocket 1999 WOTC Pokemon 3/82 POP 59 #3,https://www.ebay.es/itm/196663575214,PriceCharting
Team Rocket,Dark Blastoise,3/82,Unlimited,PSA 10,2024-07-28,1210.00,USD,eBay,unknown,FALSE,,,PSA 10 - Dark Blastoise - #3 - Holo - Team Rocket - Pokemon Card,https://www.ebay.es/itm/195922925153,PriceCharting
Team Rocket,Dark Blastoise,3/82,Unlimited,PSA 10,2024-05-16,1293.89,USD,eBay,unknown,FALSE,,,PSA 10 - Pokemon Card - Team Rocket 3/82 - DARK BLASTOISE (holo) GEM MINT,https://www.ebay.es/itm/145424604186,PriceCharting
Team Rocket,Dark Blastoise,3/82,Unlimited,PSA 10,2024-01-01,1299.99,USD,eBay,unknown,FALSE,,,PSA 10 - Dark Blastoise - #3 - Holo - Team Rocket - Pokemon Card Low population #3,https://www.ebay.es/itm/315010465368,PriceCharting
Team Rocket,Dark Charizard,4/82,1st Edition,PSA 8,2026-09-28,1100.00,USD,eBay,unknown,FALSE,,,2000 Pokemon Team Rocket Dark Charizard Holo 1st Edition #4 PSA 8 NM-MT NEW CERT 4/82,https://www.ebay.es/itm/198661495203,PriceCharting
Team Rocket,Dark Charizard,4/82,1st Edition,PSA 8,2026-09-22,1200.00,USD,eBay,best offer,TRUE,,,2000 POKEMON TEAM ROCKET 1ST EDITION 4/82 DARK CHARIZARD-HOLO PSA 8 #4,https://www.ebay.es/itm/800315936143,PriceCharting
Team Rocket,Dark Charizard,4/82,1st Edition,PSA 8,2026-09-21,1300.00,USD,eBay,best offer,TRUE,,,2000 POKEMON ROCKET 1ST EDITION #4 DARK CHARIZARD-HOLO PSA 8 #4,https://www.ebay.es/itm/117411273150,PriceCharting
Team Rocket,Dark Charizard,4/82,1st Edition,PSA 8,2026-09-15,1450.00,USD,eBay,unknown,FALSE,,,2000 POKEMON FIRST EDITION DARK CHARIZARD-HOLO 1ST ED #4/82 ENG PSA 8 4/82,https://www.ebay.es/itm/267767388319,PriceCharting
Team Rocket,Dark Charizard,4/82,1st Edition,PSA 8,2026-09-11,1250.70,USD,eBay,best offer,TRUE,,,Pokemon Dark Charizard 4/82 - Team Rocket 1st Edition Holo Rare 2000 PSA 8 4/82,https://www.ebay.es/itm/407209050012,PriceCharting
Team Rocket,Dark Charizard,4/82,1st Edition,PSA 8,2026-09-07,1339.00,USD,eBay,unknown,FALSE,,,Pokemon Dark Charizard Holo Team Rocket 4 1st Edition PSA 8 #4,https://www.ebay.es/itm/287552954379,PriceCharting
Team Rocket,Dark Charizard,4/82,1st Edition,PSA 8,2026-09-07,1326.00,USD,eBay,unknown,FALSE,,,Pokemon Dark Charizard Holo Team Rocket 4 1st Edition PSA 8 #4,https://www.ebay.es/itm/287552954377,PriceCharting
Team Rocket,Dark Charizard,4/82,1st Edition,PSA 8,2026-08-31,1120.00,USD,eBay,unknown,FALSE,,,2000 POKEMON ROCKET 1ST EDITION #4 DARK CHARIZARD HOLO 4SC ELITE PSA 8,https://www.ebay.es/itm/366616481591,PriceCharting
Team Rocket,Dark Charizard,4/82,1st Edition,PSA 8,2026-08-26,1150.00,USD,eBay,best offer,TRUE,,,Pokemon Dark Charizard Team Rocket 1st Edition Holo #4 PSA 8 4/82,https://www.ebay.es/itm/407170140873,PriceCharting
Team Rocket,Dark Charizard,4/82,1st Edition,PSA 8,2026-08-13,1550.00,USD,eBay,unknown,FALSE,,,2000 Pokemon Team Rocket Dark Charizard Holo 1st Edition 4/82 PSA 8 4/82,https://www.ebay.es/itm/168552956408,PriceCharting
Team Rocket,Dark Charizard,4/82,1st Edition,PSA 8,2026-08-06,1075.00,USD,eBay,unknown,FALSE,,,2000 Pokemon Rocket 1st Edition #4 Dark Charizard Holo PSA 8 NM-MT,https://www.ebay.es/itm/800428910504,PriceCharting
Team Rocket,Dark Charizard,4/82,1st Edition,PSA 8,2026-07-29,1276.00,USD,eBay,unknown,FALSE,,,Pokemon TCG 2000 Dark Charizard Team Rocket 1st Edition Holo Rare #4 PSA 8 4/82,https://www.ebay.es/itm/188682588849,PriceCharting
Team Rocket,Dark Charizard,4/82,1st Edition,PSA 8,2026-07-27,1512.00,USD,eBay,unknown,FALSE,,,2000 Pokemon Team Rocket 1st Edition Holo Dark Charizard #4 PSA 8 NM-MT #4,https://www.ebay.es/itm/168543735108,PriceCharting
Team Rocket,Dark Charizard,4/82,1st Edition,PSA 8,2026-07-26,1300.00,USD,eBay,unknown,FALSE,,,Pokemon Dark Charizard Holo Team Rocket 4 1st Edition PSA 8 #4,https://www.ebay.es/itm/287401983919,PriceCharting
Team Rocket,Dark Charizard,4/82,1st Edition,PSA 8,2026-07-20,1276.00,USD,eBay,unknown,FALSE,,,2000 POKEMON TEAM ROCKET 1ST EDITION 4/82 DARK CHARIZARD-HOLO PSA 8 #4 4/82,https://www.ebay.es/itm/298500403515,PriceCharting
Team Rocket,Dark Charizard,4/82,1st Edition,PSA 8,2026-07-19,1687.25,USD,eBay,best offer,TRUE,,,2000 Pokemon 1st Edition Dark Charizard Team Rocket Rare Holo #4 PSA 8 NM-MT,https://www.ebay.es/itm/206408573347,PriceCharting
Team Rocket,Dark Charizard,4/82,1st Edition,PSA 9,2026-09-25,2900.00,USD,eBay,unknown,FALSE,,,1st Edtion 2000 Pokemon Dark Charizard Team Rocket 1st Edition Holo#4 PSA 9,https://www.ebay.es/itm/398059158609,PriceCharting
Team Rocket,Dark Charizard,4/82,1st Edition,PSA 9,2026-09-23,2737.48,USD,eBay,unknown,FALSE,,,Dark Charizard #4/82 Holo Team Rocket 1st Edition Pokemon 2000 PSA 9 4/82,https://www.ebay.es/itm/398370109227,PriceCharting
Team Rocket,Dark Charizard,4/82,1st Edition,PSA 9,2026-09-22,3200.00,USD,eBay,best offer,TRUE,,,2000 POKEMON ROCKET 1ST EDITION #4 DARK CHARIZARD-HOLO PSA 9 #4,https://www.ebay.es/itm/307092481093,PriceCharting
Team Rocket,Dark Charizard,4/82,1st Edition,PSA 9,2026-09-21,3050.00,USD,eBay,unknown,FALSE,,,Pokemon Dark Charizard Holo Team Rocket 4 1st Edition PSA 9 Mint #4,https://www.ebay.es/itm/287575938007,PriceCharting
Team Rocket,Dark Charizard,4/82,1st Edition,PSA 9,2026-09-18,2946.90,USD,eBay,best offer,TRUE,,,Pokémon Dark Charizard 4/82 1st Edition PSA 9 Team Rocket Pokemon Holo,https://www.ebay.es/itm/307174232986,PriceCharting
Team Rocket,Dark Charizard,4/82,1st Edition,PSA 9,2026-09-03,2750.00,USD,eBay,unknown,FALSE,,,1st Edtion 2000 Pokemon Dark Charizard Team Rocket 1st Edition Holo#4 PSA 9 #4,https://www.ebay.es/itm/198609104642,PriceCharting
Team Rocket,Dark Charizard,4/82,1st Edition,PSA 9,2026-08-30,2200.00,USD,eBay,best offer,TRUE,,,Pokémon TCG Dark Charizard 4/82 Team Rocket Holo 1st Edition PSA 9 4/82,https://www.ebay.es/itm/336767454035,PriceCharting
Team Rocket,Dark Charizard,4/82,1st Edition,PSA 9,2026-08-21,2750.00,USD,eBay,unknown,FALSE,,,2000 Pokemon Team Rocket First Edition Dark Charizard Holo #4/82 PSA 9,https://www.ebay.es/itm/128028062423,PriceCharting
Team Rocket,Dark Charizard,4/82,1st Edition,PSA 9,2026-08-11,2350.00,USD,eBay,unknown,FALSE,,,2000 Pokemon Team Rocket Dark Charizard 4/82 Holo 1st Edition PSA 9 English 4/82,https://www.ebay.es/itm/236999794455,PriceCharting
Team Rocket,Dark Charizard,4/82,1st Edition,PSA 9,2026-08-09,2650.00,USD,eBay,unknown,FALSE,,,Pokemon Dark Charizard Holo Team Rocket 4 1st Edition PSA 9 Mint #4,https://www.ebay.es/itm/287495265998,PriceCharting
Team Rocket,Dark Charizard,4/82,1st Edition,PSA 9,2026-08-09,2425.00,USD,eBay,unknown,FALSE,,,Pokemon Dark Charizard Holo Team Rocket 4 1st Edition PSA 9 Mint #4,https://www.ebay.es/itm/287495386812,PriceCharting
Team Rocket,Dark Charizard,4/82,1st Edition,PSA 9,2026-08-05,2380.00,USD,eBay,unknown,FALSE,,,2000 Pokemon Team Rocket First Edition Dark Charizard Holo #4/82 PSA 9,https://www.ebay.es/itm/128002697035,PriceCharting
Team Rocket,Dark Charizard,4/82,1st Edition,PSA 10,2026-09-27,33100.00,USD,eBay,unknown,FALSE,,,Pokemon Dark Charizard Holo Team Rocket 4 1st Edition PSA 10 Gem Mint #4,https://www.ebay.es/itm/287594621259,PriceCharting
Team Rocket,Dark Charizard,4/82,1st Edition,PSA 10,2026-09-27,22769.06,USD,eBay,unknown,FALSE,,,2000 POKEMON TEAM ROCKET FIRST EDITION #4/82 DARK CHARIZARD HOLO RARE PSA 10 4/82,https://www.ebay.es/itm/206563964369,PriceCharting
Team Rocket,Dark Charizard,4/82,1st Edition,PSA 10,2026-09-24,24999.00,USD,eBay,unknown,FALSE,,,2000 POKEMON ROCKET 1ST EDITION #4 DARK CHARIZARD-HOLO PSA 10 #4,https://www.ebay.es/itm/298701068264,PriceCharting
Team Rocket,Dark Charizard,4/82,1st Edition,PSA 10,2026-09-13,20979.02,USD,eBay,unknown,FALSE,,,2000 POKEMON TEAM ROCKET FIRST EDITION #4/82 DARK CHARIZARD HOLO RARE PSA 10 4/82,https://www.ebay.es/itm/206537823438,PriceCharting
Team Rocket,Dark Charizard,4/82,1st Edition,PSA 10,2026-09-13,21808.09,USD,eBay,unknown,FALSE,,,2000 POKEMON TEAM ROCKET FIRST EDITION #4/82 DARK CHARIZARD HOLO RARE PSA 10 4/82,https://www.ebay.es/itm/206537823434,PriceCharting
Team Rocket,Dark Charizard,4/82,1st Edition,PSA 10,2026-08-30,21574.97,USD,eBay,unknown,FALSE,,,2000 POKEMON TEAM ROCKET FIRST EDITION #4/82 DARK CHARIZARD HOLO RARE PSA 10 4/82,https://www.ebay.es/itm/206510108085,PriceCharting
Team Rocket,Dark Charizard,4/82,1st Edition,PSA 10,2026-08-30,18051.06,USD,eBay,unknown,FALSE,,,2000 POKEMON TEAM ROCKET FIRST EDITION #4/82 DARK CHARIZARD HOLO RARE PSA 10 4/82,https://www.ebay.es/itm/206509498775,PriceCharting
Team Rocket,Dark Charizard,4/82,1st Edition,PSA 10,2026-08-16,21693.69,USD,eBay,unknown,FALSE,,,2000 POKEMON TEAM ROCKET FIRST EDITION #4/82 DARK CHARIZARD HOLO RARE PSA 10 4/82,https://www.ebay.es/itm/206472994383,PriceCharting
Team Rocket,Dark Charizard,4/82,1st Edition,PSA 10,2026-07-08,20000.00,USD,eBay,best offer,TRUE,,,2000 POKEMON ROCKET 1ST EDITION #4 DARK CHARIZARD-HOLO PSA 10 #4,https://www.ebay.es/itm/298468770596,PriceCharting
Team Rocket,Dark Charizard,4/82,1st Edition,PSA 10,2026-06-05,17000.00,USD,eBay,best offer,TRUE,,,2000 Pokemon Rocket Dark Charizard #4 - Gem Mint PSA 10 #4,https://www.ebay.es/itm/227373225214,PriceCharting
Team Rocket,Dark Charizard,4/82,1st Edition,PSA 10,2026-05-26,20000.00,USD,eBay,best offer,TRUE,,,PSA 10 GEM MINT Dark Charizard 4/82 1st Edition Team Rocket Holo Pokemon Card 4/82,https://www.ebay.es/itm/397774358031,PriceCharting
Team Rocket,Dark Charizard,4/82,1st Edition,PSA 10,2026-05-10,16961.00,USD,eBay,unknown,FALSE,,,Pokemon Dark Charizard Team Rocket 1st Edition Holo Rare #4 PSA 10 Gem Mint,https://www.ebay.es/itm/287304471046,PriceCharting
Team Rocket,Dark Charizard,4/82,1st Edition,PSA 10,2026-04-19,17426.20,USD,eBay,unknown,FALSE,,,DARK CHARIZARD HOLO FIRST EDITION POKEMON 4 2000 TEAM ROCKET - ENGLISH PSA 10,https://www.ebay.es/itm/137220257779,PriceCharting
Team Rocket,Dark Charizard,4/82,1st Edition,PSA 10,2026-04-05,19205.63,USD,eBay,unknown,FALSE,,,DARK CHARIZARD HOLO FIRST EDITION POKEMON 4 2000 TEAM ROCKET - ENGLISH PSA 10,https://www.ebay.es/itm/137166104822,PriceCharting
Team Rocket,Dark Charizard,4/82,1st Edition,PSA 10,2026-03-29,15344.14,USD,eBay,unknown,FALSE,,,2000 POKEMON ROCKET 1ST EDITION #4 DARK CHARIZARD HOLO PSA 10 #4,https://www.ebay.es/itm/306835702997,PriceCharting
Team Rocket,Dark Charizard,4/82,1st Edition,PSA 10,2026-03-28,7250.00,USD,eBay,unknown,FALSE,,,2000 Pokemon Dark Charizard Team Rocket 1st Edition Holo Rare #4 PSA 10 Gem Mint #4,https://www.ebay.es/itm/167678468255,PriceCharting
Team Rocket,Dark Charizard,4/82,1st Edition,PSA 10,2026-03-24,17655.00,USD,eBay,unknown,FALSE,,,2000 POKEMON ROCKET 1ST ED #4 DARK CHARIZARD-HOLO PSA 10 #4,https://www.ebay.es/itm/117089214355,PriceCharting
Team Rocket,Dark Charizard,4/82,1st Edition,PSA 10,2026-02-16,15600.00,USD,eBay,best offer,TRUE,,,🔥🔥2000 Pokemon Rocket #4 Dark Charizard -Holo 1ST Edition PSA 10 GEM MT. 🔥🔥 4/82,https://www.ebay.es/itm/127682850962,PriceCharting
Team Rocket,Dark Charizard,4/82,1st Edition,PSA 10,2026-02-16,16500.00,USD,eBay,best offer,TRUE,,,Dark Charizard 1st Edition #4 - Holo PSA 10 - 2000 Team Rocket Vintage Pokémon 4/82,https://www.ebay.es/itm/267575574491,PriceCharting
Team Rocket,Dark Charizard,4/82,1st Edition,PSA 10,2026-02-02,21000.00,USD,eBay,best offer,TRUE,,,2000 POKEMON ROCKET 1ST ED #4 DARK CHARIZARD-HOLO PSA 10 #4,https://www.ebay.es/itm/116997775309,PriceCharting
Team Rocket,Dark Charizard,4/82,1st Edition,PSA 10,2026-02-02,14400.00,USD,eBay,unknown,FALSE,,,Pokemon Dark Charizard Team Rocket 1st Edition Holo Rare #4 PSA 10 Gem Mint,https://www.ebay.es/itm/287093068988,PriceCharting
Team Rocket,Dark Charizard,4/82,1st Edition,PSA 10,2026-02-01,21450.00,USD,eBay,unknown,FALSE,,,🔥🔥2000 Pokemon Rocket #4 Dark Charizard -Holo 1ST Edition PSA 10 GEM MT. 🔥🔥 4/82,https://www.ebay.es/itm/127631377147,PriceCharting
Team Rocket,Dark Charizard,4/82,1st Edition,PSA 10,2025-12-22,10200.00,USD,eBay,unknown,FALSE,,,2000 POKEMON ROCKET 1ST EDITION #4 DARK CHARIZARD-HOLO PSA 10 #4,https://www.ebay.es/itm/297831511465,PriceCharting
Team Rocket,Dark Charizard,4/82,1st Edition,PSA 10,2025-11-10,8100.00,USD,eBay,unknown,FALSE,,,Pokemon Dark Charizard Team Rocket 1st Edition Holo Rare #4 PSA 10 Gem Mint,https://www.ebay.es/itm/286909224041,PriceCharting
Team Rocket,Dark Charizard,4/82,1st Edition,PSA 10,2025-11-02,8685.10,USD,eBay,unknown,FALSE,,,Pokemon Dark Charizard Team Rocket 1st Edition Holo Rare #4 PSA 10 Gem Mint,https://www.ebay.es/itm/286898180659,PriceCharting
Team Rocket,Dark Charizard,4/82,1st Edition,PSA 10,2025-11-02,8280.88,USD,eBay,unknown,FALSE,,,Pokemon Cards - PSA 10 1st Edition Dark Charizard 4/82 Team Rocket SWIRL GEM MT,https://www.ebay.es/itm/286892841905,PriceCharting
Team Rocket,Dark Charizard,4/82,1st Edition,PSA 10,2025-10-26,8650.00,USD,eBay,best offer,TRUE,,,Pokemon Dark Charizard Team Rocket 1st Edition Holo Rare #4 PSA 10 Gem Mint #4,https://www.ebay.es/itm/326829711773,PriceCharting
Team Rocket,Dark Charizard,4/82,1st Edition,PSA 10,2025-10-23,8750.00,USD,eBay,unknown,FALSE,,,Pokemon Dark Charizard Holo #4 1st Edition PSA 10 4/82,https://www.ebay.es/itm/187673490983,PriceCharting
Team Rocket,Dark Charizard,4/82,Unlimited,PSA 8,2026-09-26,553.99,USD,eBay,unknown,FALSE,,,2000 POKEMON TEAM ROCKET DARK CHARIZARD HOLO RARE #4/82 WOTC PSA 8 #4,https://www.ebay.es/itm/307189209460,PriceCharting
Team Rocket,Dark Charizard,4/82,Unlimited,PSA 8,2026-09-23,450.00,USD,eBay,unknown,FALSE,,,Pokémon Dark Charizard 4/82 Team Rocket Holo PSA 8 4/82,https://www.ebay.es/itm/318905556726,PriceCharting
Team Rocket,Dark Charizard,4/82,Unlimited,PSA 8,2026-09-21,470.00,USD,eBay,unknown,FALSE,,,Pokemon 2000 Dark Charizard 4/82 Holo Rare Team Rocket PSA 8 4/82,https://www.ebay.es/itm/407208468666,PriceCharting
Team Rocket,Dark Charizard,4/82,Unlimited,PSA 8,2026-09-15,450.00,USD,eBay,best offer,TRUE,,,The Pokémon Company 2000 Team Rocket Dark Charizard Holo 4/82 PSA 8 English 4/82,https://www.ebay.es/itm/407205199216,PriceCharting
Team Rocket,Dark Charizard,4/82,Unlimited,PSA 8,2026-09-15,575.00,USD,eBay,unknown,FALSE,,,Pokemon 2000 Dark Charizard holo Psa 8 Team Rocket 4/82 4/82,https://www.ebay.es/itm/168676707948,PriceCharting
Team Rocket,Dark Charizard,4/82,Unlimited,PSA 8,2026-09-09,649.52,USD,eBay,unknown,FALSE,,,Dark Charizard - 4/82 - Holo Rare - Team Rocket - Pokemon Card - PSA 8 #4,https://www.ebay.es/itm/287573368804,PriceCharting
Team Rocket,Dark Charizard,4/82,Unlimited,PSA 8,2026-09-07,440.00,USD,eBay,unknown,FALSE,,,2000 POKEMON ROCKET #4 DARK CHARIZARD-HOLO PSA 8 #4,https://www.ebay.es/itm/307145936201,PriceCharting
Team Rocket,Dark Charizard,4/82,Unlimited,PSA 8,2026-09-06,599.99,USD,eBay,unknown,FALSE,,,2000 POKEMON ROCKET #4 DARK CHARIZARD-HOLO PSA 8 #4,https://www.ebay.es/itm/307147388840,PriceCharting
Team Rocket,Dark Charizard,4/82,Unlimited,PSA 8,2026-09-04,495.00,USD,eBay,unknown,FALSE,,,Pokemon TCG PSA 8 Dark Charizard 4/82 Team Rocket Holo Rare EN 2000 4/82,https://www.ebay.es/itm/377462661238,PriceCharting
Team Rocket,Dark Charizard,4/82,Unlimited,PSA 8,2026-09-03,600.00,USD,eBay,unknown,FALSE,,,2000 POKEMON ROCKET #4 DARK CHARIZARD-HOLO PSA 8 #4,https://www.ebay.es/itm/307145855573,PriceCharting
Team Rocket,Dark Charizard,4/82,Unlimited,PSA 8,2026-08-27,520.00,USD,eBay,unknown,FALSE,,,2000 POKEMON ROCKET #4 DARK CHARIZARD-HOLO PSA 8 #4,https://www.ebay.es/itm/117365757066,PriceCharting
Team Rocket,Dark Charizard,4/82,Unlimited,PSA 8,2026-08-27,430.01,USD,eBay,unknown,FALSE,,,DARK CHARIZARD 2000 POKEMON TEAM ROCKET 4/82 RARE HOLO PSA 8 Q1048 4/82,https://www.ebay.es/itm/278296021482,PriceCharting
Team Rocket,Dark Charizard,4/82,Unlimited,PSA 8,2026-08-23,480.00,USD,eBay,best offer,TRUE,,,2000 Pokemon Team Rocket Dark Charizard Holo #4/82 PSA 8 4/82,https://www.ebay.es/itm/407160984676,PriceCharting
Team Rocket,Dark Charizard,4/82,Unlimited,PSA 8,2026-08-09,923.56,USD,eBay,unknown,FALSE,,,Pokemon PSA 8 Dark Charizard #4 Holo Team Rocket 2000 English,https://www.ebay.es/itm/287441306643,PriceCharting
Team Rocket,Dark Charizard,4/82,Unlimited,PSA 8,2026-08-09,431.16,USD,eBay,unknown,FALSE,,,2000 POKEMON TEAM ROCKET #4/82 DARK CHARIZARD HOLO PSA 8 4/82,https://www.ebay.es/itm/206457548146,PriceCharting
Team Rocket,Dark Charizard,4/82,Unlimited,PSA 8,2026-08-06,549.00,USD,eBay,unknown,FALSE,,,Pokemon Dark Charizard Holo Team Rocket Unlimited 4 PSA 8 #4,https://www.ebay.es/itm/287491503039,PriceCharting
Team Rocket,Dark Charizard,4/82,Unlimited,PSA 9,2026-09-20,900.00,USD,eBay,unknown,FALSE,,,PSA 9 Mint 2000 Pokemon TCG Team Rocket Dark Charizard Holo Rare 4/82 ENG 4/82,https://www.ebay.es/itm/318648648733,PriceCharting
Team Rocket,Dark Charizard,4/82,Unlimited,PSA 9,2026-09-19,950.00,USD,eBay,best offer,TRUE,,,Dark Charizard #4 Team Rocket Holo Rare [PSA 9 Mint] Unlimited 2000 Pokemon WOTC 4/82,https://www.ebay.es/itm/227495877226,PriceCharting
Team Rocket,Dark Charizard,4/82,Unlimited,PSA 9,2026-09-08,920.00,USD,eBay,unknown,FALSE,,,2000 Pokemon Team Rocket Dark Charizard Holo #4/82 PSA 9,https://www.ebay.es/itm/128053763552,PriceCharting
Team Rocket,Dark Charizard,4/82,Unlimited,PSA 9,2026-08-14,986.55,USD,eBay,best offer,TRUE,,,PSA 9 Dark Charizard Holo 4/82 Team Rocket Unlimited 2000 Pokémon WOTC Mint 4/82,https://www.ebay.es/itm/407124215547,PriceCharting
Team Rocket,Dark Charizard,4/82,Unlimited,PSA 9,2026-07-26,840.91,USD,eBay,unknown,FALSE,,,Pokemon Card - PSA 9 Dark Charizard 4/82 - Team Rocket Holo - MINT PSA9 4/82,https://www.ebay.es/itm/137527233251,PriceCharting
Team Rocket,Dark Charizard,4/82,Unlimited,PSA 9,2026-07-21,850.00,USD,eBay,best offer,TRUE,,,2000 Pokémon Team Rocket Dark Charizard Holo 4/82 PSA 9 Mint 🔥 4/82,https://www.ebay.es/itm/188668016965,PriceCharting
Team Rocket,Dark Charizard,4/82,Unlimited,PSA 9,2026-07-19,925.00,USD,eBay,best offer,TRUE,,,Dark Charizard 4 4/82 - Team Rocket Holo - PSA 9 - Pokemon TCG,https://www.ebay.es/itm/318588157269,PriceCharting
Team Rocket,Dark Charizard,4/82,Unlimited,PSA 9,2026-07-15,787.55,USD,eBay,unknown,FALSE,,,DARK CHARIZARD 2000 POKEMON TEAM ROCKET HOLO #4/82 GEM MINT PSA 9 Q7441 #4,https://www.ebay.es/itm/278163392389,PriceCharting
Team Rocket,Dark Charizard,4/82,Unlimited,PSA 9,2026-07-09,966.37,USD,eBay,unknown,FALSE,,,PSA 9 Dark Charizard Holo #4 2000 Team Rocket Vintage WOTC Pokemon Card #4,https://www.ebay.es/itm/227416260307,PriceCharting
Team Rocket,Dark Charizard,4/82,Unlimited,PSA 9,2026-07-03,983.89,USD,eBay,unknown,FALSE,,,PSA 9 Dark Charizard Holo #4 2000 Team Rocket Vintage WOTC Pokemon Card #4,https://www.ebay.es/itm/227386639514,PriceCharting
Team Rocket,Dark Charizard,4/82,Unlimited,PSA 9,2026-06-27,930.00,USD,eBay,unknown,FALSE,,,2000 Pokemon Rocket Dark Charizard Holo #4 PSA 9 English Team Rocket #4,https://www.ebay.es/itm/307014657399,PriceCharting
Team Rocket,Dark Charizard,4/82,Unlimited,PSA 10,2026-05-10,8822.02,USD,eBay,unknown,FALSE,,,Pokemon Rocket Dark Charizard- Holo #4 Psa 10 Gem Mint!,https://www.ebay.es/itm/318244135162,PriceCharting
Team Rocket,Dark Charizard,4/82,Unlimited,PSA 10,2026-04-21,18888.00,USD,eBay,unknown,FALSE,,,1999 Pokemon Dark Charizard 4/82 Team Rocket Holo Psa 10 4/82,https://www.ebay.es/itm/267634689183,PriceCharting
Team Rocket,Dark Charizard,4/82,Unlimited,PSA 10,2026-03-25,12750.00,USD,eBay,best offer,TRUE,,,2000 Pokemon Rocket Unlimited Dark Charizard #4 - PSA 10 WOTC UNBELIEVABLE SWIRL #4,https://www.ebay.es/itm/227257341800,PriceCharting
Team Rocket,Dark Charizard,4/82,Unlimited,PSA 10,2026-03-15,15000.00,USD,eBay,unknown,FALSE,,,2000 Pokemon Rocket Unlimited Dark Charizard #4 - PSA 10 WOTC UNBELIEVABLE SWIRL #4,https://www.ebay.es/itm/326950212950,PriceCharting
Team Rocket,Dark Charizard,4/82,Unlimited,PSA 10,2026-02-25,6900.00,USD,eBay,best offer,TRUE,,,2000 Pokemon Rocket Unlimited Dark Charizard #4 - PSA 10 4/82,https://www.ebay.es/itm/298046454525,PriceCharting
Team Rocket,Dark Charizard,4/82,Unlimited,PSA 10,2026-01-22,4050.76,USD,eBay,best offer,TRUE,,,2000 Pokemon Dark Charizard Team Rocket Unlimited Holo Rare #4 PSA 10 GEM MINT,https://www.ebay.es/itm/205755968953,PriceCharting
Team Rocket,Dark Charizard,4/82,Unlimited,PSA 10,2025-12-03,2900.00,USD,eBay,unknown,FALSE,,,2000 Pokemon Dark Charizard Team Rocket Unlimited Holo Rare #4 PSA 10 GEM MINT,https://www.ebay.es/itm/317619129465,PriceCharting
Team Rocket,Dark Charizard,4/82,Unlimited,PSA 10,2025-11-23,3999.99,USD,eBay,unknown,FALSE,,,2000 POKEMON ROCKET #4 DARK CHARIZARD-HOLO PSA 10 #4,https://www.ebay.es/itm/116892103778,PriceCharting
Team Rocket,Dark Charizard,4/82,Unlimited,PSA 10,2025-10-14,3750.00,USD,eBay,unknown,FALSE,,,2000 Pokemon Rocket #4 Dark Charizard Holo PSA 10 GEM MINT,https://www.ebay.es/itm/389046240626,PriceCharting
Team Rocket,Dark Charizard,4/82,Unlimited,PSA 10,2025-10-05,4701.00,USD,eBay,unknown,FALSE,,,Pokemon Dark Charizard Team Rocket Unlimited Holo Rare #4 PSA 10 Gem Mint,https://www.ebay.es/itm/286840497445,PriceCharting
Team Rocket,Dark Charizard,4/82,Unlimited,PSA 10,2025-08-28,3700.00,USD,eBay,unknown,FALSE,,,Pokemon Dark Charizard Team Rocket Unlimited Holo Rare #4 PSA 10 Gem Mint,https://www.ebay.es/itm/286754069877,PriceCharting
Team Rocket,Dark Charizard,4/82,Unlimited,PSA 10,2025-08-25,3999.99,USD,eBay,unknown,FALSE,,,Pokemon Dark Charizard Team Rocket Unlimited Holo Rare #4 PSA 10 Gem Mint,https://www.ebay.es/itm/286716206063,PriceCharting
Team Rocket,Dark Charizard,4/82,Unlimited,PSA 10,2025-07-21,3575.00,USD,eBay,unknown,FALSE,,,Pokemon Dark Charizard Team Rocket Unlimited Holo Rare #4 PSA 10 Gem Mint,https://www.ebay.es/itm/286700493136,PriceCharting
Team Rocket,Dark Charizard,4/82,Unlimited,PSA 10,2025-07-20,3800.00,USD,eBay,unknown,FALSE,,,Pokemon Dark Charizard Team Rocket Unlimited Holo Rare #4 PSA 10 Gem Mint,https://www.ebay.es/itm/286702104365,PriceCharting
Team Rocket,Dark Charizard,4/82,Unlimited,PSA 10,2025-06-25,3650.00,USD,eBay,unknown,FALSE,,,54419594 DARK CHARIZARD 2000 Pokemon Team Rocket 4 Holo PSA 10,https://www.ebay.es/itm/157116674153,PriceCharting
Team Rocket,Dark Charizard,4/82,Unlimited,PSA 10,2025-05-24,3395.00,USD,eBay,unknown,FALSE,,,PSA 10 GEM MINT Dark Charizard 4/82 Team Rocket HOLO RARE Pokemon Card 4/82,https://www.ebay.es/itm/256930950419,PriceCharting
Team Rocket,Dark Charizard,4/82,Unlimited,PSA 10,2025-04-02,2500.00,USD,eBay,unknown,FALSE,,,2000 POKEMON ROCKET #4 DARK CHARIZARD-HOLO PSA 10 #4,https://www.ebay.es/itm/306001717874,PriceCharting
Team Rocket,Dark Charizard,4/82,Unlimited,PSA 10,2025-04-02,2441.00,USD,eBay,unknown,FALSE,,,2000 POKEMON ROCKET #4 DARK CHARIZARD-HOLO PSA 10 #4,https://www.ebay.es/itm/306047731853,PriceCharting
Team Rocket,Dark Charizard,4/82,Unlimited,PSA 10,2025-04-02,2900.00,USD,eBay,unknown,FALSE,,,2000 POKEMON ROCKET #4 DARK CHARIZARD-HOLO PSA 10 #4,https://www.ebay.es/itm/306114492524,PriceCharting
Team Rocket,Dark Charizard,4/82,Unlimited,PSA 10,2025-03-10,1800.00,USD,eBay,unknown,FALSE,,,2000 POKEMON ROCKET #4 DARK CHARIZARD-HOLO PSA 10 #4,https://www.ebay.es/itm/286379945036,PriceCharting
Team Rocket,Dark Charizard,4/82,Unlimited,PSA 10,2025-02-09,1803.71,USD,eBay,unknown,FALSE,,,Pokemon Cards - PSA 10 Dark Charizard 4/82 - Team Rocket -Unlimited Holo GEM MT,https://www.ebay.es/itm/286273273113,PriceCharting
Team Rocket,Dark Charizard,4/82,Unlimited,PSA 10,2025-02-06,1727.92,USD,eBay,unknown,FALSE,,,2000 Pokemon Team Rocket Dark Charizard Holo Rare 4/82 PSA 10 GEM MINT - SWIRL!,https://www.ebay.es/itm/167298502099,PriceCharting
Team Rocket,Dark Charizard,4/82,Unlimited,PSA 10,2024-11-24,1450.00,USD,eBay,unknown,FALSE,,,Pokemon Dark Charizard Team Rocket Unlimited Holo Rare #4 PSA 10 Gem Mint,https://www.ebay.es/itm/286166389338,PriceCharting
Team Rocket,Dark Charizard,4/82,Unlimited,PSA 10,2024-11-23,1400.00,USD,eBay,unknown,FALSE,,,2000 Pokemon Dark Charizard 4/82 Team Rocket Unlimited HOLO PSA 10 4/82,https://www.ebay.es/itm/326348515120,PriceCharting
Team Rocket,Dark Charizard,4/82,Unlimited,PSA 10,2024-11-10,1133.30,USD,eBay,unknown,FALSE,,,Pokemon Dark Charizard 4/82 Team Rocket Unlimited HOLO PSA 10 4/82,https://www.ebay.es/itm/395858925361,PriceCharting
Team Rocket,Dark Charizard,4/82,Unlimited,PSA 10,2024-10-12,2500.00,USD,eBay,unknown,FALSE,,,PSA 10 GEM MINT Dark Charizard 4/82 Team Rocket HOLO RARE Pokemon Card Swirl 4/82,https://www.ebay.es/itm/126703308565,PriceCharting
Team Rocket,Dark Charizard,4/82,Unlimited,PSA 10,2024-08-05,1300.00,USD,eBay,unknown,FALSE,,,Dark Charizard PSA 10 4 Holo 2000 Team Rocket Unlimited Pokémon Card WOTC #4,https://www.ebay.es/itm/276573946332,PriceCharting
Team Rocket,Dark Charizard,4/82,Unlimited,PSA 10,2024-05-28,1375.00,USD,eBay,unknown,FALSE,,,2000 Pokemon Rocket #4 Dark Charizard - Holo PSA 10 GEM MINT,https://www.ebay.es/itm/375440669396,PriceCharting
Team Rocket,Dark Charizard,4/82,Unlimited,PSA 10,2024-02-01,1700.00,USD,eBay,unknown,FALSE,,,PSA 10 Gem Mint Dark Charizard 4/82 Team Rocket Unlimited HOLO Pokemon Swirl 🍥,https://www.ebay.es/itm/266625356326,PriceCharting
Team Rocket,Dark Charizard,4/82,Unlimited,PSA 10,2024-01-31,1325.00,USD,eBay,unknown,FALSE,,,DARK CHARIZARD PSA 10 2000 POKEMON ROCKET #4 HOLO GEM MINT 6657,https://www.ebay.es/itm/176213651790,PriceCharting
Team Rocket,Dark Dragonite,5/82,1st Edition,PSA 8,2026-09-27,671.00,USD,eBay,unknown,FALSE,,,2000 Pokemon Team Rocket First Edition Dark Dragonite Holo #5/82 PSA 8,https://www.ebay.es/itm/128091419490,PriceCharting
Team Rocket,Dark Dragonite,5/82,1st Edition,PSA 8,2026-09-21,645.00,USD,eBay,unknown,FALSE,,,2000 Pokemon Team Rocket First Edition Dark Dragonite Rare Holo #5/82 PSA 8,https://www.ebay.es/itm/128081135001,PriceCharting
Team Rocket,Dark Dragonite,5/82,1st Edition,PSA 8,2026-08-22,613.88,USD,eBay,unknown,FALSE,,,The Pokémon Company 2000 Dark Dragonite 5/82 Team Rocket Holo 1st PSA 8 5/82,https://www.ebay.es/itm/168615617363,PriceCharting
Team Rocket,Dark Dragonite,5/82,1st Edition,PSA 8,2026-08-02,665.00,USD,eBay,unknown,FALSE,,,Pokemon Dark Dragonite Holo Team Rocket 5 1st Edition PSA 8 #5,https://www.ebay.es/itm/287481268392,PriceCharting
Team Rocket,Dark Dragonite,5/82,1st Edition,PSA 8,2026-07-30,700.00,USD,eBay,unknown,FALSE,,,PSA 8 Dark Dragonite 5/82 1ST EDITION - Team Rocket Holo - VINTAGE POKEMON 5/82,https://www.ebay.es/itm/287478493544,PriceCharting
Team Rocket,Dark Dragonite,5/82,1st Edition,PSA 8,2026-07-29,931.00,USD,eBay,unknown,FALSE,,,POKEMON DARK DRAGONITE 2000 ROCKET #5 1ST EDITION HOLO PSA 8 #5,https://www.ebay.es/itm/800389080082,PriceCharting
Team Rocket,Dark Dragonite,5/82,1st Edition,PSA 8,2026-07-29,710.20,USD,eBay,best offer,TRUE,,,Dark Dragonite Pokemon Team Rocket Holo 1st Edition 5/82 PSA 8 5/82,https://www.ebay.es/itm/137537830707,PriceCharting
Team Rocket,Dark Dragonite,5/82,1st Edition,PSA 8,2026-07-25,804.99,USD,eBay,unknown,FALSE,,,Pokemon Graded: Dark Dragonite 1st Edition 5/82 Team Rocket (2000) Holo PSA 8,https://www.ebay.es/itm/318629982369,PriceCharting
Team Rocket,Dark Dragonite,5/82,1st Edition,PSA 8,2026-07-23,705.00,USD,eBay,unknown,FALSE,,,2000 Pokemon TCG Team Rocket 1st Edition Dark Dragonite #5 Holo PSA 8 5/82,https://www.ebay.es/itm/318620124639,PriceCharting
Team Rocket,Dark Dragonite,5/82,1st Edition,PSA 8,2026-07-21,710.00,USD,eBay,unknown,FALSE,,,2000 POKEMON TEAM ROCKET #5 DARK DRAGONITE 1ST EDITION HOLO PSA 8 #5,https://www.ebay.es/itm/206415687739,PriceCharting
Team Rocket,Dark Dragonite,5/82,1st Edition,PSA 8,2026-07-19,700.00,USD,eBay,unknown,FALSE,,,2000 POKEMON TEAM ROCKET #5 DARK DRAGONITE 1ST EDITION HOLO PSA 8 #5,https://www.ebay.es/itm/206415690703,PriceCharting
Team Rocket,Dark Dragonite,5/82,1st Edition,PSA 8,2026-07-05,640.00,USD,eBay,best offer,TRUE,,,The Pokemon Company 2000 Team Rocket Dark Dragonite 5/82 1st Ed Holo PSA 8 5/82,https://www.ebay.es/itm/358756410960,PriceCharting
Team Rocket,Dark Dragonite,5/82,1st Edition,PSA 9,2026-09-26,1616.84,USD,eBay,best offer,TRUE,,,PSA 9 Dark Dragonite 1st Edition Holo 5/82 (2000) Team Rocket Pokémon TCG 5/82,https://www.ebay.es/itm/407234411785,PriceCharting
Team Rocket,Dark Dragonite,5/82,1st Edition,PSA 9,2026-09-26,1450.00,USD,eBay,best offer,TRUE,,,Pokemon TCG 2000 Team Rocket Dark Dragonite 1st Ed Holo 5/82 PSA 9 MINT 5/82,https://www.ebay.es/itm/800686455364,PriceCharting
Team Rocket,Dark Dragonite,5/82,1st Edition,PSA 9,2026-09-21,1525.00,USD,eBay,unknown,FALSE,,,Pokemon Dark Dragonite Holo Team Rocket 5 1st Edition PSA 9 Mint #5,https://www.ebay.es/itm/287575937943,PriceCharting
Team Rocket,Dark Dragonite,5/82,1st Edition,PSA 9,2026-09-16,1607.39,USD,eBay,unknown,FALSE,,,Dark Dragonite Holo 5/82 PSA 9 1st Edition Team Rocket Pokemon #5,https://www.ebay.es/itm/168683784450,PriceCharting
Team Rocket,Dark Dragonite,5/82,1st Edition,PSA 9,2026-09-16,1500.00,USD,eBay,unknown,FALSE,,,2000 Pokemon Team Rocket Dark Dragonite 1st Edition Holo #5 PSA 9 #5,https://www.ebay.es/itm/198637051634,PriceCharting
Team Rocket,Dark Dragonite,5/82,1st Edition,PSA 9,2026-08-16,1526.33,USD,eBay,unknown,FALSE,,,Pokemon Dark Dragonite Holo Team Rocket 5 1st Edition PSA 9 Mint #5,https://www.ebay.es/itm/287511103141,PriceCharting
Team Rocket,Dark Dragonite,5/82,1st Edition,PSA 9,2026-08-12,1511.73,USD,eBay,best offer,TRUE,,,Pokémon TCG Dark Dragonite 1st Edition Holo 5/82 Team Rocket Vintage WOTC PSA 9 5/82,https://www.ebay.es/itm/377410208155,PriceCharting
Team Rocket,Dark Dragonite,5/82,1st Edition,PSA 9,2026-07-26,1606.00,USD,eBay,unknown,FALSE,,,Pokemon Dark Dragonite Holo Team Rocket 5 1st Edition PSA 9 Mint #5,https://www.ebay.es/itm/287468652981,PriceCharting
Team Rocket,Dark Dragonite,5/82,1st Edition,PSA 9,2026-07-26,1471.00,USD,eBay,unknown,FALSE,,,Pokemon Dark Dragonite Holo Team Rocket 5 1st Edition PSA 9 Mint #5,https://www.ebay.es/itm/287468639327,PriceCharting
Team Rocket,Dark Dragonite,5/82,1st Edition,PSA 9,2026-07-20,1450.00,USD,eBay,unknown,FALSE,,,Pokemon Dark Dragonite Holo Team Rocket 5 1st Edition PSA 9 Mint #5,https://www.ebay.es/itm/287449790913,PriceCharting
Team Rocket,Dark Dragonite,5/82,1st Edition,PSA 9,2026-07-13,1525.00,USD,eBay,unknown,FALSE,,,PSA 9 MINT Dark Dragonite 5 Team Rocket 1st Edition Holo Pokemon Card - SWIRL #5,https://www.ebay.es/itm/147407879563,PriceCharting
Team Rocket,Dark Dragonite,5/82,1st Edition,PSA 9,2026-07-10,1350.00,USD,eBay,best offer,TRUE,,,Pokemon TCG Dark Dragonite PSA 9 2000 Team Rocket 1st Edition Holo 5/82 5/82,https://www.ebay.es/itm/158060234694,PriceCharting
Team Rocket,Dark Dragonite,5/82,1st Edition,PSA 10,2026-09-04,29999.99,USD,eBay,unknown,FALSE,,,PSA 10 GEM MINT Dark Dragonite 5/82 HOLO Team Rocket 1ST EDITION Pokemon Card,https://www.ebay.es/itm/318673011673,PriceCharting
Team Rocket,Dark Dragonite,5/82,1st Edition,PSA 10,2026-09-04,20999.00,USD,eBay,unknown,FALSE,,,Pokemon Dark Dragonite Holo Team Rocket 5 1st Edition PSA 10 Gem Mint #5,https://www.ebay.es/itm/287449771419,PriceCharting
Team Rocket,Dark Dragonite,5/82,1st Edition,PSA 10,2026-09-02,17902.00,USD,eBay,unknown,FALSE,,,2000 Pokemon Rocket 1st Edition #5 Dark Dragonite Holo PSA 10 GEM MINT,https://www.ebay.es/itm/800561764753,PriceCharting
Team Rocket,Dark Dragonite,5/82,1st Edition,PSA 10,2026-08-03,15100.00,USD,eBay,unknown,FALSE,,,2000 POKEMON ROCKET 1ST EDITION #5 DARK DRAGONITE HOLO PSA 10 #5,https://www.ebay.es/itm/800413327457,PriceCharting
Team Rocket,Dark Dragonite,5/82,1st Edition,PSA 10,2026-05-31,12100.00,USD,eBay,unknown,FALSE,,,2000 Pokemon Team Rocket 1st Edition #5/82 Dark Dragonite Holo PSA 10 GEM MINT 5/82,https://www.ebay.es/itm/397984907953,PriceCharting
Team Rocket,Dark Dragonite,5/82,1st Edition,PSA 10,2026-05-26,13900.00,USD,eBay,unknown,FALSE,,,2000 Pokemon Team Rocket 1st Edition #5/82 Dark Dragonite Holo PSA 10 GEM MINT,https://www.ebay.es/itm/366410910329,PriceCharting
Team Rocket,Dark Dragonite,5/82,1st Edition,PSA 10,2026-05-10,13100.00,USD,eBay,unknown,FALSE,,,1st Edition Dark Dragonite Team Rocket Holo SWIRL 🌀PSA 10 Pokemon 2000 #5 #5,https://www.ebay.es/itm/147302393978,PriceCharting
Team Rocket,Dark Dragonite,5/82,1st Edition,PSA 10,2026-05-09,14100.00,USD,eBay,unknown,FALSE,,,1st Edition Dark Dragonite Team Rocket Holo SWIRL 🌀PSA 10 Pokemon 2000 #5 #5,https://www.ebay.es/itm/147300871567,PriceCharting
Team Rocket,Dark Dragonite,5/82,1st Edition,PSA 10,2026-04-30,15000.00,USD,eBay,unknown,FALSE,,,1st Edition Dark Dragonite Team Rocket Holo SWIRL 🌀PSA 10 Pokemon 2000 #5 #5,https://www.ebay.es/itm/147284495240,PriceCharting
Team Rocket,Dark Dragonite,5/82,1st Edition,PSA 10,2026-04-20,12101.00,USD,eBay,unknown,FALSE,,,Pokemon Dark Dragonite Team Rocket 1st Edition Holo Rare #5 PSA 10 Gem Mint,https://www.ebay.es/itm/287265142398,PriceCharting
Team Rocket,Dark Dragonite,5/82,1st Edition,PSA 10,2026-03-30,15000.00,USD,eBay,unknown,FALSE,,,2000 Pokemon Rocket #5 Dark Dragonite Holo 1st Edition PSA 10 GEM MINT,https://www.ebay.es/itm/366295763643,PriceCharting
Team Rocket,Dark Dragonite,5/82,1st Edition,PSA 10,2026-03-27,14199.35,USD,eBay,unknown,FALSE,,,2000 POKEMON ROCKET 1ST EDITION #5 DARK DRAGONITE-HOLO PSA 10 #5,https://www.ebay.es/itm/306832256006,PriceCharting
Team Rocket,Dark Dragonite,5/82,1st Edition,PSA 10,2026-03-12,15101.00,USD,eBay,unknown,FALSE,,,2000 Pokemon Rocket #5 Dark Dragonite Holo 1st Edition PSA 10 GEM MINT,https://www.ebay.es/itm/389699739670,PriceCharting
Team Rocket,Dark Dragonite,5/82,1st Edition,PSA 10,2026-03-05,16000.00,USD,eBay,best offer,TRUE,,,Pokemon Dark Dragonite Team Rocket 1st Edition Holo Rare #5 PSA 10 Gem Mint #5,https://www.ebay.es/itm/317950453296,PriceCharting
Team Rocket,Dark Dragonite,5/82,1st Edition,PSA 10,2026-03-03,14000.00,USD,eBay,unknown,FALSE,,,Pokemon Dark Dragonite Team Rocket 1st Edition Holo Rare #5 PSA 10 Gem Mint,https://www.ebay.es/itm/287148715040,PriceCharting
Team Rocket,Dark Dragonite,5/82,1st Edition,PSA 10,2026-02-27,13500.00,USD,eBay,unknown,FALSE,,,Pokemon Dark Dragonite Team Rocket 1st Edition Holo Rare #5 PSA 10 Gem Mint #5,https://www.ebay.es/itm/287074691501,PriceCharting
Team Rocket,Dark Dragonite,5/82,1st Edition,PSA 10,2026-01-25,6158.70,USD,eBay,best offer,TRUE,,,Pokemon Dark Dragonite 1st Edition Holo Team Rocket PSA 10 #26681021,https://www.ebay.es/itm/236585600673,PriceCharting
Team Rocket,Dark Dragonite,5/82,1st Edition,PSA 10,2025-11-17,7700.00,USD,eBay,unknown,FALSE,,,Pokemon Dark Dragonite Team Rocket 1st Edition Holo Rare #5 PSA 10 Gem Mint,https://www.ebay.es/itm/286922290469,PriceCharting
Team Rocket,Dark Dragonite,5/82,1st Edition,PSA 10,2025-08-11,7000.00,USD,eBay,unknown,FALSE,,,2000 Pokémon Team Rocket 1ST EDITION Dark Dragonite Holo #5 PSA 10 GEM MINT #5,https://www.ebay.es/itm/157143815572,PriceCharting
Team Rocket,Dark Dragonite,5/82,1st Edition,PSA 10,2025-08-10,5901.00,USD,eBay,unknown,FALSE,,,Pokemon Dark Dragonite Team Rocket 1st Edition Holo Rare #5 PSA 10 Gem Mint,https://www.ebay.es/itm/286742725565,PriceCharting
Team Rocket,Dark Dragonite,5/82,1st Edition,PSA 10,2025-07-28,5225.00,USD,eBay,unknown,FALSE,,,Pokemon Dark Dragonite Team Rocket 1st Edition Holo Rare #5 PSA 10 Gem Mint,https://www.ebay.es/itm/286715576737,PriceCharting
Team Rocket,Dark Dragonite,5/82,1st Edition,PSA 10,2025-07-15,5125.00,USD,eBay,unknown,FALSE,,,2000 Pokemon Rocket 1st Edition #5 Dark Dragonite Holo PSA 10 GEM MINT,https://www.ebay.es/itm/388680679043,PriceCharting
Team Rocket,Dark Dragonite,5/82,1st Edition,PSA 10,2025-06-16,4817.60,USD,eBay,unknown,FALSE,,,2000 POKEMON ROCKET 1ST ED #5 DARK DRAGONITE-HOLO PSA 10 #5,https://www.ebay.es/itm/297383574770,PriceCharting
Team Rocket,Dark Dragonite,5/82,1st Edition,PSA 10,2025-03-17,3300.00,USD,eBay,unknown,FALSE,,,1st Edtion Dark Dragonite Holo PSA 10,https://www.ebay.es/itm/396329523178,PriceCharting
Team Rocket,Dark Dragonite,5/82,1st Edition,PSA 10,2025-03-10,4090.06,USD,eBay,unknown,FALSE,,,2000 POKEMON ROCKET 1ST EDITION #5 DARK DRAGONITE-HOLO PSA 10 #5,https://www.ebay.es/itm/297061737686,PriceCharting
Team Rocket,Dark Dragonite,5/82,1st Edition,PSA 10,2025-02-24,3250.00,USD,eBay,unknown,FALSE,,,2000 Pokemon Team Rocket 1st Edition Holo Dark Dragonite PSA 10 GEM MINT #5/82 5/82,https://www.ebay.es/itm/155108696181,PriceCharting
Team Rocket,Dark Dragonite,5/82,1st Edition,PSA 10,2025-02-10,3775.80,USD,eBay,unknown,FALSE,,,Dark Dragonite 1st Edition Holo Team Rocket PSA 10 Pokemon,https://www.ebay.es/itm/404658424357,PriceCharting
Team Rocket,Dark Dragonite,5/82,1st Edition,PSA 10,2025-01-28,4000.00,USD,eBay,unknown,FALSE,,,2000 POKEMON ROCKET 1ST EDITION DARK DRAGONITE HOLO #5 PSA 10 GEM MINT #5,https://www.ebay.es/itm/395346476546,PriceCharting
Team Rocket,Dark Dragonite,5/82,Unlimited,PSA 8,2026-09-26,315.00,USD,eBay,unknown,FALSE,,,2000 Pokémon Dark Dragonite HOLO RARE - Team Rocket - 5/82 PSA 8 NM-MINT 5/82,https://www.ebay.es/itm/307195700535,PriceCharting
Team Rocket,Dark Dragonite,5/82,Unlimited,PSA 8,2026-09-10,400.00,USD,eBay,unknown,FALSE,,,2000 Pokemon Dark Dragonite Team Rocket #5 FART SWIRL Holo PSA 8 #May-82,https://www.ebay.es/itm/188878126665,PriceCharting
Team Rocket,Dark Dragonite,5/82,Unlimited,PSA 8,2026-09-01,336.90,USD,eBay,unknown,FALSE,,,2000 Pokemon Team Rocket Dark Dragonite Holo #5/82 PSA 8,https://www.ebay.es/itm/377448270491,PriceCharting
Team Rocket,Dark Dragonite,5/82,Unlimited,PSA 8,2026-08-31,305.00,USD,eBay,unknown,FALSE,,,146764485 Dark Dragonite 2000 Pokemon Team Rocket #5 SWIRL Holo PSA 8 #May-82,https://www.ebay.es/itm/158210583578,PriceCharting
Team Rocket,Dark Dragonite,5/82,Unlimited,PSA 8,2026-08-18,532.88,USD,eBay,best offer,TRUE,,,PSA 8 DARK DRAGONITE 5/82 Holo Swirl Rare Team Rocket WOTC 2000 - Pokemon Card 5/82,https://www.ebay.es/itm/198536375632,PriceCharting
Team Rocket,Dark Dragonite,5/82,Unlimited,PSA 8,2026-08-07,300.00,USD,eBay,unknown,FALSE,,,Pokemon Dark Dragonite Team Rocket 5/82 Holo Rare Unlimited PSA 8 NM-MT 5/82,https://www.ebay.es/itm/257664244717,PriceCharting
Team Rocket,Dark Dragonite,5/82,Unlimited,PSA 8,2026-08-04,450.00,USD,eBay,best offer,TRUE,,,2000 Pokémon Team Rocket Dark Dragonite Holo RARE DOUBLE Swirl PSA 8 5/82,https://www.ebay.es/itm/236902222602,PriceCharting
Team Rocket,Dark Dragonite,5/82,Unlimited,PSA 8,2026-08-01,399.99,USD,eBay,unknown,FALSE,,,Pokemon Dark Dragonite Team Rocket 5/82 Holo Rare Unlimited PSA 8 NM-MT 5/82,https://www.ebay.es/itm/158010524556,PriceCharting
Team Rocket,Dark Dragonite,5/82,Unlimited,PSA 8,2026-07-12,299.00,USD,eBay,unknown,FALSE,,,Pokemon 2000 Team Rocket Dark Dragonite 5/82 Holo Swirl PSA 8 5/82,https://www.ebay.es/itm/377336004342,PriceCharting
Team Rocket,Dark Dragonite,5/82,Unlimited,PSA 8,2026-07-05,293.69,USD,eBay,unknown,FALSE,,,Pokemon Card Dark Dragonite 5/82 Team Rocket Set Holo Rare PSA 8 NM-MT 5/82,https://www.ebay.es/itm/267699723048,PriceCharting
Team Rocket,Dark Dragonite,5/82,Unlimited,PSA 8,2026-07-02,300.00,USD,eBay,unknown,FALSE,,,The Pokémon Company 2000 Team Rocket Dark Dragonite Holo Rare 5/82 PSA 8 5/82,https://www.ebay.es/itm/147411861122,PriceCharting
Team Rocket,Dark Dragonite,5/82,Unlimited,PSA 8,2026-06-30,310.00,USD,eBay,best offer,TRUE,,,Pokemon Dark Dragonite Team Rocket 5/82 Holo Rare Unlimited PSA 8 5/82,https://www.ebay.es/itm/267700312816,PriceCharting
Team Rocket,Dark Dragonite,5/82,Unlimited,PSA 8,2026-06-23,300.00,USD,eBay,unknown,FALSE,,,Wizards of the Coast 2000 Pokemon Dark Dragonite Holo Team Rocket 5/82 EN PSA 8 5/82,https://www.ebay.es/itm/117252123530,PriceCharting
Team Rocket,Dark Dragonite,5/82,Unlimited,PSA 9,2026-09-25,680.00,USD,eBay,unknown,FALSE,,,Pokemon 2000 Dark Dragonite 5/82 Holo Rare Team Rocket PSA 9 5/82,https://www.ebay.es/itm/407154938317,PriceCharting
Team Rocket,Dark Dragonite,5/82,Unlimited,PSA 9,2026-09-18,770.21,USD,eBay,unknown,FALSE,,,Dark Dragonite Holo Unlimited Team Rocket Pokemon Card Psa 9 Swirl #5,https://www.ebay.es/itm/398348326015,PriceCharting
Team Rocket,Dark Dragonite,5/82,Unlimited,PSA 9,2026-09-12,743.81,USD,eBay,unknown,FALSE,,,Dark Dragonite 5/82 Pokemon TCG Team Rocket Holo Rare WOTC 2000 SWIRL PSA 9 5/82,https://www.ebay.es/itm/237045093971,PriceCharting
Team Rocket,Dark Dragonite,5/82,Unlimited,PSA 9,2026-09-04,580.00,USD,eBay,unknown,FALSE,,,Pokemon TCG PSA 9 Dark Dragonite 5/82 Team Rocket Holo Rare EN 2000 5/82,https://www.ebay.es/itm/377471313940,PriceCharting
Team Rocket,Dark Dragonite,5/82,Unlimited,PSA 9,2026-08-13,680.00,USD,eBay,unknown,FALSE,,,Pokemon 2000 Dark Dragonite 5/82 Holo Team Rocket PSA 9 5/82,https://www.ebay.es/itm/407093618051,PriceCharting
Team Rocket,Dark Dragonite,5/82,Unlimited,PSA 9,2026-08-02,595.00,USD,eBay,unknown,FALSE,,,2000 Pokemon Team Rocket Dark Dragonite Holo #5/82 PSA 9,https://www.ebay.es/itm/127997415083,PriceCharting
Team Rocket,Dark Dragonite,5/82,Unlimited,PSA 9,2026-05-27,725.00,USD,eBay,unknown,FALSE,,,Pokemon 2000 Dark Dragonite 5/82 Holo Team Rocket PSA 9 5/82,https://www.ebay.es/itm/406909807402,PriceCharting
Team Rocket,Dark Dragonite,5/82,Unlimited,PSA 9,2026-05-24,440.00,USD,eBay,unknown,FALSE,,,Pokemon 2000 Dark Dragonite 5/82 Holo Team Rocket PSA 9 5/82,https://www.ebay.es/itm/157916860282,PriceCharting
Team Rocket,Dark Dragonite,5/82,Unlimited,PSA 9,2026-05-16,533.04,USD,eBay,unknown,FALSE,,,PSA 9 Dark Dragonite Holo 2000 Team Rocket Pokemon - English Unlimited #5 5/82,https://www.ebay.es/itm/227339737581,PriceCharting
Team Rocket,Dark Dragonite,5/82,Unlimited,PSA 9,2026-05-11,599.99,USD,eBay,unknown,FALSE,,,Dark Dragonite 5/82 Holo PSA 9 2000 Pokemon Team Rocket WOTC 5/82,https://www.ebay.es/itm/389972115729,PriceCharting
Team Rocket,Dark Dragonite,5/82,Unlimited,PSA 9,2026-05-10,510.00,USD,eBay,unknown,FALSE,,,Wizards of the Coast 2000 Pokemon Team Rocket Dark Dragonite Holo 5/82 PSA 9 5/82,https://www.ebay.es/itm/377163753052,PriceCharting
Team Rocket,Dark Dragonite,5/82,Unlimited,PSA 9,2026-05-10,520.00,USD,eBay,unknown,FALSE,,,Pokemon Dark Dragonite Team Rocket Unlimited Holo Rare #5 Scratched Slab PSA 9,https://www.ebay.es/itm/287301492474,PriceCharting
Team Rocket,Dark Dragonite,5/82,Unlimited,PSA 10,2026-05-11,7600.00,USD,eBay,unknown,FALSE,,,2000 POKEMON ROCKET #5 DARK DRAGONITE-HOLO PSA 10 #5,https://www.ebay.es/itm/298267385070,PriceCharting
Team Rocket,Dark Dragonite,5/82,Unlimited,PSA 10,2026-04-21,8000.00,USD,eBay,best offer,TRUE,,,Dark Dragonite Holo Unlimited PSA 10 5/82 English SWIRL 🌀 Pokémon Team Rocket 5/82,https://www.ebay.es/itm/147258799521,PriceCharting
Team Rocket,Dark Dragonite,5/82,Unlimited,PSA 10,2026-04-14,13500.00,USD,eBay,best offer,TRUE,,,Dark Dragonite Holo Unlimited PSA 10 5/82 English SWIRL 🌀 Pokémon Team Rocket 5/82,https://www.ebay.es/itm/147231400417,PriceCharting
Team Rocket,Dark Dragonite,5/82,Unlimited,PSA 10,2026-03-02,4800.00,USD,eBay,unknown,FALSE,,,Pokemon PSA 10 Dark Dragonite Holo 5/82 2000 Team Rocket 5/82,https://www.ebay.es/itm/177884305523,PriceCharting
Team Rocket,Dark Dragonite,5/82,Unlimited,PSA 10,2026-02-05,4650.00,USD,eBay,unknown,FALSE,,,Pokemon Dark Dragonite Team Rocket Unlimited Holo Rare #5 PSA 10 Gem Mint 5/82,https://www.ebay.es/itm/297985047207,PriceCharting
Team Rocket,Dark Dragonite,5/82,Unlimited,PSA 10,2025-11-21,2607.80,USD,eBay,unknown,FALSE,,,2000 POKEMON TEAM ROCKET #5/82 DARK DRAGONITE HOLO PSA 10 5/82,https://www.ebay.es/itm/205845029116,PriceCharting
Team Rocket,Dark Dragonite,5/82,Unlimited,PSA 10,2025-07-28,2400.00,USD,eBay,unknown,FALSE,,,Pokemon Dark Dragonite Team Rocket Unlimited Holo Rare #5 PSA 10 Gem Mint,https://www.ebay.es/itm/286720218606,PriceCharting
Team Rocket,Dark Dragonite,5/82,Unlimited,PSA 10,2025-07-13,3207.00,USD,eBay,unknown,FALSE,,,Pokemon Dark Dragonite Team Rocket Unlimited Holo Rare #5 PSA 10 Gem Mint,https://www.ebay.es/itm/286690740402,PriceCharting
Team Rocket,Dark Dragonite,5/82,Unlimited,PSA 10,2025-06-13,3150.00,USD,eBay,unknown,FALSE,,,2000 Pokemon Team Rocket #5 Dark Dragonite Holo PSA 10 GEM MINT,https://www.ebay.es/itm/365651961979,PriceCharting
Team Rocket,Dark Dragonite,5/82,Unlimited,PSA 10,2025-05-23,3250.00,USD,eBay,unknown,FALSE,,,2000 Pokemon Team Rocket #5 Dark Dragonite Holo PSA 10 GEM MINT,https://www.ebay.es/itm/388421889566,PriceCharting
Team Rocket,Dark Dragonite,5/82,Unlimited,PSA 10,2024-10-24,1165.00,USD,eBay,unknown,FALSE,,,Pokemon Dark Dragonite Team Rocket Holo PSA 10 GEM MINT #5/82 2000 Big Swirl! #5,https://www.ebay.es/itm/116359685364,PriceCharting
Team Rocket,Dark Dragonite,5/82,Unlimited,PSA 10,2024-09-25,1250.00,USD,eBay,unknown,FALSE,,,PSA 10 Dark Dragonite Holo #5 Team Rocket 2000 Pokemon POP 50 GEM MINT 5/82,https://www.ebay.es/itm/156426462202,PriceCharting
Team Rocket,Dark Dugtrio,6/82,1st Edition,PSA 8,2026-09-28,160.00,USD,eBay,unknown,FALSE,,,Pokémon English Team Rocket 1st Edition PSA 8 Dark Dugtrio Holo 6/82 NEW CERT #6,https://www.ebay.es/itm/820159238990,PriceCharting
Team Rocket,Dark Dugtrio,6/82,1st Edition,PSA 8,2026-09-14,102.99,USD,eBay,unknown,FALSE,,,2000 Pokemon Dark Dugtrio 6/82 Rare Holo PSA 8 NM-MINT 6/82,https://www.ebay.es/itm/206549289130,PriceCharting
Team Rocket,Dark Dugtrio,6/82,1st Edition,PSA 8,2026-09-13,158.37,USD,eBay,unknown,FALSE,,,2000 POKEMON ROCKET #6 DARK DUGTRIO-HOLO 1ST EDITION PSA 8 #6,https://www.ebay.es/itm/307158161944,PriceCharting
Team Rocket,Dark Dugtrio,6/82,1st Edition,PSA 8,2026-09-12,95.00,USD,eBay,best offer,TRUE,,,2000 Pokemon Dark Dugtrio 6/82 Rare Holo PSA 8 NM-MINT SWIRL 6/82,https://www.ebay.es/itm/267727677656,PriceCharting
Team Rocket,Dark Dugtrio,6/82,1st Edition,PSA 8,2026-09-12,170.87,USD,eBay,unknown,FALSE,,,Dark Dugtrio Holo Team Rocket 1st Edition PSA 8 NM-MINT 2000 WOTC Pokemon,https://www.ebay.es/itm/257728020338,PriceCharting
Team Rocket,Dark Dugtrio,6/82,1st Edition,PSA 8,2026-09-08,179.99,USD,eBay,unknown,FALSE,,,2000 POKEMON ROCKET 1ST EDITION #6 DARK DUGTRIO-HOLO PSA 8 #6,https://www.ebay.es/itm/117300473963,PriceCharting
Team Rocket,Dark Dugtrio,6/82,1st Edition,PSA 8,2026-08-27,149.99,USD,eBay,unknown,FALSE,,,2000 POKEMON ROCKET 1ST EDITION #6 DARK DUGTRIO-HOLO PSA 8 #6,https://www.ebay.es/itm/117381151515,PriceCharting
Team Rocket,Dark Dugtrio,6/82,1st Edition,PSA 8,2026-08-26,177.95,USD,eBay,unknown,FALSE,,,Pokemon Team Rocket 1st Edition Dark Dugtrio 6/82 PSA 8,https://www.ebay.es/itm/398053783927,PriceCharting
Team Rocket,Dark Dugtrio,6/82,1st Edition,PSA 8,2026-08-16,127.50,USD,eBay,unknown,FALSE,,,Dark Dugtrio 6/82 Holo Rare 1st Edition Rocket Pokemon PSA 8 *548 #6,https://www.ebay.es/itm/278250607428,PriceCharting
Team Rocket,Dark Dugtrio,6/82,1st Edition,PSA 8,2026-08-16,175.86,USD,eBay,unknown,FALSE,,,DARK DUGTRIO POKEMON 6 2000 TEAM ROCKET 1ST EDITION HOLO ENGLISH PSA 8,https://www.ebay.es/itm/137592444155,PriceCharting
Team Rocket,Dark Dugtrio,6/82,1st Edition,PSA 8,2026-08-16,153.50,USD,eBay,unknown,FALSE,,,2000 POKEMON ROCKET 1ST EDITION #6 DARK DUGTRIO-HOLO PSA 8 #6,https://www.ebay.es/itm/307111057101,PriceCharting
Team Rocket,Dark Dugtrio,6/82,1st Edition,PSA 8,2026-08-01,109.99,USD,eBay,unknown,FALSE,,,🔥 2000 PSA 8 Pokemon Rocket Dark Dugtrio Holo Vintage 6/82 🔥 #6,https://www.ebay.es/itm/336701519070,PriceCharting
Team Rocket,Dark Dugtrio,6/82,1st Edition,PSA 8,2026-07-26,155.00,USD,eBay,best offer,TRUE,,,2000 POKEMON ROCKET 1ST EDITION #6 DARK DUGTRIO-HOLO PSA 8 - *SWIRL* #6,https://www.ebay.es/itm/397883614289,PriceCharting
Team Rocket,Dark Dugtrio,6/82,1st Edition,PSA 8,2026-07-22,155.00,USD,eBay,unknown,FALSE,,,2000 POKEMON ROCKET 1ST EDITION #6 DARK DUGTRIO-HOLO PSA 8 #6,https://www.ebay.es/itm/298523906203,PriceCharting
Team Rocket,Dark Dugtrio,6/82,1st Edition,PSA 8,2026-07-22,110.00,USD,eBay,unknown,FALSE,,,2000 PSA 8 Pokemon Rocket Dark Dugtrio Holo Rare 6/82 Card NM #6,https://www.ebay.es/itm/318229796539,PriceCharting
Team Rocket,Dark Dugtrio,6/82,1st Edition,PSA 8,2026-07-20,155.50,USD,eBay,unknown,FALSE,,,2000 POKEMON ROCKET 1ST EDITION #6 DARK DUGTRIO-HOLO PSA 8 #6,https://www.ebay.es/itm/298489089185,PriceCharting
Team Rocket,Dark Dugtrio,6/82,1st Edition,PSA 8,2026-07-19,140.00,USD,eBay,best offer,TRUE,,,Dark Dugtrio 6 6/82 - Team Rocket 1st Edition Holo - PSA 8 - Pokemon TCG,https://www.ebay.es/itm/800348479978,PriceCharting
Team Rocket,Dark Dugtrio,6/82,1st Edition,PSA 8,2026-07-19,130.15,USD,eBay,unknown,FALSE,,,2000 POKEMON TEAM ROCKET FIRST EDITION #6/82 DARK DUGTRIO HOLO RARE PSA 8 6/82,https://www.ebay.es/itm/206408434433,PriceCharting
Team Rocket,Dark Dugtrio,6/82,1st Edition,PSA 8,2026-07-18,142.50,USD,eBay,unknown,FALSE,,,2000 Pokemon Rocket 1st Edition #6 Dark Dugtrio Holo PSA 8 NM-MT #6,https://www.ebay.es/itm/158074234230,PriceCharting
Team Rocket,Dark Dugtrio,6/82,1st Edition,PSA 8,2026-07-12,122.23,USD,eBay,unknown,FALSE,,,2000 POKEMON TEAM ROCKET FIRST EDITION #6/82 DARK DUGTRIO HOLO RARE PSA 8 6/82,https://www.ebay.es/itm/206392192530,PriceCharting
Team Rocket,Dark Dugtrio,6/82,1st Edition,PSA 8,2026-07-10,226.08,USD,eBay,unknown,FALSE,,,✅Free Tracked Shipping - Pokemon Dark Dugtrio 6/82 Rocket 1st Edition Holo PSA 8,https://www.ebay.es/itm/406951331390,PriceCharting
Team Rocket,Dark Dugtrio,6/82,1st Edition,PSA 9,2026-09-28,285.00,USD,eBay,unknown,FALSE,,,Pokemon Dark Dugtrio Holo Team Rocket 6 1st Edition PSA 9 Mint #6,https://www.ebay.es/itm/287594620734,PriceCharting
Team Rocket,Dark Dugtrio,6/82,1st Edition,PSA 9,2026-09-27,380.00,USD,eBay,unknown,FALSE,,,Pokemon Dark Dugtrio Team Rocket First Edition Holo #6 PSA 9 Mint 2000 6/82,https://www.ebay.es/itm/227358859650,PriceCharting
Team Rocket,Dark Dugtrio,6/82,1st Edition,PSA 9,2026-09-24,365.00,USD,eBay,best offer,TRUE,,,Pokemon Dark Dugtrio Team Rocket First Edition Holo #6 PSA 9 Mint 2000 6/82,https://www.ebay.es/itm/157882860713,PriceCharting
Team Rocket,Dark Dugtrio,6/82,1st Edition,PSA 9,2026-09-19,305.00,USD,eBay,best offer,TRUE,,,POKEMON DARK DUGTRIO 2000 ROCKET 1ST EDITION #6 HOLO PSA 9 SWIRL 6/82,https://www.ebay.es/itm/178486666605,PriceCharting
Team Rocket,Dark Dugtrio,6/82,1st Edition,PSA 9,2026-09-15,324.99,USD,eBay,unknown,FALSE,,,PSA 9 2000 Pokemon Team Rocket Dark Dugtrio Holo 1st Ed 6/82 6/82,https://www.ebay.es/itm/278304727503,PriceCharting
Team Rocket,Dark Dugtrio,6/82,1st Edition,PSA 9,2026-09-13,219.00,USD,eBay,unknown,FALSE,,,2000 POKEMON ROCKET #6 DARK DUGTRIO-HOLO PSA 9 #6,https://www.ebay.es/itm/298662370046,PriceCharting
Team Rocket,Dark Dugtrio,6/82,1st Edition,PSA 9,2026-09-10,360.00,USD,eBay,unknown,FALSE,,,2000 POKEMON ROCKET 1ST EDITION #6 DARK DUGTRIO-HOLO PSA 9 #6,https://www.ebay.es/itm/307115272387,PriceCharting
Team Rocket,Dark Dugtrio,6/82,1st Edition,PSA 9,2026-09-09,165.50,USD,eBay,unknown,FALSE,,,2000 POKEMON ROCKET #6 DARK DUGTRIO-HOLO PSA 9 #6,https://www.ebay.es/itm/298465071770,PriceCharting
Team Rocket,Dark Dugtrio,6/82,1st Edition,PSA 9,2026-09-08,295.00,USD,eBay,unknown,FALSE,,,2000 Pokemon TCG Team Rocket Dark Dugtrio 6/82 Holo 1st Ed PSA 9 6/82,https://www.ebay.es/itm/377469349354,PriceCharting
Team Rocket,Dark Dugtrio,6/82,1st Edition,PSA 9,2026-09-01,285.00,USD,eBay,best offer,TRUE,,,2000 POKEMON ROCKET 1ST EDITION #6 DARK DUGTRIO-HOLO PSA 9 #6,https://www.ebay.es/itm/800469028916,PriceCharting
Team Rocket,Dark Dugtrio,6/82,1st Edition,PSA 9,2026-08-30,279.22,USD,eBay,unknown,FALSE,,,2000 Pokémon Team Rocket 1st Edition 6/82 Dark Dugtrio Holo PSA 9 6/82,https://www.ebay.es/itm/188828516076,PriceCharting
Team Rocket,Dark Dugtrio,6/82,1st Edition,PSA 9,2026-08-24,180.60,USD,eBay,unknown,FALSE,,,PSA 9 MINT Pokemon Dark Dugtrio Team Rocket Holo 1st Edition 6/82,https://www.ebay.es/itm/318727078029,PriceCharting
Team Rocket,Dark Dugtrio,6/82,1st Edition,PSA 9,2026-08-23,275.62,USD,eBay,unknown,FALSE,,,DARK DUGTRIO POKEMON 6 2000 TEAM ROCKET 1st EDITION HOLO ENGLISH PSA 9,https://www.ebay.es/itm/137595877562,PriceCharting
Team Rocket,Dark Dugtrio,6/82,1st Edition,PSA 9,2026-08-17,235.50,USD,eBay,unknown,FALSE,,,Pokemon Dark Dugtrio Holo Team Rocket 6 1st Edition PSA 9 Mint #6,https://www.ebay.es/itm/287511105030,PriceCharting
Team Rocket,Dark Dugtrio,6/82,1st Edition,PSA 9,2026-08-12,294.00,USD,eBay,unknown,FALSE,,,2000 Pokemon Rocket 1st Edition #6 Dark Dugtrio Holo PSA 9 MINT,https://www.ebay.es/itm/377395423648,PriceCharting
Team Rocket,Dark Dugtrio,6/82,1st Edition,PSA 9,2026-08-10,130.00,USD,eBay,unknown,FALSE,,,Pokemon Rocket Dark Dugtrio 6/82 PSA 9 Holo 6/82,https://www.ebay.es/itm/366584773872,PriceCharting
Team Rocket,Dark Dugtrio,6/82,1st Edition,PSA 9,2026-08-05,319.99,USD,eBay,unknown,FALSE,,,Dark Dugtrio Holo Rare 6/82 1st Edition Team Rocket Pokemon English SWIRL PSA 9 #6,https://www.ebay.es/itm/188738404141,PriceCharting
Team Rocket,Dark Dugtrio,6/82,1st Edition,PSA 10,2026-09-10,2500.00,USD,eBay,unknown,FALSE,,,2000 POKEMON ROCKET #6 DARK DUGTRIO-HOLO PSA 10 #6,https://www.ebay.es/itm/298149746567,PriceCharting
Team Rocket,Dark Dugtrio,6/82,1st Edition,PSA 10,2026-09-10,2999.99,USD,eBay,unknown,FALSE,,,2000 POKEMON ROCKET #6 DARK DUGTRIO-HOLO PSA 10 #6,https://www.ebay.es/itm/298621580937,PriceCharting
Team Rocket,Dark Dugtrio,6/82,1st Edition,PSA 10,2026-07-20,3500.00,USD,eBay,unknown,FALSE,,,Pokemon Dark Dugtrio Team Rocket 1st Edition Holo Rare #6 PSA 10 Gem Mint,https://www.ebay.es/itm/287278302167,PriceCharting
Team Rocket,Dark Dugtrio,6/82,1st Edition,PSA 10,2026-06-12,3500.00,USD,eBay,best offer,TRUE,,,2000 POKEMON Dark Dugtrio Team Rocket 1ST ED #6 HOLO PSA 10 GEM MINT with Swirl #6,https://www.ebay.es/itm/127750332435,PriceCharting
Team Rocket,Dark Dugtrio,6/82,1st Edition,PSA 10,2026-04-05,2411.00,USD,eBay,unknown,FALSE,,,Pokemon Dark Dugtrio Team Rocket 1st Edition Holo Rare #6 PSA 10 Gem Mint,https://www.ebay.es/itm/287237155493,PriceCharting
Team Rocket,Dark Dugtrio,6/82,1st Edition,PSA 10,2026-03-21,1594.00,USD,eBay,unknown,FALSE,,,2000 POKEMON ROCKET #6 DARK DUGTRIO-HOLO PSA 10 #6,https://www.ebay.es/itm/298116014403,PriceCharting
Team Rocket,Dark Dugtrio,6/82,1st Edition,PSA 10,2026-03-19,6999.99,USD,eBay,unknown,FALSE,,,PSA 10 GEM MINT Dark Dugtrio 6/82 HOLO Team Rocket 1ST EDITION Pokemon Card,https://www.ebay.es/itm/277814941800,PriceCharting
Team Rocket,Dark Dugtrio,6/82,1st Edition,PSA 10,2025-07-13,1050.00,USD,eBay,unknown,FALSE,,,Pokemon Dark Dugtrio Team Rocket 1st Edition Holo Rare #6 PSA 10 Gem Mint,https://www.ebay.es/itm/286689934683,PriceCharting
Team Rocket,Dark Dugtrio,6/82,1st Edition,PSA 10,2025-05-26,758.00,USD,eBay,unknown,FALSE,,,Pokemon Dark Dugtrio Team Rocket 1st Edition Holo Rare #6 PSA 10 Gem Mint,https://www.ebay.es/itm/286572052676,PriceCharting
Team Rocket,Dark Dugtrio,6/82,1st Edition,PSA 10,2025-05-20,736.00,USD,eBay,unknown,FALSE,,,2000 Pokemon Team Rocket 1st Edition #6 Dark Dugtrio Holo PSA 10 GEM MINT,https://www.ebay.es/itm/376242347303,PriceCharting
Team Rocket,Dark Dugtrio,6/82,1st Edition,PSA 10,2025-04-23,1500.00,USD,eBay,unknown,FALSE,,,PSA 10 Dark Dugtrio Holo Rare 2000 Team Rocket 6/82 1st Edition Pokemon Card 6/82,https://www.ebay.es/itm/405794613577,PriceCharting
Team Rocket,Dark Dugtrio,6/82,1st Edition,PSA 10,2025-04-03,500.00,USD,eBay,unknown,FALSE,,,PSA 10 Dark Dugtrio Holo Rare 2000 Team Rocket 6/82 1st Edition Pokemon Card 6/82,https://www.ebay.es/itm/365502379152,PriceCharting
Team Rocket,Dark Dugtrio,6/82,1st Edition,PSA 10,2025-03-01,549.99,USD,eBay,unknown,FALSE,,,Pokemon Dark Dugtrio Team Rocket 1st Edition Holo Rare #6 PSA 10 Gem Mint,https://www.ebay.es/itm/286371004931,PriceCharting
Team Rocket,Dark Dugtrio,6/82,1st Edition,PSA 10,2024-12-16,450.00,USD,eBay,unknown,FALSE,,,Pokemon Dark Dugtrio 1st Edition Holo Team Rocket Psa 10 #6,https://www.ebay.es/itm/365280309881,PriceCharting
Team Rocket,Dark Dugtrio,6/82,1st Edition,PSA 10,2024-08-28,395.00,USD,eBay,unknown,FALSE,,,2000 Pokemon Team Rocket 1st Edition #6 Dark Dugtrio Holo PSA 10 GEM MINT,https://www.ebay.es/itm/365077346319,PriceCharting
Team Rocket,Dark Dugtrio,6/82,1st Edition,PSA 10,2024-08-10,410.00,USD,eBay,unknown,FALSE,,,Dark Dugtrio 2000 Team Rocket 1st Edition WOTC Holo 6/82 PSA 10 Pokemon 👊 6/82 #6,https://www.ebay.es/itm/305703962047,PriceCharting
Team Rocket,Dark Dugtrio,6/82,1st Edition,PSA 10,2024-07-20,425.00,USD,eBay,unknown,FALSE,,,Dark Dugtrio 2000 Team Rocket 1st Edition WOTC Holo 6/82 PSA 10 Pokemon 👊 6/82,https://www.ebay.es/itm/305665569389,PriceCharting
Team Rocket,Dark Dugtrio,6/82,1st Edition,PSA 10,2024-07-18,440.00,USD,eBay,unknown,FALSE,,,PSA 10 GEM MINT Dark Dugtrio Team Rocket 1st Edition Holo Pokemon Card 6/82 PI1 #6,https://www.ebay.es/itm/335481891640,PriceCharting
Team Rocket,Dark Dugtrio,6/82,1st Edition,PSA 10,2024-07-08,454.01,USD,eBay,unknown,FALSE,,,Pokemon Dark Dugtrio 1st Edition PSA 10 Gem Mint Holo Team Rocket 6/82 #6,https://www.ebay.es/itm/226224008713,PriceCharting
Team Rocket,Dark Dugtrio,6/82,1st Edition,PSA 10,2024-05-27,385.00,USD,eBay,unknown,FALSE,,,PSA 10 GEM MINT Dark Dugtrio Team Rocket 1st Edition Holo Pokemon Card 6/82 PI1 #6,https://www.ebay.es/itm/204793033401,PriceCharting
Team Rocket,Dark Dugtrio,6/82,1st Edition,PSA 10,2024-04-22,500.00,USD,eBay,unknown,FALSE,,,2000 POKÉMON TEAM ROCKET 1ST EDITION DARK DUGTRIO HOLO PSA 10 GEM MINT #6,https://www.ebay.es/itm/186393345397,PriceCharting
Team Rocket,Dark Dugtrio,6/82,1st Edition,PSA 10,2023-10-31,333.33,USD,eBay,unknown,FALSE,,,2000 Team Rocket 6 Dark Dugtrio 1st Edition Holo Rare Pokemon TCG Card PSA 10 #6,https://www.ebay.es/itm/155856548203,PriceCharting
Team Rocket,Dark Dugtrio,6/82,1st Edition,PSA 10,2023-10-31,599.95,USD,eBay,unknown,FALSE,,,Pokemon 2000 Team Rocket #6 DARK DUGTRIO 1st Edition Holo PSA 10 Gem Mint 6/82 #6,https://www.ebay.es/itm/364186462334,PriceCharting
Team Rocket,Dark Dugtrio,6/82,Unlimited,PSA 8,2026-09-27,108.00,USD,eBay,unknown,FALSE,,,Pokemon Dark Dugtrio Holo Team Rocket 6 PSA 8 #6,https://www.ebay.es/itm/287594621261,PriceCharting
Team Rocket,Dark Dugtrio,6/82,Unlimited,PSA 8,2026-08-31,48.00,USD,eBay,unknown,FALSE,,,Pokemon TCG Dark Dugtrio 6/82 Team Rocket Holo - PSA 8 - NO RESERVE 6/82,https://www.ebay.es/itm/128040941714,PriceCharting
Team Rocket,Dark Dugtrio,6/82,Unlimited,PSA 8,2026-08-22,80.00,USD,eBay,best offer,TRUE,,,PSA 8 Dark Dugtrio 6/82 Team Rocket Unlimited Holo Rare Pokemon TCG 2000 6/82,https://www.ebay.es/itm/318571207299,PriceCharting
Team Rocket,Dark Dugtrio,6/82,Unlimited,PSA 8,2026-08-20,66.00,USD,eBay,unknown,FALSE,,,DARK DUGTRIO PSA 8 2000 POKEMON TEAM ROCKET #6/82 HOLO 9470 6/82,https://www.ebay.es/itm/188784255515,PriceCharting
Team Rocket,Dark Dugtrio,6/82,Unlimited,PSA 8,2026-07-31,89.00,USD,eBay,unknown,FALSE,,,DARK DUGTRIO PSA 8 2000 POKEMON TEAM ROCKET #6/82 HOLO 9470 6/82,https://www.ebay.es/itm/178332085341,PriceCharting
Team Rocket,Dark Dugtrio,6/82,Unlimited,PSA 8,2026-07-16,95.00,USD,eBay,best offer,TRUE,,,2000 Pokémon TCG Team Rocket Dark Dugtrio 6/82 Holo Rare English PSA 8 6/82,https://www.ebay.es/itm/358748581883,PriceCharting
Team Rocket,Dark Dugtrio,6/82,Unlimited,PSA 8,2026-07-15,72.90,USD,eBay,unknown,FALSE,,,2000 Pokemon Team Rocket Dark Dugtrio Holo #6/82 PSA 8,https://www.ebay.es/itm/377331752103,PriceCharting
Team Rocket,Dark Dugtrio,6/82,Unlimited,PSA 8,2026-06-27,106.95,USD,eBay,unknown,FALSE,,,Pokemon Team Rocket Dark Dugtrio 6/82 PSA 8,https://www.ebay.es/itm/377253967648,PriceCharting
Team Rocket,Dark Dugtrio,6/82,Unlimited,PSA 8,2026-06-21,70.66,USD,eBay,unknown,FALSE,,,2000 POKEMON TEAM ROCKET #6/82 DARK DUGTRIO HOLO RARE PSA 8 6/82,https://www.ebay.es/itm/206343182315,PriceCharting
Team Rocket,Dark Dugtrio,6/82,Unlimited,PSA 8,2026-06-15,85.00,USD,eBay,unknown,FALSE,,,2000 POKEMON Team ROCKET Holo Dark Dugtrio #6 PSA 8 Card #6,https://www.ebay.es/itm/157993852048,PriceCharting
Team Rocket,Dark Dugtrio,6/82,Unlimited,PSA 8,2026-06-14,79.99,USD,eBay,unknown,FALSE,,,2000 Pokemon Team Rocket Dark Dugtrio Holo 6/82 PSA 8 NM-MT 6/82,https://www.ebay.es/itm/397978107173,PriceCharting
Team Rocket,Dark Dugtrio,6/82,Unlimited,PSA 8,2026-06-13,90.00,USD,eBay,best offer,TRUE,,,2000 POKEMON Team ROCKET Holo Dark Dugtrio #6 PSA 8 Card,https://www.ebay.es/itm/168357598569,PriceCharting
Team Rocket,Dark Dugtrio,6/82,Unlimited,PSA 8,2026-05-20,50.00,USD,eBay,best offer,TRUE,,,2000 Pokemon TCG Team Rocket Dark Dugtrio 6/82 Holo Rare Unlimited PSA 8 6/82,https://www.ebay.es/itm/206265838805,PriceCharting
Team Rocket,Dark Dugtrio,6/82,Unlimited,PSA 8,2026-05-14,68.00,USD,eBay,unknown,FALSE,,,2000 Pokemon Team Rocket Dark Dugtrio Holo #6/82 PSA 8,https://www.ebay.es/itm/377171184419,PriceCharting
Team Rocket,Dark Dugtrio,6/82,Unlimited,PSA 8,2026-05-11,65.00,USD,eBay,unknown,FALSE,,,2000 POKEMON Team ROCKET Holo Dark Dugtrio #6 PSA 8 Card #6,https://www.ebay.es/itm/267663724466,PriceCharting
Team Rocket,Dark Dugtrio,6/82,Unlimited,PSA 8,2026-05-03,89.59,USD,eBay,best offer,TRUE,,,PSA 8 Dark Dugtrio Holo 2000 Team Rocket WOTC #6 Vintage Pokémon Card,https://www.ebay.es/itm/357442080359,PriceCharting
Team Rocket,Dark Dugtrio,6/82,Unlimited,PSA 8,2026-04-12,71.74,USD,eBay,unknown,FALSE,,,2000 Pokémon Team Rocket Dark Dugtrio 6/82 Holo - Graded PSA 8 #6,https://www.ebay.es/itm/227296178579,PriceCharting
Team Rocket,Dark Dugtrio,6/82,Unlimited,PSA 9,2026-08-22,169.00,USD,eBay,unknown,FALSE,,,Pokemon Team Rocket Dark Dugtrio Holo PSA 9 6/82,https://www.ebay.es/itm/147511946822,PriceCharting
Team Rocket,Dark Dugtrio,6/82,Unlimited,PSA 9,2026-07-20,130.02,USD,eBay,unknown,FALSE,,,Pokemon 2000 Dark Dugtrio 6/82 Holo Team Rocket PSA 9 6/82,https://www.ebay.es/itm/407062126584,PriceCharting
Team Rocket,Dark Dugtrio,6/82,Unlimited,PSA 9,2026-07-10,139.00,USD,eBay,unknown,FALSE,,,Pokemon 2000 Dark Dugtrio 6/82 Holo Team Rocket PSA 9 6/82,https://www.ebay.es/itm/407060712231,PriceCharting
Team Rocket,Dark Dugtrio,6/82,Unlimited,PSA 9,2026-06-17,139.00,USD,eBay,best offer,TRUE,,,Pokémon TCG 2000 Dark Dugtrio 6/82 Team Rocket Holo Rare Vintage EN PSA 9 6/82,https://www.ebay.es/itm/127922623272,PriceCharting
Team Rocket,Dark Dugtrio,6/82,Unlimited,PSA 9,2026-03-28,140.00,USD,eBay,unknown,FALSE,,,Pokémon Dark Dugtrio Team Rocket 6/82 Holo Rare Unlimited PSA 9 2000 6/82,https://www.ebay.es/itm/227271528666,PriceCharting
Team Rocket,Dark Dugtrio,6/82,Unlimited,PSA 9,2026-03-25,130.00,USD,eBay,best offer,TRUE,,,2000 Pokémon Team Rocket #6 Dark Dugtrio Holo PSA 9 6/82,https://www.ebay.es/itm/236707408952,PriceCharting
Team Rocket,Dark Dugtrio,6/82,Unlimited,PSA 9,2026-03-19,133.50,USD,eBay,unknown,FALSE,,,2000 POKEMON TEAM ROCKET #6/82 DARK DUGTRIO HOLO PSA 9 MINT WOTC #6,https://www.ebay.es/itm/287194508750,PriceCharting
Team Rocket,Dark Dugtrio,6/82,Unlimited,PSA 9,2026-03-13,149.99,USD,eBay,unknown,FALSE,,,2000 POKEMON TEAM ROCKET #6/82 DARK DUGTRIO HOLO PSA 9 MINT WOTC #6,https://www.ebay.es/itm/358216439491,PriceCharting
Team Rocket,Dark Dugtrio,6/82,Unlimited,PSA 9,2026-01-25,70.66,USD,eBay,unknown,FALSE,,,Pokemon Dark Dugtrio Team Rocket Unlimited Holo Rare #6 PSA 9 Mint,https://www.ebay.es/itm/287073037645,PriceCharting
Team Rocket,Dark Dugtrio,6/82,Unlimited,PSA 9,2026-01-07,106.56,USD,eBay,unknown,FALSE,,,DARK DUGTRIO 6/82 | PSA 9 | Team Rocket WOTC Holo Graded Pokémon Card,https://www.ebay.es/itm/326263681153,PriceCharting
Team Rocket,Dark Dugtrio,6/82,Unlimited,PSA 9,2025-11-15,72.69,USD,eBay,unknown,FALSE,,,Pokemon Card Dark Dugtrio 6/82 Holo Rare Team Rocket PSA 9 MINT 6/82,https://www.ebay.es/itm/389222091842,PriceCharting
Team Rocket,Dark Dugtrio,6/82,Unlimited,PSA 9,2025-11-09,87.59,USD,eBay,best offer,TRUE,,,Pokemon – Team Rocket – Dark Dugtrio Holo - 2000 - 6/82 - PSA 9 – Mint,https://www.ebay.es/itm/177534320618,PriceCharting
Team Rocket,Dark Dugtrio,6/82,Unlimited,PSA 9,2025-10-27,100.34,USD,eBay,unknown,FALSE,,,Pokemon TCG: Dark Dugtrio 6/82 Team Rocket WoTC Holo Rare PSA 9 MINT,https://www.ebay.es/itm/376644096069,PriceCharting
Team Rocket,Dark Dugtrio,6/82,Unlimited,PSA 10,2026-06-15,1259.00,USD,eBay,unknown,FALSE,,,Pokemon Dark Dugtrio Team Rocket Unlimited Holo Rare #6 PSA 10 Gem Mint,https://www.ebay.es/itm/287375954067,PriceCharting
Team Rocket,Dark Dugtrio,6/82,Unlimited,PSA 10,2025-11-16,850.00,USD,eBay,unknown,FALSE,,,2000 Pokemon PSA 10 Dark Dugtrio 6/82 Team Rocket Holo 6/82,https://www.ebay.es/itm/127497814503,PriceCharting
Team Rocket,Dark Dugtrio,6/82,Unlimited,PSA 10,2025-08-31,540.00,USD,eBay,unknown,FALSE,,,Pokemon Dark Dugtrio Team Rocket Unlimited Holo Rare #6 PSA 10 Gem Mint,https://www.ebay.es/itm/286776305665,PriceCharting
Team Rocket,Dark Dugtrio,6/82,Unlimited,PSA 10,2025-05-18,455.00,USD,eBay,unknown,FALSE,,,Pokemon Dark Dugtrio Team Rocket Unlimited Holo Rare #6 PSA 10 Gem Mint,https://www.ebay.es/itm/286560768833,PriceCharting
Team Rocket,Dark Dugtrio,6/82,Unlimited,PSA 10,2025-05-05,385.00,USD,eBay,unknown,FALSE,,,Pokemon Dark Dugtrio Team Rocket Unlimited Holo Rare #6 PSA 10 Gem Mint,https://www.ebay.es/itm/286520195817,PriceCharting
Team Rocket,Dark Dugtrio,6/82,Unlimited,PSA 10,2025-03-28,394.94,USD,eBay,unknown,FALSE,,,Pokemon Dark Dugtrio Team Rocket Holo Rare #6 PSA 10 Gem Mint,https://www.ebay.es/itm/187038508005,PriceCharting
Team Rocket,Dark Golbat,7/82,1st Edition,PSA 8,2026-09-28,149.99,USD,eBay,unknown,FALSE,,,Pokemon Dark Golbat 7/82 Team Rocket 1st Edition Holo Rare - PSA 8 NM-MT 7/82,https://www.ebay.es/itm/366628148182,PriceCharting
Team Rocket,Dark Golbat,7/82,1st Edition,PSA 8,2026-09-28,113.50,USD,eBay,unknown,FALSE,,,2000 Pokemon Team Rocket First Edition Dark Golbat Holo #7/82 PSA 8,https://www.ebay.es/itm/128092451580,PriceCharting
Team Rocket,Dark Golbat,7/82,1st Edition,PSA 8,2026-09-19,127.00,USD,eBay,unknown,FALSE,,,Dark Golbat Holo 1st Edition PSA 8 2000 Pokemon Team Rocket #7,https://www.ebay.es/itm/137664699450,PriceCharting
Team Rocket,Dark Golbat,7/82,1st Edition,PSA 8,2026-08-30,100.00,USD,eBay,unknown,FALSE,,,The Pokemon Company PSA 8 2000 Team Rocket Dark Golbat 7/82 1st Ed Holo ENG 7/82,https://www.ebay.es/itm/236974362896,PriceCharting
Team Rocket,Dark Golbat,7/82,1st Edition,PSA 8,2026-08-27,143.50,USD,eBay,unknown,FALSE,,,Pokemon TCG 2000 Team Rocket Dark Golbat 1st Edition Holo 7/82 PSA 8 English 7/82,https://www.ebay.es/itm/158209727670,PriceCharting
Team Rocket,Dark Golbat,7/82,1st Edition,PSA 8,2026-08-12,105.00,USD,eBay,best offer,TRUE,,,2000 Pokemon Dark Golbat 7/82 Team Rocket Holo 1st Edition PSA 8 7/82,https://www.ebay.es/itm/137493735884,PriceCharting
Team Rocket,Dark Golbat,7/82,1st Edition,PSA 8,2026-08-06,175.00,USD,eBay,unknown,FALSE,,,2000 Pokemon Dark Golbat 7/82 Team Rocket Holo 1st Edition PSA 8 7/82,https://www.ebay.es/itm/147474966987,PriceCharting
Team Rocket,Dark Golbat,7/82,1st Edition,PSA 8,2026-08-04,81.00,USD,eBay,unknown,FALSE,,,2000 Pokemon Team Rocket First Edition Dark Golbat Holo #7/82 PSA 8,https://www.ebay.es/itm/377379729796,PriceCharting
Team Rocket,Dark Golbat,7/82,1st Edition,PSA 8,2026-08-02,99.14,USD,eBay,unknown,FALSE,,,DARK GOLBAT POKEMON 7/82 2000 TEAM ROCKET 1ST EDITION - ENGLISH PSA 8,https://www.ebay.es/itm/137538824997,PriceCharting
Team Rocket,Dark Golbat,7/82,1st Edition,PSA 8,2026-08-01,120.00,USD,eBay,best offer,TRUE,,,Dark Golbat 7/82 1st Edition - Team Rocket PSA 8 - NM-MT Holo Pokemon Card 7/82,https://www.ebay.es/itm/117248449158,PriceCharting
Team Rocket,Dark Golbat,7/82,1st Edition,PSA 8,2026-07-29,90.00,USD,eBay,best offer,TRUE,,,💫SWIRL Pokemon TCG PSA 8 2000 Team Rocket 1st Edition Dark Golbat Holo 7/82 7/82,https://www.ebay.es/itm/318645100514,PriceCharting
Team Rocket,Dark Golbat,7/82,1st Edition,PSA 8,2026-07-29,102.50,USD,eBay,unknown,FALSE,,,PSA 8 1st Edition Dark Golbat Holo #7 Team Rocket 2000 Pokemon WOTC NM-MT #7,https://www.ebay.es/itm/198514896264,PriceCharting
Team Rocket,Dark Golbat,7/82,1st Edition,PSA 8,2026-07-27,115.00,USD,eBay,best offer,TRUE,,,2000 Pokemon Dark Golbat 7/82 Team Rocket Holo 1st Edition PSA 8 7/82,https://www.ebay.es/itm/137493735430,PriceCharting
Team Rocket,Dark Golbat,7/82,1st Edition,PSA 8,2026-07-19,117.32,USD,eBay,unknown,FALSE,,,2000 POKEMON TEAM ROCKET FIRST EDITION #7/82 DARK GOLBAT HOLO RARE PSA 8 7/82,https://www.ebay.es/itm/206408437086,PriceCharting
Team Rocket,Dark Golbat,7/82,1st Edition,PSA 8,2026-07-17,125.00,USD,eBay,unknown,FALSE,,,Dark Golbat 7/82 1st Edition - Team Rocket PSA 8 - NM-MT Holo Pokemon Card 7/82,https://www.ebay.es/itm/800186095405,PriceCharting
Team Rocket,Dark Golbat,7/82,1st Edition,PSA 8,2026-07-16,121.30,USD,eBay,best offer,TRUE,,,Dark Golbat PSA 8 - 7/82 - Holo 1st Edition - Team Rocket - Pokemon,https://www.ebay.es/itm/227425682302,PriceCharting
Team Rocket,Dark Golbat,7/82,1st Edition,PSA 8,2026-07-04,99.00,USD,eBay,unknown,FALSE,,,DARK GOLBAT 2000 POKEMON TEAM ROCKET HOLO 1ST EDITION #7 PSA 8 Q5677 #7,https://www.ebay.es/itm/278127747736,PriceCharting
Team Rocket,Dark Golbat,7/82,1st Edition,PSA 8,2026-07-01,113.00,USD,eBay,best offer,TRUE,,,2000 Pokemon Dark Golbat 7/82 1st Edition Team Rocket Holo Rare PSA 8 NM-MT 7/82,https://www.ebay.es/itm/407020538225,PriceCharting
Team Rocket,Dark Golbat,7/82,1st Edition,PSA 8,2026-06-25,95.00,USD,eBay,unknown,FALSE,,,Pokemon 2000 Team Rocket Dark Golbat 7/82 1st Edition Holo PSA 8 English 7/82,https://www.ebay.es/itm/318470732179,PriceCharting
Team Rocket,Dark Golbat,7/82,1st Edition,PSA 9,2026-09-25,232.50,USD,eBay,unknown,FALSE,,,2000 Pokemon Team Rocket 1st Edition Dark Golbat Holo #7 WOTC PSA 9 MINT,https://www.ebay.es/itm/366675204213,PriceCharting
Team Rocket,Dark Golbat,7/82,1st Edition,PSA 9,2026-09-24,199.99,USD,eBay,unknown,FALSE,,,Pokemon 2000 Team Rocket Dark Golbat 7/82 Holo 1st Edition PSA 9 (w/ Swirl) #7,https://www.ebay.es/itm/336798580624,PriceCharting
Team Rocket,Dark Golbat,7/82,1st Edition,PSA 9,2026-09-24,180.00,USD,eBay,unknown,FALSE,,,Pokemon 2000 Team Rocket Dark Golbat 7/82 Holo 1st Edition PSA 9 7/82,https://www.ebay.es/itm/178500829123,PriceCharting
Team Rocket,Dark Golbat,7/82,1st Edition,PSA 9,2026-09-18,200.89,USD,eBay,unknown,FALSE,,,PSA 9 MINT Pokemon Dark Golbat Team Rocket Holo 1st Edition 7/82,https://www.ebay.es/itm/198500289587,PriceCharting
Team Rocket,Dark Golbat,7/82,1st Edition,PSA 9,2026-09-04,191.01,USD,eBay,unknown,FALSE,,,2000 Pokemon Team Rocket First Edition Dark Golbat Holo #7/82 PSA 9,https://www.ebay.es/itm/377456492157,PriceCharting
Team Rocket,Dark Golbat,7/82,1st Edition,PSA 9,2026-08-30,171.50,USD,eBay,unknown,FALSE,,,Pokemon Dark Golbat Holo Team Rocket 7 1st Edition PSA 9 Mint #7,https://www.ebay.es/itm/287538830688,PriceCharting
Team Rocket,Dark Golbat,7/82,1st Edition,PSA 9,2026-08-30,214.13,USD,eBay,unknown,FALSE,,,2000 Pokémon Team Rocket 1st Edition 7/82 Dark Golbat Holo PSA 9 BIG SWIRL 🌀 7/82,https://www.ebay.es/itm/188828517684,PriceCharting
Team Rocket,Dark Golbat,7/82,1st Edition,PSA 9,2026-08-19,220.00,USD,eBay,unknown,FALSE,,,2000 POKEMON TEAM ROCKET #7 DARK GOLBAT 1ST EDITION HOLO PSA 9 #7,https://www.ebay.es/itm/128031931054,PriceCharting
Team Rocket,Dark Golbat,7/82,1st Edition,PSA 9,2026-08-17,180.50,USD,eBay,unknown,FALSE,,,Pokemon Dark Golbat Holo Team Rocket 7 1st Edition PSA 9 Mint #7,https://www.ebay.es/itm/287511105081,PriceCharting
Team Rocket,Dark Golbat,7/82,1st Edition,PSA 9,2026-08-14,200.00,USD,eBay,best offer,TRUE,,,Swirl!! Pokémon Dark Golbat 2000 Team Rocket 1st Edition Holo English 7/82 PSA 9 7/82,https://www.ebay.es/itm/158151395933,PriceCharting
Team Rocket,Dark Golbat,7/82,1st Edition,PSA 9,2026-08-13,45.00,USD,eBay,unknown,FALSE,,,2000 Pokemon Team Rocket 1st Edition #7/82 Dark Golbat PSA 9 MINT,https://www.ebay.es/itm/800467250382,PriceCharting
Team Rocket,Dark Golbat,7/82,1st Edition,PSA 9,2026-07-25,125.00,USD,eBay,unknown,FALSE,,,Pokemon Dark Golbat Team Rocket 1st Edition Holo Rare #7 PSA 9 Mint #7,https://www.ebay.es/itm/287481632844,PriceCharting
Team Rocket,Dark Golbat,7/82,1st Edition,PSA 9,2026-07-15,170.00,USD,eBay,best offer,TRUE,,,PSA 9 MINT Dark Golbat 7 Team Rocket 1st Edition Holo Pokemon Card #7,https://www.ebay.es/itm/147407881542,PriceCharting
Team Rocket,Dark Golbat,7/82,1st Edition,PSA 9,2026-07-14,175.50,USD,eBay,unknown,FALSE,,,Dark Golbat 7/82 Pokemon Team Rocket Set 1st Edition Holo Card- MINT- PSA 9 #7,https://www.ebay.es/itm/188613020204,PriceCharting
Team Rocket,Dark Golbat,7/82,1st Edition,PSA 9,2026-06-14,175.00,USD,eBay,unknown,FALSE,,,Pokemon Dark Golbat Team Rocket 1st Edition Holo Rare #7 PSA 9 Mint,https://www.ebay.es/itm/287372420319,PriceCharting
Team Rocket,Dark Golbat,7/82,1st Edition,PSA 9,2026-06-12,294.92,USD,eBay,unknown,FALSE,,,Dark Golbat 7/82 1st Edition Holo Team Rocket Pokemon Card TCG Graded PSA 9 7/82,https://www.ebay.es/itm/206261540409,PriceCharting
Team Rocket,Dark Golbat,7/82,1st Edition,PSA 9,2026-06-07,225.00,USD,eBay,unknown,FALSE,,,2000 POKEMON TEAM ROCKET #7 DARK GOLBAT 1ST EDITION HOLO PSA 9 #7,https://www.ebay.es/itm/267687405956,PriceCharting
Team Rocket,Dark Golbat,7/82,1st Edition,PSA 9,2026-05-25,142.50,USD,eBay,unknown,FALSE,,,Pokemon Dark Golbat Team Rocket 1st Edition Holo Rare #7 PSA 9 Mint,https://www.ebay.es/itm/287331566046,PriceCharting
Team Rocket,Dark Golbat,7/82,1st Edition,PSA 9,2026-05-05,175.04,USD,eBay,unknown,FALSE,,,2000 Pokemon Team Rocket 1st Edition #7 Dark Golbat HOLO RARE PSA 9 MINT,https://www.ebay.es/itm/257493234968,PriceCharting
Team Rocket,Dark Golbat,7/82,1st Edition,PSA 10,2026-09-25,1800.00,USD,eBay,unknown,FALSE,,,2000 Pokémon Team Rocket 1st Edition Dark Golbat Holo #7/82 PSA 10 GEM MINT 7/82,https://www.ebay.es/itm/336811569103,PriceCharting
Team Rocket,Dark Golbat,7/82,1st Edition,PSA 10,2026-09-24,2800.00,USD,eBay,best offer,TRUE,,,Pokemon Dark Golbat Holo 7 1st Edition Team Rocket PSA 10 7/82,https://www.ebay.es/itm/298379510559,PriceCharting
Team Rocket,Dark Golbat,7/82,1st Edition,PSA 10,2026-08-26,1599.00,USD,eBay,unknown,FALSE,,,2000 POKEMON ROCKET 1ST EDITION #7 DARK GOLBAT-HOLO PSA 10 #7,https://www.ebay.es/itm/117349391787,PriceCharting
Team Rocket,Dark Golbat,7/82,1st Edition,PSA 10,2026-07-27,1550.88,USD,eBay,unknown,FALSE,,,Dark Golbat - 2000 Team Rocket #7 🔥 1st Edition HOLO PSA 10 🔥 Vintage Pokemon #7,https://www.ebay.es/itm/366552869334,PriceCharting
Team Rocket,Dark Golbat,7/82,1st Edition,PSA 10,2026-05-27,1780.00,USD,eBay,unknown,FALSE,,,Pokemon Team Rocket Dark Golbat 7/82 1st Edition Holo PSA 10 (2000) 7/82,https://www.ebay.es/itm/318345323430,PriceCharting
Team Rocket,Dark Golbat,7/82,1st Edition,PSA 10,2026-05-27,1587.93,USD,eBay,unknown,FALSE,,,Pokemon Cards PSA 10 GEM MT Dark Golbat 1st Edition Holo Team Rocket 7/82,https://www.ebay.es/itm/157925119303,PriceCharting
Team Rocket,Dark Golbat,7/82,1st Edition,PSA 10,2026-05-27,1761.00,USD,eBay,unknown,FALSE,,,2000 Pokemon Team Rocket First Edition Dark Golbat Holo #7/82 PSA 10 GEM MINT,https://www.ebay.es/itm/377201168553,PriceCharting
Team Rocket,Dark Golbat,7/82,1st Edition,PSA 10,2026-05-04,1725.00,USD,eBay,unknown,FALSE,,,Pokemon Dark Golbat Team Rocket 1st Edition Holo Rare #7 PSA 10 Gem Mint,https://www.ebay.es/itm/287292261796,PriceCharting
Team Rocket,Dark Golbat,7/82,1st Edition,PSA 10,2026-05-01,895.88,USD,eBay,unknown,FALSE,,,PSA 10 1st Edition Dark Golbat Holo 7/82 - 2000 Team Rocket Rare Pokemon,https://www.ebay.es/itm/336053484031,PriceCharting
Team Rocket,Dark Golbat,7/82,1st Edition,PSA 10,2026-03-31,3150.00,USD,eBay,best offer,TRUE,,,27823147 Dark Golbat 2000 Pokemon Team Rocket 1st Edition #7 Holo PSA 10 #Jul-82,https://www.ebay.es/itm/157762991867,PriceCharting
Team Rocket,Dark Golbat,7/82,1st Edition,PSA 10,2026-03-08,1780.00,USD,eBay,unknown,FALSE,,,Pokemon Dark Golbat Team Rocket 1st Edition Holo Rare #7 PSA 10 Gem Mint,https://www.ebay.es/itm/287166943037,PriceCharting
Team Rocket,Dark Golbat,7/82,1st Edition,PSA 10,2026-03-08,152.50,USD,eBay,unknown,FALSE,,,Pokemon Dark Golbat Team Rocket 1st Edition NON Holo Rare #7 PSA 10 Gem Mint,https://www.ebay.es/itm/287166943046,PriceCharting
Team Rocket,Dark Golbat,7/82,1st Edition,PSA 10,2026-02-09,1300.00,USD,eBay,best offer,TRUE,,,Pokemon Dark Golbat Holo 2000 Team Rocket 1st Edition #7 PSA 10 Gem Mint #7,https://www.ebay.es/itm/376859144888,PriceCharting
Team Rocket,Dark Golbat,7/82,1st Edition,PSA 10,2025-10-28,862.43,USD,eBay,unknown,FALSE,,,Pokemon Dark Golbat Holo 2000 Team Rocket 1st Edition #7 PSA 10 Gem Mint,https://www.ebay.es/itm/297686731333,PriceCharting
Team Rocket,Dark Golbat,7/82,1st Edition,PSA 10,2025-10-24,838.88,USD,eBay,best offer,TRUE,,,Pokemon Cards: Team Rocket 1st Edition Rare Holo: Dark Golbat 7/82 PSA 10 #7,https://www.ebay.es/itm/317201588163,PriceCharting
Team Rocket,Dark Golbat,7/82,1st Edition,PSA 10,2025-10-04,800.00,USD,eBay,unknown,FALSE,,,Pokemon Dark Golbat Team Rocket 1st Edition Holo Rare #7 PSA 10 Gem Mint #7,https://www.ebay.es/itm/167740009296,PriceCharting
Team Rocket,Dark Golbat,7/82,1st Edition,PSA 10,2025-09-12,730.25,USD,eBay,unknown,FALSE,,,2000 Pokemon Team Rocket 1st Edition Dark Golbat #7 PSA 10,https://www.ebay.es/itm/397001554296,PriceCharting
Team Rocket,Dark Golbat,7/82,1st Edition,PSA 10,2025-09-08,456.99,USD,eBay,unknown,FALSE,,,Pokemon Dark Golbat Team Rocket 1st Edition Holo Rare #7 PSA 10 Gem Mint,https://www.ebay.es/itm/286791337813,PriceCharting
Team Rocket,Dark Golbat,7/82,1st Edition,PSA 10,2025-09-05,514.72,USD,eBay,unknown,FALSE,,,2000 POKEMON TEAM ROCKET 1ST EDITION 7/82 DARK GOLBAT HOLO GEM MINT PSA 10,https://www.ebay.es/itm/205696029321,PriceCharting
Team Rocket,Dark Golbat,7/82,1st Edition,PSA 10,2025-07-21,680.00,USD,eBay,unknown,FALSE,,,Pokemon Dark Golbat Team Rocket 1st Edition Holo Rare #7 PSA 10 Gem Mint,https://www.ebay.es/itm/286700493714,PriceCharting
Team Rocket,Dark Golbat,7/82,1st Edition,PSA 10,2025-05-26,495.00,USD,eBay,unknown,FALSE,,,Pokemon Dark Golbat Team Rocket 1st Edition Holo Rare #7 PSA 10 Gem Mint,https://www.ebay.es/itm/286572052669,PriceCharting
Team Rocket,Dark Golbat,7/82,1st Edition,PSA 10,2025-01-28,599.99,USD,eBay,unknown,FALSE,,,PSA 10 2000 Pokemon 1st Edition Team Rocket Dark Golbat #7 Holo,https://www.ebay.es/itm/265431891181,PriceCharting
Team Rocket,Dark Golbat,7/82,1st Edition,PSA 10,2025-01-26,425.35,USD,eBay,unknown,FALSE,,,2000 Pokémon Team Rocket 1st Edition #7 Dark Golbat Holo PSA 10 GEM MINT,https://www.ebay.es/itm/224384625471,PriceCharting
Team Rocket,Dark Golbat,7/82,1st Edition,PSA 10,2025-01-20,394.99,USD,eBay,unknown,FALSE,,,PSA 10 - Dark Golbat - #7 - 1st Edition - Holo - Team Rocket - Pokemon Card #7,https://www.ebay.es/itm/196435277656,PriceCharting
Team Rocket,Dark Golbat,7/82,1st Edition,PSA 10,2024-11-30,378.74,USD,eBay,unknown,FALSE,,,Pokemon TCG Dark Golbat Holo 1st Edition PSA 10 7/82 Team Rocket #7,https://www.ebay.es/itm/166025738844,PriceCharting
Team Rocket,Dark Golbat,7/82,1st Edition,PSA 10,2024-09-24,350.00,USD,eBay,unknown,FALSE,,,2000 Pokémon Team Rocket First Edition Holo Rare Dark Golbat 7/82 PSA 10 Swirl 7/82,https://www.ebay.es/itm/395680096307,PriceCharting
Team Rocket,Dark Golbat,7/82,1st Edition,PSA 10,2024-09-17,405.00,USD,eBay,unknown,FALSE,,,2000 Pokémon Team Rocket First Edition Holo Rare Dark Golbat 7/82 PSA 10 7/82,https://www.ebay.es/itm/156382389043,PriceCharting
Team Rocket,Dark Golbat,7/82,1st Edition,PSA 10,2024-09-01,295.71,USD,eBay,unknown,FALSE,,,1st Edition Dark Golbat Holo | 7/82 | PSA 10 | Team Rocket | Pokemon Card,https://www.ebay.es/itm/166936897989,PriceCharting
Team Rocket,Dark Golbat,7/82,1st Edition,PSA 10,2024-08-28,305.00,USD,eBay,unknown,FALSE,,,2000 Pokemon Team Rocket 1st Edition #7 Dark Golbat Holo PSA 10 GEM MINT,https://www.ebay.es/itm/375602723744,PriceCharting
Team Rocket,Dark Golbat,7/82,Unlimited,PSA 8,2026-09-26,94.95,USD,eBay,unknown,FALSE,,,Dark Golbat 7/82 Pokemon Team Rocket Unlimited Holo Rare Vintage - PSA 8 🔥 7/82,https://www.ebay.es/itm/178517489363,PriceCharting
Team Rocket,Dark Golbat,7/82,Unlimited,PSA 8,2026-09-16,85.00,USD,eBay,best offer,TRUE,,,2000 DARK GOLBAT HOLO RARE TEAM ROCKET POKEMON TCG PSA 8 NM-MINT #7/82 7/82,https://www.ebay.es/itm/278160523372,PriceCharting
Team Rocket,Dark Golbat,7/82,Unlimited,PSA 8,2026-09-14,85.00,USD,eBay,unknown,FALSE,,,Pokémon PSA 8 2000 Team Rocket Dark Golbat 7/82 Holo ENG WOTC 7/82,https://www.ebay.es/itm/178414039536,PriceCharting
Team Rocket,Dark Golbat,7/82,Unlimited,PSA 8,2026-08-31,95.00,USD,eBay,unknown,FALSE,,,Dark Golbat Holo 7/82 PSA 8 - 2000 Pokemon Team Rocket 7/82,https://www.ebay.es/itm/820043434802,PriceCharting
Team Rocket,Dark Golbat,7/82,Unlimited,PSA 8,2026-06-28,72.10,USD,eBay,best offer,TRUE,,,NM-MINT HOLO RARE VINTAGE Dark Golbat! PSA 8! 2000 Pokémon Team Rocket #7/82 7/82,https://www.ebay.es/itm/197620898395,PriceCharting
Team Rocket,Dark Golbat,7/82,Unlimited,PSA 8,2026-06-15,85.00,USD,eBay,unknown,FALSE,,,2000 Pokemon Dark Golbat 7/82 Team Rocket Holo PSA 8 7/82,https://www.ebay.es/itm/318309548603,PriceCharting
Team Rocket,Dark Golbat,7/82,Unlimited,PSA 8,2026-05-13,79.70,USD,eBay,unknown,FALSE,,,NM-MINT HOLO RARE VINTAGE Dark Golbat! PSA 8! 2000 Pokémon Team Rocket #7/82,https://www.ebay.es/itm/358417482417,PriceCharting
Team Rocket,Dark Golbat,7/82,Unlimited,PSA 8,2026-04-25,50.00,USD,eBay,best offer,TRUE,,,Pokémon Dark Golbat 7/82 Team Rocket Holo Rare PSA 8 50HP Unlimited 7/82,https://www.ebay.es/itm/206218340800,PriceCharting
Team Rocket,Dark Golbat,7/82,Unlimited,PSA 8,2026-04-05,51.00,USD,eBay,unknown,FALSE,,,NM-MINT HOLO RARE VINTAGE Dark Golbat! PSA 8 2000 Pokémon Team Rocket #7/82 7/82,https://www.ebay.es/itm/117115490226,PriceCharting
Team Rocket,Dark Golbat,7/82,Unlimited,PSA 8,2026-03-29,75.69,USD,eBay,unknown,FALSE,,,NM-MINT HOLO RARE VINTAGE Dark Golbat! PSA 8! 2000 Pokémon Team Rocket #7/82 7/82,https://www.ebay.es/itm/136717546515,PriceCharting
Team Rocket,Dark Golbat,7/82,Unlimited,PSA 8,2026-02-27,69.00,USD,eBay,unknown,FALSE,,,2000 Pokemon Team Rocket Dark Golbat Holo #7/82 PSA 8 7/82,https://www.ebay.es/itm/317881102773,PriceCharting
Team Rocket,Dark Golbat,7/82,Unlimited,PSA 8,2026-02-21,85.95,USD,eBay,unknown,FALSE,,,Pokemon Team Rocket Dark Golbat 7/82 PSA 8,https://www.ebay.es/itm/336372056162,PriceCharting
Team Rocket,Dark Golbat,7/82,Unlimited,PSA 9,2026-09-24,125.75,USD,eBay,unknown,FALSE,,,PSA 9 2000 Pokemon Dark Golbat 7/82 Holo Rare Team Rocket Unlimited EN 7/82,https://www.ebay.es/itm/407241929733,PriceCharting
Team Rocket,Dark Golbat,7/82,Unlimited,PSA 9,2026-09-07,124.99,USD,eBay,unknown,FALSE,,,2000 Pokemon Team Rocket - Dark Golbat Holo - 7/82 - PSA 9 Mint 7/82,https://www.ebay.es/itm/287566420775,PriceCharting
Team Rocket,Dark Golbat,7/82,Unlimited,PSA 9,2026-09-01,125.00,USD,eBay,unknown,FALSE,,,Pokemon Team Rocket Dark Golbat Holo Rare 07/82 PSA 9 2000 English Unlimited 7/82,https://www.ebay.es/itm/227396614037,PriceCharting
Team Rocket,Dark Golbat,7/82,Unlimited,PSA 9,2026-08-19,89.00,USD,eBay,unknown,FALSE,,,Pokemon Team Rocket Dark Golbat Holo PSA 9 7/82,https://www.ebay.es/itm/147511949405,PriceCharting
Team Rocket,Dark Golbat,7/82,Unlimited,PSA 9,2026-08-11,88.00,USD,eBay,unknown,FALSE,,,DARK GOLBAT 2000 POKEMON TEAM ROCKET HOLO #7/82 PSA 9 Q7217-2 #7,https://www.ebay.es/itm/278244027772,PriceCharting
Team Rocket,Dark Golbat,7/82,Unlimited,PSA 9,2026-06-23,127.50,USD,eBay,unknown,FALSE,,,Dark Golbat 7/82 Pokemon Team Rocket with SWIRL 🌀 PSA 9 7/82,https://www.ebay.es/itm/398078096457,PriceCharting
Team Rocket,Dark Golbat,7/82,Unlimited,PSA 9,2026-05-20,139.95,USD,eBay,unknown,FALSE,,,"Pokémon Card Dark Golbat Holo Rare PSA 9 Mint, Team Rocket 7/82, WOTC 2000 7/82",https://www.ebay.es/itm/114606088218,PriceCharting
Team Rocket,Dark Golbat,7/82,Unlimited,PSA 9,2026-03-05,86.00,USD,eBay,unknown,FALSE,,,Pokémon TCG Dark Golbat Holo Rare Team Rocket 7/82 2000 Unlimited PSA 9 7/82,https://www.ebay.es/itm/397655549103,PriceCharting
Team Rocket,Dark Golbat,7/82,Unlimited,PSA 9,2026-01-26,66.00,USD,eBay,unknown,FALSE,,,Pokemon Dark Golbat Team Rocket Unlimited Holo Rare #7 PSA 9 Mint,https://www.ebay.es/itm/287073037742,PriceCharting
Team Rocket,Dark Golbat,7/82,Unlimited,PSA 9,2025-11-17,53.00,USD,eBay,unknown,FALSE,,,Pokemon Dark Golbat Team Rocket Unlimited Holo Rare #7 PSA 9 Mint,https://www.ebay.es/itm/286921881212,PriceCharting
Team Rocket,Dark Golbat,7/82,Unlimited,PSA 9,2025-11-15,76.29,USD,eBay,best offer,TRUE,,,Pokemon – Team Rocket – Dark Golbat Holo - 2000 - 7/82 - PSA 9 – Mint,https://www.ebay.es/itm/177534319783,PriceCharting
Team Rocket,Dark Golbat,7/82,Unlimited,PSA 9,2025-11-09,51.00,USD,eBay,best offer,TRUE,,,PSA 9 MINT Dark Golbat 2000 Team Rocket 7/82 Holo Pokemon Card 7/82,https://www.ebay.es/itm/167914756932,PriceCharting
Team Rocket,Dark Golbat,7/82,Unlimited,PSA 10,2025-09-18,310.00,USD,eBay,unknown,FALSE,,,Pokemon Dark Golbat Team Rocket Holo Rare #7 PSA 10 Gem Mint #7,https://www.ebay.es/itm/376557855351,PriceCharting
Team Rocket,Dark Golbat,7/82,Unlimited,PSA 10,2025-04-17,250.00,USD,eBay,unknown,FALSE,,,PSA 10 Dark Golbat Team Rocket Holo Rare #7 Pokemon Unlimited 2000 GEM MINT #7,https://www.ebay.es/itm/396483242464,PriceCharting
Team Rocket,Dark Golbat,7/82,Unlimited,PSA 10,2023-12-12,202.50,USD,eBay,unknown,FALSE,,,PSA 10 GEM MINT Dark Golbat 2000 Team Rocket #7/82 HOLO Graded Pokemon Card,https://www.ebay.es/itm/276210789427,PriceCharting
Team Rocket,Dark Golbat,7/82,Unlimited,PSA 10,2023-12-03,110.65,USD,eBay,unknown,FALSE,,,Pokemon Dark Golbat Team Rocket 7/82 Holo PSA 10 2000,https://www.ebay.es/itm/395018348845,PriceCharting
Team Rocket,Dark Gyarados,8/82,1st Edition,PSA 8,2026-09-18,259.96,USD,eBay,unknown,FALSE,,,2000 Pokemon Team Rocket Dark Gyarados Holo 1st Edition #8 PSA 8 #8,https://www.ebay.es/itm/287585863323,PriceCharting
Team Rocket,Dark Gyarados,8/82,1st Edition,PSA 8,2026-09-06,303.53,USD,eBay,unknown,FALSE,,,2000 POKEMON TEAM ROCKET FIRST EDITION #8/82 DARK GYARADOS HOLO RARE PSA 8 8/82,https://www.ebay.es/itm/206522078967,PriceCharting
Team Rocket,Dark Gyarados,8/82,1st Edition,PSA 8,2026-08-14,261.00,USD,eBay,unknown,FALSE,,,2000 Pokemon Team Rocket Dark Gyarados Holo 1st Edition #8 PSA 8,https://www.ebay.es/itm/407125667130,PriceCharting
Team Rocket,Dark Gyarados,8/82,1st Edition,PSA 8,2026-07-27,290.00,USD,eBay,best offer,TRUE,,,2000 POKEMON TEAM ROCKET FIRST EDITION #8/82 DARK GYARADOS HOLO RARE PSA 8 #82,https://www.ebay.es/itm/257643833401,PriceCharting
Team Rocket,Dark Gyarados,8/82,1st Edition,PSA 8,2026-07-19,256.03,USD,eBay,unknown,FALSE,,,2000 POKEMON TEAM ROCKET FIRST EDITION #8/82 DARK GYARADOS HOLO RARE PSA 8 8/82,https://www.ebay.es/itm/206408436662,PriceCharting
Team Rocket,Dark Gyarados,8/82,1st Edition,PSA 8,2026-07-15,300.00,USD,eBay,best offer,TRUE,,,PSA 8 NM-MT Dark Gyarados 8/82 1st Edition Team Rocket Holo Rare Pokemon Card 8/82,https://www.ebay.es/itm/366462669398,PriceCharting
Team Rocket,Dark Gyarados,8/82,1st Edition,PSA 8,2026-07-14,221.00,USD,eBay,best offer,TRUE,,,2000 Pokémon Team Rocket 1st Edition Dark Gyarados Holo #8 PSA 8 WOTC #8,https://www.ebay.es/itm/206411126465,PriceCharting
Team Rocket,Dark Gyarados,8/82,1st Edition,PSA 8,2026-07-11,300.00,USD,eBay,best offer,TRUE,,,2000 Pokémon Dark Gyarados Team Rocket 1st Edition Holo RARE PSA 8 GORGEOUS! 🔥 8/82,https://www.ebay.es/itm/236928169715,PriceCharting
Team Rocket,Dark Gyarados,8/82,1st Edition,PSA 8,2026-07-06,255.00,USD,eBay,unknown,FALSE,,,PSA 8 Dark Gyarados 8/82 1st Edition Team Rocket Holo Swirl🌀Pokemon Newest Cert 8/82,https://www.ebay.es/itm/398132624218,PriceCharting
Team Rocket,Dark Gyarados,8/82,1st Edition,PSA 8,2026-06-30,275.00,USD,eBay,best offer,TRUE,,,Pokemon Dark Gyarados Holo Team Rocket 8 1st Edition PSA 8 #8,https://www.ebay.es/itm/318522380529,PriceCharting
Team Rocket,Dark Gyarados,8/82,1st Edition,PSA 8,2026-06-28,250.50,USD,eBay,unknown,FALSE,,,Pokemon Dark Gyarados Holo Team Rocket 8 1st Edition PSA 8 #8,https://www.ebay.es/itm/287401743628,PriceCharting
Team Rocket,Dark Gyarados,8/82,1st Edition,PSA 8,2026-06-10,375.00,USD,eBay,unknown,FALSE,,,🌈Dark Gyarados 1st Edition Pokémon Team Rocket 8/82 Holo RARE 🦄 PSA 8 8/82,https://www.ebay.es/itm/167114609225,PriceCharting
Team Rocket,Dark Gyarados,8/82,1st Edition,PSA 8,2026-06-08,270.00,USD,eBay,best offer,TRUE,,,PSA 8 NM-MT Dark Gyarados 8/82 1st Edition Team Rocket Holo Rare Pokemon Card 8/82,https://www.ebay.es/itm/398020052406,PriceCharting
Team Rocket,Dark Gyarados,8/82,1st Edition,PSA 8,2026-05-23,200.00,USD,eBay,unknown,FALSE,,,2000 POKEMON TEAM ROCKET #8 DARK GYARADOS 1st Edition HOLO PSA 8 8/82,https://www.ebay.es/itm/358570350628,PriceCharting
Team Rocket,Dark Gyarados,8/82,1st Edition,PSA 8,2026-05-18,200.00,USD,eBay,unknown,FALSE,,,2000 POKEMON TEAM ROCKET #8 DARK GYARADOS 1st Edition HOLO PSA 8 8/82,https://www.ebay.es/itm/358570102813,PriceCharting
Team Rocket,Dark Gyarados,8/82,1st Edition,PSA 8,2026-05-18,200.00,USD,eBay,unknown,FALSE,,,2000 POKEMON TEAM ROCKET #8 DARK GYARADOS 1st Edition HOLO PSA 8 8/82,https://www.ebay.es/itm/358570058120,PriceCharting
Team Rocket,Dark Gyarados,8/82,1st Edition,PSA 8,2026-05-17,260.00,USD,eBay,best offer,TRUE,,,Pokémon Dark Gyarados 8/82 Team Rocket 1st Edition Holo Rare PSA 8 2000 8/82,https://www.ebay.es/itm/327155138257,PriceCharting
Team Rocket,Dark Gyarados,8/82,1st Edition,PSA 8,2026-05-12,220.00,USD,eBay,best offer,TRUE,,,Pokémon Dark Gyarados 8/82 Team Rocket Holo Rare 1st Edition PSA 8 2000 8/82,https://www.ebay.es/itm/236806948112,PriceCharting
Team Rocket,Dark Gyarados,8/82,1st Edition,PSA 8,2026-04-26,123.50,USD,eBay,unknown,FALSE,,,Pokemon Dark Gyarados Team Rocket 1st Edition Holo Rare #8 PSA 8,https://www.ebay.es/itm/287278252352,PriceCharting
Team Rocket,Dark Gyarados,8/82,1st Edition,PSA 9,2026-09-21,561.00,USD,eBay,unknown,FALSE,,,Pokemon Dark Gyarados Holo Team Rocket 8 1st Edition PSA 9 Mint #8,https://www.ebay.es/itm/287575937949,PriceCharting
Team Rocket,Dark Gyarados,8/82,1st Edition,PSA 9,2026-09-13,536.00,USD,eBay,unknown,FALSE,,,Pokemon Dark Gyarados Holo Team Rocket 8 1st Edition PSA 9 Mint #8,https://www.ebay.es/itm/287565598197,PriceCharting
Team Rocket,Dark Gyarados,8/82,1st Edition,PSA 9,2026-09-11,461.00,USD,eBay,best offer,TRUE,,,2000 Pokemon Dark Gyarados 8/82 Holo Team Rocket 1st Edition PSA 9 #8 Low Pop #8,https://www.ebay.es/itm/227514469075,PriceCharting
Team Rocket,Dark Gyarados,8/82,1st Edition,PSA 9,2026-08-31,581.73,USD,eBay,unknown,FALSE,,,Pokémon Dark Gyarados 8/82 Team Rocket 1st Edition Holo Rare PSA 9 Mint!,https://www.ebay.es/itm/117349035155,PriceCharting
Team Rocket,Dark Gyarados,8/82,1st Edition,PSA 9,2026-08-31,575.00,USD,eBay,best offer,TRUE,,,Pokemon Dark Gyarados Holo 1st Edition 2000 #8 Team Rocket PSA 9 #8,https://www.ebay.es/itm/307150330371,PriceCharting
Team Rocket,Dark Gyarados,8/82,1st Edition,PSA 9,2026-08-31,724.96,USD,eBay,unknown,FALSE,,,2000 Pokemon Dark Gyarados 8/82 Holo Team Rocket 1st Edition PSA 9 #8 Low Pop #8,https://www.ebay.es/itm/128028865322,PriceCharting
Team Rocket,Dark Gyarados,8/82,1st Edition,PSA 9,2026-08-17,516.00,USD,eBay,unknown,FALSE,,,Pokemon Dark Gyarados Holo Team Rocket 8 1st Edition PSA 9 Mint #8,https://www.ebay.es/itm/287511103212,PriceCharting
Team Rocket,Dark Gyarados,8/82,1st Edition,PSA 9,2026-08-09,611.94,USD,eBay,unknown,FALSE,,,PSA 9 MINT Pokemon Dark Gyarados Team Rocket Holo 1st Edition 8/82,https://www.ebay.es/itm/198500289391,PriceCharting
Team Rocket,Dark Gyarados,8/82,1st Edition,PSA 9,2026-08-05,450.00,USD,eBay,unknown,FALSE,,,Pokemon Dark Gyarados 8/82 Holo Team Rocket 1st Edition PSA 9 Mint #8,https://www.ebay.es/itm/206458357311,PriceCharting
Team Rocket,Dark Gyarados,8/82,1st Edition,PSA 9,2026-07-27,558.01,USD,eBay,best offer,TRUE,,,Pokemon Dark Gyarados 8/82 Holo Team Rocket 1st Edition PSA 9 Mint #8,https://www.ebay.es/itm/227450233267,PriceCharting
Team Rocket,Dark Gyarados,8/82,1st Edition,PSA 9,2026-07-24,579.00,USD,eBay,unknown,FALSE,,,2000 POKEMON TEAM ROCKET DARK GYARADOS #8/82 1ST EDITION RARE HOLO FOIL PSA 9 8/82,https://www.ebay.es/itm/358792081656,PriceCharting
Team Rocket,Dark Gyarados,8/82,1st Edition,PSA 9,2026-07-22,533.00,USD,eBay,best offer,TRUE,,,Pokemon Dark Gyarados 8/82 Holo Team Rocket 1st Edition PSA 9 Mint #8,https://www.ebay.es/itm/227440889512,PriceCharting
Team Rocket,Dark Gyarados,8/82,1st Edition,PSA 9,2026-07-19,481.00,USD,eBay,unknown,FALSE,,,Pokemon Dark Gyarados Holo Team Rocket 8 1st Edition PSA 9 Mint #8,https://www.ebay.es/itm/287450314969,PriceCharting
Team Rocket,Dark Gyarados,8/82,1st Edition,PSA 9,2026-07-14,445.00,USD,eBay,best offer,TRUE,,,Pokemon 2000 Team Rocket Dark Gyarados 1st Edition Holo 8/82 PSA 9 English 8/82,https://www.ebay.es/itm/278174633212,PriceCharting
Team Rocket,Dark Gyarados,8/82,1st Edition,PSA 10,2026-09-18,5500.00,USD,eBay,unknown,FALSE,,,Pokemon Dark Gyarados Holo Team Rocket 8 1st Edition PSA 10 Gem Mint #8,https://www.ebay.es/itm/377488995525,PriceCharting
Team Rocket,Dark Gyarados,8/82,1st Edition,PSA 10,2026-09-16,5000.00,USD,eBay,unknown,FALSE,,,2000 POKEMON ROCKET 1ST ED #8 DARK GYARADOS-HOLO PSA 10 #8,https://www.ebay.es/itm/297634466846,PriceCharting
Team Rocket,Dark Gyarados,8/82,1st Edition,PSA 10,2026-09-15,4100.00,USD,eBay,unknown,FALSE,,,Pokemon Dark Gyarados Holo Team Rocket 8 1st Edition PSA 10 Gem Mint #8,https://www.ebay.es/itm/128069279356,PriceCharting
Team Rocket,Dark Gyarados,8/82,1st Edition,PSA 10,2026-09-13,4000.00,USD,eBay,best offer,TRUE,,,Pokemon Dark Gyarados Holo #8 Team Rocket 1st Edition English Gem Mint PSA 10 #8,https://www.ebay.es/itm/298659593675,PriceCharting
Team Rocket,Dark Gyarados,8/82,1st Edition,PSA 10,2026-08-24,4700.69,USD,eBay,unknown,FALSE,,,Pokemon Team Rocket Dark Gyarados Holo (Swirl) 1st Edition #8 PSA 10 8/82,https://www.ebay.es/itm/267757463789,PriceCharting
Team Rocket,Dark Gyarados,8/82,1st Edition,PSA 10,2026-08-02,4000.00,USD,eBay,unknown,FALSE,,,2000 POKEMON ROCKET 1ST EDITION #8 DARK GYARADOS-HOLO PSA 10 #8,https://www.ebay.es/itm/298485508875,PriceCharting
Team Rocket,Dark Gyarados,8/82,1st Edition,PSA 10,2026-07-10,4000.00,USD,eBay,unknown,FALSE,,,PSA 10 GEM MINT Dark Gyarados 8/82 HOLO Team Rocket 1ST EDITION Pokemon Card 8/82,https://www.ebay.es/itm/358515046102,PriceCharting
Team Rocket,Dark Gyarados,8/82,1st Edition,PSA 10,2026-05-18,3550.00,USD,eBay,unknown,FALSE,,,Pokemon Dark Gyarados Team Rocket 1st Edition Holo Rare #8 PSA 10 Gem Mint,https://www.ebay.es/itm/287318134229,PriceCharting
Team Rocket,Dark Gyarados,8/82,1st Edition,PSA 10,2026-05-03,3449.00,USD,eBay,unknown,FALSE,,,2000 Pokemon Team Rocket 1st Edition DARK GYARADOS Holo Rare Foil 8/82 PSA 10 8/82,https://www.ebay.es/itm/306891767417,PriceCharting
Team Rocket,Dark Gyarados,8/82,1st Edition,PSA 10,2026-04-29,5187.88,USD,eBay,best offer,TRUE,,,2000 Pokémon Dark Gyarados Holo 1st Edition 8/82 PSA 10 (Team Rocket) GEM MINT 8/82,https://www.ebay.es/itm/127668832651,PriceCharting
Team Rocket,Dark Gyarados,8/82,1st Edition,PSA 10,2026-04-09,4999.99,USD,eBay,unknown,FALSE,,,PSA 10 GEM MINT Dark Gyarados 8/82 HOLO Team Rocket 1ST EDITION Pokemon Card,https://www.ebay.es/itm/267621880279,PriceCharting
Team Rocket,Dark Gyarados,8/82,1st Edition,PSA 10,2026-03-22,560.00,USD,eBay,unknown,FALSE,,,Pokemon Dark Gyarados Team Rocket 1st Edition NON Holo Rare #8 PSA 10 Gem Mint,https://www.ebay.es/itm/287204738854,PriceCharting
Team Rocket,Dark Gyarados,8/82,1st Edition,PSA 10,2026-03-22,3999.95,USD,eBay,unknown,FALSE,,,PSA 10 1st Edition Dark Gyarados 8/82 Team Rocket Pokemon 2000 8/82,https://www.ebay.es/itm/177867409350,PriceCharting
Team Rocket,Dark Gyarados,8/82,1st Edition,PSA 10,2026-03-16,3200.00,USD,eBay,best offer,TRUE,,,2000 Pokémon Dark Gyarados Holo 1st Edition 8/82 PSA 10 (Team Rocket) GEM MINT 8/82,https://www.ebay.es/itm/336482749112,PriceCharting
Team Rocket,Dark Gyarados,8/82,1st Edition,PSA 10,2026-03-16,3999.99,USD,eBay,unknown,FALSE,,,Pokemon Dark Gyarados Team Rocket 1st Edition Holo Rare #8 PSA 10 SWIRL🌀 #8,https://www.ebay.es/itm/287171566275,PriceCharting
Team Rocket,Dark Gyarados,8/82,1st Edition,PSA 10,2026-03-16,4420.00,USD,eBay,unknown,FALSE,,,Pokemon Dark Gyarados Team Rocket 1st Edition Holo Rare #8 PSA 10 Gem Mint,https://www.ebay.es/itm/287182386043,PriceCharting
Team Rocket,Dark Gyarados,8/82,1st Edition,PSA 10,2026-03-12,3936.19,USD,eBay,unknown,FALSE,,,2000 Pokémon Dark Gyarados Holo 1st Edition 8/82 PSA 10 (Team Rocket) GEM MINT 8/82,https://www.ebay.es/itm/227220065647,PriceCharting
Team Rocket,Dark Gyarados,8/82,1st Edition,PSA 10,2026-03-08,590.00,USD,eBay,unknown,FALSE,,,Pokemon Dark Gyarados Team Rocket 1st Edition NON Holo Rare #8 PSA 10 Gem Mint,https://www.ebay.es/itm/287166943029,PriceCharting
Team Rocket,Dark Gyarados,8/82,1st Edition,PSA 10,2026-02-21,3000.00,USD,eBay,unknown,FALSE,,,Pokemon Dark Gyarados Team Rocket 1st Edition Holo Rare #8 PSA 10 Gem Mint,https://www.ebay.es/itm/287148715007,PriceCharting
Team Rocket,Dark Gyarados,8/82,1st Edition,PSA 10,2026-01-26,2275.00,USD,eBay,unknown,FALSE,,,Pokémon Dark Gyarados 1st Edition Team Rocket Holo #8 PSA 10 English 8/82,https://www.ebay.es/itm/147097458718,PriceCharting
Team Rocket,Dark Gyarados,8/82,1st Edition,PSA 10,2026-01-09,2000.00,USD,eBay,unknown,FALSE,,,Pokemon Dark Gyarados Team Rocket 1st Edition Holo Rare #8 PSA 10 Gem Mint,https://www.ebay.es/itm/326947728375,PriceCharting
Team Rocket,Dark Gyarados,8/82,1st Edition,PSA 10,2026-01-07,2004.23,USD,eBay,unknown,FALSE,,,PSA 10 1st Edition Dark Gyarados Holo 8/82 - 2000 Team Rocket Rare Pokemon,https://www.ebay.es/itm/336053482628,PriceCharting
Team Rocket,Dark Gyarados,8/82,1st Edition,PSA 10,2025-12-22,1800.00,USD,eBay,unknown,FALSE,,,Pokemon Dark Gyarados Team Rocket 1st Edition Holo Rare #8 PSA 10 Gem Mint,https://www.ebay.es/itm/286958867194,PriceCharting
Team Rocket,Dark Gyarados,8/82,1st Edition,PSA 10,2025-12-15,1850.00,USD,eBay,unknown,FALSE,,,Pokemon Dark Gyarados Team Rocket 1st Edition Holo Rare #8 PSA 10 Gem Mint,https://www.ebay.es/itm/286991076032,PriceCharting
Team Rocket,Dark Gyarados,8/82,1st Edition,PSA 10,2025-11-25,1986.07,USD,eBay,best offer,TRUE,,,2000 Pokémon Dark Gyarados Holo 1st Edition 8/82 PSA 10 (Team Rocket) GEM MINT 8/82,https://www.ebay.es/itm/197697610985,PriceCharting
Team Rocket,Dark Gyarados,8/82,1st Edition,PSA 10,2025-11-02,1755.13,USD,eBay,unknown,FALSE,,,Pokemon Cards - PSA 10 1st Edition Dark Gyarados 8/82 - Team Rocket - GEM MT 8/82,https://www.ebay.es/itm/286892841961,PriceCharting
Team Rocket,Dark Gyarados,8/82,1st Edition,PSA 10,2025-10-12,1875.00,USD,eBay,unknown,FALSE,,,2000 Pokémon Dark Gyarados Holo 1st Edition 8/82 PSA 10 (Team Rocket) #8,https://www.ebay.es/itm/197748436102,PriceCharting
Team Rocket,Dark Gyarados,8/82,1st Edition,PSA 10,2025-09-02,1750.00,USD,eBay,unknown,FALSE,,,Pokemon Dark Gyarados Team Rocket 1st Edition Holo Rare #8 PSA 10 Gem Mint #8,https://www.ebay.es/itm/167740027903,PriceCharting
Team Rocket,Dark Gyarados,8/82,Unlimited,PSA 8,2026-09-27,91.00,USD,eBay,unknown,FALSE,,,Pokemon Dark Gyarados Holo Team Rocket 8 PSA 8 #8,https://www.ebay.es/itm/287594621982,PriceCharting
Team Rocket,Dark Gyarados,8/82,Unlimited,PSA 8,2026-09-04,94.24,USD,eBay,best offer,TRUE,,,2000 Pokemon Team Rocket #08/82 Dark Gyarados Holo PSA 8 8/82,https://www.ebay.es/itm/398345259242,PriceCharting
Team Rocket,Dark Gyarados,8/82,Unlimited,PSA 8,2026-09-03,90.00,USD,eBay,best offer,TRUE,,,Nintendo Pokemon TCG Dark Gyarados 8/82 Team Rocket Holo Rare Unlimited PSA 8 8/82,https://www.ebay.es/itm/198535317353,PriceCharting
Team Rocket,Dark Gyarados,8/82,Unlimited,PSA 8,2026-08-05,110.00,USD,eBay,unknown,FALSE,,,Nintendo Pokemon TCG Dark Gyarados 8/82 Team Rocket Holo Rare Unlimited PSA 8 8/82,https://www.ebay.es/itm/407100787512,PriceCharting
Team Rocket,Dark Gyarados,8/82,Unlimited,PSA 8,2026-08-04,110.00,USD,eBay,best offer,TRUE,,,1999 Pokemon Team Rocket Dark Gyarados #8 PSA 8 Mouth Swirl 🌀 #8,https://www.ebay.es/itm/257659768223,PriceCharting
Team Rocket,Dark Gyarados,8/82,Unlimited,PSA 8,2026-07-16,120.00,USD,eBay,unknown,FALSE,,,Graded Vintage Pokemon - Dark Gyarados 8/82 Team Rocket Holo - PSA 8 8/82,https://www.ebay.es/itm/318540368839,PriceCharting
Team Rocket,Dark Gyarados,8/82,Unlimited,PSA 8,2026-07-07,128.99,USD,eBay,best offer,TRUE,,,2000 DARK GYARADOS HOLO RARE TEAM ROCKET POKEMON TCG PSA 8 NM-MINT #8/82 8/82,https://www.ebay.es/itm/278160525135,PriceCharting
Team Rocket,Dark Gyarados,8/82,Unlimited,PSA 8,2026-07-01,135.00,USD,eBay,best offer,TRUE,,,Pokemon TCG - Dark Gyarados 8/82 Team Rocket Holo Rare - PSA 8 NM/MT 8/82,https://www.ebay.es/itm/398107396155,PriceCharting
Team Rocket,Dark Gyarados,8/82,Unlimited,PSA 8,2026-07-01,111.04,USD,eBay,unknown,FALSE,,,Dark Gyarados Holo 8/82 Pokemon Team Rocket PSA 8,https://www.ebay.es/itm/147360921177,PriceCharting
Team Rocket,Dark Gyarados,8/82,Unlimited,PSA 8,2026-06-28,81.72,USD,eBay,unknown,FALSE,,,Pokemon TCG - Dark Gyarados 8/82 Team Rocket Holo Rare - PSA 8 NM/MT 8/82,https://www.ebay.es/itm/168475452155,PriceCharting
Team Rocket,Dark Gyarados,8/82,Unlimited,PSA 8,2026-06-26,113.35,USD,eBay,best offer,TRUE,,,Pokemon Dark Gyarados 8/82 TCG Team Rocket Holo Card PSA 8 8/82,https://www.ebay.es/itm/206373949399,PriceCharting
Team Rocket,Dark Gyarados,8/82,Unlimited,PSA 8,2026-06-24,89.80,USD,eBay,unknown,FALSE,,,Pokemon TCG - Dark Gyarados 8/82 Team Rocket Holo Rare - PSA 8 NM/MT 8/82,https://www.ebay.es/itm/168441076060,PriceCharting
Team Rocket,Dark Gyarados,8/82,Unlimited,PSA 8,2026-06-22,81.00,USD,eBay,unknown,FALSE,,,Dark Gyarados Holo 2000 Team Rocket #8 Pokemon TCG PSA 8 Tail swirl ~ #8,https://www.ebay.es/itm/298418739865,PriceCharting
Team Rocket,Dark Gyarados,8/82,Unlimited,PSA 8,2026-06-18,100.88,USD,eBay,unknown,FALSE,,,Dark Gyarados Holo Rare TCG Card PSA 8 Team Rocket Pokemon 8/82,https://www.ebay.es/itm/127929278739,PriceCharting
Team Rocket,Dark Gyarados,8/82,Unlimited,PSA 8,2026-06-16,175.00,USD,eBay,unknown,FALSE,,,2000 Pokémon Team Rocket Dark Gyarados w/ Holo Swirl PSA 8 NM-MT #8/82 8/82,https://www.ebay.es/itm/389359088465,PriceCharting
Team Rocket,Dark Gyarados,8/82,Unlimited,PSA 8,2026-06-16,65.00,USD,eBay,best offer,TRUE,,,The Pokémon Company Dark Gyarados 8/82 Team Rocket Holo Unlimited EN PSA 8 8/82,https://www.ebay.es/itm/137420458086,PriceCharting
Team Rocket,Dark Gyarados,8/82,Unlimited,PSA 8,2026-06-09,99.99,USD,eBay,unknown,FALSE,,,Dark Gyarados Holo Rare TCG Card PSA 8 Team Rocket Pokemon 8/82,https://www.ebay.es/itm/257539320205,PriceCharting
Team Rocket,Dark Gyarados,8/82,Unlimited,PSA 8,2026-05-31,85.00,USD,eBay,best offer,TRUE,,,Dark Gyarados Holo Rare TCG Card PSA 8 Team Rocket Pokemon 8/82,https://www.ebay.es/itm/147249024638,PriceCharting
Team Rocket,Dark Gyarados,8/82,Unlimited,PSA 8,2026-05-25,107.63,USD,eBay,best offer,TRUE,,,2000 Pokemon Team Rocket #8 Dark Gyarados Holo PSA 8 NM-MT #8,https://www.ebay.es/itm/397984739366,PriceCharting
Team Rocket,Dark Gyarados,8/82,Unlimited,PSA 9,2026-09-20,255.00,USD,eBay,unknown,FALSE,,,Pokemon TCG Team Rocket Dark Gyarados Holo 8/82 Unlimited PSA 9 (2000) 8/82,https://www.ebay.es/itm/178493636937,PriceCharting
Team Rocket,Dark Gyarados,8/82,Unlimited,PSA 9,2026-09-13,155.00,USD,eBay,unknown,FALSE,,,Pokemon Team Rocket Dark Gyarados Holo PSA 9 8/82,https://www.ebay.es/itm/147511952727,PriceCharting
Team Rocket,Dark Gyarados,8/82,Unlimited,PSA 9,2026-08-05,194.99,USD,eBay,unknown,FALSE,,,2000 Pokemon Team Rocket Dark Gyarados Holo 8/82 Unlimited PSA 9 8/82,https://www.ebay.es/itm/117339025038,PriceCharting
Team Rocket,Dark Gyarados,8/82,Unlimited,PSA 9,2026-08-04,150.00,USD,eBay,best offer,TRUE,,,2000 Pokemon Team Rocket Dark Gyarados Holo #8/82 PSA 9 MINT Vintage WOTC 8/82,https://www.ebay.es/itm/336722435032,PriceCharting
Team Rocket,Dark Gyarados,8/82,Unlimited,PSA 9,2026-08-01,200.00,USD,eBay,unknown,FALSE,,,Pokemon 2000 Dark Gyarados 8/82 Holo Team Rocket PSA 9,https://www.ebay.es/itm/358862403248,PriceCharting
Team Rocket,Dark Gyarados,8/82,Unlimited,PSA 9,2026-07-09,159.00,USD,eBay,unknown,FALSE,,,Pokemon 2000 Dark Gyarados 8/82 Holo Team Rocket PSA 9 8/82,https://www.ebay.es/itm/407060712555,PriceCharting
Team Rocket,Dark Gyarados,8/82,Unlimited,PSA 9,2026-06-21,162.00,USD,eBay,best offer,TRUE,,,Pokemon TCG 2000 Team Rocket Dark Gyarados Holo Rare 8/82 Unlimited PSA 9 8/82,https://www.ebay.es/itm/398053872266,PriceCharting
Team Rocket,Dark Gyarados,8/82,Unlimited,PSA 9,2026-06-21,150.00,USD,eBay,unknown,FALSE,,,Pokemon Team Rocket Dark Gyarados Holo Rare 08/82 PSA 9 2000 English Unlimited 8/82,https://www.ebay.es/itm/227396625290,PriceCharting
Team Rocket,Dark Gyarados,8/82,Unlimited,PSA 9,2026-05-30,167.90,USD,eBay,best offer,TRUE,,,Pokemon Dark Gyarados 8/82 Team Rocket Holo PSA 9 8/82,https://www.ebay.es/itm/127580262610,PriceCharting
Team Rocket,Dark Gyarados,8/82,Unlimited,PSA 9,2026-04-21,125.00,USD,eBay,unknown,FALSE,,,Pokémon Dark Gyarados Team Rocket Holo PSA 9 Unlimited English 8/82 8/82,https://www.ebay.es/itm/366359301865,PriceCharting
Team Rocket,Dark Gyarados,8/82,Unlimited,PSA 9,2026-04-14,138.00,USD,eBay,unknown,FALSE,,,Pokemon Team Rocket Dark Gyarados 8/82 PSA 9 free shipping 8/82,https://www.ebay.es/itm/257352376828,PriceCharting
Team Rocket,Dark Gyarados,8/82,Unlimited,PSA 9,2026-03-31,147.50,USD,eBay,unknown,FALSE,,,2000 Pokemon Team Rocket Dark Gyarados Holo #8/82 PSA 9,https://www.ebay.es/itm/127770190835,PriceCharting
Team Rocket,Dark Gyarados,8/82,Unlimited,PSA 9,2026-03-24,72.00,USD,eBay,unknown,FALSE,,,2000 Pokemon Team Rocket Dark Gyarados Holo #8/82 PSA 9 8/82,https://www.ebay.es/itm/318016091176,PriceCharting
Team Rocket,Dark Gyarados,8/82,Unlimited,PSA 9,2026-03-22,38.00,USD,eBay,unknown,FALSE,,,2000 Pokemon Team Rocket TCG Dark Gyarados Holo Rare PSA 9 Mint 8/82 8/82,https://www.ebay.es/itm/176309704034,PriceCharting
Team Rocket,Dark Gyarados,8/82,Unlimited,PSA 9,2026-03-18,115.00,USD,eBay,best offer,TRUE,,,2000 Pokémon Team Rocket Dark Gyarados Holo Graded PSA 9 8/82,https://www.ebay.es/itm/406764636336,PriceCharting
Team Rocket,Dark Gyarados,8/82,Unlimited,PSA 10,2026-09-19,2027.21,USD,eBay,unknown,FALSE,,,2000 Pokémon Dark Gyarados Team Rocket Holo 8/82 PSA 10 8/82,https://www.ebay.es/itm/278360419507,PriceCharting
Team Rocket,Dark Gyarados,8/82,Unlimited,PSA 10,2026-08-02,1300.00,USD,eBay,unknown,FALSE,,,Pokemon TCG Team Rocket Dark Gyarados 8/82 Holo Rare English PSA 10 8/82,https://www.ebay.es/itm/206442782075,PriceCharting
Team Rocket,Dark Gyarados,8/82,Unlimited,PSA 10,2026-07-31,1563.51,USD,eBay,unknown,FALSE,,,2000 PSA 10 Gem Mint Dark Gyarados 8/82 Holo Rare Team Rocket Pokemon Unlimited 8/82,https://www.ebay.es/itm/358837436995,PriceCharting
Team Rocket,Dark Gyarados,8/82,Unlimited,PSA 10,2026-07-30,65.00,USD,eBay,unknown,FALSE,,,POKEMON DARK GYARADOS 2021 CELEBRATION CC #8 CLASSIC COLL-TEAM ROCKET PSA 10 #8,https://www.ebay.es/itm/800391460074,PriceCharting
Team Rocket,Dark Gyarados,8/82,Unlimited,PSA 10,2026-06-26,2000.00,USD,eBay,unknown,FALSE,,,2000 PSA 10 Gem Mint Dark Gyarados 8/82 Holo Rare Team Rocket Pokemon Unlimited 8/82,https://www.ebay.es/itm/336652017838,PriceCharting
Team Rocket,Dark Gyarados,8/82,Unlimited,PSA 10,2026-06-22,1875.00,USD,eBay,unknown,FALSE,,,Pokemon Dark Gyarados Team Rocket Unlimited Holo Rare #8 PSA 10 Gem Mint,https://www.ebay.es/itm/287384767569,PriceCharting
Team Rocket,Dark Gyarados,8/82,Unlimited,PSA 10,2026-04-14,1999.99,USD,eBay,unknown,FALSE,,,PSA 10 GEM MINT Dark Gyarados 8/82 HOLO RARE Team Rocket Pokemon Card,https://www.ebay.es/itm/277858549493,PriceCharting
Team Rocket,Dark Gyarados,8/82,Unlimited,PSA 10,2026-03-16,1448.67,USD,eBay,unknown,FALSE,,,Pokemon Dark Gyarados Team Rocket Unlimited Holo Rare #8 PSA 10 Gem Mint,https://www.ebay.es/itm/287182392646,PriceCharting
Team Rocket,Dark Gyarados,8/82,Unlimited,PSA 10,2026-03-02,1050.00,USD,eBay,unknown,FALSE,,,Pokemon PSA 10 Dark Gyarados Holo 8/82 2000 Team Rocket POP 104 8/82,https://www.ebay.es/itm/177911726621,PriceCharting
Team Rocket,Dark Gyarados,8/82,Unlimited,PSA 10,2026-03-02,1058.00,USD,eBay,unknown,FALSE,,,Pokemon PSA 10 Dark Gyarados Holo 8/82 2000 Team Rocket POP 104 8/82,https://www.ebay.es/itm/177884156497,PriceCharting
Team Rocket,Dark Gyarados,8/82,Unlimited,PSA 10,2025-09-11,1376.00,USD,eBay,unknown,FALSE,,,Pokémon TCG Team Rocket Dark Gyarados Holo Card 8/82 PSA 10 8/82,https://www.ebay.es/itm/286801336059,PriceCharting
Team Rocket,Dark Gyarados,8/82,Unlimited,PSA 10,2025-05-24,699.99,USD,eBay,unknown,FALSE,,,PSA 10 Dark Gyarados Holo - Pokemon Team Rocket #8 - Gem Mint #8,https://www.ebay.es/itm/356920449997,PriceCharting
Team Rocket,Dark Gyarados,8/82,Unlimited,PSA 10,2025-02-08,404.04,USD,eBay,unknown,FALSE,,,2000 Pokemon Team Rocket Dark Gyarados #8 PSA 10 #8,https://www.ebay.es/itm/356321858028,PriceCharting
Team Rocket,Dark Gyarados,8/82,Unlimited,PSA 10,2025-02-02,450.00,USD,eBay,unknown,FALSE,,,Pokemon Dark Gyarados Team Rocket 8/82 Holo Rare PSA 10 Gem MT Mint 2000 English 8/82,https://www.ebay.es/itm/135482737639,PriceCharting
Team Rocket,Dark Gyarados,8/82,Unlimited,PSA 10,2025-01-27,499.99,USD,eBay,unknown,FALSE,,,PSA 10 GEM MINT Pokemon DARK GYARADOS Holo Rare Team Rocket 8/82 Unlimited,https://www.ebay.es/itm/256379085978,PriceCharting
Team Rocket,Dark Gyarados,8/82,Unlimited,PSA 10,2024-10-13,450.00,USD,eBay,unknown,FALSE,,,PSA 10 GEM MINT Pokemon DARK GYARADOS Holo Rare Team Rocket 8/82 Unlimited 8/82,https://www.ebay.es/itm/145785371702,PriceCharting
Team Rocket,Dark Gyarados,8/82,Unlimited,PSA 10,2024-10-08,313.04,USD,eBay,unknown,FALSE,,,Pokemon - PSA 10 - Dark Gyarados - Holo - #8 Team Rocket 8/82,https://www.ebay.es/itm/375639938066,PriceCharting
Team Rocket,Dark Gyarados,8/82,Unlimited,PSA 10,2024-05-17,397.00,USD,eBay,unknown,FALSE,,,2000 Pokemon Team Rocket DARK GYARADOS Holo 8/82 - PSA 10 GEM MINT 💎 #8,https://www.ebay.es/itm/325962851874,PriceCharting
Team Rocket,Dark Gyarados,8/82,Unlimited,PSA 10,2024-01-09,340.00,USD,eBay,unknown,FALSE,,,2000 Pokemon Team Rocket DARK GYARADOS Holo 8/82 - PSA 10 GEM MINT 💎 #8,https://www.ebay.es/itm/324832630480,PriceCharting
Team Rocket,Dark Gyarados,8/82,Unlimited,PSA 10,2023-12-04,399.99,USD,eBay,unknown,FALSE,,,2000 Pokemon Team Rocket DARK GYARADOS Holo 8/82 - PSA 10 GEM MINT 💎 W/swirl #8,https://www.ebay.es/itm/204564573835,PriceCharting
Team Rocket,Dark Hypno,9/82,1st Edition,PSA 8,2026-09-23,114.59,USD,eBay,unknown,FALSE,,,2000 Pokemon Rocket 1st Edition #9 Dark Hypno - Holo PSA 8 NM-MT,https://www.ebay.es/itm/800667320750,PriceCharting
Team Rocket,Dark Hypno,9/82,1st Edition,PSA 8,2026-09-21,130.00,USD,eBay,unknown,FALSE,,,Dark Hypno 9 Holo 1st Edition Team Rocket NM Graded Psa 8 Pokémon #9,https://www.ebay.es/itm/158289448919,PriceCharting
Team Rocket,Dark Hypno,9/82,1st Edition,PSA 8,2026-09-16,150.00,USD,eBay,best offer,TRUE,,,Wizards of the Coast 2000 Pokemon Team Rocket Dark Hypno 1st Ed Holo PSA 8 9/82,https://www.ebay.es/itm/257710901699,PriceCharting
Team Rocket,Dark Hypno,9/82,1st Edition,PSA 8,2026-09-13,150.00,USD,eBay,best offer,TRUE,,,2000 Pokemon Team Rocket First Edition 9 Dark Hypno Holo PSA 8 154329570 #Sep-82,https://www.ebay.es/itm/158128615385,PriceCharting
Team Rocket,Dark Hypno,9/82,1st Edition,PSA 8,2026-09-07,165.00,USD,eBay,best offer,TRUE,,,Dark Hypno 9/82 Holo PSA 8- 2000 Pokemon Team Rocket 1st Edition 9/82,https://www.ebay.es/itm/366649560990,PriceCharting
Team Rocket,Dark Hypno,9/82,1st Edition,PSA 8,2026-08-28,94.00,USD,eBay,unknown,FALSE,,,2000 Pokemon Team Rocket 1st Edition Dark Hypno Holo 9/82 PSA 8 9/82,https://www.ebay.es/itm/366621062265,PriceCharting
Team Rocket,Dark Hypno,9/82,1st Edition,PSA 8,2026-08-16,135.00,USD,eBay,unknown,FALSE,,,2000 Pokémon Rocket Dark Hypno-holo 1st Edition #9 PSA 8 #9,https://www.ebay.es/itm/227473506499,PriceCharting
Team Rocket,Dark Hypno,9/82,1st Edition,PSA 8,2026-08-10,138.00,USD,eBay,unknown,FALSE,,,2000 POKEMON ROCKET 1ST EDITION #9 DARK HYPNO-HOLO PSA 8 #9,https://www.ebay.es/itm/307113638118,PriceCharting
Team Rocket,Dark Hypno,9/82,1st Edition,PSA 8,2026-08-02,139.99,USD,eBay,unknown,FALSE,,,Pokemon TCG Dark Hypno 9/82 Team Rocket 1st Edition Holo Rare PSA 8 9/82,https://www.ebay.es/itm/257632539343,PriceCharting
Team Rocket,Dark Hypno,9/82,1st Edition,PSA 8,2026-08-01,175.27,USD,eBay,unknown,FALSE,,,2000 Pokemon Rocket 9 Dark Hypno Holo 1st Edition PSA 8 Near Mint,https://www.ebay.es/itm/278207248795,PriceCharting
Team Rocket,Dark Hypno,9/82,1st Edition,PSA 8,2026-07-31,138.50,USD,eBay,unknown,FALSE,,,2000 Pokemon Rocket 1st Edition Holo #9 Dark Hypno PSA 8,https://www.ebay.es/itm/336697340621,PriceCharting
Team Rocket,Dark Hypno,9/82,1st Edition,PSA 8,2026-07-21,112.50,USD,eBay,unknown,FALSE,,,Pokemon TCG Dark Hypno 9/82 Team Rocket 1st Edition Holo Rare PSA 8 9/82,https://www.ebay.es/itm/377343064492,PriceCharting
Team Rocket,Dark Hypno,9/82,1st Edition,PSA 8,2026-07-06,170.00,USD,eBay,unknown,FALSE,,,2000 POKEMON ROCKET 1ST EDITION #9 DARK HYPNO-HOLO PSA 8 #9,https://www.ebay.es/itm/278145298964,PriceCharting
Team Rocket,Dark Hypno,9/82,1st Edition,PSA 8,2026-06-29,67.00,USD,eBay,best offer,TRUE,,,2000 Pokemon Rocket Dark Hypno Holo Psa 8 9/82,https://www.ebay.es/itm/188529928073,PriceCharting
Team Rocket,Dark Hypno,9/82,1st Edition,PSA 8,2026-06-28,192.50,USD,eBay,unknown,FALSE,,,Pokemon Dark Hypno Holo Team Rocket 9 1st Edition PSA 8 #9,https://www.ebay.es/itm/287401743622,PriceCharting
Team Rocket,Dark Hypno,9/82,1st Edition,PSA 8,2026-06-28,149.99,USD,eBay,unknown,FALSE,,,x1 2000 Pokemon Team Rocket 1st Edition Dark Hypno Holo #9 PSA 8 NM-MT,https://www.ebay.es/itm/274881519721,PriceCharting
Team Rocket,Dark Hypno,9/82,1st Edition,PSA 8,2026-06-23,167.50,USD,eBay,unknown,FALSE,,,2000 Pokemon Rocket 1st Edition #9 Dark Hypno Holo PSA 8 NM-MT,https://www.ebay.es/itm/800185051955,PriceCharting
Team Rocket,Dark Hypno,9/82,1st Edition,PSA 8,2026-06-16,149.99,USD,eBay,unknown,FALSE,,,Pokemon 1st Edition Team Rocket Dark Hypno Holo 9/82 - PSA 8 NM-MT 9/82,https://www.ebay.es/itm/267689087344,PriceCharting
Team Rocket,Dark Hypno,9/82,1st Edition,PSA 8,2026-06-14,128.11,USD,eBay,unknown,FALSE,,,Dark Hypno Holo First Edition PSA 8 Graded Team Rocket Pokémon Card 2000 9/82 9/82,https://www.ebay.es/itm/188489553578,PriceCharting
Team Rocket,Dark Hypno,9/82,1st Edition,PSA 9,2026-09-25,243.50,USD,eBay,unknown,FALSE,,,2000 Pokemon Team Rocket 1st Edition Dark Hypno Holo #9 WOTC PSA 9 MINT,https://www.ebay.es/itm/377503943391,PriceCharting
Team Rocket,Dark Hypno,9/82,1st Edition,PSA 9,2026-09-21,270.00,USD,eBay,unknown,FALSE,,,Pokemon Dark Hypno Holo Team Rocket 9 1st Edition PSA 9 Mint #9,https://www.ebay.es/itm/287575937959,PriceCharting
Team Rocket,Dark Hypno,9/82,1st Edition,PSA 9,2026-09-16,249.90,USD,eBay,unknown,FALSE,,,2000 Pokemon Dark Hypno Holo Team Rocket 9 1st Edition PSA 9 Mint Wizards 9/82,https://www.ebay.es/itm/206559494138,PriceCharting
Team Rocket,Dark Hypno,9/82,1st Edition,PSA 9,2026-09-13,245.19,USD,eBay,unknown,FALSE,,,Pokemon Dark Hypno Holo Team Rocket 9 1st Edition PSA 9 Mint #9,https://www.ebay.es/itm/287565598208,PriceCharting
Team Rocket,Dark Hypno,9/82,1st Edition,PSA 9,2026-09-10,300.00,USD,eBay,unknown,FALSE,,,2000 Pokémon Team Rocket Dark Hypno 1st Edition Holo Rare PSA 9 MINT #9,https://www.ebay.es/itm/358464517978,PriceCharting
Team Rocket,Dark Hypno,9/82,1st Edition,PSA 9,2026-09-10,285.00,USD,eBay,unknown,FALSE,,,POKEMON DARK HYPNO HOLO 2000 TEAM ROCKET #9 1ST EDITION PSA 9 #9,https://www.ebay.es/itm/800603966172,PriceCharting
Team Rocket,Dark Hypno,9/82,1st Edition,PSA 9,2026-09-06,259.22,USD,eBay,unknown,FALSE,,,DARK HYPNO 1ST EDITION POKEMON #9 2000 TEAM ROCKET MINT ENGLISH PSA 9,https://www.ebay.es/itm/137662725941,PriceCharting
Team Rocket,Dark Hypno,9/82,1st Edition,PSA 9,2026-09-06,250.00,USD,eBay,unknown,FALSE,,,2000 POKEMON ROCKET 1ST EDITION #9 DARK HYPNO-HOLO PSA 9 #9,https://www.ebay.es/itm/307154212623,PriceCharting
Team Rocket,Dark Hypno,9/82,1st Edition,PSA 9,2026-09-04,325.00,USD,eBay,unknown,FALSE,,,2000 Pokemon Rocket #9 Dark Hypno Holo 1st Edition PSA 9 ** Head Swirl** #9,https://www.ebay.es/itm/377350542976,PriceCharting
Team Rocket,Dark Hypno,9/82,1st Edition,PSA 9,2026-09-02,240.00,USD,eBay,best offer,TRUE,,,Wizards of the Coast Pokémon TCG Dark Hypno 9/82 Team Rocket 1st Ed Holo PSA 9 9/82,https://www.ebay.es/itm/407148067485,PriceCharting
Team Rocket,Dark Hypno,9/82,1st Edition,PSA 9,2026-08-23,237.67,USD,eBay,unknown,FALSE,,,DARK HYPNO POKEMON 9 2000 TEAM ROCKET 1st EDITION HOLO ENGLISH PSA 9,https://www.ebay.es/itm/137595877566,PriceCharting
Team Rocket,Dark Hypno,9/82,1st Edition,PSA 9,2026-08-23,264.99,USD,eBay,unknown,FALSE,,,Pokemon English Holo Dark Hypno 1st Edition PSA 9 GEM MINT Team Rocket #9 #9,https://www.ebay.es/itm/227453703844,PriceCharting
Team Rocket,Dark Hypno,9/82,1st Edition,PSA 9,2026-08-22,285.00,USD,eBay,unknown,FALSE,,,2000 Pokemon Team Rocket Dark Hypno #9 1st Edition Holo PSA 9,https://www.ebay.es/itm/336695203448,PriceCharting
Team Rocket,Dark Hypno,9/82,1st Edition,PSA 9,2026-08-20,191.50,USD,eBay,unknown,FALSE,,,POKEMON DARK HYPNO HOLO 2000 TEAM ROCKET #9 1ST EDITION PSA 9 #9,https://www.ebay.es/itm/800495251223,PriceCharting
Team Rocket,Dark Hypno,9/82,1st Edition,PSA 9,2026-08-02,205.00,USD,eBay,best offer,TRUE,,,Pokémon Dark Hypno Team Rocket 9/82 Holo Rare 1st Edition PSA 9 English 9/82,https://www.ebay.es/itm/147473133821,PriceCharting
Team Rocket,Dark Hypno,9/82,1st Edition,PSA 9,2026-07-31,274.75,USD,eBay,unknown,FALSE,,,PSA 9 MINT Pokemon Dark Hypno Team Rocket Holo 1st Edition 9/82,https://www.ebay.es/itm/198500289755,PriceCharting
Team Rocket,Dark Hypno,9/82,1st Edition,PSA 9,2026-07-28,260.00,USD,eBay,best offer,TRUE,,,Pokémon Dark Hypno Team Rocket 9/82 Holo Rare 1st Edition PSA 9 English 9/82,https://www.ebay.es/itm/178352040915,PriceCharting
Team Rocket,Dark Hypno,9/82,1st Edition,PSA 9,2026-07-19,225.36,USD,eBay,unknown,FALSE,,,2000 POKEMON TEAM ROCKET FIRST EDITION #9/82 DARK HYPNO HOLO RARE PSA 9 9/82,https://www.ebay.es/itm/206408435490,PriceCharting
Team Rocket,Dark Hypno,9/82,1st Edition,PSA 9,2026-07-18,202.50,USD,eBay,unknown,FALSE,,,2000 Pokémon Team Rocket Dark Hypno 1st Edition Holo Rare PSA 9 MINT #9 #67887225,https://www.ebay.es/itm/257612671215,PriceCharting
Team Rocket,Dark Hypno,9/82,1st Edition,PSA 9,2026-07-17,275.00,USD,eBay,unknown,FALSE,,,Pokemon 2000 Team Rocket Dark Hypno 9/82 1st Edition Holo PSA 9 9/82,https://www.ebay.es/itm/168531699801,PriceCharting
Team Rocket,Dark Hypno,9/82,1st Edition,PSA 9,2026-07-13,192.50,USD,eBay,unknown,FALSE,,,Pokemon 2000 Dark Hypno 9/82 Holo 1st Edition Team Rocket PSA 9 9/82,https://www.ebay.es/itm/407044547017,PriceCharting
Team Rocket,Dark Hypno,9/82,1st Edition,PSA 10,2026-09-24,2775.00,USD,eBay,unknown,FALSE,,,Pokemon Dark Hypno Team Rocket 1st Edition Holo Rare #9 PSA 10 Gem Mint,https://www.ebay.es/itm/287232988466,PriceCharting
Team Rocket,Dark Hypno,9/82,1st Edition,PSA 10,2026-09-24,2800.00,USD,eBay,best offer,TRUE,,,Pokemon Dark Hypno Holo 9 1st Edition Team Rocket PSA 10 #9,https://www.ebay.es/itm/298379488011,PriceCharting
Team Rocket,Dark Hypno,9/82,1st Edition,PSA 10,2026-09-24,2999.99,USD,eBay,unknown,FALSE,,,2000 POKEMON ROCKET 1ST EDITION #9 DARK HYPNO-HOLO PSA 10 #9,https://www.ebay.es/itm/117259762145,PriceCharting
Team Rocket,Dark Hypno,9/82,1st Edition,PSA 10,2026-08-24,2189.00,USD,eBay,unknown,FALSE,,,Pokemon Dark Hypno Holo Team Rocket 9 1st Edition PSA 10 Gem Mint #9,https://www.ebay.es/itm/287524895482,PriceCharting
Team Rocket,Dark Hypno,9/82,1st Edition,PSA 10,2026-08-17,2500.00,USD,eBay,unknown,FALSE,,,SWIRL!! WotC 2000 Pokemon Team Rocket Dark Hypno 9/82 1st Ed Holo PSA 10 9/82,https://www.ebay.es/itm/158170530900,PriceCharting
Team Rocket,Dark Hypno,9/82,1st Edition,PSA 10,2026-08-03,1276.00,USD,eBay,unknown,FALSE,,,Dark Hypno 2000 Team Rocket #9 🔥 1st Edition HOLO PSA 10 🔥RARE Vintage Pokemon #9,https://www.ebay.es/itm/366561287336,PriceCharting
Team Rocket,Dark Hypno,9/82,1st Edition,PSA 10,2026-07-30,1875.00,USD,eBay,unknown,FALSE,,,PSA 10 - TEAM ROCKET - DARK HYPNO HOLO 9/82 1ST EDITION - VINTAGE POKEMON WOTC 9/82,https://www.ebay.es/itm/278211801755,PriceCharting
Team Rocket,Dark Hypno,9/82,1st Edition,PSA 10,2026-07-19,2001.00,USD,eBay,unknown,FALSE,,,Pokemon Dark Hypno Holo Team Rocket 9 1st Edition PSA 10 Gem Mint #9,https://www.ebay.es/itm/287450318316,PriceCharting
Team Rocket,Dark Hypno,9/82,1st Edition,PSA 10,2026-06-21,2051.00,USD,eBay,unknown,FALSE,,,Pokemon Dark Hypno Team Rocket 1st Edition Holo Rare #9 PSA 10 Gem Mint,https://www.ebay.es/itm/287384724399,PriceCharting
Team Rocket,Dark Hypno,9/82,1st Edition,PSA 10,2026-06-14,1910.00,USD,eBay,unknown,FALSE,,,Pokemon Dark Hypno Team Rocket 1st Edition Holo Rare #9 PSA 10 Gem Mint #9,https://www.ebay.es/itm/287376242803,PriceCharting
Team Rocket,Dark Hypno,9/82,1st Edition,PSA 10,2026-06-07,1850.00,USD,eBay,unknown,FALSE,,,Pokemon Dark Hypno Team Rocket 1st Edition Holo Rare #9 PSA 10 Gem Mint,https://www.ebay.es/itm/287364214531,PriceCharting
Team Rocket,Dark Hypno,9/82,1st Edition,PSA 10,2026-06-01,1575.00,USD,eBay,unknown,FALSE,,,2000 Pokemon Rocket Dark Hypno-Holo #9 GEM MT PSA 10 1st Edition #9,https://www.ebay.es/itm/168397181421,PriceCharting
Team Rocket,Dark Hypno,9/82,1st Edition,PSA 10,2026-05-25,1927.00,USD,eBay,unknown,FALSE,,,Pokemon Dark Hypno Team Rocket 1st Edition Holo Rare #9 PSA 10 Gem Mint,https://www.ebay.es/itm/287329887533,PriceCharting
Team Rocket,Dark Hypno,9/82,1st Edition,PSA 10,2026-05-11,2000.00,USD,eBay,unknown,FALSE,,,Pokémon English Holo Dark Hypno 1st Edition PSA 10 GEM MINT Team Rocket 9/82 #9,https://www.ebay.es/itm/358535473449,PriceCharting
Team Rocket,Dark Hypno,9/82,1st Edition,PSA 10,2026-05-10,2225.00,USD,eBay,unknown,FALSE,,,Pokemon Dark Hypno Team Rocket 1st Edition Holo Rare #9 PSA 10 Gem Mint,https://www.ebay.es/itm/287307688631,PriceCharting
Team Rocket,Dark Hypno,9/82,1st Edition,PSA 10,2026-04-26,3999.95,USD,eBay,unknown,FALSE,,,PSA 10 1st Edition Dark Hypno 9/82 Team Rocket Pokemon 2000 9/82,https://www.ebay.es/itm/177867435845,PriceCharting
Team Rocket,Dark Hypno,9/82,1st Edition,PSA 10,2026-04-14,2469.27,USD,eBay,unknown,FALSE,,,Pokemon Dark Hypno Team Rocket 1st Edition Holo Rare #9 Gem Mint PSA 10,https://www.ebay.es/itm/406720768921,PriceCharting
Team Rocket,Dark Hypno,9/82,1st Edition,PSA 10,2026-04-12,2225.00,USD,eBay,unknown,FALSE,,,Pokemon Dark Hypno Team Rocket 1st Edition Holo Rare #9 PSA 10 Gem Mint,https://www.ebay.es/itm/287247568921,PriceCharting
Team Rocket,Dark Hypno,9/82,1st Edition,PSA 10,2026-04-06,1602.00,USD,eBay,unknown,FALSE,,,2000 POKEMON ROCKET 1ST EDITION #9 DARK HYPNO-HOLO PSA 10 #9,https://www.ebay.es/itm/117113258363,PriceCharting
Team Rocket,Dark Hypno,9/82,1st Edition,PSA 10,2026-03-16,2600.00,USD,eBay,unknown,FALSE,,,Pokemon Dark Hypno Team Rocket 1st Edition Holo Rare #9 PSA 10 Gem Mint,https://www.ebay.es/itm/287182394071,PriceCharting
Team Rocket,Dark Hypno,9/82,1st Edition,PSA 10,2026-03-11,2347.10,USD,eBay,best offer,TRUE,,,2000 POKEMON TEAM ROCKET DARK HYPNO HOLO 1ST EDITION PSA 10 9/82,https://www.ebay.es/itm/177896023485,PriceCharting
Team Rocket,Dark Hypno,9/82,1st Edition,PSA 10,2026-02-21,2000.00,USD,eBay,unknown,FALSE,,,Pokemon Dark Hypno Team Rocket 1st Edition Holo Rare #9 PSA 10 Gem Mint,https://www.ebay.es/itm/287148715041,PriceCharting
Team Rocket,Dark Hypno,9/82,1st Edition,PSA 10,2026-02-17,1600.00,USD,eBay,unknown,FALSE,,,2000 Pokemon Team Rocket 1st Edition Dark Hypno #9 Holo PSA 10 9/82,https://www.ebay.es/itm/267573038973,PriceCharting
Team Rocket,Dark Hypno,9/82,1st Edition,PSA 10,2026-01-02,1000.00,USD,eBay,unknown,FALSE,,,Pokemon Dark Hypno Team Rocket 1st Edition Holo Rare #9 PSA 10 Gem Mint,https://www.ebay.es/itm/286958867273,PriceCharting
Team Rocket,Dark Hypno,9/82,1st Edition,PSA 10,2025-11-17,1249.99,USD,eBay,unknown,FALSE,,,PSA 10 Gem Mint Dark Hypno 9/82 1st Edition Holo Team Rocket 2000 Pokemon 9/82,https://www.ebay.es/itm/187576344121,PriceCharting
Team Rocket,Dark Hypno,9/82,1st Edition,PSA 10,2025-11-17,1146.00,USD,eBay,unknown,FALSE,,,Pokemon Dark Hypno Team Rocket 1st Edition Holo Rare #9 PSA 10 Gem Mint,https://www.ebay.es/itm/286923782506,PriceCharting
Team Rocket,Dark Hypno,9/82,1st Edition,PSA 10,2025-11-04,900.00,USD,eBay,best offer,TRUE,,,2000 Pokemon Team Rocket - Dark Hypno HOLO 1ST EDITION PSA 10 Gem Mint Card 9/82 #9,https://www.ebay.es/itm/297694971575,PriceCharting
Team Rocket,Dark Hypno,9/82,1st Edition,PSA 10,2025-10-29,1093.12,USD,eBay,unknown,FALSE,,,2000 POKEMON TEAM ROCKET DARK HYPNO HOLO 1ST EDITION PSA 10 9/82,https://www.ebay.es/itm/156868648120,PriceCharting
Team Rocket,Dark Hypno,9/82,1st Edition,PSA 10,2025-10-11,949.00,USD,eBay,unknown,FALSE,,,PSA 10 Gem Mint Dark Hypno 9/82 1st Edition Holo Team Rocket 2000 Pokemon 🌀 9/82,https://www.ebay.es/itm/317299069679,PriceCharting
Team Rocket,Dark Hypno,9/82,Unlimited,PSA 8,2026-09-19,75.00,USD,eBay,best offer,TRUE,,,Pokemon TCG Dark Hypno Team Rocket Holo Unlimited English 9/82 PSA 8 9/82,https://www.ebay.es/itm/117331715532,PriceCharting
Team Rocket,Dark Hypno,9/82,Unlimited,PSA 8,2026-08-28,71.01,USD,eBay,unknown,FALSE,,,2000 Pokemon TCG Team Rocket Dark Hypno 9/82 Holo Rare PSA 8 9/82,https://www.ebay.es/itm/147518749022,PriceCharting
Team Rocket,Dark Hypno,9/82,Unlimited,PSA 8,2026-08-02,96.48,USD,eBay,unknown,FALSE,,,SWIRL Dark Hypno | PSA 8 | 9/82 | Team Rocket | Holo | Pokemon TCG 9/82,https://www.ebay.es/itm/127929286496,PriceCharting
Team Rocket,Dark Hypno,9/82,Unlimited,PSA 8,2026-07-24,99.00,USD,eBay,unknown,FALSE,,,Dark Hypno Holo 9/82 Team Rocket Unlimited PSA 8 NM-MT Pokemon Card 9/82,https://www.ebay.es/itm/167883343027,PriceCharting
Team Rocket,Dark Hypno,9/82,Unlimited,PSA 8,2026-07-22,110.00,USD,eBay,unknown,FALSE,,,Pokemon 2000 Dark Hypno Holo 9/82 PSA 8 9/82,https://www.ebay.es/itm/318617069277,PriceCharting
Team Rocket,Dark Hypno,9/82,Unlimited,PSA 8,2026-07-17,88.69,USD,eBay,best offer,TRUE,,,Pokemon 2000 Dark Hypno Holo 9/82 PSA 8,https://www.ebay.es/itm/800280564450,PriceCharting
Team Rocket,Dark Hypno,9/82,Unlimited,PSA 8,2026-07-05,57.57,USD,eBay,unknown,FALSE,,,2000 Pokemon Team Rocket Dark Hypno Holo #9 PSA 8 9/82,https://www.ebay.es/itm/358729201571,PriceCharting
Team Rocket,Dark Hypno,9/82,Unlimited,PSA 8,2026-07-05,72.90,USD,eBay,unknown,FALSE,,,DARK HYPNO 2000 POKEMON TEAM ROCKET HOLO #9/82 PSA 8 Q0895 #9,https://www.ebay.es/itm/278125441327,PriceCharting
Team Rocket,Dark Hypno,9/82,Unlimited,PSA 8,2026-06-24,80.75,USD,eBay,unknown,FALSE,,,🔥 2000 Pokemon Team Rocket Dark Hypno Holo #9 PSA 8 NM-MT WOTC 🔥 9/82,https://www.ebay.es/itm/137295823349,PriceCharting
Team Rocket,Dark Hypno,9/82,Unlimited,PSA 8,2026-06-19,72.50,USD,eBay,unknown,FALSE,,,DARK HYPNO 2000 POKEMON TEAM ROCKET HOLO #9/82 PSA 8 Q5677 #9,https://www.ebay.es/itm/278078605453,PriceCharting
Team Rocket,Dark Hypno,9/82,Unlimited,PSA 8,2026-05-28,79.99,USD,eBay,unknown,FALSE,,,2000 Pokemon Dark Hypno 9/82 Team Rocket Holo 9/82 Vintage Card PSA 8 9/82,https://www.ebay.es/itm/397915654294,PriceCharting
Team Rocket,Dark Hypno,9/82,Unlimited,PSA 8,2026-05-06,68.00,USD,eBay,unknown,FALSE,,,PSA 8 Dark Hypno 9/82 Team Rocket Holo #9 Vintage Pokemon Card 9/82,https://www.ebay.es/itm/389976007977,PriceCharting
Team Rocket,Dark Hypno,9/82,Unlimited,PSA 8,2026-04-25,58.00,USD,eBay,best offer,TRUE,,,2000 Pokemon Dark Hypno 9/82 Team Rocket Holo PSA 8 9/82,https://www.ebay.es/itm/306895147081,PriceCharting
Team Rocket,Dark Hypno,9/82,Unlimited,PSA 8,2026-04-20,60.06,USD,eBay,unknown,FALSE,,,2000 Pokemon Dark Hypno 9/82 Team Rocket Holo PSA 8 Partial Swirl 🌀 9/82,https://www.ebay.es/itm/336528629357,PriceCharting
Team Rocket,Dark Hypno,9/82,Unlimited,PSA 8,2026-04-08,57.90,USD,eBay,unknown,FALSE,,,2000 Pokemon Team Rocket Dark Hypno Holo #9/82 PSA 8,https://www.ebay.es/itm/127786801909,PriceCharting
Team Rocket,Dark Hypno,9/82,Unlimited,PSA 8,2026-03-22,94.00,USD,eBay,unknown,FALSE,,,Vintage Pokemon Dark Hypno #9 Team Rocket 2000 PSA 8,https://www.ebay.es/itm/358310748902,PriceCharting
Team Rocket,Dark Hypno,9/82,Unlimited,PSA 8,2026-03-09,58.88,USD,eBay,best offer,TRUE,,,Dark Hypno Holo 9/82 Team Rocket Unlimited PSA 8 NM-MT Pokemon Card,https://www.ebay.es/itm/197219496219,PriceCharting
Team Rocket,Dark Hypno,9/82,Unlimited,PSA 9,2026-09-28,118.50,USD,eBay,unknown,FALSE,,,Pokemon 2000 Dark Hypno 9/82 Holo Rare Team Rocket PSA 9 9/82,https://www.ebay.es/itm/407225674594,PriceCharting
Team Rocket,Dark Hypno,9/82,Unlimited,PSA 9,2026-09-18,125.00,USD,eBay,unknown,FALSE,,,2000 Pokémon Team Rocket Dark Hypno Holo PSA 9 9/82,https://www.ebay.es/itm/336799084771,PriceCharting
Team Rocket,Dark Hypno,9/82,Unlimited,PSA 9,2026-09-13,135.00,USD,eBay,best offer,TRUE,,,2000 Pokemon TCG Team Rocket Dark Hypno Holo PSA 9 #9/82 English CRAZY SWIRL 🌀 9/82,https://www.ebay.es/itm/318817379954,PriceCharting
Team Rocket,Dark Hypno,9/82,Unlimited,PSA 9,2026-08-26,145.00,USD,eBay,unknown,FALSE,,,Pokemon Team Rocket Dark Hypno Holo Rare 09/82 PSA 9 2000 English Unlimited 9/82,https://www.ebay.es/itm/227396633858,PriceCharting
Team Rocket,Dark Hypno,9/82,Unlimited,PSA 9,2026-08-23,134.00,USD,eBay,unknown,FALSE,,,Pokemon Team Rocket Dark Hypno Holo PSA 9 9/82,https://www.ebay.es/itm/147511962105,PriceCharting
Team Rocket,Dark Hypno,9/82,Unlimited,PSA 9,2026-08-17,149.99,USD,eBay,unknown,FALSE,,,2000 Pokemon TCG Team Rocket Dark Hypno Holo PSA 9 #9/82 English,https://www.ebay.es/itm/158032509241,PriceCharting
Team Rocket,Dark Hypno,9/82,Unlimited,PSA 9,2026-08-12,115.00,USD,eBay,best offer,TRUE,,,Dark Hypno 9 9/82 - Team Rocket Holo - PSA 9 - Pokemon TCG,https://www.ebay.es/itm/358862421169,PriceCharting
Team Rocket,Dark Hypno,9/82,Unlimited,PSA 9,2026-08-08,114.50,USD,eBay,unknown,FALSE,,,Pokemon 2000 Dark Hypno 9/82 Holo Team Rocket PSA 9 9/82,https://www.ebay.es/itm/407111807229,PriceCharting
Team Rocket,Dark Hypno,9/82,Unlimited,PSA 9,2026-08-02,141.10,USD,eBay,unknown,FALSE,,,PSA 9 2000 Pokémon TCG Team Rocket Dark Hypno Holo Rare #9 English w/Swirl 🌀 #9,https://www.ebay.es/itm/358833158283,PriceCharting
Team Rocket,Dark Hypno,9/82,Unlimited,PSA 9,2026-07-18,190.20,USD,eBay,best offer,TRUE,,,Pokemon DARK HYPNO Holo - 9/82 Team Rocket Psa 9,https://www.ebay.es/itm/389562769426,PriceCharting
Team Rocket,Dark Hypno,9/82,Unlimited,PSA 9,2026-07-15,100.00,USD,eBay,unknown,FALSE,,,Dark Hypno 9 9/82 - Team Rocket Holo - PSA 9 - Pokemon TCG,https://www.ebay.es/itm/147438914267,PriceCharting
Team Rocket,Dark Hypno,9/82,Unlimited,PSA 9,2026-07-04,134.99,USD,eBay,unknown,FALSE,,,Pokemon Dark Hypno 9 Team Rocket Unlimited Holo Rare PSA 9 9/82,https://www.ebay.es/itm/407046405926,PriceCharting
Team Rocket,Dark Hypno,9/82,Unlimited,PSA 9,2026-06-25,135.00,USD,eBay,unknown,FALSE,,,Pokemon TCG 2000 Team Rocket Dark Hypno 9/82 Holo Rare Unlimited PSA 9 9/82,https://www.ebay.es/itm/336652198589,PriceCharting
Team Rocket,Dark Hypno,9/82,Unlimited,PSA 9,2026-06-11,73.52,USD,eBay,unknown,FALSE,,,2000 Pokemon Team Rocket Dark Hypno Holo #9/82 PSA 9 9/82,https://www.ebay.es/itm/257545081137,PriceCharting
Team Rocket,Dark Hypno,9/82,Unlimited,PSA 9,2026-05-30,149.99,USD,eBay,unknown,FALSE,,,2000 Pokemon Team Rocket Dark Hypno Holo #9/82 PSA 9 9/82,https://www.ebay.es/itm/358443087603,PriceCharting
Team Rocket,Dark Hypno,9/82,Unlimited,PSA 9,2026-05-25,133.50,USD,eBay,unknown,FALSE,,,Pokemon Dark Hypno Team Rocket Unlimited Holo Rare #9 PSA 9 Mint,https://www.ebay.es/itm/287333470559,PriceCharting
Team Rocket,Dark Hypno,9/82,Unlimited,PSA 9,2026-05-12,150.00,USD,eBay,unknown,FALSE,,,Pokémon Dark Hypno 9/82 Team Rocket Holo Rare 2000 PSA 9 Unlimited 9/82,https://www.ebay.es/itm/257491393375,PriceCharting
Team Rocket,Dark Hypno,9/82,Unlimited,PSA 9,2026-05-10,142.50,USD,eBay,unknown,FALSE,,,Pokemon Dark Hypno Team Rocket Unlimited Holo Rare #9 PSA 9 Mint,https://www.ebay.es/itm/287301555989,PriceCharting
Team Rocket,Dark Hypno,9/82,Unlimited,PSA 9,2026-04-27,96.00,USD,eBay,unknown,FALSE,,,2000 Pokemon Team Rocket Dark Hypno Holo #9/82 PSA 9 9/82,https://www.ebay.es/itm/327116482636,PriceCharting
Team Rocket,Dark Hypno,9/82,Unlimited,PSA 10,2026-07-20,589.00,USD,eBay,unknown,FALSE,,,Pokemon Dark Hypno Holo Team Rocket Unlimited 9 PSA 10 Gem Mint #9,https://www.ebay.es/itm/287452607631,PriceCharting
Team Rocket,Dark Hypno,9/82,Unlimited,PSA 10,2026-03-18,800.00,USD,eBay,best offer,TRUE,,,Pokémon TCG Dark Hypno Holo Team Rocket 9/82 PSA 10 Rare Stage 1 2000 9/82,https://www.ebay.es/itm/406778952004,PriceCharting
Team Rocket,Dark Hypno,9/82,Unlimited,PSA 10,2026-02-10,949.00,USD,eBay,unknown,FALSE,,,Pokemon 2000 Team Rocket Dark Hypno Holo 9/82 PSA 10 Gem Mint 💎 9/82,https://www.ebay.es/itm/136923555170,PriceCharting
Team Rocket,Dark Hypno,9/82,Unlimited,PSA 10,2025-11-08,700.00,USD,eBay,best offer,TRUE,,,PSA 10 Dark Hypno Team Rocket Holo Rare #9 Pokemon Unlimited 2000 GEM MINT #9,https://www.ebay.es/itm/286697107383,PriceCharting
Team Rocket,Dark Hypno,9/82,Unlimited,PSA 10,2025-10-30,687.00,USD,eBay,unknown,FALSE,,,DARK HYPNO PSA 10 2000 POKEMON TEAM ROCKET #9/82 HOLO GEM 868 9/82,https://www.ebay.es/itm/177512780962,PriceCharting
Team Rocket,Dark Hypno,9/82,Unlimited,PSA 10,2025-09-15,1199.98,USD,eBay,unknown,FALSE,,,PSA 10 Dark Hypno 9 Holo Unlimited 2000 Team Rocket Pokemon Graded Card GEM MINT #9,https://www.ebay.es/itm/257030989447,PriceCharting
Team Rocket,Dark Hypno,9/82,Unlimited,PSA 10,2025-07-23,290.15,USD,eBay,unknown,FALSE,,,PSA 10 Dark Hypno Team Rocket Holo Rare #9 Pokemon Unlimited 2000 GEM MINT #9,https://www.ebay.es/itm/388723688926,PriceCharting
Team Rocket,Dark Hypno,9/82,Unlimited,PSA 10,2025-05-06,250.50,USD,eBay,unknown,FALSE,,,PSA 10 Dark Hypno Team Rocket Holo Rare #9 Pokemon Unlimited 2000 GEM MINT #9,https://www.ebay.es/itm/167484171711,PriceCharting
Team Rocket,Dark Hypno,9/82,Unlimited,PSA 10,2025-04-29,285.00,USD,eBay,unknown,FALSE,,,PSA 10 Dark Hypno Team Rocket Holo Rare #9 Pokemon Unlimited 2000 GEM MINT #9,https://www.ebay.es/itm/396483249586,PriceCharting
Team Rocket,Dark Hypno,9/82,Unlimited,PSA 10,2025-03-06,249.99,USD,eBay,unknown,FALSE,,,Pokemon 2000 WOTC Unlimited Team Rocket Dark Hypno 9/82 Holo PSA 10 GEM MINT,https://www.ebay.es/itm/256389731665,PriceCharting
Team Rocket,Dark Hypno,9/82,Unlimited,PSA 10,2025-02-06,200.07,USD,eBay,unknown,FALSE,,,PSA 10 Dark Hypno Holo Rare 9/82 WOTC Vintage Pokémon | Team Rocket Pokemon TCG,https://www.ebay.es/itm/405493413906,PriceCharting
Team Rocket,Dark Hypno,9/82,Unlimited,PSA 10,2024-08-12,150.00,USD,eBay,unknown,FALSE,,,2000 Pokemon Dark Hypno PSA 10 Team Rocket Holo 9/82 WOTC Gem Mint,https://www.ebay.es/itm/326230496517,PriceCharting
Team Rocket,Dark Hypno,9/82,Unlimited,PSA 10,2024-06-12,160.00,USD,eBay,unknown,FALSE,,,Pokemon 2000 WOTC Unlimited Team Rocket Dark Hypno 9/82 Holo PSA 10 GEM MINT #9,https://www.ebay.es/itm/374958628852,PriceCharting
Team Rocket,Dark Hypno,9/82,Unlimited,PSA 10,2024-05-16,215.36,USD,eBay,unknown,FALSE,,,2000 POKEMON TEAM ROCKET DARK HYPNO HOLO PSA 10 GEM MINT POP 100 #9,https://www.ebay.es/itm/404925597100,PriceCharting
Team Rocket,Dark Hypno,9/82,Unlimited,PSA 10,2024-04-11,159.99,USD,eBay,unknown,FALSE,,,Pokemon 2000 WOTC Unlimited Team Rocket Dark Hypno 9/82 Holo PSA 10 GEM MINT,https://www.ebay.es/itm/145326579767,PriceCharting
Team Rocket,Dark Hypno,9/82,Unlimited,PSA 10,2023-11-27,189.20,USD,eBay,unknown,FALSE,,,PSA 10 Dark Hypno Holo #9 Team Rocket 2000 Pokemon TCG,https://www.ebay.es/itm/166449878053,PriceCharting
Team Rocket,Dark Machamp,10/82,1st Edition,PSA 8,2026-09-26,250.00,USD,eBay,best offer,TRUE,,,Pokémon TCG Dark Machamp Team Rocket Holo Rare 1st Ed 10/82 PSA 8 -DOUBLE SWIRL 10/82,https://www.ebay.es/itm/178510715164,PriceCharting
Team Rocket,Dark Machamp,10/82,1st Edition,PSA 8,2026-09-26,228.25,USD,eBay,best offer,TRUE,,,PSA 8 2000 Pokémon TCG Team Rocket Dark Machamp 10/82 Holo 1st Ed English 10/82,https://www.ebay.es/itm/188977248448,PriceCharting
Team Rocket,Dark Machamp,10/82,1st Edition,PSA 8,2026-09-11,184.99,USD,eBay,unknown,FALSE,,,Dark Machamp Holo 10/82 1st Edition Team Rocket Pokemon English PSA 8 #10,https://www.ebay.es/itm/188807766836,PriceCharting
Team Rocket,Dark Machamp,10/82,1st Edition,PSA 8,2026-09-10,180.00,USD,eBay,best offer,TRUE,,,Pokemon Company 2000 Team Rocket Dark Machamp Holo 1st Ed 10/82 PSA 8 10/82,https://www.ebay.es/itm/336781937499,PriceCharting
Team Rocket,Dark Machamp,10/82,1st Edition,PSA 8,2026-09-09,150.00,USD,eBay,best offer,TRUE,,,Pokemon 2000 Team Rocket Dark Machamp Holo 10/82 1st Edition English PSA 8 10/82,https://www.ebay.es/itm/820104817321,PriceCharting
Team Rocket,Dark Machamp,10/82,1st Edition,PSA 8,2026-09-07,180.00,USD,eBay,best offer,TRUE,,,Wizards of the Coast 2000 Pokemon Team Rocket Dark Machamp Holo 1st Ed PSA 8 10/82,https://www.ebay.es/itm/257710903031,PriceCharting
Team Rocket,Dark Machamp,10/82,1st Edition,PSA 8,2026-09-06,200.00,USD,eBay,best offer,TRUE,,,PSA 8 2000 Pokemon Team Rocket Dark Machamp 1st Edition Holo 10/82 EN 10/82,https://www.ebay.es/itm/227507807781,PriceCharting
Team Rocket,Dark Machamp,10/82,1st Edition,PSA 8,2026-08-24,154.50,USD,eBay,unknown,FALSE,,,Pokemon 2000 Dark Machamp 10/82 Holo Team Rocket 1st Edition PSA 8 10/82,https://www.ebay.es/itm/407142927572,PriceCharting
Team Rocket,Dark Machamp,10/82,1st Edition,PSA 8,2026-07-28,164.50,USD,eBay,unknown,FALSE,,,2000 Pokemon Team Rocket First Edition Dark Machamp Holo #10/82 PSA 8,https://www.ebay.es/itm/127988878543,PriceCharting
Team Rocket,Dark Machamp,10/82,1st Edition,PSA 8,2026-07-19,180.26,USD,eBay,unknown,FALSE,,,Pokemon Cards: Team Rocket 1st Edition Rare Holo: Dark Machamp 10/82 PSA 8 #10,https://www.ebay.es/itm/318569643000,PriceCharting
Team Rocket,Dark Machamp,10/82,1st Edition,PSA 8,2026-06-21,224.99,USD,eBay,unknown,FALSE,,,PSA 8 Pokemon Team Rocket 1st Edition Holo Rare Dark Machamp 10/82 NM/MINT!!,https://www.ebay.es/itm/227375998475,PriceCharting
Team Rocket,Dark Machamp,10/82,1st Edition,PSA 8,2026-06-14,175.00,USD,eBay,best offer,TRUE,,,Pokémon Team Rocket Dark Machamp 1st Edition Holo PSA 8 10/82 Holo Rare 10/82,https://www.ebay.es/itm/366403145175,PriceCharting
Team Rocket,Dark Machamp,10/82,1st Edition,PSA 8,2026-06-12,179.10,USD,eBay,unknown,FALSE,,,Pokémon Team Rocket Dark Machamp 1st Edition 10/82 Holo Holo Rare New Cert PSA 8 10/82,https://www.ebay.es/itm/198402376781,PriceCharting
Team Rocket,Dark Machamp,10/82,1st Edition,PSA 8,2026-05-19,162.50,USD,eBay,unknown,FALSE,,,Dark Machamp PSA 8 Pokemon WOTC 2000 Team Rocket First Edition Holo Rare 10/82 10/82,https://www.ebay.es/itm/236806887353,PriceCharting
Team Rocket,Dark Machamp,10/82,1st Edition,PSA 8,2026-05-10,190.00,USD,eBay,unknown,FALSE,,,DARK MACHAMP 2000 Pokemon Team Rocket 1st Edition Holo #10 - PSA 8 10/82,https://www.ebay.es/itm/188270941651,PriceCharting
Team Rocket,Dark Machamp,10/82,1st Edition,PSA 9,2026-09-21,275.00,USD,eBay,unknown,FALSE,,,Pokemon Dark Machamp Holo Team Rocket 10 1st Edition PSA 9 Mint #10,https://www.ebay.es/itm/287575937955,PriceCharting
Team Rocket,Dark Machamp,10/82,1st Edition,PSA 9,2026-09-13,385.00,USD,eBay,unknown,FALSE,,,Pokemon Dark Machamp Holo Team Rocket 10 1st Edition PSA 9 Mint #10,https://www.ebay.es/itm/287562815080,PriceCharting
Team Rocket,Dark Machamp,10/82,1st Edition,PSA 9,2026-09-07,395.00,USD,eBay,unknown,FALSE,,,Dark Machamp 10/82 Holo Rare - Pokémon 1st Edition Team Rocket PSA 9 Mint 10/82,https://www.ebay.es/itm/137680078074,PriceCharting
Team Rocket,Dark Machamp,10/82,1st Edition,PSA 9,2026-08-30,598.00,USD,eBay,unknown,FALSE,,,Pokemon Dark Machamp Holo Team Rocket 10 1st Edition PSA 9 Mint #10,https://www.ebay.es/itm/287541280098,PriceCharting
Team Rocket,Dark Machamp,10/82,1st Edition,PSA 9,2026-08-25,325.00,USD,eBay,best offer,TRUE,,,WotC 2000 Pokemon Team Rocket Dark Machamp 10/82 1st Ed Holo PSA 9 10/82,https://www.ebay.es/itm/158170541520,PriceCharting
Team Rocket,Dark Machamp,10/82,1st Edition,PSA 9,2026-08-19,324.00,USD,eBay,unknown,FALSE,,,Pokemon Dark Machamp - FIRST EDITION HOLO - PSA 9 MINT - #10/82 Team Rocket 1st 10/82,https://www.ebay.es/itm/336739225476,PriceCharting
Team Rocket,Dark Machamp,10/82,1st Edition,PSA 9,2026-08-18,389.06,USD,eBay,best offer,TRUE,,,PSA 9 Dark Machamp Holo 1st Edition Team Rocket 10/82 Pokémon WOTC & Swirl 🌀,https://www.ebay.es/itm/407124227695,PriceCharting
Team Rocket,Dark Machamp,10/82,1st Edition,PSA 9,2026-08-17,362.69,USD,eBay,unknown,FALSE,,,Pokemon Dark Machamp Holo Team Rocket 10 1st Edition PSA 9 Mint #10,https://www.ebay.es/itm/287511104912,PriceCharting
Team Rocket,Dark Machamp,10/82,1st Edition,PSA 9,2026-08-16,362.69,USD,eBay,unknown,FALSE,,,Pokemon Dark Machamp Holo Team Rocket 10 1st Edition PSA 9 Mint #10,https://www.ebay.es/itm/287511097101,PriceCharting
Team Rocket,Dark Machamp,10/82,1st Edition,PSA 9,2026-08-02,298.00,USD,eBay,unknown,FALSE,,,Pokemon Dark Machamp Holo Team Rocket 10 1st Edition PSA 9 Mint #10,https://www.ebay.es/itm/287482335172,PriceCharting
Team Rocket,Dark Machamp,10/82,1st Edition,PSA 9,2026-07-25,380.00,USD,eBay,unknown,FALSE,,,PSA 9 MINT Dark Machamp 10 Team Rocket 1st Edition Holo Pokemon Card #10,https://www.ebay.es/itm/147407892235,PriceCharting
Team Rocket,Dark Machamp,10/82,1st Edition,PSA 9,2026-07-19,306.00,USD,eBay,unknown,FALSE,,,Pokemon Dark Machamp Holo Team Rocket 10 1st Edition PSA 9 Mint #10,https://www.ebay.es/itm/287450316834,PriceCharting
Team Rocket,Dark Machamp,10/82,1st Edition,PSA 9,2026-07-18,349.99,USD,eBay,unknown,FALSE,,,Dark Machamp Holo Rare 10/82 1st Edition 2000 Team Rocket Pokemon English PSA 9 #10,https://www.ebay.es/itm/188569346878,PriceCharting
Team Rocket,Dark Machamp,10/82,1st Edition,PSA 9,2026-07-17,290.00,USD,eBay,unknown,FALSE,,,2000 Pokemon Team Rocket Dark Machamp Holo 1st Edition 10/82 PSA 9 10/82,https://www.ebay.es/itm/206385222081,PriceCharting
Team Rocket,Dark Machamp,10/82,1st Edition,PSA 9,2026-07-13,300.00,USD,eBay,best offer,TRUE,,,Pokemon Dark Machamp - FIRST EDITION HOLO - PSA 9 MINT - #10/82 Team Rocket 1st 10/82,https://www.ebay.es/itm/358779365360,PriceCharting
Team Rocket,Dark Machamp,10/82,1st Edition,PSA 9,2026-07-08,342.50,USD,eBay,unknown,FALSE,,,2000 Pokemon Team Rocket Dark Machamp Holo 1st Edition 10/82 PSA 9 - Case Crack 10/82,https://www.ebay.es/itm/358768800044,PriceCharting
Team Rocket,Dark Machamp,10/82,1st Edition,PSA 9,2026-07-06,340.00,USD,eBay,unknown,FALSE,,,Pokémon Dark Machamp Holo Rare Team Rocket 10/82 First Edition PSA 9 10/82,https://www.ebay.es/itm/358725327725,PriceCharting
Team Rocket,Dark Machamp,10/82,1st Edition,PSA 9,2026-06-27,375.00,USD,eBay,unknown,FALSE,,,2000 Pokemon Team Rocket Dark Machamp Holo 1st Edition 10/82 PSA 9 10/82,https://www.ebay.es/itm/287417381138,PriceCharting
Team Rocket,Dark Machamp,10/82,1st Edition,PSA 10,2026-08-24,3400.00,USD,eBay,unknown,FALSE,,,Pokemon Team Rocket Dark Machamp Holo 1st Edition #10 PSA 10 10/82,https://www.ebay.es/itm/267757466292,PriceCharting
Team Rocket,Dark Machamp,10/82,1st Edition,PSA 10,2026-08-03,3400.00,USD,eBay,unknown,FALSE,,,Pokemon Dark Machamp Holo Team Rocket 10 1st Edition PSA 10 Gem Mint #10,https://www.ebay.es/itm/287481269843,PriceCharting
Team Rocket,Dark Machamp,10/82,1st Edition,PSA 10,2026-07-06,2925.00,USD,eBay,unknown,FALSE,,,2000 Pokemon Team Rocket 1st Edition Dark Machamp #10 PSA 10 Gem Mint #10,https://www.ebay.es/itm/168499725018,PriceCharting
Team Rocket,Dark Machamp,10/82,1st Edition,PSA 10,2026-06-30,4000.00,USD,eBay,unknown,FALSE,,,Dark Machamp 2000 Pokemon Team Rocket 1st Edition #10 SWIRL Holo PSA 10 #Oct-82,https://www.ebay.es/itm/157981983572,PriceCharting
Team Rocket,Dark Machamp,10/82,1st Edition,PSA 10,2026-05-24,3255.00,USD,eBay,unknown,FALSE,,,Pokemon Dark Machamp Team Rocket 1st Edition Holo Rare #10 PSA 10 Gem Mint,https://www.ebay.es/itm/287331907748,PriceCharting
Team Rocket,Dark Machamp,10/82,1st Edition,PSA 10,2026-04-12,3900.00,USD,eBay,unknown,FALSE,,,Pokemon Dark Machamp Team Rocket 1st Edition Holo Rare #10 PSA 10 Gem Mint,https://www.ebay.es/itm/287247568937,PriceCharting
Team Rocket,Dark Machamp,10/82,1st Edition,PSA 10,2026-03-22,5031.86,USD,eBay,unknown,FALSE,,,2000 POKEMON TEAM ROCKET 1ST EDITION #10/82 DARK MACHAMP HOLO RARE PSA 10 10/82,https://www.ebay.es/itm/206136290020,PriceCharting
Team Rocket,Dark Machamp,10/82,1st Edition,PSA 10,2026-02-18,3750.00,USD,eBay,unknown,FALSE,,,Pokemon Dark Machamp Team Rocket 1st Edition Holo Rare #10 PSA 10 Gem Mint,https://www.ebay.es/itm/287148714983,PriceCharting
Team Rocket,Dark Machamp,10/82,1st Edition,PSA 10,2025-07-18,850.00,USD,eBay,unknown,FALSE,,,2000 Pokemon Team Rocket Dark Machamp Holo 1st Edition PSA 10 #10 #10,https://www.ebay.es/itm/406054712227,PriceCharting
Team Rocket,Dark Machamp,10/82,1st Edition,PSA 10,2025-02-03,960.00,USD,eBay,unknown,FALSE,,,Pokemon Dark Machamp Team Rocket 1st Edition Holo Rare #10 PSA 10 Gem Mint,https://www.ebay.es/itm/286282545605,PriceCharting
Team Rocket,Dark Machamp,10/82,1st Edition,PSA 10,2024-09-16,460.00,USD,eBay,unknown,FALSE,,,Pokemon Dark Machamp Team Rocket 1st Edition Holo Rare #10 PSA 10 Gem Mint,https://www.ebay.es/itm/286047445663,PriceCharting
Team Rocket,Dark Machamp,10/82,1st Edition,PSA 10,2024-09-01,559.87,USD,eBay,unknown,FALSE,,,1st Edition Dark Machamp Holo | 10/82 | PSA 10 | Team Rocket | Pokemon Card,https://www.ebay.es/itm/166936896582,PriceCharting
Team Rocket,Dark Machamp,10/82,1st Edition,PSA 10,2024-08-28,485.00,USD,eBay,unknown,FALSE,,,2000 Pokemon Team Rocket 1st Edition #10 Dark Machamp Holo PSA 10 GEM MINT,https://www.ebay.es/itm/365077348941,PriceCharting
Team Rocket,Dark Machamp,10/82,1st Edition,PSA 10,2024-07-31,550.00,USD,eBay,unknown,FALSE,,,Dark Machamp 1st Edition Holo Team Rocket Pokemon #10/82 PSA 10 10/82,https://www.ebay.es/itm/126524929451,PriceCharting
Team Rocket,Dark Machamp,10/82,1st Edition,PSA 10,2024-07-19,510.00,USD,eBay,unknown,FALSE,,,Pokemon PSA 10 1st Edition Dark Machamp Holo - 10/82 Team Rocket GEM MINT 10/82,https://www.ebay.es/itm/335416595048,PriceCharting
Team Rocket,Dark Machamp,10/82,1st Edition,PSA 10,2024-07-08,465.00,USD,eBay,unknown,FALSE,,,Pokemon Dark Machamp 1st Edition PSA 10 Gem Mint Holo Team Rocket 10/82 #82,https://www.ebay.es/itm/226224010700,PriceCharting
Team Rocket,Dark Machamp,10/82,1st Edition,PSA 10,2024-03-12,519.00,USD,eBay,unknown,FALSE,,,2000 Pokemon Team Rocket 1st Edition Dark Machamp Holo #10 PSA 10 #10,https://www.ebay.es/itm/196278609610,PriceCharting
Team Rocket,Dark Machamp,10/82,1st Edition,PSA 10,2024-03-07,450.00,USD,eBay,unknown,FALSE,,,2000 Pokemon Team Rocket 1st Edition Dark Machamp Holo #10 PSA 10 #10,https://www.ebay.es/itm/375282101410,PriceCharting
Team Rocket,Dark Machamp,10/82,1st Edition,PSA 10,2024-02-28,485.00,USD,eBay,unknown,FALSE,,,2000 Pokemon Team Rocket 1st Edition Dark Machamp Holo #10 PSA 10 #10,https://www.ebay.es/itm/375278919421,PriceCharting
Team Rocket,Dark Machamp,10/82,1st Edition,PSA 10,2024-02-25,440.00,USD,eBay,unknown,FALSE,,,2000 Pokemon Team Rocket 1st Edition Dark Machamp Holo 10/82 PSA 10 #10,https://www.ebay.es/itm/375270267656,PriceCharting
Team Rocket,Dark Machamp,10/82,1st Edition,PSA 10,2023-11-20,460.00,USD,eBay,unknown,FALSE,,,2000 POKEMON TEAM ROCKET 1ST EDITION HOLO DARK MACHAMP #10 PSA 10 GEM MINT,https://www.ebay.es/itm/404564172897,PriceCharting
Team Rocket,Dark Machamp,10/82,Unlimited,PSA 8,2026-09-28,91.00,USD,eBay,unknown,FALSE,,,Dark Machamp 10/82 PSA 8 Holo Rare Team Rocket TR Pokemon English 2000 Vintage 10/82,https://www.ebay.es/itm/237073932911,PriceCharting
Team Rocket,Dark Machamp,10/82,Unlimited,PSA 8,2026-09-19,96.00,USD,eBay,unknown,FALSE,,,2000 Pokemon Team Rocket Dark Machamp Holo #10 PSA 8 NM-MT Vintage,https://www.ebay.es/itm/398378534311,PriceCharting
Team Rocket,Dark Machamp,10/82,Unlimited,PSA 8,2026-08-17,110.00,USD,eBay,unknown,FALSE,,,Pokemon 2000 Dark Machamp Team Rocket Holo PSA 8 10/82,https://www.ebay.es/itm/800480941911,PriceCharting
Team Rocket,Dark Machamp,10/82,Unlimited,PSA 8,2026-08-14,110.00,USD,eBay,unknown,FALSE,,,2000 Pokemon Team Rocket Dark Machamp 10/82 Rare Holo PSA 8 NM-MINT 10/82,https://www.ebay.es/itm/267756589995,PriceCharting
Team Rocket,Dark Machamp,10/82,Unlimited,PSA 8,2026-08-09,125.00,USD,eBay,unknown,FALSE,,,2000 Pokemon Team Rocket Dark Machamp 10 Holo WOTC NM-MT Near Mint PSA 8 10/82,https://www.ebay.es/itm/358743500510,PriceCharting
Team Rocket,Dark Machamp,10/82,Unlimited,PSA 8,2026-07-31,67.33,USD,eBay,best offer,TRUE,,,"Pokemon Dark Machamp Holo Card #68 Team Rocket Series, PSA 8 With Swirl 10/82",https://www.ebay.es/itm/307087783824,PriceCharting
Team Rocket,Dark Machamp,10/82,Unlimited,PSA 8,2026-07-13,90.00,USD,eBay,best offer,TRUE,,,Pokemon TCG Team Rocket Dark Machamp 10/82 Holo PSA 8 2000 English 10/82,https://www.ebay.es/itm/398163140614,PriceCharting
Team Rocket,Dark Machamp,10/82,Unlimited,PSA 8,2026-07-12,105.00,USD,eBay,best offer,TRUE,,,2000 Pokemon Team Rocket Dark Machamp Holo #10/82 PSA 8 NM NEW CERT 10/82,https://www.ebay.es/itm/298481615854,PriceCharting
Team Rocket,Dark Machamp,10/82,Unlimited,PSA 8,2026-07-05,90.00,USD,eBay,best offer,TRUE,,,Pokemon Dark Machamp Team Rocket 10/82 Rare Holo PSA 8 10/82,https://www.ebay.es/itm/336664947375,PriceCharting
Team Rocket,Dark Machamp,10/82,Unlimited,PSA 8,2026-07-03,75.00,USD,eBay,unknown,FALSE,,,PSA 8 Pokemon TCG - 2000 Dark Machamp 10/82 Team Rocket Holo 10/82,https://www.ebay.es/itm/206379024272,PriceCharting
Team Rocket,Dark Machamp,10/82,Unlimited,PSA 8,2026-06-26,90.00,USD,eBay,best offer,TRUE,,,Pokémon Dark Machamp Holo Rare TCG Card 10/82 Team Rocket Unlimited PSA 8 SWIRL! 10/82,https://www.ebay.es/itm/287416006376,PriceCharting
Team Rocket,Dark Machamp,10/82,Unlimited,PSA 8,2026-06-22,94.00,USD,eBay,unknown,FALSE,,,Pokemon Dark Machamp Team Rocket Unlimited Holo Rare #10 PSA 8,https://www.ebay.es/itm/287384768017,PriceCharting
Team Rocket,Dark Machamp,10/82,Unlimited,PSA 8,2026-05-30,110.00,USD,eBay,unknown,FALSE,,,2000 Pokémon Team Rocket Dark Machamp #10 (Holo) (PSA 8) 10/82,https://www.ebay.es/itm/397603295285,PriceCharting
Team Rocket,Dark Machamp,10/82,Unlimited,PSA 8,2026-05-22,85.90,USD,eBay,unknown,FALSE,,,DARK MACHAMP 2000 POKEMON TEAM ROCKET HOLO #10/82 PSA 8 Q1345 #10,https://www.ebay.es/itm/277987199581,PriceCharting
Team Rocket,Dark Machamp,10/82,Unlimited,PSA 9,2026-09-27,175.00,USD,eBay,best offer,TRUE,,,Pokemon 2000 Team Rocket Dark Machamp 10/82 Holo Rare English PSA 9 10/82,https://www.ebay.es/itm/178514524021,PriceCharting
Team Rocket,Dark Machamp,10/82,Unlimited,PSA 9,2026-09-20,192.50,USD,eBay,unknown,FALSE,,,Pokemon 2000 Team Rocket Dark Machamp 10/82 Holo Rare English PSA 9 10/82,https://www.ebay.es/itm/178493633005,PriceCharting
Team Rocket,Dark Machamp,10/82,Unlimited,PSA 9,2026-09-13,159.95,USD,eBay,unknown,FALSE,,,Pokemon 2000 Dark Machamp 10/82 Holo Team Rocket PSA 9 10/82,https://www.ebay.es/itm/137686726843,PriceCharting
Team Rocket,Dark Machamp,10/82,Unlimited,PSA 9,2026-09-06,125.00,USD,eBay,unknown,FALSE,,,Pokemon Team Rocket Dark Machamp Holo PSA 9 10/82,https://www.ebay.es/itm/147511968601,PriceCharting
Team Rocket,Dark Machamp,10/82,Unlimited,PSA 9,2026-08-08,158.50,USD,eBay,unknown,FALSE,,,Pokemon 2000 Dark Machamp 10/82 Holo Team Rocket PSA 9 10/82,https://www.ebay.es/itm/407111795065,PriceCharting
Team Rocket,Dark Machamp,10/82,Unlimited,PSA 9,2026-08-05,175.00,USD,eBay,unknown,FALSE,,,Pokemon Team Rocket Dark Machamp Holo Rare 10/82 PSA 9 Mint 2000 Unlimited 10/82,https://www.ebay.es/itm/227397444487,PriceCharting
Team Rocket,Dark Machamp,10/82,Unlimited,PSA 9,2026-07-12,199.97,USD,eBay,unknown,FALSE,,,Dark Machamp 10/82 Holo PSA 9 Pokemon Card Team Rocket WOTC 2000 #10,https://www.ebay.es/itm/206296576396,PriceCharting
Team Rocket,Dark Machamp,10/82,Unlimited,PSA 9,2026-07-09,165.00,USD,eBay,unknown,FALSE,,,Pokemon 2000 Team Rocket Dark Machamp Holo Rare 10/82 PSA 9 Mint 10/82,https://www.ebay.es/itm/127956885848,PriceCharting
Team Rocket,Dark Machamp,10/82,Unlimited,PSA 9,2026-07-01,175.00,USD,eBay,best offer,TRUE,,,2000 POKEMON TEAM ROCKET | PSA 9 | DARK MACHAMP HOLO #10 🔥💎 #10,https://www.ebay.es/itm/389899404375,PriceCharting
Team Rocket,Dark Machamp,10/82,Unlimited,PSA 9,2026-05-31,164.99,USD,eBay,best offer,TRUE,,,2000 POKEMON TEAM ROCKET | PSA 9 | DARK MACHAMP HOLO #10 Swirl 💫 #10,https://www.ebay.es/itm/287361537944,PriceCharting
Team Rocket,Dark Machamp,10/82,Unlimited,PSA 9,2026-05-26,219.95,USD,eBay,unknown,FALSE,,,Pokémon Dark Machamp Holo Rare PSA 9 Card 10/82 Team Rocket Unlimited 2000 10/82,https://www.ebay.es/itm/117208522936,PriceCharting
Team Rocket,Dark Machamp,10/82,Unlimited,PSA 9,2026-05-24,130.00,USD,eBay,unknown,FALSE,,,2000 POKEMON TEAM ROCKET | PSA 9 | DARK MACHAMP HOLO #10 10/82,https://www.ebay.es/itm/366415731664,PriceCharting
Team Rocket,Dark Machamp,10/82,Unlimited,PSA 9,2026-05-16,120.00,USD,eBay,unknown,FALSE,,,2000 POKEMON TEAM ROCKET | PSA 9 | DARK MACHAMP HOLO #10 #10,https://www.ebay.es/itm/327152606649,PriceCharting
Team Rocket,Dark Machamp,10/82,Unlimited,PSA 9,2026-04-19,142.12,USD,eBay,unknown,FALSE,,,PSA 9 Dark Machamp Holo Rare 10/82 Team Rocket Pokémon English WOTC SWIRL Mint #10,https://www.ebay.es/itm/267634281449,PriceCharting
Team Rocket,Dark Machamp,10/82,Unlimited,PSA 9,2026-03-26,130.00,USD,eBay,unknown,FALSE,,,2000 POKEMON TEAM ROCKET PSA 9 DARK MACHAMP HOLO #10 #10,https://www.ebay.es/itm/157782842991,PriceCharting
Team Rocket,Dark Machamp,10/82,Unlimited,PSA 9,2026-03-22,108.72,USD,eBay,unknown,FALSE,,,2000 Pokemon Team Rocket Dark Machamp Holo #10 PSA 9 MINT Graded Card #10,https://www.ebay.es/itm/389752260729,PriceCharting
Team Rocket,Dark Machamp,10/82,Unlimited,PSA 9,2026-03-15,149.00,USD,eBay,unknown,FALSE,,,2000 Pokemon Team Rocket Dark Machamp Holo #10 PSA 9 MINT Graded Card #10,https://www.ebay.es/itm/267565511001,PriceCharting
Team Rocket,Dark Machamp,10/82,Unlimited,PSA 9,2026-03-13,130.00,USD,eBay,best offer,TRUE,,,2000 Pokemon Team Rocket DARK MACHAMP - Holo #10 PSA 9 MINT #10,https://www.ebay.es/itm/127669216598,PriceCharting
Team Rocket,Dark Machamp,10/82,Unlimited,PSA 9,2026-03-02,149.99,USD,eBay,unknown,FALSE,,,PSA 9 Dark Machamp Holo Rare 10/82 Team Rocket Pokémon English WOTC SWIRL Mint #10,https://www.ebay.es/itm/188110198742,PriceCharting
Team Rocket,Dark Machamp,10/82,Unlimited,PSA 9,2026-02-25,126.00,USD,eBay,unknown,FALSE,,,2000 Pokemon Team Rocket Dark Machamp Holo #10 PSA 9 MINT Graded Card #10,https://www.ebay.es/itm/327010964026,PriceCharting
Team Rocket,Dark Machamp,10/82,Unlimited,PSA 10,2026-06-27,3240.00,USD,eBay,best offer,TRUE,,,PSA 10 - 2000 Pokemon Team Rocket - Dark Machamp Holo #10/82 10/82,https://www.ebay.es/itm/117239173463,PriceCharting
Team Rocket,Dark Machamp,10/82,Unlimited,PSA 10,2026-03-29,2351.50,USD,eBay,unknown,FALSE,,,DARK MACHAMP HOLO POKEMON ROCKET 2000 10 PSA 10,https://www.ebay.es/itm/137147158073,PriceCharting
Team Rocket,Dark Machamp,10/82,Unlimited,PSA 10,2026-03-17,749.71,USD,eBay,best offer,TRUE,,,Dark Machamp 1997 Team Rocket 10 Holo Unlimited Holo Rare Pokemon Card JP PSA 10 10/82,https://www.ebay.es/itm/317989613796,PriceCharting
Team Rocket,Dark Machamp,10/82,Unlimited,PSA 10,2024-07-21,293.00,USD,eBay,unknown,FALSE,,,PSA 10 GEM Dark Machamp Team Rocket Unlimited Holo Pokemon Card 10/82 LOW POP #10,https://www.ebay.es/itm/266907834970,PriceCharting
Team Rocket,Dark Machamp,10/82,Unlimited,PSA 10,2024-05-21,475.00,USD,eBay,unknown,FALSE,,,PSA 10 GEM Dark Machamp Team Rocket Unlimited Holo Pokemon Card 10/82 MG1 #10,https://www.ebay.es/itm/226083391628,PriceCharting
Team Rocket,Dark Machamp,10/82,Unlimited,PSA 10,2023-10-25,350.00,USD,eBay,unknown,FALSE,,,2000 Pokemon Team Rocket Holo Dark Machamp #10 - PSA 10 GEM MINT 💎 #10,https://www.ebay.es/itm/324667799948,PriceCharting
Team Rocket,Dark Magneton,11/82,1st Edition,PSA 8,2026-09-26,245.81,USD,eBay,best offer,TRUE,,,PSA 8 2000 Pokémon TCG Team Rocket Dark Magneton #11 1st Edition Holo EN #11,https://www.ebay.es/itm/188977272206,PriceCharting
Team Rocket,Dark Magneton,11/82,1st Edition,PSA 8,2026-09-21,160.00,USD,eBay,best offer,TRUE,,,Dark Magneton 11/82 Holo PSA 8 - 2000 Pokemon Team Rocket 1st Edition 11/82,https://www.ebay.es/itm/366649560996,PriceCharting
Team Rocket,Dark Magneton,11/82,1st Edition,PSA 8,2026-09-18,132.50,USD,eBay,unknown,FALSE,,,2000 Pokemon Team Rocket First Edition Dark Magneton Holo #11/82 PSA 8,https://www.ebay.es/itm/128075919790,PriceCharting
Team Rocket,Dark Magneton,11/82,1st Edition,PSA 8,2026-09-08,189.57,USD,eBay,best offer,TRUE,,,Pokémon 1st Edition Team Rocket Dark Magneton Holo 11/82 PSA 8,https://www.ebay.es/itm/206093887549,PriceCharting
Team Rocket,Dark Magneton,11/82,1st Edition,PSA 8,2026-09-06,123.50,USD,eBay,unknown,FALSE,,,Pokemon Dark Magneton Holo Team Rocket 11 1st Edition PSA 8 #11,https://www.ebay.es/itm/287552957203,PriceCharting
Team Rocket,Dark Magneton,11/82,1st Edition,PSA 8,2026-09-04,169.99,USD,eBay,unknown,FALSE,,,Dark Magneton Holo 11 1st Edition Team Rocket Pokemon PSA 8 #11,https://www.ebay.es/itm/188400566344,PriceCharting
Team Rocket,Dark Magneton,11/82,1st Edition,PSA 8,2026-08-30,179.00,USD,eBay,unknown,FALSE,,,Dark Magneton 11/82 1st Edition Team Rocket 2000 Pokemon Holo PSA 8 NM-MT #Nov-82,https://www.ebay.es/itm/800025677985,PriceCharting
Team Rocket,Dark Magneton,11/82,1st Edition,PSA 8,2026-08-30,117.78,USD,eBay,unknown,FALSE,,,2000 Pokémon Team Rocket 1st Edition 11/82 Dark Magneton Holo PSA 8 DBL SWIRL 🌀 11/82,https://www.ebay.es/itm/188828523237,PriceCharting
Team Rocket,Dark Magneton,11/82,1st Edition,PSA 8,2026-08-26,140.00,USD,eBay,best offer,TRUE,,,Pokemon 2000 Team Rocket Dark Magneton 11/82 1st Edition Holo PSA 8 11/82,https://www.ebay.es/itm/307145865242,PriceCharting
Team Rocket,Dark Magneton,11/82,1st Edition,PSA 8,2026-08-15,225.00,USD,eBay,unknown,FALSE,,,PSA 8 MINT Dark Magneton 11 Team Rocket 1st Edition Holo Pokemon Card 🌀SWIRL #11,https://www.ebay.es/itm/227453692102,PriceCharting
Team Rocket,Dark Magneton,11/82,1st Edition,PSA 8,2026-08-05,140.00,USD,eBay,unknown,FALSE,,,Dark Magneton 1st Edition 2000 Team Rocket Holo #11/82 PSA 8 Pokemon Card 11/82,https://www.ebay.es/itm/257657429401,PriceCharting
Team Rocket,Dark Magneton,11/82,1st Edition,PSA 8,2026-07-24,122.50,USD,eBay,unknown,FALSE,,,2000 WOTC POKEMON TEAM ROCKET 1ST EDITION DARK MAGNETON #11/82 HOLO RARE PSA 8 11/82,https://www.ebay.es/itm/358793112648,PriceCharting
Team Rocket,Dark Magneton,11/82,1st Edition,PSA 8,2026-07-16,150.00,USD,eBay,unknown,FALSE,,,Dark Magneton Holo 11 1st Edition Team Rocket Pokemon PSA 8 #11,https://www.ebay.es/itm/158077553946,PriceCharting
Team Rocket,Dark Magneton,11/82,1st Edition,PSA 9,2026-09-21,425.00,USD,eBay,unknown,FALSE,,,Pokemon Dark Magneton Holo Team Rocket 11 1st Edition PSA 9 Mint #11,https://www.ebay.es/itm/287575937934,PriceCharting
Team Rocket,Dark Magneton,11/82,1st Edition,PSA 9,2026-09-12,495.00,USD,eBay,unknown,FALSE,,,2000 Pokemon Dark Magneton Holo Team Rocket #11 1st Edition PSA 9 #11,https://www.ebay.es/itm/188891223003,PriceCharting
Team Rocket,Dark Magneton,11/82,1st Edition,PSA 9,2026-09-03,405.00,USD,eBay,unknown,FALSE,,,2000 Pokemon Team Rocket First Edition Dark Magneton Holo #11/82 PSA 9,https://www.ebay.es/itm/377454268614,PriceCharting
Team Rocket,Dark Magneton,11/82,1st Edition,PSA 9,2026-08-16,610.00,USD,eBay,unknown,FALSE,,,Pokemon Dark Magneton Holo Team Rocket 11 1st Edition PSA 9 Mint #11,https://www.ebay.es/itm/287511104876,PriceCharting
Team Rocket,Dark Magneton,11/82,1st Edition,PSA 9,2026-08-04,450.00,USD,eBay,best offer,TRUE,,,PSA 9 MINT Dark Magneton 11 Team Rocket 1st Edition Holo Pokemon Card #11,https://www.ebay.es/itm/147422789646,PriceCharting
Team Rocket,Dark Magneton,11/82,1st Edition,PSA 9,2026-08-02,360.01,USD,eBay,unknown,FALSE,,,Pokemon Dark Magneton Holo Team Rocket 11 1st Edition PSA 9 Mint #11,https://www.ebay.es/itm/287481269333,PriceCharting
Team Rocket,Dark Magneton,11/82,1st Edition,PSA 9,2026-06-29,445.00,USD,eBay,unknown,FALSE,,,Pokemon Team Rocket Dark Magneton Holo Rare 11/82 First Edition PSA 9 11/82,https://www.ebay.es/itm/358699481547,PriceCharting
Team Rocket,Dark Magneton,11/82,1st Edition,PSA 9,2026-06-27,500.00,USD,eBay,best offer,TRUE,,,Dark Magneton 11/82 Holo Rare First Edition-2000 Pokémon Team Rocket- PSA 9 MINT 11/82,https://www.ebay.es/itm/298450778715,PriceCharting
Team Rocket,Dark Magneton,11/82,1st Edition,PSA 9,2026-06-14,490.00,USD,eBay,unknown,FALSE,,,Pokemon Dark Magneton Team Rocket 1st Edition Holo Rare #11 PSA 9 Mint,https://www.ebay.es/itm/287372420261,PriceCharting
Team Rocket,Dark Magneton,11/82,1st Edition,PSA 9,2026-06-08,526.00,USD,eBay,unknown,FALSE,,,Pokemon Dark Magneton Team Rocket 1st Edition Holo Rare #11 PSA 9 Mint,https://www.ebay.es/itm/287361552034,PriceCharting
Team Rocket,Dark Magneton,11/82,1st Edition,PSA 9,2026-05-31,600.38,USD,eBay,unknown,FALSE,,,Pokémon 1st Edition Team Rocket Dark Magneton Holo 11/82 PSA 9 Mint Swirl 11/82,https://www.ebay.es/itm/267685802487,PriceCharting
Team Rocket,Dark Magneton,11/82,1st Edition,PSA 9,2026-05-18,472.00,USD,eBay,unknown,FALSE,,,Pokemon Dark Magneton Team Rocket 1st Edition Holo Rare #11 PSA 9 Mint,https://www.ebay.es/itm/287318119824,PriceCharting
Team Rocket,Dark Magneton,11/82,1st Edition,PSA 9,2026-04-17,399.99,USD,eBay,unknown,FALSE,,,DARK MAGNETON PSA 9 2000 POKEMON TEAM ROCKET FIRST EDITION #11/82 HOLO 7502 #Nov-82,https://www.ebay.es/itm/358369890063,PriceCharting
Team Rocket,Dark Magneton,11/82,1st Edition,PSA 9,2026-03-30,365.00,USD,eBay,best offer,TRUE,,,Pokémon TCG Dark Magneton 11/82 Team Rocket Holo 1st Edition PSA 9 11/82,https://www.ebay.es/itm/127768924712,PriceCharting
Team Rocket,Dark Magneton,11/82,1st Edition,PSA 9,2026-03-26,380.12,USD,eBay,unknown,FALSE,,,PSA 9 MINT Pokemon Dark Magneton Team Rocket 1st Edition Holo 11/82,https://www.ebay.es/itm/198175546394,PriceCharting
Team Rocket,Dark Magneton,11/82,1st Edition,PSA 10,2025-10-04,8900.00,USD,eBay,unknown,FALSE,,,Pokemon Dark Magneton Team Rocket 1st Edition Holo Rare #11 PSA 10 Gem Mint,https://www.ebay.es/itm/286777389546,PriceCharting
Team Rocket,Dark Magneton,11/82,1st Edition,PSA 10,2025-05-26,7450.00,USD,eBay,unknown,FALSE,,,Pokemon Dark Magneton Team Rocket 1st Edition Holo Rare #11 PSA 10 Gem Mint,https://www.ebay.es/itm/286572052628,PriceCharting
Team Rocket,Dark Magneton,11/82,1st Edition,PSA 10,2025-03-13,5050.00,USD,eBay,unknown,FALSE,,,2000 Pokemon Rocket 1st Edition #11 Dark Magneton Holo PSA 10 GEM MINT,https://www.ebay.es/itm/365441867332,PriceCharting
Team Rocket,Dark Magneton,11/82,1st Edition,PSA 10,2024-08-26,7500.00,USD,eBay,unknown,FALSE,,,Pokémon TCG Dark Magneton Team Rocket 11/82 Holo 1st Edition PSA 10 Low Pop 11/82,https://www.ebay.es/itm/176520935851,PriceCharting
Team Rocket,Dark Magneton,11/82,1st Edition,PSA 10,2024-08-06,6148.18,USD,eBay,unknown,FALSE,,,Pokemon Team Rocket 1st. Edition Dark Magneton Holo PSA 10 Gem Mint - WOTC 2000,https://www.ebay.es/itm/276581835391,PriceCharting
Team Rocket,Dark Magneton,11/82,1st Edition,PSA 10,2024-06-13,7000.00,USD,eBay,unknown,FALSE,,,Pokemon Dark Magneton 1st Edition Holo 2000 PSA 10 Low Pop,https://www.ebay.es/itm/355619582374,PriceCharting
Team Rocket,Dark Magneton,11/82,Unlimited,PSA 8,2026-09-18,105.00,USD,eBay,unknown,FALSE,,,2000 Pokemon Team Rocket Dark Magneton Holo Rare #11 PSA 8 #11,https://www.ebay.es/itm/820107630520,PriceCharting
Team Rocket,Dark Magneton,11/82,Unlimited,PSA 8,2026-09-03,142.00,USD,eBay,unknown,FALSE,,,Pokemon TCG Dark Magneton Team Rocket 11/82 Swirl Holo Rare PSA 8 NM-MT,https://www.ebay.es/itm/257112754445,PriceCharting
Team Rocket,Dark Magneton,11/82,Unlimited,PSA 8,2026-08-25,110.00,USD,eBay,unknown,FALSE,,,2000 Pokemon Team Rocket Dark Magneton 11/82 Rare Holo PSA 8 NM-MINT 11/82,https://www.ebay.es/itm/267756565724,PriceCharting
Team Rocket,Dark Magneton,11/82,Unlimited,PSA 8,2026-08-14,75.00,USD,eBay,best offer,TRUE,,,Pokemon TCG Dark Magneton 11/82 Team Rocket Holo Rare English 2000 PSA 8 11/82,https://www.ebay.es/itm/178380469139,PriceCharting
Team Rocket,Dark Magneton,11/82,Unlimited,PSA 8,2026-08-04,87.00,USD,eBay,best offer,TRUE,,,Pokemon TCG: PSA 8 2000 Team Rocket Dark Magneton 11/82 Vintage Holo WOTC #11,https://www.ebay.es/itm/358880324029,PriceCharting
Team Rocket,Dark Magneton,11/82,Unlimited,PSA 8,2026-08-02,71.32,USD,eBay,unknown,FALSE,,,Pokemon TCG - Team Rocket Unlimited - Holo Dark Magneton 11/82 - PSA 8 11/82,https://www.ebay.es/itm/407014248931,PriceCharting
Team Rocket,Dark Magneton,11/82,Unlimited,PSA 8,2026-07-26,99.99,USD,eBay,unknown,FALSE,,,2000 DARK MAGNETON HOLO RARE TEAM ROCKET POKEMON TCG PSA 8 NM-MINT #11/82 11/82,https://www.ebay.es/itm/127960942510,PriceCharting
Team Rocket,Dark Magneton,11/82,Unlimited,PSA 8,2026-07-09,82.00,USD,eBay,best offer,TRUE,,,2000 Pokemon Team Rocket Dark Magneton 11/82 Vintage Holo Foil Rare WOTC PSA 8 #11,https://www.ebay.es/itm/198480007852,PriceCharting
Team Rocket,Dark Magneton,11/82,Unlimited,PSA 8,2026-07-08,110.00,USD,eBay,unknown,FALSE,,,PSA 8 Dark Magneton 11/82 Holo Rare SWIRL Team Rocket Pokemon Card Graded #Nov-82,https://www.ebay.es/itm/227346747616,PriceCharting
Team Rocket,Dark Magneton,11/82,Unlimited,PSA 8,2026-07-05,90.00,USD,eBay,unknown,FALSE,,,"Pokémon Dark Magneton TCG Card 11/82 Team Rocket Holo Rare PSA 8, Vintage 11/82",https://www.ebay.es/itm/137281044442,PriceCharting
Team Rocket,Dark Magneton,11/82,Unlimited,PSA 8,2026-06-29,70.00,USD,eBay,unknown,FALSE,,,Pokemon TCG Team Rocket Dark Magneton 11/82 Holo Rare English PSA 8 2000 11/82,https://www.ebay.es/itm/398116627405,PriceCharting
Team Rocket,Dark Magneton,11/82,Unlimited,PSA 8,2026-06-27,70.00,USD,eBay,best offer,TRUE,,,2000 Pokemon TCG Team Rocket Dark Magneton Holo Rare 11/82 English PSA 8 11/82,https://www.ebay.es/itm/168492263708,PriceCharting
Team Rocket,Dark Magneton,11/82,Unlimited,PSA 8,2026-04-28,75.00,USD,eBay,unknown,FALSE,,,Pokemon Team Rocket Dark Magneton Holo PSA 8 11/82 11/82,https://www.ebay.es/itm/377124505177,PriceCharting
Team Rocket,Dark Magneton,11/82,Unlimited,PSA 8,2026-04-18,66.00,USD,eBay,unknown,FALSE,,,Pokémon Dark Magneton Team Rocket Holo Rare PSA 8 11/82 2000 English Unlimited 11/82,https://www.ebay.es/itm/318163281052,PriceCharting
Team Rocket,Dark Magneton,11/82,Unlimited,PSA 8,2026-04-06,68.00,USD,eBay,unknown,FALSE,,,Dark Magneton Holo 2000 Pokemon Team Rocket #11 PSA 8 NM Vintage Swirl New Cert! #11,https://www.ebay.es/itm/198228687741,PriceCharting
Team Rocket,Dark Magneton,11/82,Unlimited,PSA 8,2026-04-03,91.00,USD,eBay,unknown,FALSE,,,Pokemon Team Rocket Dark Magneton Holo PSA 8 11/82,https://www.ebay.es/itm/287140310540,PriceCharting
Team Rocket,Dark Magneton,11/82,Unlimited,PSA 8,2026-03-30,74.55,USD,eBay,unknown,FALSE,,,PSA 8 Dark Magneton 11/82 Team Rocket 🚀 Set Pokemon Card,https://www.ebay.es/itm/357956122108,PriceCharting
Team Rocket,Dark Magneton,11/82,Unlimited,PSA 8,2026-03-16,57.00,USD,eBay,unknown,FALSE,,,Dark Magneton Holo 2000 Pokemon Team Rocket #11 PSA 8 NM Vintage Swirl In Holo,https://www.ebay.es/itm/157736358051,PriceCharting
Team Rocket,Dark Magneton,11/82,Unlimited,PSA 8,2026-03-15,73.39,USD,eBay,unknown,FALSE,,,Pokemon TCG Dark Magneton Team Rocket 11/82 Holo Rare PSA 8 NM-MT,https://www.ebay.es/itm/168160162992,PriceCharting
Team Rocket,Dark Magneton,11/82,Unlimited,PSA 9,2026-09-21,223.50,USD,eBay,unknown,FALSE,,,Pokemon TCG 2000 Team Rocket Dark Magneton 11/82 Holo PSA 9 SWIRL 🌀 11/82,https://www.ebay.es/itm/398394844109,PriceCharting
Team Rocket,Dark Magneton,11/82,Unlimited,PSA 9,2026-08-31,275.00,USD,eBay,unknown,FALSE,,,Pokemon Team Rocket Dark Magneton PSA 9 11/82,https://www.ebay.es/itm/147510017181,PriceCharting
Team Rocket,Dark Magneton,11/82,Unlimited,PSA 9,2026-08-21,246.50,USD,eBay,unknown,FALSE,,,2000 WOTC POKEMON TEAM ROCKET DARK MAGNETON #11/82 UNLIMITED HOLO FOIL PSA 9 11/82,https://www.ebay.es/itm/358893691194,PriceCharting
Team Rocket,Dark Magneton,11/82,Unlimited,PSA 9,2026-07-15,300.00,USD,eBay,best offer,TRUE,,,2000 POKEMON TEAM ROCKET DARK MAGNETON HOLO UNLIMITED 11/82 PSA 9 11/82,https://www.ebay.es/itm/227370006741,PriceCharting
Team Rocket,Dark Magneton,11/82,Unlimited,PSA 9,2026-06-19,299.99,USD,eBay,unknown,FALSE,,,Pokemon Dark Magneton Holo Unlimited Team Rocket 11 PSA 9 #11,https://www.ebay.es/itm/287401983798,PriceCharting
Team Rocket,Dark Magneton,11/82,Unlimited,PSA 9,2026-06-04,269.99,USD,eBay,unknown,FALSE,,,Dark Magneton 11/82 Holo Team Rocket Graded PSA 9 Pokemon Card SWIRL 11/82,https://www.ebay.es/itm/157967479372,PriceCharting
Team Rocket,Dark Magneton,11/82,Unlimited,PSA 9,2026-05-30,250.00,USD,eBay,unknown,FALSE,,,PSA 9 2000 POKEMON TEAM ROCKET DARK MAGNETON HOLO MINT 11/82 11/82,https://www.ebay.es/itm/327171590111,PriceCharting
Team Rocket,Dark Magneton,11/82,Unlimited,PSA 9,2026-05-18,238.50,USD,eBay,unknown,FALSE,,,Pokemon 2000 Dark Magneton 11/82 Holo Team Rocket PSA 9 11/82,https://www.ebay.es/itm/406911888274,PriceCharting
Team Rocket,Dark Magneton,11/82,Unlimited,PSA 9,2026-04-16,195.00,USD,eBay,best offer,TRUE,,,"DARK MAGNETON 2000 Pokemon Team Rocket Holo with Swirl & ""X"" Pattern #11 - PSA 9 11/82",https://www.ebay.es/itm/206206614713,PriceCharting
Team Rocket,Dark Magneton,11/82,Unlimited,PSA 9,2026-02-03,196.18,USD,eBay,unknown,FALSE,,,Pokemon TCG Team Rocket: Dark Magneton 11/82 PSA 9,https://www.ebay.es/itm/167948077838,PriceCharting
Team Rocket,Dark Magneton,11/82,Unlimited,PSA 9,2026-01-28,132.04,USD,eBay,best offer,TRUE,,,Pokemon – Team Rocket – Dark Magneton Holo - 2000 - 11/82 - PSA 9 – Mint,https://www.ebay.es/itm/267502447408,PriceCharting
Team Rocket,Dark Slowbro,12/82,1st Edition,PSA 8,2026-08-30,195.00,USD,eBay,best offer,TRUE,,,2000 Pokemon Rocket Dark Slowbro Holo Team Rocket 12 1st Edition PSA 8 #12,https://www.ebay.es/itm/178317586453,PriceCharting
Team Rocket,Dark Slowbro,12/82,1st Edition,PSA 8,2026-08-30,198.50,USD,eBay,unknown,FALSE,,,2000 Pokemon Team Rocket First Edition Dark Slowbro Holo #12/82 PSA 8,https://www.ebay.es/itm/128042416624,PriceCharting
Team Rocket,Dark Slowbro,12/82,1st Edition,PSA 8,2026-08-16,243.68,USD,eBay,unknown,FALSE,,,PSA 8 Dark Slowbro 1st Edition Team Rocket 12/82 Pokemon Card Near MINT Holo 12/82,https://www.ebay.es/itm/407043120459,PriceCharting
Team Rocket,Dark Slowbro,12/82,1st Edition,PSA 8,2026-07-19,155.11,USD,eBay,unknown,FALSE,,,2000 POKEMON TEAM ROCKET FIRST EDITION #12/82 DARK SLOWBRO HOLO RARE PSA 8 12/82,https://www.ebay.es/itm/206408437044,PriceCharting
Team Rocket,Dark Slowbro,12/82,1st Edition,PSA 8,2026-07-14,166.11,USD,eBay,best offer,TRUE,,,Pokémon TCG Dark Slowbro Holo 1st Edition 12/82 Team Rocket PSA 8 Near Mint 12/82,https://www.ebay.es/itm/358782873853,PriceCharting
Team Rocket,Dark Slowbro,12/82,1st Edition,PSA 8,2026-07-12,148.50,USD,eBay,unknown,FALSE,,,Pokemon Dark Slowbro Holo Team Rocket 12 1st Edition PSA 8 #12,https://www.ebay.es/itm/287433884204,PriceCharting
Team Rocket,Dark Slowbro,12/82,1st Edition,PSA 8,2026-06-28,196.50,USD,eBay,unknown,FALSE,,,Pokemon Dark Slowbro Holo Team Rocket 12 1st Edition PSA 8 #12,https://www.ebay.es/itm/287401743625,PriceCharting
Team Rocket,Dark Slowbro,12/82,1st Edition,PSA 8,2026-06-28,199.99,USD,eBay,unknown,FALSE,,,2000 Pokemon Team Rocket 1st Edition Dark Slowbro Holo #12/82 PSA 8 NM-MT 12/82,https://www.ebay.es/itm/158010132414,PriceCharting
Team Rocket,Dark Slowbro,12/82,1st Edition,PSA 8,2026-06-19,219.99,USD,eBay,unknown,FALSE,,,Dark Slowbro 1st Edition 12/82 – PSA 8 NM MT Holo Rare 2000 Pokemon Team Rocket 12/82,https://www.ebay.es/itm/287384743051,PriceCharting
Team Rocket,Dark Slowbro,12/82,1st Edition,PSA 8,2026-06-18,187.50,USD,eBay,unknown,FALSE,,,Dark Slowbro Holo PSA 8 2000 Pokemon Team Rocket First Edition #12/82 1769 12/82,https://www.ebay.es/itm/236870258609,PriceCharting
Team Rocket,Dark Slowbro,12/82,1st Edition,PSA 8,2026-06-16,164.50,USD,eBay,unknown,FALSE,,,2000 Pokemon Team Rocket First Edition Dark Slowbro Holo #12/82 PSA 8,https://www.ebay.es/itm/377251242568,PriceCharting
Team Rocket,Dark Slowbro,12/82,1st Edition,PSA 8,2026-06-14,125.00,USD,eBay,best offer,TRUE,,,Pokemon TCG Team Rocket Dark Slowbro 12/82 Holo 1st Ed 2000 ENG PSA 8 SWIRL 12/82,https://www.ebay.es/itm/198422680190,PriceCharting
Team Rocket,Dark Slowbro,12/82,1st Edition,PSA 8,2026-06-10,140.00,USD,eBay,best offer,TRUE,,,Pokemon TCG Team Rocket Dark Slowbro 12/82 Holo 1st Ed 2000 ENG PSA 8 SWIRL 12/82,https://www.ebay.es/itm/198414574771,PriceCharting
Team Rocket,Dark Slowbro,12/82,1st Edition,PSA 9,2026-09-28,500.00,USD,eBay,unknown,FALSE,,,Pokemon Team Rocket Dark Slowbro 1st Ed Holo #12 PSA 9 English 132738273 #12,https://www.ebay.es/itm/198658760936,PriceCharting
Team Rocket,Dark Slowbro,12/82,1st Edition,PSA 9,2026-09-21,245.00,USD,eBay,unknown,FALSE,,,Pokemon Dark Slowbro Holo Team Rocket 12 1st Edition PSA 9 Mint #12,https://www.ebay.es/itm/336795527112,PriceCharting
Team Rocket,Dark Slowbro,12/82,1st Edition,PSA 9,2026-09-19,499.99,USD,eBay,unknown,FALSE,,,Pokemon Dark Slowbro Holo Team Rocket 12 - 1st Edition PSA 9 Mint - FART SWIRL #12,https://www.ebay.es/itm/188863611660,PriceCharting
Team Rocket,Dark Slowbro,12/82,1st Edition,PSA 9,2026-09-10,400.00,USD,eBay,unknown,FALSE,,,Pokémon Team Rocket Dark Slowbro 12/82 Holo 1st Edition PSA 9 Graded 2000 12/82,https://www.ebay.es/itm/318766262217,PriceCharting
Team Rocket,Dark Slowbro,12/82,1st Edition,PSA 9,2026-09-09,401.00,USD,eBay,unknown,FALSE,,,2000 Pokemon Team Rocket First Edition Dark Slowbro Holo #12/82 PSA 9,https://www.ebay.es/itm/128058506848,PriceCharting
Team Rocket,Dark Slowbro,12/82,1st Edition,PSA 9,2026-09-05,330.00,USD,eBay,unknown,FALSE,,,Pokemon Dark Slowbro 12/82 Team Rocket Holo 1st Edition PSA 9 12/82,https://www.ebay.es/itm/407177006976,PriceCharting
Team Rocket,Dark Slowbro,12/82,1st Edition,PSA 9,2026-08-17,296.00,USD,eBay,unknown,FALSE,,,Pokemon Dark Slowbro Holo Team Rocket 12 1st Edition PSA 9 Mint #12,https://www.ebay.es/itm/287511104962,PriceCharting
Team Rocket,Dark Slowbro,12/82,1st Edition,PSA 9,2026-08-02,177.50,USD,eBay,unknown,FALSE,,,*cracked slab* 2000 Pokemon 1st Edition Rocket Dark Slowbro #12 Holo PSA 9 MINT #12,https://www.ebay.es/itm/366565288127,PriceCharting
Team Rocket,Dark Slowbro,12/82,1st Edition,PSA 9,2026-07-30,95.00,USD,eBay,best offer,TRUE,,,Dark Slowbro 12/82 1st Edition Holo Team Rocket Pokémon EN NM PSA 9 Candidate 12/82,https://www.ebay.es/itm/287492026875,PriceCharting
Team Rocket,Dark Slowbro,12/82,1st Edition,PSA 9,2026-07-25,330.00,USD,eBay,unknown,FALSE,,,Dark Slowbro 1st Edition 12/82 – PSA 9 NM MT Holo Rare 2000 Pokemon Team Rocket 12/82,https://www.ebay.es/itm/407017612621,PriceCharting
Team Rocket,Dark Slowbro,12/82,1st Edition,PSA 9,2026-07-16,349.99,USD,eBay,unknown,FALSE,,,Dark Slowbro Holo Rare 12/82 1st Edition Team Rocket Pokemon English PSA 9 #12,https://www.ebay.es/itm/188569346883,PriceCharting
Team Rocket,Dark Slowbro,12/82,1st Edition,PSA 9,2026-07-13,335.00,USD,eBay,unknown,FALSE,,,Pokemon Team Rocket Dark Slowbro 12/82 Holo Rare First Edition PSA 9 12/82,https://www.ebay.es/itm/358751522873,PriceCharting
Team Rocket,Dark Slowbro,12/82,1st Edition,PSA 9,2026-07-08,350.00,USD,eBay,best offer,TRUE,,,2000 Pokemon Team Rocket 1st Edition Dark Slowbro Holo ~ 12/82 ~ PSA 9 Mint!,https://www.ebay.es/itm/168485996774,PriceCharting
Team Rocket,Dark Slowbro,12/82,1st Edition,PSA 9,2026-07-08,360.00,USD,eBay,unknown,FALSE,,,PSA 9 MINT Dark Slowbro 12 Team Rocket 1st Edition Holo Pokemon Card - SWIRL #12,https://www.ebay.es/itm/147422792193,PriceCharting
Team Rocket,Dark Slowbro,12/82,1st Edition,PSA 9,2026-07-06,395.00,USD,eBay,unknown,FALSE,,,2000 DARK SLOWBRO TEAM ROCKET HOLO 1ST EDITION #12 PSA 9 MINT POKEMON 12/82,https://www.ebay.es/itm/318539943045,PriceCharting
Team Rocket,Dark Slowbro,12/82,1st Edition,PSA 9,2026-06-27,345.00,USD,eBay,unknown,FALSE,,,Pokemon Dark Slowbro Holo 12/82 Team Rocket 1st Edition PSA 9 English 2000 12/82,https://www.ebay.es/itm/137455941986,PriceCharting
Team Rocket,Dark Slowbro,12/82,1st Edition,PSA 9,2026-06-21,310.00,USD,eBay,unknown,FALSE,,,Pokemon Dark Slowbro Team Rocket 1st Edition Holo Rare #12 PSA 9 Mint,https://www.ebay.es/itm/287384785335,PriceCharting
Team Rocket,Dark Slowbro,12/82,1st Edition,PSA 9,2026-06-21,309.00,USD,eBay,unknown,FALSE,,,Pokemon Dark Slowbro Team Rocket 1st Edition Holo Rare #12 PSA 9 Mint,https://www.ebay.es/itm/287390759136,PriceCharting
Team Rocket,Dark Slowbro,12/82,1st Edition,PSA 9,2026-06-14,280.00,USD,eBay,unknown,FALSE,,,Pokemon Dark Slowbro Team Rocket 1st Edition Holo Rare #12 PSA 9 Mint,https://www.ebay.es/itm/287372420296,PriceCharting
Team Rocket,Dark Slowbro,12/82,1st Edition,PSA 9,2026-06-12,349.99,USD,eBay,unknown,FALSE,,,Dark Slowbro (9) 1st Ed. Team Rocket Holo Rare 12/82 2000 Pokemon TCG PSA 9 12/82,https://www.ebay.es/itm/227341617402,PriceCharting
Team Rocket,Dark Slowbro,12/82,1st Edition,PSA 9,2026-06-08,354.00,USD,eBay,unknown,FALSE,,,Dark Slowbro 1st Edition PSA 9 Team Rocket Holo Rare 2000 Pokemon Card #12 /82 12/82,https://www.ebay.es/itm/336613746815,PriceCharting
Team Rocket,Dark Slowbro,12/82,1st Edition,PSA 9,2026-06-08,330.00,USD,eBay,unknown,FALSE,,,Pokemon Dark Slowbro Team Rocket 1st Edition Holo Rare #12 PSA 9 Mint,https://www.ebay.es/itm/287361552056,PriceCharting
Team Rocket,Dark Slowbro,12/82,1st Edition,PSA 10,2026-09-23,4106.57,USD,eBay,best offer,TRUE,,,2000 POKEMON ROCKET 1ST EDITION #12 DARK SLOWBRO-HOLO PSA 10 12/82,https://www.ebay.es/itm/198655714172,PriceCharting
Team Rocket,Dark Slowbro,12/82,1st Edition,PSA 10,2026-09-23,3999.98,USD,eBay,unknown,FALSE,,,2000 POKEMON ROCKET 1ST EDITION #12 DARK SLOWBRO-HOLO PSA 10 #12,https://www.ebay.es/itm/306972493502,PriceCharting
Team Rocket,Dark Slowbro,12/82,1st Edition,PSA 10,2026-09-23,3700.00,USD,eBay,best offer,TRUE,,,2000 POKEMON ROCKET 1ST EDITION #12 DARK SLOWBRO-HOLO PSA 10 #12,https://www.ebay.es/itm/298502307540,PriceCharting
Team Rocket,Dark Slowbro,12/82,1st Edition,PSA 10,2026-09-23,3739.00,USD,eBay,unknown,FALSE,,,2000 Pokemon Team Rocket First Edition Dark Slowbro Holo #12/82 PSA 10 GEM MINT,https://www.ebay.es/itm/377504196884,PriceCharting
Team Rocket,Dark Slowbro,12/82,1st Edition,PSA 10,2026-09-23,3552.00,USD,eBay,unknown,FALSE,,,2000 Pokemon Team Rocket First Edition Dark Slowbro Holo #12/82 PSA 10 GEM MINT,https://www.ebay.es/itm/377504196989,PriceCharting
Team Rocket,Dark Slowbro,12/82,1st Edition,PSA 10,2026-09-19,3800.00,USD,eBay,unknown,FALSE,,,2000 POKEMON ROCKET 1ST EDITION #12 DARK SLOWBRO-HOLO PSA 10 #12,https://www.ebay.es/itm/298521938053,PriceCharting
Team Rocket,Dark Slowbro,12/82,1st Edition,PSA 10,2026-09-14,3450.95,USD,eBay,unknown,FALSE,,,2000 Pokemon Rocket Dark Slowbro Holo 1st Edition #12 PSA 10,https://www.ebay.es/itm/336726035355,PriceCharting
Team Rocket,Dark Slowbro,12/82,1st Edition,PSA 10,2026-08-24,3551.00,USD,eBay,unknown,FALSE,,,Pokemon Dark Slowbro Holo Team Rocket 12 1st Edition PSA 10 Gem Mint #12,https://www.ebay.es/itm/287524903804,PriceCharting
Team Rocket,Dark Slowbro,12/82,1st Edition,PSA 10,2026-08-08,2833.11,USD,eBay,unknown,FALSE,,,Pokémon TCG Dark Slowbro Team Rocket 12/82 1st Edition PSA 10 WOTC FIRST EDITION 12/82,https://www.ebay.es/itm/377379582927,PriceCharting
Team Rocket,Dark Slowbro,12/82,1st Edition,PSA 10,2026-07-08,3749.99,USD,eBay,unknown,FALSE,,,2000 POKEMON ROCKET 1ST EDITION #12 DARK SLOWBRO-HOLO PSA 10 #12,https://www.ebay.es/itm/298479473160,PriceCharting
Team Rocket,Dark Slowbro,12/82,1st Edition,PSA 10,2026-06-22,2977.00,USD,eBay,unknown,FALSE,,,Pokemon Dark Slowbro Team Rocket 1st Edition Holo Rare #12 PSA 10 Gem Mint,https://www.ebay.es/itm/287393383752,PriceCharting
Team Rocket,Dark Slowbro,12/82,1st Edition,PSA 10,2026-06-15,3251.00,USD,eBay,unknown,FALSE,,,Pokemon Dark Slowbro Team Rocket 1st Edition Holo Rare #12 PSA 10 Gem Mint,https://www.ebay.es/itm/287375966001,PriceCharting
Team Rocket,Dark Slowbro,12/82,1st Edition,PSA 10,2026-06-04,3100.00,USD,eBay,unknown,FALSE,,,2000 Pokemon Team Rocket First Edition Dark Slowbro Holo #12/82 PSA 10 GEM MINT,https://www.ebay.es/itm/377219587474,PriceCharting
Team Rocket,Dark Slowbro,12/82,1st Edition,PSA 10,2026-05-22,3000.00,USD,eBay,unknown,FALSE,,,Pokémon - Team Rocket - 1st Edition - Dark Slowbro Holo - 12/82 - PSA 10 12/82,https://www.ebay.es/itm/358560521364,PriceCharting
Team Rocket,Dark Slowbro,12/82,1st Edition,PSA 10,2026-04-27,4499.99,USD,eBay,unknown,FALSE,,,PSA 10 1st Edition Dark Slowbro 12/82 Team Rocket Pokemon 2000 12/82,https://www.ebay.es/itm/177869778425,PriceCharting
Team Rocket,Dark Slowbro,12/82,1st Edition,PSA 10,2026-04-27,3451.01,USD,eBay,unknown,FALSE,,,Pokemon Dark Slowbro Team Rocket 1st Edition Holo Rare #12 PSA 10 Gem Mint,https://www.ebay.es/itm/287278225190,PriceCharting
Team Rocket,Dark Slowbro,12/82,1st Edition,PSA 10,2026-04-27,4000.00,USD,eBay,unknown,FALSE,,,Pokemon Dark Slowbro Team Rocket 1st Edition Holo Rare #12 PSA 10 Gem Mint,https://www.ebay.es/itm/287278147966,PriceCharting
Team Rocket,Dark Slowbro,12/82,1st Edition,PSA 10,2026-04-26,3052.00,USD,eBay,unknown,FALSE,,,Pokemon Dark Slowbro Team Rocket 1st Edition Holo Rare #12 PSA 10 Gem Mint,https://www.ebay.es/itm/287278224474,PriceCharting
Team Rocket,Dark Slowbro,12/82,1st Edition,PSA 10,2026-03-20,5999.00,USD,eBay,unknown,FALSE,,,PSA 10 GEM MINT Dark Slowbro 12/82 HOLO Team Rocket 1ST EDITION Pokemon Card 💫 12/82,https://www.ebay.es/itm/358353554094,PriceCharting
Team Rocket,Dark Slowbro,12/82,1st Edition,PSA 10,2026-02-21,3250.00,USD,eBay,best offer,TRUE,,,2000 Pokemon Team Rocket 1st Edition Holo Dark Slowbro #12 PSA 10,https://www.ebay.es/itm/336434546489,PriceCharting
Team Rocket,Dark Slowbro,12/82,1st Edition,PSA 10,2025-12-29,1700.00,USD,eBay,unknown,FALSE,,,Pokemon Dark Slowbro Team Rocket 1st Edition Holo Rare #12 PSA 10 Gem Mint,https://www.ebay.es/itm/287021430314,PriceCharting
Team Rocket,Dark Slowbro,12/82,1st Edition,PSA 10,2025-09-29,1500.00,USD,eBay,unknown,FALSE,,,Pokemon Dark Slowbro Team Rocket 1st Edition Holo Rare #12 PSA 10 Gem Mint #12,https://www.ebay.es/itm/167740113586,PriceCharting
Team Rocket,Dark Slowbro,12/82,1st Edition,PSA 10,2025-08-31,869.00,USD,eBay,unknown,FALSE,,,Pokemon Dark Slowbro Team Rocket 1st Edition Holo Rare #12 PSA 10 Gem Mint,https://www.ebay.es/itm/286778155172,PriceCharting
Team Rocket,Dark Slowbro,12/82,1st Edition,PSA 10,2025-08-24,915.00,USD,eBay,unknown,FALSE,,,Pokemon Dark Slowbro Team Rocket 1st Edition Holo Rare #12 PSA 10 Gem Mint,https://www.ebay.es/itm/286770648601,PriceCharting
Team Rocket,Dark Slowbro,12/82,1st Edition,PSA 10,2025-08-10,746.00,USD,eBay,unknown,FALSE,,,Pokemon Dark Slowbro Team Rocket 1st Edition Holo Rare #12 PSA 10 Gem Mint,https://www.ebay.es/itm/286739114485,PriceCharting
Team Rocket,Dark Slowbro,12/82,1st Edition,PSA 10,2025-07-06,820.37,USD,eBay,unknown,FALSE,,,Pokemon Cards - PSA 10 1st Edition Dark Slowbro 12/82 - Team Rocket - GEM MT,https://www.ebay.es/itm/286668857416,PriceCharting
Team Rocket,Dark Slowbro,12/82,1st Edition,PSA 10,2025-03-22,760.00,USD,eBay,unknown,FALSE,,,Pokemon Dark Slowbro Team Rocket 1st Edition Holo PSA 10 GEM MINT #12/82 2000 #12,https://www.ebay.es/itm/405545996254,PriceCharting
Team Rocket,Dark Slowbro,12/82,1st Edition,PSA 10,2025-02-18,710.69,USD,eBay,unknown,FALSE,,,Pokemon Dark Slowbro Team Rocket 1st Edition Holo PSA 10 GEM MINT #12/82 2000 #12,https://www.ebay.es/itm/256815019376,PriceCharting
Team Rocket,Dark Slowbro,12/82,Unlimited,PSA 8,2026-09-23,101.00,USD,eBay,unknown,FALSE,,,Dark Slowbro 12/82 Team Rocket Holo Rare English 2000 Pokémon TCG PSA 8 12/82,https://www.ebay.es/itm/158325269978,PriceCharting
Team Rocket,Dark Slowbro,12/82,Unlimited,PSA 8,2026-09-07,94.00,USD,eBay,unknown,FALSE,,,Pokemon 2000 Dark Slowbro 12/82 Holo Team Rocket PSA 8 12/82,https://www.ebay.es/itm/407181440639,PriceCharting
Team Rocket,Dark Slowbro,12/82,Unlimited,PSA 8,2026-08-24,96.00,USD,eBay,unknown,FALSE,,,Pokemon 2000 Dark Slowbro 12/82 Holo Team Rocket PSA 8 12/82,https://www.ebay.es/itm/407142961902,PriceCharting
Team Rocket,Dark Slowbro,12/82,Unlimited,PSA 8,2026-08-24,139.50,USD,eBay,unknown,FALSE,,,2000 POKEMON TEAM ROCKET #12 DARK SLOWBRO HOLO RARE PSA 8 NM-MINT CLEAN Vintage #12,https://www.ebay.es/itm/327306478268,PriceCharting
Team Rocket,Dark Slowbro,12/82,Unlimited,PSA 8,2026-08-18,95.00,USD,eBay,best offer,TRUE,,,2000 Pokemon Team Rocket Dark Slowbro 12/82 Rare Holo PSA 8 NM-MINT SWIRL 12/82,https://www.ebay.es/itm/267756589120,PriceCharting
Team Rocket,Dark Slowbro,12/82,Unlimited,PSA 8,2026-08-02,130.29,USD,eBay,best offer,TRUE,,,Dark Slowbro 12/82 HP Team Rocket Holo Rare Pokemon Unlimited Holo PSA 8 12/82,https://www.ebay.es/itm/287474535087,PriceCharting
Team Rocket,Dark Slowbro,12/82,Unlimited,PSA 8,2026-08-01,99.99,USD,eBay,unknown,FALSE,,,Pokémon TCG Dark Slowbro Holo 12/82 Team Rocket PSA 8 Near Mint 12/82,https://www.ebay.es/itm/407080030461,PriceCharting
Team Rocket,Dark Slowbro,12/82,Unlimited,PSA 8,2026-07-10,98.00,USD,eBay,unknown,FALSE,,,Dark Slowbro 12/82 Team Rocket Holo 2000 Pokemon Card PSA 8 NM - MT 12/82,https://www.ebay.es/itm/156671225773,PriceCharting
Team Rocket,Dark Slowbro,12/82,Unlimited,PSA 8,2026-07-07,88.00,USD,eBay,unknown,FALSE,,,Wizards of the Coast Pokémon TCG Dark Slowbro Team Rocket Holo Rare PSA 8 12/82,https://www.ebay.es/itm/127877905549,PriceCharting
Team Rocket,Dark Slowbro,12/82,Unlimited,PSA 8,2026-06-30,89.90,USD,eBay,best offer,TRUE,,,Dark Slowbro 12/82 HP Team Rocket Holo Rare Pokemon Unlimited Holo PSA 8 12/82,https://www.ebay.es/itm/287414783815,PriceCharting
Team Rocket,Dark Slowbro,12/82,Unlimited,PSA 8,2026-06-24,89.99,USD,eBay,unknown,FALSE,,,PSA 8 Dark Slowbro Holo 12/82 Team Rocket 2000 Pokemon WOTC NM-MT 12/82,https://www.ebay.es/itm/318438479963,PriceCharting
Team Rocket,Dark Slowbro,12/82,Unlimited,PSA 8,2026-06-11,83.00,USD,eBay,best offer,TRUE,,,DARK SLOWBRO 2000 Pokemon Team Rocket Holo #12 - PSA 8 12/82,https://www.ebay.es/itm/206250122857,PriceCharting
Team Rocket,Dark Slowbro,12/82,Unlimited,PSA 8,2026-06-09,90.00,USD,eBay,unknown,FALSE,,,PSA 8 Dark Slowbro Holo 12/82 Team Rocket 2000 Pokemon WOTC NM-MT 12/82,https://www.ebay.es/itm/127908976715,PriceCharting
Team Rocket,Dark Slowbro,12/82,Unlimited,PSA 8,2026-06-01,78.00,USD,eBay,best offer,TRUE,,,Pokémon Dark Slowbro 2000 Team Rocket Holo Rare 12/82 PSA 8 Unlimited 12/82,https://www.ebay.es/itm/257491391392,PriceCharting
Team Rocket,Dark Slowbro,12/82,Unlimited,PSA 8,2026-05-27,72.00,USD,eBay,unknown,FALSE,,,DARK SLOWBRO 2000 POKEMON TEAM ROCKET HOLO #12/82 PSA 8 Q1825 #12,https://www.ebay.es/itm/278001727126,PriceCharting
Team Rocket,Dark Slowbro,12/82,Unlimited,PSA 8,2026-05-17,74.40,USD,eBay,unknown,FALSE,,,DARK SLOWBRO POKEMON 12/82 2000 TEAM ROCKET HOLO RARE ENGLISH PSA 8,https://www.ebay.es/itm/137290282798,PriceCharting
Team Rocket,Dark Slowbro,12/82,Unlimited,PSA 8,2026-05-17,84.99,USD,eBay,unknown,FALSE,,,Pokémon Dark Slowbro Team Rocket Holo Rare 12/82 PSA 8 NM Unlimited 12/82,https://www.ebay.es/itm/236820051520,PriceCharting
Team Rocket,Dark Slowbro,12/82,Unlimited,PSA 9,2026-09-21,150.00,USD,eBay,best offer,TRUE,,,Dark Slowbro 12/82 Team Rocket Holo Rare PSA 9 Mint 2000 Pokemon TCG 12/82,https://www.ebay.es/itm/318884313712,PriceCharting
Team Rocket,Dark Slowbro,12/82,Unlimited,PSA 9,2026-09-10,145.00,USD,eBay,unknown,FALSE,,,Pokemon TCG PSA 9 Dark Slowbro 12/82 Team Rocket Holo Rare EN 2000 WotC 12/82,https://www.ebay.es/itm/377462736066,PriceCharting
Team Rocket,Dark Slowbro,12/82,Unlimited,PSA 9,2026-09-05,158.00,USD,eBay,best offer,TRUE,,,2000 Pokemon Team Rocket Dark Slowbro 12/82 Holo PSA 9 Unlimited 12/82,https://www.ebay.es/itm/318825443464,PriceCharting
Team Rocket,Dark Slowbro,12/82,Unlimited,PSA 9,2026-09-02,159.00,USD,eBay,unknown,FALSE,,,Pokemon Team Rocket Dark Slowbro Holo PSA 9 12/82,https://www.ebay.es/itm/147511970462,PriceCharting
Team Rocket,Dark Slowbro,12/82,Unlimited,PSA 9,2026-08-08,183.00,USD,eBay,unknown,FALSE,,,Pokemon 2000 Dark Slowbro 12/82 Holo Team Rocket PSA 9 12/82,https://www.ebay.es/itm/407111814646,PriceCharting
Team Rocket,Dark Slowbro,12/82,Unlimited,PSA 9,2026-07-16,139.95,USD,eBay,unknown,FALSE,,,Dark Slowbro 12/82 PSA 9 Holo Swirl Rare Team Rocket 2000 Pokemon Card Graded,https://www.ebay.es/itm/188647042474,PriceCharting
Team Rocket,Dark Slowbro,12/82,Unlimited,PSA 9,2026-03-16,250.00,USD,eBay,unknown,FALSE,,,Pokemon Dark Slowbro Team Rocket Unlimited Holo Rare #12 PSA 9 Mint,https://www.ebay.es/itm/317747039191,PriceCharting
Team Rocket,Dark Slowbro,12/82,Unlimited,PSA 9,2026-03-08,145.00,USD,eBay,unknown,FALSE,,,Dark Slowbro PSA 9 Pokemon WOTC 2000 Team Rocket 12/82 Holo Swirl Low POP 12/82,https://www.ebay.es/itm/188107930504,PriceCharting
Team Rocket,Dark Slowbro,12/82,Unlimited,PSA 9,2026-01-23,102.65,USD,eBay,unknown,FALSE,,,Dark Slowbro Holo - 2000 Pokemon Card - 12/82 - Team Rocket - PSA 9 MINT,https://www.ebay.es/itm/256857419742,PriceCharting
Team Rocket,Dark Slowbro,12/82,Unlimited,PSA 9,2026-01-12,128.55,USD,eBay,unknown,FALSE,,,Pokemon TCG: Dark Slowbro 12/82 Team Rocket WoTC Holo Rare PSA 9 MINT 12/82,https://www.ebay.es/itm/286990022613,PriceCharting
Team Rocket,Dark Slowbro,12/82,Unlimited,PSA 10,2026-09-25,3999.99,USD,eBay,unknown,FALSE,,,2000 POKEMON ROCKET #12 DARK SLOWBRO-HOLO PSA 10 #12,https://www.ebay.es/itm/298621326045,PriceCharting
Team Rocket,Dark Slowbro,12/82,Unlimited,PSA 10,2026-07-28,1600.00,USD,eBay,best offer,TRUE,,,2000 Pokemon Team Rocket Dark Slowbro #12 PSA 10 Holo Gem Mint #12,https://www.ebay.es/itm/398215232997,PriceCharting
Team Rocket,Dark Slowbro,12/82,Unlimited,PSA 10,2026-06-15,1447.00,USD,eBay,unknown,FALSE,,,Pokemon Dark Slowbro Team Rocket Unlimited Holo Rare #12 PSA 10 Gem Mint,https://www.ebay.es/itm/287375954084,PriceCharting
Team Rocket,Dark Slowbro,12/82,Unlimited,PSA 10,2026-04-20,1745.00,USD,eBay,unknown,FALSE,,,Pokemon Dark Slowbro Team Rocket Unlimited Holo Rare #12 PSA 10 Gem Mint,https://www.ebay.es/itm/287265142401,PriceCharting
Team Rocket,Dark Slowbro,12/82,Unlimited,PSA 10,2024-11-18,350.00,USD,eBay,unknown,FALSE,,,Pokemon Dark Slowbro Team Rocket Unlimited Holo Rare #12 PSA 10 Gem Mint,https://www.ebay.es/itm/286152903751,PriceCharting
Team Rocket,Dark Slowbro,12/82,Unlimited,PSA 10,2024-11-03,468.00,USD,eBay,unknown,FALSE,,,2000 Pokemon Team Rocket DARK SLOWBRO Holo 12/82 - PSA 10 GEM MINT,https://www.ebay.es/itm/255592593800,PriceCharting
Team Rocket,Dark Slowbro,12/82,Unlimited,PSA 10,2024-05-05,450.00,USD,eBay,unknown,FALSE,,,2000 Pokemon Team Rocket DARK SLOWBRO Holo 12/82 - PSA 10 GEM MINT 💎 12/82,https://www.ebay.es/itm/386884100574,PriceCharting
Team Rocket,Dark Slowbro,12/82,Unlimited,PSA 10,2024-05-01,497.00,USD,eBay,unknown,FALSE,,,2000 Pokemon Team Rocket DARK SLOWBRO Holo 12/82 - PSA 10 GEM MINT 💎,https://www.ebay.es/itm/324832632114,PriceCharting
Team Rocket,Dark Vileplume,13/82,1st Edition,PSA 8,2026-08-27,117.50,USD,eBay,unknown,FALSE,,,2000 Pokemon 1ST Edition Team Rocket Dark Vileplume Holo PSA 8 #13 #13,https://www.ebay.es/itm/800541378889,PriceCharting
Team Rocket,Dark Vileplume,13/82,1st Edition,PSA 8,2026-08-02,102.75,USD,eBay,unknown,FALSE,,,Pokémon Team Rocket Dark Vileplume 13/82 1st Edition Holo PSA 8 English 13/82,https://www.ebay.es/itm/366566754227,PriceCharting
Team Rocket,Dark Vileplume,13/82,1st Edition,PSA 8,2026-07-27,104.05,USD,eBay,unknown,FALSE,,,Dark Vileplume 13 PSA 8 Holo Rare 1st Edition Team Rocket TR English Pokemon 13/82,https://www.ebay.es/itm/227432787599,PriceCharting
Team Rocket,Dark Vileplume,13/82,1st Edition,PSA 8,2026-07-17,85.00,USD,eBay,best offer,TRUE,,,PSA 8 Dark Vileplume 1st Edition [Holo] - 13/82 - Team Rocket - Pokemon 13/82,https://www.ebay.es/itm/407080238266,PriceCharting
Team Rocket,Dark Vileplume,13/82,1st Edition,PSA 8,2026-06-21,140.00,USD,eBay,unknown,FALSE,,,2000 Pokémon Team Rocket 1st Edition Dark Vileplume Rare Holo #13 NM-MT PSA 8,https://www.ebay.es/itm/358204717020,PriceCharting
Team Rocket,Dark Vileplume,13/82,1st Edition,PSA 8,2026-06-18,125.00,USD,eBay,best offer,TRUE,,,2000 Pokemon Team Rocket First Edition 13 Dark Vileplume Holo PSA 8 149324182 13/82,https://www.ebay.es/itm/157921289311,PriceCharting
Team Rocket,Dark Vileplume,13/82,1st Edition,PSA 8,2026-06-05,165.00,USD,eBay,unknown,FALSE,,,PSA 8 Pokemon 1st Edition Team Rocket Dark Vileplume Holo #13,https://www.ebay.es/itm/157860747222,PriceCharting
Team Rocket,Dark Vileplume,13/82,1st Edition,PSA 8,2026-05-29,133.00,USD,eBay,unknown,FALSE,,,Dark Vileplume Holo 1st Edition PSA 8 2000 Pokemon Team Rocket #13 #13,https://www.ebay.es/itm/137288348788,PriceCharting
Team Rocket,Dark Vileplume,13/82,1st Edition,PSA 8,2026-05-25,131.50,USD,eBay,unknown,FALSE,,,2000 POKEMON ROCKET 1ST EDITION #13 DARK VILEPLUME-HOLO PSA 8 #13,https://www.ebay.es/itm/298312738466,PriceCharting
Team Rocket,Dark Vileplume,13/82,1st Edition,PSA 8,2026-04-20,115.00,USD,eBay,unknown,FALSE,,,PSA 8 Pokemon 1st Edition Team Rocket Dark Vileplume Holo #13,https://www.ebay.es/itm/157603192045,PriceCharting
Team Rocket,Dark Vileplume,13/82,1st Edition,PSA 8,2026-04-20,55.00,USD,eBay,unknown,FALSE,,,PSA 8 Dark Vileplume 1st Edition [Holo] - 13/82 - Team Rocket - Pokemon NM 13/82,https://www.ebay.es/itm/227308165686,PriceCharting
Team Rocket,Dark Vileplume,13/82,1st Edition,PSA 8,2026-04-19,99.00,USD,eBay,unknown,FALSE,,,PSA 8 Dark Vileplume 1st Edition [Holo] - 13/82 - Team Rocket - Pokemon 13/82,https://www.ebay.es/itm/117115390644,PriceCharting
Team Rocket,Dark Vileplume,13/82,1st Edition,PSA 8,2026-04-18,109.99,USD,eBay,unknown,FALSE,,,Pokemon 1st Edition Dark Vileplume Holo 13/82 Team Rocket PSA 8 NM/Mint,https://www.ebay.es/itm/265086933295,PriceCharting
Team Rocket,Dark Vileplume,13/82,1st Edition,PSA 8,2026-04-18,80.00,USD,eBay,best offer,TRUE,,,2000 Pokémon Team Rocket Holo Rare Dark Vileplume First Edition 13/82 PSA 8 13/82,https://www.ebay.es/itm/397664673650,PriceCharting
Team Rocket,Dark Vileplume,13/82,1st Edition,PSA 8,2026-04-17,171.94,USD,eBay,best offer,TRUE,,,PSA 8 Dark Vileplume 1st Edition [Holo] - 13/82 - Team Rocket - Pokemon,https://www.ebay.es/itm/406784247756,PriceCharting
Team Rocket,Dark Vileplume,13/82,1st Edition,PSA 8,2026-04-09,97.50,USD,eBay,best offer,TRUE,,,2000 Pokemon Team Rocket 1st Edition 13/82 Dark Vileplume Holo - PSA 8,https://www.ebay.es/itm/358331636136,PriceCharting
Team Rocket,Dark Vileplume,13/82,1st Edition,PSA 8,2026-04-06,104.99,USD,eBay,unknown,FALSE,,,2000 Pokemon Team Rocket Dark Vileplume 1st Edition Holo #13/82 PSA 8 With Swirl 13/82,https://www.ebay.es/itm/358224610781,PriceCharting
Team Rocket,Dark Vileplume,13/82,1st Edition,PSA 9,2026-09-28,305.00,USD,eBay,unknown,FALSE,,,Pokemon Dark Vileplume Holo Team Rocket 13 1st Edition PSA 9 Mint #13,https://www.ebay.es/itm/287594623541,PriceCharting
Team Rocket,Dark Vileplume,13/82,1st Edition,PSA 9,2026-09-25,200.00,USD,eBay,best offer,TRUE,,,POKEMON DARK VILEPLUME - 2000 TEAM ROCKET (13/82) HOLO 1ST EDITION - PSA 9 13/82,https://www.ebay.es/itm/287478040817,PriceCharting
Team Rocket,Dark Vileplume,13/82,1st Edition,PSA 9,2026-09-24,180.00,USD,eBay,unknown,FALSE,,,Pokemon TCG Team Rocket Dark Vileplume 13/82 1st Ed Holo Rare PSA 9 13/82,https://www.ebay.es/itm/227521884229,PriceCharting
Team Rocket,Dark Vileplume,13/82,1st Edition,PSA 9,2026-09-23,195.00,USD,eBay,best offer,TRUE,,,Pokémon TCG 1st Edition Team Rocket Dark Vileplume 13/82 Holo PSA 9 MINT SWIRL 13/82,https://www.ebay.es/itm/127543430317,PriceCharting
Team Rocket,Dark Vileplume,13/82,1st Edition,PSA 9,2026-09-07,190.00,USD,eBay,best offer,TRUE,,,Pokemon TCG Team Rocket Dark Vileplume 13/82 1st Ed Holo Rare PSA 9 13/82,https://www.ebay.es/itm/237053491770,PriceCharting
Team Rocket,Dark Vileplume,13/82,1st Edition,PSA 9,2026-09-06,236.61,USD,eBay,unknown,FALSE,,,DARK VILEPLUME POKEMON 13/82 2000 TEAM ROCKET 1ST EDITION - HOLO ENGLISH PSA 9,https://www.ebay.es/itm/137658603817,PriceCharting
Team Rocket,Dark Vileplume,13/82,1st Edition,PSA 9,2026-08-30,166.57,USD,eBay,unknown,FALSE,,,2000 Pokémon Team Rocket 1st Edition 13/82 Dark Vileplume Holo PSA 9 13/82,https://www.ebay.es/itm/188828528331,PriceCharting
Team Rocket,Dark Vileplume,13/82,1st Edition,PSA 9,2026-08-30,159.30,USD,eBay,unknown,FALSE,,,Dark Vileplume 13/82 Team Rocket 1st Edition PSA 9 MINT 2000 Holo Pokémon 13/82,https://www.ebay.es/itm/407156897682,PriceCharting
Team Rocket,Dark Vileplume,13/82,1st Edition,PSA 9,2026-08-16,192.50,USD,eBay,unknown,FALSE,,,Pokemon Dark Vileplume Holo Team Rocket 13 1st Edition PSA 9 Mint #13,https://www.ebay.es/itm/287511098749,PriceCharting
Team Rocket,Dark Vileplume,13/82,1st Edition,PSA 9,2026-08-13,199.99,USD,eBay,unknown,FALSE,,,PSA 9 2000 POKEMON 1ST EDITION TEAM ROCKET DARK VILEPLUME HOLO #13 13/82,https://www.ebay.es/itm/227392120118,PriceCharting
Team Rocket,Dark Vileplume,13/82,1st Edition,PSA 9,2026-08-11,175.00,USD,eBay,best offer,TRUE,,,2000 Pokémon 1st Edition Team Rocket Dark Vileplume Holo #13/82 PSA 9 MINT 13/82,https://www.ebay.es/itm/407094157938,PriceCharting
Team Rocket,Dark Vileplume,13/82,1st Edition,PSA 9,2026-08-04,185.00,USD,eBay,best offer,TRUE,,,2000 Pokemon Team Rocket Dark Vileplume Holo 1st Edition 13/82 PSA 9 13/82,https://www.ebay.es/itm/168553049830,PriceCharting
Team Rocket,Dark Vileplume,13/82,1st Edition,PSA 9,2026-08-04,179.99,USD,eBay,unknown,FALSE,,,2000 Pokemon Team Rocket Dark Vileplume Holo 1st Edition 13/82 PSA 9 13/82,https://www.ebay.es/itm/236974555437,PriceCharting
Team Rocket,Dark Vileplume,13/82,1st Edition,PSA 9,2026-07-14,163.51,USD,eBay,unknown,FALSE,,,2000 Pokemon Team Rocket 1st Edition Dark Vileplume Holo 13/82 PSA 9 Mint #13,https://www.ebay.es/itm/287451059869,PriceCharting
Team Rocket,Dark Vileplume,13/82,1st Edition,PSA 9,2026-07-12,157.50,USD,eBay,unknown,FALSE,,,Pokemon TCG Team Rocket Dark Vileplume Holo 1st Ed 13/82 2000 Graded 9 PSA 9 13/82,https://www.ebay.es/itm/178286130064,PriceCharting
Team Rocket,Dark Vileplume,13/82,1st Edition,PSA 9,2026-07-12,169.50,USD,eBay,unknown,FALSE,,,2000 Pokemon Team Rocket 1st Edition Dark Vileplume Holo 13/82 PSA 9 Mint #13,https://www.ebay.es/itm/358759198931,PriceCharting
Team Rocket,Dark Vileplume,13/82,1st Edition,PSA 9,2026-07-03,185.00,USD,eBay,unknown,FALSE,,,PSA 9 MINT Dark Vileplume 13 Team Rocket 1st Edition Holo Pokemon Card #13,https://www.ebay.es/itm/147407892930,PriceCharting
Team Rocket,Dark Vileplume,13/82,1st Edition,PSA 9,2026-07-01,222.50,USD,eBay,unknown,FALSE,,,DARK VILEPLUME 2000 POKEMON TEAM ROCKET 1ST ED HOLO #13/82 PSA 9 Q0895 #13,https://www.ebay.es/itm/278121876693,PriceCharting
Team Rocket,Dark Vileplume,13/82,1st Edition,PSA 10,2026-09-24,4000.00,USD,eBay,unknown,FALSE,,,2000 POKEMON ROCKET 1ST EDITION #13 DARK VILEPLUME-HOLO PSA 10 #13,https://www.ebay.es/itm/158328943882,PriceCharting
Team Rocket,Dark Vileplume,13/82,1st Edition,PSA 10,2026-09-04,1999.00,USD,eBay,unknown,FALSE,,,Pokemon Dark Vileplume Holo Team Rocket 13 1st Edition PSA 10 Gem Mint #13,https://www.ebay.es/itm/287519693658,PriceCharting
Team Rocket,Dark Vileplume,13/82,1st Edition,PSA 10,2026-03-23,3250.00,USD,eBay,unknown,FALSE,,,Pokémon PSA 10 1st Edition Dark Vileplume Team Rocket Holo Rare 13/82 2000 13/82,https://www.ebay.es/itm/358362227550,PriceCharting
Team Rocket,Dark Vileplume,13/82,1st Edition,PSA 10,2026-03-10,5399.00,USD,eBay,best offer,TRUE,,,2000 Pokemon Rocket 1st Edition Dark Vileplume Holo 13/82 PSA 10 13/82,https://www.ebay.es/itm/267599091475,PriceCharting
Team Rocket,Dark Vileplume,13/82,1st Edition,PSA 10,2026-02-01,2400.00,USD,eBay,best offer,TRUE,,,Dark Vileplume 2000 Pokemon Team Rocket First Edition #13 Holo PSA 10 13/82,https://www.ebay.es/itm/157628992669,PriceCharting
Team Rocket,Dark Vileplume,13/82,1st Edition,PSA 10,2025-12-19,1150.00,USD,eBay,best offer,TRUE,,,Pokemon Dark Vileplume #13 Team Rocket 1st Edition Holo PSA 10 Gem Mint,https://www.ebay.es/itm/187794901450,PriceCharting
Team Rocket,Dark Vileplume,13/82,1st Edition,PSA 10,2025-09-21,1000.00,USD,eBay,unknown,FALSE,,,Pokemon Dark Vileplume Team Rocket 1st Edition Holo Rare #13 PSA 10 Gem Mint,https://www.ebay.es/itm/286574000475,PriceCharting
Team Rocket,Dark Vileplume,13/82,1st Edition,PSA 10,2025-09-04,900.00,USD,eBay,unknown,FALSE,,,Pokemon Dark Vileplume Team Rocket 1st Edition Holo Rare #13 PSA 10 Gem Mint #13,https://www.ebay.es/itm/167740597840,PriceCharting
Team Rocket,Dark Vileplume,13/82,1st Edition,PSA 10,2025-09-01,903.86,USD,eBay,unknown,FALSE,,,Dark Vileplume 1st Edition Team Rocket Holo PSA 10 Pokemon card #13 Mint #SWSH261,https://www.ebay.es/itm/317202293955,PriceCharting
Team Rocket,Dark Vileplume,13/82,1st Edition,PSA 10,2025-07-14,722.00,USD,eBay,unknown,FALSE,,,Pokemon Dark Vileplume Team Rocket 1st Edition Holo Rare #13 PSA 10 Gem Mint,https://www.ebay.es/itm/286689934790,PriceCharting
Team Rocket,Dark Vileplume,13/82,1st Edition,PSA 10,2025-05-28,750.00,USD,eBay,unknown,FALSE,,,2000 Pokemon Team Rocket First Edition Dark Vileplume Holo #13/82 PSA 10,https://www.ebay.es/itm/127128851285,PriceCharting
Team Rocket,Dark Vileplume,13/82,1st Edition,PSA 10,2025-05-26,865.00,USD,eBay,unknown,FALSE,,,Pokemon Dark Vileplume Team Rocket 1st Edition Holo Rare #13 PSA 10 Gem Mint,https://www.ebay.es/itm/286572022019,PriceCharting
Team Rocket,Dark Vileplume,13/82,1st Edition,PSA 10,2025-04-27,835.00,USD,eBay,unknown,FALSE,,,Pokemon Dark Vileplume Team Rocket 1st Edition Holo Rare #13 PSA 10 Gem Mint,https://www.ebay.es/itm/286502551878,PriceCharting
Team Rocket,Dark Vileplume,13/82,1st Edition,PSA 10,2025-04-13,770.00,USD,eBay,unknown,FALSE,,,Pokemon Dark Vileplume Team Rocket 1st Edition Holo Rare #13 PSA 10 Gem Mint,https://www.ebay.es/itm/286461275611,PriceCharting
Team Rocket,Dark Vileplume,13/82,1st Edition,PSA 10,2025-04-06,1025.00,USD,eBay,unknown,FALSE,,,Pokemon Dark Vileplume Team Rocket 1st Edition Holo Rare #13 PSA 10 Gem Mint,https://www.ebay.es/itm/286444862608,PriceCharting
Team Rocket,Dark Vileplume,13/82,1st Edition,PSA 10,2025-03-03,1025.00,USD,eBay,unknown,FALSE,,,Pokemon Dark Vileplume Team Rocket 1st Edition Holo Rare #13 PSA 10 Gem Mint,https://www.ebay.es/itm/286349681460,PriceCharting
Team Rocket,Dark Vileplume,13/82,1st Edition,PSA 10,2024-12-01,599.99,USD,eBay,unknown,FALSE,,,2000 Pokemon Team Rocket 1st Edition Holo Dark Vileplume PSA 10 GEM MINT #13/82 #13,https://www.ebay.es/itm/155100992856,PriceCharting
Team Rocket,Dark Vileplume,13/82,1st Edition,PSA 10,2024-10-20,437.49,USD,eBay,unknown,FALSE,,,1st Edition Dark Vileplume Holo | 13/82 | PSA 10* | Team Rocket | Pokemon Card,https://www.ebay.es/itm/167025907430,PriceCharting
Team Rocket,Dark Vileplume,13/82,1st Edition,PSA 10,2024-10-10,605.55,USD,eBay,unknown,FALSE,,,2000 Pokemon Team Rocket 1st Edition Holo Dark Vileplume PSA 10 GEM MINT #13/82 #13,https://www.ebay.es/itm/395744593759,PriceCharting
Team Rocket,Dark Vileplume,13/82,1st Edition,PSA 10,2024-09-26,600.00,USD,eBay,unknown,FALSE,,,Dark Vileplume 1st Edition Holo Team Rocket Pokemon 13/82 PSA 10 13/82,https://www.ebay.es/itm/395688291185,PriceCharting
Team Rocket,Dark Vileplume,13/82,1st Edition,PSA 10,2024-09-17,305.00,USD,eBay,unknown,FALSE,,,2000 Pokemon Team Rocket 1st Edition #13 Dark Vileplume Holo PSA 10 GEM MINT,https://www.ebay.es/itm/375639666020,PriceCharting
Team Rocket,Dark Vileplume,13/82,1st Edition,PSA 10,2024-09-16,350.00,USD,eBay,unknown,FALSE,,,Pokemon Dark Vileplume Team Rocket 1st Edition Holo Rare #13 PSA 10 Gem Mint,https://www.ebay.es/itm/286047445652,PriceCharting
Team Rocket,Dark Vileplume,13/82,1st Edition,PSA 10,2024-09-01,374.56,USD,eBay,unknown,FALSE,,,1st Edition Dark Vileplume Holo | 13/82 | PSA 10 | Team Rocket | Pokemon Card,https://www.ebay.es/itm/166936886905,PriceCharting
Team Rocket,Dark Vileplume,13/82,1st Edition,PSA 10,2024-08-28,385.00,USD,eBay,unknown,FALSE,,,2000 Pokemon Team Rocket 1st Edition #13 Dark Vileplume Holo PSA 10 GEM MINT,https://www.ebay.es/itm/387313986591,PriceCharting
Team Rocket,Dark Vileplume,13/82,1st Edition,PSA 10,2024-07-31,550.00,USD,eBay,unknown,FALSE,,,Dark Vileplume 1st Edition Holo Team Rocket Pokemon #13/82 PSA 10 13/82,https://www.ebay.es/itm/126525026300,PriceCharting
Team Rocket,Dark Vileplume,13/82,1st Edition,PSA 10,2024-06-14,399.99,USD,eBay,unknown,FALSE,,,Pokemon Dark Vileplume 1st Edition PSA 10 Gem Mint Holo Team Rocket 13/82,https://www.ebay.es/itm/226192046523,PriceCharting
Team Rocket,Dark Vileplume,13/82,1st Edition,PSA 10,2024-02-06,495.00,USD,eBay,unknown,FALSE,,,2000 Pokemon Team Rocket 1st Edition Holo Dark Vileplume PSA 10 GEM MINT #13/82 #13,https://www.ebay.es/itm/404236793698,PriceCharting
Team Rocket,Dark Vileplume,13/82,1st Edition,PSA 10,2023-12-27,449.99,USD,eBay,unknown,FALSE,,,2000 Pokemon Team Rocket 1st Edition 13 Dark Vileplume Holo PSA 10 Gem Mint WOTC #13,https://www.ebay.es/itm/276198617886,PriceCharting
Team Rocket,Dark Vileplume,13/82,Unlimited,PSA 8,2026-09-20,109.99,USD,eBay,unknown,FALSE,,,PSA 8 Dark Vileplume 13/82 Team Rocket Holo Pokémon Card - Swirl Bottom Right 13/82,https://www.ebay.es/itm/158288706783,PriceCharting
Team Rocket,Dark Vileplume,13/82,Unlimited,PSA 8,2026-09-15,85.00,USD,eBay,best offer,TRUE,,,2000 DARK VILEPLUME HOLO RARE TEAM ROCKET POKEMON TCG PSA 8 NM-MINT #13/82 13/82,https://www.ebay.es/itm/278160529335,PriceCharting
Team Rocket,Dark Vileplume,13/82,Unlimited,PSA 8,2026-09-15,90.00,USD,eBay,best offer,TRUE,,,2000 Pokemon Team Rocket Dark Vileplume 13/82 Rare Holo PSA 8 NM-MINT 13/82,https://www.ebay.es/itm/267756588340,PriceCharting
Team Rocket,Dark Vileplume,13/82,Unlimited,PSA 8,2026-09-10,75.00,USD,eBay,best offer,TRUE,,,Pokemon 2000 Dark Vileplume 13/82 Team Rocket Holo - Graded PSA 8 NM-MT 13/82,https://www.ebay.es/itm/336759293229,PriceCharting
Team Rocket,Dark Vileplume,13/82,Unlimited,PSA 8,2026-09-02,120.00,USD,eBay,unknown,FALSE,,,PSA 8 Dark Vileplume 13/82 Team Rocket Holo Pokémon Card - WITH SWIRL!! 13/82,https://www.ebay.es/itm/398344245117,PriceCharting
Team Rocket,Dark Vileplume,13/82,Unlimited,PSA 8,2026-07-11,72.00,USD,eBay,best offer,TRUE,,,2000 Dark Vileplume Holo 13/82 Pokemon Team Rocket PSA 8 NM-MT,https://www.ebay.es/itm/174845386561,PriceCharting
Team Rocket,Dark Vileplume,13/82,Unlimited,PSA 8,2026-07-11,67.00,USD,eBay,best offer,TRUE,,,Pokemon 2000 Team Rocket Dark Vileplume Holo Rare 13/82 PSA 8 Unlimited 13/82,https://www.ebay.es/itm/407062070356,PriceCharting
Team Rocket,Dark Vileplume,13/82,Unlimited,PSA 8,2026-06-29,80.00,USD,eBay,unknown,FALSE,,,Pokemon Team Rocket Dark Vileplume Holo Rare 13/82 PSA 8 NM-Mint 2000 Unlimited 13/82,https://www.ebay.es/itm/227397466719,PriceCharting
Team Rocket,Dark Vileplume,13/82,Unlimited,PSA 8,2026-04-25,64.99,USD,eBay,unknown,FALSE,,,2000 Pokemon Team Rocket Dark Vileplume Holo #13 PSA 8 - WOTC Vintage Swirl 13/82,https://www.ebay.es/itm/127690318077,PriceCharting
Team Rocket,Dark Vileplume,13/82,Unlimited,PSA 8,2026-04-14,81.00,USD,eBay,unknown,FALSE,,,2000 Pokemon Team Rocket Dark Vileplume Holo #13/82 PSA 8,https://www.ebay.es/itm/377098034896,PriceCharting
Team Rocket,Dark Vileplume,13/82,Unlimited,PSA 8,2026-04-06,76.00,USD,eBay,unknown,FALSE,,,2000 Pokemon Team Rocket Dark Vileplume Holo #13/82 PSA 8 New Grade Cert! 13/82,https://www.ebay.es/itm/198228667788,PriceCharting
Team Rocket,Dark Vileplume,13/82,Unlimited,PSA 8,2026-04-02,59.99,USD,eBay,unknown,FALSE,,,2000 Pokemon Team Rocket Dark Vileplume Holo #13/82 PSA 8,https://www.ebay.es/itm/157713322158,PriceCharting
Team Rocket,Dark Vileplume,13/82,Unlimited,PSA 8,2026-03-29,58.00,USD,eBay,unknown,FALSE,,,Pokémon Tcg Dark Vileplume Holo PSA 8 Team Rocket Pokémon 13/82 13/82,https://www.ebay.es/itm/377001484211,PriceCharting
Team Rocket,Dark Vileplume,13/82,Unlimited,PSA 9,2026-08-29,149.00,USD,eBay,unknown,FALSE,,,Pokemon Team Rocket Dark Vileplume #13 Holo PSA 9 13/82,https://www.ebay.es/itm/147533443324,PriceCharting
Team Rocket,Dark Vileplume,13/82,Unlimited,PSA 9,2026-06-19,130.00,USD,eBay,best offer,TRUE,,,Pokémon Team Rocket Dark Vileplume Holo Rare #13/82 PSA 9 2000 Unlimited 13/82,https://www.ebay.es/itm/236841726207,PriceCharting
Team Rocket,Dark Vileplume,13/82,Unlimited,PSA 9,2026-06-08,125.50,USD,eBay,unknown,FALSE,,,2000 POKEMON ROCKET #13 DARK VILEPLUME-HOLO PSA 9 #13,https://www.ebay.es/itm/157958856597,PriceCharting
Team Rocket,Dark Vileplume,13/82,Unlimited,PSA 9,2026-02-01,101.99,USD,eBay,unknown,FALSE,,,Pokemon TCG WOTC Team Rocket Dark Vileplume 13/82 Holo Rare SWIRL PSA 9 Mint! 13/82,https://www.ebay.es/itm/317676828660,PriceCharting
Team Rocket,Dark Vileplume,13/82,Unlimited,PSA 9,2025-12-12,109.03,USD,eBay,unknown,FALSE,,,Pokemon – Team Rocket – Dark Vileplume Holo - 2000 - 13/82 - PSA 9 – Mint,https://www.ebay.es/itm/177534314835,PriceCharting
Team Rocket,Dark Vileplume,13/82,Unlimited,PSA 9,2025-11-17,66.00,USD,eBay,unknown,FALSE,,,Pokemon Dark Vileplume Team Rocket Unlimited Holo Rare #13 PSA 9 Mint,https://www.ebay.es/itm/286921881226,PriceCharting
Team Rocket,Dark Vileplume,13/82,Unlimited,PSA 9,2025-08-16,75.00,USD,eBay,unknown,FALSE,,,WOTC Pokemon 2000 Team Rocket Dark Vileplume Holo PSA 9 Mint #13/82 13/82,https://www.ebay.es/itm/136165053413,PriceCharting
Team Rocket,Dark Vileplume,13/82,Unlimited,PSA 9,2025-06-01,59.99,USD,eBay,unknown,FALSE,,,2000 POKEMON TEAM ROCKET DARK VILEPLUME - HOLO #13/82 PSA 9 13/82,https://www.ebay.es/itm/157047092949,PriceCharting
Team Rocket,Dark Vileplume,13/82,Unlimited,PSA 9,2025-03-27,60.98,USD,eBay,unknown,FALSE,,,2000 POKEMON TEAM ROCKET DARK VILEPLUME - HOLO #13/82 PSA 9,https://www.ebay.es/itm/205365263006,PriceCharting
Team Rocket,Dark Vileplume,13/82,Unlimited,PSA 10,2026-06-15,1253.60,USD,eBay,unknown,FALSE,,,Pokemon Dark Vileplume Team Rocket Unlimited Holo Rare #13 PSA 10 Gem Mint,https://www.ebay.es/itm/287375954080,PriceCharting
Team Rocket,Dark Vileplume,13/82,Unlimited,PSA 10,2026-04-05,1650.25,USD,eBay,unknown,FALSE,,,Pokemon Cards - PSA 10 Dark Vileplume 13/82 - Team Rocket Holo - GEM MT - PSA10,https://www.ebay.es/itm/287211671350,PriceCharting
Team Rocket,Dark Vileplume,13/82,Unlimited,PSA 10,2024-07-21,293.00,USD,eBay,unknown,FALSE,,,2000 Pokemon Team Rocket DARK VILEPLUME HOLO #13 - PSA 10 GEM MINT 💎 LOW POP #13,https://www.ebay.es/itm/266907836102,PriceCharting
Team Rocket,Dark Vileplume,13/82,Unlimited,PSA 10,2024-05-01,597.00,USD,eBay,unknown,FALSE,,,2000 Pokemon Team Rocket DARK VILEPLUME HOLO #13 - PSA 10 GEM MINT 💎 LOW POP #13,https://www.ebay.es/itm/324766484702,PriceCharting
Team Rocket,Dark Weezing,14/82,1st Edition,PSA 8,2026-09-25,99.99,USD,eBay,unknown,FALSE,,,2000 POKEMON 1ST EDITION TEAM ROCKET DARK WEEZING HOLO #14 PSA 8 14/82,https://www.ebay.es/itm/198665411200,PriceCharting
Team Rocket,Dark Weezing,14/82,1st Edition,PSA 8,2026-09-25,99.99,USD,eBay,unknown,FALSE,,,2000 POKEMON 1ST EDITION TEAM ROCKET DARK WEEZING HOLO #14 PSA 8 14/82,https://www.ebay.es/itm/198552748487,PriceCharting
Team Rocket,Dark Weezing,14/82,1st Edition,PSA 8,2026-09-17,89.00,USD,eBay,unknown,FALSE,,,Pokemon Dark Weezing Holo Team Rocket 14 1st Edition PSA 8 #14,https://www.ebay.es/itm/267778150958,PriceCharting
Team Rocket,Dark Weezing,14/82,1st Edition,PSA 8,2026-09-13,102.50,USD,eBay,unknown,FALSE,,,Pokemon Dark Weezing Holo Team Rocket 14 1st Edition PSA 8 #14,https://www.ebay.es/itm/287565598202,PriceCharting
Team Rocket,Dark Weezing,14/82,1st Edition,PSA 8,2026-09-12,100.00,USD,eBay,best offer,TRUE,,,PSA 8 1st Edition Dark Weezing 2000 Pokemon Team Rocket Holo Rare 14/82 14/82,https://www.ebay.es/itm/168641540647,PriceCharting
Team Rocket,Dark Weezing,14/82,1st Edition,PSA 8,2026-09-02,125.95,USD,eBay,unknown,FALSE,,,Pokemon Team Rocket 1st Edition Dark Weezing 14/82 PSA 8,https://www.ebay.es/itm/336634467080,PriceCharting
Team Rocket,Dark Weezing,14/82,1st Edition,PSA 8,2026-08-30,99.00,USD,eBay,unknown,FALSE,,,Pokemon 2000 Team Rocket Dark Weezing 14/82 1st Edition Holo PSA 8 14/82,https://www.ebay.es/itm/287551313020,PriceCharting
Team Rocket,Dark Weezing,14/82,1st Edition,PSA 8,2026-08-25,80.00,USD,eBay,unknown,FALSE,,,2000 POKEMON 1ST EDITION TEAM ROCKET DARK WEEZING HOLO #14 PSA 8 14/82,https://www.ebay.es/itm/407154308462,PriceCharting
Team Rocket,Dark Weezing,14/82,1st Edition,PSA 8,2026-07-19,126.89,USD,eBay,unknown,FALSE,,,PSA 8 - Pokemon Card - Team Rocket 14/82 - DARK WEEZING *1st Edition* - NM-MT,https://www.ebay.es/itm/147401444201,PriceCharting
Team Rocket,Dark Weezing,14/82,1st Edition,PSA 8,2026-07-12,91.00,USD,eBay,unknown,FALSE,,,2000 Pokemon Team Rocket 1st Edition Dark Weezing Holo 14/82 PSA 8 NM-MT #14,https://www.ebay.es/itm/358757545466,PriceCharting
Team Rocket,Dark Weezing,14/82,1st Edition,PSA 8,2026-06-16,107.21,USD,eBay,best offer,TRUE,,,[PSA 8] Pokemon Dark Weezing 14/82 Team Rocket - Holo - 1st Edition,https://www.ebay.es/itm/236808399949,PriceCharting
Team Rocket,Dark Weezing,14/82,1st Edition,PSA 8,2026-06-14,104.99,USD,eBay,unknown,FALSE,,,Pokemon TCG Dark Weezing 14/82 Team Rocket 1st Edition Holo Rare PSA 8 #NNO,https://www.ebay.es/itm/377237877560,PriceCharting
Team Rocket,Dark Weezing,14/82,1st Edition,PSA 8,2026-05-26,100.00,USD,eBay,unknown,FALSE,,,Pokemon 1st Edition Team Rocket Dark Weezing Holo 8/82 - PSA 8 NM-MT 14/82,https://www.ebay.es/itm/800042747258,PriceCharting
Team Rocket,Dark Weezing,14/82,1st Edition,PSA 8,2026-04-30,100.00,USD,eBay,unknown,FALSE,,,[PSA 8] Pokemon Dark Weezing 14/82 Team Rocket - Holo - 1st Edition 14/82,https://www.ebay.es/itm/377143969066,PriceCharting
Team Rocket,Dark Weezing,14/82,1st Edition,PSA 9,2026-09-24,179.99,USD,eBay,unknown,FALSE,,,PSA 9 2000 POKEMON 1ST EDITION TEAM ROCKET DARK WEEZING HOLO #14 14/82,https://www.ebay.es/itm/227392014672,PriceCharting
Team Rocket,Dark Weezing,14/82,1st Edition,PSA 9,2026-09-18,198.68,USD,eBay,unknown,FALSE,,,PSA 9 MINT Pokemon Dark Weezing Team Rocket Holo 1st Edition 14/82,https://www.ebay.es/itm/198500284630,PriceCharting
Team Rocket,Dark Weezing,14/82,1st Edition,PSA 9,2026-09-13,150.00,USD,eBay,best offer,TRUE,,,2000 Pokemon Team Rocket 1st Ed. Dark Weezing HOLO #14 PSA 9 #6,https://www.ebay.es/itm/366663087212,PriceCharting
Team Rocket,Dark Weezing,14/82,1st Edition,PSA 9,2026-09-06,155.00,USD,eBay,unknown,FALSE,,,PSA 9 MINT Dark Weezing 14 Team Rocket 1st Edition Holo Pokemon Card #14,https://www.ebay.es/itm/147407894060,PriceCharting
Team Rocket,Dark Weezing,14/82,1st Edition,PSA 9,2026-08-30,194.45,USD,eBay,unknown,FALSE,,,2000 Pokémon Team Rocket 1st Edition 14/82 Dark Weezing Holo PSA 9 Big SWIRL 🌀 14/82,https://www.ebay.es/itm/188828530493,PriceCharting
Team Rocket,Dark Weezing,14/82,1st Edition,PSA 9,2026-08-25,135.79,USD,eBay,unknown,FALSE,,,2000 Pokemon Team Rocket First Edition Dark Weezing Rare Holo #14/82 PSA 9,https://www.ebay.es/itm/377432639593,PriceCharting
Team Rocket,Dark Weezing,14/82,1st Edition,PSA 9,2026-08-23,127.50,USD,eBay,unknown,FALSE,,,2000 Pokemon Team Rocket First Edition Dark Weezing #14/82 Holo PSA 9 14/82,https://www.ebay.es/itm/206484007214,PriceCharting
Team Rocket,Dark Weezing,14/82,1st Edition,PSA 9,2026-08-16,225.00,USD,eBay,unknown,FALSE,,,PSA 9 Dark Weezing 14/82 1st Edition Holo SWIRL Team Rocket Pokemon Card Graded #14,https://www.ebay.es/itm/327162223495,PriceCharting
Team Rocket,Dark Weezing,14/82,1st Edition,PSA 9,2026-08-02,199.00,USD,eBay,unknown,FALSE,,,2000 Pokemon Team Rocket 1st Edition #14 Dark Weezing - Holo PSA 9 MINT,https://www.ebay.es/itm/115056285077,PriceCharting
Team Rocket,Dark Weezing,14/82,1st Edition,PSA 9,2026-08-01,170.00,USD,eBay,unknown,FALSE,,,Dark Weezing Holo Team Rocket 1st Edition PSA 9 Pokemon WOTC 2000 Vintage 14/82,https://www.ebay.es/itm/287468313134,PriceCharting
Team Rocket,Dark Weezing,14/82,1st Edition,PSA 9,2026-07-28,159.99,USD,eBay,unknown,FALSE,,,2000 Pokemon Team Rocket Dark Weezing Holo 1st Edition 14/82 PSA 9 14/82,https://www.ebay.es/itm/117325773838,PriceCharting
Team Rocket,Dark Weezing,14/82,1st Edition,PSA 9,2026-07-27,171.50,USD,eBay,unknown,FALSE,,,Pokémon Team Rocket Dark Weezing 14/82 Holo Rare First Edition PSA 9 14/82,https://www.ebay.es/itm/358807465098,PriceCharting
Team Rocket,Dark Weezing,14/82,1st Edition,PSA 9,2026-07-23,115.00,USD,eBay,best offer,TRUE,,,Dark Weezing Holo Team Rocket 1st Edition PSA 9 Pokemon WOTC 2000 Vintage 14/82,https://www.ebay.es/itm/287470370243,PriceCharting
Team Rocket,Dark Weezing,14/82,1st Edition,PSA 9,2026-07-06,127.69,USD,eBay,unknown,FALSE,,,163740272 Dark Weezing 2000 Pokemon Team Rocket 1st Edition #14 Holo PSA 9 14/82,https://www.ebay.es/itm/158041619706,PriceCharting
Team Rocket,Dark Weezing,14/82,1st Edition,PSA 9,2026-07-05,175.00,USD,eBay,unknown,FALSE,,,Pokemon Dark Weezing Holo Team Rocket 14 1st Edition PSA 9 #14,https://www.ebay.es/itm/287424690052,PriceCharting
Team Rocket,Dark Weezing,14/82,1st Edition,PSA 9,2026-06-19,189.99,USD,eBay,unknown,FALSE,,,2000 Pokemon Team Rocket Dark Weezing 14/82 1st Edition Holo PSA 9 Mint 14/82,https://www.ebay.es/itm/158011524657,PriceCharting
Team Rocket,Dark Weezing,14/82,1st Edition,PSA 9,2026-06-17,155.00,USD,eBay,best offer,TRUE,,,Pokémon TCG Team Rocket Dark Weezing 14/82 1st Edition Holo PSA 9 (2000) 14/82,https://www.ebay.es/itm/407003146587,PriceCharting
Team Rocket,Dark Weezing,14/82,1st Edition,PSA 9,2026-06-14,157.50,USD,eBay,unknown,FALSE,,,Pokemon Dark Weezing Team Rocket 1st Edition Holo Rare #14 PSA 9 Mint,https://www.ebay.es/itm/287372420276,PriceCharting
Team Rocket,Dark Weezing,14/82,1st Edition,PSA 10,2026-09-24,1550.00,USD,eBay,unknown,FALSE,,,Pokemon Dark Weezing Holo 14 Team Rocket 1st Edition PSA 10 #14,https://www.ebay.es/itm/298462049491,PriceCharting
Team Rocket,Dark Weezing,14/82,1st Edition,PSA 10,2026-09-23,1275.00,USD,eBay,unknown,FALSE,,,Pokemon Dark Weezing Team Rocket 1st Edition Holo Rare #14 PSA 10 Gem Mint #14,https://www.ebay.es/itm/287232988592,PriceCharting
Team Rocket,Dark Weezing,14/82,1st Edition,PSA 10,2026-09-16,940.00,USD,eBay,unknown,FALSE,,,2000 Pokemon Team Rocket First Edition Dark Weezing Holo #14/82 PSA 10 GEM MINT,https://www.ebay.es/itm/377486738452,PriceCharting
Team Rocket,Dark Weezing,14/82,1st Edition,PSA 10,2026-08-26,900.00,USD,eBay,best offer,TRUE,,,PSA 10 2000 Pokemon Team Rocket Dark Weezing 14/82 Holo 1st Edition Holo 14/82,https://www.ebay.es/itm/407158019962,PriceCharting
Team Rocket,Dark Weezing,14/82,1st Edition,PSA 10,2026-08-07,510.00,USD,eBay,unknown,FALSE,,,Pokemon Dark Weezing Team Rocket 1st Edition Holo Rare #14 PSA 10 Gem Mint #14,https://www.ebay.es/itm/236975245334,PriceCharting
Team Rocket,Dark Weezing,14/82,1st Edition,PSA 10,2026-08-07,880.00,USD,eBay,unknown,FALSE,,,Dark Weezing 2000 Team Rocket #14 🔥 1st Edition HOLO PSA 10 🔥 Vintage Pokemon #14,https://www.ebay.es/itm/366569326240,PriceCharting
Team Rocket,Dark Weezing,14/82,1st Edition,PSA 10,2026-07-18,999.00,USD,eBay,best offer,TRUE,,,Pokemon TCG Team Rocket Dark Weezing Holo 1st Ed 14/82 2000 PSA 10 14/82,https://www.ebay.es/itm/178289366375,PriceCharting
Team Rocket,Dark Weezing,14/82,1st Edition,PSA 10,2026-06-26,850.00,USD,eBay,best offer,TRUE,,,Pokemon Team Rocket Dark Weezing 14/82 1st Edition Holo PSA 10 (2000) 14/82,https://www.ebay.es/itm/318345282739,PriceCharting
Team Rocket,Dark Weezing,14/82,1st Edition,PSA 10,2026-06-22,865.00,USD,eBay,unknown,FALSE,,,Dark Weezing 2000 Team Rocket #14 🔥 1st Edition HOLO PSA 10 🔥 Vintage Pokemon #14,https://www.ebay.es/itm/366479768591,PriceCharting
Team Rocket,Dark Weezing,14/82,1st Edition,PSA 10,2026-06-18,905.00,USD,eBay,unknown,FALSE,,,Pokemon Team Rocket Dark Weezing 14/82 1st Edition Holo PSA 10 (2000) 14/82,https://www.ebay.es/itm/358595278718,PriceCharting
Team Rocket,Dark Weezing,14/82,1st Edition,PSA 10,2026-06-02,897.50,USD,eBay,best offer,TRUE,,,Pokemon PSA 10 Team Rocket First Edition Dark Weezing Holo #14/82 2000 GEM MINT,https://www.ebay.es/itm/257509792041,PriceCharting
Team Rocket,Dark Weezing,14/82,1st Edition,PSA 10,2026-05-17,1174.13,USD,eBay,unknown,FALSE,,,DARK WEEZING HOLO 1ST EDITION POKEMON 14/82 2000 TEAM ROCKET HOLO ENGLISH PSA 10,https://www.ebay.es/itm/137283521652,PriceCharting
Team Rocket,Dark Weezing,14/82,1st Edition,PSA 10,2026-05-03,1199.99,USD,eBay,unknown,FALSE,,,PSA 10 GEM MINT Dark Weezing 14/82 HOLO Team Rocket 1ST EDITION Pokemon Card,https://www.ebay.es/itm/267621881645,PriceCharting
Team Rocket,Dark Weezing,14/82,1st Edition,PSA 10,2026-04-28,1026.00,USD,eBay,unknown,FALSE,,,2000 Pokemon Team Rocket First Edition Dark Weezing Holo #14/82 PSA 10 GEM MINT,https://www.ebay.es/itm/127824412034,PriceCharting
Team Rocket,Dark Weezing,14/82,1st Edition,PSA 10,2026-04-20,838.88,USD,eBay,unknown,FALSE,,,Pokemon Dark Weezing Team Rocket 1st Edition Holo Rare #14 PSA 10 Gem Mint 14/82,https://www.ebay.es/itm/157829557440,PriceCharting
Team Rocket,Dark Weezing,14/82,1st Edition,PSA 10,2026-04-12,828.46,USD,eBay,unknown,FALSE,,,Pokemon Dark Weezing Team Rocket 1st Edition Holo Rare #14 PSA 10 Gem Mint,https://www.ebay.es/itm/287251627091,PriceCharting
Team Rocket,Dark Weezing,14/82,1st Edition,PSA 10,2026-04-12,860.00,USD,eBay,unknown,FALSE,,,Pokemon Dark Weezing Team Rocket 1st Edition Holo Rare #14 PSA 10 Gem Mint,https://www.ebay.es/itm/287251599692,PriceCharting
Team Rocket,Dark Weezing,14/82,1st Edition,PSA 10,2026-04-08,859.95,USD,eBay,unknown,FALSE,,,DARK WEEZING PSA 10 2000 POKEMON TEAM ROCKET 1ST FIRST EDITION #14/82 HOLO 6362 14/82,https://www.ebay.es/itm/178028132023,PriceCharting
Team Rocket,Dark Weezing,14/82,1st Edition,PSA 10,2026-04-07,1100.00,USD,eBay,best offer,TRUE,,,Pokemon PSA 10 1st Edition Team Rocket Dark Weezing Holo Rare 14/82 GEM MINT 14/82,https://www.ebay.es/itm/157792166793,PriceCharting
Team Rocket,Dark Weezing,14/82,1st Edition,PSA 10,2026-04-06,840.00,USD,eBay,unknown,FALSE,,,Pokemon Dark Weezing Team Rocket 1st Edition Holo Rare #14 PSA 10 Gem Mint 14/82,https://www.ebay.es/itm/157791390531,PriceCharting
Team Rocket,Dark Weezing,14/82,1st Edition,PSA 10,2026-03-22,1575.00,USD,eBay,unknown,FALSE,,,Pokemon Dark Weezing Team Rocket 1st Edition Holo Rare #14 PSA 10 Gem Mint,https://www.ebay.es/itm/287198018766,PriceCharting
Team Rocket,Dark Weezing,14/82,1st Edition,PSA 10,2026-03-20,1000.00,USD,eBay,unknown,FALSE,,,Pokémon 2000 Team Rocket Dark Weezing 1st Edition Holo Rare 14/82 PSA 10 English 14/82,https://www.ebay.es/itm/406787259484,PriceCharting
Team Rocket,Dark Weezing,14/82,1st Edition,PSA 10,2026-03-09,850.00,USD,eBay,unknown,FALSE,,,Pokemon Dark Weezing Team Rocket 1st Edition Holo Rare #14 PSA 10 Gem Mint,https://www.ebay.es/itm/287167054782,PriceCharting
Team Rocket,Dark Weezing,14/82,1st Edition,PSA 10,2026-03-04,825.00,USD,eBay,best offer,TRUE,,,Pokémon Dark Weezing 14/82 Team Rocket 1st Edition Holo PSA 10 14/82,https://www.ebay.es/itm/358271007967,PriceCharting
Team Rocket,Dark Weezing,14/82,1st Edition,PSA 10,2026-02-13,860.02,USD,eBay,unknown,FALSE,,,Pokémon Team Rocket Dark Weezing 14/82 Holo 1st Edition PSA 10 English 14/82,https://www.ebay.es/itm/336424064253,PriceCharting
Team Rocket,Dark Weezing,14/82,1st Edition,PSA 10,2026-01-21,610.00,USD,eBay,unknown,FALSE,,,2000 POKEMON ROCKET 1ST EDITION #14 DARK WEEZING-HOLO PSA 10 #14,https://www.ebay.es/itm/306707866028,PriceCharting
Team Rocket,Dark Weezing,14/82,1st Edition,PSA 10,2026-01-14,830.00,USD,eBay,best offer,TRUE,,,Pokemon Team Rocket 1st edition Dark Weezing Holo PSA 10,https://www.ebay.es/itm/358113358939,PriceCharting
Team Rocket,Dark Weezing,14/82,Unlimited,PSA 8,2026-09-04,54.99,USD,eBay,unknown,FALSE,,,2000 POKEMON TEAM ROCKET Trading Card DARK WEEZING -HOLO 14/82 graded slab PSA 8 14/82,https://www.ebay.es/itm/206058695386,PriceCharting
Team Rocket,Dark Weezing,14/82,Unlimited,PSA 8,2026-09-04,58.00,USD,eBay,unknown,FALSE,,,2000 Pokemon Team Rocket Dark Weezing 14/82 Rare Holo PSA 8 NM-MINT 14/82,https://www.ebay.es/itm/267756587437,PriceCharting
Team Rocket,Dark Weezing,14/82,Unlimited,PSA 8,2026-08-14,46.00,USD,eBay,unknown,FALSE,,,2000 Pokemon Dark Weezing 14/82 Team Rocket Holo PSA 8 NM - MT Vintage CLEAN 14/82,https://www.ebay.es/itm/158162045276,PriceCharting
Team Rocket,Dark Weezing,14/82,Unlimited,PSA 8,2026-08-13,50.05,USD,eBay,unknown,FALSE,,,SWIRL 2000 Pokémon Team Rocket Dark Weezing Holo PSA 8 14/82,https://www.ebay.es/itm/127930990399,PriceCharting
Team Rocket,Dark Weezing,14/82,Unlimited,PSA 8,2026-08-10,38.00,USD,eBay,unknown,FALSE,,,PSA 8 2000 Pokemon Team Rocket Dark Weezing 14/82 Holo Rare English 60HP 14/82,https://www.ebay.es/itm/318657207197,PriceCharting
Team Rocket,Dark Weezing,14/82,Unlimited,PSA 8,2026-07-29,40.00,USD,eBay,best offer,TRUE,,,2000 Pokemon Dark Weezing 14/82 Team Rocket Holo PSA 8 14/82,https://www.ebay.es/itm/137124842035,PriceCharting
Team Rocket,Dark Weezing,14/82,Unlimited,PSA 8,2026-07-27,40.00,USD,eBay,unknown,FALSE,,,Pokemon 2000 Dark Weezing 14/82 Holo Team Rocket PSA 8 14/82,https://www.ebay.es/itm/257640512595,PriceCharting
Team Rocket,Dark Weezing,14/82,Unlimited,PSA 8,2026-07-23,48.36,USD,eBay,best offer,TRUE,,,PSA 8 Dark Weezing 14/82 Team Rocket Holo Pokemon TCG 14/82,https://www.ebay.es/itm/188679382919,PriceCharting
Team Rocket,Dark Weezing,14/82,Unlimited,PSA 8,2026-07-18,38.90,USD,eBay,unknown,FALSE,,,Pokemon 2000 Dark Weezing 14/82 Holo Team Rocket PSA 8 14/82,https://www.ebay.es/itm/407064532670,PriceCharting
Team Rocket,Dark Weezing,14/82,Unlimited,PSA 8,2026-07-02,45.00,USD,eBay,best offer,TRUE,,,2000 Pokemon Team Rocket Dark Weezing Holo #14 PSA 8 NM-MT WOTC 14/82,https://www.ebay.es/itm/278088911987,PriceCharting
Team Rocket,Dark Weezing,14/82,Unlimited,PSA 8,2026-06-18,35.00,USD,eBay,best offer,TRUE,,,2000 DARK WEEZING HOLO RARE TEAM ROCKET POKEMON TCG PSA 8 NEAR MINT-MINT #14/82 #14,https://www.ebay.es/itm/276387606928,PriceCharting
Team Rocket,Dark Weezing,14/82,Unlimited,PSA 8,2026-06-17,55.00,USD,eBay,unknown,FALSE,,,2000 Pokemon Dark Weezing 14/82 Team Rocket Holo PSA 8 14/82,https://www.ebay.es/itm/127867092297,PriceCharting
Team Rocket,Dark Weezing,14/82,Unlimited,PSA 8,2026-06-16,43.18,USD,eBay,unknown,FALSE,,,Pokemon TCG Dark Weezing 14/82 Team Rocket Holo PSA 8 WOTC Card 14/82,https://www.ebay.es/itm/398072845307,PriceCharting
Team Rocket,Dark Weezing,14/82,Unlimited,PSA 8,2026-06-10,45.00,USD,eBay,unknown,FALSE,,,2000 Pokémon Team Rocket Dark Weezing Holo PSA 8 14/82,https://www.ebay.es/itm/377161030273,PriceCharting
Team Rocket,Dark Weezing,14/82,Unlimited,PSA 8,2026-06-10,38.00,USD,eBay,unknown,FALSE,,,Pokémon TCG Dark Weezing Team Rocket Holo Rare PSA 8 14/82 2000 Unlimited 14/82,https://www.ebay.es/itm/178076049773,PriceCharting
Team Rocket,Dark Weezing,14/82,Unlimited,PSA 8,2026-05-31,43.14,USD,eBay,unknown,FALSE,,,Pokemon TCG Dark Weezing 14/82 Team Rocket Holo PSA 8 WOTC Card 14/82,https://www.ebay.es/itm/366423893980,PriceCharting
Team Rocket,Dark Weezing,14/82,Unlimited,PSA 9,2026-07-09,80.00,USD,eBay,best offer,TRUE,,,PSA 9 DARK WEEZING 14/82 Holo Rare Team Rocket 2000 - Pokemon Card WOTC 14/82,https://www.ebay.es/itm/377206003608,PriceCharting
Team Rocket,Dark Weezing,14/82,Unlimited,PSA 9,2026-07-07,75.00,USD,eBay,unknown,FALSE,,,2000 POKEMON TEAM ROCKET #14 DARK WEEZING-HOLO PSA 9 MINT 14/82,https://www.ebay.es/itm/187646765248,PriceCharting
Team Rocket,Dark Weezing,14/82,Unlimited,PSA 9,2026-06-29,74.99,USD,eBay,unknown,FALSE,,,2000 POKEMON TCG TEAM ROCKET DARK WEEZING HOLO RARE #14/82 PSA 9 EN 14/82,https://www.ebay.es/itm/227365509245,PriceCharting
Team Rocket,Dark Weezing,14/82,Unlimited,PSA 9,2026-06-29,80.00,USD,eBay,unknown,FALSE,,,Pokémon Dark Weezing Team Rocket 14/82 Holo Rare PSA 9 Graded 2000 14/82,https://www.ebay.es/itm/188299808823,PriceCharting
Team Rocket,Dark Weezing,14/82,Unlimited,PSA 9,2026-06-29,70.00,USD,eBay,unknown,FALSE,,,Pokemon 2000 Team Rocket Dark Weezing 14/82 Holo Rare English PSA 9 14/82,https://www.ebay.es/itm/398100763998,PriceCharting
Team Rocket,Dark Weezing,14/82,Unlimited,PSA 9,2026-06-20,57.00,USD,eBay,unknown,FALSE,,,Pokemon TCG - Dark Weezing 14/82 - Team Rocket Holo - PSA 9 - Vintage WOtC 14/82,https://www.ebay.es/itm/318450853965,PriceCharting
Team Rocket,Dark Weezing,14/82,Unlimited,PSA 9,2026-06-19,74.99,USD,eBay,unknown,FALSE,,,PSA 9 2000 POKEMON TEAM ROCKET UNLIMITED DARK WEEZING HOLO #14 14/82,https://www.ebay.es/itm/227392116180,PriceCharting
Team Rocket,Dark Weezing,14/82,Unlimited,PSA 9,2026-05-30,79.99,USD,eBay,unknown,FALSE,,,Dark Weezing Holo PSA 9 - 2000 Pokémon Team Rocket #14 14/82,https://www.ebay.es/itm/366377896620,PriceCharting
Team Rocket,Dark Weezing,14/82,Unlimited,PSA 9,2026-05-26,81.02,USD,eBay,unknown,FALSE,,,PSA 9 Dark Weezing Team Rocket Holo Rare Pokémon TCG 14/82,https://www.ebay.es/itm/327165574794,PriceCharting
Team Rocket,Dark Weezing,14/82,Unlimited,PSA 9,2026-05-25,73.10,USD,eBay,best offer,TRUE,,,Pokemon Dark Weezing 14/82 Holo Team Rocket PSA 9 Unlimited WOTC good sub grades 14/82,https://www.ebay.es/itm/178162143357,PriceCharting
Team Rocket,Dark Weezing,14/82,Unlimited,PSA 9,2026-05-10,86.00,USD,eBay,unknown,FALSE,,,Pokemon Dark Weezing Team Rocket Unlimited Holo Rare #14 PSA 9 Mint,https://www.ebay.es/itm/287301492323,PriceCharting
Team Rocket,Dark Weezing,14/82,Unlimited,PSA 9,2026-04-19,65.00,USD,eBay,best offer,TRUE,,,2000 POKEMON TEAM ROCKET #14 DARK WEEZING-HOLO PSA 9 MINT 14/82,https://www.ebay.es/itm/366333301886,PriceCharting
Team Rocket,Dark Weezing,14/82,Unlimited,PSA 9,2026-04-13,64.99,USD,eBay,unknown,FALSE,,,2000 POKEMON TEAM ROCKET #14 DARK WEEZING-HOLO PSA 9 MINT 14/82,https://www.ebay.es/itm/157713322458,PriceCharting
Team Rocket,Dark Weezing,14/82,Unlimited,PSA 9,2026-04-06,75.00,USD,eBay,best offer,TRUE,,,Pokémon TCG Dark Weezing Holo Rare Card Team Rocket 14/82 2000 Unlimited PSA 9 14/82,https://www.ebay.es/itm/306863750709,PriceCharting
Team Rocket,Dark Weezing,14/82,Unlimited,PSA 9,2026-04-05,56.00,USD,eBay,unknown,FALSE,,,Dark Weezing HOLO - PSA 9 - Pokemon Team Rocket 14/82 2000 MINT 14/82,https://www.ebay.es/itm/117115488219,PriceCharting
Team Rocket,Dark Weezing,14/82,Unlimited,PSA 9,2026-04-03,79.99,USD,eBay,unknown,FALSE,,,2000 Pokemon Team Rocket Dark Weezing Holo #14/82 PSA 9 14/82,https://www.ebay.es/itm/205955764443,PriceCharting
Team Rocket,Dark Weezing,14/82,Unlimited,PSA 9,2026-03-22,77.90,USD,eBay,unknown,FALSE,,,PSA 9 Dark Weezing Pokemon Card Holo WOTC 14/82 Team Rocket Rare Vintage 2000 14/82,https://www.ebay.es/itm/156957852417,PriceCharting
Team Rocket,Dark Weezing,14/82,Unlimited,PSA 9,2026-03-17,50.00,USD,eBay,best offer,TRUE,,,Dark Weezing HOLO - PSA 9 - Pokemon Team Rocket 14/82 14/82,https://www.ebay.es/itm/317976185038,PriceCharting
Team Rocket,Dark Weezing,14/82,Unlimited,PSA 9,2026-03-08,50.00,USD,eBay,unknown,FALSE,,,Dark Weezing HOLO - PSA 9 - Pokemon Team Rocket 14/82 14/82,https://www.ebay.es/itm/177911146631,PriceCharting
Team Rocket,Dark Weezing,14/82,Unlimited,PSA 9,2026-03-03,63.84,USD,eBay,best offer,TRUE,,,PSA 9 DARK WEEZING 14/82 Holo Rare Team Rocket 2000 - Pokemon Card WOTC 14/82,https://www.ebay.es/itm/203243961900,PriceCharting
Team Rocket,Dark Weezing,14/82,Unlimited,PSA 10,2026-03-09,379.47,USD,eBay,unknown,FALSE,,,PSA 10 Dark Weezing Pokemon TCG 14/82 Holo 14 Rare Team Rocket #14 2000 Pop 169 14/82,https://www.ebay.es/itm/389720523736,PriceCharting
Team Rocket,Dark Weezing,14/82,Unlimited,PSA 10,2026-01-09,250.00,USD,eBay,unknown,FALSE,,,PSA 10 GEM MINT Pokemon DARK WEEZING Holo Rare Team Rocket 14/82 Unlimited 14/82,https://www.ebay.es/itm/297691859070,PriceCharting
Team Rocket,Dark Weezing,14/82,Unlimited,PSA 10,2025-12-28,249.00,USD,eBay,unknown,FALSE,,,PSA 10 GEM MINT Pokemon DARK WEEZING Holo Rare Team Rocket 14/82 Unlimited WOTC 14/82,https://www.ebay.es/itm/376793829204,PriceCharting
Team Rocket,Dark Weezing,14/82,Unlimited,PSA 10,2025-12-13,251.50,USD,eBay,unknown,FALSE,,,PSA 10 GEM MINT Pokemon DARK WEEZING Holo Rare Team Rocket 14/82 Unlimited 14/82,https://www.ebay.es/itm/376755755914,PriceCharting
Team Rocket,Dark Weezing,14/82,Unlimited,PSA 10,2025-08-31,223.50,USD,eBay,unknown,FALSE,,,Pokemon Dark Weezing Team Rocket Unlimited Holo Rare #14 PSA 10 Gem Mint,https://www.ebay.es/itm/286776307863,PriceCharting
Team Rocket,Dark Weezing,14/82,Unlimited,PSA 10,2025-08-25,165.50,USD,eBay,unknown,FALSE,,,Pokemon Dark Weezing Team Rocket Unlimited Holo Rare #14 PSA 10 Gem Mint,https://www.ebay.es/itm/286766446554,PriceCharting
Team Rocket,Dark Weezing,14/82,Unlimited,PSA 10,2025-06-14,149.97,USD,eBay,unknown,FALSE,,,Dark Weezing Team Rocket 14/82 Holo Pokemon Card 2000 PSA 10 GEM MINT 14/82,https://www.ebay.es/itm/236122817527,PriceCharting
Team Rocket,Dark Weezing,14/82,Unlimited,PSA 10,2025-05-21,154.00,USD,eBay,unknown,FALSE,,,Dark Weezing PSA 10 Pokemon 2000 WOTC Team Rocket 14/82 Holo Swirl Low POP 162! #162,https://www.ebay.es/itm/187059556296,PriceCharting
Team Rocket,Dark Weezing,14/82,Unlimited,PSA 10,2025-03-12,125.00,USD,eBay,unknown,FALSE,,,Dark Weezing 14/82 Team Rocket PSA 10 GEM MINT Holo SWIRL Vintage Rare Pokémon 14/82,https://www.ebay.es/itm/167370828032,PriceCharting
Team Rocket,Dark Weezing,14/82,Unlimited,PSA 10,2025-03-02,86.00,USD,eBay,unknown,FALSE,,,PSA 10 GEM MINT Pokemon DARK WEEZING Holo Rare Team Rocket 14/82 Unlimited 14/82,https://www.ebay.es/itm/116492430080,PriceCharting
Team Rocket,Dark Weezing,14/82,Unlimited,PSA 10,2024-09-01,125.00,USD,eBay,unknown,FALSE,,,Dark Weezing Team Rocket PSA 10 GEM MINT 💎 14/82 Holo Rare SWIRL - Pokemon Card 14/82,https://www.ebay.es/itm/186653420621,PriceCharting
Team Rocket,Dark Weezing,14/82,Unlimited,PSA 10,2024-07-30,125.00,USD,Fanatics,unknown,FALSE,,,2000 Pokemon Team Rocket Holo Dark Weezing #14 PSA 10 GEM MINT,,PriceCharting
Team Rocket,Dark Weezing,14/82,Unlimited,PSA 10,2024-06-09,110.00,USD,eBay,unknown,FALSE,,,PSA 10 2000 Dark Weezing Holo 14/82 Team Rocket Pokemon GEM MINT 14/82,https://www.ebay.es/itm/126504113324,PriceCharting
Team Rocket,Dark Weezing,14/82,Unlimited,PSA 10,2024-05-01,149.99,USD,eBay,unknown,FALSE,,,PSA 10 2000 Dark Weezing Holo 14/82 Team Rocket Pokemon GEM MINT,https://www.ebay.es/itm/204228866913,PriceCharting
Team Rocket,Dark Weezing,14/82,Unlimited,PSA 10,2024-04-28,74.23,USD,eBay,unknown,FALSE,,,PSA 10 Dark Weezing (Swirl) #14 Team Rocket 2000 Pokémon TCG,https://www.ebay.es/itm/166725419132,PriceCharting
Team Rocket,Dark Weezing,14/82,Unlimited,PSA 10,2024-04-25,105.00,USD,eBay,unknown,FALSE,,,2000 DARK WEEZING HOLO RARE TEAM ROCKET POKEMON TCG PSA 10 GEM MINT #14/82 #14,https://www.ebay.es/itm/276435844312,PriceCharting
Team Rocket,Dark Weezing,14/82,Unlimited,PSA 10,2024-03-03,71.00,USD,eBay,unknown,FALSE,,,PSA 10 Dark Weezing Holo Rare Team Rocket 2000 Pokemon Card #14,https://www.ebay.es/itm/315184367628,PriceCharting
Team Rocket,Dark Weezing,14/82,Unlimited,PSA 10,2023-11-11,125.00,USD,eBay,unknown,FALSE,,,Pokemon TCG WOTC Team Rocket Dark Weezing Holo #14 PSA 10 #14,https://www.ebay.es/itm/275914969034,PriceCharting
Team Rocket,Here Comes Team Rocket!,15/82,1st Edition,PSA 8,2026-09-14,75.00,USD,eBay,best offer,TRUE,,,2000 Pokemon Rocket Here Comes Team Rocket! 1st Edition Holo 15/82 PSA 8 15/82,https://www.ebay.es/itm/117392096780,PriceCharting
Team Rocket,Here Comes Team Rocket!,15/82,1st Edition,PSA 8,2026-08-30,92.00,USD,eBay,unknown,FALSE,,,2000 POKEMON ROCKET 1ST EDITION #15 HERE COMES TEAM ROCKET!-HOLO PSA 8 #15,https://www.ebay.es/itm/117366561663,PriceCharting
Team Rocket,Here Comes Team Rocket!,15/82,1st Edition,PSA 8,2026-08-14,83.99,USD,eBay,unknown,FALSE,,,2000 Pokemon Team Rocket First Edition Here Comes Rocket! #15/82 PSA 8,https://www.ebay.es/itm/377404112657,PriceCharting
Team Rocket,Here Comes Team Rocket!,15/82,1st Edition,PSA 8,2026-08-14,60.00,USD,eBay,unknown,FALSE,,,Pokemon 1st Edition Here Comes Team Rocket Holo 2000 PSA 8 15/82,https://www.ebay.es/itm/407125635804,PriceCharting
Team Rocket,Here Comes Team Rocket!,15/82,1st Edition,PSA 8,2026-08-06,105.00,USD,eBay,best offer,TRUE,,,2000 POKEMON ROCKET 1ST EDITION #15 HERE COMES TEAM ROCKET!-HOLO PSA 8 15/82,https://www.ebay.es/itm/377367654932,PriceCharting
Team Rocket,Here Comes Team Rocket!,15/82,1st Edition,PSA 8,2026-07-27,104.95,USD,eBay,unknown,FALSE,,,2000 Pokemon Rocket Here Comes Team Rocket! 1st edition Holo 15/82 PSA 8,https://www.ebay.es/itm/198466431280,PriceCharting
Team Rocket,Here Comes Team Rocket!,15/82,1st Edition,PSA 8,2026-07-20,115.00,USD,eBay,unknown,FALSE,,,2000 POKEMON ROCKET 1ST EDITION #15 HERE COMES TEAM ROCKET!-HOLO PSA 8 #15,https://www.ebay.es/itm/377300994550,PriceCharting
Team Rocket,Here Comes Team Rocket!,15/82,1st Edition,PSA 8,2026-07-17,52.51,USD,eBay,unknown,FALSE,,,2000 Pokemon Team Rocket First Edition Here Comes Rocket! #15/82 PSA 8,https://www.ebay.es/itm/127969704557,PriceCharting
Team Rocket,Here Comes Team Rocket!,15/82,1st Edition,PSA 8,2026-07-14,65.00,USD,eBay,unknown,FALSE,,,2000 Pokemon Rocket Here Comes Team Rocket 1st Edition Holo Psa 8 15/82,https://www.ebay.es/itm/318555064945,PriceCharting
Team Rocket,Here Comes Team Rocket!,15/82,1st Edition,PSA 8,2026-07-09,89.00,USD,eBay,unknown,FALSE,,,2000 POKEMON ROCKET 1ST EDITION #15 HERE COMES TEAM ROCKET!-HOLO PSA 8 #15,https://www.ebay.es/itm/298468033366,PriceCharting
Team Rocket,Here Comes Team Rocket!,15/82,1st Edition,PSA 8,2026-06-18,88.00,USD,eBay,unknown,FALSE,,,HERE COMES TEAM ROCKET 2000 POKEMON TEAM ROCKET #15 1ST ED HOLO PSA 8 Q3963 #15,https://www.ebay.es/itm/278074985660,PriceCharting
Team Rocket,Here Comes Team Rocket!,15/82,1st Edition,PSA 8,2026-06-09,100.00,USD,eBay,best offer,TRUE,,,2000 POKEMON ROCKET 1ST ED #15 HERE COMES TEAM ROCKET!-HOLO PSA 8 #15,https://www.ebay.es/itm/116915198931,PriceCharting
Team Rocket,Here Comes Team Rocket!,15/82,1st Edition,PSA 8,2026-05-30,100.00,USD,eBay,unknown,FALSE,,,Pokemon 1st Edition Team Rocket Here Comes Team Rocket Holo 15/82 - PSA 8 NM-MT 15/82,https://www.ebay.es/itm/800042766645,PriceCharting
Team Rocket,Here Comes Team Rocket!,15/82,1st Edition,PSA 8,2026-05-10,100.00,USD,eBay,unknown,FALSE,,,2000 POKEMON ROCKET 1ST EDITION #15 HERE COMES TEAM ROCKET!-HOLO PSA 8,https://www.ebay.es/itm/336489582713,PriceCharting
Team Rocket,Here Comes Team Rocket!,15/82,1st Edition,PSA 8,2026-05-02,115.00,USD,eBay,unknown,FALSE,,,2000 POKEMON ROCKET 1ST EDITION #15 HERE COMES TEAM ROCKET!-HOLO PSA 8 #15,https://www.ebay.es/itm/306883414778,PriceCharting
Team Rocket,Here Comes Team Rocket!,15/82,1st Edition,PSA 8,2026-04-28,99.95,USD,eBay,unknown,FALSE,,,2000 Pokemon 1st Edition Here Comes Team Rocket! Holo #15 PSA 8 Graded Card 15/82,https://www.ebay.es/itm/297549096403,PriceCharting
Team Rocket,Here Comes Team Rocket!,15/82,1st Edition,PSA 8,2026-04-26,104.99,USD,eBay,unknown,FALSE,,,2000 Pokemon Rocket HERE COMES TEAM ROCKET! HOLO 1st Edition 15/82 PSA 8 NM-MT 15/82,https://www.ebay.es/itm/306716518925,PriceCharting
Team Rocket,Here Comes Team Rocket!,15/82,1st Edition,PSA 8,2026-04-25,95.00,USD,eBay,unknown,FALSE,,,Here Comes Team Rocket! Holo 15/82 PSA 8 - 2000 Pokemon 1st Edition 15/82,https://www.ebay.es/itm/366360844130,PriceCharting
Team Rocket,Here Comes Team Rocket!,15/82,1st Edition,PSA 8,2026-04-19,90.00,USD,eBay,unknown,FALSE,,,Pokémon Here Comes Team Rocket! Team Rocket 1st Edition Holo PSA 8 #15/82 15/82,https://www.ebay.es/itm/358338631962,PriceCharting
Team Rocket,Here Comes Team Rocket!,15/82,1st Edition,PSA 9,2026-09-23,110.00,USD,eBay,best offer,TRUE,,,2000 Pokemon Team Rocket Here Comes Team Rocket! 1st Ed Holo 15/82 PSA 9 15/82,https://www.ebay.es/itm/398096426608,PriceCharting
Team Rocket,Here Comes Team Rocket!,15/82,1st Edition,PSA 9,2026-09-21,128.50,USD,eBay,unknown,FALSE,,,Pokemon Here Comes Team Rocket! Holo Team Rocket #15 1st Edition PSA 9 Mint #15,https://www.ebay.es/itm/188930086400,PriceCharting
Team Rocket,Here Comes Team Rocket!,15/82,1st Edition,PSA 9,2026-09-15,125.00,USD,eBay,best offer,TRUE,,,Pokemon TCG Team Rocket Here Comes Team Rocket! 1st Ed Holo 15/82 PSA 9 15/82,https://www.ebay.es/itm/318820939135,PriceCharting
Team Rocket,Here Comes Team Rocket!,15/82,1st Edition,PSA 9,2026-09-11,121.99,USD,eBay,unknown,FALSE,,,2000 Pokemon 1st Edition Here Comes Team Rocket Holo PSA 9 15/82,https://www.ebay.es/itm/820103239900,PriceCharting
Team Rocket,Here Comes Team Rocket!,15/82,1st Edition,PSA 9,2026-08-31,155.00,USD,eBay,best offer,TRUE,,,2000 Pokemon Rocket Here Comes Team Rocket! 15/82 1st Edition Holo PSA 9 Mint 15/82,https://www.ebay.es/itm/327316453684,PriceCharting
Team Rocket,Here Comes Team Rocket!,15/82,1st Edition,PSA 9,2026-08-31,130.50,USD,eBay,unknown,FALSE,,,Pokemon Here Comes Team Rocket! Holo Team Rocket 15/82 1st Edition PSA 9 Mint 15/82,https://www.ebay.es/itm/287538830715,PriceCharting
Team Rocket,Here Comes Team Rocket!,15/82,1st Edition,PSA 9,2026-08-30,164.51,USD,eBay,unknown,FALSE,,,2000 Pokémon Team Rocket 1st Edition 15/82 Here Comes Team Rocket! Holo PSA 9 15/82,https://www.ebay.es/itm/188828534160,PriceCharting
Team Rocket,Here Comes Team Rocket!,15/82,1st Edition,PSA 9,2026-08-16,155.50,USD,eBay,unknown,FALSE,,,Pokemon Here Comes Team Rocket! Holo Team Rocket 15 1st Edition PSA 9 Mint #15,https://www.ebay.es/itm/287511098731,PriceCharting
Team Rocket,Here Comes Team Rocket!,15/82,1st Edition,PSA 9,2026-08-16,152.50,USD,eBay,unknown,FALSE,,,Pokemon Here Comes Team Rocket! Holo Team Rocket 15/82 1st Edition PSA 9 Mint 15/82,https://www.ebay.es/itm/287511099218,PriceCharting
Team Rocket,Here Comes Team Rocket!,15/82,1st Edition,PSA 9,2026-08-12,150.00,USD,eBay,best offer,TRUE,,,2000 POKEMON TEAM ROCKET #15 HERE COMES TEAM ROCKET! 1ST EDITION HOLO PSA 9 15/82,https://www.ebay.es/itm/800468408288,PriceCharting
Team Rocket,Here Comes Team Rocket!,15/82,1st Edition,PSA 9,2026-08-10,208.95,USD,eBay,unknown,FALSE,,,PSA 9 MINT Pokemon Here Comes Team Rocket! Team Rocket Holo 1st Edition 15/82,https://www.ebay.es/itm/198500284554,PriceCharting
Team Rocket,Here Comes Team Rocket!,15/82,1st Edition,PSA 9,2026-07-25,150.00,USD,eBay,best offer,TRUE,,,Pokemon TCG Team Rocket Here Comes Team Rocket! 15/82 Holo Rare PSA 9 15/82,https://www.ebay.es/itm/198409277531,PriceCharting
Team Rocket,Here Comes Team Rocket!,15/82,1st Edition,PSA 9,2026-07-19,140.85,USD,eBay,unknown,FALSE,,,2000 POKEMON TEAM ROCKET FIRST EDITION #15/82 HERE COMES ROCKET! HOLO RARE PSA 9 15/82,https://www.ebay.es/itm/206408436255,PriceCharting
Team Rocket,Here Comes Team Rocket!,15/82,1st Edition,PSA 9,2026-07-06,150.00,USD,eBay,unknown,FALSE,,,2000 POKEMON ROCKET 1ST EDITION #15 HERE COMES TEAM ROCKET!-HOLO PSA 9 #15,https://www.ebay.es/itm/307029127979,PriceCharting
Team Rocket,Here Comes Team Rocket!,15/82,1st Edition,PSA 9,2026-07-06,150.00,USD,eBay,best offer,TRUE,,,2000 POKEMON TEAM ROCKET #15 HERE COMES TEAM ROCKET! 1ST EDITION HOLO PSA 9 15/82,https://www.ebay.es/itm/298298633184,PriceCharting
Team Rocket,Here Comes Team Rocket!,15/82,1st Edition,PSA 9,2026-07-05,131.50,USD,eBay,unknown,FALSE,,,Pokemon Here Comes Team Rocket! Holo Rocket 15/82 1st Edition PSA 9 Mint 15/82,https://www.ebay.es/itm/287424621991,PriceCharting
Team Rocket,Here Comes Team Rocket!,15/82,1st Edition,PSA 9,2026-07-01,120.00,USD,eBay,unknown,FALSE,,,PSA 9 MINT Here Comes Team Rocket! 15 Team Rocket 1st Edition Holo Pokemon Card #15,https://www.ebay.es/itm/147407896538,PriceCharting
Team Rocket,Here Comes Team Rocket!,15/82,1st Edition,PSA 9,2026-06-30,129.00,USD,eBay,unknown,FALSE,,,Pokemon - Here Comes Team Rocket 15/82 Card - Holo first 1st edition ed - PSA 9 15/82,https://www.ebay.es/itm/336653829614,PriceCharting
Team Rocket,Here Comes Team Rocket!,15/82,1st Edition,PSA 9,2026-06-26,101.90,USD,eBay,unknown,FALSE,,,POKEMON | 1ST EDITION ROCKET 2000 | #15 HERE COMES TEAM ROCKET!-HOLO PSA 9 MINT #15,https://www.ebay.es/itm/358715653396,PriceCharting
Team Rocket,Here Comes Team Rocket!,15/82,1st Edition,PSA 9,2026-06-19,145.00,USD,eBay,unknown,FALSE,,,Pokemon TCG 2000 Team Rocket Here Comes Team Rocket! 15/82 1st Ed Holo PSA 9 15/82,https://www.ebay.es/itm/366438977230,PriceCharting
Team Rocket,Here Comes Team Rocket!,15/82,1st Edition,PSA 9,2026-06-16,130.00,USD,eBay,best offer,TRUE,,,Pokemon TCG 2000 Team Rocket Here Comes Team Rocket! 15/82 1st Ed Holo PSA 9 15/82,https://www.ebay.es/itm/206334365502,PriceCharting
Team Rocket,Here Comes Team Rocket!,15/82,1st Edition,PSA 9,2026-06-07,160.00,USD,eBay,best offer,TRUE,,,Here Comes Team Rocket! Holo 15/82 1st Edition Rocket Pokemon PSA 9 15/82,https://www.ebay.es/itm/318298747193,PriceCharting
Team Rocket,Here Comes Team Rocket!,15/82,1st Edition,PSA 9,2026-06-07,150.00,USD,eBay,best offer,TRUE,,,HERE COMES TEAM ROCKET! HOLO 15/82 1ST EDITION ROCKET POKEMON PSA 9 15/82,https://www.ebay.es/itm/377237543652,PriceCharting
Team Rocket,Here Comes Team Rocket!,15/82,1st Edition,PSA 9,2026-06-07,132.50,USD,eBay,unknown,FALSE,,,HERE COMES TEAM ROCKET 2000 POKEMON TEAM ROCKET HOLO 1ST ED #15 PSA 9 Q3963 #15,https://www.ebay.es/itm/278031650770,PriceCharting
Team Rocket,Here Comes Team Rocket!,15/82,1st Edition,PSA 10,2026-09-27,749.99,USD,eBay,unknown,FALSE,,,Pokemon PSA 10 Gem Mint 1st Ed. Team Rocket Holo Here Comes Team Rocket! 15/82 15/82,https://www.ebay.es/itm/327347430507,PriceCharting
Team Rocket,Here Comes Team Rocket!,15/82,1st Edition,PSA 10,2026-08-30,799.99,USD,eBay,unknown,FALSE,,,Pokemon PSA 10 GEM Here Comes Team Rocket! 15/82 Team Rocket 1st Edition Holo #6376,https://www.ebay.es/itm/377431229811,PriceCharting
Team Rocket,Here Comes Team Rocket!,15/82,1st Edition,PSA 10,2026-08-24,611.00,USD,eBay,unknown,FALSE,,,Pokemon Here Comes Team Rocket! Holo Team Rocket 15 1st Edition PSA 10 Gem Mint #15,https://www.ebay.es/itm/287524901203,PriceCharting
Team Rocket,Here Comes Team Rocket!,15/82,1st Edition,PSA 10,2026-08-12,799.99,USD,eBay,unknown,FALSE,,,2000 Pokemon Rocket Here Comes Team Rocket Holo 1st Edition #15 PSA 10 GEM MINT #15,https://www.ebay.es/itm/117323558095,PriceCharting
Team Rocket,Here Comes Team Rocket!,15/82,1st Edition,PSA 10,2026-08-03,598.00,USD,eBay,unknown,FALSE,,,2000 POKEMON ROCKET 1ST EDITION #15 HERE COMES TEAM ROCKET!-HOLO PSA 10 #15,https://www.ebay.es/itm/307086218302,PriceCharting
Team Rocket,Here Comes Team Rocket!,15/82,1st Edition,PSA 10,2026-07-31,600.10,USD,eBay,unknown,FALSE,,,2000 POKEMON ROCKET 1ST EDITION #15 HERE COMES TEAM ROCKET! HOLO PSA 10 Gem Mint #15,https://www.ebay.es/itm/407102911996,PriceCharting
Team Rocket,Here Comes Team Rocket!,15/82,1st Edition,PSA 10,2026-07-26,696.69,USD,eBay,best offer,TRUE,,,2000 Pokemon Rocket Here Comes Team Rocket Holo 1st Edition #15 PSA 10 GEM MINT #15,https://www.ebay.es/itm/117205817773,PriceCharting
Team Rocket,Here Comes Team Rocket!,15/82,1st Edition,PSA 10,2026-07-25,740.00,USD,eBay,unknown,FALSE,,,1st Edition PSA 10 Here Comes Team Rocket! Holo 15/82 2000 GEM MINT WOTC Pokemon 15/82,https://www.ebay.es/itm/377365963945,PriceCharting
Team Rocket,Here Comes Team Rocket!,15/82,1st Edition,PSA 10,2026-07-17,720.00,USD,eBay,unknown,FALSE,,,2000 POKEMON ROCKET 1ST EDITION #15 HERE COMES TEAM ROCKET!-HOLO PSA 10 #15,https://www.ebay.es/itm/298492272779,PriceCharting
Team Rocket,Here Comes Team Rocket!,15/82,1st Edition,PSA 10,2026-06-21,725.00,USD,eBay,unknown,FALSE,,,Pokemon PSA 10 Here Comes Team Rocket! 15/82 Team Rocket 1st Edition Holo,https://www.ebay.es/itm/318287020136,PriceCharting
Team Rocket,Here Comes Team Rocket!,15/82,1st Edition,PSA 10,2026-06-20,729.99,USD,eBay,unknown,FALSE,,,2000 POKEMON ROCKET 1ST EDITION #15 HERE COMES TEAM ROCKET!-HOLO PSA 10 #15,https://www.ebay.es/itm/307009857298,PriceCharting
Team Rocket,Here Comes Team Rocket!,15/82,1st Edition,PSA 10,2026-06-16,700.00,USD,eBay,unknown,FALSE,,,PSA 10 1st Edition Here Comes Team Rocket Trainer 15/82 Team Rocket Pokemon 2000 15/82,https://www.ebay.es/itm/127901770217,PriceCharting
Team Rocket,Here Comes Team Rocket!,15/82,1st Edition,PSA 10,2026-06-16,735.00,USD,eBay,unknown,FALSE,,,PSA 10 Here Comes Team Rocket 15/82 1st Edition Holo 2000 Pokémon Card Graded 15/82,https://www.ebay.es/itm/327162223061,PriceCharting
Team Rocket,Here Comes Team Rocket!,15/82,1st Edition,PSA 10,2026-06-01,560.00,USD,eBay,unknown,FALSE,,,2000 Pokemon Team Rocket First Edition Here Comes Rocket! Holo #15/82 PSA 10,https://www.ebay.es/itm/127886562803,PriceCharting
Team Rocket,Here Comes Team Rocket!,15/82,1st Edition,PSA 10,2026-05-14,740.00,USD,eBay,unknown,FALSE,,,2000 Pokemon Rocket Here Comes Team Rocket Holo 1st Edition #15 PSA 10 GEM MINT,https://www.ebay.es/itm/366392895704,PriceCharting
Team Rocket,Here Comes Team Rocket!,15/82,1st Edition,PSA 10,2026-05-11,635.00,USD,eBay,unknown,FALSE,,,2000 Pokemon Rocket 1st Edition Here Comes Team Rocket 1st Edition #15 PSA 10 15/82,https://www.ebay.es/itm/377169445398,PriceCharting
Team Rocket,Here Comes Team Rocket!,15/82,1st Edition,PSA 10,2026-05-08,745.00,USD,eBay,unknown,FALSE,,,2000 POKEMON ROCKET 1ST EDITION #15 HERE COMES TEAM ROCKET!-HOLO PSA 10 #15,https://www.ebay.es/itm/117168114930,PriceCharting
Team Rocket,Here Comes Team Rocket!,15/82,1st Edition,PSA 10,2026-05-06,649.99,USD,eBay,unknown,FALSE,,,2000 POKEMON ROCKET 1ST EDITION #15 HERE COMES TEAM ROCKET!-HOLO PSA 10 #15,https://www.ebay.es/itm/306920543805,PriceCharting
Team Rocket,Here Comes Team Rocket!,15/82,1st Edition,PSA 10,2026-04-30,750.00,USD,eBay,best offer,TRUE,,,Pokemon PSA 10 GEM Here Comes Team Rocket! 15/82 Team Rocket 1st Ed Holo S#6376,https://www.ebay.es/itm/257453458856,PriceCharting
Team Rocket,Here Comes Team Rocket!,15/82,1st Edition,PSA 10,2026-04-28,700.00,USD,eBay,unknown,FALSE,,,2000 Pokemon Rocket Here Comes Team Rocket Holo 1st Edition #15 PSA 10,https://www.ebay.es/itm/377147681369,PriceCharting
Team Rocket,Here Comes Team Rocket!,15/82,1st Edition,PSA 10,2026-04-24,750.00,USD,eBay,best offer,TRUE,,,Pokémon TCG Rocket HERE COMES TEAM ROCKET 1st Ed. Holo PSA 10 15/82,https://www.ebay.es/itm/267586953484,PriceCharting
Team Rocket,Here Comes Team Rocket!,15/82,1st Edition,PSA 10,2026-04-18,608.00,USD,eBay,best offer,TRUE,,,2000 Pokemon Rocket Here Comes Team Rocket! Holo 1st Edition PSA 10 15/82 15/82,https://www.ebay.es/itm/157840747564,PriceCharting
Team Rocket,Here Comes Team Rocket!,15/82,1st Edition,PSA 10,2026-04-12,510.00,USD,eBay,unknown,FALSE,,,PSA 10 1st Edition Here Comes Team Rocket Trainer #15 Team Rocket Pokemon 2000 15/82,https://www.ebay.es/itm/236738492985,PriceCharting
Team Rocket,Here Comes Team Rocket!,15/82,1st Edition,PSA 10,2026-04-12,586.96,USD,eBay,unknown,FALSE,,,Pokemon Here Comes Team Rocket Team Rocket 1st Edition Holo Rare #15 PSA 10,https://www.ebay.es/itm/287247568930,PriceCharting
Team Rocket,Here Comes Team Rocket!,15/82,1st Edition,PSA 10,2026-04-12,565.55,USD,eBay,unknown,FALSE,,,Pokemon Here Comes Team Rocket Team Rocket 1st Edition Holo Rare #15 PSA 10,https://www.ebay.es/itm/287251599697,PriceCharting
Team Rocket,Here Comes Team Rocket!,15/82,1st Edition,PSA 10,2026-03-28,599.99,USD,eBay,unknown,FALSE,,,PSA 10 1st Edition Here Comes Team Rocket Trainer 15/82 Team Rocket Pokemon 2000 15/82,https://www.ebay.es/itm/188066707907,PriceCharting
Team Rocket,Here Comes Team Rocket!,15/82,1st Edition,PSA 10,2026-03-26,575.00,USD,eBay,unknown,FALSE,,,Pokemon Here Comes Team Rocket Team Rocket 1st Edition Holo Rare #15 PSA 10,https://www.ebay.es/itm/287232988436,PriceCharting
Team Rocket,Here Comes Team Rocket!,15/82,Unlimited,PSA 8,2026-09-22,53.00,USD,eBay,unknown,FALSE,,,2000 POKEMON ROCKET #15 HERE COMES TEAM ROCKET!-HOLO PSA 8 #15,https://www.ebay.es/itm/307169087886,PriceCharting
Team Rocket,Here Comes Team Rocket!,15/82,Unlimited,PSA 8,2026-09-14,40.00,USD,eBay,best offer,TRUE,,,Pokémon TCG Here Comes Team Rocket! Team Rocket Holo Rare Eng 2000 PSA 8 15/82 15/82,https://www.ebay.es/itm/117411371718,PriceCharting
Team Rocket,Here Comes Team Rocket!,15/82,Unlimited,PSA 8,2026-09-12,42.76,USD,eBay,best offer,TRUE,,,2000 Pokemon Team Rocket - Here Comes Team Rocket! Holo - 15/82 - PSA 8 NM-MT 15/82,https://www.ebay.es/itm/287574359396,PriceCharting
Team Rocket,Here Comes Team Rocket!,15/82,Unlimited,PSA 8,2026-08-27,32.69,USD,eBay,unknown,FALSE,,,Pokemon Team Rocket Here Comes Team Rocket! Holo 15/82 PSA 8 EN 2000 15/82,https://www.ebay.es/itm/137650553872,PriceCharting
Team Rocket,Here Comes Team Rocket!,15/82,Unlimited,PSA 8,2026-07-27,53.00,USD,eBay,unknown,FALSE,,,2000 POKEMON ROCKET #15 HERE COMES TEAM ROCKET!-HOLO PSA 8 #15,https://www.ebay.es/itm/298502345988,PriceCharting
Team Rocket,Here Comes Team Rocket!,15/82,Unlimited,PSA 8,2026-07-11,60.00,USD,eBay,best offer,TRUE,,,Here Comes Team Rocket! 15/82 Team Rocket Holo PSA 8 NM-MT Condition Pokemon 15/82,https://www.ebay.es/itm/206250735902,PriceCharting
Team Rocket,Here Comes Team Rocket!,15/82,Unlimited,PSA 8,2026-07-04,60.00,USD,eBay,unknown,FALSE,,,2000 Pokemon Team Rocket Here Comes Team Rocket! Holo #15 Unlimited PSA 8 WOTC 15/82,https://www.ebay.es/itm/227407332864,PriceCharting
Team Rocket,Here Comes Team Rocket!,15/82,Unlimited,PSA 8,2026-06-14,46.08,USD,eBay,unknown,FALSE,,,2000 POKEMON ROCKET #15 HERE COMES TEAM ROCKET!-HOLO PSA 8 #15,https://www.ebay.es/itm/306985107644,PriceCharting
Team Rocket,Here Comes Team Rocket!,15/82,Unlimited,PSA 8,2026-06-07,59.99,USD,eBay,unknown,FALSE,,,2000 Pokemon Team Rocket Here Comes Team Rocket! Holo #15 Unlimited PSA 8 WOTC #15,https://www.ebay.es/itm/127894004258,PriceCharting
Team Rocket,Here Comes Team Rocket!,15/82,Unlimited,PSA 8,2026-05-29,59.99,USD,eBay,unknown,FALSE,,,2000 Pokemon Team Rocket Here Comes Team Rocket! Holo #15 Unlimited PSA 8 WOTC #15,https://www.ebay.es/itm/127328785068,PriceCharting
Team Rocket,Here Comes Team Rocket!,15/82,Unlimited,PSA 8,2026-05-11,36.00,USD,eBay,unknown,FALSE,,,2000 Pokemon Team Rocket Holo Here Comes Team Rocket! PSA 8 NM-MT #15,https://www.ebay.es/itm/287298085078,PriceCharting
Team Rocket,Here Comes Team Rocket!,15/82,Unlimited,PSA 8,2026-05-06,39.99,USD,eBay,unknown,FALSE,,,POKEMON 2000 TEAM ROCKET HERE COMES TEAM ROCKET! HOLO 15 PSA 8 15/82,https://www.ebay.es/itm/236774838144,PriceCharting
Team Rocket,Here Comes Team Rocket!,15/82,Unlimited,PSA 8,2026-04-29,38.00,USD,eBay,unknown,FALSE,,,Pokémon Here Comes Team Rocket! 15/82 Team Rocket Holo Rare Unlimited PSA 8 15/82,https://www.ebay.es/itm/298144607211,PriceCharting
Team Rocket,Here Comes Team Rocket!,15/82,Unlimited,PSA 8,2026-04-19,64.00,USD,eBay,unknown,FALSE,,,2000 POKEMON ROCKET #15 HERE COMES TEAM ROCKET!-HOLO PSA 8 #15,https://www.ebay.es/itm/306865898897,PriceCharting
Team Rocket,Here Comes Team Rocket!,15/82,Unlimited,PSA 8,2026-04-07,47.44,USD,eBay,unknown,FALSE,,,Pokemon Here Comes Team Rocket 15/82 PSA 8 NM-MT Unlimited Holo Rare WOTC 2000,https://www.ebay.es/itm/406111288283,PriceCharting
Team Rocket,Here Comes Team Rocket!,15/82,Unlimited,PSA 8,2026-04-06,41.00,USD,eBay,unknown,FALSE,,,Here Comes Team Rocket! Trainer Holo 2000 Pokemon Team Rocket #15 PSA 8 New Cert #15,https://www.ebay.es/itm/198228663962,PriceCharting
Team Rocket,Here Comes Team Rocket!,15/82,Unlimited,PSA 8,2026-04-03,34.00,USD,eBay,unknown,FALSE,,,2000 POKEMON ROCKET #15 HERE COMES TEAM ROCKET!-HOLO PSA 8 #15,https://www.ebay.es/itm/298142720730,PriceCharting
Team Rocket,Here Comes Team Rocket!,15/82,Unlimited,PSA 8,2026-03-23,49.00,USD,eBay,unknown,FALSE,,,Pokémon Here Comes Team Rocket! PSA 8 Team Rocket 15/82 Holo Rare 2000 TCG 15/82,https://www.ebay.es/itm/127749389233,PriceCharting
Team Rocket,Here Comes Team Rocket!,15/82,Unlimited,PSA 9,2026-09-09,82.00,USD,eBay,unknown,FALSE,,,Pokemon Team Rocket Here Comes Team Rocket #15 Holo PSA 9 15/82,https://www.ebay.es/itm/147533424465,PriceCharting
Team Rocket,Here Comes Team Rocket!,15/82,Unlimited,PSA 9,2026-08-17,47.00,USD,eBay,unknown,FALSE,,,2000 Pokemon TCG Team Rocket Here Comes Team Rocket! 15/82 Holo PSA 9 15/82,https://www.ebay.es/itm/147494317691,PriceCharting
Team Rocket,Here Comes Team Rocket!,15/82,Unlimited,PSA 9,2026-08-04,55.00,USD,eBay,unknown,FALSE,,,Wizards of the Coast Pokémon TCG Here Comes Team Rocket! 15/82 Holo Eng PSA 9 15/82,https://www.ebay.es/itm/227459095628,PriceCharting
Team Rocket,Here Comes Team Rocket!,15/82,Unlimited,PSA 9,2026-07-18,61.00,USD,eBay,unknown,FALSE,,,Pokemon 2000 Here Comes Team Rocket 15/82 Holo Team Rocket PSA 9 15/82,https://www.ebay.es/itm/407064536281,PriceCharting
Team Rocket,Here Comes Team Rocket!,15/82,Unlimited,PSA 9,2026-07-17,159.99,USD,eBay,unknown,FALSE,,,2000 Pokemon Here Comes Team Rocket! 15/82 Team Rocket Holo PSA 9 15/82,https://www.ebay.es/itm/398183165265,PriceCharting
Team Rocket,Here Comes Team Rocket!,15/82,Unlimited,PSA 9,2026-07-15,62.01,USD,eBay,unknown,FALSE,,,2000 Pokemon Team Rocket Unlimited #15 Here Comes Team Rocket HOLO PSA 9,https://www.ebay.es/itm/147423503162,PriceCharting
Team Rocket,Here Comes Team Rocket!,15/82,Unlimited,PSA 9,2026-06-26,135.00,USD,eBay,unknown,FALSE,,,2000 POKEMON ROCKET 15 HERE COMES TEAM ROCKET!-HOLO PSA 9 #15,https://www.ebay.es/itm/287417410407,PriceCharting
Team Rocket,Here Comes Team Rocket!,15/82,Unlimited,PSA 9,2026-06-19,61.00,USD,eBay,best offer,TRUE,,,PSA 9 2000 Pokemon Team Rocket Here Comes Team Rocket! Holo Trainer 15/82 15/82,https://www.ebay.es/itm/227374080293,PriceCharting
Team Rocket,Here Comes Team Rocket!,15/82,Unlimited,PSA 9,2026-05-15,61.95,USD,eBay,best offer,TRUE,,,PSA 9 Here Comes Team Rocket Holo #15 - 2000 Pokemon Rocket Unlimited #15,https://www.ebay.es/itm/178089531615,PriceCharting
Team Rocket,Here Comes Team Rocket!,15/82,Unlimited,PSA 9,2026-05-02,65.00,USD,eBay,best offer,TRUE,,,PSA 9 Pokémon Team Rocket Here Comes Team Rocket! Holo Rare 15/82 2000 15/82,https://www.ebay.es/itm/406860215638,PriceCharting
Team Rocket,Here Comes Team Rocket!,15/82,Unlimited,PSA 9,2026-04-27,55.00,USD,eBay,unknown,FALSE,,,PSA 9 Here Comes Team Rocket Holo #15 - 2000 Pokemon Rocket Unlimited #15,https://www.ebay.es/itm/206159595117,PriceCharting
Team Rocket,Here Comes Team Rocket!,15/82,Unlimited,PSA 9,2026-04-24,80.00,USD,eBay,best offer,TRUE,,,PSA 9 Here Comes Team Rocket Holo #15 - 2000 Pokemon Rocket Unlimited #15,https://www.ebay.es/itm/327095448742,PriceCharting
Team Rocket,Here Comes Team Rocket!,15/82,Unlimited,PSA 9,2026-04-05,79.99,USD,eBay,unknown,FALSE,,,PSA 9 Here Comes Team Rocket Holo #15 - 2000 Pokemon Rocket Unlimited #15,https://www.ebay.es/itm/357487585506,PriceCharting
Team Rocket,Here Comes Team Rocket!,15/82,Unlimited,PSA 9,2026-03-29,32.00,USD,eBay,unknown,FALSE,,,2000 Pokémon Rocket #15 Here Comes Team Rocket! Holo Rare PSA 9 Mint 15/82,https://www.ebay.es/itm/366294153908,PriceCharting
Team Rocket,Here Comes Team Rocket!,15/82,Unlimited,PSA 9,2026-03-19,52.00,USD,eBay,unknown,FALSE,,,PSA 9 Here Comes Team Rocket Holo #15 - 2000 Pokemon Rocket Unlimited #15,https://www.ebay.es/itm/287194510974,PriceCharting
Team Rocket,Here Comes Team Rocket!,15/82,Unlimited,PSA 9,2026-03-15,79.99,USD,eBay,unknown,FALSE,,,2000 Pokemon Rocket #15 Here Comes Team Rocket! Holo PSA 9 MINT #15,https://www.ebay.es/itm/177716425820,PriceCharting
Team Rocket,Here Comes Team Rocket!,15/82,Unlimited,PSA 9,2026-03-10,70.00,USD,eBay,unknown,FALSE,,,2000 POKEMON ROCKET #15 HERE COMES TEAM ROCKET!-HOLO PSA 9 #15,https://www.ebay.es/itm/306802576719,PriceCharting
Team Rocket,Here Comes Team Rocket!,15/82,Unlimited,PSA 9,2026-03-08,53.00,USD,eBay,unknown,FALSE,,,2000 Pokémon Rocket #15 Here Comes Team Rocket! Holo Rare PSA 9 Mint 15/82,https://www.ebay.es/itm/157717938444,PriceCharting
Team Rocket,Here Comes Team Rocket!,15/82,Unlimited,PSA 9,2026-02-05,70.00,USD,eBay,best offer,TRUE,,,2000 Pokémon Here Comes Team Rocket Holo #15 PSA 9 Mint Vintage WOTC! 15/82,https://www.ebay.es/itm/397486514170,PriceCharting
Team Rocket,Here Comes Team Rocket!,15/82,Unlimited,PSA 9,2026-02-04,45.00,USD,eBay,best offer,TRUE,,,PSA 9 Here Comes Team Rocket Holo #15 - 2000 Pokemon Rocket Unlimited #15,https://www.ebay.es/itm/157570891359,PriceCharting
Team Rocket,Here Comes Team Rocket!,15/82,Unlimited,PSA 10,2026-09-27,318.19,USD,eBay,unknown,FALSE,,,Here Comes Team Rocket! #15/82 Holo Team Rocket Unlimited Pokemon 2000 PSA 10 15/82,https://www.ebay.es/itm/398254354350,PriceCharting
Team Rocket,Here Comes Team Rocket!,15/82,Unlimited,PSA 10,2026-09-20,318.19,USD,eBay,unknown,FALSE,,,Here Comes Team Rocket! #15/82 Holo Team Rocket Unlimited Pokemon 2000 PSA 10 15/82,https://www.ebay.es/itm/398254354104,PriceCharting
Team Rocket,Here Comes Team Rocket!,15/82,Unlimited,PSA 10,2026-09-19,401.84,USD,eBay,unknown,FALSE,,,Here Comes Team Rocket! Holo 15/82 PSA 10 Rocket Pokemon Card Game #15,https://www.ebay.es/itm/287543732678,PriceCharting
Team Rocket,Here Comes Team Rocket!,15/82,Unlimited,PSA 10,2026-08-08,250.00,USD,eBay,unknown,FALSE,,,Pokemon 2000 Here Comes Team Rocket! 15/82 Holo Trainer PSA 10 15/82,https://www.ebay.es/itm/227467425617,PriceCharting
Team Rocket,Here Comes Team Rocket!,15/82,Unlimited,PSA 10,2026-07-13,261.89,USD,eBay,unknown,FALSE,,,Pokemon Here Comes Team Rocket! Holo Team Rocket 15/82 PSA 10 Gem Mint 15/82,https://www.ebay.es/itm/287435737235,PriceCharting
Team Rocket,Here Comes Team Rocket!,15/82,Unlimited,PSA 10,2026-06-21,400.00,USD,eBay,unknown,FALSE,,,2000 POKEMON ROCKET UNLIMITED #15/82 HERE COMES TEAM ROCKET!-HOLO PSA 10 #15,https://www.ebay.es/itm/358700150966,PriceCharting
Team Rocket,Here Comes Team Rocket!,15/82,Unlimited,PSA 10,2026-05-22,390.00,USD,eBay,best offer,TRUE,,,2000 POKEMON ROCKET #15 HERE COMES TEAM ROCKET!-HOLO PSA 10 #15,https://www.ebay.es/itm/117202835198,PriceCharting
Team Rocket,Here Comes Team Rocket!,15/82,Unlimited,PSA 10,2026-04-29,300.00,USD,eBay,best offer,TRUE,,,2000 POKEMON ROCKET #15 HERE COMES TEAM ROCKET!-HOLO PSA 10 #15,https://www.ebay.es/itm/147269684074,PriceCharting
Team Rocket,Here Comes Team Rocket!,15/82,Unlimited,PSA 10,2026-04-27,260.55,USD,eBay,unknown,FALSE,,,2000 POKEMON ROCKET #15 HERE COMES TEAM ROCKET!-HOLO PSA 10 #15,https://www.ebay.es/itm/117146864990,PriceCharting
Team Rocket,Here Comes Team Rocket!,15/82,Unlimited,PSA 10,2026-04-19,51.00,USD,eBay,unknown,FALSE,,,Pokémon TCG Here Comes Team Rocket! 15/82 Classic Holo PSA 10 English 15/82,https://www.ebay.es/itm/336526667991,PriceCharting
Team Rocket,Here Comes Team Rocket!,15/82,Unlimited,PSA 10,2026-04-12,350.00,USD,eBay,unknown,FALSE,,,Pokémon 2000 Rocket #10 Here Comes Team Rocket Holo PSA 10 15/82,https://www.ebay.es/itm/377103327574,PriceCharting
Team Rocket,Here Comes Team Rocket!,15/82,Unlimited,PSA 10,2026-04-09,305.00,USD,eBay,unknown,FALSE,,,2000 Pokemon Rocket #15 Here Comes Team Rocket! Holo PSA 10 GEM MINT 15/82,https://www.ebay.es/itm/389832983120,PriceCharting
Team Rocket,Here Comes Team Rocket!,15/82,Unlimited,PSA 10,2026-03-22,244.50,USD,eBay,unknown,FALSE,,,Pokemon - PSA 10 - Here Comes Team Rocket! #15 - 2000 Rocket Unlimited - Holo #15,https://www.ebay.es/itm/358334972793,PriceCharting
Team Rocket,Here Comes Team Rocket!,15/82,Unlimited,PSA 10,2026-02-14,285.00,USD,eBay,unknown,FALSE,,,Pokemon TCG Here Comes Team Rocket (Unlimited) 15/82 PSA 10 GEM MINT 15/82,https://www.ebay.es/itm/205761535621,PriceCharting
Team Rocket,Here Comes Team Rocket!,15/82,Unlimited,PSA 10,2026-02-08,300.00,USD,eBay,unknown,FALSE,,,PSA 10 Pokemon 2000 Team Rocket - Here Comes Team Rocket! 15/82,https://www.ebay.es/itm/389471253736,PriceCharting
Team Rocket,Here Comes Team Rocket!,15/82,Unlimited,PSA 10,2026-02-03,289.99,USD,eBay,unknown,FALSE,,,PSA 10 Here Comes Team Rocket #15 Holo 2000 Pokemon Rocket GEM MINT 15/82,https://www.ebay.es/itm/257150234543,PriceCharting
Team Rocket,Here Comes Team Rocket!,15/82,Unlimited,PSA 10,2025-12-04,39.00,USD,eBay,unknown,FALSE,,,2021 Pokemon Celebration Here Comes Team Rocket Classic Collection #15 PSA 10 #15,https://www.ebay.es/itm/389296635073,PriceCharting
Team Rocket,Here Comes Team Rocket!,15/82,Unlimited,PSA 10,2025-12-01,260.00,USD,eBay,unknown,FALSE,,,PSA 10 Pokemon 2000 Team Rocket - Here Comes Team Rocket! 15/82,https://www.ebay.es/itm/277488059390,PriceCharting
Team Rocket,Here Comes Team Rocket!,15/82,Unlimited,PSA 10,2025-11-06,200.00,USD,eBay,unknown,FALSE,,,Pokemon 2000 Team Rocket Here Comes Team Rocket Holo Trainer 15/82 PSA 10 Gem Mt 15/82,https://www.ebay.es/itm/136488891260,PriceCharting
Team Rocket,Here Comes Team Rocket!,15/82,Unlimited,PSA 10,2025-10-14,269.12,USD,eBay,unknown,FALSE,,,Pokémon Here comes team rocket 15/82 Vintage Holo 2000 Jessie James PSA 10 15/82,https://www.ebay.es/itm/286816147414,PriceCharting
Team Rocket,Here Comes Team Rocket!,15/82,Unlimited,PSA 10,2025-10-02,49.99,USD,eBay,unknown,FALSE,,,2021 Pokemon Celebration Here Comes Team Rocket Classic Collection #15 PSA 10 #15,https://www.ebay.es/itm/316833083440,PriceCharting
Team Rocket,Here Comes Team Rocket!,15/82,Unlimited,PSA 10,2025-09-25,49.99,USD,eBay,unknown,FALSE,,,2021 Pokemon Celebration Here Comes Team Rocket Classic Collection #15 PSA 10 #15,https://www.ebay.es/itm/316833084429,PriceCharting
Team Rocket,Here Comes Team Rocket!,15/82,Unlimited,PSA 10,2025-09-19,202.08,USD,eBay,unknown,FALSE,,,Pokémon Here comes team rocket 15/82 Vintage Holo 2000 Jessie James PSA 10 15/82,https://www.ebay.es/itm/286826987622,PriceCharting
Team Rocket,Here Comes Team Rocket!,15/82,Unlimited,PSA 10,2025-09-17,249.97,USD,eBay,unknown,FALSE,,,Here Comes Team Rocket 15/82 Trainer Holo Pokemon Card 2000 PSA 10 GEM MINT 15/82,https://www.ebay.es/itm/236123672376,PriceCharting
Team Rocket,Here Comes Team Rocket!,15/82,Unlimited,PSA 10,2025-09-01,220.12,USD,eBay,unknown,FALSE,,,Here Comes Team Rocket Unlimited Team Rocket Holo PSA 10 Pokemon card #15 Mint #SWSH261,https://www.ebay.es/itm/317202291234,PriceCharting
Team Rocket,Here Comes Team Rocket!,15/82,Unlimited,PSA 10,2025-08-10,27.02,USD,eBay,unknown,FALSE,,,2021 Pokemon SWSH Here Comes Team Rocket! Classic Collection #15/82 PSA 10,https://www.ebay.es/itm/127288380516,PriceCharting
Team Rocket,Here Comes Team Rocket!,15/82,Unlimited,PSA 10,2025-08-07,375.00,USD,eBay,unknown,FALSE,,,2000 POKEMON ROCKET #15 HERE COMES TEAM ROCKET!-HOLO PSA 10 #15,https://www.ebay.es/itm/297295985208,PriceCharting
Team Rocket,Here Comes Team Rocket!,15/82,Unlimited,PSA 10,2025-07-27,220.00,USD,eBay,unknown,FALSE,,,2000 Pokemon Rocket Here Comes Team Rocket Non-holo 71 Gem Mint PSA 10 #15,https://www.ebay.es/itm/127212438740,PriceCharting
Team Rocket,Here Comes Team Rocket!,15/82,Unlimited,PSA 10,2025-06-01,289.99,USD,eBay,unknown,FALSE,,,2000 Pokémon Here Comes Team Rocket Holo #15 Team Rocket Card PSA 10 #15,https://www.ebay.es/itm/297332167353,PriceCharting
Team Rocket,Here Comes Team Rocket!,15/82,Unlimited,PSA 10,2025-05-22,289.99,USD,eBay,unknown,FALSE,,,2000 Pokémon Here Comes Team Rocket Holo #15 Team Rocket Card PSA 10 #15,https://www.ebay.es/itm/297226294804,PriceCharting
Team Rocket,Rocket's Sneak Attack,16/82,1st Edition,PSA 8,2026-09-06,79.99,USD,eBay,unknown,FALSE,,,2000 Pokemon Team Rocket - 1st Edition Rocket's Sneak Attack Holo 16/82 - PSA 8 16/82,https://www.ebay.es/itm/287565774929,PriceCharting
Team Rocket,Rocket's Sneak Attack,16/82,1st Edition,PSA 8,2026-08-10,56.99,USD,eBay,best offer,TRUE,,,Pokemon Rocket's Sneak Attack (16) Team Rocket 16 1st Edition Holo PSA 8 16/82,https://www.ebay.es/itm/278263615383,PriceCharting
Team Rocket,Rocket's Sneak Attack,16/82,1st Edition,PSA 8,2026-08-07,62.50,USD,eBay,best offer,TRUE,,,2000 Pokemon Rocket's Sneak Attack Team Rocket Holo 1st Ed 16/82 PSA 8 16/82,https://www.ebay.es/itm/366592896283,PriceCharting
Team Rocket,Rocket's Sneak Attack,16/82,1st Edition,PSA 8,2026-08-05,70.67,USD,eBay,best offer,TRUE,,,Rocket’s Sneak Attack 16/82 - 1st Edition - Team Rocket - PSA 8 - Graded Pokemon,https://www.ebay.es/itm/197815220908,PriceCharting
Team Rocket,Rocket's Sneak Attack,16/82,1st Edition,PSA 8,2026-07-27,90.00,USD,eBay,unknown,FALSE,,,2000 Pokémon Team Rocket 1st Edition Rocket’s Sneak Attack Holo #16 PSA 8 16/82,https://www.ebay.es/itm/287376856490,PriceCharting
Team Rocket,Rocket's Sneak Attack,16/82,1st Edition,PSA 8,2026-07-26,89.99,USD,eBay,unknown,FALSE,,,2000 Pokemon Team Rocket 1st edition #16 Rocket's Sneak Attack Holo PSA 8 NM-MT #16,https://www.ebay.es/itm/197701075901,PriceCharting
Team Rocket,Rocket's Sneak Attack,16/82,1st Edition,PSA 8,2026-06-08,112.47,USD,eBay,unknown,FALSE,,,PSA 8 1st Edition Rocket's Sneak Attack Holo 16/82 Team Rocket Pokémon Card 16/82,https://www.ebay.es/itm/358645617518,PriceCharting
Team Rocket,Rocket's Sneak Attack,16/82,1st Edition,PSA 8,2026-05-30,50.00,USD,eBay,best offer,TRUE,,,Pokemon TCG 2000 Team Rocket Rocket's Sneak Attack Holo 1st Ed 16/82 PSA 8 16/82,https://www.ebay.es/itm/178178467557,PriceCharting
Team Rocket,Rocket's Sneak Attack,16/82,1st Edition,PSA 8,2026-05-26,55.00,USD,eBay,unknown,FALSE,,,Pokemon 1st Edition Team Rocket Rocket's Sneak Attack Holo 16/82 - PSA 8 NM-MT 16/82,https://www.ebay.es/itm/800042776665,PriceCharting
Team Rocket,Rocket's Sneak Attack,16/82,1st Edition,PSA 8,2026-04-21,70.00,USD,eBay,best offer,TRUE,,,PSA 8 Rocket's Sneak Attack Holo 16/82 1st Edition Team Rocket 2000 Pokemon Card 16/82,https://www.ebay.es/itm/358338593333,PriceCharting
Team Rocket,Rocket's Sneak Attack,16/82,1st Edition,PSA 8,2026-04-12,51.02,USD,eBay,unknown,FALSE,,,Pokemon Rocket's Sneak Attack Team Rocket 1st Edition Holo Rare #16 PSA 8,https://www.ebay.es/itm/287247568908,PriceCharting
Team Rocket,Rocket's Sneak Attack,16/82,1st Edition,PSA 8,2026-03-22,56.08,USD,eBay,unknown,FALSE,,,2000 Pokemon Team Rocket First Edition Rocket's Sneak Attack #16/82 PSA 8,https://www.ebay.es/itm/377039414380,PriceCharting
Team Rocket,Rocket's Sneak Attack,16/82,1st Edition,PSA 8,2026-03-21,55.00,USD,eBay,best offer,TRUE,,,Pokémon Rocket's Sneak Attack #16 Team Rocket 1st Edition Holo Rare PSA 8 16/82,https://www.ebay.es/itm/366280831077,PriceCharting
Team Rocket,Rocket's Sneak Attack,16/82,1st Edition,PSA 8,2026-03-19,84.99,USD,eBay,unknown,FALSE,,,PSA 8 Rocket's Sneak Attack Holo 16/82 1st Edition Team Rocket 2000 Pokemon Card 16/82,https://www.ebay.es/itm/227245191245,PriceCharting
Team Rocket,Rocket's Sneak Attack,16/82,1st Edition,PSA 8,2026-03-08,65.00,USD,eBay,unknown,FALSE,,,2000 Pokémon Team Rocket Holo Rocket’s Sneak Attack First Edition 16/82 PSA 8 16/82,https://www.ebay.es/itm/397664642363,PriceCharting
Team Rocket,Rocket's Sneak Attack,16/82,1st Edition,PSA 8,2026-01-04,64.95,USD,eBay,unknown,FALSE,,,2000 Pokemon Team Rocket Rockets Sneak Attack 1st Edition Holo Trainer #16 PSA 8 #16,https://www.ebay.es/itm/405624399877,PriceCharting
Team Rocket,Rocket's Sneak Attack,16/82,1st Edition,PSA 9,2026-08-30,107.13,USD,eBay,unknown,FALSE,,,2000 Pokémon Team Rocket 1st Edition 16/82 Rocket’s Sneak Attack Holo PSA 9 16/82,https://www.ebay.es/itm/188828537138,PriceCharting
Team Rocket,Rocket's Sneak Attack,16/82,1st Edition,PSA 9,2026-08-04,115.00,USD,eBay,best offer,TRUE,,,Pokemon TCG 2000 Team Rocket Rocket's Sneak Attack 16/82 Holo 1st Ed PSA 9 16/82,https://www.ebay.es/itm/407046944440,PriceCharting
Team Rocket,Rocket's Sneak Attack,16/82,1st Edition,PSA 9,2026-07-28,125.00,USD,eBay,unknown,FALSE,,,2000 POKEMON TEAM ROCKET 1ST EDITION ROCKET'S SNEAK ATTACK 16/82 HOLO RARE PSA 9 16/82,https://www.ebay.es/itm/286697117486,PriceCharting
Team Rocket,Rocket's Sneak Attack,16/82,1st Edition,PSA 9,2026-07-19,98.06,USD,eBay,unknown,FALSE,,,2000 POKEMON TEAM ROCKET 1ST EDITION #16/82 ROCKETS SNEAK ATTACK HOLO RARE PSA 9 16/82,https://www.ebay.es/itm/206408435992,PriceCharting
Team Rocket,Rocket's Sneak Attack,16/82,1st Edition,PSA 9,2026-07-14,95.00,USD,eBay,unknown,FALSE,,,PSA 9 MINT Rocket's Sneak Attack 16 Team Rocket 1st Edition Holo Pokemon Card #16,https://www.ebay.es/itm/147407911518,PriceCharting
Team Rocket,Rocket's Sneak Attack,16/82,1st Edition,PSA 9,2026-07-07,89.98,USD,eBay,unknown,FALSE,,,2000 Pokemon Rocket's Sneak Attack 16/82 Team Rocket Holo 1st Ed Psa 9 16/82,https://www.ebay.es/itm/137489231989,PriceCharting
Team Rocket,Rocket's Sneak Attack,16/82,1st Edition,PSA 9,2026-07-01,146.81,USD,eBay,unknown,FALSE,,,Pokemon Team Rocket 1st Edition Rocket's Sneak Attack Holo Card 16/82 PSA 9 16/82,https://www.ebay.es/itm/168444376158,PriceCharting
Team Rocket,Rocket's Sneak Attack,16/82,1st Edition,PSA 9,2026-06-20,122.71,USD,eBay,unknown,FALSE,,,Pokemon Rocket's Sneak Attack Team Rocket 1st Edition PSA 9 Holo Rare #16,https://www.ebay.es/itm/127860740868,PriceCharting
Team Rocket,Rocket's Sneak Attack,16/82,1st Edition,PSA 9,2026-06-18,87.99,USD,eBay,unknown,FALSE,,,Pokemon TCG 2000 Team Rocket Rocket's Sneak Attack 1st Ed Holo PSA 9 #16/82 16/82,https://www.ebay.es/itm/206347646420,PriceCharting
Team Rocket,Rocket's Sneak Attack,16/82,1st Edition,PSA 9,2026-06-06,125.00,USD,eBay,unknown,FALSE,,,PSA 9 MINT 2000 Pokemon Rocket's Sneak Attack 16/82 Team Rocket Holo 1st Ed 16/82,https://www.ebay.es/itm/147282814318,PriceCharting
Team Rocket,Rocket's Sneak Attack,16/82,1st Edition,PSA 9,2026-06-04,90.00,USD,eBay,best offer,TRUE,,,Pokémon Team Rocket Rockets Sneak Attack 1st Edition Holo PSA 9 16/82,https://www.ebay.es/itm/236848576833,PriceCharting
Team Rocket,Rocket's Sneak Attack,16/82,1st Edition,PSA 9,2026-05-30,89.98,USD,eBay,unknown,FALSE,,,2000 Pokemon Rocket's Sneak Attack 16/82 Team Rocket Holo 1st Ed Psa 9 16/82,https://www.ebay.es/itm/800004999222,PriceCharting
Team Rocket,Rocket's Sneak Attack,16/82,1st Edition,PSA 9,2026-05-05,100.00,USD,eBay,best offer,TRUE,,,2000 Pokemon TCG Rocket's Sneak Attack 16/82 Team Rocket 1st Ed Holo PSA 9 16/82,https://www.ebay.es/itm/327094543620,PriceCharting
Team Rocket,Rocket's Sneak Attack,16/82,1st Edition,PSA 9,2026-05-05,109.00,USD,eBay,unknown,FALSE,,,Pokémon Team Rocket Rocket's Sneak Attack 16/82 Holo 1st Edition PSA 9 Rare 2000 16/82,https://www.ebay.es/itm/318220858000,PriceCharting
Team Rocket,Rocket's Sneak Attack,16/82,1st Edition,PSA 9,2026-05-04,73.00,USD,eBay,unknown,FALSE,,,Pokemon Rocket's Sneak Attack Team Rocket 1st Edition Holo Rare #16 PSA 9 Mint,https://www.ebay.es/itm/287292261784,PriceCharting
Team Rocket,Rocket's Sneak Attack,16/82,1st Edition,PSA 9,2026-04-27,120.00,USD,eBay,best offer,TRUE,,,PSA 9 MINT 2000 Pokemon Rocket's Sneak Attack 16/82 Team Rocket Holo 1st Ed 16/82,https://www.ebay.es/itm/358466877494,PriceCharting
Team Rocket,Rocket's Sneak Attack,16/82,1st Edition,PSA 9,2026-04-26,73.59,USD,eBay,unknown,FALSE,,,Pokemon Rocket's Sneak Attack Team Rocket 1st Edition Holo Rare #16 PSA 9 Mint,https://www.ebay.es/itm/287278126282,PriceCharting
Team Rocket,Rocket's Sneak Attack,16/82,1st Edition,PSA 9,2026-04-23,100.00,USD,eBay,best offer,TRUE,,,PSA 9 MINT 2000 Pokemon Rocket's Sneak Attack 16/82 Team Rocket Holo 1st Ed 16/82,https://www.ebay.es/itm/318182937553,PriceCharting
Team Rocket,Rocket's Sneak Attack,16/82,1st Edition,PSA 9,2026-04-22,84.50,USD,eBay,unknown,FALSE,,,2000 Pokemon Team Rocket First Edition Rocket's Sneak Attack Holo #16/82 PSA 9 16/82,https://www.ebay.es/itm/366346873300,PriceCharting
Team Rocket,Rocket's Sneak Attack,16/82,1st Edition,PSA 9,2026-04-21,79.00,USD,eBay,unknown,FALSE,,,2000 Pokemon Team Rocket First Edition Rocket's Sneak Attack #16/82 PSA 9,https://www.ebay.es/itm/127812205593,PriceCharting
Team Rocket,Rocket's Sneak Attack,16/82,1st Edition,PSA 9,2026-04-20,150.00,USD,eBay,unknown,FALSE,,,PSA 9 MINT 2000 Pokemon Rocket's Sneak Attack 16/82 Team Rocket Holo 1st Ed 16/82,https://www.ebay.es/itm/177987585449,PriceCharting
Team Rocket,Rocket's Sneak Attack,16/82,1st Edition,PSA 10,2026-06-15,568.00,USD,eBay,unknown,FALSE,,,Rocket’s Sneak Attack 2000 Team Rocket #16 🔥 1st Edition HOLO PSA 10 🔥 Pokemon #16,https://www.ebay.es/itm/366455600613,PriceCharting
Team Rocket,Rocket's Sneak Attack,16/82,1st Edition,PSA 10,2026-06-01,556.66,USD,eBay,unknown,FALSE,,,ROCKET'S SNEAK ATTACK 2000 POKEMON TEAM ROCKET HOLO 1ST ED #16 PSA 10 Q3963 #16,https://www.ebay.es/itm/278009502459,PriceCharting
Team Rocket,Rocket's Sneak Attack,16/82,1st Edition,PSA 10,2026-04-03,675.00,USD,eBay,best offer,TRUE,,,PSA 10 1st Edition Rocket's Sneak Attack 16/82 Team Rocket 2000 Holo Pokémon 16/82,https://www.ebay.es/itm/188226400427,PriceCharting
Team Rocket,Rocket's Sneak Attack,16/82,1st Edition,PSA 10,2026-03-19,650.00,USD,eBay,best offer,TRUE,,,Pokémon TCG Rocket's Sneak Attack Team Rocket 1st Edition PSA 10 16/82 Holo Rare 16/82,https://www.ebay.es/itm/267611085305,PriceCharting
Team Rocket,Rocket's Sneak Attack,16/82,1st Edition,PSA 10,2026-03-17,525.00,USD,eBay,unknown,FALSE,,,Pokémon Rocket's Sneak Attack Team Rocket 1st Edition Holo PSA 10 16/82 16/82,https://www.ebay.es/itm/168239610066,PriceCharting
Team Rocket,Rocket's Sneak Attack,16/82,1st Edition,PSA 10,2026-03-08,1547.00,USD,eBay,unknown,FALSE,,,Pokemon TCG Rocket's Sneak Attack Holo Rare 16 1st Edition Team Rocket PSA 10 #16,https://www.ebay.es/itm/157698559593,PriceCharting
Team Rocket,Rocket's Sneak Attack,16/82,1st Edition,PSA 10,2026-03-07,599.95,USD,eBay,unknown,FALSE,,,PSA 10 1st Edition Rocket's Sneak Attack Trainer 16/82 Team Rocket Pokemon 2000 16/82,https://www.ebay.es/itm/177869820021,PriceCharting
Team Rocket,Rocket's Sneak Attack,16/82,1st Edition,PSA 10,2025-12-31,399.99,USD,eBay,unknown,FALSE,,,Pokemon Rocket's Sneak Attack Team Rocket 1st Edition Holo Rare #16 PSA 10,https://www.ebay.es/itm/286447000703,PriceCharting
Team Rocket,Rocket's Sneak Attack,16/82,1st Edition,PSA 10,2025-11-15,400.00,USD,eBay,unknown,FALSE,,,Pokemon Rocket's Sneak Attack Team Rocket 1st Edition Holo Rare #16 PSA 10 #16,https://www.ebay.es/itm/167916537093,PriceCharting
Team Rocket,Rocket's Sneak Attack,16/82,1st Edition,PSA 10,2025-10-10,317.67,USD,eBay,unknown,FALSE,,,Pokemon Rocket's Sneak Attack Team Rocket 1st Edition Holo Rare #16 PSA 10 #16,https://www.ebay.es/itm/306529087828,PriceCharting
Team Rocket,Rocket's Sneak Attack,16/82,1st Edition,PSA 10,2025-09-01,339.26,USD,eBay,unknown,FALSE,,,Rocket's Sneak Attack 1st Edition Team Rocket Holo PSA 10 Pokemon card #16 Mint #SWSH261,https://www.ebay.es/itm/317202292016,PriceCharting
Team Rocket,Rocket's Sneak Attack,16/82,1st Edition,PSA 10,2025-08-25,306.00,USD,eBay,unknown,FALSE,,,Pokemon Rocket's Sneak Attack Team Rocket 1st Edition Holo Rare #16 PSA 10,https://www.ebay.es/itm/286764125976,PriceCharting
Team Rocket,Rocket's Sneak Attack,16/82,1st Edition,PSA 10,2025-08-14,460.00,USD,eBay,unknown,FALSE,,,Rocket's Sneak Attack Holo Team Rocket PSA 10 First Edition 2000 Pokemon 16/82,https://www.ebay.es/itm/286672240281,PriceCharting
Team Rocket,Rocket's Sneak Attack,16/82,1st Edition,PSA 10,2025-07-27,415.00,USD,eBay,unknown,FALSE,,,Pokemon Rocket's Sneak Attack Team Rocket 1st Edition Holo Rare #16 PSA 10 #16,https://www.ebay.es/itm/317122009830,PriceCharting
Team Rocket,Rocket's Sneak Attack,16/82,1st Edition,PSA 10,2025-07-21,410.00,USD,eBay,unknown,FALSE,,,Pokemon Rocket's Sneak Attack Team Rocket 1st Edition Holo Rare #16 PSA 10,https://www.ebay.es/itm/286700493745,PriceCharting
Team Rocket,Rocket's Sneak Attack,16/82,1st Edition,PSA 10,2025-04-06,440.00,USD,eBay,unknown,FALSE,,,PSA 10- 2000 Pokemon Team Rocket 1st Edition 16/82 Rocket's Sneak Attack 16/82,https://www.ebay.es/itm/267209471423,PriceCharting
Team Rocket,Rocket's Sneak Attack,16/82,1st Edition,PSA 10,2025-03-24,355.00,USD,eBay,unknown,FALSE,,,Pokemon Rocket's Sneak Attack Team Rocket 1st Edition Holo Rare #16 PSA 10,https://www.ebay.es/itm/286409492250,PriceCharting
Team Rocket,Rocket's Sneak Attack,16/82,1st Edition,PSA 10,2025-03-16,400.00,USD,eBay,unknown,FALSE,,,Pokemon Rocket's Sneak Attack Team Rocket 1st Edition Holo Rare #16 PSA 10,https://www.ebay.es/itm/286396715404,PriceCharting
Team Rocket,Rocket's Sneak Attack,16/82,1st Edition,PSA 10,2025-03-02,425.00,USD,eBay,unknown,FALSE,,,Pokemon Rocket's Sneak Attack Team Rocket 1st Edition Holo Rare #16 PSA 10,https://www.ebay.es/itm/286349681455,PriceCharting
Team Rocket,Rocket's Sneak Attack,16/82,1st Edition,PSA 10,2025-02-01,350.00,USD,eBay,unknown,FALSE,,,PSA 10 Rocket's Sneak Attack 1st Edition Holo Rare Team Rocket 2000 Pokemon #16 #16,https://www.ebay.es/itm/156666124855,PriceCharting
Team Rocket,Rocket's Sneak Attack,16/82,1st Edition,PSA 10,2025-01-05,200.00,USD,eBay,unknown,FALSE,,,PSA 10 Rocket's Sneak Attack 1st Edition Holo Rare Team Rocket 2000 Pokemon #16 #16,https://www.ebay.es/itm/316106372297,PriceCharting
Team Rocket,Rocket's Sneak Attack,16/82,1st Edition,PSA 10,2024-09-29,299.00,USD,eBay,unknown,FALSE,,,Pokemon 2000 Rocket's Sneak Attack #16 Team Rocket 1st Edition Holo PSA 10 #16,https://www.ebay.es/itm/196619028651,PriceCharting
Team Rocket,Rocket's Sneak Attack,16/82,1st Edition,PSA 10,2024-09-01,152.45,USD,eBay,unknown,FALSE,,,1st Edition Rocket's Sneak Attack Holo | 16/82 | PSA 10 | Team Rocket | Pokemon,https://www.ebay.es/itm/166936880108,PriceCharting
Team Rocket,Rocket's Sneak Attack,16/82,1st Edition,PSA 10,2024-07-11,199.99,USD,eBay,unknown,FALSE,,,2000 Pokemon Team Rocket Rockets Sneak Attack Holo 16/82 1st Edition - PSA 10 16/82,https://www.ebay.es/itm/145871106197,PriceCharting
Team Rocket,Rocket's Sneak Attack,16/82,1st Edition,PSA 10,2024-07-01,194.83,USD,eBay,unknown,FALSE,,,2000 Pokemon Team Rocket 1st Edition #16 Rocket's Sneak Attack PSA 10 Gem Mint #16,https://www.ebay.es/itm/166507833534,PriceCharting
Team Rocket,Rocket's Sneak Attack,16/82,1st Edition,PSA 10,2024-06-16,179.99,USD,eBay,unknown,FALSE,,,Pokemon Rocket’s Sneak Attack 1st Edition PSA 10 Gem Mint Holo Team Rocket 16/82,https://www.ebay.es/itm/226192051994,PriceCharting
Team Rocket,Rocket's Sneak Attack,16/82,1st Edition,PSA 10,2024-05-21,247.99,USD,eBay,unknown,FALSE,,,2000 Rocket’s Sneak Attack Rare Holo 1st Edition Pokémon Team Rocket #16 PSA 10 #16,https://www.ebay.es/itm/115256879160,PriceCharting
Team Rocket,Rocket's Sneak Attack,16/82,1st Edition,PSA 10,2024-04-28,195.00,USD,eBay,unknown,FALSE,,,2000 Pokemon Team Rocket Rockets Sneak Attack Holo 16/82 1st Edition - PSA 10,https://www.ebay.es/itm/145739011348,PriceCharting
Team Rocket,Rocket's Sneak Attack,16/82,1st Edition,PSA 10,2024-04-18,140.00,USD,eBay,unknown,FALSE,,,PSA 10 Rocket's Sneak Attack 16/82 1st Edition Team Rocket 2000 English Pokemon #16,https://www.ebay.es/itm/134586389733,PriceCharting
Team Rocket,Rocket's Sneak Attack,16/82,Unlimited,PSA 8,2026-08-17,60.69,USD,eBay,unknown,FALSE,,,Pokemon TCG Team Rocket Rocket's Sneak Attack Holo PSA 8 NM 16/82 2000 16/82,https://www.ebay.es/itm/178203289782,PriceCharting
Team Rocket,Rocket's Sneak Attack,16/82,Unlimited,PSA 8,2026-07-03,45.00,USD,eBay,best offer,TRUE,,,2000 Pokemon TCG Team Rocket Rocket's Sneak Attack Holo PSA 8 NM-Mint 16/82 Rare 16/82,https://www.ebay.es/itm/266755572249,PriceCharting
Team Rocket,Rocket's Sneak Attack,16/82,Unlimited,PSA 8,2026-06-08,45.00,USD,eBay,unknown,FALSE,,,Pokemon Rocket's Sneak Attack 16/82 Team Rocket Holo PSA 8 16/82,https://www.ebay.es/itm/318140264704,PriceCharting
Team Rocket,Rocket's Sneak Attack,16/82,Unlimited,PSA 8,2026-06-05,48.00,USD,eBay,unknown,FALSE,,,Pokemon TCG Team Rocket Rocket's Sneak Attack Holo PSA 8 NM 16/82 2000 16/82,https://www.ebay.es/itm/177977814638,PriceCharting
Team Rocket,Rocket's Sneak Attack,16/82,Unlimited,PSA 8,2026-06-01,35.00,USD,eBay,best offer,TRUE,,,PSA 8 - Team Rocket - Rocket's Sneak Attack HOLO #16/82 Pokemon TCG 2000 #16,https://www.ebay.es/itm/287353599781,PriceCharting
Team Rocket,Rocket's Sneak Attack,16/82,Unlimited,PSA 8,2026-05-26,44.99,USD,eBay,unknown,FALSE,,,PSA 8 - Team Rocket - Rocket's Sneak Attack HOLO #16/82 Pokemon TCG 2000 #16,https://www.ebay.es/itm/287339867865,PriceCharting
Team Rocket,Rocket's Sneak Attack,16/82,Unlimited,PSA 8,2026-03-08,28.00,USD,eBay,unknown,FALSE,,,Pokemon Rocket's Sneak Attack Team Rocket Unlimited Holo Rare #16 PSA 8,https://www.ebay.es/itm/287167117973,PriceCharting
Team Rocket,Rocket's Sneak Attack,16/82,Unlimited,PSA 8,2026-02-16,40.00,USD,eBay,unknown,FALSE,,,Pokemon Rocket's Sneak Attack Holo 16/82 Psa 8 Team Rocket Set Rare 2000 16/82,https://www.ebay.es/itm/317066804666,PriceCharting
Team Rocket,Rocket's Sneak Attack,16/82,Unlimited,PSA 8,2026-02-08,50.00,USD,eBay,unknown,FALSE,,,Rocket's Sneak Attack Team Rocket Holo #16 PSA 8 NM-MT 2000 Vintage Pokémon 16/82,https://www.ebay.es/itm/116695767659,PriceCharting
Team Rocket,Rocket's Sneak Attack,16/82,Unlimited,PSA 8,2026-01-22,32.00,USD,eBay,best offer,TRUE,,,Pokemon Rocket's Sneak Attack Holo 16/82 Psa 8 Team Rocket Set Rare 2000 16/82,https://www.ebay.es/itm/157579966790,PriceCharting
Team Rocket,Rocket's Sneak Attack,16/82,Unlimited,PSA 8,2025-12-04,9.99,USD,eBay,unknown,FALSE,,,PSA 8 NM-MINT | Pokemon TCG | Rocket's Sneak Attack | Team Rocket 16/82 | Holo,https://www.ebay.es/itm/306629938506,PriceCharting
Team Rocket,Rocket's Sneak Attack,16/82,Unlimited,PSA 8,2025-11-26,29.99,USD,eBay,unknown,FALSE,,,Pokemon Team Rocket Rocket's Sneak Attack 16/82 Holo PSA 8 Near Mint 16/82,https://www.ebay.es/itm/197898273772,PriceCharting
Team Rocket,Rocket's Sneak Attack,16/82,Unlimited,PSA 8,2025-11-16,32.00,USD,eBay,unknown,FALSE,,,Pokemon Rocket's Sneak Attack Team Rocket Unlimited Holo Rare #16 PSA 8,https://www.ebay.es/itm/286925806767,PriceCharting
Team Rocket,Rocket's Sneak Attack,16/82,Unlimited,PSA 8,2025-11-02,26.00,USD,eBay,unknown,FALSE,,,Pokemon Rocket's Sneak Attack Team Rocket Unlimited Holo Rare #16 PSA 8,https://www.ebay.es/itm/286892910330,PriceCharting
Team Rocket,Rocket's Sneak Attack,16/82,Unlimited,PSA 8,2025-10-19,48.89,USD,eBay,unknown,FALSE,,,PSA 8 - Pokemon Card - Team Rocket 16/82 - ROCKET'S SNEAK ATTACK (holo) - NM-MT,https://www.ebay.es/itm/365679621991,PriceCharting
Team Rocket,Rocket's Sneak Attack,16/82,Unlimited,PSA 8,2025-10-14,28.00,USD,eBay,unknown,FALSE,,,2000 Wotc #16 Pokemon Team Rocket Holo Rocket’s Sneak Attack PSA 8 16/82,https://www.ebay.es/itm/257143804469,PriceCharting
Team Rocket,Rocket's Sneak Attack,16/82,Unlimited,PSA 8,2025-10-04,31.51,USD,eBay,unknown,FALSE,,,PSA 8 Rocket's Sneak Attack HOLO 2000 Team Rocket 16/82 Pokemon 16/82,https://www.ebay.es/itm/267418058851,PriceCharting
Team Rocket,Rocket's Sneak Attack,16/82,Unlimited,PSA 8,2025-06-30,39.00,USD,eBay,unknown,FALSE,,,PSA 8 - Pokemon ROCKET'S SNEAK ATTACK 16/82 - TEAM ROCKET Trainer - Holo 16/82,https://www.ebay.es/itm/376358657541,PriceCharting
Team Rocket,Rocket's Sneak Attack,16/82,Unlimited,PSA 8,2025-06-18,47.89,USD,eBay,unknown,FALSE,,,PSA 8 - Pokemon Card - Team Rocket 16/82 - ROCKET'S SNEAK ATTACK (holo) - NM-MT,https://www.ebay.es/itm/365417051180,PriceCharting
Team Rocket,Rocket's Sneak Attack,16/82,Unlimited,PSA 9,2026-09-10,74.99,USD,eBay,unknown,FALSE,,,PSA 9 Rocket's Sneak Attack 16/82 2000 Team Rocket Holo Rare Pokemon Card 16/82,https://www.ebay.es/itm/227504994299,PriceCharting
Team Rocket,Rocket's Sneak Attack,16/82,Unlimited,PSA 9,2026-08-24,60.51,USD,eBay,unknown,FALSE,,,Pokemon 2000 Rocket's Sneak Attack 16/82 Holo Team Rocket PSA 9 16/82,https://www.ebay.es/itm/407142938641,PriceCharting
Team Rocket,Rocket's Sneak Attack,16/82,Unlimited,PSA 9,2026-07-18,67.00,USD,eBay,unknown,FALSE,,,Pokemon 2000 Rocket's Sneak Attack 16/82 Holo Team Rocket PSA 9 16/82,https://www.ebay.es/itm/407064526304,PriceCharting
Team Rocket,Rocket's Sneak Attack,16/82,Unlimited,PSA 9,2026-06-28,50.00,USD,eBay,best offer,TRUE,,,Pokemon TCG 2000 Team Rocket Rocket's Sneak Attack Holo PSA 9 #16/82 16/82,https://www.ebay.es/itm/800192289635,PriceCharting
Team Rocket,Rocket's Sneak Attack,16/82,Unlimited,PSA 9,2026-03-10,57.95,USD,eBay,unknown,FALSE,,,2000 Pokemon Rocket's Sneak Attack 16/82 Team Rocket Holo Rare PSA 9 MINT 16/82,https://www.ebay.es/itm/267594056863,PriceCharting
Team Rocket,Rocket's Sneak Attack,16/82,Unlimited,PSA 9,2026-02-26,64.99,USD,eBay,unknown,FALSE,,,Pokemon PSA 9 Rocket's Sneak Attack 16/82 Holo Rare Team Rocket Mint,https://www.ebay.es/itm/177852268702,PriceCharting
Team Rocket,Rocket's Sneak Attack,16/82,Unlimited,PSA 9,2026-02-05,77.60,USD,eBay,best offer,TRUE,,,Rocket's Sneak Attack - Holo - PSA 9 - Team Rocket - 2000 - #16/82 Pokemon 16/82,https://www.ebay.es/itm/205869621221,PriceCharting
Team Rocket,Rocket's Sneak Attack,16/82,Unlimited,PSA 9,2026-01-27,59.99,USD,eBay,unknown,FALSE,,,2000 Pokemon Team Rocket 16/82 Rocket's Sneak Attack Holo PSA 9 MINT 16/82,https://www.ebay.es/itm/336028405288,PriceCharting
Team Rocket,Rocket's Sneak Attack,16/82,Unlimited,PSA 9,2026-01-14,40.00,USD,eBay,unknown,FALSE,,,2000 Pokemon Team Rocket Unlimited #16 Rocket's Sneak Attack HOLO R PSA 9 MINT,https://www.ebay.es/itm/136926460284,PriceCharting
Team Rocket,Rocket's Sneak Attack,16/82,Unlimited,PSA 9,2025-12-26,55.00,USD,eBay,best offer,TRUE,,,Pokemon Rocket's Sneak Attack Team Rocket Unlimited Holo Rare #16 PSA 9 #16,https://www.ebay.es/itm/336284202180,PriceCharting
Team Rocket,Rocket's Sneak Attack,16/82,Unlimited,PSA 9,2025-11-17,33.00,USD,eBay,unknown,FALSE,,,Pokemon Rocket's Sneak Attack Team Rocket Unlimited Holo Rare #16 PSA 9 Mint,https://www.ebay.es/itm/286922256532,PriceCharting
Team Rocket,Rocket's Sneak Attack,16/82,Unlimited,PSA 9,2025-06-18,57.95,USD,eBay,unknown,FALSE,,,Pokemon Team Rocket Rocket's Sneak Attack 16/82 PSA 9,https://www.ebay.es/itm/335740007446,PriceCharting
Team Rocket,Rocket's Sneak Attack,16/82,Unlimited,PSA 10,2026-08-13,308.44,USD,eBay,unknown,FALSE,,,Rocket's Sneak Attack #16/82 Holo Team Rocket Unlimited Pokemon 2000 PSA 10 16/82,https://www.ebay.es/itm/398254353956,PriceCharting
Team Rocket,Rocket's Sneak Attack,16/82,Unlimited,PSA 10,2026-04-12,289.77,USD,eBay,unknown,FALSE,,,Pokemon Rocket's Sneak Attack Team Rocket Unlimited Holo Rare #16 PSA 10,https://www.ebay.es/itm/287247660715,PriceCharting
Team Rocket,Rocket's Sneak Attack,16/82,Unlimited,PSA 10,2026-01-03,300.00,USD,eBay,best offer,TRUE,,,Pokemon Team Rocket Rocket's Sneak Attack 16/82 PSA 10 GEM MINT,https://www.ebay.es/itm/336372056234,PriceCharting
Team Rocket,Rocket's Sneak Attack,16/82,Unlimited,PSA 10,2025-12-05,220.00,USD,eBay,best offer,TRUE,,,2000 Pokemon Team Rocket Rocket's Sneak Attack #16 PSA 10 #16,https://www.ebay.es/itm/357249625024,PriceCharting
Team Rocket,Rocket's Sneak Attack,16/82,Unlimited,PSA 10,2025-11-06,200.00,USD,eBay,unknown,FALSE,,,Pokemon 2000 Team Rocket Rocket's Sneak Attack Trainer Holo 16/82 PSA 10 Gem Mt. 16/82,https://www.ebay.es/itm/136568241146,PriceCharting
Team Rocket,Rocket's Sneak Attack,16/82,Unlimited,PSA 10,2025-10-10,280.00,USD,eBay,unknown,FALSE,,,Pokemon 2000 Team Rocket Rocket's Sneak Attack Trainer Holo 16/82 PSA 10 Gem Mt. 16/82,https://www.ebay.es/itm/136488911763,PriceCharting
Team Rocket,Rocket's Sneak Attack,16/82,Unlimited,PSA 10,2025-06-09,199.97,USD,eBay,unknown,FALSE,,,Rocket's Sneak Attack Team Rocket 16/82 Holo Pokemon Card 2000 PSA 10 POP 77 16/82,https://www.ebay.es/itm/236123654291,PriceCharting
Team Rocket,Rocket's Sneak Attack,16/82,Unlimited,PSA 10,2025-04-22,149.99,USD,eBay,unknown,FALSE,,,Rocket's Sneak Attack 16/82 Team Rocket Holo Unlimited Pokemon PSA 10 Gem Mint 16/82,https://www.ebay.es/itm/135715905919,PriceCharting
Team Rocket,Rocket's Sneak Attack,16/82,Unlimited,PSA 10,2025-02-24,103.50,USD,eBay,unknown,FALSE,,,Pokemon Rocket's Sneak Attack Team Rocket Unlimited Holo Rare #16 PSA 10,https://www.ebay.es/itm/286330086242,PriceCharting
Team Rocket,Rocket's Sneak Attack,16/82,Unlimited,PSA 10,2024-09-08,82.00,USD,eBay,unknown,FALSE,,,Pokemon Rocket's Sneak Attack Team Rocket Unlimited Holo Rare #16 PSA 10,https://www.ebay.es/itm/286035918653,PriceCharting
Team Rocket,Rocket's Sneak Attack,16/82,Unlimited,PSA 10,2024-05-01,149.99,USD,eBay,unknown,FALSE,,,Rocket's Sneak Attack 16/82 Team Rocket Holo Unlimited Pokemon PSA 10 Gem Mint,https://www.ebay.es/itm/276365947674,PriceCharting
Team Rocket,Rocket's Sneak Attack,16/82,Unlimited,PSA 10,2024-04-20,114.39,USD,eBay,unknown,FALSE,,,Pokemon - Rocket's Sneak Attack - 16/82 - PSA 10 - Team Rocket - 88074482,https://www.ebay.es/itm/395324877384,PriceCharting
Team Rocket,Rainbow Energy,17/82,1st Edition,PSA 8,2026-08-30,46.00,USD,eBay,unknown,FALSE,,,2000 Pokemon Team Rocket First Edition Rainbow Energy #17/82 Holo PSA 8 17/82,https://www.ebay.es/itm/206499001070,PriceCharting
Team Rocket,Rainbow Energy,17/82,1st Edition,PSA 8,2026-08-23,66.42,USD,eBay,unknown,FALSE,,,RAINBOW ENERGY POKEMON 17 2000 TEAM ROCKET 1st EDITION HOLO ENGLISH PSA 8,https://www.ebay.es/itm/137595877636,PriceCharting
Team Rocket,Rainbow Energy,17/82,1st Edition,PSA 8,2026-08-12,60.00,USD,eBay,unknown,FALSE,,,2000 Pokemon TCG Team Rocket 1st Edition #17 Rainbow Energy Holo PSA 8 - SWIRL #17,https://www.ebay.es/itm/257664002072,PriceCharting
Team Rocket,Rainbow Energy,17/82,1st Edition,PSA 8,2026-07-27,40.00,USD,eBay,unknown,FALSE,,,Pokemon TCG Team Rocket Rainbow Energy 17/82 Holo Rare 1st Ed PSA 8 EN 2000 17/82,https://www.ebay.es/itm/800385321471,PriceCharting
Team Rocket,Rainbow Energy,17/82,1st Edition,PSA 8,2026-07-24,50.00,USD,eBay,unknown,FALSE,,,Rainbow Energy 2000 Pokemon Team Rocket First Edition #17/82 Holo PSA 8 17/82,https://www.ebay.es/itm/158041905961,PriceCharting
Team Rocket,Rainbow Energy,17/82,1st Edition,PSA 8,2026-07-20,49.99,USD,eBay,unknown,FALSE,,,Rainbow Energy 2000 Team Rocket #17 🔥 1st Edition HOLO PSA 8 🔥 Vintage Pokemon #17,https://www.ebay.es/itm/287472599512,PriceCharting
Team Rocket,Rainbow Energy,17/82,1st Edition,PSA 8,2026-06-28,40.00,USD,eBay,unknown,FALSE,,,2000 Pokemon TCG Team Rocket Rainbow Energy 1st Edition Holo 17/82 PSA 8 17/82,https://www.ebay.es/itm/188561181358,PriceCharting
Team Rocket,Rainbow Energy,17/82,1st Edition,PSA 8,2026-06-28,42.00,USD,eBay,best offer,TRUE,,,2000 POKEMON ROCKET #17 RAINBOW ENERGY-HOLO PSA 8 #17,https://www.ebay.es/itm/306523352464,PriceCharting
Team Rocket,Rainbow Energy,17/82,1st Edition,PSA 8,2026-06-12,52.00,USD,eBay,unknown,FALSE,,,Rainbow Energy 2000 Team Rocket #17 🔥 1st Edition HOLO PSA 8 🔥 Vintage Pokemon #17,https://www.ebay.es/itm/366449733727,PriceCharting
Team Rocket,Rainbow Energy,17/82,1st Edition,PSA 8,2026-06-11,51.00,USD,eBay,unknown,FALSE,,,POKEMON RAINBOW ENERGY 2000 ROCKET 1ST EDITION #17 HOLO PSA 8 #17,https://www.ebay.es/itm/800113312623,PriceCharting
Team Rocket,Rainbow Energy,17/82,1st Edition,PSA 8,2026-06-08,82.47,USD,eBay,unknown,FALSE,,,Pokemon TCG Rainbow Energy 17/82 Holo Team Rocket 1st Edition 2000 Vintage PSA 8 17/82,https://www.ebay.es/itm/278063372597,PriceCharting
Team Rocket,Rainbow Energy,17/82,1st Edition,PSA 8,2026-05-17,65.00,USD,eBay,best offer,TRUE,,,2000 POKEMON ROCKET 1ST EDITION #17 RAINBOW ENERGY-HOLO PSA 8 #17,https://www.ebay.es/itm/306916670278,PriceCharting
Team Rocket,Rainbow Energy,17/82,1st Edition,PSA 8,2026-05-04,46.00,USD,eBay,unknown,FALSE,,,2000 POKEMON ROCKET 1ST EDITION #17 RAINBOW ENERGY-HOLO PSA 8 #17,https://www.ebay.es/itm/117162548131,PriceCharting
Team Rocket,Rainbow Energy,17/82,1st Edition,PSA 8,2026-04-21,39.99,USD,eBay,unknown,FALSE,,,2000 POKEMON ROCKET #17 RAINBOW ENERGY-HOLO PSA 8 #17,https://www.ebay.es/itm/306798577533,PriceCharting
Team Rocket,Rainbow Energy,17/82,1st Edition,PSA 8,2026-04-09,51.00,USD,eBay,unknown,FALSE,,,2000 POKEMON ROCKET 1ST EDITION #17 RAINBOW ENERGY-HOLO PSA 8 #17,https://www.ebay.es/itm/298179406244,PriceCharting
Team Rocket,Rainbow Energy,17/82,1st Edition,PSA 8,2026-03-30,54.00,USD,eBay,best offer,TRUE,,,2000 Pokemon Team Rocket First Edition Rainbow Energy Holo #17/82 PSA 8 17/82,https://www.ebay.es/itm/127716412077,PriceCharting
Team Rocket,Rainbow Energy,17/82,1st Edition,PSA 8,2026-03-30,50.39,USD,eBay,unknown,FALSE,,,2000 Pokémon Team Rocket Holo Rare Rainbow Energy First Edition 17/82 PSA 8,https://www.ebay.es/itm/358365984906,PriceCharting
Team Rocket,Rainbow Energy,17/82,1st Edition,PSA 8,2026-03-22,51.00,USD,eBay,unknown,FALSE,,,2000 Pokemon Team Rocket First Edition Rainbow Energy Holo #17/82 PSA 8,https://www.ebay.es/itm/127748859452,PriceCharting
Team Rocket,Rainbow Energy,17/82,1st Edition,PSA 8,2026-03-14,74.99,USD,eBay,unknown,FALSE,,,PSA 8 1st Edition Rainbow Energy Holo 17/82 Team Rocket Set Pokemon 2000 17/82,https://www.ebay.es/itm/188059587257,PriceCharting
Team Rocket,Rainbow Energy,17/82,1st Edition,PSA 8,2026-03-12,40.00,USD,eBay,best offer,TRUE,,,2000 Pokémon Team Rocket Holo Rare Rainbow Energy First Edition 17/82 PSA 8 17/82,https://www.ebay.es/itm/397664874158,PriceCharting
Team Rocket,Rainbow Energy,17/82,1st Edition,PSA 9,2026-08-18,105.50,USD,eBay,unknown,FALSE,,,Pokémon Team Rocket Rainbow Energy 17/82 First Edition Holo Rare PSA 9 17/82,https://www.ebay.es/itm/358893423770,PriceCharting
Team Rocket,Rainbow Energy,17/82,1st Edition,PSA 9,2026-08-04,144.51,USD,eBay,unknown,FALSE,,,PSA 9 MINT Pokemon Rainbow Energy Team Rocket Holo 1st Edition 17/82,https://www.ebay.es/itm/198500284406,PriceCharting
Team Rocket,Rainbow Energy,17/82,1st Edition,PSA 9,2026-08-03,132.50,USD,eBay,unknown,FALSE,,,Pokémon Team Rocket Rainbow Energy 17/82 First Edition Holo Rare PSA 9 17/82,https://www.ebay.es/itm/358838809594,PriceCharting
Team Rocket,Rainbow Energy,17/82,1st Edition,PSA 9,2026-07-19,71.40,USD,eBay,unknown,FALSE,,,Pokemon Rainbow Energy Holo Team Rocket 17 1st Edition PSA 9 Mint #17,https://www.ebay.es/itm/287450316894,PriceCharting
Team Rocket,Rainbow Energy,17/82,1st Edition,PSA 9,2026-07-18,105.07,USD,eBay,unknown,FALSE,,,2000 POKEMON ROCKET 1ST EDITION #17 RAINBOW ENERGY-HOLO PSA 9 #17,https://www.ebay.es/itm/307052338679,PriceCharting
Team Rocket,Rainbow Energy,17/82,1st Edition,PSA 9,2026-07-13,130.00,USD,eBay,unknown,FALSE,,,PSA 9 MINT Rainbow Energy 17 Team Rocket 1st Edition Holo Pokemon Card #17,https://www.ebay.es/itm/287453493232,PriceCharting
Team Rocket,Rainbow Energy,17/82,1st Edition,PSA 9,2026-07-10,130.00,USD,eBay,unknown,FALSE,,,PSA 9 MINT Rainbow Energy 17 Team Rocket 1st Edition Holo Pokemon Card #17,https://www.ebay.es/itm/147422793313,PriceCharting
Team Rocket,Rainbow Energy,17/82,1st Edition,PSA 9,2026-06-23,120.00,USD,eBay,best offer,TRUE,,,Pokemon TCG 2000 Team Rocket Rainbow Energy 17/82 Holo 1st Ed PSA 9 17/82,https://www.ebay.es/itm/407013283317,PriceCharting
Team Rocket,Rainbow Energy,17/82,1st Edition,PSA 9,2026-06-21,130.00,USD,eBay,unknown,FALSE,,,Pokemon Rainbow Energy Team Rocket 1st Edition Holo Rare #17 PSA 9 Mint,https://www.ebay.es/itm/287386658388,PriceCharting
Team Rocket,Rainbow Energy,17/82,1st Edition,PSA 9,2026-06-15,115.49,USD,eBay,unknown,FALSE,,,2000 Pokemon 1st FIRST Edition - HOLO PSA 9 - Rainbow Energy 17/82 Team Rocket 17/82,https://www.ebay.es/itm/336628267381,PriceCharting
Team Rocket,Rainbow Energy,17/82,1st Edition,PSA 9,2026-05-30,154.99,USD,eBay,unknown,FALSE,,,2000 POKEMON TEAM ROCKET #17 RAINBOW ENERGY 1ST EDITION HOLO PSA 9 17/82,https://www.ebay.es/itm/298298648389,PriceCharting
Team Rocket,Rainbow Energy,17/82,1st Edition,PSA 9,2026-05-22,155.00,USD,eBay,unknown,FALSE,,,Pokemon Rainbow Energy Team Rocket 1st Edition Holo Rare #17 PSA 9 Mint,https://www.ebay.es/itm/287232988477,PriceCharting
Team Rocket,Rainbow Energy,17/82,1st Edition,PSA 9,2026-05-22,130.00,USD,eBay,best offer,TRUE,,,Pokemon Rainbow Energy 17/82 Team Rocket Holo 1st Edition Psa 9 17/82,https://www.ebay.es/itm/168346720788,PriceCharting
Team Rocket,Rainbow Energy,17/82,1st Edition,PSA 9,2026-05-14,127.50,USD,eBay,unknown,FALSE,,,POKEMON RAINBOW ENERGY 2000 ROCKET #17 HOLO 1ST EDITION PSA 9 #17,https://www.ebay.es/itm/389980426381,PriceCharting
Team Rocket,Rainbow Energy,17/82,1st Edition,PSA 9,2026-05-09,65.07,USD,eBay,unknown,FALSE,,,Pokemon Rainbow Energy Team Rocket 1st Edition Holo Rare #17 PSA 9 Mint,https://www.ebay.es/itm/146458806003,PriceCharting
Team Rocket,Rainbow Energy,17/82,1st Edition,PSA 9,2026-05-04,86.50,USD,eBay,unknown,FALSE,,,Pokemon Rainbow Energy Team Rocket 1st Edition Holo Rare #17 PSA 9 Mint,https://www.ebay.es/itm/287292261798,PriceCharting
Team Rocket,Rainbow Energy,17/82,1st Edition,PSA 9,2026-04-26,142.50,USD,eBay,unknown,FALSE,,,Pokemon TCG Team Rocket Rainbow Energy 17/82 Holo Rare 1st Ed PSA 9 English 2000 17/82,https://www.ebay.es/itm/178062381823,PriceCharting
Team Rocket,Rainbow Energy,17/82,1st Edition,PSA 9,2026-04-23,161.00,USD,eBay,unknown,FALSE,,,Pokémon PSA 9 1st Edition Rainbow Energy 17/82 Team Rocket Holo 17/82,https://www.ebay.es/itm/168325494017,PriceCharting
Team Rocket,Rainbow Energy,17/82,1st Edition,PSA 9,2026-04-12,58.12,USD,eBay,unknown,FALSE,,,Pokemon Rainbow Energy Team Rocket 1st Edition Holo Rare #17 PSA 9 Mint,https://www.ebay.es/itm/287247568906,PriceCharting
Team Rocket,Rainbow Energy,17/82,1st Edition,PSA 9,2026-04-12,134.99,USD,eBay,unknown,FALSE,,,Pokemon PSA 9 Mint 1st Edition Team Rocket Holo Rainbow Energy 17/82 17/82,https://www.ebay.es/itm/326953665994,PriceCharting
Team Rocket,Rainbow Energy,17/82,1st Edition,PSA 10,2025-11-15,2200.00,USD,eBay,unknown,FALSE,,,Pokemon Rainbow Energy Team Rocket 1st Edition HOLO SWIRL #17 PSA 10 Gem Mint #17,https://www.ebay.es/itm/167916554297,PriceCharting
Team Rocket,Rainbow Energy,17/82,1st Edition,PSA 10,2025-08-25,1699.99,USD,eBay,unknown,FALSE,,,Pokemon Rainbow Energy 1st Edition PSA 10 Gem Mint Holo Team Rocket 17/82 17/82,https://www.ebay.es/itm/226939861754,PriceCharting
Team Rocket,Rainbow Energy,17/82,1st Edition,PSA 10,2025-07-01,1251.00,USD,eBay,unknown,FALSE,,,2000 Pokemon Rocket 1st Edition #17 Rainbow Energy Holo PSA 10 GEM MINT,https://www.ebay.es/itm/388624492307,PriceCharting
Team Rocket,Rainbow Energy,17/82,1st Edition,PSA 10,2025-05-13,1699.99,USD,eBay,unknown,FALSE,,,PSA 10 GEM MINT Pokemon RAINBOW ENERGY Holo Rare Team Rocket First Edition 17/82 #17,https://www.ebay.es/itm/316484083197,PriceCharting
Team Rocket,Rainbow Energy,17/82,1st Edition,PSA 10,2025-03-02,1825.00,USD,eBay,unknown,FALSE,,,Pokemon Rainbow Energy Team Rocket 1st Edition Holo Rare #17 PSA 10 Gem Mint,https://www.ebay.es/itm/286349681225,PriceCharting
Team Rocket,Rainbow Energy,17/82,1st Edition,PSA 10,2024-12-16,1395.00,USD,eBay,unknown,FALSE,,,2000 Pokémon TCG 1st Edition Team Rocket Rainbow Energy Holo Card #17 Psa 10 Gem #17,https://www.ebay.es/itm/356224841895,PriceCharting
Team Rocket,Rainbow Energy,17/82,1st Edition,PSA 10,2024-09-28,999.00,USD,eBay,unknown,FALSE,,,PSA 10 GEM MINT Rainbow Energy 17/82 Holo 1st Edition Team Rocket 2000 Pokemon 17/82,https://www.ebay.es/itm/326193099207,PriceCharting
Team Rocket,Rainbow Energy,17/82,1st Edition,PSA 10,2024-09-26,1200.00,USD,eBay,unknown,FALSE,,,PSA 10 GEM MINT Rainbow Energy 17/82 Holo 1st Edition Team Rocket 2000 Pokemon 17/82,https://www.ebay.es/itm/395688322547,PriceCharting
Team Rocket,Rainbow Energy,17/82,1st Edition,PSA 10,2024-05-18,800.00,USD,eBay,unknown,FALSE,,,2000 Team Rocket 17 Rainbow Energy 1st Edition Holo Rare Pokemon TCG Card PSA 10 #17,https://www.ebay.es/itm/226137662050,PriceCharting
Team Rocket,Rainbow Energy,17/82,1st Edition,PSA 10,2024-05-06,999.99,USD,eBay,unknown,FALSE,,,2000 Team Rocket 17 Rainbow Energy 1st Edition Holo Rare Pokemon TCG Card PSA 10 #17,https://www.ebay.es/itm/116014398234,PriceCharting
Team Rocket,Rainbow Energy,17/82,Unlimited,PSA 8,2026-09-11,37.00,USD,eBay,best offer,TRUE,,,Wizards of the Coast Pokemon Team Rocket Rainbow Energy Holo 17/82 PSA 8 17/82,https://www.ebay.es/itm/407122652378,PriceCharting
Team Rocket,Rainbow Energy,17/82,Unlimited,PSA 8,2026-08-02,49.00,USD,eBay,best offer,TRUE,,,Pokémon Rainbow Energy Holo Rare 17/82 Team Rocket PSA 8 English ⚡️⚡️⚡️ 17/82,https://www.ebay.es/itm/168425483245,PriceCharting
Team Rocket,Rainbow Energy,17/82,Unlimited,PSA 8,2026-07-04,41.00,USD,eBay,best offer,TRUE,,,Graded Vintage Pokemon - Rainbow Energy 17/82 Team Rocket Holo - PSA 8 17/82,https://www.ebay.es/itm/318540401490,PriceCharting
Team Rocket,Rainbow Energy,17/82,Unlimited,PSA 8,2026-06-29,44.99,USD,eBay,unknown,FALSE,,,Pokemon TCG Rainbow Energy Team Rocket Holo Rare #17 PSA 8 2000 Wizards Holo 17/82,https://www.ebay.es/itm/137215182139,PriceCharting
Team Rocket,Rainbow Energy,17/82,Unlimited,PSA 8,2026-05-20,40.00,USD,eBay,unknown,FALSE,,,2000 Pokemon TEAM ROCKET #17 RAINBOW ENERGY - Holo PSA 8 NM-MT 17/82,https://www.ebay.es/itm/257242263625,PriceCharting
Team Rocket,Rainbow Energy,17/82,Unlimited,PSA 8,2026-03-20,50.26,USD,eBay,unknown,FALSE,,,2000 Pokemon Rocket Rainbow Energy 17/82 - Holo - Team Rocket - PSA 8,https://www.ebay.es/itm/168208362923,PriceCharting
Team Rocket,Rainbow Energy,17/82,Unlimited,PSA 8,2026-02-11,55.00,USD,eBay,unknown,FALSE,,,PSA 8 Team Rocket Rainbow Energy Holo 17/82 NM-MT 2000 Pokemon Card 17/82,https://www.ebay.es/itm/267566839618,PriceCharting
Team Rocket,Rainbow Energy,17/82,Unlimited,PSA 8,2026-02-02,39.99,USD,eBay,unknown,FALSE,,,2000 Pokemon TEAM ROCKET #17 RAINBOW ENERGY - Holo PSA 8 NM-MT 17/82,https://www.ebay.es/itm/287088955949,PriceCharting
Team Rocket,Rainbow Energy,17/82,Unlimited,PSA 8,2026-01-26,17.52,USD,eBay,unknown,FALSE,,,Pokemon Rainbow Energy Team Rocket Unlimited Holo Rare #17 PSA 8,https://www.ebay.es/itm/287073037580,PriceCharting
Team Rocket,Rainbow Energy,17/82,Unlimited,PSA 8,2025-11-27,32.00,USD,eBay,best offer,TRUE,,,Rainbow Energy Holo Team Rocket PSA 8 2000 WOTC Pokémon Card #17 17/82,https://www.ebay.es/itm/317341692856,PriceCharting
Team Rocket,Rainbow Energy,17/82,Unlimited,PSA 8,2025-10-24,40.00,USD,eBay,best offer,TRUE,,,Pokemon Team Rocket Rainbow Energy 17/82 PSA 8,https://www.ebay.es/itm/375877735052,PriceCharting
Team Rocket,Rainbow Energy,17/82,Unlimited,PSA 9,2026-05-17,85.00,USD,eBay,best offer,TRUE,,,Pokémon TCG 2000 Team Rocket Rainbow Energy Holo Rare 17/82 PSA 9 English 17/82,https://www.ebay.es/itm/168364573779,PriceCharting
Team Rocket,Rainbow Energy,17/82,Unlimited,PSA 9,2026-04-17,94.61,USD,eBay,unknown,FALSE,,,Pokémon TCG Rainbow Energy 17/82 Team Rocket Holo PSA 9 MINT 17/82,https://www.ebay.es/itm/137051617607,PriceCharting
Team Rocket,Rainbow Energy,17/82,Unlimited,PSA 9,2026-04-01,59.87,USD,eBay,unknown,FALSE,,,CRACKED Pokémon TCG Rainbow Energy 17/82 Team Rocket Holo PSA 9 MINT 17/82,https://www.ebay.es/itm/136976012115,PriceCharting
Team Rocket,Rainbow Energy,17/82,Unlimited,PSA 9,2026-02-19,94.36,USD,eBay,unknown,FALSE,,,Pokémon TCG Rainbow Energy 17/82 Team Rocket Holo PSA 9 MINT 17/82,https://www.ebay.es/itm/136975977561,PriceCharting
Team Rocket,Rainbow Energy,17/82,Unlimited,PSA 9,2025-11-17,16.50,USD,eBay,unknown,FALSE,,,Pokemon Rainbow Energy Team Rocket Unlimited Holo Rare #17 PSA 9 Mint,https://www.ebay.es/itm/286922256469,PriceCharting
Team Rocket,Rainbow Energy,17/82,Unlimited,PSA 9,2025-10-30,86.97,USD,eBay,best offer,TRUE,,,Pokémon TCG Rainbow Energy 17/82 Team Rocket Holo PSA 9 MINT 17/82,https://www.ebay.es/itm/136623355459,PriceCharting
Team Rocket,Rainbow Energy,17/82,Unlimited,PSA 9,2025-09-29,30.00,USD,eBay,unknown,FALSE,,,💫SWIRL PSA 9 HOLO Rainbow Energy 17/82 Team Rocket Holo 2000 Pokemon. MINT WOTC 17/82,https://www.ebay.es/itm/267407096139,PriceCharting
Team Rocket,Rainbow Energy,17/82,Unlimited,PSA 9,2025-08-30,110.00,USD,eBay,unknown,FALSE,,,2000 Pokemon Rainbow Energy Holo Team Rocket 17/82 PSA 9 17/82,https://www.ebay.es/itm/286779124176,PriceCharting
Team Rocket,Rainbow Energy,17/82,Unlimited,PSA 9,2025-07-23,171.00,USD,eBay,unknown,FALSE,,,Rainbow Energy 17/82 Team Rocket Holo *1 SWIRL* 200 Pokémon Card PSA 9 MINT 17/82,https://www.ebay.es/itm/156669300344,PriceCharting
Team Rocket,Rainbow Energy,17/82,Unlimited,PSA 9,2025-07-01,80.00,USD,eBay,unknown,FALSE,,,PSA 9 - Pokemon RAINBOW ENERGY 17/82 - TEAM ROCKET - Holo MINT 17/82,https://www.ebay.es/itm/357159872952,PriceCharting
Team Rocket,Rainbow Energy,17/82,Unlimited,PSA 9,2025-04-09,91.60,USD,eBay,unknown,FALSE,,,Pokemon Card Rainbow Energy 17/82 Team Rocket Holo Rare PSA 9 MINT,https://www.ebay.es/itm/266992778348,PriceCharting
Team Rocket,Rainbow Energy,17/82,Unlimited,PSA 9,2025-03-04,58.00,USD,eBay,unknown,FALSE,,,Rainbow Energy 17/82 PSA 9 Mint Holo Rare Pokemon Card Unlimited Team Rocket 17/82,https://www.ebay.es/itm/235973872424,PriceCharting
Team Rocket,Rainbow Energy,17/82,Unlimited,PSA 9,2025-02-15,59.10,USD,eBay,unknown,FALSE,,,Pokemon Card Rainbow Energy 17/82 Team Rocket Holo Rare PSA 9 MINT,https://www.ebay.es/itm/167313354274,PriceCharting
Team Rocket,Rainbow Energy,17/82,Unlimited,PSA 10,2025-10-02,960.00,USD,eBay,unknown,FALSE,,,PSA 10 GEM MINT Pokemon Rainbow Energy Holo Rare Team Rocket 17/82 Unlimited,https://www.ebay.es/itm/376573745220,PriceCharting
Team Rocket,Dark Raichu,83/82,1st Edition,PSA 8,2026-09-12,375.00,USD,eBay,unknown,FALSE,,,PSA 8 NM-MT Dark Raichu #83 1st Edition 2000 Pokemon Team Rocket Holo 83/82,https://www.ebay.es/itm/820114778336,PriceCharting
Team Rocket,Dark Raichu,83/82,1st Edition,PSA 8,2026-09-12,385.00,USD,eBay,best offer,TRUE,,,2000 Pokemon Team Rocket Dark Raichu #83 PSA 8 1st Edition Holo NM-MT #83,https://www.ebay.es/itm/398375204837,PriceCharting
Team Rocket,Dark Raichu,83/82,1st Edition,PSA 8,2026-09-11,399.00,USD,eBay,unknown,FALSE,,,2000 Pokemon Team Rocket First Edition #83/82 Dark Raichu Holo PSA 8 w/ SWIRL!,https://www.ebay.es/itm/336710187000,PriceCharting
Team Rocket,Dark Raichu,83/82,1st Edition,PSA 8,2026-09-09,376.20,USD,eBay,best offer,TRUE,,,Pokémon TCG - Dark Raichu Holo 83/82 - 1st Edition - PSA 8 83/82,https://www.ebay.es/itm/800625781686,PriceCharting
Team Rocket,Dark Raichu,83/82,1st Edition,PSA 8,2026-09-01,345.00,USD,eBay,unknown,FALSE,,,2000 Pokemon Team Rocket First Edition Dark Raichu Rare Holo #83/82 PSA 8,https://www.ebay.es/itm/128046263566,PriceCharting
Team Rocket,Dark Raichu,83/82,1st Edition,PSA 8,2026-09-01,379.99,USD,eBay,unknown,FALSE,,,2000 Pokemon Team Rocket Dark Raichu 1st Edition Holo PSA 8 #83/82 83/82,https://www.ebay.es/itm/158243589235,PriceCharting
Team Rocket,Dark Raichu,83/82,1st Edition,PSA 8,2026-08-30,442.64,USD,eBay,unknown,FALSE,,,2000 Pokémon Team Rocket 1st Edition 83/82 Dark Raichu Holo PSA 8 83/82,https://www.ebay.es/itm/188828540047,PriceCharting
Team Rocket,Dark Raichu,83/82,1st Edition,PSA 8,2026-08-28,381.60,USD,eBay,unknown,FALSE,,,The Pokémon Company 2000 Dark Raichu 83/82 Team Rocket Holo 1st Edition PSA 8 83/82,https://www.ebay.es/itm/188827326595,PriceCharting
Team Rocket,Dark Raichu,83/82,1st Edition,PSA 8,2026-08-14,399.00,USD,eBay,unknown,FALSE,,,2000 Pokemon TCG Team Rocket 1st Edition #83 Dark Raichu Holo PSA 8 - SWIRL #83,https://www.ebay.es/itm/257664012584,PriceCharting
Team Rocket,Dark Raichu,83/82,1st Edition,PSA 8,2026-08-02,357.00,USD,eBay,unknown,FALSE,,,Pokemon Dark Raichu Holo Secret Rare Team Rocket 83 1st Edition PSA 8 #83,https://www.ebay.es/itm/287481268391,PriceCharting
Team Rocket,Dark Raichu,83/82,1st Edition,PSA 8,2026-07-27,425.00,USD,eBay,unknown,FALSE,,,Pokemon Dark Raichu #83 Team Rocket 1st Edition PSA 8 NM-MT,https://www.ebay.es/itm/188640081057,PriceCharting
Team Rocket,Dark Raichu,83/82,1st Edition,PSA 8,2026-07-21,395.00,USD,eBay,unknown,FALSE,,,SWIRL! 2000 Pokemon Team Rocket Dark Raichu Holo 1st Edition 83/82 PSA 8 83/82,https://www.ebay.es/itm/227424142724,PriceCharting
Team Rocket,Dark Raichu,83/82,1st Edition,PSA 8,2026-07-16,355.00,USD,eBay,unknown,FALSE,,,2000 Pokemon Team Rocket First Edition Dark Raichu Holo #83/82 PSA 8,https://www.ebay.es/itm/127968251264,PriceCharting
Team Rocket,Dark Raichu,83/82,1st Edition,PSA 8,2026-07-06,311.89,USD,eBay,unknown,FALSE,,,PSA 8 NM-MT Dark Raichu #83 1st Edition 2000 Pokemon Team Rocket Holo 83/82,https://www.ebay.es/itm/407027754396,PriceCharting
Team Rocket,Dark Raichu,83/82,1st Edition,PSA 8,2026-07-04,420.00,USD,eBay,unknown,FALSE,,,Pokemon Dark Raichu Team Rocket 1st Edition Holo Secret Rare #83 PSA 8 83/82,https://www.ebay.es/itm/158032500668,PriceCharting
Team Rocket,Dark Raichu,83/82,1st Edition,PSA 9,2026-09-15,920.00,USD,eBay,best offer,TRUE,,,2000 Pokemon Dark Raichu 1st Edition Team Rocket Holo #83 PSA 9 #83,https://www.ebay.es/itm/168553010203,PriceCharting
Team Rocket,Dark Raichu,83/82,1st Edition,PSA 9,2026-09-14,899.35,USD,eBay,unknown,FALSE,,,Pokémon TCG - Dark Raichu Holo 83/82 -Team Rocket 1st Edition - PSA 9 83/82,https://www.ebay.es/itm/287526687944,PriceCharting
Team Rocket,Dark Raichu,83/82,1st Edition,PSA 9,2026-09-10,1060.00,USD,eBay,unknown,FALSE,,,2000 POKEMON ROCKET 1ST EDITION #83 DARK RAICHU-HOLO PSA 9 #83,https://www.ebay.es/itm/117389975620,PriceCharting
Team Rocket,Dark Raichu,83/82,1st Edition,PSA 9,2026-08-31,810.00,USD,eBay,unknown,FALSE,,,Pokemon Dark Raichu Holo Team Rocket 83 1st Edition PSA 9 Mint #83,https://www.ebay.es/itm/287541277607,PriceCharting
Team Rocket,Dark Raichu,83/82,1st Edition,PSA 9,2026-08-22,1026.62,USD,eBay,unknown,FALSE,,,⚡ Dark Raichu ⚡ 1st Edition Pokemon Card Holo PSA 9 Mint Team Rocket 83/82 #83,https://www.ebay.es/itm/158208509068,PriceCharting
Team Rocket,Dark Raichu,83/82,1st Edition,PSA 9,2026-08-22,901.08,USD,eBay,unknown,FALSE,,,2000 POKEMON TCG TEAM ROCKET DARK RAICHU HOLO 1ST EDITION 83/82 PSA 9 83/82,https://www.ebay.es/itm/178407940845,PriceCharting
Team Rocket,Dark Raichu,83/82,1st Edition,PSA 9,2026-08-17,848.00,USD,eBay,unknown,FALSE,,,Pokemon Dark Raichu Holo Secret Rare Team Rocket 83 1st Edition PSA 9 Mint #83,https://www.ebay.es/itm/287511103176,PriceCharting
Team Rocket,Dark Raichu,83/82,1st Edition,PSA 9,2026-08-10,862.00,USD,eBay,unknown,FALSE,,,2000 Pokemon Team Rocket First Edition Dark Raichu Holo #83/82 PSA 9,https://www.ebay.es/itm/377388206579,PriceCharting
Team Rocket,Dark Raichu,83/82,1st Edition,PSA 9,2026-08-02,850.00,USD,eBay,best offer,TRUE,,,Dark Raichu Holo 83/82 1st Edition Pokemon Team Rocket English Mint PSA 9 83/82,https://www.ebay.es/itm/298518356267,PriceCharting
Team Rocket,Dark Raichu,83/82,1st Edition,PSA 9,2026-08-02,752.68,USD,eBay,unknown,FALSE,,,2000 Pokemon Team Rocket First Edition Dark Raichu Holo #83/82 PSA 9,https://www.ebay.es/itm/377374205324,PriceCharting
Team Rocket,Dark Raichu,83/82,1st Edition,PSA 9,2026-07-20,840.00,USD,eBay,unknown,FALSE,,,Dark Raichu 2000 Team Rocket #83🔥 1st Edition HOLO PSA 9 🔥RARE Vintage Pokemon #83,https://www.ebay.es/itm/366538941314,PriceCharting
Team Rocket,Dark Raichu,83/82,1st Edition,PSA 9,2026-07-19,830.00,USD,eBay,unknown,FALSE,,,Pokemon Dark Raichu Holo Secret Rare Team Rocket 83 1st Edition PSA 9 Mint #83,https://www.ebay.es/itm/287450313406,PriceCharting
Team Rocket,Dark Raichu,83/82,1st Edition,PSA 9,2026-07-19,801.00,USD,eBay,unknown,FALSE,,,Pokemon Dark Raichu Holo Team Rocket 83 1st Edition PSA 9 Mint #83,https://www.ebay.es/itm/287450316823,PriceCharting
Team Rocket,Dark Raichu,83/82,1st Edition,PSA 9,2026-07-16,849.50,USD,eBay,unknown,FALSE,,,Dark Raichu 83/82 Team Rocket 1st Edition Holo PSA 9 SWIRL 2000 Pokemon WOTC #83,https://www.ebay.es/itm/327252006071,PriceCharting
Team Rocket,Dark Raichu,83/82,1st Edition,PSA 10,2026-08-03,9100.00,USD,eBay,unknown,FALSE,,,2000 Pokemon Rocket 1st Edition #83 Dark Raichu Holo PSA 10 GEM MINT #83,https://www.ebay.es/itm/800413329219,PriceCharting
Team Rocket,Dark Raichu,83/82,1st Edition,PSA 10,2026-07-22,8000.00,USD,eBay,best offer,TRUE,,,2000 Pokemon Team Rocket Dark Raichu - Holo 1st Edition #83 PSA 10 - POP-246,https://www.ebay.es/itm/158003280251,PriceCharting
Team Rocket,Dark Raichu,83/82,1st Edition,PSA 10,2026-07-20,7000.00,USD,eBay,best offer,TRUE,,,Dark Raichu 2000 Pokemon Team Rocket 1st Edition #83 Holo PSA 10 83/82,https://www.ebay.es/itm/157981983590,PriceCharting
Team Rocket,Dark Raichu,83/82,1st Edition,PSA 10,2026-06-14,5955.00,USD,eBay,unknown,FALSE,,,Pokemon Dark Raichu Team Rocket 1st Edition Holo Secret Rare #83 SUNFADED PSA 10,https://www.ebay.es/itm/287372396151,PriceCharting
Team Rocket,Dark Raichu,83/82,1st Edition,PSA 10,2026-05-20,6422.00,USD,eBay,unknown,FALSE,,,2000 Pokemon Rocket 1st Edition #83 Dark Raichu Holo PSA 10 GEM MINT,https://www.ebay.es/itm/800010170998,PriceCharting
Team Rocket,Dark Raichu,83/82,1st Edition,PSA 10,2026-05-11,8200.00,USD,eBay,unknown,FALSE,,,2000 Pokemon Rocket 1st Edition #83 Dark Raichu Holo PSA 10 GEM MINT,https://www.ebay.es/itm/366385693033,PriceCharting
Team Rocket,Dark Raichu,83/82,1st Edition,PSA 10,2026-05-04,7758.00,USD,eBay,unknown,FALSE,,,Pokemon Dark Raichu Team Rocket 1st Edition Holo Rare #83/82 PSA 10 GEM MINT 83/82,https://www.ebay.es/itm/157841012062,PriceCharting
Team Rocket,Dark Raichu,83/82,1st Edition,PSA 10,2026-04-06,8300.00,USD,eBay,unknown,FALSE,,,Pokemon Dark Raichu Team Rocket 1st Edition Holo Secret Rare #83 PSA 10 Gem Mint,https://www.ebay.es/itm/287232915998,PriceCharting
Team Rocket,Dark Raichu,83/82,1st Edition,PSA 10,2026-03-29,6808.81,USD,eBay,unknown,FALSE,,,2000 POKEMON ROCKET 1ST EDITION #83 DARK RAICHU HOLO PSA 10 #83,https://www.ebay.es/itm/306835703008,PriceCharting
Team Rocket,Dark Raichu,83/82,1st Edition,PSA 10,2026-03-16,9136.00,USD,eBay,unknown,FALSE,,,Pokemon Dark Raichu Team Rocket 1st Edition Holo Secret Rare #83 PSA 10 Gem Mint,https://www.ebay.es/itm/287182392111,PriceCharting
Team Rocket,Dark Raichu,83/82,1st Edition,PSA 10,2026-02-13,6000.00,USD,eBay,unknown,FALSE,,,Pokemon Raichu Team Rocket 1st Edition Holo Secret Rare #83 PSA 10 Gem Mint,https://www.ebay.es/itm/286991075949,PriceCharting
Team Rocket,Dark Raichu,83/82,1st Edition,PSA 10,2026-01-15,4500.00,USD,eBay,unknown,FALSE,,,Pokemon Dark Raichu Team Rocket 1st Edition Holo Secret Rare #83 PSA 10 Gem Mint,https://www.ebay.es/itm/286991075954,PriceCharting
Team Rocket,Dark Raichu,83/82,1st Edition,PSA 10,2025-12-23,4900.00,USD,eBay,best offer,TRUE,,,1ST EDITION 2000 POKEMON TEAM ROCKET #83/82 DARK RAICHU HOLO PSA 10 83/82,https://www.ebay.es/itm/227104282595,PriceCharting
Team Rocket,Dark Raichu,83/82,1st Edition,PSA 10,2025-11-28,5206.81,USD,eBay,unknown,FALSE,,,2000 POKEMON TEAM ROCKET 1ST EDITION #83/82 DARK RAICHU HOLO PSA 10 83/82,https://www.ebay.es/itm/205860702959,PriceCharting
Team Rocket,Dark Raichu,83/82,1st Edition,PSA 10,2025-11-12,4700.00,USD,eBay,best offer,TRUE,,,Pokemon Dark Raichu #83 Team Rocket 1st Edition PSA 10 Gem Mint,https://www.ebay.es/itm/187732350657,PriceCharting
Team Rocket,Dark Raichu,83/82,1st Edition,PSA 10,2025-10-16,5000.00,USD,eBay,unknown,FALSE,,,Pokemon Dark Raichu Team Rocket 1st Edition #83 PSA 10 Gem Mint,https://www.ebay.es/itm/187364889166,PriceCharting
Team Rocket,Dark Raichu,83/82,1st Edition,PSA 10,2025-09-30,4000.00,USD,eBay,unknown,FALSE,,,Pokemon Dark Raichu Team Rocket 1st Edition Secret Rare Holo #83 PSA 10 Gem Mint #83,https://www.ebay.es/itm/167739673529,PriceCharting
Team Rocket,Dark Raichu,83/82,1st Edition,PSA 10,2025-09-01,3150.00,USD,eBay,unknown,FALSE,,,Pokemon Dark Raichu Team Rocket 1st Edition Secret Rare Holo #83 PSA 10 Gem Mint,https://www.ebay.es/itm/286778155360,PriceCharting
Team Rocket,Dark Raichu,83/82,1st Edition,PSA 10,2025-09-01,4161.00,USD,eBay,unknown,FALSE,,,Pokemon Dark Raichu Team Rocket 1st Edition Secret Rare Holo #83 PSA 10 Gem Mint #83,https://www.ebay.es/itm/317208284155,PriceCharting
Team Rocket,Dark Raichu,83/82,1st Edition,PSA 10,2025-08-04,3700.00,USD,eBay,unknown,FALSE,,,Pokemon Dark Raichu Team Rocket 1st Edition Secret Rare Holo #83 PSA 10 Gem Mint,https://www.ebay.es/itm/286726471334,PriceCharting
Team Rocket,Dark Raichu,83/82,1st Edition,PSA 10,2025-07-14,3686.00,USD,eBay,unknown,FALSE,,,Pokemon Dark Raichu Team Rocket 1st Edition Secret Rare Holo #83 PSA 10 Gem Mint,https://www.ebay.es/itm/286689934766,PriceCharting
Team Rocket,Dark Raichu,83/82,1st Edition,PSA 10,2025-07-13,4200.00,USD,eBay,unknown,FALSE,,,Pokemon Dark Raichu Team Rocket 1st Edition Holo Rare #83 PSA 10 Gem Mint #83,https://www.ebay.es/itm/286705064934,PriceCharting
Team Rocket,Dark Raichu,83/82,1st Edition,PSA 10,2025-03-12,5678.69,USD,eBay,unknown,FALSE,,,Swirl PSA 10 Dark Raichu 83/82 1st ED. Team Rocket Secret Holo Rare 2000 Pokemon #83,https://www.ebay.es/itm/135132923864,PriceCharting
Team Rocket,Dark Raichu,83/82,1st Edition,PSA 10,2025-02-18,2250.00,USD,eBay,unknown,FALSE,,,Pokemon Team Rocket 1st Edition Dark Raichu Secret Rare 83/82 Holo PSA 10 #83,https://www.ebay.es/itm/276861109754,PriceCharting
Team Rocket,Dark Raichu,83/82,1st Edition,PSA 10,2025-02-01,1799.00,USD,eBay,unknown,FALSE,,,POKEMON DARK RAICHU TEAM ROCKET FIRST EDITION PSA 10 HOLO #83 SECRET RARE GEM #83,https://www.ebay.es/itm/285797707333,PriceCharting
Team Rocket,Dark Raichu,83/82,1st Edition,PSA 10,2025-01-28,1599.95,USD,eBay,unknown,FALSE,,,Pokémon - Dark Raichu Team Rocket 1st Edition #83 PSA 10,https://www.ebay.es/itm/175844931758,PriceCharting
Team Rocket,Dark Raichu,83/82,1st Edition,PSA 10,2025-01-07,1250.00,USD,eBay,unknown,FALSE,,,Pokémon - Dark Raichu Team Rocket 1st Edition #83 PSA 10 #83,https://www.ebay.es/itm/356439134033,PriceCharting
Team Rocket,Dark Raichu,83/82,1st Edition,PSA 10,2024-08-28,1450.00,USD,eBay,unknown,FALSE,,,2000 Pokemon Team Rocket 1st Edition #83 Dark Raichu Holo PSA 10 GEM MINT,https://www.ebay.es/itm/375602725997,PriceCharting
Team Rocket,Dark Raichu,83/82,Unlimited,PSA 8,2026-09-23,231.67,USD,eBay,unknown,FALSE,,,Pokémon TCG Team Rocket Dark Raichu Holo 83/82 PSA 8 English 2000,https://www.ebay.es/itm/398413550879,PriceCharting
Team Rocket,Dark Raichu,83/82,Unlimited,PSA 8,2026-09-18,190.19,USD,eBay,unknown,FALSE,,,Pokemon Dark Raichu Team Rocket Unlimited Secret Rare Holo #83 PSA 8 - (W/Swirl) 83/82,https://www.ebay.es/itm/336784313919,PriceCharting
Team Rocket,Dark Raichu,83/82,Unlimited,PSA 8,2026-09-01,250.00,USD,eBay,unknown,FALSE,,,Pokemon PSA 8 Dark Raichu 83/82 Team Rocket EN Holo Secret Rare Unlimited 83/82,https://www.ebay.es/itm/800559158511,PriceCharting
Team Rocket,Dark Raichu,83/82,Unlimited,PSA 8,2026-09-01,189.99,USD,eBay,unknown,FALSE,,,Dark Raichu 83/82 Team Rocket Holo Pokémon TCG - PSA 8 83/82,https://www.ebay.es/itm/318787303579,PriceCharting
Team Rocket,Dark Raichu,83/82,Unlimited,PSA 8,2026-08-30,463.63,USD,eBay,unknown,FALSE,,,🔹PSA 8 NM-MT🔹Dark Raichu 83/82 Holo🔸2000 Team Rocket Pokemon TCG Graded Card 83/82,https://www.ebay.es/itm/800270282250,PriceCharting
Team Rocket,Dark Raichu,83/82,Unlimited,PSA 8,2026-08-25,199.98,USD,eBay,unknown,FALSE,,,Dark Raichu 83/82 Team Rocket Holo *TAIL SWIRL* Pokémon TCG - PSA 8 83/82,https://www.ebay.es/itm/188814786946,PriceCharting
Team Rocket,Dark Raichu,83/82,Unlimited,PSA 8,2026-08-22,130.00,USD,eBay,best offer,TRUE,,,Pokemon Team Rocket Dark Raichu 83/82 Holo Unlimited PSA 8 English 2000 83/82,https://www.ebay.es/itm/137648466851,PriceCharting
Team Rocket,Dark Raichu,83/82,Unlimited,PSA 8,2026-08-22,297.53,USD,eBay,best offer,TRUE,,,PSA 8 Pokemon Team Rocket Dark Raichu Holo Secret Rare 83/82 #83,https://www.ebay.es/itm/287436383234,PriceCharting
Team Rocket,Dark Raichu,83/82,Unlimited,PSA 8,2026-08-13,200.00,USD,eBay,unknown,FALSE,,,Pokemon PSA 8 Dark Raichu 83/82 Team Rocket EN Holo Secret Rare Unlimited 83/82,https://www.ebay.es/itm/800469802841,PriceCharting
Team Rocket,Dark Raichu,83/82,Unlimited,PSA 8,2026-07-29,205.00,USD,eBay,unknown,FALSE,,,Pokemon Team Rocket Dark Raichu ⚡️ 83/82 PSA 8 ⚡️ 83/82,https://www.ebay.es/itm/147425670501,PriceCharting
Team Rocket,Dark Raichu,83/82,Unlimited,PSA 8,2026-07-20,138.50,USD,eBay,unknown,FALSE,,,Pokemon 2000 Dark Raichu 83/82 Holo Secret Rare Team Rocket PSA 8 83/82,https://www.ebay.es/itm/407062125449,PriceCharting
Team Rocket,Dark Raichu,83/82,Unlimited,PSA 8,2026-07-03,152.50,USD,eBay,unknown,FALSE,,,2000 POKEMON TEAM ROCKET UNLIMITED EDITION #83 DARK RAICHU-HOLO PSA 8 w/ SWIRL #83,https://www.ebay.es/itm/227405126352,PriceCharting
Team Rocket,Dark Raichu,83/82,Unlimited,PSA 8,2026-06-22,195.50,USD,eBay,unknown,FALSE,,,2000 POKEMON ROCKET #83 DARK RAICHU-HOLO PSA 8 #83,https://www.ebay.es/itm/117247158972,PriceCharting
Team Rocket,Dark Raichu,83/82,Unlimited,PSA 9,2026-09-24,428.00,USD,eBay,best offer,TRUE,,,Pokemon Team Rocket Dark Raichu 83/82 PSA 9 *437,https://www.ebay.es/itm/398417532894,PriceCharting
Team Rocket,Dark Raichu,83/82,Unlimited,PSA 9,2026-09-08,260.00,USD,eBay,best offer,TRUE,,,2000 Pokemon Team Rocket Dark Raichu 83/82 Holo Secret Rare PSA 9 ENG 83/82,https://www.ebay.es/itm/147558109749,PriceCharting
Team Rocket,Dark Raichu,83/82,Unlimited,PSA 9,2026-09-01,300.00,USD,eBay,unknown,FALSE,,,Pokemon Dark Raichu Holo Team Rocket 83 PSA 9 Mint #83,https://www.ebay.es/itm/147540832694,PriceCharting
Team Rocket,Dark Raichu,83/82,Unlimited,PSA 9,2026-08-30,315.00,USD,eBay,unknown,FALSE,,,Pokemon Dark Raichu Holo Team Rocket 83 PSA 9 Mint #83,https://www.ebay.es/itm/287541280322,PriceCharting
Team Rocket,Dark Raichu,83/82,Unlimited,PSA 9,2026-08-30,349.00,USD,eBay,unknown,FALSE,,,Pokemon Team Rocket Dark Raichu PSA 9 83/82,https://www.ebay.es/itm/147509997516,PriceCharting
Team Rocket,Dark Raichu,83/82,Unlimited,PSA 9,2026-08-18,250.00,USD,eBay,best offer,TRUE,,,Pokemon Team Rocket Dark Raichu 83/82 Holo Secret Rare PSA 9 English 2000 83/82,https://www.ebay.es/itm/137636348153,PriceCharting
Team Rocket,Dark Raichu,83/82,Unlimited,PSA 9,2026-08-08,275.00,USD,eBay,unknown,FALSE,,,Pokemon 2000 Dark Raichu 83/82 Holo Team Rocket PSA 9 83/82,https://www.ebay.es/itm/407111813889,PriceCharting
Team Rocket,Dark Raichu,83/82,Unlimited,PSA 9,2026-07-25,310.00,USD,eBay,best offer,TRUE,,,Pokémon TCG 2000 Team Rocket Dark Raichu Holo Secret Rare #83/82 PSA 9 English 83/82,https://www.ebay.es/itm/377365853346,PriceCharting
Team Rocket,Dark Raichu,83/82,Unlimited,PSA 9,2026-07-14,305.00,USD,eBay,unknown,FALSE,,,Pokemon Dark Raichu Holo Secret Rare Team Rocket 83 PSA 9 Mint #83,https://www.ebay.es/itm/127970948524,PriceCharting
Team Rocket,Dark Raichu,83/82,Unlimited,PSA 9,2026-07-12,311.00,USD,eBay,unknown,FALSE,,,Pokemon Dark Raichu Holo Secret Rare Team Rocket 83 PSA 9 Mint #83,https://www.ebay.es/itm/287433881629,PriceCharting
Team Rocket,Dark Raichu,83/82,Unlimited,PSA 9,2026-07-07,330.00,USD,eBay,best offer,TRUE,,,Pokemon TCG Dark Raichu 83/82 Team Rocket Holo Secret Rare Unlimited PSA 9 83/82,https://www.ebay.es/itm/358764281350,PriceCharting
Team Rocket,Dark Raichu,83/82,Unlimited,PSA 9,2026-06-27,376.95,USD,eBay,unknown,FALSE,,,Pokemon Team Rocket Dark Raichu 83/82 PSA 9 *949,https://www.ebay.es/itm/397923206990,PriceCharting
Team Rocket,Dark Raichu,83/82,Unlimited,PSA 9,2026-06-12,301.00,USD,eBay,unknown,FALSE,,,2000 WOTC POKEMON TEAM ROCKET UNLIMITED DARK RAICHU #83/82 HOLO RARE PSA 9 MINT 83/82,https://www.ebay.es/itm/358622527702,PriceCharting
Team Rocket,Dark Raichu,83/82,Unlimited,PSA 9,2026-06-11,349.99,USD,eBay,unknown,FALSE,,,Pokemon Dark Raichu Team Rocket Unlimited Holo Secret Rare #83 PSA 9 Mint,https://www.ebay.es/itm/287136299546,PriceCharting
Team Rocket,Dark Raichu,83/82,Unlimited,PSA 9,2026-06-06,306.00,USD,eBay,unknown,FALSE,,,2000 POKEMON ROCKET #83 DARK RAICHU-HOLO PSA 9 #83,https://www.ebay.es/itm/306968905335,PriceCharting
Team Rocket,Dark Raichu,83/82,Unlimited,PSA 9,2026-05-24,304.99,USD,eBay,unknown,FALSE,,,Pokemon Dark Raichu Team Rocket Unlimited Holo Secret Rare #83 PSA 9 Mint #83,https://www.ebay.es/itm/157916862232,PriceCharting
Team Rocket,Dark Raichu,83/82,Unlimited,PSA 9,2026-05-12,352.04,USD,eBay,unknown,FALSE,,,PSA 9 Dark Raichu Holo 2000 Team Rocket Pokemon - English Unlimited #83 Secret 83/82,https://www.ebay.es/itm/227328493410,PriceCharting
Team Rocket,Dark Raichu,83/82,Unlimited,PSA 10,2026-07-23,7877.77,USD,eBay,unknown,FALSE,,,2000 Pokemon Team Rocket Unlimited Dark Raichu Holo PSA 10 POP 33!!!,https://www.ebay.es/itm/800348428261,PriceCharting
Team Rocket,Dark Raichu,83/82,Unlimited,PSA 10,2026-02-22,3618.00,USD,eBay,unknown,FALSE,,,Pokemon Dark Raichu Team Rocket Unlimited Holo Secret Rare #83 PSA 10 Gem Mint,https://www.ebay.es/itm/287140622643,PriceCharting
Team Rocket,Dark Raichu,83/82,Unlimited,PSA 10,2025-08-25,2801.00,USD,eBay,unknown,FALSE,,,Pokemon Dark Raichu Team Rocket Unlimited Secret Rare Holo #83 PSA 10 Gem Mint,https://www.ebay.es/itm/286766001580,PriceCharting
Team Rocket,Dark Raichu,83/82,Unlimited,PSA 10,2024-10-15,600.00,USD,eBay,unknown,FALSE,,,PSA 10 Dark Raichu 83/82 Team Rocket Pokemon Card 2000 Swirl🌀 83/82,https://www.ebay.es/itm/405286936115,PriceCharting
Team Rocket,Dark Arbok,2/82,1st Edition,PSA 10,2026-09-28,3500,USD,eBay,best offer,TRUE,,26066854,,https://www.ebay.com/itm/137195288923,PSA APR
Team Rocket,Dark Arbok,2/82,1st Edition,PSA 10,2026-09-24,3200,USD,eBay,best offer,TRUE,,51989434,,https://www.ebay.com/itm/307012667325,PSA APR
Team Rocket,Dark Arbok,2/82,1st Edition,PSA 10,2026-09-24,2999.99,USD,eBay,BIN,FALSE,,43626431,,https://www.ebay.com/itm/117259760424,PSA APR
Team Rocket,Dark Arbok,2/82,1st Edition,PSA 10,2026-09-23,2351,USD,eBay,BIN,FALSE,,27134825,,https://www.ebay.com/itm/117346248811,PSA APR
Team Rocket,Dark Arbok,2/82,1st Edition,PSA 10,2026-09-22,2000,USD,eBay,best offer,TRUE,,57345639,,https://www.ebay.com/itm/158170528541,PSA APR
Team Rocket,Dark Arbok,2/82,1st Edition,PSA 10,2026-09-14,1320,USD,Fanatics Collect,auction,FALSE,,44374359,,https://www.fanaticscollect.com/weekly/7c323c2c-a86b-11f1-91c5-06d19b0b9c59,PSA APR
Team Rocket,Dark Arbok,2/82,1st Edition,PSA 10,2026-09-10,1495,USD,Goldin Auctions,auction,FALSE,,17288024,,https://goldin.co/item/2000-pokemon-team-rocket-1st-edition-holo-2-dark-arbok-psa-gem-mt-10mawa6,PSA APR
Team Rocket,Dark Arbok,2/82,1st Edition,PSA 10,2026-09-07,1620,USD,Fanatics Collect,auction,FALSE,,76812124,,https://www.fanaticscollect.com/weekly/4c1c8e50-a656-11f1-9de8-02ffed696773,PSA APR
Team Rocket,Dark Arbok,2/82,1st Edition,PSA 10,2026-08-03,1530,USD,Fanatics Collect,auction,FALSE,,26449874,,https://www.fanaticscollect.com/weekly/8aa55d8a-87c2-11f1-b340-0ade7346ae31,PSA APR
Team Rocket,Dark Arbok,2/82,1st Edition,PSA 10,2026-07-20,1110,USD,Fanatics Collect,auction,FALSE,,28534906,,https://www.fanaticscollect.com/weekly/164ed898-6f68-11f1-84c3-0a58a9feac02,PSA APR
Team Rocket,Dark Arbok,2/82,1st Edition,PSA 10,2026-07-13,2032,USD,eBay,auction,FALSE,,150047108,,https://www.ebay.com/itm/117282200102,PSA APR
Team Rocket,Dark Arbok,2/82,1st Edition,PSA 10,2026-05-14,1438,USD,Heritage Auctions,auction,FALSE,,41958012,,https://comics.ha.com/itm/memorabilia/trading-cards/pokemon-dark-arbok-2-1st-edition-team-rocket-psa-trading-card-game-gem-mint-10-wizards-of-the-coast-2000-rare-holo/a/43246-78077.s,PSA APR
Team Rocket,Dark Arbok,2/82,1st Edition,PSA 10,2026-05-12,1499,USD,eBay,best offer,TRUE,,51989434,,https://www.ebay.com/itm/298298389967,PSA APR
Team Rocket,Dark Arbok,2/82,1st Edition,PSA 10,2026-05-10,1300,USD,Fanatics Collect,best offer,TRUE,,76507905,,https://www.fanaticscollect.com/buy-now/635be36a-ec56-49b6-b1da-ea427a033159,PSA APR
Team Rocket,Dark Arbok,2/82,1st Edition,PSA 10,2026-05-04,1257,USD,Goldin Auctions,auction,FALSE,,45850916,,https://goldin.co/item/2000-pokemon-team-rocket-1st-edition-holo-2-dark-arbok-psa-gem-mt-1054dgn,PSA APR
Team Rocket,Dark Arbok,2/82,1st Edition,PSA 10,2026-04-29,1200,USD,eBay,BIN,FALSE,,18447134,,https://www.ebay.com/itm/377148854214,PSA APR
Team Rocket,Dark Arbok,2/82,1st Edition,PSA 10,2026-04-09,1330,USD,eBay,auction,FALSE,,41337080,,https://www.ebay.com/itm/377080050424,PSA APR
Team Rocket,Dark Arbok,2/82,1st Edition,PSA 10,2026-03-27,1576.09,USD,eBay,auction,FALSE,,26899738,,https://www.ebay.com/itm/306832256005,PSA APR
Team Rocket,Dark Arbok,2/82,1st Edition,PSA 10,2026-03-25,2050,USD,eBay,auction,FALSE,,18676115,,https://www.ebay.com/itm/306825413852,PSA APR
Team Rocket,Dark Arbok,2/82,1st Edition,PSA 10,2026-03-22,2076.66,USD,eBay,auction,FALSE,,27239095,,https://www.ebay.com/itm/206136288733,PSA APR
Team Rocket,Dark Arbok,2/82,1st Edition,PSA 10,2026-03-20,3000,USD,eBay,best offer,TRUE,,62222044,,https://www.ebay.com/itm/306832909836,PSA APR
Team Rocket,Dark Arbok,2/82,1st Edition,PSA 10,2026-03-20,1250,USD,eBay,best offer,TRUE,,27134825,,https://www.ebay.com/itm/298144262735,PSA APR
Team Rocket,Dark Arbok,2/82,1st Edition,PSA 10,2026-02-12,1295,USD,Fanatics Collect,BIN,FALSE,,48508289,,https://www.fanaticscollect.com/buy-now/16061b23-aeb2-4690-ad0c-6d102e85f98f,PSA APR
Team Rocket,Dark Arbok,2/82,1st Edition,PSA 10,2026-01-12,880,USD,eBay,best offer,TRUE,,49138806,,https://www.ebay.com/itm/358109407828,PSA APR
Team Rocket,Dark Arbok,2/82,1st Edition,PSA 10,2026-01-05,805.49,USD,eBay,BIN,FALSE,,40741300,,https://www.ebay.com/itm/136914182366,PSA APR
Team Rocket,Dark Arbok,2/82,1st Edition,PSA 10,2025-11-13,749.95,USD,eBay,BIN,FALSE,,27493768,,https://www.ebay.com/itm/389204071562,PSA APR
Team Rocket,Dark Arbok,2/82,1st Edition,PSA 10,2025-11-02,750,USD,eBay,best offer,TRUE,,40944150,,https://www.ebay.com/itm/306574105937,PSA APR
Team Rocket,Dark Arbok,2/82,1st Edition,PSA 10,2025-09-22,725,USD,eBay,best offer,TRUE,,43081974,,https://www.ebay.com/itm/336190474333,PSA APR
Team Rocket,Dark Arbok,2/82,1st Edition,PSA 10,2025-09-12,775,USD,eBay,best offer,TRUE,,45850916,,https://www.ebay.com/itm/257096723552,PSA APR
Team Rocket,Dark Arbok,2/82,1st Edition,PSA 10,2025-08-26,475,USD,eBay,best offer,TRUE,,43733918,,https://www.ebay.com/itm/375951619552,PSA APR
Team Rocket,Dark Arbok,2/82,1st Edition,PSA 10,2025-08-12,520,USD,eBay,auction,FALSE,,25649651,,https://www.ebay.com/itm/388796093525,PSA APR
Team Rocket,Dark Arbok,2/82,1st Edition,PSA 10,2025-06-22,550,USD,eBay,best offer,TRUE,,78257322,,https://www.ebay.com/itm/317022541538,PSA APR
Team Rocket,Dark Arbok,2/82,1st Edition,PSA 10,2025-06-07,499,USD,eBay,auction,FALSE,,114301692,,https://www.ebay.com/itm/297358045559,PSA APR
Team Rocket,Dark Arbok,2/82,1st Edition,PSA 10,2025-04-27,505.84,USD,eBay,best offer,TRUE,,62433337,,https://www.ebay.com/itm/316186160134,PSA APR
Team Rocket,Dark Arbok,2/82,1st Edition,PSA 10,2025-03-17,505.85,USD,eBay,BIN,FALSE,,27964770,,https://www.ebay.com/itm/156798366545,PSA APR
Team Rocket,Dark Arbok,2/82,1st Edition,PSA 10,2025-03-06,635,USD,eBay,auction,FALSE,,102335642,,https://www.ebay.com/itm/297059040480,PSA APR
Team Rocket,Dark Arbok,2/82,1st Edition,PSA 10,2025-02-26,600,USD,eBay,BIN,FALSE,,87502281,,https://www.ebay.com/itm/205306232234,PSA APR
Team Rocket,Dark Arbok,2/82,1st Edition,PSA 10,2025-02-23,520,USD,eBay,auction,FALSE,,27311710,,https://www.ebay.com/itm/226602356216,PSA APR
Team Rocket,Dark Arbok,2/82,1st Edition,PSA 10,2025-02-14,432.58,USD,eBay,best offer,TRUE,,80187482,,https://www.ebay.com/itm/396205508646,PSA APR
Team Rocket,Dark Arbok,2/82,1st Edition,PSA 10,2025-01-13,399.52,USD,eBay,auction,FALSE,,23077472,,https://www.ebay.com/itm/156615714465,PSA APR
Team Rocket,Dark Arbok,2/82,1st Edition,PSA 10,2025-01-11,376.99,USD,eBay,best offer,TRUE,,43081974,,https://www.ebay.com/itm/196389943993,PSA APR
Team Rocket,Dark Arbok,2/82,1st Edition,PSA 10,2025-01-02,450,USD,eBay,best offer,TRUE,,22326349,,https://www.ebay.com/itm/125282649916,PSA APR
Team Rocket,Dark Arbok,2/82,1st Edition,PSA 10,2024-12-26,395,USD,eBay,auction,FALSE,,48218550,,https://www.ebay.com/itm/305981436123,PSA APR
Team Rocket,Dark Arbok,2/82,1st Edition,PSA 10,2024-10-18,339,USD,eBay,auction,FALSE,,17980468,,https://www.ebay.com/itm/365175540199,PSA APR
Team Rocket,Dark Arbok,2/82,1st Edition,PSA 10,2024-09-18,10.5,USD,eBay,auction,FALSE,,22144362,,https://www.ebay.com/itm/387379134077,PSA APR
Team Rocket,Dark Arbok,2/82,1st Edition,PSA 10,2024-09-10,9.99,USD,eBay,auction,FALSE,,22144362,,https://www.ebay.com/itm/387352842670,PSA APR
Team Rocket,Dark Arbok,2/82,1st Edition,PSA 10,2023-12-17,305,USD,eBay,auction,FALSE,,53806688,,https://www.ebay.com/itm/285591776449,PSA APR
Team Rocket,Dark Blastoise,3/82,1st Edition,PSA 10,2026-09-26,30000,USD,eBay,BIN,FALSE,,78234347,,https://www.ebay.com/itm/307200379517,PSA APR
Team Rocket,Dark Blastoise,3/82,1st Edition,PSA 10,2026-09-15,15000,USD,Fanatics Collect,best offer,TRUE,,42628073,,https://www.fanaticscollect.com/buy-now/beb028bb-0b24-49b6-ad21-3a6a2df95e0f,PSA APR
Team Rocket,Dark Blastoise,3/82,1st Edition,PSA 10,2026-09-14,15000,USD,Fanatics Collect,auction,FALSE,,49567095,,https://www.fanaticscollect.com/weekly/7c37f90a-a86b-11f1-900f-06d19b0b9c59,PSA APR
Team Rocket,Dark Blastoise,3/82,1st Edition,PSA 10,2026-09-14,16200,USD,Fanatics Collect,auction,FALSE,,63142111,,https://www.fanaticscollect.com/weekly/c9a3bcfc-a707-11f1-aeab-06fa38fca3cf,PSA APR
Team Rocket,Dark Blastoise,3/82,1st Edition,PSA 10,2026-08-04,9455,USD,Goldin Auctions,auction,FALSE,,46923655,,https://goldin.co/item/2000-pokemon-team-rocket-1st-edition-holo-3-dark-blastoise-psa-gem-mtvsb9r,PSA APR
Team Rocket,Dark Blastoise,3/82,1st Edition,PSA 10,2026-06-19,15000,USD,Fanatics Collect,auction,FALSE,,60897634,,https://www.fanaticscollect.com/premier/e933445a-5619-11f1-a4b7-06f7418cc633,PSA APR
Team Rocket,Dark Blastoise,3/82,1st Edition,PSA 10,2026-06-16,28.87,USD,eBay,best offer,TRUE,,27745194,,https://www.ebay.com/itm/398051443789,PSA APR
Team Rocket,Dark Blastoise,3/82,1st Edition,PSA 10,2026-05-14,11250,USD,Heritage Auctions,auction,FALSE,,40849837,,https://comics.ha.com/itm/memorabilia/trading-cards/pokemon-dark-blastoise-3-1st-edition-team-rocket-psa-trading-card-game-gem-mint-10-wizards-of-the-coast-2000-rare-holo/a/43246-78078.s,PSA APR
Team Rocket,Dark Blastoise,3/82,1st Edition,PSA 10,2026-05-04,13420,USD,Goldin Auctions,auction,FALSE,,25571662,,https://goldin.co/item/2000-pokemon-team-rocket-1st-edition-holo-3-dark-blastoise-psa-gem-mtwnrax,PSA APR
Team Rocket,Dark Blastoise,3/82,1st Edition,PSA 10,2025-12-03,7900,USD,Fanatics Collect,best offer,TRUE,,41275737,,https://www.fanaticscollect.com/buy-now/cfc8fb81-3d2f-472c-abdd-f17aec76dd10,PSA APR
Team Rocket,Dark Blastoise,3/82,1st Edition,PSA 10,2025-11-26,7900,USD,Fanatics Collect,best offer,TRUE,,41275737,,https://www.fanaticscollect.com/fixed/9a2f473e-7210-11f0-b6b1-0a136250e3d5,PSA APR
Team Rocket,Dark Blastoise,3/82,1st Edition,PSA 10,2025-08-11,6000,USD,Fanatics Collect,auction,FALSE,,26492160,,https://www.fanaticscollect.com/weekly/8bd14e7e-6c22-11f0-88ed-0a5394c12597,PSA APR
Team Rocket,Dark Blastoise,3/82,1st Edition,PSA 10,2025-07-28,6000,USD,Fanatics Collect,auction,FALSE,,41958017,,https://www.fanaticscollect.com/weekly/8ee508ce-60f3-11f0-8d9f-0a58a9feac02,PSA APR
Team Rocket,Dark Blastoise,3/82,1st Edition,PSA 10,2025-07-14,5300,USD,eBay,auction,FALSE,,27210425,,https://www.ebay.com/itm/286690577495,PSA APR
Team Rocket,Dark Blastoise,3/82,1st Edition,PSA 10,2025-06-02,5760,USD,Fanatics Collect,auction,FALSE,,27464397,,https://www.fanaticscollect.com/weekly/b3a991a8-34bf-11f0-85f8-061017c7d157,PSA APR
Team Rocket,Dark Blastoise,3/82,1st Edition,PSA 10,2025-05-31,5603.88,USD,eBay,best offer,TRUE,,49335776,,https://www.ebay.com/itm/267255802433,PSA APR
Team Rocket,Dark Blastoise,3/82,1st Edition,PSA 10,2025-04-14,4800,USD,Fanatics Collect,auction,FALSE,,25571662,,https://www.fanaticscollect.com/weekly/c0e0475e-0fcb-11f0-8a1f-0a4cd5a95c33,PSA APR
Team Rocket,Dark Blastoise,3/82,1st Edition,PSA 10,2025-03-31,4800,USD,Fanatics Collect,auction,FALSE,,88382130,,https://www.fanaticscollect.com/weekly/537fd742-0616-11f0-ae16-0af7df9737d1,PSA APR
Team Rocket,Dark Blastoise,3/82,1st Edition,PSA 10,2025-03-17,4786.98,USD,eBay,best offer,TRUE,,43972429,,https://www.ebay.com/itm/334720154749,PSA APR
Team Rocket,Dark Blastoise,3/82,1st Edition,PSA 10,2025-02-13,2263.65,USD,eBay,best offer,TRUE,,41576139,,https://www.ebay.com/itm/396202918321,PSA APR
Team Rocket,Dark Blastoise,3/82,1st Edition,PSA 10,2025-01-25,2375,USD,eBay,best offer,TRUE,,49746339,,https://www.ebay.com/itm/226564185644,PSA APR
Team Rocket,Dark Blastoise,3/82,1st Edition,PSA 10,2025-01-15,2799.99,USD,eBay,BIN,FALSE,,88382130,,https://www.ebay.com/itm/305969561124,PSA APR
Team Rocket,Dark Blastoise,3/82,1st Edition,PSA 10,2024-08-27,2075,USD,eBay,auction,FALSE,,93779500,,https://www.ebay.com/itm/296642980621,PSA APR
Team Rocket,Dark Blastoise,3/82,1st Edition,PSA 10,2024-05-06,1927,USD,eBay,auction,FALSE,,74100249,,https://www.ebay.com/itm/204768805303,PSA APR
Team Rocket,Dark Blastoise,3/82,1st Edition,PSA 10,2024-01-24,2213.88,USD,eBay,auction,FALSE,,46923655,,https://www.ebay.com/itm/364682763478,PSA APR
Team Rocket,Dark Blastoise,3/82,1st Edition,PSA 10,2023-10-12,2800,USD,eBay,auction,FALSE,,42280707,,https://www.ebay.com/itm/314870819325,PSA APR
Team Rocket,Dark Charizard,4/82,1st Edition,PSA 10,2026-09-22,23000,USD,eBay,best offer,TRUE,,54419509,,https://www.ebay.com/itm/117424820196,PSA APR
Team Rocket,Dark Charizard,4/82,1st Edition,PSA 10,2026-09-14,21000,USD,Fanatics Collect,auction,FALSE,,28585562,,https://www.fanaticscollect.com/weekly/c9a1dba8-a707-11f1-823b-06fa38fca3cf,PSA APR
Team Rocket,Dark Charizard,4/82,1st Edition,PSA 10,2026-09-14,24000,USD,Fanatics Collect,auction,FALSE,,44896394,,https://www.fanaticscollect.com/weekly/3e0f719c-a86d-11f1-975b-0a34cbff72f5,PSA APR
Team Rocket,Dark Charizard,4/82,1st Edition,PSA 10,2026-09-13,14000,USD,eBay,BIN,FALSE,,45897427,,https://www.ebay.com/itm/307174201699,PSA APR
Team Rocket,Dark Charizard,4/82,1st Edition,PSA 10,2026-09-09,900,USD,eBay,best offer,TRUE,,45897427,,https://www.ebay.com/itm/307170753995,PSA APR
Team Rocket,Dark Charizard,4/82,1st Edition,PSA 10,2026-08-10,14955,USD,eBay,auction,FALSE,,28940324,,https://www.ebay.com/itm/137582373474,PSA APR
Team Rocket,Dark Charizard,4/82,1st Edition,PSA 10,2026-08-10,15860,USD,Goldin Auctions,auction,FALSE,,27909059,,https://goldin.co/item/2000-pokemon-rocket-1st-edition-4-dark-charizard-holo-psa-gem-mt-10s1sq6,PSA APR
Team Rocket,Dark Charizard,4/82,1st Edition,PSA 10,2026-08-01,13600,USD,eBay,auction,FALSE,,72755933,,https://www.ebay.com/itm/178341918272,PSA APR
Team Rocket,Dark Charizard,4/82,1st Edition,PSA 10,2026-07-29,20250,USD,Fanatics Collect,best offer,TRUE,,26254998,,https://www.fanaticscollect.com/buy-now/f66c941e-29fd-4479-8cf4-aa11cc390b6f,PSA APR
Team Rocket,Dark Charizard,4/82,1st Edition,PSA 10,2026-07-13,10000,USD,eBay,best offer,TRUE,,28278791,,https://www.ebay.com/itm/377332315161,PSA APR
Team Rocket,Dark Charizard,4/82,1st Edition,PSA 10,2026-07-13,20400,USD,Fanatics Collect,auction,FALSE,,28217040,,https://www.fanaticscollect.com/weekly/0828f72c-7593-11f1-8456-0af2e974d973,PSA APR
Team Rocket,Dark Charizard,4/82,1st Edition,PSA 10,2026-07-06,19800,USD,Fanatics Collect,auction,FALSE,,19317429,,https://www.fanaticscollect.com/weekly/ebdfbef0-705d-11f1-aadd-060da55865d1,PSA APR
Team Rocket,Dark Charizard,4/82,1st Edition,PSA 10,2026-06-22,19200,USD,Fanatics Collect,auction,FALSE,,27911197,,https://www.fanaticscollect.com/weekly/7e039458-6241-11f1-b236-0a58a9feac02,PSA APR
Team Rocket,Dark Charizard,4/82,1st Edition,PSA 10,2026-06-22,16877.77,USD,eBay,auction,FALSE,,72755933,,https://www.ebay.com/itm/287395580839,PSA APR
Team Rocket,Dark Charizard,4/82,1st Edition,PSA 10,2026-06-01,20400,USD,Fanatics Collect,auction,FALSE,,42118409,,https://www.fanaticscollect.com/weekly/2640066c-4d91-11f1-bcf1-027004a3c7d9,PSA APR
Team Rocket,Dark Charizard,4/82,1st Edition,PSA 10,2026-05-20,19000,USD,Fanatics Collect,best offer,TRUE,,23365820,,https://www.fanaticscollect.com/buy-now/63d9cbc1-0bfe-46bf-8bf1-686e8f81fe12,PSA APR
Team Rocket,Dark Charizard,4/82,1st Edition,PSA 10,2026-05-14,18125,USD,Heritage Auctions,auction,FALSE,,28204149,,https://comics.ha.com/itm/memorabilia/trading-cards/pokemon-dark-charizard-4-1st-edition-team-rocket-psa-trading-card-game-gem-mint-10-wizards-of-the-coast-2000-rare-holo/a/43246-78079.s,PSA APR
Team Rocket,Dark Charizard,4/82,1st Edition,PSA 10,2026-05-04,15033,USD,Goldin Auctions,auction,FALSE,,19317429,,https://goldin.co/item/2000-pokemon-team-rocket-1st-edition-holo-4-dark-charizard-psa-gem-mtx0d4m,PSA APR
Team Rocket,Dark Charizard,4/82,1st Edition,PSA 10,2026-04-27,17400,USD,Fanatics Collect,auction,FALSE,,23365820,,https://www.fanaticscollect.com/weekly/9aee1954-352c-11f1-bf94-0a58a9feac02,PSA APR
Team Rocket,Dark Charizard,4/82,1st Edition,PSA 10,2026-04-20,17835,USD,Robert Edward Auctions,auction,FALSE,,27010278,,https://bid.collectrea.com/lots/184406,PSA APR
Team Rocket,Dark Charizard,4/82,1st Edition,PSA 10,2026-04-19,18888,USD,eBay,BIN,FALSE,,29071209,,https://www.ebay.com/itm/267634689183,PSA APR
Team Rocket,Dark Charizard,4/82,1st Edition,PSA 10,2026-03-30,21111,USD,Fanatics Collect,best offer,TRUE,,54419509,,https://www.fanaticscollect.com/buy-now/0d32c0bf-6e92-4b0e-b279-7c58cb5ca55f,PSA APR
Team Rocket,Dark Charizard,4/82,1st Edition,PSA 10,2026-02-25,21500,USD,Fanatics Collect,best offer,TRUE,,43646331,,https://www.fanaticscollect.com/buy-now/cc29b20d-4fcf-472d-82b1-09394990c983,PSA APR
Team Rocket,Dark Charizard,4/82,1st Edition,PSA 10,2026-02-23,13800,USD,Fanatics Collect,auction,FALSE,,24056594,,https://www.fanaticscollect.com/weekly/be2e855c-02f0-11f1-b71b-02bd27e8fac1,PSA APR
Team Rocket,Dark Charizard,4/82,1st Edition,PSA 10,2026-02-22,19400,USD,eBay,auction,FALSE,,41706580,,https://www.ebay.com/itm/287140622642,PSA APR
Team Rocket,Dark Charizard,4/82,1st Edition,PSA 10,2026-02-16,16000,USD,eBay,best offer,TRUE,,78808324,,https://www.ebay.com/itm/297932916355,PSA APR
Team Rocket,Dark Charizard,4/82,1st Edition,PSA 10,2026-02-13,14800,USD,eBay,auction,FALSE,,27342420,,https://www.ebay.com/itm/297998062118,PSA APR
Team Rocket,Dark Charizard,4/82,1st Edition,PSA 10,2026-02-09,18600,USD,Fanatics Collect,auction,FALSE,,83648135,,https://www.fanaticscollect.com/weekly/514861b4-f8b0-11f0-bd2d-0a967df44835,PSA APR
Team Rocket,Dark Charizard,4/82,1st Edition,PSA 10,2026-01-31,9539.25,USD,eBay,auction,FALSE,,27092083,,https://www.ebay.com/itm/168100271061,PSA APR
Team Rocket,Dark Charizard,4/82,1st Edition,PSA 10,2026-01-03,6281.25,USD,eBay,best offer,TRUE,,28371771,,https://www.ebay.com/itm/205969821232,PSA APR
Team Rocket,Dark Charizard,4/82,1st Edition,PSA 10,2026-01-03,22500,USD,eBay,best offer,TRUE,,63683345,,https://www.ebay.com/itm/116948728823,PSA APR
Team Rocket,Dark Charizard,4/82,1st Edition,PSA 10,2025-12-21,10500,USD,eBay,best offer,TRUE,,19317429,,https://www.ebay.com/itm/236455201161,PSA APR
Team Rocket,Dark Charizard,4/82,1st Edition,PSA 10,2025-12-19,8900,USD,eBay,BIN,FALSE,,52342532,,https://www.ebay.com/itm/286958391051,PSA APR
Team Rocket,Dark Charizard,4/82,1st Edition,PSA 10,2025-12-01,8100,USD,Fanatics Collect,auction,FALSE,,28765586,,https://www.fanaticscollect.com/weekly/17633ae8-c578-11f0-8ea4-0a58a9feac02,PSA APR
Team Rocket,Dark Charizard,4/82,1st Edition,PSA 10,2025-11-13,7984.6,USD,eBay,auction,FALSE,,50209410,,https://www.ebay.com/itm/205829719599,PSA APR
Team Rocket,Dark Charizard,4/82,1st Edition,PSA 10,2025-11-09,9000,USD,eBay,best offer,TRUE,,19317429,,https://www.ebay.com/itm/236073232778,PSA APR
Team Rocket,Dark Charizard,4/82,1st Edition,PSA 10,2025-10-25,8500,USD,eBay,best offer,TRUE,,49300405,,https://www.ebay.com/itm/116843832531,PSA APR
Team Rocket,Dark Charizard,4/82,1st Edition,PSA 10,2025-10-10,8500,USD,eBay,best offer,TRUE,,78655502,,https://www.ebay.com/itm/389073528754,PSA APR
Team Rocket,Dark Charizard,4/82,1st Edition,PSA 10,2025-09-22,7999,USD,eBay,best offer,TRUE,,25109263,,https://www.ebay.com/itm/384521957472,PSA APR
Team Rocket,Dark Charizard,4/82,1st Edition,PSA 10,2025-09-22,8180.88,USD,eBay,auction,FALSE,,26202008,,https://www.ebay.com/itm/286815133929,PSA APR
Team Rocket,Dark Charizard,4/82,1st Edition,PSA 10,2025-09-11,8499.99,USD,eBay,BIN,FALSE,,28986084,,https://www.ebay.com/itm/316289002711,PSA APR
Team Rocket,Dark Charizard,4/82,1st Edition,PSA 10,2025-09-10,10000,USD,Fanatics Collect,best offer,TRUE,,43238001,,https://www.fanaticscollect.com/fixed/06b00e3e-7bcb-11f0-8050-0a58a9feac02,PSA APR
Team Rocket,Dark Charizard,4/82,1st Edition,PSA 10,2025-09-08,7500,USD,eBay,BIN,FALSE,,41227365,,https://www.ebay.com/itm/167508634354,PSA APR
Team Rocket,Dark Charizard,4/82,1st Edition,PSA 10,2025-09-06,7750,USD,Fanatics Collect,best offer,TRUE,,43646331,,https://www.fanaticscollect.com/fixed/95db21e2-82de-11f0-9f5a-0afcc285279b,PSA APR
Team Rocket,Dark Charizard,4/82,1st Edition,PSA 10,2025-09-01,7000,USD,eBay,BIN,FALSE,,26471315,,https://www.ebay.com/itm/167739750377,PSA APR
Team Rocket,Dark Charizard,4/82,1st Edition,PSA 10,2025-08-08,4499.99,USD,eBay,best offer,TRUE,,50251687,,https://www.ebay.com/itm/124763974657,PSA APR
Team Rocket,Dark Charizard,4/82,1st Edition,PSA 10,2025-08-04,6250,USD,eBay,auction,FALSE,,26202008,,https://www.ebay.com/itm/286726471152,PSA APR
Team Rocket,Dark Charizard,4/82,1st Edition,PSA 10,2025-08-03,6102,USD,eBay,auction,FALSE,,43196755,,https://www.ebay.com/itm/286726471041,PSA APR
Team Rocket,Dark Charizard,4/82,1st Edition,PSA 10,2025-07-20,7500,USD,eBay,best offer,TRUE,,52342532,,https://www.ebay.com/itm/187320612495,PSA APR
Team Rocket,Dark Charizard,4/82,1st Edition,PSA 10,2025-07-06,6142.5,USD,eBay,auction,FALSE,,27013556,,https://www.ebay.com/itm/286668848887,PSA APR
Team Rocket,Dark Charizard,4/82,1st Edition,PSA 10,2025-06-26,6738.3,USD,eBay,best offer,TRUE,,51394515,,https://www.ebay.com/itm/267294419763,PSA APR
Team Rocket,Dark Charizard,4/82,1st Edition,PSA 10,2025-06-16,6900,USD,Fanatics Collect,auction,FALSE,,22913789,,https://www.fanaticscollect.com/weekly/e550c986-3db8-11f0-978c-06f215cd87b9,PSA APR
Team Rocket,Dark Charizard,4/82,1st Edition,PSA 10,2025-06-11,6300,USD,eBay,best offer,TRUE,,28217045,,https://www.ebay.com/itm/365642280642,PSA APR
Team Rocket,Dark Charizard,4/82,1st Edition,PSA 10,2025-05-25,6600,USD,eBay,auction,FALSE,,28371771,,https://www.ebay.com/itm/286572052622,PSA APR
Team Rocket,Dark Charizard,4/82,1st Edition,PSA 10,2025-05-25,4000,USD,eBay,best offer,TRUE,,28278791,,https://www.ebay.com/itm/365622904246,PSA APR
Team Rocket,Dark Charizard,4/82,1st Edition,PSA 10,2025-05-19,6250,USD,eBay,auction,FALSE,,78655502,,https://www.ebay.com/itm/286555988840,PSA APR
Team Rocket,Dark Charizard,4/82,1st Edition,PSA 10,2025-04-28,6000,USD,Fanatics Collect,auction,FALSE,,22913789,,https://www.fanaticscollect.com/weekly/20b134dc-1bab-11f0-be6e-02007757387f,PSA APR
Team Rocket,Dark Charizard,4/82,1st Edition,PSA 10,2025-04-21,7350,USD,eBay,best offer,TRUE,,41156312,,https://www.ebay.com/itm/335915315751,PSA APR
Team Rocket,Dark Charizard,4/82,1st Edition,PSA 10,2025-04-20,4569.19,USD,eBay,auction,FALSE,,23322077,,https://www.ebay.com/itm/146519973585,PSA APR
Team Rocket,Dark Charizard,4/82,1st Edition,PSA 10,2025-03-18,5899,USD,Fanatics Collect,BIN,FALSE,,41122663,,https://www.fanaticscollect.com/fixed/2e9b1cf0-9282-11ef-b369-02c05d5ad8d7,PSA APR
Team Rocket,Dark Charizard,4/82,1st Edition,PSA 10,2025-03-10,5500,USD,eBay,best offer,TRUE,,44112281,,https://www.ebay.com/itm/267165442025,PSA APR
Team Rocket,Dark Charizard,4/82,1st Edition,PSA 10,2025-03-04,5105.91,USD,eBay,best offer,TRUE,,27967540,,https://www.ebay.com/itm/156740249196,PSA APR
Team Rocket,Dark Charizard,4/82,1st Edition,PSA 10,2025-03-04,5465,USD,eBay,BIN,FALSE,,51951717,,https://www.ebay.com/itm/405566420675,PSA APR
Team Rocket,Dark Charizard,4/82,1st Edition,PSA 10,2025-03-03,5461,USD,eBay,auction,FALSE,,44555679,,https://www.ebay.com/itm/286349681481,PSA APR
Team Rocket,Dark Charizard,4/82,1st Edition,PSA 10,2025-03-02,4275.54,USD,eBay,auction,FALSE,,42474559,,https://www.ebay.com/itm/135568514422,PSA APR
Team Rocket,Dark Charizard,4/82,1st Edition,PSA 10,2025-02-05,5176.46,USD,eBay,best offer,TRUE,,27967540,,https://www.ebay.com/itm/156660930034,PSA APR
Team Rocket,Dark Charizard,4/82,1st Edition,PSA 10,2025-02-03,4800,USD,Fanatics Collect,auction,FALSE,,98675940,,https://www.fanaticscollect.com/weekly/31fb747e-d90b-11ef-8570-0a58a9feac02,PSA APR
Team Rocket,Dark Charizard,4/82,1st Edition,PSA 10,2025-01-27,747.75,USD,eBay,auction,FALSE,,40742413,,https://www.ebay.com/itm/387861821885,PSA APR
Team Rocket,Dark Charizard,4/82,1st Edition,PSA 10,2025-01-26,4500,USD,eBay,best offer,TRUE,,44363831,,https://www.ebay.com/itm/155108849779,PSA APR
Team Rocket,Dark Charizard,4/82,1st Edition,PSA 10,2025-01-23,3900,USD,eBay,best offer,TRUE,,28217045,,https://www.ebay.com/itm/375572920098,PSA APR
Team Rocket,Dark Charizard,4/82,1st Edition,PSA 10,2025-01-20,4199.99,USD,eBay,BIN,FALSE,,41019550,,https://www.ebay.com/itm/267084649728,PSA APR
Team Rocket,Dark Charizard,4/82,1st Edition,PSA 10,2025-01-20,4050,USD,eBay,auction,FALSE,,89210498,,https://www.ebay.com/itm/306027444669,PSA APR
Team Rocket,Dark Charizard,4/82,1st Edition,PSA 10,2025-01-17,3799.99,USD,eBay,best offer,TRUE,,26471315,,https://www.ebay.com/itm/326319652120,PSA APR
Team Rocket,Dark Charizard,4/82,1st Edition,PSA 10,2025-01-16,3599.99,USD,eBay,BIN,FALSE,,27654951,,https://www.ebay.com/itm/267085976877,PSA APR
Team Rocket,Dark Charizard,4/82,1st Edition,PSA 10,2025-01-10,3625,USD,eBay,auction,FALSE,,41971577,,https://www.ebay.com/itm/196925727235,PSA APR
Team Rocket,Dark Charizard,4/82,1st Edition,PSA 10,2025-01-05,3102.86,USD,eBay,auction,FALSE,,23322077,,https://www.ebay.com/itm/146303001910,PSA APR
Team Rocket,Dark Charizard,4/82,1st Edition,PSA 10,2024-12-11,3250,USD,eBay,auction,FALSE,,22155927,,https://www.ebay.com/itm/387689762662,PSA APR
Team Rocket,Dark Charizard,4/82,1st Edition,PSA 10,2024-09-30,3300,USD,eBay,auction,FALSE,,97309065,,https://www.ebay.com/itm/305797352857,PSA APR
Team Rocket,Dark Charizard,4/82,1st Edition,PSA 10,2024-09-16,3200,USD,eBay,auction,FALSE,,28278791,,https://www.ebay.com/itm/315731932119,PSA APR
Team Rocket,Dark Charizard,4/82,1st Edition,PSA 10,2024-09-02,3600,USD,eBay,auction,FALSE,,28547120,,https://www.ebay.com/itm/256616381811,PSA APR
Team Rocket,Dark Charizard,4/82,1st Edition,PSA 10,2024-09-02,3572,USD,eBay,auction,FALSE,,95134756,,https://www.ebay.com/itm/305746919842,PSA APR
Team Rocket,Dark Charizard,4/82,1st Edition,PSA 10,2024-05-27,3205,USD,eBay,auction,FALSE,,41227365,,https://www.ebay.com/itm/276468286339,PSA APR
Team Rocket,Dark Charizard,4/82,1st Edition,PSA 10,2024-05-13,3400,USD,eBay,auction,FALSE,,28570356,,https://www.ebay.com/itm/126462534435,PSA APR
Team Rocket,Dark Charizard,4/82,1st Edition,PSA 10,2024-03-24,3550,USD,eBay,auction,FALSE,,78808324,,https://www.ebay.com/itm/266725323481,PSA APR
Team Rocket,Dark Charizard,4/82,1st Edition,PSA 10,2024-01-22,3432,USD,eBay,auction,FALSE,,28986084,,https://www.ebay.com/itm/315087894680,PSA APR
Team Rocket,Dark Charizard,4/82,1st Edition,PSA 10,2023-12-27,3050,USD,eBay,auction,FALSE,,40825462,,https://www.ebay.com/itm/276236138076,PSA APR
Team Rocket,Dark Dragonite,5/82,1st Edition,PSA 10,2026-09-14,26400,USD,Fanatics Collect,auction,FALSE,,44027279,,https://www.fanaticscollect.com/weekly/7c360cbc-a86b-11f1-ae27-06d19b0b9c59,PSA APR
Team Rocket,Dark Dragonite,5/82,1st Edition,PSA 10,2026-05-14,12188,USD,Heritage Auctions,auction,FALSE,,42079775,,https://comics.ha.com/itm/memorabilia/trading-cards/pokemon-dark-dragonite-5-1st-edition-team-rocket-psa-trading-card-game-gem-mint-10-wizards-of-the-coast-2000-rare-holo/a/43246-78081.s,PSA APR
Team Rocket,Dark Dragonite,5/82,1st Edition,PSA 10,2026-05-04,17080,USD,Goldin Auctions,auction,FALSE,,41141657,,https://goldin.co/item/2000-pokemon-team-rocket-1st-edition-holo-5-dark-dragonite-psa-gem-mtlvsuv,PSA APR
Team Rocket,Dark Dragonite,5/82,1st Edition,PSA 10,2026-04-06,14400,USD,Fanatics Collect,auction,FALSE,,27764415,,https://www.fanaticscollect.com/weekly/8837cbc6-1ef1-11f1-a90c-0a58a9feac02,PSA APR
Team Rocket,Dark Dragonite,5/82,1st Edition,PSA 10,2026-03-23,15600,USD,Fanatics Collect,auction,FALSE,,28534916,,https://www.fanaticscollect.com/weekly/faf742f6-1733-11f1-a9d6-0a58a9feac02,PSA APR
Team Rocket,Dark Dragonite,5/82,1st Edition,PSA 10,2026-03-23,19155,USD,Goldin Auctions,auction,FALSE,,45992328,,https://goldin.co/item/2000-pokemon-team-rocket-1st-edition-holo-5-dark-dragonite-psa-gem-mtdj4of,PSA APR
Team Rocket,Dark Dragonite,5/82,1st Edition,PSA 10,2026-03-09,13200,USD,Fanatics Collect,auction,FALSE,,19303208,,https://www.fanaticscollect.com/weekly/1859ceec-0ba2-11f1-b400-02eb7020236b,PSA APR
Team Rocket,Dark Dragonite,5/82,1st Edition,PSA 10,2026-02-23,10371,USD,Goldin Auctions,auction,FALSE,,46238971,,https://goldin.co/item/2000-pokemon-rocket-1st-edition-holo-5-dark-dragonite-psa-gem-mt-10dlriv,PSA APR
Team Rocket,Dark Dragonite,5/82,1st Edition,PSA 10,2026-02-01,13500,USD,eBay,best offer,TRUE,,42068751,,https://www.ebay.com/itm/376839225670,PSA APR
Team Rocket,Dark Dragonite,5/82,1st Edition,PSA 10,2025-10-06,5640,USD,Fanatics Collect,auction,FALSE,,27764415,,https://www.fanaticscollect.com/weekly/7fb2e1c2-9b0f-11f0-8e3b-0a58a9feac02,PSA APR
Team Rocket,Dark Dragonite,5/82,1st Edition,PSA 10,2025-09-24,6800,USD,eBay,best offer,TRUE,,23164770,,https://www.ebay.com/itm/167813737289,PSA APR
Team Rocket,Dark Dragonite,5/82,1st Edition,PSA 10,2025-05-26,3750,USD,eBay,best offer,TRUE,,105387017,,https://www.ebay.com/itm/297346854665,PSA APR
Team Rocket,Dark Dragonite,5/82,1st Edition,PSA 10,2025-05-22,3499.99,USD,eBay,best offer,TRUE,,108737138,,https://www.ebay.com/itm/116614079395,PSA APR
Team Rocket,Dark Dragonite,5/82,1st Edition,PSA 10,2025-05-07,4419.01,USD,eBay,best offer,TRUE,,49335779,,https://www.ebay.com/itm/267241968787,PSA APR
Team Rocket,Dark Dragonite,5/82,1st Edition,PSA 10,2025-03-10,3480,USD,Fanatics Collect,auction,FALSE,,21337422,,https://www.fanaticscollect.com/weekly/755f0c5e-f2dc-11ef-a287-0a58a9feac02,PSA APR
Team Rocket,Dark Dragonite,5/82,1st Edition,PSA 10,2024-12-24,3150,USD,eBay,auction,FALSE,,27654955,,https://www.ebay.com/itm/387735860571,PSA APR
Team Rocket,Dark Dragonite,5/82,1st Edition,PSA 10,2024-12-11,2916,USD,eBay,auction,FALSE,,53253122,,https://www.ebay.com/itm/365266893449,PSA APR
Team Rocket,Dark Dragonite,5/82,1st Edition,PSA 10,2024-05-13,2375,USD,eBay,auction,FALSE,,27139885,,https://www.ebay.com/itm/126462537093,PSA APR
Team Rocket,Dark Dragonite,5/82,1st Edition,PSA 10,2024-01-24,2394,USD,eBay,auction,FALSE,,46923643,,https://www.ebay.com/itm/375193436520,PSA APR
Team Rocket,Dark Dugtrio,6/82,1st Edition,PSA 10,2026-09-23,4000,USD,eBay,best offer,TRUE,,27239099,,https://www.ebay.com/itm/117329627766,PSA APR
Team Rocket,Dark Dugtrio,6/82,1st Edition,PSA 10,2026-09-14,3720,USD,Fanatics Collect,auction,FALSE,,43367545,,https://www.fanaticscollect.com/weekly/7c1cf308-a86b-11f1-b485-06d19b0b9c59,PSA APR
Team Rocket,Dark Dugtrio,6/82,1st Edition,PSA 10,2026-07-20,2370,USD,Fanatics Collect,auction,FALSE,,44406622,,https://www.fanaticscollect.com/weekly/167a1d00-6f68-11f1-a2bc-0a58a9feac02,PSA APR
Team Rocket,Dark Dugtrio,6/82,1st Edition,PSA 10,2026-05-14,3125,USD,Heritage Auctions,auction,FALSE,,43959416,,https://comics.ha.com/itm/memorabilia/trading-cards/pokemon-dark-dugtrio-6-1st-edition-team-rocket-psa-trading-card-game-gem-mint-10-wizards-of-the-coast-2000-rare-holo/a/43246-78082.s,PSA APR
Team Rocket,Dark Dugtrio,6/82,1st Edition,PSA 10,2026-05-04,2505,USD,Goldin Auctions,auction,FALSE,,20835505,,https://goldin.co/item/2000-pokemon-team-rocket-1st-edition-holo-6-dark-dugtrio-psa-gem-mt-10c8wzj,PSA APR
Team Rocket,Dark Dugtrio,6/82,1st Edition,PSA 10,2026-03-28,3022.5,USD,eBay,auction,FALSE,,18676118,,https://www.ebay.com/itm/306834145919,PSA APR
Team Rocket,Dark Dugtrio,6/82,1st Edition,PSA 10,2026-01-03,2895,USD,eBay,BIN,FALSE,,27239100,,https://www.ebay.com/itm/116957780297,PSA APR
Team Rocket,Dark Dugtrio,6/82,1st Edition,PSA 10,2025-12-25,1350,USD,eBay,BIN,FALSE,,27239100,,https://www.ebay.com/itm/306675323485,PSA APR
Team Rocket,Dark Dugtrio,6/82,1st Edition,PSA 10,2025-12-04,1360,USD,eBay,best offer,TRUE,,27966527,,https://www.ebay.com/itm/116897141618,PSA APR
Team Rocket,Dark Dugtrio,6/82,1st Edition,PSA 10,2025-09-12,1135,USD,eBay,auction,FALSE,,27966527,,https://www.ebay.com/itm/286801356635,PSA APR
Team Rocket,Dark Dugtrio,6/82,1st Edition,PSA 10,2025-02-23,610,USD,eBay,auction,FALSE,,40212506,,https://www.ebay.com/itm/226604641249,PSA APR
Team Rocket,Dark Dugtrio,6/82,1st Edition,PSA 10,2025-02-02,1150,USD,Fanatics Collect,best offer,TRUE,,27239098,,https://www.fanaticscollect.com/fixed/39ae2d9a-e060-11ef-90db-0a58a9feac02,PSA APR
Team Rocket,Dark Dugtrio,6/82,1st Edition,PSA 10,2025-01-12,400,USD,eBay,best offer,TRUE,,27239098,,https://www.ebay.com/itm/186843133994,PSA APR
Team Rocket,Dark Dugtrio,6/82,1st Edition,PSA 10,2024-01-24,360,USD,eBay,auction,FALSE,,46923649,,https://www.ebay.com/itm/386650044925,PSA APR
Team Rocket,Dark Dugtrio,6/82,1st Edition,PSA 10,2023-12-03,408.64,USD,eBay,auction,FALSE,,41149557,,https://www.ebay.com/itm/134822878694,PSA APR
Team Rocket,Dark Golbat,7/82,1st Edition,PSA 10,2026-09-27,2999.99,USD,eBay,BIN,FALSE,,28585510,,https://www.ebay.com/itm/307149754841,PSA APR
Team Rocket,Dark Golbat,7/82,1st Edition,PSA 10,2026-09-24,1473.05,USD,eBay,BIN,FALSE,,30226025,,https://www.ebay.com/itm/327342682151,PSA APR
Team Rocket,Dark Golbat,7/82,1st Edition,PSA 10,2026-09-22,2000,USD,eBay,BIN,FALSE,,24579111,,https://www.ebay.com/itm/298521518065,PSA APR
Team Rocket,Dark Golbat,7/82,1st Edition,PSA 10,2026-09-20,1450,USD,Fanatics Collect,best offer,TRUE,,26329097,,https://www.fanaticscollect.com/buy-now/4e35639c-4578-4de0-a7dc-ed5a5c93a7da,PSA APR
Team Rocket,Dark Golbat,7/82,1st Edition,PSA 10,2026-09-14,1440,USD,Fanatics Collect,auction,FALSE,,46395994,,https://www.fanaticscollect.com/weekly/7c212f72-a86b-11f1-9da8-06d19b0b9c59,PSA APR
Team Rocket,Dark Golbat,7/82,1st Edition,PSA 10,2026-08-17,1140,USD,Fanatics Collect,auction,FALSE,,27493769,,https://www.fanaticscollect.com/weekly/fa70d706-8fb6-11f1-bb27-0a58a9feac02,PSA APR
Team Rocket,Dark Golbat,7/82,1st Edition,PSA 10,2026-08-03,1290,USD,Fanatics Collect,auction,FALSE,,50632664,,https://www.fanaticscollect.com/weekly/c50f9904-87c2-11f1-8faa-0a58a9feac02,PSA APR
Team Rocket,Dark Golbat,7/82,1st Edition,PSA 10,2026-07-28,1530,USD,eBay,best offer,TRUE,,48399113,,https://www.ebay.com/itm/800304724260,PSA APR
Team Rocket,Dark Golbat,7/82,1st Edition,PSA 10,2026-07-27,1530,USD,Fanatics Collect,auction,FALSE,,21625646,,https://www.fanaticscollect.com/weekly/e5b25318-8213-11f1-801a-02ba9858bad3,PSA APR
Team Rocket,Dark Golbat,7/82,1st Edition,PSA 10,2026-07-20,960,USD,Fanatics Collect,auction,FALSE,,26329097,,https://www.fanaticscollect.com/weekly/16520450-6f68-11f1-ba83-0a58a9feac02,PSA APR
Team Rocket,Dark Golbat,7/82,1st Edition,PSA 10,2026-06-04,1352,USD,eBay,auction,FALSE,,143864210,,https://www.ebay.com/itm/800075970025,PSA APR
Team Rocket,Dark Golbat,7/82,1st Edition,PSA 10,2026-05-14,2375,USD,Heritage Auctions,auction,FALSE,,41149289,,https://comics.ha.com/itm/memorabilia/trading-cards/pokemon-dark-golbat-7-1st-edition-team-rocket-psa-trading-card-game-gem-mint-10-wizards-of-the-coast-2000-rare-holo/a/43246-78083.s,PSA APR
Team Rocket,Dark Golbat,7/82,1st Edition,PSA 10,2026-04-11,1900,USD,Fanatics Collect,BIN,FALSE,,27034820,,https://www.fanaticscollect.com/buy-now/6ebf2b60-c3ec-4952-b6f7-020d2b17145e,PSA APR
Team Rocket,Dark Golbat,7/82,1st Edition,PSA 10,2026-04-09,2025,USD,eBay,auction,FALSE,,49466569,,https://www.ebay.com/itm/377080050429,PSA APR
Team Rocket,Dark Golbat,7/82,1st Edition,PSA 10,2026-04-01,1825,USD,eBay,auction,FALSE,,94484409,,https://www.ebay.com/itm/366301043872,PSA APR
Team Rocket,Dark Golbat,7/82,1st Edition,PSA 10,2026-03-30,2070,USD,Fanatics Collect,auction,FALSE,,26471743,,https://www.fanaticscollect.com/weekly/b496adde-1eee-11f1-bc42-0a58a9feac02,PSA APR
Team Rocket,Dark Golbat,7/82,1st Edition,PSA 10,2026-03-29,1737.41,USD,eBay,auction,FALSE,,25992567,,https://www.ebay.com/itm/137147147391,PSA APR
Team Rocket,Dark Golbat,7/82,1st Edition,PSA 10,2026-03-27,1504.2,USD,eBay,auction,FALSE,,26449876,,https://www.ebay.com/itm/306832256003,PSA APR
Team Rocket,Dark Golbat,7/82,1st Edition,PSA 10,2026-03-01,2218.34,USD,eBay,best offer,TRUE,,43966565,,https://www.ebay.com/itm/127661080129,PSA APR
Team Rocket,Dark Golbat,7/82,1st Edition,PSA 10,2026-01-05,970,USD,Fanatics Collect,BIN,FALSE,,63702690,,https://www.fanaticscollect.com/buy-now/be7513dd-e06e-4b10-a3de-eceb8fd116be,PSA APR
Team Rocket,Dark Golbat,7/82,1st Edition,PSA 10,2026-01-03,850,USD,eBay,best offer,TRUE,,24579111,,https://www.ebay.com/itm/236512867637,PSA APR
Team Rocket,Dark Golbat,7/82,1st Edition,PSA 10,2025-12-01,810,USD,Fanatics Collect,auction,FALSE,,43628903,,https://www.fanaticscollect.com/weekly/0e7b411a-c491-11f0-a310-0a58a9feac02,PSA APR
Team Rocket,Dark Golbat,7/82,1st Edition,PSA 10,2025-11-16,790.29,USD,eBay,best offer,TRUE,,49466569,,https://www.ebay.com/itm/357827699307,PSA APR
Team Rocket,Dark Golbat,7/82,1st Edition,PSA 10,2025-10-20,960,USD,Fanatics Collect,auction,FALSE,,26471743,,https://www.fanaticscollect.com/weekly/7c5a47b8-a096-11f0-acaf-0a58a9feac02,PSA APR
Team Rocket,Dark Golbat,7/82,1st Edition,PSA 10,2025-09-14,787,USD,eBay,auction,FALSE,,42200279,,https://www.ebay.com/itm/286804369322,PSA APR
Team Rocket,Dark Golbat,7/82,1st Edition,PSA 10,2025-09-04,700,USD,eBay,BIN,FALSE,,87502284,,https://www.ebay.com/itm/136270274132,PSA APR
Team Rocket,Dark Golbat,7/82,1st Edition,PSA 10,2025-07-04,899.99,USD,eBay,BIN,FALSE,,97960867,,https://www.ebay.com/itm/187352020981,PSA APR
Team Rocket,Dark Golbat,7/82,1st Edition,PSA 10,2025-05-25,450,USD,eBay,best offer,TRUE,,26449876,,https://www.ebay.com/itm/306308081964,PSA APR
Team Rocket,Dark Golbat,7/82,1st Edition,PSA 10,2025-05-06,480,USD,eBay,best offer,TRUE,,27525177,,https://www.ebay.com/itm/167492718905,PSA APR
Team Rocket,Dark Golbat,7/82,1st Edition,PSA 10,2025-03-31,432,USD,Fanatics Collect,auction,FALSE,,27735194,,https://www.fanaticscollect.com/weekly/a03d7b9c-fa3c-11ef-aa1a-0a58a9feac02,PSA APR
Team Rocket,Dark Golbat,7/82,1st Edition,PSA 10,2025-02-23,405,USD,eBay,auction,FALSE,,24879849,,https://www.ebay.com/itm/226604645482,PSA APR
Team Rocket,Dark Golbat,7/82,1st Edition,PSA 10,2025-02-20,699,USD,eBay,best offer,TRUE,,47244408,,https://www.ebay.com/itm/405546014854,PSA APR
Team Rocket,Dark Golbat,7/82,1st Edition,PSA 10,2025-02-13,500,USD,eBay,best offer,TRUE,,29009973,,https://www.ebay.com/itm/126931541788,PSA APR
Team Rocket,Dark Golbat,7/82,1st Edition,PSA 10,2024-12-01,355,USD,eBay,auction,FALSE,,98634359,,https://www.ebay.com/itm/305923281249,PSA APR
Team Rocket,Dark Golbat,7/82,1st Edition,PSA 10,2024-10-18,339,USD,eBay,auction,FALSE,,26442870,,https://www.ebay.com/itm/375710923977,PSA APR
Team Rocket,Dark Golbat,7/82,1st Edition,PSA 10,2024-10-10,257.12,USD,eBay,auction,FALSE,,46819743,,https://www.ebay.com/itm/395742344248,PSA APR
Team Rocket,Dark Golbat,7/82,1st Edition,PSA 10,2024-07-22,374,USD,eBay,auction,FALSE,,42023866,,https://www.ebay.com/itm/226240250552,PSA APR
Team Rocket,Dark Golbat,7/82,1st Edition,PSA 10,2024-05-27,305,USD,eBay,auction,FALSE,,27342425,,https://www.ebay.com/itm/276466927629,PSA APR
Team Rocket,Dark Golbat,7/82,1st Edition,PSA 10,2024-05-18,340,USD,eBay,auction,FALSE,,67562387,,https://www.ebay.com/itm/166751228842,PSA APR
Team Rocket,Dark Golbat,7/82,1st Edition,PSA 10,2024-01-28,271,USD,eBay,auction,FALSE,,41200510,,https://www.ebay.com/itm/325972677969,PSA APR
Team Rocket,Dark Gyarados,8/82,1st Edition,PSA 10,2026-09-28,5645.93,USD,eBay,best offer,TRUE,,92571378,,https://www.ebay.com/itm/318906525610,PSA APR
Team Rocket,Dark Gyarados,8/82,1st Edition,PSA 10,2026-09-28,6600,USD,Fanatics Collect,auction,FALSE,,40710473,,https://www.fanaticscollect.com/weekly/331e9502-9d9a-11f1-afb4-02fff4b5ca79,PSA APR
Team Rocket,Dark Gyarados,8/82,1st Edition,PSA 10,2026-09-28,6600,USD,Fanatics Collect,auction,FALSE,,82970562,,https://www.fanaticscollect.com/weekly/ceb339a6-b0a9-11f1-96ed-0a58a9feac02,PSA APR
Team Rocket,Dark Gyarados,8/82,1st Edition,PSA 10,2026-09-27,5999.99,USD,eBay,BIN,FALSE,,21212319,,https://www.ebay.com/itm/307151062983,PSA APR
Team Rocket,Dark Gyarados,8/82,1st Edition,PSA 10,2026-09-23,6000,USD,eBay,best offer,TRUE,,97465075,,https://www.ebay.com/itm/298280088572,PSA APR
Team Rocket,Dark Gyarados,8/82,1st Edition,PSA 10,2026-09-22,5339.47,USD,eBay,BIN,FALSE,,27564941,,https://www.ebay.com/itm/358578551898,PSA APR
Team Rocket,Dark Gyarados,8/82,1st Edition,PSA 10,2026-09-14,3960,USD,Fanatics Collect,auction,FALSE,,44179971,,https://www.fanaticscollect.com/weekly/7c1ef82e-a86b-11f1-a898-06d19b0b9c59,PSA APR
Team Rocket,Dark Gyarados,8/82,1st Edition,PSA 10,2026-08-24,3800,USD,eBay,auction,FALSE,,43616359,,https://www.ebay.com/itm/287524903802,PSA APR
Team Rocket,Dark Gyarados,8/82,1st Edition,PSA 10,2026-08-10,3840,USD,Fanatics Collect,auction,FALSE,,98476276,,https://www.fanaticscollect.com/weekly/63cf0df2-8aef-11f1-8585-02fff561b66f,PSA APR
Team Rocket,Dark Gyarados,8/82,1st Edition,PSA 10,2026-06-15,3050,USD,Goldin Auctions,auction,FALSE,,110853355,,https://goldin.co/item/2000-pokemon-team-rocket-1st-edition-holo-8-dark-gyarados-psa-gem-mt-1qp2ya,PSA APR
Team Rocket,Dark Gyarados,8/82,1st Edition,PSA 10,2026-05-25,3550,USD,eBay,best offer,TRUE,,42366485,,https://www.ebay.com/itm/406787386536,PSA APR
Team Rocket,Dark Gyarados,8/82,1st Edition,PSA 10,2026-05-18,3360,USD,Fanatics Collect,auction,FALSE,,27998805,,https://www.fanaticscollect.com/weekly/94f95c44-443a-11f1-8fce-0a58a9feac02,PSA APR
Team Rocket,Dark Gyarados,8/82,1st Edition,PSA 10,2026-05-11,3721,USD,Goldin Auctions,auction,FALSE,,44686471,,https://goldin.co/item/2000-pokemon-rocket-1st-edition-holo-8-dark-gyarados-psa-gem-mt-10jqe08,PSA APR
Team Rocket,Dark Gyarados,8/82,1st Edition,PSA 10,2026-05-04,3700,USD,Goldin Auctions,auction,FALSE,,28239705,,https://goldin.co/item/2000-pokemon-team-rocket-1st-edition-holo-8-dark-gyarados-psa-gem-mt-1jx39u,PSA APR
Team Rocket,Dark Gyarados,8/82,1st Edition,PSA 10,2026-04-14,3700,USD,eBay,auction,FALSE,,27390123,,https://www.ebay.com/itm/389865103999,PSA APR
Team Rocket,Dark Gyarados,8/82,1st Edition,PSA 10,2026-04-10,3500,USD,eBay,auction,FALSE,,45389912,,https://www.ebay.com/itm/377082773807,PSA APR
Team Rocket,Dark Gyarados,8/82,1st Edition,PSA 10,2026-04-09,3450,USD,eBay,auction,FALSE,,28559037,,https://www.ebay.com/itm/366320726282,PSA APR
Team Rocket,Dark Gyarados,8/82,1st Edition,PSA 10,2026-04-05,3906,USD,eBay,auction,FALSE,,70419185,,https://www.ebay.com/itm/257438592103,PSA APR
Team Rocket,Dark Gyarados,8/82,1st Edition,PSA 10,2026-03-30,3600,USD,Fanatics Collect,auction,FALSE,,28174315,,https://www.fanaticscollect.com/weekly/0621863c-1734-11f1-b1c4-0a58a9feac02,PSA APR
Team Rocket,Dark Gyarados,8/82,1st Edition,PSA 10,2026-03-30,3720,USD,Fanatics Collect,auction,FALSE,,49741152,,https://www.fanaticscollect.com/weekly/dc6f31a4-1eef-11f1-92f6-0a58a9feac02,PSA APR
Team Rocket,Dark Gyarados,8/82,1st Edition,PSA 10,2026-03-28,3437,USD,eBay,auction,FALSE,,50388054,,https://www.ebay.com/itm/306834145928,PSA APR
Team Rocket,Dark Gyarados,8/82,1st Edition,PSA 10,2026-03-26,4600,USD,eBay,auction,FALSE,,69570711,,https://www.ebay.com/itm/366286545895,PSA APR
Team Rocket,Dark Gyarados,8/82,1st Edition,PSA 10,2026-03-20,3600,USD,eBay,best offer,TRUE,,80590600,,https://www.ebay.com/itm/277801136113,PSA APR
Team Rocket,Dark Gyarados,8/82,1st Edition,PSA 10,2026-03-09,3600,USD,Fanatics Collect,auction,FALSE,,82970562,,https://www.fanaticscollect.com/weekly/42c9aa20-1279-11f1-a297-0a58a9feac02,PSA APR
Team Rocket,Dark Gyarados,8/82,1st Edition,PSA 10,2026-02-04,1815.71,USD,eBay,BIN,FALSE,,43157730,,https://www.ebay.com/itm/235959372519,PSA APR
Team Rocket,Dark Gyarados,8/82,1st Edition,PSA 10,2025-12-30,2005,USD,eBay,BIN,FALSE,,26792647,,https://www.ebay.com/itm/306675326861,PSA APR
Team Rocket,Dark Gyarados,8/82,1st Edition,PSA 10,2025-12-19,2000,USD,Fanatics Collect,BIN,FALSE,,64116764,,https://www.fanaticscollect.com/buy-now/fe3b8664-5855-4665-8893-45df38c6835b,PSA APR
Team Rocket,Dark Gyarados,8/82,1st Edition,PSA 10,2025-12-15,2280,USD,Fanatics Collect,auction,FALSE,,22368164,,https://www.fanaticscollect.com/weekly/238cb694-cfc5-11f0-9df8-0a58a9feac02,PSA APR
Team Rocket,Dark Gyarados,8/82,1st Edition,PSA 10,2025-12-01,1550,USD,eBay,auction,FALSE,,47136311,,https://www.ebay.com/itm/177610343866,PSA APR
Team Rocket,Dark Gyarados,8/82,1st Edition,PSA 10,2025-11-24,1410,USD,Fanatics Collect,auction,FALSE,,49741152,,https://www.fanaticscollect.com/weekly/4efb2c9a-bdf3-11f0-8209-02a08b07529d,PSA APR
Team Rocket,Dark Gyarados,8/82,1st Edition,PSA 10,2025-11-19,1800,USD,eBay,auction,FALSE,,28816955,,https://www.ebay.com/itm/297750797213,PSA APR
Team Rocket,Dark Gyarados,8/82,1st Edition,PSA 10,2025-11-13,1400,USD,eBay,best offer,TRUE,,56559782,,https://www.ebay.com/itm/197841144641,PSA APR
Team Rocket,Dark Gyarados,8/82,1st Edition,PSA 10,2025-11-07,1450,USD,Fanatics Collect,BIN,FALSE,,49741152,,https://www.fanaticscollect.com/fixed/1901d754-bb93-11f0-ab0f-0a9a373cbf31,PSA APR
Team Rocket,Dark Gyarados,8/82,1st Edition,PSA 10,2025-11-01,1300,USD,eBay,BIN,FALSE,,42880369,,https://www.ebay.com/itm/406341598177,PSA APR
Team Rocket,Dark Gyarados,8/82,1st Edition,PSA 10,2025-10-26,1800,USD,Fanatics Collect,best offer,TRUE,,49741152,,https://www.fanaticscollect.com/fixed/fb5979e4-b1f3-11f0-bc8b-0a58a9feac02,PSA APR
Team Rocket,Dark Gyarados,8/82,1st Edition,PSA 10,2025-10-22,1785,USD,eBay,best offer,TRUE,,40925729,,https://www.ebay.com/itm/306555510723,PSA APR
Team Rocket,Dark Gyarados,8/82,1st Edition,PSA 10,2025-10-10,1361,USD,eBay,auction,FALSE,,41200511,,https://www.ebay.com/itm/365898339766,PSA APR
Team Rocket,Dark Gyarados,8/82,1st Edition,PSA 10,2025-09-27,1567.87,USD,eBay,best offer,TRUE,,27564941,,https://www.ebay.com/itm/236321697466,PSA APR
Team Rocket,Dark Gyarados,8/82,1st Edition,PSA 10,2025-09-20,1735.01,USD,eBay,auction,FALSE,,27904370,,https://www.ebay.com/itm/297608599657,PSA APR
Team Rocket,Dark Gyarados,8/82,1st Edition,PSA 10,2025-09-11,1376,USD,eBay,auction,FALSE,,27836432,,https://www.ebay.com/itm/286801336059,PSA APR
Team Rocket,Dark Gyarados,8/82,1st Edition,PSA 10,2025-08-25,1700,USD,eBay,auction,FALSE,,70810894,,https://www.ebay.com/itm/286766001630,PSA APR
Team Rocket,Dark Gyarados,8/82,1st Edition,PSA 10,2025-08-14,1300,USD,eBay,best offer,TRUE,,29017988,,https://www.ebay.com/itm/297537261657,PSA APR
Team Rocket,Dark Gyarados,8/82,1st Edition,PSA 10,2025-07-25,1425,USD,eBay,auction,FALSE,,27553100,,https://www.ebay.com/itm/388745081072,PSA APR
Team Rocket,Dark Gyarados,8/82,1st Edition,PSA 10,2025-07-15,1799,USD,eBay,best offer,TRUE,,68552806,,https://www.ebay.com/itm/205614383638,PSA APR
Team Rocket,Dark Gyarados,8/82,1st Edition,PSA 10,2025-07-14,1485,USD,eBay,auction,FALSE,,27502649,,https://www.ebay.com/itm/286689934757,PSA APR
Team Rocket,Dark Gyarados,8/82,1st Edition,PSA 10,2025-07-07,1400,USD,eBay,best offer,TRUE,,27390123,,https://www.ebay.com/itm/297403678676,PSA APR
Team Rocket,Dark Gyarados,8/82,1st Edition,PSA 10,2025-07-07,1290,USD,Fanatics Collect,auction,FALSE,,41917050,,https://www.fanaticscollect.com/weekly/351801d0-5080-11f0-aba2-0a58a9feac02,PSA APR
Team Rocket,Dark Gyarados,8/82,1st Edition,PSA 10,2025-07-07,1223.02,USD,eBay,best offer,TRUE,,95966638,,https://www.ebay.com/itm/396807093247,PSA APR
Team Rocket,Dark Gyarados,8/82,1st Edition,PSA 10,2025-07-06,1126.29,USD,eBay,auction,FALSE,,27564941,,https://www.ebay.com/itm/286668853345,PSA APR
Team Rocket,Dark Gyarados,8/82,1st Edition,PSA 10,2025-06-23,660.88,USD,eBay,best offer,TRUE,,27342428,,https://www.ebay.com/itm/285666219090,PSA APR
Team Rocket,Dark Gyarados,8/82,1st Edition,PSA 10,2025-06-18,1550,USD,eBay,best offer,TRUE,,40710473,,https://www.ebay.com/itm/357100411239,PSA APR
Team Rocket,Dark Gyarados,8/82,1st Edition,PSA 10,2025-06-04,1300,USD,eBay,best offer,TRUE,,41324762,,https://www.ebay.com/itm/197147606877,PSA APR
Team Rocket,Dark Gyarados,8/82,1st Edition,PSA 10,2025-06-02,1200,USD,Fanatics Collect,auction,FALSE,,41917050,,https://www.fanaticscollect.com/weekly/b3abe2c8-34bf-11f0-89ad-061017c7d157,PSA APR
Team Rocket,Dark Gyarados,8/82,1st Edition,PSA 10,2025-06-01,888.66,USD,eBay,auction,FALSE,,27342426,,https://www.ebay.com/itm/286586888456,PSA APR
Team Rocket,Dark Gyarados,8/82,1st Edition,PSA 10,2025-05-28,1100,USD,eBay,BIN,FALSE,,60232786,,https://www.ebay.com/itm/405903381389,PSA APR
Team Rocket,Dark Gyarados,8/82,1st Edition,PSA 10,2025-05-25,961,USD,eBay,auction,FALSE,,50388054,,https://www.ebay.com/itm/286572052646,PSA APR
Team Rocket,Dark Gyarados,8/82,1st Edition,PSA 10,2025-05-16,1050,USD,eBay,best offer,TRUE,,52490469,,https://www.ebay.com/itm/205373927452,PSA APR
Team Rocket,Dark Gyarados,8/82,1st Edition,PSA 10,2025-04-24,975,USD,eBay,best offer,TRUE,,75467231,,https://www.ebay.com/itm/226666830376,PSA APR
Team Rocket,Dark Gyarados,8/82,1st Edition,PSA 10,2025-04-18,800,USD,eBay,best offer,TRUE,,42609504,,https://www.ebay.com/itm/267216736367,PSA APR
Team Rocket,Dark Gyarados,8/82,1st Edition,PSA 10,2025-04-12,448,USD,eBay,auction,FALSE,,42609504,,https://www.ebay.com/itm/197203677556,PSA APR
Team Rocket,Dark Gyarados,8/82,1st Edition,PSA 10,2025-04-10,749.99,USD,eBay,best offer,TRUE,,66419033,,https://www.ebay.com/itm/376150822723,PSA APR
Team Rocket,Dark Gyarados,8/82,1st Edition,PSA 10,2025-03-16,775.55,USD,eBay,auction,FALSE,,47136689,,https://www.ebay.com/itm/176923792258,PSA APR
Team Rocket,Dark Gyarados,8/82,1st Edition,PSA 10,2025-03-11,800,USD,eBay,best offer,TRUE,,62011080,,https://www.ebay.com/itm/396129325218,PSA APR
Team Rocket,Dark Gyarados,8/82,1st Edition,PSA 10,2025-02-21,749.99,USD,eBay,best offer,TRUE,,85554610,,https://www.ebay.com/itm/156720635374,PSA APR
Team Rocket,Dark Gyarados,8/82,1st Edition,PSA 10,2025-02-21,724.99,USD,eBay,BIN,FALSE,,55512768,,https://www.ebay.com/itm/115246866963,PSA APR
Team Rocket,Dark Gyarados,8/82,1st Edition,PSA 10,2025-02-16,760,USD,eBay,auction,FALSE,,43852198,,https://www.ebay.com/itm/186940261980,PSA APR
Team Rocket,Dark Gyarados,8/82,1st Edition,PSA 10,2025-02-11,675,USD,eBay,BIN,FALSE,,28698278,,https://www.ebay.com/itm/404996205039,PSA APR
Team Rocket,Dark Gyarados,8/82,1st Edition,PSA 10,2025-02-08,616,USD,eBay,auction,FALSE,,43852198,,https://www.ebay.com/itm/186923726206,PSA APR
Team Rocket,Dark Gyarados,8/82,1st Edition,PSA 10,2025-02-06,519.58,USD,eBay,auction,FALSE,,23077476,,https://www.ebay.com/itm/116460052010,PSA APR
Team Rocket,Dark Gyarados,8/82,1st Edition,PSA 10,2025-02-06,721,USD,eBay,auction,FALSE,,27355063,,https://www.ebay.com/itm/365369872445,PSA APR
Team Rocket,Dark Gyarados,8/82,1st Edition,PSA 10,2025-01-27,630,USD,eBay,best offer,TRUE,,60232786,,https://www.ebay.com/itm/267105431560,PSA APR
Team Rocket,Dark Gyarados,8/82,1st Edition,PSA 10,2025-01-27,699,USD,eBay,BIN,FALSE,,23582280,,https://www.ebay.com/itm/306057509269,PSA APR
Team Rocket,Dark Gyarados,8/82,1st Edition,PSA 10,2025-01-26,700,USD,eBay,BIN,FALSE,,75467231,,https://www.ebay.com/itm/267101377573,PSA APR
Team Rocket,Dark Gyarados,8/82,1st Edition,PSA 10,2025-01-24,683.54,USD,eBay,BIN,FALSE,,55027810,,https://www.ebay.com/itm/165960244964,PSA APR
Team Rocket,Dark Gyarados,8/82,1st Edition,PSA 10,2025-01-22,615,USD,eBay,auction,FALSE,,101661083,,https://www.ebay.com/itm/335771499284,PSA APR
Team Rocket,Dark Gyarados,8/82,1st Edition,PSA 10,2025-01-11,563.39,USD,eBay,BIN,FALSE,,40710473,,https://www.ebay.com/itm/276708549651,PSA APR
Team Rocket,Dark Gyarados,8/82,1st Edition,PSA 10,2024-10-18,595,USD,eBay,auction,FALSE,,19421362,,https://www.ebay.com/itm/365175554470,PSA APR
Team Rocket,Dark Gyarados,8/82,1st Edition,PSA 10,2024-10-02,535,USD,eBay,auction,FALSE,,41522716,,https://www.ebay.com/itm/305800708542,PSA APR
Team Rocket,Dark Gyarados,8/82,1st Edition,PSA 10,2024-08-28,511,USD,eBay,auction,FALSE,,28291321,,https://www.ebay.com/itm/375602721424,PSA APR
Team Rocket,Dark Gyarados,8/82,1st Edition,PSA 10,2024-06-03,460,USD,eBay,auction,FALSE,,75730154,,https://www.ebay.com/itm/156222739912,PSA APR
Team Rocket,Dark Gyarados,8/82,1st Edition,PSA 10,2024-05-12,460.99,USD,eBay,auction,FALSE,,27371292,,https://www.ebay.com/itm/285842983858,PSA APR
Team Rocket,Dark Gyarados,8/82,1st Edition,PSA 10,2024-03-25,530,USD,eBay,auction,FALSE,,29044050,,https://www.ebay.com/itm/285764698634,PSA APR
Team Rocket,Dark Gyarados,8/82,1st Edition,PSA 10,2024-03-23,444.99,USD,eBay,auction,FALSE,,60232786,,https://www.ebay.com/itm/315220077130,PSA APR
Team Rocket,Dark Gyarados,8/82,1st Edition,PSA 10,2024-01-28,485,USD,eBay,auction,FALSE,,41200511,,https://www.ebay.com/itm/325972677968,PSA APR
Team Rocket,Dark Hypno,9/82,1st Edition,PSA 10,2026-09-28,3200,USD,eBay,best offer,TRUE,,28384291,,https://www.ebay.com/itm/227539452664,PSA APR
Team Rocket,Dark Hypno,9/82,1st Edition,PSA 10,2026-09-26,3300,USD,Fanatics Collect,best offer,TRUE,,26979281,,https://www.fanaticscollect.com/buy-now/089b5073-6165-456a-a994-333514b33d39,PSA APR
Team Rocket,Dark Hypno,9/82,1st Edition,PSA 10,2026-09-25,2600,USD,eBay,best offer,TRUE,,68404774,,https://www.ebay.com/itm/406820732989,PSA APR
Team Rocket,Dark Hypno,9/82,1st Edition,PSA 10,2026-09-25,2718.31,USD,eBay,best offer,TRUE,,43375587,,https://www.ebay.com/itm/158194292554,PSA APR
Team Rocket,Dark Hypno,9/82,1st Edition,PSA 10,2026-09-24,3000,USD,Fanatics Collect,BIN,FALSE,,53261760,,https://www.fanaticscollect.com/buy-now/c9d71fdd-14e1-4fa5-a59a-04dc1daab834,PSA APR
Team Rocket,Dark Hypno,9/82,1st Edition,PSA 10,2026-09-24,2741.69,USD,eBay,best offer,TRUE,,48445749,,https://www.ebay.com/itm/117270312032,PSA APR
Team Rocket,Dark Hypno,9/82,1st Edition,PSA 10,2026-09-23,2300,USD,Fanatics Collect,BIN,FALSE,,53261760,,https://www.fanaticscollect.com/buy-now/e5c6efee-a263-43d4-a4b7-d148568412e1,PSA APR
Team Rocket,Dark Hypno,9/82,1st Edition,PSA 10,2026-09-21,2300,USD,eBay,best offer,TRUE,,28384291,,https://www.ebay.com/itm/406787248690,PSA APR
Team Rocket,Dark Hypno,9/82,1st Edition,PSA 10,2026-09-14,2000,USD,eBay,best offer,TRUE,,98370831,,https://www.ebay.com/itm/257682846679,PSA APR
Team Rocket,Dark Hypno,9/82,1st Edition,PSA 10,2026-09-14,1680,USD,Fanatics Collect,auction,FALSE,,44134028,,https://www.fanaticscollect.com/weekly/7c1a4126-a86b-11f1-8d8a-06d19b0b9c59,PSA APR
Team Rocket,Dark Hypno,9/82,1st Edition,PSA 10,2026-09-13,1990,USD,Fanatics Collect,BIN,FALSE,,44406624,,https://www.fanaticscollect.com/buy-now/e510c1bf-bbb3-46b8-a4ab-73c94f8e5857,PSA APR
Team Rocket,Dark Hypno,9/82,1st Edition,PSA 10,2026-09-06,1990,USD,Fanatics Collect,BIN,FALSE,,26979281,,https://www.fanaticscollect.com/buy-now/3ad85b84-1a1b-47ce-ba14-092e9a989f67,PSA APR
Team Rocket,Dark Hypno,9/82,1st Edition,PSA 10,2026-08-17,1440,USD,Fanatics Collect,auction,FALSE,,44406624,,https://www.fanaticscollect.com/weekly/f4693cdc-91ef-11f1-871e-0a58a9feac02,PSA APR
Team Rocket,Dark Hypno,9/82,1st Edition,PSA 10,2026-08-17,1680,USD,Fanatics Collect,auction,FALSE,,68479574,,https://www.fanaticscollect.com/weekly/fa73f602-8fb6-11f1-b3a5-06734178406b,PSA APR
Team Rocket,Dark Hypno,9/82,1st Edition,PSA 10,2026-07-20,1650,USD,Fanatics Collect,auction,FALSE,,44406624,,https://www.fanaticscollect.com/weekly/165cd920-6f68-11f1-9708-0a58a9feac02,PSA APR
Team Rocket,Dark Hypno,9/82,1st Edition,PSA 10,2026-06-15,1830,USD,Fanatics Collect,auction,FALSE,,53261760,,https://www.fanaticscollect.com/weekly/fa400f9c-611a-11f1-a6ad-0227e3896b69,PSA APR
Team Rocket,Dark Hypno,9/82,1st Edition,PSA 10,2026-05-04,1771,USD,Goldin Auctions,auction,FALSE,,26542843,,https://goldin.co/item/2000-pokemon-team-rocket-1st-edition-holo-9-dark-hypno-psa-gem-mt-10pmhpy,PSA APR
Team Rocket,Dark Hypno,9/82,1st Edition,PSA 10,2026-04-29,2050,USD,eBay,auction,FALSE,,94677190,,https://www.ebay.com/itm/389921017740,PSA APR
Team Rocket,Dark Hypno,9/82,1st Edition,PSA 10,2026-04-24,1871,USD,eBay,auction,FALSE,,26478829,,https://www.ebay.com/itm/298231141122,PSA APR
Team Rocket,Dark Hypno,9/82,1st Edition,PSA 10,2026-04-20,1950,USD,eBay,BIN,FALSE,,94414376,,https://www.ebay.com/itm/377127402734,PSA APR
Team Rocket,Dark Hypno,9/82,1st Edition,PSA 10,2026-04-09,1775,USD,eBay,auction,FALSE,,49138748,,https://www.ebay.com/itm/377080050430,PSA APR
Team Rocket,Dark Hypno,9/82,1st Edition,PSA 10,2026-03-29,1862,USD,Fanatics Collect,BIN,FALSE,,69536619,,https://www.fanaticscollect.com/buy-now/ec5f5685-8680-412c-ad61-f3ddb2627873,PSA APR
Team Rocket,Dark Hypno,9/82,1st Edition,PSA 10,2026-03-28,1862.85,USD,eBay,auction,FALSE,,57130294,,https://www.ebay.com/itm/306834145929,PSA APR
Team Rocket,Dark Hypno,9/82,1st Edition,PSA 10,2026-02-02,1700,USD,eBay,best offer,TRUE,,26589485,,https://www.ebay.com/itm/227174335502,PSA APR
Team Rocket,Dark Hypno,9/82,1st Edition,PSA 10,2026-01-31,1750,USD,eBay,best offer,TRUE,,57826353,,https://www.ebay.com/itm/366162673511,PSA APR
Team Rocket,Dark Hypno,9/82,1st Edition,PSA 10,2026-01-01,1200,USD,eBay,BIN,FALSE,,27312957,,https://www.ebay.com/itm/297741862230,PSA APR
Team Rocket,Dark Hypno,9/82,1st Edition,PSA 10,2025-10-25,6.65,USD,eBay,auction,FALSE,,62645594,,https://www.ebay.com/itm/227041281184,PSA APR
Team Rocket,Dark Hypno,9/82,1st Edition,PSA 10,2025-10-16,1135,USD,Fanatics Collect,BIN,FALSE,,67172680,,https://www.fanaticscollect.com/fixed/deca3c84-a34b-11f0-a77d-0a58a9feac02,PSA APR
Team Rocket,Dark Hypno,9/82,1st Edition,PSA 10,2025-10-06,800,USD,eBay,BIN,FALSE,,43590169,,https://www.ebay.com/itm/388682423573,PSA APR
Team Rocket,Dark Hypno,9/82,1st Edition,PSA 10,2025-09-15,1250,USD,eBay,best offer,TRUE,,55070606,,https://www.ebay.com/itm/177363154508,PSA APR
Team Rocket,Dark Hypno,9/82,1st Edition,PSA 10,2025-09-11,733,USD,eBay,auction,FALSE,,27312957,,https://www.ebay.com/itm/286801305386,PSA APR
Team Rocket,Dark Hypno,9/82,1st Edition,PSA 10,2025-09-10,855,USD,eBay,auction,FALSE,,18608721,,https://www.ebay.com/itm/376523625827,PSA APR
Team Rocket,Dark Hypno,9/82,1st Edition,PSA 10,2025-09-04,1000,USD,eBay,BIN,FALSE,,27632778,,https://www.ebay.com/itm/167740038282,PSA APR
Team Rocket,Dark Hypno,9/82,1st Edition,PSA 10,2025-09-01,1006.65,USD,eBay,auction,FALSE,,41958002,,https://www.ebay.com/itm/317202293644,PSA APR
Team Rocket,Dark Hypno,9/82,1st Edition,PSA 10,2025-08-24,1175,USD,eBay,best offer,TRUE,,55070606,,https://www.ebay.com/itm/177234024865,PSA APR
Team Rocket,Dark Hypno,9/82,1st Edition,PSA 10,2025-08-17,737.94,USD,eBay,auction,FALSE,,27342433,,https://www.ebay.com/itm/136277844476,PSA APR
Team Rocket,Dark Hypno,9/82,1st Edition,PSA 10,2025-08-15,700,USD,eBay,best offer,TRUE,,28222704,,https://www.ebay.com/itm/297537276912,PSA APR
Team Rocket,Dark Hypno,9/82,1st Edition,PSA 10,2025-08-09,760,USD,eBay,auction,FALSE,,26212160,,https://www.ebay.com/itm/326713959330,PSA APR
Team Rocket,Dark Hypno,9/82,1st Edition,PSA 10,2025-07-15,450,USD,eBay,BIN,FALSE,,40944606,,https://www.ebay.com/itm/326686632105,PSA APR
Team Rocket,Dark Hypno,9/82,1st Edition,PSA 10,2025-07-14,896,USD,eBay,auction,FALSE,,27342430,,https://www.ebay.com/itm/286689934808,PSA APR
Team Rocket,Dark Hypno,9/82,1st Edition,PSA 10,2025-07-08,840,USD,eBay,auction,FALSE,,68147616,,https://www.ebay.com/itm/376368792323,PSA APR
Team Rocket,Dark Hypno,9/82,1st Edition,PSA 10,2025-07-04,820,USD,eBay,auction,FALSE,,114301691,,https://www.ebay.com/itm/116668073368,PSA APR
Team Rocket,Dark Hypno,9/82,1st Edition,PSA 10,2025-06-18,1075,USD,eBay,BIN,FALSE,,43264762,,https://www.ebay.com/itm/205378232250,PSA APR
Team Rocket,Dark Hypno,9/82,1st Edition,PSA 10,2025-06-18,898,USD,eBay,auction,FALSE,,68147616,,https://www.ebay.com/itm/365662935192,PSA APR
Team Rocket,Dark Hypno,9/82,1st Edition,PSA 10,2025-06-18,665,USD,eBay,auction,FALSE,,114301691,,https://www.ebay.com/itm/306344496052,PSA APR
Team Rocket,Dark Hypno,9/82,1st Edition,PSA 10,2025-06-17,502.44,USD,eBay,BIN,FALSE,,27662589,,https://www.ebay.com/itm/226764339508,PSA APR
Team Rocket,Dark Hypno,9/82,1st Edition,PSA 10,2025-06-01,580,USD,eBay,best offer,TRUE,,48303257,,https://www.ebay.com/itm/277116459032,PSA APR
Team Rocket,Dark Hypno,9/82,1st Edition,PSA 10,2025-05-31,550,USD,eBay,BIN,FALSE,,104314761,,https://www.ebay.com/itm/135818657620,PSA APR
Team Rocket,Dark Hypno,9/82,1st Edition,PSA 10,2025-05-27,761,USD,eBay,auction,FALSE,,46231940,,https://www.ebay.com/itm/127128851287,PSA APR
Team Rocket,Dark Hypno,9/82,1st Edition,PSA 10,2025-05-17,575,USD,eBay,BIN,FALSE,,109030256,,https://www.ebay.com/itm/286556296697,PSA APR
Team Rocket,Dark Hypno,9/82,1st Edition,PSA 10,2025-05-01,700,USD,eBay,BIN,FALSE,,71697115,,https://www.ebay.com/itm/306280500131,PSA APR
Team Rocket,Dark Hypno,9/82,1st Edition,PSA 10,2025-04-21,601,USD,eBay,auction,FALSE,,18608721,,https://www.ebay.com/itm/356749022715,PSA APR
Team Rocket,Dark Hypno,9/82,1st Edition,PSA 10,2025-04-14,500,USD,eBay,BIN,FALSE,,71697115,,https://www.ebay.com/itm/297215001525,PSA APR
Team Rocket,Dark Hypno,9/82,1st Edition,PSA 10,2025-04-07,599.99,USD,eBay,BIN,FALSE,,24879851,,https://www.ebay.com/itm/286371004891,PSA APR
Team Rocket,Dark Hypno,9/82,1st Edition,PSA 10,2025-04-06,730,USD,eBay,auction,FALSE,,74801459,,https://www.ebay.com/itm/286444862672,PSA APR
Team Rocket,Dark Hypno,9/82,1st Edition,PSA 10,2025-04-05,690,USD,eBay,BIN,FALSE,,40772752,,https://www.ebay.com/itm/405566460507,PSA APR
Team Rocket,Dark Hypno,9/82,1st Edition,PSA 10,2025-04-03,535,USD,eBay,auction,FALSE,,57130294,,https://www.ebay.com/itm/116537053672,PSA APR
Team Rocket,Dark Hypno,9/82,1st Edition,PSA 10,2025-03-30,477,USD,eBay,auction,FALSE,,47698327,,https://www.ebay.com/itm/286428037610,PSA APR
Team Rocket,Dark Hypno,9/82,1st Edition,PSA 10,2025-03-24,504,USD,Fanatics Collect,auction,FALSE,,42821788,,https://www.fanaticscollect.com/weekly/3c6b5750-feb6-11ef-8b1a-0a58a9feac02,PSA APR
Team Rocket,Dark Hypno,9/82,1st Edition,PSA 10,2025-03-15,499.97,USD,eBay,BIN,FALSE,,48445749,,https://www.ebay.com/itm/236000435908,PSA APR
Team Rocket,Dark Hypno,9/82,1st Edition,PSA 10,2025-03-06,450,USD,eBay,best offer,TRUE,,44785615,,https://www.ebay.com/itm/286385092130,PSA APR
Team Rocket,Dark Hypno,9/82,1st Edition,PSA 10,2025-03-02,690,USD,eBay,auction,FALSE,,44555748,,https://www.ebay.com/itm/286349681491,PSA APR
Team Rocket,Dark Hypno,9/82,1st Edition,PSA 10,2025-02-20,446.92,USD,eBay,best offer,TRUE,,43959423,,https://www.ebay.com/itm/396205512625,PSA APR
Team Rocket,Dark Hypno,9/82,1st Edition,PSA 10,2025-02-03,373.16,USD,eBay,BIN,FALSE,,98370831,,https://www.ebay.com/itm/405437216922,PSA APR
Team Rocket,Dark Hypno,9/82,1st Edition,PSA 10,2025-02-01,450,USD,eBay,best offer,TRUE,,68479574,,https://www.ebay.com/itm/204567229393,PSA APR
Team Rocket,Dark Hypno,9/82,1st Edition,PSA 10,2025-01-27,459.99,USD,eBay,best offer,TRUE,,27632778,,https://www.ebay.com/itm/155091690988,PSA APR
Team Rocket,Dark Hypno,9/82,1st Edition,PSA 10,2025-01-16,382.25,USD,eBay,best offer,TRUE,,27239105,,https://www.ebay.com/itm/265941758885,PSA APR
Team Rocket,Dark Hypno,9/82,1st Edition,PSA 10,2024-12-11,355,USD,eBay,auction,FALSE,,53253123,,https://www.ebay.com/itm/375839545366,PSA APR
Team Rocket,Dark Hypno,9/82,1st Edition,PSA 10,2024-10-01,296.02,USD,eBay,auction,FALSE,,90966537,,https://www.ebay.com/itm/276654307198,PSA APR
Team Rocket,Dark Hypno,9/82,1st Edition,PSA 10,2024-09-17,320,USD,eBay,auction,FALSE,,41522717,,https://www.ebay.com/itm/375639671509,PSA APR
Team Rocket,Dark Hypno,9/82,1st Edition,PSA 10,2024-08-28,358,USD,eBay,auction,FALSE,,41522717,,https://www.ebay.com/itm/375602722189,PSA APR
Team Rocket,Dark Hypno,9/82,1st Edition,PSA 10,2024-08-14,307.88,USD,eBay,auction,FALSE,,90966537,,https://www.ebay.com/itm/405151682278,PSA APR
Team Rocket,Dark Hypno,9/82,1st Edition,PSA 10,2024-08-13,300,USD,eBay,auction,FALSE,,94414376,,https://www.ebay.com/itm/395584375396,PSA APR
Team Rocket,Dark Hypno,9/82,1st Edition,PSA 10,2024-07-17,311.99,USD,eBay,auction,FALSE,,64761186,,https://www.ebay.com/itm/266897811092,PSA APR
Team Rocket,Dark Hypno,9/82,1st Edition,PSA 10,2024-03-24,317.88,USD,eBay,auction,FALSE,,27864198,,https://www.ebay.com/itm/176285307334,PSA APR
Team Rocket,Dark Hypno,9/82,1st Edition,PSA 10,2024-01-28,286,USD,eBay,auction,FALSE,,41200512,,https://www.ebay.com/itm/325972677970,PSA APR
Team Rocket,Dark Hypno,9/82,1st Edition,PSA 10,2023-10-15,365,USD,eBay,auction,FALSE,,47202427,,https://www.ebay.com/itm/285502958343,PSA APR
Team Rocket,Dark Machamp,10/82,1st Edition,PSA 10,2026-09-24,4000,USD,Fanatics Collect,BIN,FALSE,,44434691,,https://www.fanaticscollect.com/buy-now/18efa09e-82f3-4422-a4ea-3a5284c54d0f,PSA APR
Team Rocket,Dark Machamp,10/82,1st Edition,PSA 10,2026-09-14,3000,USD,Fanatics Collect,auction,FALSE,,44027287,,https://www.fanaticscollect.com/weekly/7c17aaec-a86b-11f1-b4e5-06d19b0b9c59,PSA APR
Team Rocket,Dark Machamp,10/82,1st Edition,PSA 10,2026-09-14,3355,USD,Goldin Auctions,auction,FALSE,,42002711,,https://goldin.co/item/2000-pokemon-team-rocket-1st-edition-holo-10-dark-machamp-psa-gem-mt-1nga3q,PSA APR
Team Rocket,Dark Machamp,10/82,1st Edition,PSA 10,2026-05-24,3450,USD,eBay,auction,FALSE,,28217077,,https://www.ebay.com/itm/298322393154,PSA APR
Team Rocket,Dark Machamp,10/82,1st Edition,PSA 10,2026-05-18,3120,USD,Fanatics Collect,auction,FALSE,,27833260,,https://www.fanaticscollect.com/weekly/f3206202-4932-11f1-8d42-0a58a9feac02,PSA APR
Team Rocket,Dark Machamp,10/82,1st Edition,PSA 10,2026-05-14,3250,USD,Heritage Auctions,auction,FALSE,,27485252,,https://comics.ha.com/itm/memorabilia/trading-cards/pokemon-dark-machamp-10-1st-edition-team-rocket-psa-trading-card-game-gem-mint-10-wizards-of-the-coast-2000-rare-holo/a/43246-78084.s,PSA APR
Team Rocket,Dark Machamp,10/82,1st Edition,PSA 10,2026-05-04,3137,USD,Goldin Auctions,auction,FALSE,,27988086,,https://goldin.co/item/2000-pokemon-team-rocket-1st-edition-holo-10-dark-machamp-psa-gem-mt-11cpow,PSA APR
Team Rocket,Dark Machamp,10/82,1st Edition,PSA 10,2026-05-01,4300,USD,eBay,best offer,TRUE,,44285181,,https://www.ebay.com/itm/287282765559,PSA APR
Team Rocket,Dark Machamp,10/82,1st Edition,PSA 10,2026-04-27,3000,USD,Fanatics Collect,auction,FALSE,,44434691,,https://www.fanaticscollect.com/weekly/dae1303a-3524-11f1-aa91-0a58a9feac02,PSA APR
Team Rocket,Dark Machamp,10/82,1st Edition,PSA 10,2026-04-08,4450,USD,Fanatics Collect,BIN,FALSE,,28454745,,https://www.fanaticscollect.com/buy-now/25ea3711-4fcd-4f9e-9247-a5a09f6344c5,PSA APR
Team Rocket,Dark Machamp,10/82,1st Edition,PSA 10,2026-04-06,3720,USD,Fanatics Collect,auction,FALSE,,28548509,,https://www.fanaticscollect.com/weekly/dc74deec-1eef-11f1-b994-0a58a9feac02,PSA APR
Team Rocket,Dark Machamp,10/82,1st Edition,PSA 10,2026-03-27,3855.88,USD,eBay,auction,FALSE,,27833259,,https://www.ebay.com/itm/306832256008,PSA APR
Team Rocket,Dark Machamp,10/82,1st Edition,PSA 10,2026-03-12,7000,USD,Fanatics Collect,best offer,TRUE,,27988086,,https://www.fanaticscollect.com/buy-now/146838b1-f56f-403f-8903-97e3063e343e,PSA APR
Team Rocket,Dark Machamp,10/82,1st Edition,PSA 10,2026-01-26,3050,USD,eBay,auction,FALSE,,28217077,,https://www.ebay.com/itm/306718579030,PSA APR
Team Rocket,Dark Machamp,10/82,1st Edition,PSA 10,2026-01-17,3100,USD,eBay,best offer,TRUE,,80013348,,https://www.ebay.com/itm/257309710825,PSA APR
Team Rocket,Dark Machamp,10/82,1st Edition,PSA 10,2025-12-31,2800,USD,eBay,BIN,FALSE,,28217077,,https://www.ebay.com/itm/116955588216,PSA APR
Team Rocket,Dark Machamp,10/82,1st Edition,PSA 10,2025-12-08,1998.23,USD,eBay,best offer,TRUE,,69080093,,https://www.ebay.com/itm/116879511377,PSA APR
Team Rocket,Dark Machamp,10/82,1st Edition,PSA 10,2025-10-06,1230,USD,Fanatics Collect,auction,FALSE,,28548509,,https://www.fanaticscollect.com/weekly/7fbc9d98-9b0f-11f0-a814-0a58a9feac02,PSA APR
Team Rocket,Dark Machamp,10/82,1st Edition,PSA 10,2025-09-26,1350,USD,eBay,BIN,FALSE,,72660184,,https://www.ebay.com/itm/167740061049,PSA APR
Team Rocket,Dark Machamp,10/82,1st Edition,PSA 10,2025-09-08,1140,USD,Fanatics Collect,auction,FALSE,,86016945,,https://www.fanaticscollect.com/weekly/11142404-8162-11f0-9b77-0a9ef0c878c3,PSA APR
Team Rocket,Dark Machamp,10/82,1st Edition,PSA 10,2025-08-25,1350,USD,eBay,auction,FALSE,,23509452,,https://www.ebay.com/itm/365804380844,PSA APR
Team Rocket,Dark Machamp,10/82,1st Edition,PSA 10,2025-07-26,1045,USD,eBay,auction,FALSE,,114833829,,https://www.ebay.com/itm/297476070419,PSA APR
Team Rocket,Dark Machamp,10/82,1st Edition,PSA 10,2025-07-22,1000,USD,eBay,BIN,FALSE,,41324772,,https://www.ebay.com/itm/306410141717,PSA APR
Team Rocket,Dark Machamp,10/82,1st Edition,PSA 10,2025-05-04,756.39,USD,eBay,BIN,FALSE,,25768751,,https://www.ebay.com/itm/166025747760,PSA APR
Team Rocket,Dark Machamp,10/82,1st Edition,PSA 10,2025-03-31,1050,USD,Fanatics Collect,auction,FALSE,,27833259,,https://www.fanaticscollect.com/weekly/a039cfc4-fa3c-11ef-b716-0a58a9feac02,PSA APR
Team Rocket,Dark Machamp,10/82,1st Edition,PSA 10,2025-02-13,1055,USD,eBay,auction,FALSE,,72660184,,https://www.ebay.com/itm/306089927592,PSA APR
Team Rocket,Dark Machamp,10/82,1st Edition,PSA 10,2025-02-01,950,USD,eBay,best offer,TRUE,,42688118,,https://www.ebay.com/itm/195499341029,PSA APR
Team Rocket,Dark Machamp,10/82,1st Edition,PSA 10,2025-01-17,760,USD,eBay,best offer,TRUE,,71521710,,https://www.ebay.com/itm/196953689824,PSA APR
Team Rocket,Dark Machamp,10/82,1st Edition,PSA 10,2025-01-08,650,USD,eBay,best offer,TRUE,,89081581,,https://www.ebay.com/itm/365312066323,PSA APR
Team Rocket,Dark Machamp,10/82,1st Edition,PSA 10,2024-10-09,565.55,USD,eBay,auction,FALSE,,89081581,,https://www.ebay.com/itm/305807267342,PSA APR
Team Rocket,Dark Machamp,10/82,1st Edition,PSA 10,2024-01-28,405,USD,eBay,auction,FALSE,,41200513,,https://www.ebay.com/itm/325972677987,PSA APR
Team Rocket,Dark Machamp,10/82,1st Edition,PSA 10,2023-10-30,380,USD,eBay,auction,FALSE,,80013348,,https://www.ebay.com/itm/126145429544,PSA APR
Team Rocket,Dark Magneton,11/82,1st Edition,PSA 10,2026-09-24,36000,USD,Fanatics Collect,best offer,TRUE,,47136691,,https://www.fanaticscollect.com/buy-now/9cac6928-a4db-4a75-b9c4-d5bda7e7492d,PSA APR
Team Rocket,Dark Magneton,11/82,1st Edition,PSA 10,2026-09-21,27600,USD,Fanatics Collect,auction,FALSE,,23841364,,https://www.fanaticscollect.com/weekly/3a517d5e-a695-11f1-9f0f-0a58a9feac02,PSA APR
Team Rocket,Dark Magneton,11/82,1st Edition,PSA 10,2026-09-14,22800,USD,Fanatics Collect,auction,FALSE,,47136691,,https://www.fanaticscollect.com/weekly/7c28e03c-a86b-11f1-97ae-06d19b0b9c59,PSA APR
Team Rocket,Dark Magneton,11/82,1st Edition,PSA 10,2026-05-04,28200,USD,Fanatics Collect,auction,FALSE,,23841364,,https://www.fanaticscollect.com/weekly/f501ca80-3932-11f1-b6f7-0a58a9feac02,PSA APR
Team Rocket,Dark Magneton,11/82,1st Edition,PSA 10,2026-05-04,25620,USD,Goldin Auctions,auction,FALSE,,86899279,,https://goldin.co/item/2000-pokemon-team-rocket-1st-edition-holo-11-dark-magneton-psa-gem-mttt7e0,PSA APR
Team Rocket,Dark Magneton,11/82,1st Edition,PSA 10,2026-03-16,27000,USD,Fanatics Collect,auction,FALSE,,86899279,,https://www.fanaticscollect.com/weekly/971fedfa-1724-11f1-b878-0add3626640f,PSA APR
Team Rocket,Dark Magneton,11/82,1st Edition,PSA 10,2025-07-14,6600,USD,Fanatics Collect,auction,FALSE,,60387184,,https://www.fanaticscollect.com/weekly/4f38e046-55d2-11f0-9083-0a58a9feac02,PSA APR
Team Rocket,Dark Magneton,11/82,1st Edition,PSA 10,2025-03-17,5162,USD,Fanatics Collect,best offer,TRUE,,60387184,,https://www.fanaticscollect.com/fixed/90972b22-44f0-11ef-a7ce-06812bf7bee5,PSA APR
Team Rocket,Dark Magneton,11/82,1st Edition,PSA 10,2025-02-24,5280,USD,Fanatics Collect,auction,FALSE,,27207366,,https://www.fanaticscollect.com/weekly/45a1f70a-ddf2-11ef-a6c5-0a58a9feac02,PSA APR
Team Rocket,Dark Slowbro,12/82,1st Edition,PSA 10,2026-09-23,4077.29,USD,eBay,BIN,FALSE,,41267629,,https://www.ebay.com/itm/358913341820,PSA APR
Team Rocket,Dark Slowbro,12/82,1st Edition,PSA 10,2026-09-23,4999.99,USD,eBay,BIN,FALSE,,28224506,,https://www.ebay.com/itm/307151072386,PSA APR
Team Rocket,Dark Slowbro,12/82,1st Edition,PSA 10,2026-09-23,4275,USD,eBay,BIN,FALSE,,41773416,,https://www.ebay.com/itm/287232988510,PSA APR
Team Rocket,Dark Slowbro,12/82,1st Edition,PSA 10,2026-09-21,3720,USD,Fanatics Collect,auction,FALSE,,41587232,,https://www.fanaticscollect.com/weekly/7b7ee294-adfc-11f1-a365-06ffc697317d,PSA APR
Team Rocket,Dark Slowbro,12/82,1st Edition,PSA 10,2026-09-14,3480,USD,Fanatics Collect,auction,FALSE,,44179972,,https://www.fanaticscollect.com/weekly/7c3056be-a86b-11f1-a259-06d19b0b9c59,PSA APR
Team Rocket,Dark Slowbro,12/82,1st Edition,PSA 10,2026-08-03,2600,USD,eBay,auction,FALSE,,27584474,,https://www.ebay.com/itm/168558574171,PSA APR
Team Rocket,Dark Slowbro,12/82,1st Edition,PSA 10,2026-07-20,3000,USD,Fanatics Collect,auction,FALSE,,66700918,,https://www.fanaticscollect.com/weekly/16710904-6f68-11f1-b956-0a58a9feac02,PSA APR
Team Rocket,Dark Slowbro,12/82,1st Edition,PSA 10,2026-06-05,4495,USD,Fanatics Collect,BIN,FALSE,,44959221,,https://www.fanaticscollect.com/buy-now/5b8a03dc-7fe7-4638-9bd0-4cc7abad7609,PSA APR
Team Rocket,Dark Slowbro,12/82,1st Edition,PSA 10,2026-05-11,3218,USD,eBay,auction,FALSE,,41662603,,https://www.ebay.com/itm/389970654316,PSA APR
Team Rocket,Dark Slowbro,12/82,1st Edition,PSA 10,2026-05-04,2771,USD,Goldin Auctions,auction,FALSE,,45992333,,https://goldin.co/item/2000-pokemon-team-rocket-1st-edition-holo-12-dark-slowbro-psa-gem-mt-1903ta,PSA APR
Team Rocket,Dark Slowbro,12/82,1st Edition,PSA 10,2026-05-04,3965,USD,Goldin Auctions,auction,FALSE,,76741818,,https://goldin.co/item/2000-pokemon-rocket-1st-edition-holo-12-dark-slowbro-psa-gem-mt-106b7kh,PSA APR
Team Rocket,Dark Slowbro,12/82,1st Edition,PSA 10,2026-04-11,3841,USD,eBay,auction,FALSE,,70419195,,https://www.ebay.com/itm/257444311088,PSA APR
Team Rocket,Dark Slowbro,12/82,1st Edition,PSA 10,2026-04-09,4150,USD,eBay,auction,FALSE,,41662603,,https://www.ebay.com/itm/389832983119,PSA APR
Team Rocket,Dark Slowbro,12/82,1st Edition,PSA 10,2026-04-05,3550,USD,eBay,auction,FALSE,,70419195,,https://www.ebay.com/itm/257438592762,PSA APR
Team Rocket,Dark Slowbro,12/82,1st Edition,PSA 10,2026-04-05,4150,USD,eBay,auction,FALSE,,41438004,,https://www.ebay.com/itm/298167399291,PSA APR
Team Rocket,Dark Slowbro,12/82,1st Edition,PSA 10,2026-04-01,3450,USD,eBay,auction,FALSE,,27165036,,https://www.ebay.com/itm/366301122699,PSA APR
Team Rocket,Dark Slowbro,12/82,1st Edition,PSA 10,2026-03-31,3749.99,USD,eBay,BIN,FALSE,,27904321,,https://www.ebay.com/itm/298180259542,PSA APR
Team Rocket,Dark Slowbro,12/82,1st Edition,PSA 10,2026-03-30,3720,USD,Fanatics Collect,auction,FALSE,,46923938,,https://www.fanaticscollect.com/weekly/dc6edbbe-1eef-11f1-a1f7-0a58a9feac02,PSA APR
Team Rocket,Dark Slowbro,12/82,1st Edition,PSA 10,2026-03-27,4065.4,USD,eBay,auction,FALSE,,21345508,,https://www.ebay.com/itm/306832256007,PSA APR
Team Rocket,Dark Slowbro,12/82,1st Edition,PSA 10,2026-03-20,3850,USD,eBay,best offer,TRUE,,21562504,,https://www.ebay.com/itm/267609441783,PSA APR
Team Rocket,Dark Slowbro,12/82,1st Edition,PSA 10,2026-03-16,6344,USD,Goldin Auctions,auction,FALSE,,45992333,,https://goldin.co/item/2000-pokemon-team-rocket-1st-edition-holo-12-dark-slowbro-psa-gem-mt-1qaiuj,PSA APR
Team Rocket,Dark Slowbro,12/82,1st Edition,PSA 10,2026-02-11,3000,USD,eBay,best offer,TRUE,,65501543,,https://www.ebay.com/itm/187154729078,PSA APR
Team Rocket,Dark Slowbro,12/82,1st Edition,PSA 10,2026-02-01,3353.93,USD,eBay,auction,FALSE,,76741818,,https://www.ebay.com/itm/257308426235,PSA APR
Team Rocket,Dark Slowbro,12/82,1st Edition,PSA 10,2026-01-26,1900,USD,eBay,auction,FALSE,,43506138,,https://www.ebay.com/itm/306722540471,PSA APR
Team Rocket,Dark Slowbro,12/82,1st Edition,PSA 10,2026-01-05,2040,USD,Fanatics Collect,auction,FALSE,,27998808,,https://www.fanaticscollect.com/weekly/14db4cf8-e0d4-11f0-94fd-0a58a9feac02,PSA APR
Team Rocket,Dark Slowbro,12/82,1st Edition,PSA 10,2026-01-01,1799.99,USD,eBay,BIN,FALSE,,43506138,,https://www.ebay.com/itm/236434637648,PSA APR
Team Rocket,Dark Slowbro,12/82,1st Edition,PSA 10,2025-12-29,1675,USD,eBay,best offer,TRUE,,28781177,,https://www.ebay.com/itm/389404808976,PSA APR
Team Rocket,Dark Slowbro,12/82,1st Edition,PSA 10,2025-12-29,1599,USD,eBay,best offer,TRUE,,68544060,,https://www.ebay.com/itm/116943509040,PSA APR
Team Rocket,Dark Slowbro,12/82,1st Edition,PSA 10,2025-12-19,1625,USD,eBay,best offer,TRUE,,41662603,,https://www.ebay.com/itm/297772289590,PSA APR
Team Rocket,Dark Slowbro,12/82,1st Edition,PSA 10,2025-11-02,1444.69,USD,eBay,best offer,TRUE,,28428862,,https://www.ebay.com/itm/127459532088,PSA APR
Team Rocket,Dark Slowbro,12/82,1st Edition,PSA 10,2025-10-21,1050,USD,eBay,auction,FALSE,,64389408,,https://www.ebay.com/itm/267436445721,PSA APR
Team Rocket,Dark Slowbro,12/82,1st Edition,PSA 10,2025-10-06,1260,USD,Fanatics Collect,auction,FALSE,,46923938,,https://www.fanaticscollect.com/weekly/81d29788-9801-11f0-98fe-02d93b7d50ab,PSA APR
Team Rocket,Dark Slowbro,12/82,1st Edition,PSA 10,2025-07-22,996,USD,eBay,auction,FALSE,,25649652,,https://www.ebay.com/itm/376397966497,PSA APR
Team Rocket,Dark Slowbro,12/82,1st Edition,PSA 10,2025-07-14,780,USD,Fanatics Collect,auction,FALSE,,27998808,,https://www.fanaticscollect.com/weekly/35e25ac6-3c6b-11f0-843b-0a58a9feac02,PSA APR
Team Rocket,Dark Slowbro,12/82,1st Edition,PSA 10,2025-07-05,615,USD,eBay,best offer,TRUE,,28585513,,https://www.ebay.com/itm/405401572094,PSA APR
Team Rocket,Dark Slowbro,12/82,1st Edition,PSA 10,2025-06-06,700,USD,eBay,best offer,TRUE,,26602702,,https://www.ebay.com/itm/205538051453,PSA APR
Team Rocket,Dark Slowbro,12/82,1st Edition,PSA 10,2025-06-02,960,USD,Fanatics Collect,auction,FALSE,,51039959,,https://www.fanaticscollect.com/weekly/b3aa70b4-34bf-11f0-918a-061017c7d157,PSA APR
Team Rocket,Dark Slowbro,12/82,1st Edition,PSA 10,2025-04-22,781,USD,eBay,auction,FALSE,,57356601,,https://www.ebay.com/itm/388261959949,PSA APR
Team Rocket,Dark Slowbro,12/82,1st Edition,PSA 10,2025-03-06,760,USD,eBay,BIN,FALSE,,28380740,,https://www.ebay.com/itm/306128305658,PSA APR
Team Rocket,Dark Slowbro,12/82,1st Edition,PSA 10,2025-02-03,899,USD,eBay,BIN,FALSE,,28278910,,https://www.ebay.com/itm/306057518029,PSA APR
Team Rocket,Dark Slowbro,12/82,1st Edition,PSA 10,2025-02-01,900,USD,eBay,best offer,TRUE,,95154388,,https://www.ebay.com/itm/316024041177,PSA APR
Team Rocket,Dark Slowbro,12/82,1st Edition,PSA 10,2025-01-30,860,USD,eBay,auction,FALSE,,43633500,,https://www.ebay.com/itm/365358247284,PSA APR
Team Rocket,Dark Slowbro,12/82,1st Edition,PSA 10,2025-01-12,463.89,USD,eBay,BIN,FALSE,,22288612,,https://www.ebay.com/itm/166025756971,PSA APR
Team Rocket,Dark Slowbro,12/82,1st Edition,PSA 10,2025-01-12,500,USD,eBay,auction,FALSE,,72660188,,https://www.ebay.com/itm/387793760710,PSA APR
Team Rocket,Dark Slowbro,12/82,1st Edition,PSA 10,2024-12-27,515,USD,eBay,auction,FALSE,,28380740,,https://www.ebay.com/itm/365291727729,PSA APR
Team Rocket,Dark Slowbro,12/82,1st Edition,PSA 10,2024-10-20,469.31,USD,eBay,auction,FALSE,,28397634,,https://www.ebay.com/itm/167025913874,PSA APR
Team Rocket,Dark Slowbro,12/82,1st Edition,PSA 10,2024-10-10,510,USD,eBay,auction,FALSE,,44574568,,https://www.ebay.com/itm/395744568722,PSA APR
Team Rocket,Dark Slowbro,12/82,1st Edition,PSA 10,2024-09-25,550,USD,eBay,auction,FALSE,,44574568,,https://www.ebay.com/itm/395688285600,PSA APR
Team Rocket,Dark Slowbro,12/82,1st Edition,PSA 10,2024-09-16,436.14,USD,eBay,auction,FALSE,,43029838,,https://www.ebay.com/itm/286047445647,PSA APR
Team Rocket,Dark Slowbro,12/82,1st Edition,PSA 10,2024-09-01,453.88,USD,eBay,auction,FALSE,,28397634,,https://www.ebay.com/itm/166936887433,PSA APR
Team Rocket,Dark Slowbro,12/82,1st Edition,PSA 10,2024-08-28,525,USD,eBay,auction,FALSE,,43590035,,https://www.ebay.com/itm/387313985826,PSA APR
Team Rocket,Dark Slowbro,12/82,1st Edition,PSA 10,2024-04-15,514.69,USD,eBay,auction,FALSE,,83685890,,https://www.ebay.com/itm/315275889434,PSA APR
Team Rocket,Dark Vileplume,13/82,1st Edition,PSA 10,2026-09-25,3311.38,USD,eBay,BIN,FALSE,,41336914,,https://www.ebay.com/itm/358578568617,PSA APR
Team Rocket,Dark Vileplume,13/82,1st Edition,PSA 10,2026-09-14,1860,USD,Fanatics Collect,auction,FALSE,,43157932,,https://www.fanaticscollect.com/weekly/7c2e7236-a86b-11f1-8173-06d19b0b9c59,PSA APR
Team Rocket,Dark Vileplume,13/82,1st Edition,PSA 10,2026-08-10,1410,USD,Fanatics Collect,auction,FALSE,,98476271,,https://www.fanaticscollect.com/weekly/63e1d4dc-8aef-11f1-8c62-02fff561b66f,PSA APR
Team Rocket,Dark Vileplume,13/82,1st Edition,PSA 10,2026-07-20,1380,USD,Fanatics Collect,auction,FALSE,,44406615,,https://www.fanaticscollect.com/weekly/165e8ab8-6f68-11f1-83ee-0a58a9feac02,PSA APR
Team Rocket,Dark Vileplume,13/82,1st Edition,PSA 10,2026-07-19,1658.66,USD,eBay,auction,FALSE,,28944293,,https://www.ebay.com/itm/137494873760,PSA APR
Team Rocket,Dark Vileplume,13/82,1st Edition,PSA 10,2026-06-30,1825,USD,eBay,BIN,FALSE,,21625653,,https://www.ebay.com/itm/117265738665,PSA APR
Team Rocket,Dark Vileplume,13/82,1st Edition,PSA 10,2026-05-04,1647,USD,Goldin Auctions,auction,FALSE,,26953763,,https://goldin.co/item/2000-pokemon-team-rocket-1st-edition-holo-6-vileplume-psa-gem-mt-10lr3yo,PSA APR
Team Rocket,Dark Vileplume,13/82,1st Edition,PSA 10,2026-04-22,2025,USD,eBay,auction,FALSE,,27342445,,https://www.ebay.com/itm/298224011525,PSA APR
Team Rocket,Dark Vileplume,13/82,1st Edition,PSA 10,2026-04-09,2394,USD,eBay,auction,FALSE,,21625653,,https://www.ebay.com/itm/389832983118,PSA APR
Team Rocket,Dark Vileplume,13/82,1st Edition,PSA 10,2026-03-30,3480,USD,Fanatics Collect,auction,FALSE,,55515934,,https://www.fanaticscollect.com/weekly/ca4559c8-21cd-11f1-ba21-06fcb4cec74f,PSA APR
Team Rocket,Dark Vileplume,13/82,1st Edition,PSA 10,2026-03-11,4200,USD,eBay,best offer,TRUE,,68491142,,https://www.ebay.com/itm/127731566279,PSA APR
Team Rocket,Dark Vileplume,13/82,1st Edition,PSA 10,2025-10-27,1050,USD,Fanatics Collect,auction,FALSE,,21355216,,https://www.fanaticscollect.com/weekly/d49388e2-a3fa-11f0-9890-06297e818c2d,PSA APR
Team Rocket,Dark Vileplume,13/82,1st Edition,PSA 10,2025-07-11,723.02,USD,eBay,auction,FALSE,,26442903,,https://www.ebay.com/itm/205594424707,PSA APR
Team Rocket,Dark Vileplume,13/82,1st Edition,PSA 10,2025-07-10,790,USD,eBay,BIN,FALSE,,28547125,,https://www.ebay.com/itm/277259437216,PSA APR
Team Rocket,Dark Vileplume,13/82,1st Edition,PSA 10,2025-06-23,830,USD,eBay,best offer,TRUE,,44285182,,https://www.ebay.com/itm/177116116755,PSA APR
Team Rocket,Dark Vileplume,13/82,1st Edition,PSA 10,2025-06-18,790,USD,eBay,best offer,TRUE,,67501279,,https://www.ebay.com/itm/405794001984,PSA APR
Team Rocket,Dark Vileplume,13/82,1st Edition,PSA 10,2025-03-25,627.71,USD,eBay,BIN,FALSE,,28380741,,https://www.ebay.com/itm/388144674185,PSA APR
Team Rocket,Dark Vileplume,13/82,1st Edition,PSA 10,2025-03-03,672.46,USD,eBay,best offer,TRUE,,27911200,,https://www.ebay.com/itm/396205491245,PSA APR
Team Rocket,Dark Vileplume,13/82,1st Edition,PSA 10,2025-01-31,725,USD,Fanatics Collect,BIN,FALSE,,77883920,,https://www.fanaticscollect.com/fixed/04022fea-d4ec-11ef-810a-0a58a9feac02,PSA APR
Team Rocket,Dark Vileplume,13/82,1st Edition,PSA 10,2024-08-23,370,USD,eBay,auction,FALSE,,48775021,,https://www.ebay.com/itm/365068220996,PSA APR
Team Rocket,Dark Vileplume,13/82,1st Edition,PSA 10,2024-04-30,385,USD,eBay,auction,FALSE,,27253891,,https://www.ebay.com/itm/305528427000,PSA APR
Team Rocket,Dark Vileplume,13/82,1st Edition,PSA 10,2023-12-03,381.83,USD,eBay,auction,FALSE,,43196757,,https://www.ebay.com/itm/134822878671,PSA APR
Team Rocket,Dark Weezing,14/82,1st Edition,PSA 10,2026-09-27,1936.56,USD,eBay,best offer,TRUE,,58150682,,https://www.ebay.com/itm/800715762431,PSA APR
Team Rocket,Dark Weezing,14/82,1st Edition,PSA 10,2026-09-26,1263.87,USD,eBay,BIN,FALSE,,41177581,,https://www.ebay.com/itm/327349900609,PSA APR
Team Rocket,Dark Weezing,14/82,1st Edition,PSA 10,2026-09-26,1500,USD,eBay,best offer,TRUE,,27342449,,https://www.ebay.com/itm/298707286175,PSA APR
Team Rocket,Dark Weezing,14/82,1st Edition,PSA 10,2026-09-24,1414.29,USD,eBay,BIN,FALSE,,117421635,,https://www.ebay.com/itm/287555474045,PSA APR
Team Rocket,Dark Weezing,14/82,1st Edition,PSA 10,2026-09-24,1190,USD,Fanatics Collect,best offer,TRUE,,43362892,,https://www.fanaticscollect.com/buy-now/1c5a8ad9-d24c-4d34-b652-47ffcceb8b00,PSA APR
Team Rocket,Dark Weezing,14/82,1st Edition,PSA 10,2026-09-24,1600,USD,eBay,best offer,TRUE,,72969431,,https://www.ebay.com/itm/257496162165,PSA APR
Team Rocket,Dark Weezing,14/82,1st Edition,PSA 10,2026-09-24,1499.99,USD,eBay,BIN,FALSE,,43626433,,https://www.ebay.com/itm/298435706161,PSA APR
Team Rocket,Dark Weezing,14/82,1st Edition,PSA 10,2026-09-24,1500,USD,eBay,best offer,TRUE,,90910980,,https://www.ebay.com/itm/117202226821,PSA APR
Team Rocket,Dark Weezing,14/82,1st Edition,PSA 10,2026-09-24,1399.99,USD,eBay,best offer,TRUE,,43959449,,https://www.ebay.com/itm/307070651056,PSA APR
Team Rocket,Dark Weezing,14/82,1st Edition,PSA 10,2026-09-14,1080,USD,Fanatics Collect,auction,FALSE,,44027286,,https://www.fanaticscollect.com/weekly/7c270ec4-a86b-11f1-bf18-06d19b0b9c59,PSA APR
Team Rocket,Dark Weezing,14/82,1st Edition,PSA 10,2026-09-09,902.81,USD,eBay,best offer,TRUE,,41177581,,https://www.ebay.com/itm/327342702432,PSA APR
Team Rocket,Dark Weezing,14/82,1st Edition,PSA 10,2026-07-20,870,USD,Fanatics Collect,auction,FALSE,,43362892,,https://www.fanaticscollect.com/weekly/167d11fe-6f68-11f1-8264-0a58a9feac02,PSA APR
Team Rocket,Dark Weezing,14/82,1st Edition,PSA 10,2026-07-18,1100,USD,eBay,BIN,FALSE,,26471722,,https://www.ebay.com/itm/298203642879,PSA APR
Team Rocket,Dark Weezing,14/82,1st Edition,PSA 10,2026-06-24,930,USD,eBay,auction,FALSE,,41442423,,https://www.ebay.com/itm/117250858522,PSA APR
Team Rocket,Dark Weezing,14/82,1st Edition,PSA 10,2026-06-04,898,USD,eBay,auction,FALSE,,42880379,,https://www.ebay.com/itm/267682242760,PSA APR
Team Rocket,Dark Weezing,14/82,1st Edition,PSA 10,2026-05-04,879.08,USD,eBay,auction,FALSE,,53253126,,https://www.ebay.com/itm/298286562381,PSA APR
Team Rocket,Dark Weezing,14/82,1st Edition,PSA 10,2026-05-04,933,USD,Goldin Auctions,auction,FALSE,,28547126,,https://goldin.co/item/2000-pokemon-team-rocket-1st-edition-holo-14-dark-weezing-psa-gem-mt-18olzz,PSA APR
Team Rocket,Dark Weezing,14/82,1st Edition,PSA 10,2026-04-27,909.69,USD,eBay,auction,FALSE,,122518152,,https://www.ebay.com/itm/117149965975,PSA APR
Team Rocket,Dark Weezing,14/82,1st Edition,PSA 10,2026-04-21,950,USD,eBay,BIN,FALSE,,28266206,,https://www.ebay.com/itm/377127372920,PSA APR
Team Rocket,Dark Weezing,14/82,1st Edition,PSA 10,2026-04-17,910,USD,eBay,auction,FALSE,,76507906,,https://www.ebay.com/itm/178038319528,PSA APR
Team Rocket,Dark Weezing,14/82,1st Edition,PSA 10,2026-04-09,1125,USD,eBay,auction,FALSE,,44030260,,https://www.ebay.com/itm/377080050494,PSA APR
Team Rocket,Dark Weezing,14/82,1st Edition,PSA 10,2026-04-09,1025,USD,eBay,auction,FALSE,,44190407,,https://www.ebay.com/itm/117117676562,PSA APR
Team Rocket,Dark Weezing,14/82,1st Edition,PSA 10,2026-04-08,1300,USD,Fanatics Collect,BIN,FALSE,,26979287,,https://www.fanaticscollect.com/buy-now/8cf6ca6a-83cf-493f-86c4-624312d65bac,PSA APR
Team Rocket,Dark Weezing,14/82,1st Edition,PSA 10,2026-04-01,844,USD,eBay,auction,FALSE,,48226952,,https://www.ebay.com/itm/389794208940,PSA APR
Team Rocket,Dark Weezing,14/82,1st Edition,PSA 10,2026-03-30,770,USD,eBay,auction,FALSE,,28534923,,https://www.ebay.com/itm/306837717946,PSA APR
Team Rocket,Dark Weezing,14/82,1st Edition,PSA 10,2026-03-27,1021.79,USD,eBay,auction,FALSE,,42803655,,https://www.ebay.com/itm/306832255986,PSA APR
Team Rocket,Dark Weezing,14/82,1st Edition,PSA 10,2026-03-24,1400,USD,eBay,best offer,TRUE,,101650585,,https://www.ebay.com/itm/298021817449,PSA APR
Team Rocket,Dark Weezing,14/82,1st Edition,PSA 10,2026-03-23,930,USD,Fanatics Collect,auction,FALSE,,26442908,,https://www.fanaticscollect.com/weekly/c3de03c4-1eed-11f1-9505-0a58a9feac02,PSA APR
Team Rocket,Dark Weezing,14/82,1st Edition,PSA 10,2026-03-16,854,USD,Goldin Auctions,auction,FALSE,,45992335,,https://goldin.co/item/2000-pokemon-team-rocket-1st-edition-holo-14-dark-weezing-psa-gem-mt-1sigj7,PSA APR
Team Rocket,Dark Weezing,14/82,1st Edition,PSA 10,2026-03-12,732.16,USD,eBay,auction,FALSE,,23383900,,https://www.ebay.com/itm/358290622205,PSA APR
Team Rocket,Dark Weezing,14/82,1st Edition,PSA 10,2026-03-01,999,USD,Fanatics Collect,BIN,FALSE,,28547126,,https://www.fanaticscollect.com/buy-now/3523e1ab-95fe-43ee-8b54-e6cec15fed99,PSA APR
Team Rocket,Dark Weezing,14/82,1st Edition,PSA 10,2026-02-25,935,USD,eBay,best offer,TRUE,,75009709,,https://www.ebay.com/itm/376985382418,PSA APR
Team Rocket,Dark Weezing,14/82,1st Edition,PSA 10,2026-02-21,825,USD,eBay,best offer,TRUE,,46189160,,https://www.ebay.com/itm/358228997593,PSA APR
Team Rocket,Dark Weezing,14/82,1st Edition,PSA 10,2026-01-25,662.94,USD,eBay,BIN,FALSE,,27312642,,https://www.ebay.com/itm/136914226674,PSA APR
Team Rocket,Dark Weezing,14/82,1st Edition,PSA 10,2026-01-13,611.99,USD,eBay,best offer,TRUE,,50455087,,https://www.ebay.com/itm/376839238355,PSA APR
Team Rocket,Dark Weezing,14/82,1st Edition,PSA 10,2026-01-05,1230,USD,Fanatics Collect,auction,FALSE,,117243196,,https://www.fanaticscollect.com/weekly/2001159a-e0d4-11f0-97f0-026a86c3c9db,PSA APR
Team Rocket,Dark Weezing,14/82,1st Edition,PSA 10,2026-01-01,1399.99,USD,eBay,best offer,TRUE,,101650585,,https://www.ebay.com/itm/127571675425,PSA APR
Team Rocket,Dark Weezing,14/82,1st Edition,PSA 10,2025-12-25,1050,USD,eBay,best offer,TRUE,,41442423,,https://www.ebay.com/itm/116816296852,PSA APR
Team Rocket,Dark Weezing,14/82,1st Edition,PSA 10,2025-12-20,419.99,USD,eBay,BIN,FALSE,,42880379,,https://www.ebay.com/itm/406390605701,PSA APR
Team Rocket,Dark Weezing,14/82,1st Edition,PSA 10,2025-12-06,360,USD,eBay,auction,FALSE,,25649650,,https://www.ebay.com/itm/177635218565,PSA APR
Team Rocket,Dark Weezing,14/82,1st Edition,PSA 10,2025-11-24,338.61,USD,eBay,auction,FALSE,,57130293,,https://www.ebay.com/itm/306607441480,PSA APR
Team Rocket,Dark Weezing,14/82,1st Edition,PSA 10,2025-11-17,492,USD,Fanatics Collect,auction,FALSE,,26442908,,https://www.fanaticscollect.com/weekly/53d006dc-b862-11f0-a6b3-0a58a9feac02,PSA APR
Team Rocket,Dark Weezing,14/82,1st Edition,PSA 10,2025-11-14,435,USD,Fanatics Collect,best offer,TRUE,,26327627,,https://www.fanaticscollect.com/fixed/9b1ff59e-b1f3-11f0-b088-0a58a9feac02,PSA APR
Team Rocket,Dark Weezing,14/82,1st Edition,PSA 10,2025-11-13,425,USD,eBay,BIN,FALSE,,45766030,,https://www.ebay.com/itm/167916506660,PSA APR
Team Rocket,Dark Weezing,14/82,1st Edition,PSA 10,2025-11-08,350,USD,eBay,BIN,FALSE,,43972440,,https://www.ebay.com/itm/146949702812,PSA APR
Team Rocket,Dark Weezing,14/82,1st Edition,PSA 10,2025-11-01,260,USD,eBay,best offer,TRUE,,42880379,,https://www.ebay.com/itm/406341366465,PSA APR
Team Rocket,Dark Weezing,14/82,1st Edition,PSA 10,2025-10-27,334.99,USD,eBay,best offer,TRUE,,41071883,,https://www.ebay.com/itm/236410733021,PSA APR
Team Rocket,Dark Weezing,14/82,1st Edition,PSA 10,2025-10-17,400,USD,eBay,best offer,TRUE,,28312730,,https://www.ebay.com/itm/405794620425,PSA APR
Team Rocket,Dark Weezing,14/82,1st Edition,PSA 10,2025-10-16,389.95,USD,eBay,best offer,TRUE,,47558314,,https://www.ebay.com/itm/267414488928,PSA APR
Team Rocket,Dark Weezing,14/82,1st Edition,PSA 10,2025-09-28,400,USD,eBay,best offer,TRUE,,101650585,,https://www.ebay.com/itm/389015769493,PSA APR
Team Rocket,Dark Weezing,14/82,1st Edition,PSA 10,2025-09-14,350,USD,eBay,best offer,TRUE,,44190407,,https://www.ebay.com/itm/334743832796,PSA APR
Team Rocket,Dark Weezing,14/82,1st Edition,PSA 10,2025-09-12,420,USD,eBay,best offer,TRUE,,44736798,,https://www.ebay.com/itm/306493270848,PSA APR
Team Rocket,Dark Weezing,14/82,1st Edition,PSA 10,2025-09-01,331.49,USD,eBay,auction,FALSE,,54430452,,https://www.ebay.com/itm/317202293276,PSA APR
Team Rocket,Dark Weezing,14/82,1st Edition,PSA 10,2025-08-24,355,USD,eBay,auction,FALSE,,114244508,,https://www.ebay.com/itm/116736557996,PSA APR
Team Rocket,Dark Weezing,14/82,1st Edition,PSA 10,2025-08-19,385,USD,eBay,BIN,FALSE,,58150682,,https://www.ebay.com/itm/205677770945,PSA APR
Team Rocket,Dark Weezing,14/82,1st Edition,PSA 10,2025-08-17,410.81,USD,eBay,auction,FALSE,,28142384,,https://www.ebay.com/itm/136277844474,PSA APR
Team Rocket,Dark Weezing,14/82,1st Edition,PSA 10,2025-08-12,260,USD,eBay,auction,FALSE,,25649650,,https://www.ebay.com/itm/365777984398,PSA APR
Team Rocket,Dark Weezing,14/82,1st Edition,PSA 10,2025-08-05,295,USD,eBay,auction,FALSE,,28534923,,https://www.ebay.com/itm/388772247380,PSA APR
Team Rocket,Dark Weezing,14/82,1st Edition,PSA 10,2025-08-03,349,USD,eBay,best offer,TRUE,,59087501,,https://www.ebay.com/itm/157216467815,PSA APR
Team Rocket,Dark Weezing,14/82,1st Edition,PSA 10,2025-08-01,380,USD,eBay,auction,FALSE,,41903965,,https://www.ebay.com/itm/365756949680,PSA APR
Team Rocket,Dark Weezing,14/82,1st Edition,PSA 10,2025-07-28,300,USD,Fanatics Collect,auction,FALSE,,117243196,,https://www.fanaticscollect.com/weekly/df4d0442-626a-11f0-b592-02afd2a02dab,PSA APR
Team Rocket,Dark Weezing,14/82,1st Edition,PSA 10,2025-07-21,413,USD,eBay,auction,FALSE,,27502648,,https://www.ebay.com/itm/286700493668,PSA APR
Team Rocket,Dark Weezing,14/82,1st Edition,PSA 10,2025-07-11,329.99,USD,eBay,BIN,FALSE,,43178802,,https://www.ebay.com/itm/175412357204,PSA APR
Team Rocket,Dark Weezing,14/82,1st Edition,PSA 10,2025-07-10,320,USD,eBay,best offer,TRUE,,85265057,,https://www.ebay.com/itm/146184365808,PSA APR
Team Rocket,Dark Weezing,14/82,1st Edition,PSA 10,2025-07-08,295,USD,eBay,best offer,TRUE,,26442905,,https://www.ebay.com/itm/388681901594,PSA APR
Team Rocket,Dark Weezing,14/82,1st Edition,PSA 10,2025-06-22,295,USD,eBay,best offer,TRUE,,27065737,,https://www.ebay.com/itm/276850065456,PSA APR
Team Rocket,Dark Weezing,14/82,1st Edition,PSA 10,2025-06-21,269.4,USD,eBay,best offer,TRUE,,59087501,,https://www.ebay.com/itm/267241968797,PSA APR
Team Rocket,Dark Weezing,14/82,1st Edition,PSA 10,2025-06-18,322,USD,eBay,auction,FALSE,,44736798,,https://www.ebay.com/itm/388561465532,PSA APR
Team Rocket,Dark Weezing,14/82,1st Edition,PSA 10,2025-06-04,500,USD,Fanatics Collect,best offer,TRUE,,41440659,,https://www.fanaticscollect.com/fixed/930c40be-a6ab-11ef-a93a-0a58a9feac02,PSA APR
Team Rocket,Dark Weezing,14/82,1st Edition,PSA 10,2025-05-29,320,USD,eBay,best offer,TRUE,,41071883,,https://www.ebay.com/itm/226771376885,PSA APR
Team Rocket,Dark Weezing,14/82,1st Edition,PSA 10,2025-05-25,255,USD,eBay,auction,FALSE,,27472869,,https://www.ebay.com/itm/286572052644,PSA APR
Team Rocket,Dark Weezing,14/82,1st Edition,PSA 10,2025-05-09,300,USD,eBay,best offer,TRUE,,42803655,,https://www.ebay.com/itm/306285634061,PSA APR
Team Rocket,Dark Weezing,14/82,1st Edition,PSA 10,2025-04-20,297.99,USD,eBay,BIN,FALSE,,55512772,,https://www.ebay.com/itm/125199995315,PSA APR
Team Rocket,Dark Weezing,14/82,1st Edition,PSA 10,2025-04-09,276.43,USD,eBay,best offer,TRUE,,47558314,,https://www.ebay.com/itm/226616166859,PSA APR
Team Rocket,Dark Weezing,14/82,1st Edition,PSA 10,2025-04-08,242.74,USD,eBay,BIN,FALSE,,40849814,,https://www.ebay.com/itm/166025759520,PSA APR
Team Rocket,Dark Weezing,14/82,1st Edition,PSA 10,2025-04-08,247.5,USD,eBay,best offer,TRUE,,26954424,,https://www.ebay.com/itm/326520994983,PSA APR
Team Rocket,Dark Weezing,14/82,1st Edition,PSA 10,2025-04-06,233.4,USD,eBay,best offer,TRUE,,27472869,,https://www.ebay.com/itm/396205510325,PSA APR
Team Rocket,Dark Weezing,14/82,1st Edition,PSA 10,2025-04-06,290,USD,eBay,auction,FALSE,,64057913,,https://www.ebay.com/itm/286444861875,PSA APR
Team Rocket,Dark Weezing,14/82,1st Edition,PSA 10,2025-04-03,355,USD,eBay,auction,FALSE,,57130293,,https://www.ebay.com/itm/116537078185,PSA APR
Team Rocket,Dark Weezing,14/82,1st Edition,PSA 10,2025-03-30,245.74,USD,eBay,BIN,FALSE,,55027805,,https://www.ebay.com/itm/165960292458,PSA APR
Team Rocket,Dark Weezing,14/82,1st Edition,PSA 10,2025-03-19,299.99,USD,eBay,BIN,FALSE,,46668672,,https://www.ebay.com/itm/286371004961,PSA APR
Team Rocket,Dark Weezing,14/82,1st Edition,PSA 10,2025-03-14,285,USD,eBay,best offer,TRUE,,22602962,,https://www.ebay.com/itm/187013745313,PSA APR
Team Rocket,Dark Weezing,14/82,1st Edition,PSA 10,2025-03-02,295,USD,eBay,auction,FALSE,,44555758,,https://www.ebay.com/itm/286349681488,PSA APR
Team Rocket,Dark Weezing,14/82,1st Edition,PSA 10,2025-03-01,241.97,USD,eBay,best offer,TRUE,,62991648,,https://www.ebay.com/itm/297030446341,PSA APR
Team Rocket,Dark Weezing,14/82,1st Edition,PSA 10,2025-02-26,225,USD,eBay,best offer,TRUE,,94856128,,https://www.ebay.com/itm/226618395713,PSA APR
Team Rocket,Dark Weezing,14/82,1st Edition,PSA 10,2025-02-19,220,USD,eBay,best offer,TRUE,,29088728,,https://www.ebay.com/itm/197033403006,PSA APR
Team Rocket,Dark Weezing,14/82,1st Edition,PSA 10,2025-02-16,200,USD,eBay,best offer,TRUE,,42005260,,https://www.ebay.com/itm/267160217575,PSA APR
Team Rocket,Dark Weezing,14/82,1st Edition,PSA 10,2025-01-27,240,USD,eBay,BIN,FALSE,,45766030,,https://www.ebay.com/itm/296723994496,PSA APR
Team Rocket,Dark Weezing,14/82,1st Edition,PSA 10,2025-01-06,175.5,USD,eBay,auction,FALSE,,61969037,,https://www.ebay.com/itm/276793950796,PSA APR
Team Rocket,Dark Weezing,14/82,1st Edition,PSA 10,2024-12-11,203.5,USD,eBay,auction,FALSE,,53253126,,https://www.ebay.com/itm/387689709823,PSA APR
Team Rocket,Dark Weezing,14/82,1st Edition,PSA 10,2024-11-10,172.5,USD,eBay,auction,FALSE,,74715799,,https://www.ebay.com/itm/286138620357,PSA APR
Team Rocket,Dark Weezing,14/82,1st Edition,PSA 10,2024-10-20,162.96,USD,eBay,auction,FALSE,,22602962,,https://www.ebay.com/itm/167025904327,PSA APR
Team Rocket,Dark Weezing,14/82,1st Edition,PSA 10,2024-09-29,264.13,USD,eBay,auction,FALSE,,41958019,,https://www.ebay.com/itm/286056784489,PSA APR
Team Rocket,Dark Weezing,14/82,1st Edition,PSA 10,2024-09-07,154.52,USD,eBay,auction,FALSE,,26953761,,https://www.ebay.com/itm/335555868514,PSA APR
Team Rocket,Dark Weezing,14/82,1st Edition,PSA 10,2024-09-02,195.11,USD,eBay,auction,FALSE,,54430452,,https://www.ebay.com/itm/405190815902,PSA APR
Team Rocket,Dark Weezing,14/82,1st Edition,PSA 10,2024-09-01,180.05,USD,eBay,auction,FALSE,,22602962,,https://www.ebay.com/itm/166936881688,PSA APR
Team Rocket,Dark Weezing,14/82,1st Edition,PSA 10,2024-08-28,197.5,USD,eBay,auction,FALSE,,27239111,,https://www.ebay.com/itm/365077343334,PSA APR
Team Rocket,Dark Weezing,14/82,1st Edition,PSA 10,2024-07-14,158,USD,eBay,auction,FALSE,,42803655,,https://www.ebay.com/itm/305658161575,PSA APR
Team Rocket,Dark Weezing,14/82,1st Edition,PSA 10,2024-06-14,175,USD,eBay,auction,FALSE,,29043027,,https://www.ebay.com/itm/135100685349,PSA APR
Team Rocket,Dark Weezing,14/82,1st Edition,PSA 10,2024-06-07,168.5,USD,eBay,auction,FALSE,,70900083,,https://www.ebay.com/itm/355755286961,PSA APR
Team Rocket,Dark Weezing,14/82,1st Edition,PSA 10,2024-05-27,203.19,USD,eBay,auction,FALSE,,24594806,,https://www.ebay.com/itm/276466973715,PSA APR
Team Rocket,Dark Weezing,14/82,1st Edition,PSA 10,2024-05-12,227.5,USD,eBay,auction,FALSE,,41274615,,https://www.ebay.com/itm/285842983851,PSA APR
Team Rocket,Dark Weezing,14/82,1st Edition,PSA 10,2024-04-30,252,USD,eBay,auction,FALSE,,57857115,,https://www.ebay.com/itm/305528425220,PSA APR
Team Rocket,Dark Weezing,14/82,1st Edition,PSA 10,2024-04-19,202.5,USD,eBay,auction,FALSE,,71697119,,https://www.ebay.com/itm/276420726616,PSA APR
Team Rocket,Dark Weezing,14/82,1st Edition,PSA 10,2023-10-25,172.46,USD,eBay,auction,FALSE,,46873528,,https://www.ebay.com/itm/285520841457,PSA APR
Team Rocket,Here Comes Team Rocket!,15/82,1st Edition,PSA 10,2026-09-24,610,USD,eBay,auction,FALSE,,101265907,,https://www.ebay.com/itm/800673240710,PSA APR
Team Rocket,Here Comes Team Rocket!,15/82,1st Edition,PSA 10,2026-09-19,500,USD,eBay,best offer,TRUE,,48246783,,https://www.ebay.com/itm/237002561786,PSA APR
Team Rocket,Here Comes Team Rocket!,15/82,1st Edition,PSA 10,2026-09-14,690,USD,Fanatics Collect,auction,FALSE,,44179970,,https://www.fanaticscollect.com/weekly/7c251c04-a86b-11f1-bcf4-06d19b0b9c59,PSA APR
Team Rocket,Here Comes Team Rocket!,15/82,1st Edition,PSA 10,2026-09-10,800,USD,Fanatics Collect,BIN,FALSE,,69025697,,https://www.fanaticscollect.com/buy-now/cebf329c-6811-4828-a7f9-8b4d14ceba47,PSA APR
Team Rocket,Here Comes Team Rocket!,15/82,1st Edition,PSA 10,2026-09-01,699.95,USD,eBay,BIN,FALSE,,94634721,,https://www.ebay.com/itm/398348087981,PSA APR
Team Rocket,Here Comes Team Rocket!,15/82,1st Edition,PSA 10,2026-08-31,600,USD,Fanatics Collect,auction,FALSE,,28358471,,https://www.fanaticscollect.com/weekly/0e3fd8ce-9b7c-11f1-b3ca-0a7486d6c001,PSA APR
Team Rocket,Here Comes Team Rocket!,15/82,1st Edition,PSA 10,2026-08-23,533.62,USD,eBay,auction,FALSE,,23188342,,https://www.ebay.com/itm/137608492319,PSA APR
Team Rocket,Here Comes Team Rocket!,15/82,1st Edition,PSA 10,2026-08-08,250,USD,eBay,best offer,TRUE,,26602704,,https://www.ebay.com/itm/227467425617,PSA APR
Team Rocket,Here Comes Team Rocket!,15/82,1st Edition,PSA 10,2026-08-04,349.77,USD,eBay,BIN,FALSE,,124816251,,https://www.ebay.com/itm/178370145612,PSA APR
Team Rocket,Here Comes Team Rocket!,15/82,1st Edition,PSA 10,2026-07-25,749.99,USD,eBay,BIN,FALSE,,45342937,,https://www.ebay.com/itm/227419670720,PSA APR
Team Rocket,Here Comes Team Rocket!,15/82,1st Edition,PSA 10,2026-07-21,449.99,USD,eBay,BIN,FALSE,,87081996,,https://www.ebay.com/itm/326783350263,PSA APR
Team Rocket,Here Comes Team Rocket!,15/82,1st Edition,PSA 10,2026-07-20,630,USD,Fanatics Collect,auction,FALSE,,41175376,,https://www.fanaticscollect.com/weekly/16506956-6f68-11f1-8894-0a58a9feac02,PSA APR
Team Rocket,Here Comes Team Rocket!,15/82,1st Edition,PSA 10,2026-07-12,750,USD,eBay,BIN,FALSE,,25619506,,https://www.ebay.com/itm/377148852192,PSA APR
Team Rocket,Here Comes Team Rocket!,15/82,1st Edition,PSA 10,2026-06-25,360,USD,eBay,best offer,TRUE,,26234423,,https://www.ebay.com/itm/147397657603,PSA APR
Team Rocket,Here Comes Team Rocket!,15/82,1st Edition,PSA 10,2026-05-25,552,USD,Fanatics Collect,auction,FALSE,,68818884,,https://www.fanaticscollect.com/weekly/fa9cdc26-3cf4-11f1-bb32-027aafb6d205,PSA APR
Team Rocket,Here Comes Team Rocket!,15/82,1st Edition,PSA 10,2026-05-18,576,USD,Fanatics Collect,auction,FALSE,,84595194,,https://www.fanaticscollect.com/weekly/def3110c-4a1e-11f1-af6e-027004a3c7d9,PSA APR
Team Rocket,Here Comes Team Rocket!,15/82,1st Edition,PSA 10,2026-05-14,680,USD,eBay,best offer,TRUE,,41324791,,https://www.ebay.com/itm/287330111597,PSA APR
Team Rocket,Here Comes Team Rocket!,15/82,1st Edition,PSA 10,2026-05-04,588,USD,Fanatics Collect,auction,FALSE,,49974677,,https://www.fanaticscollect.com/weekly/afb404f8-431d-11f1-b933-0a58a9feac02,PSA APR
Team Rocket,Here Comes Team Rocket!,15/82,1st Edition,PSA 10,2026-05-04,610,USD,Goldin Auctions,auction,FALSE,,27735202,,https://goldin.co/item/2000-pokemon-team-rocket-1st-edition-holo-15-here-comes-team-rocket-psqnpyp,PSA APR
Team Rocket,Here Comes Team Rocket!,15/82,1st Edition,PSA 10,2026-04-20,584.25,USD,Robert Edward Auctions,auction,FALSE,,25619506,,https://bid.collectrea.com/lots/173240,PSA APR
Team Rocket,Here Comes Team Rocket!,15/82,1st Edition,PSA 10,2026-04-11,600,USD,Fanatics Collect,BIN,FALSE,,26979288,,https://www.fanaticscollect.com/buy-now/851b7f97-9501-467f-895a-80a3f97548be,PSA APR
Team Rocket,Here Comes Team Rocket!,15/82,1st Edition,PSA 10,2026-04-09,743,USD,eBay,auction,FALSE,,27858524,,https://www.ebay.com/itm/389827355517,PSA APR
Team Rocket,Here Comes Team Rocket!,15/82,1st Edition,PSA 10,2026-04-06,516,USD,Fanatics Collect,auction,FALSE,,45342937,,https://www.fanaticscollect.com/weekly/9e1108d6-1eec-11f1-af4a-0a58a9feac02,PSA APR
Team Rocket,Here Comes Team Rocket!,15/82,1st Edition,PSA 10,2026-03-29,776.76,USD,eBay,auction,FALSE,,26471721,,https://www.ebay.com/itm/306835703009,PSA APR
Team Rocket,Here Comes Team Rocket!,15/82,1st Edition,PSA 10,2026-03-27,595,USD,eBay,best offer,TRUE,,27102067,,https://www.ebay.com/itm/227267489374,PSA APR
Team Rocket,Here Comes Team Rocket!,15/82,1st Edition,PSA 10,2026-03-20,534.33,USD,eBay,best offer,TRUE,,27675008,,https://www.ebay.com/itm/157770561712,PSA APR
Team Rocket,Here Comes Team Rocket!,15/82,1st Edition,PSA 10,2026-03-16,317.34,USD,eBay,best offer,TRUE,,27086445,,https://www.ebay.com/itm/366277008738,PSA APR
Team Rocket,Here Comes Team Rocket!,15/82,1st Edition,PSA 10,2026-03-16,1342,USD,Goldin Auctions,auction,FALSE,,45992337,,https://goldin.co/item/2000-pokemon-team-rocket-1st-edition-holo-15-here-comes-team-rocket-psnzha7,PSA APR
Team Rocket,Here Comes Team Rocket!,15/82,1st Edition,PSA 10,2026-03-15,500,USD,eBay,best offer,TRUE,,53773339,,https://www.ebay.com/itm/336480866772,PSA APR
Team Rocket,Here Comes Team Rocket!,15/82,1st Edition,PSA 10,2026-03-09,780,USD,Fanatics Collect,auction,FALSE,,27735202,,https://www.fanaticscollect.com/weekly/186024ae-0ba2-11f1-b67b-02cda5302d0f,PSA APR
Team Rocket,Here Comes Team Rocket!,15/82,1st Edition,PSA 10,2026-03-09,415,USD,eBay,auction,FALSE,,55974697,,https://www.ebay.com/itm/287168709045,PSA APR
Team Rocket,Here Comes Team Rocket!,15/82,1st Edition,PSA 10,2026-03-07,575,USD,eBay,BIN,FALSE,,41999009,,https://www.ebay.com/itm/298044551266,PSA APR
Team Rocket,Here Comes Team Rocket!,15/82,1st Edition,PSA 10,2026-02-26,399,USD,eBay,BIN,FALSE,,74190928,,https://www.ebay.com/itm/358262496172,PSA APR
Team Rocket,Here Comes Team Rocket!,15/82,1st Edition,PSA 10,2026-02-24,500,USD,eBay,best offer,TRUE,,82164848,,https://www.ebay.com/itm/376463224568,PSA APR
Team Rocket,Here Comes Team Rocket!,15/82,1st Edition,PSA 10,2026-02-18,430,USD,eBay,best offer,TRUE,,23365842,,https://www.ebay.com/itm/358219244472,PSA APR
Team Rocket,Here Comes Team Rocket!,15/82,1st Edition,PSA 10,2026-02-17,475,USD,eBay,best offer,TRUE,,42200276,,https://www.ebay.com/itm/236629640437,PSA APR
Team Rocket,Here Comes Team Rocket!,15/82,1st Edition,PSA 10,2026-02-16,594,USD,eBay,auction,FALSE,,93479414,,https://www.ebay.com/itm/389583096720,PSA APR
Team Rocket,Here Comes Team Rocket!,15/82,1st Edition,PSA 10,2026-02-11,465,USD,eBay,best offer,TRUE,,28120554,,https://www.ebay.com/itm/117017489017,PSA APR
Team Rocket,Here Comes Team Rocket!,15/82,1st Edition,PSA 10,2026-02-05,500,USD,eBay,best offer,TRUE,,65712002,,https://www.ebay.com/itm/306697860628,PSA APR
Team Rocket,Here Comes Team Rocket!,15/82,1st Edition,PSA 10,2026-01-28,499.99,USD,eBay,BIN,FALSE,,52340532,,https://www.ebay.com/itm/286447000730,PSA APR
Team Rocket,Here Comes Team Rocket!,15/82,1st Edition,PSA 10,2026-01-22,365,USD,eBay,best offer,TRUE,,49138768,,https://www.ebay.com/itm/358109401970,PSA APR
Team Rocket,Here Comes Team Rocket!,15/82,1st Edition,PSA 10,2026-01-18,330,USD,eBay,auction,FALSE,,74716798,,https://www.ebay.com/itm/406602341980,PSA APR
Team Rocket,Here Comes Team Rocket!,15/82,1st Edition,PSA 10,2026-01-12,456,USD,Fanatics Collect,auction,FALSE,,61375918,,https://www.fanaticscollect.com/weekly/6d9444ae-e5b0-11f0-a043-0a58a9feac02,PSA APR
Team Rocket,Here Comes Team Rocket!,15/82,1st Edition,PSA 10,2026-01-12,372.1,USD,Goldin Auctions,auction,FALSE,,54494058,,https://goldin.co/item/2000-pokemon-rocket-1st-edition-holo-15-here-comes-team-rocket-psa-gem83mbw,PSA APR
Team Rocket,Here Comes Team Rocket!,15/82,1st Edition,PSA 10,2026-01-06,349.77,USD,eBay,auction,FALSE,,124816251,,https://www.ebay.com/itm/127595315896,PSA APR
Team Rocket,Here Comes Team Rocket!,15/82,1st Edition,PSA 10,2026-01-03,420,USD,eBay,best offer,TRUE,,132738257,,https://www.ebay.com/itm/227148187681,PSA APR
Team Rocket,Here Comes Team Rocket!,15/82,1st Edition,PSA 10,2026-01-01,220,USD,eBay,best offer,TRUE,,42880382,,https://www.ebay.com/itm/406543060612,PSA APR
Team Rocket,Here Comes Team Rocket!,15/82,1st Edition,PSA 10,2025-12-27,439,USD,eBay,best offer,TRUE,,28899275,,https://www.ebay.com/itm/227116496210,PSA APR
Team Rocket,Here Comes Team Rocket!,15/82,1st Edition,PSA 10,2025-12-09,400,USD,eBay,BIN,FALSE,,117737097,,https://www.ebay.com/itm/136799859768,PSA APR
Team Rocket,Here Comes Team Rocket!,15/82,1st Edition,PSA 10,2025-12-04,340,USD,eBay,BIN,FALSE,,55522646,,https://www.ebay.com/itm/227109025352,PSA APR
Team Rocket,Here Comes Team Rocket!,15/82,1st Edition,PSA 10,2025-11-22,339.95,USD,eBay,BIN,FALSE,,41123952,,https://www.ebay.com/itm/146949701073,PSA APR
Team Rocket,Here Comes Team Rocket!,15/82,1st Edition,PSA 10,2025-11-02,295,USD,eBay,auction,FALSE,,44555764,,https://www.ebay.com/itm/286892798195,PSA APR
Team Rocket,Here Comes Team Rocket!,15/82,1st Edition,PSA 10,2025-11-01,307,USD,eBay,auction,FALSE,,29044055,,https://www.ebay.com/itm/357812245358,PSA APR
Team Rocket,Here Comes Team Rocket!,15/82,1st Edition,PSA 10,2025-10-31,304.44,USD,eBay,auction,FALSE,,79570955,,https://www.ebay.com/itm/227040257143,PSA APR
Team Rocket,Here Comes Team Rocket!,15/82,1st Edition,PSA 10,2025-10-12,359.06,USD,eBay,auction,FALSE,,41958023,,https://www.ebay.com/itm/317367254564,PSA APR
Team Rocket,Here Comes Team Rocket!,15/82,1st Edition,PSA 10,2025-10-12,382,USD,eBay,auction,FALSE,,68402126,,https://www.ebay.com/itm/197749931757,PSA APR
Team Rocket,Here Comes Team Rocket!,15/82,1st Edition,PSA 10,2025-10-07,353.95,USD,eBay,best offer,TRUE,,27967560,,https://www.ebay.com/itm/257143443946,PSA APR
Team Rocket,Here Comes Team Rocket!,15/82,1st Edition,PSA 10,2025-10-06,660,USD,Fanatics Collect,auction,FALSE,,45342937,,https://www.fanaticscollect.com/weekly/9b978970-946f-11f0-8beb-0a58a9feac02,PSA APR
Team Rocket,Here Comes Team Rocket!,15/82,1st Edition,PSA 10,2025-09-25,470.65,USD,eBay,BIN,FALSE,,66561539,,https://www.ebay.com/itm/376199982615,PSA APR
Team Rocket,Here Comes Team Rocket!,15/82,1st Edition,PSA 10,2025-09-22,349.99,USD,eBay,BIN,FALSE,,67958120,,https://www.ebay.com/itm/317289091620,PSA APR
Team Rocket,Here Comes Team Rocket!,15/82,1st Edition,PSA 10,2025-09-20,500,USD,eBay,BIN,FALSE,,55827542,,https://www.ebay.com/itm/176993672257,PSA APR
Team Rocket,Here Comes Team Rocket!,15/82,1st Edition,PSA 10,2025-09-03,350,USD,eBay,best offer,TRUE,,107857466,,https://www.ebay.com/itm/116620902737,PSA APR
Team Rocket,Here Comes Team Rocket!,15/82,1st Edition,PSA 10,2025-09-01,432.39,USD,eBay,auction,FALSE,,54430459,,https://www.ebay.com/itm/317202290392,PSA APR
Team Rocket,Here Comes Team Rocket!,15/82,1st Edition,PSA 10,2025-08-20,300,USD,eBay,auction,FALSE,,27745259,,https://www.ebay.com/itm/197612344010,PSA APR
Team Rocket,Here Comes Team Rocket!,15/82,1st Edition,PSA 10,2025-08-17,370,USD,eBay,auction,FALSE,,46023834,,https://www.ebay.com/itm/286753487274,PSA APR
Team Rocket,Here Comes Team Rocket!,15/82,1st Edition,PSA 10,2025-08-12,375,USD,eBay,auction,FALSE,,52553201,,https://www.ebay.com/itm/388796093903,PSA APR
Team Rocket,Here Comes Team Rocket!,15/82,1st Edition,PSA 10,2025-08-09,400,USD,eBay,best offer,TRUE,,67085485,,https://www.ebay.com/itm/236233326254,PSA APR
Team Rocket,Here Comes Team Rocket!,15/82,1st Edition,PSA 10,2025-08-07,299.99,USD,eBay,best offer,TRUE,,27867091,,https://www.ebay.com/itm/126225148675,PSA APR
Team Rocket,Here Comes Team Rocket!,15/82,1st Edition,PSA 10,2025-08-07,449.99,USD,eBay,BIN,FALSE,,46880398,,https://www.ebay.com/itm/186996041825,PSA APR
Team Rocket,Here Comes Team Rocket!,15/82,1st Edition,PSA 10,2025-07-20,494.11,USD,eBay,best offer,TRUE,,72660189,,https://www.ebay.com/itm/356760580348,PSA APR
Team Rocket,Here Comes Team Rocket!,15/82,1st Edition,PSA 10,2025-07-14,365,USD,eBay,auction,FALSE,,73968481,,https://www.ebay.com/itm/286690888494,PSA APR
Team Rocket,Here Comes Team Rocket!,15/82,1st Edition,PSA 10,2025-07-13,405,USD,eBay,auction,FALSE,,27342451,,https://www.ebay.com/itm/286689934680,PSA APR
Team Rocket,Here Comes Team Rocket!,15/82,1st Edition,PSA 10,2025-07-07,360,USD,eBay,BIN,FALSE,,23354531,,https://www.ebay.com/itm/177240778040,PSA APR
Team Rocket,Here Comes Team Rocket!,15/82,1st Edition,PSA 10,2025-06-25,400,USD,eBay,best offer,TRUE,,65712002,,https://www.ebay.com/itm/187147650200,PSA APR
Team Rocket,Here Comes Team Rocket!,15/82,1st Edition,PSA 10,2025-06-23,417,USD,eBay,auction,FALSE,,44555764,,https://www.ebay.com/itm/388585763027,PSA APR
Team Rocket,Here Comes Team Rocket!,15/82,1st Edition,PSA 10,2025-06-23,403.18,USD,eBay,BIN,FALSE,,41200447,,https://www.ebay.com/itm/236159761654,PSA APR
Team Rocket,Here Comes Team Rocket!,15/82,1st Edition,PSA 10,2025-06-15,340.53,USD,eBay,auction,FALSE,,42257345,,https://www.ebay.com/itm/127178196857,PSA APR
Team Rocket,Here Comes Team Rocket!,15/82,1st Edition,PSA 10,2025-06-13,393,USD,Fanatics Collect,BIN,FALSE,,40988255,,https://www.fanaticscollect.com/fixed/493742ae-456b-11f0-b84d-0aa8ed6ccf45,PSA APR
Team Rocket,Here Comes Team Rocket!,15/82,1st Edition,PSA 10,2025-06-08,393,USD,eBay,auction,FALSE,,95154387,,https://www.ebay.com/itm/286604253069,PSA APR
Team Rocket,Here Comes Team Rocket!,15/82,1st Edition,PSA 10,2025-06-08,350,USD,eBay,best offer,TRUE,,40742424,,https://www.ebay.com/itm/396628568086,PSA APR
Team Rocket,Here Comes Team Rocket!,15/82,1st Edition,PSA 10,2025-06-02,510,USD,Fanatics Collect,BIN,FALSE,,41999009,,https://www.fanaticscollect.com/fixed/8c333c80-3016-11f0-9f4b-067b450cb473,PSA APR
Team Rocket,Here Comes Team Rocket!,15/82,1st Edition,PSA 10,2025-05-26,360,USD,eBay,BIN,FALSE,,79570955,,https://www.ebay.com/itm/356955403364,PSA APR
Team Rocket,Here Comes Team Rocket!,15/82,1st Edition,PSA 10,2025-05-25,332,USD,eBay,auction,FALSE,,48587416,,https://www.ebay.com/itm/286572022365,PSA APR
Team Rocket,Here Comes Team Rocket!,15/82,1st Edition,PSA 10,2025-05-13,370,USD,eBay,auction,FALSE,,46817055,,https://www.ebay.com/itm/177071047378,PSA APR
Team Rocket,Here Comes Team Rocket!,15/82,1st Edition,PSA 10,2025-05-05,349,USD,eBay,auction,FALSE,,47345494,,https://www.ebay.com/itm/365567111024,PSA APR
Team Rocket,Here Comes Team Rocket!,15/82,1st Edition,PSA 10,2025-05-04,360,USD,eBay,best offer,TRUE,,46873531,,https://www.ebay.com/itm/286485323710,PSA APR
Team Rocket,Here Comes Team Rocket!,15/82,1st Edition,PSA 10,2025-04-27,345,USD,eBay,auction,FALSE,,41200518,,https://www.ebay.com/itm/286502551588,PSA APR
Team Rocket,Here Comes Team Rocket!,15/82,1st Edition,PSA 10,2025-04-20,347.75,USD,eBay,auction,FALSE,,26832044,,https://www.ebay.com/itm/286479448765,PSA APR
Team Rocket,Here Comes Team Rocket!,15/82,1st Edition,PSA 10,2025-04-14,252,USD,Fanatics Collect,auction,FALSE,,68818884,,https://www.fanaticscollect.com/weekly/45d8eebc-1192-11f0-9014-06cb21f8fb21,PSA APR
Team Rocket,Here Comes Team Rocket!,15/82,1st Edition,PSA 10,2025-04-13,370,USD,eBay,auction,FALSE,,72437974,,https://www.ebay.com/itm/365510518529,PSA APR
Team Rocket,Here Comes Team Rocket!,15/82,1st Edition,PSA 10,2025-04-12,459.95,USD,eBay,BIN,FALSE,,94634721,,https://www.ebay.com/itm/256869450992,PSA APR
Team Rocket,Here Comes Team Rocket!,15/82,1st Edition,PSA 10,2025-04-07,420,USD,eBay,best offer,TRUE,,66881694,,https://www.ebay.com/itm/267209468931,PSA APR
Team Rocket,Here Comes Team Rocket!,15/82,1st Edition,PSA 10,2025-04-01,360,USD,eBay,auction,FALSE,,52560494,,https://www.ebay.com/itm/116534668789,PSA APR
Team Rocket,Here Comes Team Rocket!,15/82,1st Edition,PSA 10,2025-03-29,328,USD,eBay,auction,FALSE,,44428702,,https://www.ebay.com/itm/226661865490,PSA APR
Team Rocket,Here Comes Team Rocket!,15/82,1st Edition,PSA 10,2025-03-28,340,USD,eBay,auction,FALSE,,69025697,,https://www.ebay.com/itm/256863787387,PSA APR
Team Rocket,Here Comes Team Rocket!,15/82,1st Edition,PSA 10,2025-03-25,384.57,USD,eBay,best offer,TRUE,,59087503,,https://www.ebay.com/itm/156757750453,PSA APR
Team Rocket,Here Comes Team Rocket!,15/82,1st Edition,PSA 10,2025-03-24,405,USD,eBay,auction,FALSE,,26442913,,https://www.ebay.com/itm/286409492266,PSA APR
Team Rocket,Here Comes Team Rocket!,15/82,1st Edition,PSA 10,2025-03-23,350,USD,eBay,best offer,TRUE,,69060160,,https://www.ebay.com/itm/197093143007,PSA APR
Team Rocket,Here Comes Team Rocket!,15/82,1st Edition,PSA 10,2025-03-14,329.97,USD,eBay,BIN,FALSE,,87325237,,https://www.ebay.com/itm/236000444513,PSA APR
Team Rocket,Here Comes Team Rocket!,15/82,1st Edition,PSA 10,2025-03-09,320,USD,eBay,auction,FALSE,,28185805,,https://www.ebay.com/itm/326471598262,PSA APR
Team Rocket,Here Comes Team Rocket!,15/82,1st Edition,PSA 10,2025-03-02,315,USD,eBay,auction,FALSE,,44555764,,https://www.ebay.com/itm/286349681448,PSA APR
Team Rocket,Here Comes Team Rocket!,15/82,1st Edition,PSA 10,2025-02-23,412.09,USD,eBay,auction,FALSE,,48495269,,https://www.ebay.com/itm/286328734601,PSA APR
Team Rocket,Here Comes Team Rocket!,15/82,1st Edition,PSA 10,2025-02-23,319.99,USD,eBay,best offer,TRUE,,86635916,,https://www.ebay.com/itm/186983851680,PSA APR
Team Rocket,Here Comes Team Rocket!,15/82,1st Edition,PSA 10,2025-02-21,399.95,USD,eBay,BIN,FALSE,,46768813,,https://www.ebay.com/itm/116482514378,PSA APR
Team Rocket,Here Comes Team Rocket!,15/82,1st Edition,PSA 10,2025-02-20,436.24,USD,eBay,best offer,TRUE,,67836742,,https://www.ebay.com/itm/286323402550,PSA APR
Team Rocket,Here Comes Team Rocket!,15/82,1st Edition,PSA 10,2025-02-14,399,USD,eBay,BIN,FALSE,,53321612,,https://www.ebay.com/itm/405545982963,PSA APR
Team Rocket,Here Comes Team Rocket!,15/82,1st Edition,PSA 10,2025-02-14,316.83,USD,eBay,best offer,TRUE,,26442913,,https://www.ebay.com/itm/396205514557,PSA APR
Team Rocket,Here Comes Team Rocket!,15/82,1st Edition,PSA 10,2025-02-09,335.99,USD,eBay,best offer,TRUE,,27345738,,https://www.ebay.com/itm/276853106157,PSA APR
Team Rocket,Here Comes Team Rocket!,15/82,1st Edition,PSA 10,2025-02-08,330.69,USD,eBay,auction,FALSE,,27823151,,https://www.ebay.com/itm/186923727683,PSA APR
Team Rocket,Here Comes Team Rocket!,15/82,1st Edition,PSA 10,2025-02-05,200,USD,eBay,best offer,TRUE,,63160483,,https://www.ebay.com/itm/326430101587,PSA APR
Team Rocket,Here Comes Team Rocket!,15/82,1st Edition,PSA 10,2025-02-02,500,USD,eBay,best offer,TRUE,,28697591,,https://www.ebay.com/itm/156654026827,PSA APR
Team Rocket,Here Comes Team Rocket!,15/82,1st Edition,PSA 10,2025-01-31,399.95,USD,eBay,BIN,FALSE,,50819188,,https://www.ebay.com/itm/375961694366,PSA APR
Team Rocket,Here Comes Team Rocket!,15/82,1st Edition,PSA 10,2025-01-24,349,USD,eBay,BIN,FALSE,,42884618,,https://www.ebay.com/itm/306062368916,PSA APR
Team Rocket,Here Comes Team Rocket!,15/82,1st Edition,PSA 10,2025-01-23,300.74,USD,eBay,best offer,TRUE,,41519359,,https://www.ebay.com/itm/334643739632,PSA APR
Team Rocket,Here Comes Team Rocket!,15/82,1st Edition,PSA 10,2025-01-23,210.19,USD,eBay,best offer,TRUE,,24845848,,https://www.ebay.com/itm/146347808820,PSA APR
Team Rocket,Here Comes Team Rocket!,15/82,1st Edition,PSA 10,2025-01-21,300,USD,eBay,best offer,TRUE,,63545800,,https://www.ebay.com/itm/126068939519,PSA APR
Team Rocket,Here Comes Team Rocket!,15/82,1st Edition,PSA 10,2025-01-06,599.99,USD,eBay,auction,FALSE,,26823737,,https://www.ebay.com/itm/116429753140,PSA APR
Team Rocket,Here Comes Team Rocket!,15/82,1st Edition,PSA 10,2025-01-02,205.24,USD,eBay,auction,FALSE,,41267634,,https://www.ebay.com/itm/256764922643,PSA APR
Team Rocket,Here Comes Team Rocket!,15/82,1st Edition,PSA 10,2024-12-17,206.5,USD,eBay,auction,FALSE,,93520553,,https://www.ebay.com/itm/387700022625,PSA APR
Team Rocket,Here Comes Team Rocket!,15/82,1st Edition,PSA 10,2024-10-10,168.5,USD,eBay,auction,FALSE,,72660189,,https://www.ebay.com/itm/395744605282,PSA APR
Team Rocket,Here Comes Team Rocket!,15/82,1st Edition,PSA 10,2024-09-26,200,USD,eBay,auction,FALSE,,72660189,,https://www.ebay.com/itm/395688300902,PSA APR
Team Rocket,Here Comes Team Rocket!,15/82,1st Edition,PSA 10,2024-09-15,222.5,USD,eBay,auction,FALSE,,41912351,,https://www.ebay.com/itm/286047414523,PSA APR
Team Rocket,Here Comes Team Rocket!,15/82,1st Edition,PSA 10,2024-09-08,255,USD,eBay,auction,FALSE,,50940837,,https://www.ebay.com/itm/286035918618,PSA APR
Team Rocket,Here Comes Team Rocket!,15/82,1st Edition,PSA 10,2024-09-06,132.5,USD,eBay,auction,FALSE,,49947220,,https://www.ebay.com/itm/335554626119,PSA APR
Team Rocket,Here Comes Team Rocket!,15/82,1st Edition,PSA 10,2024-09-02,164.28,USD,eBay,auction,FALSE,,41958023,,https://www.ebay.com/itm/405190815783,PSA APR
Team Rocket,Here Comes Team Rocket!,15/82,1st Edition,PSA 10,2024-08-28,203.5,USD,eBay,auction,FALSE,,27341180,,https://www.ebay.com/itm/365077345167,PSA APR
Team Rocket,Here Comes Team Rocket!,15/82,1st Edition,PSA 10,2024-06-16,113.5,USD,eBay,auction,FALSE,,46873534,,https://www.ebay.com/itm/256539051610,PSA APR
Team Rocket,Here Comes Team Rocket!,15/82,1st Edition,PSA 10,2024-04-25,147.5,USD,eBay,auction,FALSE,,27858524,,https://www.ebay.com/itm/186399595994,PSA APR
Team Rocket,Here Comes Team Rocket!,15/82,1st Edition,PSA 10,2024-03-04,131.98,USD,eBay,auction,FALSE,,41958024,,https://www.ebay.com/itm/404822217694,PSA APR
Team Rocket,Here Comes Team Rocket!,15/82,1st Edition,PSA 10,2024-01-28,167.5,USD,eBay,auction,FALSE,,41200518,,https://www.ebay.com/itm/325972677980,PSA APR
Team Rocket,Here Comes Team Rocket!,15/82,1st Edition,PSA 10,2023-10-10,133.5,USD,eBay,auction,FALSE,,41200447,,https://www.ebay.com/itm/325831175118,PSA APR
Team Rocket,Here Comes Team Rocket!,15/82,1st Edition,PSA 10,2023-10-02,137.16,USD,eBay,auction,FALSE,,28342190,,https://www.ebay.com/itm/386144865373,PSA APR
Team Rocket,Rocket's Sneak Attack,16/82,1st Edition,PSA 10,2026-09-18,624.99,USD,eBay,BIN,FALSE,,54722850,,https://www.ebay.com/itm/206495506981,PSA APR
Team Rocket,Rocket's Sneak Attack,16/82,1st Edition,PSA 10,2026-09-14,690,USD,Fanatics Collect,auction,FALSE,,45125611,,https://www.fanaticscollect.com/weekly/7c2c93d0-a86b-11f1-a49a-06d19b0b9c59,PSA APR
Team Rocket,Rocket's Sneak Attack,16/82,1st Edition,PSA 10,2026-09-02,630,USD,eBay,auction,FALSE,,27076174,,https://www.ebay.com/itm/800568115028,PSA APR
Team Rocket,Rocket's Sneak Attack,16/82,1st Edition,PSA 10,2026-09-02,685,USD,eBay,auction,FALSE,,42880383,,https://www.ebay.com/itm/800564688956,PSA APR
Team Rocket,Rocket's Sneak Attack,16/82,1st Edition,PSA 10,2026-09-01,635,USD,eBay,auction,FALSE,,41168925,,https://www.ebay.com/itm/800557937985,PSA APR
Team Rocket,Rocket's Sneak Attack,16/82,1st Edition,PSA 10,2026-08-18,888,USD,eBay,best offer,TRUE,,26989869,,https://www.ebay.com/itm/318644032005,PSA APR
Team Rocket,Rocket's Sneak Attack,16/82,1st Edition,PSA 10,2026-08-08,850,USD,eBay,BIN,FALSE,,47683627,,https://www.ebay.com/itm/377402442427,PSA APR
Team Rocket,Rocket's Sneak Attack,16/82,1st Edition,PSA 10,2026-07-20,492,USD,Fanatics Collect,auction,FALSE,,42005256,,https://www.fanaticscollect.com/weekly/16742120-6f68-11f1-9997-0a58a9feac02,PSA APR
Team Rocket,Rocket's Sneak Attack,16/82,1st Edition,PSA 10,2026-07-12,725,USD,eBay,auction,FALSE,,41001847,,https://www.ebay.com/itm/117281686841,PSA APR
Team Rocket,Rocket's Sneak Attack,16/82,1st Edition,PSA 10,2026-06-21,488.54,USD,eBay,auction,FALSE,,27949571,,https://www.ebay.com/itm/137399881868,PSA APR
Team Rocket,Rocket's Sneak Attack,16/82,1st Edition,PSA 10,2026-06-09,700,USD,eBay,BIN,FALSE,,87325228,,https://www.ebay.com/itm/377184120614,PSA APR
Team Rocket,Rocket's Sneak Attack,16/82,1st Edition,PSA 10,2026-05-04,943,USD,Goldin Auctions,auction,FALSE,,47683627,,https://goldin.co/item/2000-pokemon-team-rocket-1st-edition-holo-16-sneak-attack-psa-gem-mt-191cbm,PSA APR
Team Rocket,Rocket's Sneak Attack,16/82,1st Edition,PSA 10,2026-04-09,747,USD,eBay,auction,FALSE,,17288038,,https://www.ebay.com/itm/366320722536,PSA APR
Team Rocket,Rocket's Sneak Attack,16/82,1st Edition,PSA 10,2026-04-03,711,USD,eBay,auction,FALSE,,86682832,,https://www.ebay.com/itm/377065099806,PSA APR
Team Rocket,Rocket's Sneak Attack,16/82,1st Edition,PSA 10,2026-03-10,449.99,USD,eBay,best offer,TRUE,,27076174,,https://www.ebay.com/itm/406753867733,PSA APR
Team Rocket,Rocket's Sneak Attack,16/82,1st Edition,PSA 10,2026-03-03,525,USD,eBay,best offer,TRUE,,27262762,,https://www.ebay.com/itm/358109403347,PSA APR
Team Rocket,Rocket's Sneak Attack,16/82,1st Edition,PSA 10,2026-02-21,450,USD,eBay,best offer,TRUE,,57167861,,https://www.ebay.com/itm/187957638471,PSA APR
Team Rocket,Rocket's Sneak Attack,16/82,1st Edition,PSA 10,2026-02-17,495,USD,eBay,best offer,TRUE,,28290841,,https://www.ebay.com/itm/236629603000,PSA APR
Team Rocket,Rocket's Sneak Attack,16/82,1st Edition,PSA 10,2026-02-07,424.99,USD,eBay,auction,FALSE,,27836436,,https://www.ebay.com/itm/147128689117,PSA APR
Team Rocket,Rocket's Sneak Attack,16/82,1st Edition,PSA 10,2026-01-24,405,USD,eBay,best offer,TRUE,,74259023,,https://www.ebay.com/itm/257316288473,PSA APR
Team Rocket,Rocket's Sneak Attack,16/82,1st Edition,PSA 10,2026-01-12,660,USD,Fanatics Collect,auction,FALSE,,61375919,,https://www.fanaticscollect.com/weekly/6d9660cc-e5b0-11f0-88d5-066564cbd42b,PSA APR
Team Rocket,Rocket's Sneak Attack,16/82,1st Edition,PSA 10,2026-01-08,399.99,USD,eBay,BIN,FALSE,,42880383,,https://www.ebay.com/itm/277635108936,PSA APR
Team Rocket,Rocket's Sneak Attack,16/82,1st Edition,PSA 10,2026-01-03,499.99,USD,eBay,BIN,FALSE,,41001847,,https://www.ebay.com/itm/286447000800,PSA APR
Team Rocket,Rocket's Sneak Attack,16/82,1st Edition,PSA 10,2026-01-01,220,USD,eBay,best offer,TRUE,,42880383,,https://www.ebay.com/itm/406545831675,PSA APR
Team Rocket,Rocket's Sneak Attack,16/82,1st Edition,PSA 10,2025-12-29,389.99,USD,eBay,best offer,TRUE,,95447377,,https://www.ebay.com/itm/167854656577,PSA APR
Team Rocket,Rocket's Sneak Attack,16/82,1st Edition,PSA 10,2025-11-26,310,USD,eBay,auction,FALSE,,85855858,,https://www.ebay.com/itm/227097710685,PSA APR
Team Rocket,Rocket's Sneak Attack,16/82,1st Edition,PSA 10,2025-11-24,297.88,USD,eBay,auction,FALSE,,124780376,,https://www.ebay.com/itm/297763697661,PSA APR
Team Rocket,Rocket's Sneak Attack,16/82,1st Edition,PSA 10,2025-11-23,355,USD,eBay,best offer,TRUE,,48218564,,https://www.ebay.com/itm/127343672072,PSA APR
Team Rocket,Rocket's Sneak Attack,16/82,1st Edition,PSA 10,2025-11-08,217.62,USD,eBay,auction,FALSE,,74259023,,https://www.ebay.com/itm/357812294347,PSA APR
Team Rocket,Rocket's Sneak Attack,16/82,1st Edition,PSA 10,2025-09-19,399,USD,eBay,best offer,TRUE,,50761343,,https://www.ebay.com/itm/306505162112,PSA APR
Team Rocket,Rocket's Sneak Attack,16/82,1st Edition,PSA 10,2025-07-21,409.99,USD,eBay,BIN,FALSE,,42721412,,https://www.ebay.com/itm/177251943109,PSA APR
Team Rocket,Rocket's Sneak Attack,16/82,1st Edition,PSA 10,2025-06-15,375,USD,eBay,best offer,TRUE,,56777457,,https://www.ebay.com/itm/167484886867,PSA APR
Team Rocket,Rocket's Sneak Attack,16/82,1st Edition,PSA 10,2025-05-23,450,USD,eBay,best offer,TRUE,,85855858,,https://www.ebay.com/itm/256889581020,PSA APR
Team Rocket,Rocket's Sneak Attack,16/82,1st Edition,PSA 10,2025-05-05,370,USD,eBay,best offer,TRUE,,58948211,,https://www.ebay.com/itm/316731899632,PSA APR
Team Rocket,Rocket's Sneak Attack,16/82,1st Edition,PSA 10,2025-05-03,378.2,USD,eBay,BIN,FALSE,,73097528,,https://www.ebay.com/itm/356852454471,PSA APR
Team Rocket,Rocket's Sneak Attack,16/82,1st Edition,PSA 10,2025-04-11,400,USD,eBay,BIN,FALSE,,26329104,,https://www.ebay.com/itm/256864627648,PSA APR
Team Rocket,Rocket's Sneak Attack,16/82,1st Edition,PSA 10,2025-04-07,345,USD,Fanatics Collect,BIN,FALSE,,40988254,,https://www.fanaticscollect.com/fixed/049beb0e-fabb-11ef-ac93-0278a23d4ac3,PSA APR
Team Rocket,Rocket's Sneak Attack,16/82,1st Edition,PSA 10,2025-03-31,288,USD,Fanatics Collect,auction,FALSE,,18608732,,https://www.fanaticscollect.com/weekly/a0369980-fa3c-11ef-8104-0a58a9feac02,PSA APR
Team Rocket,Rocket's Sneak Attack,16/82,1st Edition,PSA 10,2025-03-12,300,USD,eBay,BIN,FALSE,,17288038,,https://www.ebay.com/itm/294462782971,PSA APR
Team Rocket,Rocket's Sneak Attack,16/82,1st Edition,PSA 10,2025-03-07,412,USD,eBay,auction,FALSE,,41149567,,https://www.ebay.com/itm/297062834133,PSA APR
Team Rocket,Rocket's Sneak Attack,16/82,1st Edition,PSA 10,2025-03-04,304.82,USD,eBay,auction,FALSE,,92648471,,https://www.ebay.com/itm/335831624347,PSA APR
Team Rocket,Rocket's Sneak Attack,16/82,1st Edition,PSA 10,2025-02-19,503.34,USD,eBay,best offer,TRUE,,22368170,,https://www.ebay.com/itm/186655319359,PSA APR
Team Rocket,Rocket's Sneak Attack,16/82,1st Edition,PSA 10,2025-02-14,158.61,USD,eBay,best offer,TRUE,,26442919,,https://www.ebay.com/itm/396205517606,PSA APR
Team Rocket,Rocket's Sneak Attack,16/82,1st Edition,PSA 10,2025-02-02,123.93,USD,eBay,BIN,FALSE,,27239115,,https://www.ebay.com/itm/135528229400,PSA APR
Team Rocket,Rocket's Sneak Attack,16/82,1st Edition,PSA 10,2025-02-02,400,USD,eBay,BIN,FALSE,,23365843,,https://www.ebay.com/itm/365374885985,PSA APR
Team Rocket,Rocket's Sneak Attack,16/82,1st Edition,PSA 10,2024-11-23,124.05,USD,eBay,auction,FALSE,,23383906,,https://www.ebay.com/itm/395911600433,PSA APR
Team Rocket,Rocket's Sneak Attack,16/82,1st Edition,PSA 10,2024-10-10,175,USD,eBay,auction,FALSE,,55512775,,https://www.ebay.com/itm/395744607400,PSA APR
Team Rocket,Rocket's Sneak Attack,16/82,1st Edition,PSA 10,2024-09-26,300,USD,eBay,auction,FALSE,,55512775,,https://www.ebay.com/itm/395688305440,PSA APR
Team Rocket,Rocket's Sneak Attack,16/82,1st Edition,PSA 10,2024-09-02,170.21,USD,eBay,auction,FALSE,,41958025,,https://www.ebay.com/itm/405190815787,PSA APR
Team Rocket,Rocket's Sneak Attack,16/82,1st Edition,PSA 10,2024-08-28,201,USD,eBay,auction,FALSE,,52340554,,https://www.ebay.com/itm/375602726302,PSA APR
Team Rocket,Rocket's Sneak Attack,16/82,1st Edition,PSA 10,2024-08-21,147.5,USD,eBay,auction,FALSE,,27465948,,https://www.ebay.com/itm/387293766178,PSA APR
Team Rocket,Rocket's Sneak Attack,16/82,1st Edition,PSA 10,2024-08-19,147.49,USD,eBay,auction,FALSE,,41166667,,https://www.ebay.com/itm/276590857568,PSA APR
Team Rocket,Rocket's Sneak Attack,16/82,1st Edition,PSA 10,2024-08-05,139.07,USD,eBay,auction,FALSE,,41168925,,https://www.ebay.com/itm/335498013419,PSA APR
Team Rocket,Rocket's Sneak Attack,16/82,1st Edition,PSA 10,2023-10-02,92.36,USD,eBay,auction,FALSE,,28342189,,https://www.ebay.com/itm/364497481593,PSA APR
Team Rocket,Rainbow Energy,17/82,1st Edition,PSA 10,2026-09-28,1710,USD,Fanatics Collect,auction,FALSE,,46923653,,https://www.fanaticscollect.com/weekly/1634be78-b2d3-11f1-97ea-0affdeff6541,PSA APR
Team Rocket,Rainbow Energy,17/82,1st Edition,PSA 10,2026-09-19,1563,USD,Heritage Auctions,auction,FALSE,,40849816,,https://comics.ha.com/itm/memorabilia/trading-cards/pokemon-rainbow-energy-17-1st-edition-team-rocket-psa-trading-card-game-gem-mint-10-wizards-of-the-coast-2000-rare-holo/p/7459-74006.s,PSA APR
Team Rocket,Rainbow Energy,17/82,1st Edition,PSA 10,2026-09-14,1800,USD,Fanatics Collect,auction,FALSE,,44827855,,https://www.fanaticscollect.com/weekly/7c2a9800-a86b-11f1-a7e9-06d19b0b9c59,PSA APR
Team Rocket,Rainbow Energy,17/82,1st Edition,PSA 10,2026-09-09,2499.98,USD,eBay,BIN,FALSE,,41371930,,https://www.ebay.com/itm/298368629498,PSA APR
Team Rocket,Rainbow Energy,17/82,1st Edition,PSA 10,2026-08-24,1530,USD,Fanatics Collect,auction,FALSE,,44774807,,https://www.fanaticscollect.com/weekly/d3e92330-973c-11f1-980e-02ffd8a8e0b3,PSA APR
Team Rocket,Rainbow Energy,17/82,1st Edition,PSA 10,2026-05-14,1875,USD,Heritage Auctions,auction,FALSE,,40849816,,https://comics.ha.com/itm/memorabilia/trading-cards/pokemon-rainbow-energy-17-1st-edition-team-rocket-psa-trading-card-game-gem-mint-10-wizards-of-the-coast-2000-rare-holo/a/43246-78085.s,PSA APR
Team Rocket,Rainbow Energy,17/82,1st Edition,PSA 10,2026-05-04,1746,USD,Goldin Auctions,auction,FALSE,,23383905,,https://goldin.co/item/2000-pokemon-team-rocket-1st-edition-holo-17-rainbow-energy-psa-gem-mtftn0c,PSA APR
Team Rocket,Rainbow Energy,17/82,1st Edition,PSA 10,2026-04-09,2075,USD,eBay,auction,FALSE,,44555766,,https://www.ebay.com/itm/366320722927,PSA APR
Team Rocket,Rainbow Energy,17/82,1st Edition,PSA 10,2026-03-30,2160,USD,Fanatics Collect,auction,FALSE,,101529615,,https://www.fanaticscollect.com/weekly/2ad8588a-1eef-11f1-9e24-0a58a9feac02,PSA APR
Team Rocket,Rainbow Energy,17/82,1st Edition,PSA 10,2026-03-28,2208.62,USD,eBay,auction,FALSE,,41414776,,https://www.ebay.com/itm/306834145926,PSA APR
Team Rocket,Rainbow Energy,17/82,1st Edition,PSA 10,2026-03-19,3299,USD,Fanatics Collect,best offer,TRUE,,23383905,,https://www.fanaticscollect.com/buy-now/e57f2749-53cf-42c6-94d4-870c175a7474,PSA APR
Team Rocket,Rainbow Energy,17/82,1st Edition,PSA 10,2026-02-07,2325,USD,eBay,auction,FALSE,,49686472,,https://www.ebay.com/itm/117008492358,PSA APR
Team Rocket,Rainbow Energy,17/82,1st Edition,PSA 10,2026-01-28,1875,USD,eBay,best offer,TRUE,,65578495,,https://www.ebay.com/itm/117000686977,PSA APR
Team Rocket,Rainbow Energy,17/82,1st Edition,PSA 10,2026-01-19,1560,USD,Fanatics Collect,auction,FALSE,,27690412,,https://www.fanaticscollect.com/weekly/0da8274c-e9f5-11f0-bead-0a58a9feac02,PSA APR
Team Rocket,Rainbow Energy,17/82,1st Edition,PSA 10,2026-01-05,1625,USD,Fanatics Collect,best offer,TRUE,,27690412,,https://www.fanaticscollect.com/buy-now/e259943c-7941-4623-9667-a1cc8c5fee37,PSA APR
Team Rocket,Rainbow Energy,17/82,1st Edition,PSA 10,2025-12-15,1500,USD,Fanatics Collect,auction,FALSE,,54465201,,https://www.fanaticscollect.com/weekly/238d4f6e-cfc5-11f0-aa9d-0a58a9feac02,PSA APR
Team Rocket,Rainbow Energy,17/82,1st Edition,PSA 10,2025-12-14,1132.77,USD,eBay,auction,FALSE,,49686472,,https://www.ebay.com/itm/297820839657,PSA APR
Team Rocket,Rainbow Energy,17/82,1st Edition,PSA 10,2025-12-02,1504,USD,eBay,auction,FALSE,,65578495,,https://www.ebay.com/itm/127527289370,PSA APR
Team Rocket,Rainbow Energy,17/82,1st Edition,PSA 10,2025-11-10,3600,USD,Fanatics Collect,auction,FALSE,,101529615,,https://www.fanaticscollect.com/weekly/2935ab5c-b4fc-11f0-8127-0a58a9feac02,PSA APR
Team Rocket,Rainbow Energy,17/82,1st Edition,PSA 10,2025-09-22,1799.99,USD,eBay,BIN,FALSE,,101529615,,https://www.ebay.com/itm/167722659146,PSA APR
Team Rocket,Rainbow Energy,17/82,1st Edition,PSA 10,2025-09-21,2120,USD,Fanatics Collect,best offer,TRUE,,27564933,,https://www.fanaticscollect.com/fixed/63c6f3e4-931d-11f0-ad30-0a58a9feac02,PSA APR
Team Rocket,Rainbow Energy,17/82,1st Edition,PSA 10,2025-07-14,1740,USD,Fanatics Collect,auction,FALSE,,27998809,,https://www.fanaticscollect.com/weekly/35ddc286-3c6b-11f0-a83c-0a58a9feac02,PSA APR
Team Rocket,Rainbow Energy,17/82,1st Edition,PSA 10,2025-06-28,1749.99,USD,eBay,BIN,FALSE,,101529615,,https://www.ebay.com/itm/396796560265,PSA APR
Team Rocket,Rainbow Energy,17/82,1st Edition,PSA 10,2025-03-13,1612,USD,eBay,auction,FALSE,,51203736,,https://www.ebay.com/itm/365441866015,PSA APR
Team Rocket,Rainbow Energy,17/82,1st Edition,PSA 10,2025-03-02,776,USD,eBay,best offer,TRUE,,44285122,,https://www.ebay.com/itm/396205489558,PSA APR
Team Rocket,Rainbow Energy,17/82,1st Edition,PSA 10,2025-02-05,1700,USD,Fanatics Collect,best offer,TRUE,,44774807,,https://www.fanaticscollect.com/fixed/3a07c9de-a6ab-11ef-b633-021eba6b13f1,PSA APR
Team Rocket,Rainbow Energy,17/82,1st Edition,PSA 10,2024-10-11,800,USD,eBay,auction,FALSE,,41917054,,https://www.ebay.com/itm/395744631734,PSA APR
Team Rocket,Dark Raichu,83/82,1st Edition,PSA 10,2026-09-26,6000,USD,eBay,auction,FALSE,,27317387,,https://www.ebay.com/itm/128099433632,PSA APR
Team Rocket,Dark Raichu,83/82,1st Edition,PSA 10,2026-09-22,14999.95,USD,eBay,BIN,FALSE,,25768759,,https://www.ebay.com/itm/188060533997,PSA APR
Team Rocket,Dark Raichu,83/82,1st Edition,PSA 10,2026-09-22,5000,USD,eBay,best offer,TRUE,,52815538,,https://www.ebay.com/itm/128092085318,PSA APR
Team Rocket,Dark Raichu,83/82,1st Edition,PSA 10,2026-09-14,9900,USD,Fanatics Collect,auction,FALSE,,04325370,,https://www.fanaticscollect.com/weekly/e11ffb72-aade-11f1-902f-02fffe42cc1b,PSA APR
Team Rocket,Dark Raichu,83/82,1st Edition,PSA 10,2026-09-14,9900,USD,Fanatics Collect,auction,FALSE,,44827856,,https://www.fanaticscollect.com/weekly/7c2337fe-a86b-11f1-b419-06d19b0b9c59,PSA APR
Team Rocket,Dark Raichu,83/82,1st Edition,PSA 10,2026-09-14,9900,USD,Fanatics Collect,auction,FALSE,,27827298,,https://www.fanaticscollect.com/weekly/a74fd14a-a5c7-11f1-96e9-065d41047819,PSA APR
Team Rocket,Dark Raichu,83/82,1st Edition,PSA 10,2026-09-14,10000,USD,eBay,best offer,TRUE,,44204197,,https://www.ebay.com/itm/800488408797,PSA APR
Team Rocket,Dark Raichu,83/82,1st Edition,PSA 10,2026-09-14,9749.99,USD,eBay,BIN,FALSE,,28547128,,https://www.ebay.com/itm/206511513306,PSA APR
Team Rocket,Dark Raichu,83/82,1st Edition,PSA 10,2026-08-10,7500,USD,Fanatics Collect,auction,FALSE,,27827298,,https://www.fanaticscollect.com/weekly/d6487490-8ba3-11f1-95fe-0a58a9feac02,PSA APR
Team Rocket,Dark Raichu,83/82,1st Edition,PSA 10,2026-07-06,5760,USD,Fanatics Collect,auction,FALSE,,19303199,,https://www.fanaticscollect.com/weekly/2cf397b0-6d41-11f1-8c4e-02237833c7a7,PSA APR
Team Rocket,Dark Raichu,83/82,1st Edition,PSA 10,2026-06-06,6050,USD,eBay,best offer,TRUE,,52815538,,https://www.ebay.com/itm/358635693541,PSA APR
Team Rocket,Dark Raichu,83/82,1st Edition,PSA 10,2026-05-04,7930,USD,Goldin Auctions,auction,FALSE,,43605242,,https://goldin.co/item/2000-pokemon-team-rocket-1st-edition-holo-83-dark-raichu-psa-gem-mt-10scjjo,PSA APR
Team Rocket,Dark Raichu,83/82,1st Edition,PSA 10,2026-04-16,5948.14,USD,eBay,auction,FALSE,,41434522,,https://www.ebay.com/itm/188251020021,PSA APR
Team Rocket,Dark Raichu,83/82,1st Edition,PSA 10,2026-04-13,10500,USD,Fanatics Collect,auction,FALSE,,78808378,,https://www.fanaticscollect.com/weekly/d3ee14d4-2e33-11f1-8a2a-0a58a9feac02,PSA APR
Team Rocket,Dark Raichu,83/82,1st Edition,PSA 10,2026-02-16,5890,USD,Goldin Auctions,auction,FALSE,,51988668,,https://goldin.co/item/2000-pokemon-rocket-1st-edition-holo-83-dark-raichu-psa-gem-mt-10xn5nq,PSA APR
Team Rocket,Dark Raichu,83/82,1st Edition,PSA 10,2025-12-29,4799,USD,eBay,auction,FALSE,,63880433,,https://www.ebay.com/itm/116938946772,PSA APR
Team Rocket,Dark Raichu,83/82,1st Edition,PSA 10,2025-11-01,3500,USD,eBay,best offer,TRUE,,42880346,,https://www.ebay.com/itm/406341444018,PSA APR
Team Rocket,Dark Raichu,83/82,1st Edition,PSA 10,2025-09-29,4000,USD,Fanatics Collect,best offer,TRUE,,52815538,,https://www.fanaticscollect.com/fixed/789f9a92-9c7c-11f0-950e-0a58a9feac02,PSA APR
Team Rocket,Dark Raichu,83/82,1st Edition,PSA 10,2025-09-21,3725,USD,Fanatics Collect,best offer,TRUE,,27827298,,https://www.fanaticscollect.com/fixed/1da8522c-931d-11f0-b0b6-0275b5de122b,PSA APR
Team Rocket,Dark Raichu,83/82,1st Edition,PSA 10,2025-06-16,4050,USD,eBay,auction,FALSE,,29018077,,https://www.ebay.com/itm/306339191998,PSA APR
Team Rocket,Dark Raichu,83/82,1st Edition,PSA 10,2025-06-16,2885.88,USD,eBay,best offer,TRUE,,28217119,,https://www.ebay.com/itm/297238003561,PSA APR
Team Rocket,Dark Raichu,83/82,1st Edition,PSA 10,2025-05-22,2000,USD,eBay,best offer,TRUE,,46923645,,https://www.ebay.com/itm/306313003268,PSA APR
Team Rocket,Dark Raichu,83/82,1st Edition,PSA 10,2025-01-21,1400,USD,eBay,BIN,FALSE,,29018077,,https://www.ebay.com/itm/404996201380,PSA APR
Team Rocket,Dark Raichu,83/82,1st Edition,PSA 10,2024-12-11,1165.08,USD,eBay,auction,FALSE,,28441047,,https://www.ebay.com/itm/267086188628,PSA APR
Team Rocket,Dark Raichu,83/82,1st Edition,PSA 10,2024-10-18,1395,USD,eBay,auction,FALSE,,22022636,,https://www.ebay.com/itm/365175557468,PSA APR
Team Rocket,Dark Raichu,83/82,1st Edition,PSA 10,2024-10-10,1350,USD,eBay,auction,FALSE,,25657503,,https://www.ebay.com/itm/395742251598,PSA APR
Team Rocket,Dark Raichu,83/82,1st Edition,PSA 10,2024-09-21,1600,USD,eBay,auction,FALSE,,25657503,,https://www.ebay.com/itm/395680120025,PSA APR
Team Rocket,Dark Raichu,83/82,1st Edition,PSA 10,2024-01-28,1152,USD,eBay,auction,FALSE,,41200522,,https://www.ebay.com/itm/325972678017,PSA APR
Team Rocket,Dark Raichu,83/82,1st Edition,PSA 10,2023-10-26,1250,USD,eBay,auction,FALSE,,51591521,,https://www.ebay.com/itm/126143972940,PSA APR
Team Rocket,Dark Alakazam,1/82,1st Edition,PSA 10,2026-09-23,5999.99,USD,eBay,BIN,FALSE,,52650941,,https://www.ebay.com/itm/187827768108,PSA APR
Team Rocket,Dark Alakazam,1/82,1st Edition,PSA 10,2026-09-23,5225,USD,eBay,auction,FALSE,,45196241,,https://www.ebay.com/itm/128084894456,PSA APR
Team Rocket,Dark Alakazam,1/82,1st Edition,PSA 10,2026-09-14,3840,USD,Fanatics Collect,auction,FALSE,,44406609,,https://www.fanaticscollect.com/weekly/7c34265e-a86b-11f1-b4a2-06d19b0b9c59,PSA APR
Team Rocket,Dark Alakazam,1/82,1st Edition,PSA 10,2026-08-12,3999.98,USD,eBay,BIN,FALSE,,43029840,,https://www.ebay.com/itm/306972495027,PSA APR
Team Rocket,Dark Alakazam,1/82,1st Edition,PSA 10,2026-08-03,3900,USD,eBay,auction,FALSE,,44179974,,https://www.ebay.com/itm/407102450893,PSA APR
Team Rocket,Dark Alakazam,1/82,1st Edition,PSA 10,2026-05-28,3550,USD,eBay,auction,FALSE,,143864200,,https://www.ebay.com/itm/800041437872,PSA APR
Team Rocket,Dark Alakazam,1/82,1st Edition,PSA 10,2026-05-14,3250,USD,Heritage Auctions,auction,FALSE,,42203664,,https://comics.ha.com/itm/memorabilia/trading-cards/pokemon-dark-alakazam-1-1st-edition-team-rocket-psa-trading-card-game-gem-mint-10-wizards-of-the-coast-2000-rare-holo/a/43246-78076.s,PSA APR
Team Rocket,Dark Alakazam,1/82,1st Edition,PSA 10,2026-05-04,2880,USD,Fanatics Collect,auction,FALSE,,47580712,,https://www.fanaticscollect.com/weekly/4845479a-429c-11f1-81d4-0a58a9feac02,PSA APR
Team Rocket,Dark Alakazam,1/82,1st Edition,PSA 10,2026-05-04,2806,USD,Goldin Auctions,auction,FALSE,,28712096,,https://goldin.co/item/2000-pokemon-team-rocket-1st-edition-holo-1-dark-alakazam-psa-gem-mt-1lccjr,PSA APR
Team Rocket,Dark Alakazam,1/82,1st Edition,PSA 10,2026-04-11,3247.11,USD,eBay,auction,FALSE,,27615917,,https://www.ebay.com/itm/306856409142,PSA APR
Team Rocket,Dark Alakazam,1/82,1st Edition,PSA 10,2026-04-10,2850,USD,eBay,auction,FALSE,,45389911,,https://www.ebay.com/itm/377082772411,PSA APR
Team Rocket,Dark Alakazam,1/82,1st Edition,PSA 10,2026-04-06,3360,USD,Fanatics Collect,auction,FALSE,,41958005,,https://www.fanaticscollect.com/weekly/dcda4e30-1eef-11f1-a80d-0a58a9feac02,PSA APR
Team Rocket,Dark Alakazam,1/82,1st Edition,PSA 10,2026-03-09,3240,USD,Fanatics Collect,auction,FALSE,,29027219,,https://www.fanaticscollect.com/weekly/7ab608ae-1277-11f1-b7f7-0a58a9feac02,PSA APR
Team Rocket,Dark Alakazam,1/82,1st Edition,PSA 10,2026-02-23,3000,USD,Fanatics Collect,auction,FALSE,,24879854,,https://www.fanaticscollect.com/weekly/4b94b9a2-0765-11f1-a27b-023a0056c56f,PSA APR
Team Rocket,Dark Alakazam,1/82,1st Edition,PSA 10,2026-01-17,2500,USD,eBay,best offer,TRUE,,57130287,,https://www.ebay.com/itm/406598111954,PSA APR
Team Rocket,Dark Alakazam,1/82,1st Edition,PSA 10,2026-01-10,2200,USD,eBay,BIN,FALSE,,42880360,,https://www.ebay.com/itm/277620522612,PSA APR
Team Rocket,Dark Alakazam,1/82,1st Edition,PSA 10,2025-11-16,1666.14,USD,eBay,best offer,TRUE,,27342410,,https://www.ebay.com/itm/227057045165,PSA APR
Team Rocket,Dark Alakazam,1/82,1st Edition,PSA 10,2025-11-03,2200,USD,eBay,best offer,TRUE,,128390382,,https://www.ebay.com/itm/297733585965,PSA APR
Team Rocket,Dark Alakazam,1/82,1st Edition,PSA 10,2025-11-01,1325,USD,eBay,best offer,TRUE,,42880360,,https://www.ebay.com/itm/406341325466,PSA APR
Team Rocket,Dark Alakazam,1/82,1st Edition,PSA 10,2025-09-23,2200,USD,eBay,best offer,TRUE,,21355193,,https://www.ebay.com/itm/145298907000,PSA APR
Team Rocket,Dark Alakazam,1/82,1st Edition,PSA 10,2025-09-22,2190,USD,Fanatics Collect,auction,FALSE,,41958005,,https://www.fanaticscollect.com/weekly/725b9ea0-8d96-11f0-9f65-0a26ad63ce85,PSA APR
Team Rocket,Dark Alakazam,1/82,1st Edition,PSA 10,2025-09-19,2912.99,USD,eBay,BIN,FALSE,,21664742,,https://www.ebay.com/itm/157266205993,PSA APR
Team Rocket,Dark Alakazam,1/82,1st Edition,PSA 10,2025-09-12,1750,USD,eBay,best offer,TRUE,,57130287,,https://www.ebay.com/itm/127366020981,PSA APR
Team Rocket,Dark Alakazam,1/82,1st Edition,PSA 10,2025-09-11,1750,USD,eBay,best offer,TRUE,,57130287,,https://www.ebay.com/itm/127314643731,PSA APR
Team Rocket,Dark Alakazam,1/82,1st Edition,PSA 10,2025-07-18,1446.9,USD,eBay,best offer,TRUE,,115615075,,https://www.ebay.com/itm/406037123095,PSA APR
Team Rocket,Dark Alakazam,1/82,1st Edition,PSA 10,2025-07-01,1325,USD,eBay,auction,FALSE,,25649653,,https://www.ebay.com/itm/388624574593,PSA APR
Team Rocket,Dark Alakazam,1/82,1st Edition,PSA 10,2025-06-19,1299.99,USD,eBay,BIN,FALSE,,90966533,,https://www.ebay.com/itm/396757139369,PSA APR
Team Rocket,Dark Alakazam,1/82,1st Edition,PSA 10,2025-06-02,1140,USD,Fanatics Collect,auction,FALSE,,52112021,,https://www.fanaticscollect.com/weekly/a66eebe4-35b6-11f0-a699-0a6184eec5e1,PSA APR
Team Rocket,Dark Alakazam,1/82,1st Edition,PSA 10,2025-06-02,1110,USD,Fanatics Collect,auction,FALSE,,41934791,,https://www.fanaticscollect.com/weekly/b3ab2c2a-34bf-11f0-b39c-061017c7d157,PSA APR
Team Rocket,Dark Alakazam,1/82,1st Edition,PSA 10,2025-05-21,1192.42,USD,eBay,auction,FALSE,,18447133,,https://www.ebay.com/itm/267250245013,PSA APR
Team Rocket,Dark Alakazam,1/82,1st Edition,PSA 10,2025-03-19,1100,USD,eBay,best offer,TRUE,,54354764,,https://www.ebay.com/itm/296191001588,PSA APR
Team Rocket,Dark Alakazam,1/82,1st Edition,PSA 10,2025-03-16,1402,USD,eBay,auction,FALSE,,100083693,,https://www.ebay.com/itm/286390937072,PSA APR
Team Rocket,Dark Alakazam,1/82,1st Edition,PSA 10,2025-03-11,1000,USD,eBay,best offer,TRUE,,42200867,,https://www.ebay.com/itm/156729700526,PSA APR
Team Rocket,Dark Alakazam,1/82,1st Edition,PSA 10,2025-02-23,1000,USD,eBay,auction,FALSE,,44906061,,https://www.ebay.com/itm/226602348228,PSA APR
Team Rocket,Dark Alakazam,1/82,1st Edition,PSA 10,2025-02-22,950,USD,eBay,best offer,TRUE,,56559691,,https://www.ebay.com/itm/146370856758,PSA APR
Team Rocket,Dark Alakazam,1/82,1st Edition,PSA 10,2025-02-14,999.95,USD,eBay,BIN,FALSE,,45361686,,https://www.ebay.com/itm/275954851849,PSA APR
Team Rocket,Dark Alakazam,1/82,1st Edition,PSA 10,2025-02-07,950,USD,eBay,best offer,TRUE,,43994512,,https://www.ebay.com/itm/226580815335,PSA APR
Team Rocket,Dark Alakazam,1/82,1st Edition,PSA 10,2025-02-03,900,USD,eBay,best offer,TRUE,,28217030,,https://www.ebay.com/itm/126880345990,PSA APR
Team Rocket,Dark Alakazam,1/82,1st Edition,PSA 10,2025-02-01,1000,USD,eBay,BIN,FALSE,,27877223,,https://www.ebay.com/itm/267091118744,PSA APR
Team Rocket,Dark Alakazam,1/82,1st Edition,PSA 10,2025-01-26,780,USD,eBay,auction,FALSE,,26192377,,https://www.ebay.com/itm/286271744217,PSA APR
Team Rocket,Dark Alakazam,1/82,1st Edition,PSA 10,2025-01-15,700,USD,eBay,best offer,TRUE,,47008743,,https://www.ebay.com/itm/135476107244,PSA APR
Team Rocket,Dark Alakazam,1/82,1st Edition,PSA 10,2025-01-15,750,USD,eBay,best offer,TRUE,,22431931,,https://www.ebay.com/itm/266722540469,PSA APR
Team Rocket,Dark Alakazam,1/82,1st Edition,PSA 10,2025-01-05,1024.82,USD,eBay,BIN,FALSE,,28239789,,https://www.ebay.com/itm/316108222598,PSA APR
Team Rocket,Dark Alakazam,1/82,1st Edition,PSA 10,2024-12-02,710,USD,eBay,auction,FALSE,,47008743,,https://www.ebay.com/itm/176702133883,PSA APR
Team Rocket,Dark Alakazam,1/82,1st Edition,PSA 10,2024-10-10,880,USD,eBay,auction,FALSE,,44906061,,https://www.ebay.com/itm/395742255187,PSA APR
Team Rocket,Dark Alakazam,1/82,1st Edition,PSA 10,2024-09-29,671.97,USD,eBay,auction,FALSE,,41958004,,https://www.ebay.com/itm/286056780906,PSA APR
Team Rocket,Dark Alakazam,1/82,1st Edition,PSA 10,2024-09-26,1000,USD,eBay,auction,FALSE,,44906061,,https://www.ebay.com/itm/395687433574,PSA APR
Team Rocket,Dark Alakazam,1/82,1st Edition,PSA 10,2024-09-12,830,USD,eBay,auction,FALSE,,44906061,,https://www.ebay.com/itm/395646457867,PSA APR
Team Rocket,Dark Alakazam,1/82,1st Edition,PSA 10,2024-08-28,750,USD,eBay,auction,FALSE,,41522710,,https://www.ebay.com/itm/375602721704,PSA APR
Team Rocket,Dark Alakazam,1/82,1st Edition,PSA 10,2024-07-08,690,USD,eBay,auction,FALSE,,51155766,,https://www.ebay.com/itm/166848737514,PSA APR
Team Rocket,Dark Alakazam,1/82,1st Edition,PSA 10,2024-05-27,624,USD,eBay,auction,FALSE,,27042182,,https://www.ebay.com/itm/276466926581,PSA APR
Team Rocket,Dark Alakazam,1/82,1st Edition,PSA 10,2024-03-24,510,USD,eBay,auction,FALSE,,44375605,,https://www.ebay.com/itm/176285345797,PSA APR
