set,card_name,card_number,edition,grade,sale_date,price,currency,venue,sale_type,best_offer,accepted_price,cert_number,listing_title,listing_url,source
Neo Revelation,Ampharos,1/64,1st Edition,PSA 10,2026-02-25,95000,USD,Fanatics Collect,best offer,TRUE,,25826310,,https://www.fanaticscollect.com/buy-now/6402437d-632f-4907-8410-c469c182c726,PSA APR
Neo Revelation,Ampharos,1/64,1st Edition,PSA 10,2025-01-27,24999.99,USD,eBay,unknown,FALSE,,,Pokemon PSA 10 Gem Mint 1st Edition Neo Revelation Holo Ampharos 1/64 (JC) 1/64,https://www.ebay.es/itm/325864676730,PriceCharting
Neo Revelation,Ampharos,1/64,1st Edition,PSA 9,2026-09-01,1892.23,USD,eBay,unknown,FALSE,,,Ampharos Holo 1/64 PSA 9 1st Edition Neo Revelation Pokemon Swirl 1/64,https://www.ebay.es/itm/168656083223,PriceCharting
Neo Revelation,Ampharos,1/64,1st Edition,PSA 9,2026-08-30,1225.00,USD,eBay,unknown,FALSE,,,Pokemon Ampharos Holo Neo Revelation 1/64 1st Edition PSA 9 Mint #Jan-64,https://www.ebay.es/itm/287538830669,PriceCharting
Neo Revelation,Ampharos,1/64,1st Edition,PSA 9,2026-08-16,1575.00,USD,eBay,unknown,FALSE,,,Pokemon Ampharos Holo Neo Revelation 1/64 1st Edition PSA 9 Mint #Jan-64,https://www.ebay.es/itm/287511103127,PriceCharting
Neo Revelation,Ampharos,1/64,1st Edition,PSA 9,2026-07-22,1299.00,USD,eBay,unknown,FALSE,,,2001 POKEMON NEO REVELATION 1ST EDITION #1 AMPHAROS-HOLO PSA 9 #1,https://www.ebay.es/itm/178323169941,PriceCharting
Neo Revelation,Ampharos,1/64,1st Edition,PSA 9,2026-06-26,2700.00,USD,eBay,best offer,TRUE,2700.00,,2001 POKEMON NEO REVELATION 1ST EDITION #1 AMPHAROS-HOLO PSA 9 #1,https://www.ebay.es/itm/257503765631,PriceCharting
Neo Revelation,Ampharos,1/64,1st Edition,PSA 9,2026-06-23,1425.00,USD,eBay,unknown,FALSE,,,2002 Pokemon Neo Revelation 1st Edition #1 Ampharos Holo PSA 9 MINT,https://www.ebay.es/itm/366474947983,PriceCharting
Neo Revelation,Ampharos,1/64,1st Edition,PSA 9,2026-06-17,1400.00,USD,eBay,best offer,TRUE,1400.00,,2001 POKEMON NEO REVELATION 1ST EDITION #1 AMPHAROS-HOLO PSA 9 #1,https://www.ebay.es/itm/157953761541,PriceCharting
Neo Revelation,Ampharos,1/64,1st Edition,PSA 9,2026-06-07,1526.00,USD,eBay,unknown,FALSE,,,Pokemon Ampharos Neo Revelation 1st Edition Holo Rare #1 PSA 9 Mint,https://www.ebay.es/itm/287361549341,PriceCharting
Neo Revelation,Ampharos,1/64,1st Edition,PSA 9,2026-06-01,610.00,USD,eBay,unknown,FALSE,,,Pokemon Ampharos Neo Revelation 1st Edition Holo Rare #1 SCRATCHED SLAB PSA 9,https://www.ebay.es/itm/287344901386,PriceCharting
Neo Revelation,Ampharos,1/64,1st Edition,PSA 9,2026-04-21,2300.00,USD,eBay,unknown,FALSE,,,2001 POKEMON NEO REVELATION 1ST EDITION #1 AMPHAROS-HOLO PSA 9 #1,https://www.ebay.es/itm/298247105949,PriceCharting
Neo Revelation,Ampharos,1/64,1st Edition,PSA 9,2026-03-23,1825.00,USD,eBay,unknown,FALSE,,,Pokemon 2001 Ampharos 1/64 Holo Neo Revelation 1st Edition PSA 9 1/64,https://www.ebay.es/itm/406761954887,PriceCharting
Neo Revelation,Ampharos,1/64,1st Edition,PSA 9,2026-02-26,679.00,USD,eBay,best offer,TRUE,679.00,,2001 Pokemon Ampharos 1st Edition Neo Revelation Holo #1 PSA 9 MINT #1,https://www.ebay.es/itm/116380044718,PriceCharting
Neo Revelation,Ampharos,1/64,1st Edition,PSA 9,2026-02-23,560.00,USD,eBay,unknown,FALSE,,,PSA 9 MINT Ampharos 1/64 HOLO RARE 1st Edition Neo Revelation Pokemon Card 412 1/64,https://www.ebay.es/itm/357108832278,PriceCharting
Neo Revelation,Ampharos,1/64,1st Edition,PSA 9,2026-02-22,461.00,USD,eBay,unknown,FALSE,,,PSA 9 Ampharos 1st Edition Holo Neo Revelation #1 2001 Vintage Pokemon Card!,https://www.ebay.es/itm/389618316151,PriceCharting
Neo Revelation,Ampharos,1/64,1st Edition,PSA 9,2026-02-09,499.00,USD,eBay,unknown,FALSE,,,2001 POKEMON NEO REVELATION 1ST ED #1 AMPHAROS-HOLO PSA 9 #1,https://www.ebay.es/itm/298014987038,PriceCharting
Neo Revelation,Ampharos,1/64,1st Edition,PSA 9,2025-12-08,338.33,USD,eBay,unknown,FALSE,,,PSA 9 MINT 2001 Neo Revelation Ampharos 1/64 Holo Rare 1st Edition *2659 Pokemon,https://www.ebay.es/itm/286974147555,PriceCharting
Neo Revelation,Ampharos,1/64,1st Edition,PSA 9,2025-10-20,265.00,USD,eBay,unknown,FALSE,,,PSA 9 MINT Ampharos 1/64 HOLO RARE 1st Edition Neo Revelation Pokemon Card 412,https://www.ebay.es/itm/277432717628,PriceCharting
Neo Revelation,Ampharos,1/64,1st Edition,PSA 9,2025-10-02,283.46,USD,eBay,unknown,FALSE,,,2001 POKEMON NEO REVELATION 1ST EDITION #1/64 AMPHAROS HOLO PSA 9 1/64,https://www.ebay.es/itm/205744911867,PriceCharting
Neo Revelation,Ampharos,1/64,1st Edition,PSA 8,2026-09-22,333.65,USD,eBay,best offer,TRUE,330.78,,Ampharos 1/64 Pokemon Neo Revelation 1st Edition PSA 8 1/64,https://www.ebay.es/itm/128002319090,PriceCharting
Neo Revelation,Ampharos,1/64,1st Edition,PSA 8,2026-08-16,311.37,USD,eBay,unknown,FALSE,,,PSA 8 AMPHAROS 1/64 | Neo Revelation 1st Edition WOTC Holo Pokemon Card 1/64,https://www.ebay.es/itm/327308981977,PriceCharting
Neo Revelation,Ampharos,1/64,1st Edition,PSA 8,2026-07-14,355.00,USD,eBay,unknown,FALSE,,,2001 Pokemon Neo Revelation: 1st Ed Ampharos Holo #01 PSA 8 Eng (SWIRL ON TAIL) 01/64,https://www.ebay.es/itm/398103439026,PriceCharting
Neo Revelation,Ampharos,1/64,1st Edition,PSA 8,2026-06-25,230.00,USD,eBay,unknown,FALSE,,,2001 POKEMON NEO REVELATION #1 AMPHAROS-HOLO 1ST EDITION PSA 8 #1,https://www.ebay.es/itm/358703039633,PriceCharting
Neo Revelation,Ampharos,1/64,1st Edition,PSA 8,2026-06-25,247.50,USD,eBay,unknown,FALSE,,,2001 Pokemon Neo Revelation 1st Edition #1 Ampharos Holo PSA 8 NM-MT,https://www.ebay.es/itm/377272658768,PriceCharting
Neo Revelation,Ampharos,1/64,1st Edition,PSA 8,2026-06-24,248.50,USD,eBay,unknown,FALSE,,,2001 Pokemon Neo Revelation 1st Edition #1 Ampharos Holo PSA 8 NM-MT,https://www.ebay.es/itm/800192761357,PriceCharting
Neo Revelation,Ampharos,1/64,1st Edition,PSA 8,2026-05-25,380.00,USD,eBay,unknown,FALSE,,,2001 POKEMON NEO REVELATION 1ST EDITION #1 AMPHAROS-HOLO PSA 8 #1,https://www.ebay.es/itm/298309171787,PriceCharting
Neo Revelation,Ampharos,1/64,1st Edition,PSA 8,2026-04-11,263.00,USD,eBay,unknown,FALSE,,,2001 POKEMON NEO REVELATION 1ST EDITION #1 AMPHAROS-HOLO PSA 8 #1,https://www.ebay.es/itm/306857332774,PriceCharting
Neo Revelation,Ampharos,1/64,1st Edition,PSA 8,2026-03-31,280.89,USD,eBay,unknown,FALSE,,,Ampharos Neo Revelation 1st Edition 1/64 Pokemon Card PSA 8,https://www.ebay.es/itm/165042891944,PriceCharting
Neo Revelation,Ampharos,1/64,1st Edition,PSA 8,2026-03-23,273.00,USD,eBay,unknown,FALSE,,,Pokemon 2001 Ampharos 1/64 Holo 1st Edition Neo Revelation PSA 8 1/64,https://www.ebay.es/itm/406761957526,PriceCharting
Neo Revelation,Ampharos,1/64,1st Edition,PSA 8,2026-03-02,250.00,USD,eBay,unknown,FALSE,,,2001 POKEMON 1st ed Neo Revelation Ampharos #1 PSA 8,https://www.ebay.es/itm/354274063606,PriceCharting
Neo Revelation,Ampharos,1/64,1st Edition,PSA 8,2026-03-01,200.00,USD,eBay,unknown,FALSE,,,2001 POKEMON NEO REVELATION 1ST ED #1 AMPHAROS-HOLO PSA 8 #1,https://www.ebay.es/itm/298078719199,PriceCharting
Neo Revelation,Ampharos,1/64,1st Edition,PSA 8,2026-01-30,150.00,USD,eBay,best offer,TRUE,150.00,,2001 POKEMON NEO REVELATION 1ST ED #1 AMPHAROS-HOLO PSA 8 #1,https://www.ebay.es/itm/306728046710,PriceCharting
Neo Revelation,Ampharos,1/64,1st Edition,PSA 8,2026-01-27,175.00,USD,eBay,unknown,FALSE,,,Pokemon Ampharos Neo Revelation 1st Edition Holo Rare #1 PSA 8,https://www.ebay.es/itm/287074691461,PriceCharting
Neo Revelation,Ampharos,1/64,1st Edition,PSA 8,2026-01-16,199.99,USD,eBay,unknown,FALSE,,,2001 Pokemon Neo Revelation #1 Ampharos Holo 1st Edition PSA 8 Swirl #1,https://www.ebay.es/itm/177777730903,PriceCharting
Neo Revelation,Ampharos,1/64,Unlimited,PSA 9,2026-06-12,374.69,USD,eBay,unknown,FALSE,,,2001 WOTC POKEMON NEO REVELATION UNLIMITED AMPHAROS 1/64 HOLO RARE PSA 9 MINT 01/64,https://www.ebay.es/itm/358579658070,PriceCharting
Neo Revelation,Ampharos,1/64,Unlimited,PSA 9,2026-04-06,306.17,USD,eBay,unknown,FALSE,,,AMPHAROS HOLO #1 PSA 9 MINT 2001 POKÉMON NEO REVELATION VINTAGE GEN II SWIRL 01/64,https://www.ebay.es/itm/327076691153,PriceCharting
Neo Revelation,Ampharos,1/64,Unlimited,PSA 9,2026-03-19,375.66,USD,eBay,unknown,FALSE,,,2001 Pokemon Neo Revelation - Ampharos Holo #1 MINT PSA 9,https://www.ebay.es/itm/135175821010,PriceCharting
Neo Revelation,Ampharos,1/64,Unlimited,PSA 9,2026-02-27,177.50,USD,eBay,unknown,FALSE,,,2001 Pokemon Neo Revelation Ampharos Holo #1/64 PSA 9,https://www.ebay.es/itm/376981658500,PriceCharting
Neo Revelation,Ampharos,1/64,Unlimited,PSA 9,2026-01-26,255.00,USD,eBay,unknown,FALSE,,,Pokemon Ampharos Neo Revelation Unlimited Holo Rare #1 PSA 9 Mint,https://www.ebay.es/itm/287079499721,PriceCharting
Neo Revelation,Ampharos,1/64,Unlimited,PSA 9,2025-12-30,90.00,USD,eBay,unknown,FALSE,,,Pokemon Neo Revelation Ampharos Holo 2001 #1/64 PSA 9 01/64,https://www.ebay.es/itm/376816253781,PriceCharting
Neo Revelation,Ampharos,1/64,Unlimited,PSA 9,2025-11-22,102.50,USD,eBay,unknown,FALSE,,,Ampharos Holo #1 PSA 9 MINT 2001 Pokémon Neo Revelation Vintage Gen II SWIRL #1,https://www.ebay.es/itm/326864366195,PriceCharting
Neo Revelation,Ampharos,1/64,Unlimited,PSA 9,2025-10-03,86.00,USD,eBay,unknown,FALSE,,,Pokemon Neo Revelation Ampharos Holo 2001 #1/64 PSA 9 01/64,https://www.ebay.es/itm/127396327851,PriceCharting
Neo Revelation,Ampharos,1/64,Unlimited,PSA 9,2025-09-29,81.50,USD,eBay,unknown,FALSE,,,2001 Pokemon Neo Revelation - Ampharos Holo #1 Mint PSA 9 Holo Swirl #1,https://www.ebay.es/itm/389006207779,PriceCharting
Neo Revelation,Ampharos,1/64,Unlimited,PSA 9,2025-07-20,201.50,USD,eBay,unknown,FALSE,,,PSA 9 Ampharos Unlimited Neo Revelation 1/64 Pokemon Card MINT Holo,https://www.ebay.es/itm/156180425128,PriceCharting
Neo Revelation,Ampharos,1/64,Unlimited,PSA 9,2025-06-28,99.95,USD,eBay,unknown,FALSE,,,PSA 9 Pokémon TCG Ampharos 01/64 Neo Revelation Holo Rare 01/64,https://www.ebay.es/itm/356964198994,PriceCharting
Neo Revelation,Ampharos,1/64,Unlimited,PSA 9,2025-06-27,78.00,USD,eBay,unknown,FALSE,,,2001 Pokemon Neo Revelation #1 Ampharos Holo PSA 9 MINT,https://www.ebay.es/itm/388607921082,PriceCharting
Neo Revelation,Ampharos,1/64,Unlimited,PSA 9,2025-06-18,101.00,USD,eBay,unknown,FALSE,,,2001 Pokemon Neo Revelation Ampharos Holo #1/64 PSA 9,https://www.ebay.es/itm/376333436249,PriceCharting
Neo Revelation,Ampharos,1/64,Unlimited,PSA 9,2025-06-10,145.99,USD,eBay,unknown,FALSE,,,Pokemon TCG Ampharos 1/64 Holo Neo Revelation 2001 Mint PSA 9,https://www.ebay.es/itm/256947590354,PriceCharting
Neo Revelation,Ampharos,1/64,Unlimited,PSA 9,2025-06-03,125.00,USD,eBay,unknown,FALSE,,,Pokemon Ampharos Neo Revelation Unlimited Holo Rare #1 PSA 9 Mint,https://www.ebay.es/itm/286409979075,PriceCharting
Neo Revelation,Ampharos,1/64,Unlimited,PSA 9,2025-06-02,150.00,USD,eBay,unknown,FALSE,,,Pokemon Neo Revelation Ampharos 1/64 PSA 9 1/64,https://www.ebay.es/itm/316596950257,PriceCharting
Neo Revelation,Ampharos,1/64,Unlimited,PSA 9,2025-02-16,73.00,USD,eBay,unknown,FALSE,,,2001 POKEMON NEO REVELATION HOLO #1 AMPHAROS PSA 9 #1,https://www.ebay.es/itm/306095728085,PriceCharting
Neo Revelation,Ampharos,1/64,Unlimited,PSA 8,2026-07-17,104.00,USD,eBay,best offer,TRUE,104.00,,2001 Pokemon Neo Revelation Ampharos 1/64 Holo Rare PSA 8 NM/MINT 01/64,https://www.ebay.es/itm/267722690352,PriceCharting
Neo Revelation,Ampharos,1/64,Unlimited,PSA 8,2026-06-19,120.00,USD,eBay,unknown,FALSE,,,PSA 8 Neo Revelation Unlimited Ampharos 2001 1/64 Holo Pokemon Card SWIRL 01/64,https://www.ebay.es/itm/117254469694,PriceCharting
Neo Revelation,Ampharos,1/64,Unlimited,PSA 8,2026-06-01,85.44,USD,eBay,unknown,FALSE,,,Pokemon Ampharos Neo Revelation Unlimited Holo Rare #1 PSA 8,https://www.ebay.es/itm/287344901367,PriceCharting
Neo Revelation,Ampharos,1/64,Unlimited,PSA 8,2026-05-07,105.00,USD,eBay,unknown,FALSE,,,Pokemon Ampharos Neo Revelation Unlimited Holo Rare #1 PSA 8,https://www.ebay.es/itm/287305557836,PriceCharting
Neo Revelation,Ampharos,1/64,Unlimited,PSA 8,2026-04-24,105.00,USD,eBay,unknown,FALSE,,,Pokemon Ampharos Neo Revelation Unlimited Holo Rare #1 PSA 8,https://www.ebay.es/itm/287248916211,PriceCharting
Neo Revelation,Ampharos,1/64,Unlimited,PSA 8,2026-04-19,92.51,USD,eBay,unknown,FALSE,,,2001 POKEMON NEO REVELATION #1 AMPHAROS-HOLO PSA 8 #1,https://www.ebay.es/itm/306865401754,PriceCharting
Neo Revelation,Ampharos,1/64,Unlimited,PSA 8,2026-03-17,85.00,USD,eBay,unknown,FALSE,,,2001 Pokémon Neo Revelation Holo Rare Ampharos 1/64 PSA 8 01/64,https://www.ebay.es/itm/397662563563,PriceCharting
Neo Revelation,Ampharos,1/64,Unlimited,PSA 8,2026-02-19,80.00,USD,eBay,best offer,TRUE,80.00,,AMPHAROS Neo Revelation Holo Rare #1 PSA 8 Vintage Pokemon *SWIRL* [Nostalgium],https://www.ebay.es/itm/336421167271,PriceCharting
Neo Revelation,Ampharos,1/64,Unlimited,PSA 8,2026-02-15,67.00,USD,eBay,unknown,FALSE,,,Pokemon Ampharos Neo Revelation Unlimited Holo Rare #1 PSA 8,https://www.ebay.es/itm/287121862072,PriceCharting
Neo Revelation,Ampharos,1/64,Unlimited,PSA 8,2025-10-30,87.55,USD,eBay,unknown,FALSE,,,Ampharos Holo - 1/64 - Neo Revelation Vintage WOTC Pokémon Card - PSA 8 #1,https://www.ebay.es/itm/127457393309,PriceCharting
Neo Revelation,Ampharos,1/64,Unlimited,PSA 8,2025-10-30,56.00,USD,eBay,unknown,FALSE,,,2001 POKEMON NEO REVELATION #1 AMPHAROS-HOLO PSA 8 #1,https://www.ebay.es/itm/116831533572,PriceCharting
Neo Revelation,Ampharos,1/64,Unlimited,PSA 8,2025-08-15,66.00,USD,eBay,unknown,FALSE,,,2001 Pokemon Neo Revelation #1 Ampharos Holo PSA 8 NM-MT,https://www.ebay.es/itm/376464327577,PriceCharting
Neo Revelation,Blissey,2/64,1st Edition,PSA 10,2026-03-23,60000,USD,Fanatics Collect,auction,FALSE,,19366302,,https://www.fanaticscollect.com/weekly/36cd8c38-0571-11f1-8ff7-0a58a9feac02,PSA APR
Neo Revelation,Blissey,2/64,1st Edition,PSA 10,2025-06-16,11000.00,USD,eBay,unknown,FALSE,,,Pokemon PSA 10 Gem Mint 1st Edition Neo Revelation Holo Blissey 2/64 (JC) 2/64,https://www.ebay.es/itm/325864678918,PriceCharting
Neo Revelation,Blissey,2/64,1st Edition,PSA 9,2026-08-30,1050.00,USD,eBay,unknown,FALSE,,,Pokemon Blissey Holo Neo Revelation 2/64 1st Edition PSA 9 Mint #Feb-64,https://www.ebay.es/itm/287538711824,PriceCharting
Neo Revelation,Blissey,2/64,1st Edition,PSA 9,2026-08-30,1300.00,USD,eBay,unknown,FALSE,,,2001 PM POKEMON NEO REVELATION 1ST EDITION #2 BLISSEY-HOLO PSA 9 RARE #2,https://www.ebay.es/itm/267758135159,PriceCharting
Neo Revelation,Blissey,2/64,1st Edition,PSA 9,2026-08-27,1000.00,USD,eBay,best offer,TRUE,,,2001 POKEMON NEO REVELATION 1ST EDITION #2 BLISSEY-HOLO PSA 9 #2,https://www.ebay.es/itm/358846111661,PriceCharting
Neo Revelation,Blissey,2/64,1st Edition,PSA 9,2026-08-17,763.00,USD,eBay,unknown,FALSE,,,Pokemon Blissey Holo Neo Revelation 2/64 1st Edition PSA 9 Mint #Feb-64,https://www.ebay.es/itm/287511103167,PriceCharting
Neo Revelation,Blissey,2/64,1st Edition,PSA 9,2026-07-24,1000.00,USD,eBay,unknown,FALSE,,,2001 POKEMON NEO REVELATION 1ST EDITION #2 BLISSEY-HOLO PSA 9 #2,https://www.ebay.es/itm/407080743861,PriceCharting
Neo Revelation,Blissey,2/64,1st Edition,PSA 9,2026-06-06,999.99,USD,eBay,unknown,FALSE,,,PSA 9 MINT Blissey 2/64 HOLO RARE Neo Revelation 1ST EDITION Pokemon Card,https://www.ebay.es/itm/277878430429,PriceCharting
Neo Revelation,Blissey,2/64,1st Edition,PSA 9,2026-03-21,451.19,USD,eBay,unknown,FALSE,,,Blissey Holo Pokemon Card | 1st Edition Neo Revelation 2/64 | MINT PSA 9,https://www.ebay.es/itm/225116057494,PriceCharting
Neo Revelation,Blissey,2/64,1st Edition,PSA 9,2026-03-20,500.00,USD,eBay,unknown,FALSE,,,Neo Revelation 1st Edition Pokemon Blissey Holo 2/64 PSA 9 MINT 2001 #2,https://www.ebay.es/itm/116380046141,PriceCharting
Neo Revelation,Blissey,2/64,1st Edition,PSA 9,2026-03-16,425.00,USD,eBay,best offer,TRUE,425.00,,2001 POKEMON PSA 9 MINT NEO REVELATION 1ST EDITION #2 BLISSEY-HOLO #2,https://www.ebay.es/itm/388713465392,PriceCharting
Neo Revelation,Blissey,2/64,1st Edition,PSA 9,2026-03-08,425.00,USD,eBay,unknown,FALSE,,,Pokemon Blissey Neo Revelation 1st Edition Holo Rare #2 PSA 9 Mint,https://www.ebay.es/itm/286754069957,PriceCharting
Neo Revelation,Blissey,2/64,1st Edition,PSA 9,2026-03-05,385.00,USD,eBay,unknown,FALSE,,,2001 POKEMON NEO REVELATION 1ST ED #2 BLISSEY-HOLO PSA 9 #2,https://www.ebay.es/itm/297982780910,PriceCharting
Neo Revelation,Blissey,2/64,1st Edition,PSA 9,2026-03-04,395.00,USD,eBay,unknown,FALSE,,,2001 POKEMON NEO REVELATION 1ST ED #2 BLISSEY-HOLO PSA 9 #2,https://www.ebay.es/itm/116967151260,PriceCharting
Neo Revelation,Blissey,2/64,1st Edition,PSA 9,2026-03-02,375.00,USD,eBay,unknown,FALSE,,,PSA 9 Blissey Holo 1st Edition 2/64 Neo Revelation Pokemon 02/64,https://www.ebay.es/itm/227221665527,PriceCharting
Neo Revelation,Blissey,2/64,1st Edition,PSA 9,2026-02-10,369.00,USD,eBay,unknown,FALSE,,,PSA 9 Blissey Holo 1st Edition 2/64 Neo Revelation Pokemon 02/64,https://www.ebay.es/itm/297976320540,PriceCharting
Neo Revelation,Blissey,2/64,1st Edition,PSA 9,2025-11-20,250.00,USD,eBay,unknown,FALSE,,,Pokemon Blissey Neo Revelation 1st Edition Holo Rare #2 PSA 9 Mint,https://www.ebay.es/itm/286742619738,PriceCharting
Neo Revelation,Blissey,2/64,1st Edition,PSA 9,2025-11-03,405.00,USD,eBay,unknown,FALSE,,,Pokemon Blissey Neo Revelation 1st Edition Holo Rare #2 PSA 9 Mint,https://www.ebay.es/itm/286892910161,PriceCharting
Neo Revelation,Blissey,2/64,1st Edition,PSA 9,2025-10-14,205.50,USD,eBay,unknown,FALSE,,,2001 Pokemon Neo Revelation 1st Edition #2 Blissey Holo PSA 9 MINT,https://www.ebay.es/itm/389047067466,PriceCharting
Neo Revelation,Blissey,2/64,1st Edition,PSA 9,2025-10-01,365.98,USD,eBay,unknown,FALSE,,,Blissey 2/64 Neo Revelation 1st Edition Holo Rare Pokemon Card PSA 9 MINT,https://www.ebay.es/itm/225503924145,PriceCharting
Neo Revelation,Blissey,2/64,1st Edition,PSA 9,2025-09-26,225.50,USD,eBay,unknown,FALSE,,,2001 Pokemon Neo Revelation 1st Edition #2 Blissey Holo PSA 9 MINT,https://www.ebay.es/itm/376559426251,PriceCharting
Neo Revelation,Blissey,2/64,1st Edition,PSA 9,2025-08-17,320.00,USD,eBay,unknown,FALSE,,,Pokemon Blissey Neo Revelation 1st Edition Holo Rare #2 PSA 9 Mint,https://www.ebay.es/itm/286752480498,PriceCharting
Neo Revelation,Blissey,2/64,1st Edition,PSA 8,2026-09-23,218.58,USD,eBay,unknown,FALSE,,,WED 23/09 Blissey Holo 2/64 1st Edition Neo Revelation Pokemon PSA 8 2/64,https://www.ebay.es/itm/198657515134,PriceCharting
Neo Revelation,Blissey,2/64,1st Edition,PSA 8,2026-09-03,170.00,USD,eBay,best offer,TRUE,170.00,,Blissey 2/64 1st Edition Swirl Holo Rare Neo Revelation Pokemon Tcg PSA 8 NM-MT 2/64,https://www.ebay.es/itm/326992176186,PriceCharting
Neo Revelation,Blissey,2/64,1st Edition,PSA 8,2026-08-05,225.00,USD,eBay,best offer,TRUE,225.00,,PSA 8 2001 Pokemon Neo Revelation Blissey Holo Rare 1st Ed 02/64 120 HP 02/64,https://www.ebay.es/itm/377304896627,PriceCharting
Neo Revelation,Blissey,2/64,1st Edition,PSA 8,2026-06-23,274.99,USD,eBay,unknown,FALSE,,,2001 Pokemon Neo Revelation - Blissey 1st Edition Holo 2/64 PSA 8 02/64,https://www.ebay.es/itm/406789231581,PriceCharting
Neo Revelation,Blissey,2/64,1st Edition,PSA 8,2026-05-06,190.10,USD,eBay,best offer,TRUE,183.20,,Pokemon TCG - Blissey 2/64 Neo Revelation Holo 1st Edition PSA 8,https://www.ebay.es/itm/377065053979,PriceCharting
Neo Revelation,Blissey,2/64,1st Edition,PSA 8,2026-04-26,155.51,USD,eBay,unknown,FALSE,,,Pokemon Blissey Neo Revelation 1st Edition Holo Rare #2 PSA 8,https://www.ebay.es/itm/287278207178,PriceCharting
Neo Revelation,Blissey,2/64,1st Edition,PSA 8,2026-04-17,185.00,USD,eBay,best offer,TRUE,185.00,,Pokemon TCG - Blissey 2/64 Neo Revelation Holo 1st Edition PSA 8 2/64,https://www.ebay.es/itm/198261097950,PriceCharting
Neo Revelation,Blissey,2/64,1st Edition,PSA 8,2026-04-15,199.99,USD,eBay,unknown,FALSE,,,2001 POKEMON NEO REVELATION 1ST ED #2 BLISSEY-HOLO PSA 8 #2,https://www.ebay.es/itm/298206458267,PriceCharting
Neo Revelation,Blissey,2/64,1st Edition,PSA 8,2026-04-02,175.00,USD,eBay,unknown,FALSE,,,Blissey 02/64 Neo Revelation Holo SWIRL 1ST EDITION POKEMON 2001 PSA 8 02/64,https://www.ebay.es/itm/377036967823,PriceCharting
Neo Revelation,Blissey,2/64,1st Edition,PSA 8,2026-03-15,154.50,USD,eBay,unknown,FALSE,,,2001 POKEMON NEO REVELATION 1ST EDITION #2 BLISSEY-HOLO PSA 8 #2,https://www.ebay.es/itm/306807480551,PriceCharting
Neo Revelation,Blissey,2/64,1st Edition,PSA 8,2026-03-03,140.00,USD,eBay,best offer,TRUE,,,2001 Pokémon Neo Revelation Holo Rare Blissey First Edition 2/64 PSA 8 02/64,https://www.ebay.es/itm/397665453503,PriceCharting
Neo Revelation,Blissey,2/64,1st Edition,PSA 8,2026-02-22,150.00,USD,eBay,best offer,TRUE,150.00,,Pokémon Blissey 1st Edition Neo Revelation Holo 2/64 Swirl PSA 8 (55921133) 2/64,https://www.ebay.es/itm/167912737574,PriceCharting
Neo Revelation,Blissey,2/64,1st Edition,PSA 8,2026-01-29,145.00,USD,eBay,unknown,FALSE,,,Pokemon Blissey Neo Revelation 1st Edition Holo Rare #2 PSA 8,https://www.ebay.es/itm/287074691456,PriceCharting
Neo Revelation,Blissey,2/64,1st Edition,PSA 8,2026-01-20,135.00,USD,eBay,unknown,FALSE,,,2001 Pokemon Neo Revelation 1st Edition Blissey Holo #2 NM -MINT PSA 8 SWIRL 02/64,https://www.ebay.es/itm/397484295056,PriceCharting
Neo Revelation,Blissey,2/64,1st Edition,PSA 8,2026-01-13,122.45,USD,eBay,unknown,FALSE,,,Pokemon Blissey Neo Revelation 1st Edition Holo Rare #2 PSA 8,https://www.ebay.es/itm/396909188886,PriceCharting
Neo Revelation,Blissey,2/64,Unlimited,PSA 10,2025-11-02,210.00,USD,eBay,unknown,FALSE,,,Pokemon Blissey Holo 2001 Neo Revelation 2/64 PSA 10 Pokemon Card,https://www.ebay.es/itm/205756029037,PriceCharting
Neo Revelation,Blissey,2/64,Unlimited,PSA 9,2026-09-21,299.99,USD,eBay,unknown,FALSE,,,Blissey Holo 2/64 PSA 9 Neo Revelation Pokemon Card Game 2/64,https://www.ebay.es/itm/327367828292,PriceCharting
Neo Revelation,Blissey,2/64,Unlimited,PSA 9,2026-07-13,122.50,USD,eBay,unknown,FALSE,,,Pokemon Blissey Holo Neo Revelation Unlimited 2/64 PSA 9 Mint #Feb-64,https://www.ebay.es/itm/287433884675,PriceCharting
Neo Revelation,Blissey,2/64,Unlimited,PSA 9,2026-06-27,288.40,USD,eBay,unknown,FALSE,,,Pokémon Blissey Neo Revelation Holo Rare PSA 9 2/64 English 2001 Unlimited,https://www.ebay.es/itm/406750388791,PriceCharting
Neo Revelation,Blissey,2/64,Unlimited,PSA 9,2026-03-15,171.00,USD,eBay,unknown,FALSE,,,Pokémon Blissey Neo Revelation Holo Rare PSA 9 2/64 English 2001 Unlimited 02/64,https://www.ebay.es/itm/389717459604,PriceCharting
Neo Revelation,Blissey,2/64,Unlimited,PSA 9,2026-02-02,149.99,USD,eBay,unknown,FALSE,,,BLISSEY 2/64 Unlimited Neo Revelation Holo Rare Pokemon Card PSA 9 MINT 2/64,https://www.ebay.es/itm/404027986742,PriceCharting
Neo Revelation,Blissey,2/64,Unlimited,PSA 9,2025-12-28,175.00,USD,eBay,unknown,FALSE,,,Pokemon Blissey Neo Revelation Unlimited Holo Rare #2 PSA 9 Mint,https://www.ebay.es/itm/286409979152,PriceCharting
Neo Revelation,Blissey,2/64,Unlimited,PSA 9,2025-12-14,175.00,USD,eBay,unknown,FALSE,,,Pokemon Blissey Neo Revelation Unlimited Holo Rare #2 PSA 9 Mint,https://www.ebay.es/itm/286958867229,PriceCharting
Neo Revelation,Blissey,2/64,Unlimited,PSA 9,2025-11-17,50.00,USD,eBay,unknown,FALSE,,,Pokemon Blissey Neo Revelation Unlimited Holo Rare #2 PSA 9 Mint,https://www.ebay.es/itm/286921881214,PriceCharting
Neo Revelation,Blissey,2/64,Unlimited,PSA 9,2025-09-08,86.00,USD,eBay,unknown,FALSE,,,Pokemon Blissey Neo Revelation Unlimited Holo Rare #2 PSA 9 Mint,https://www.ebay.es/itm/286791259752,PriceCharting
Neo Revelation,Blissey,2/64,Unlimited,PSA 9,2025-08-10,85.00,USD,eBay,unknown,FALSE,,,Pokemon Blissey Neo Revelation Unlimited Holo Rare #2 PSA 9 Mint,https://www.ebay.es/itm/286739114135,PriceCharting
Neo Revelation,Blissey,2/64,Unlimited,PSA 9,2024-10-13,112.50,USD,eBay,unknown,FALSE,,,Pokemon Blissey Neo Revelation Unlimited Holo Rare #2 PSA 9 Mint,https://www.ebay.es/itm/286090752303,PriceCharting
Neo Revelation,Blissey,2/64,Unlimited,PSA 8,2026-09-30,120.50,USD,eBay,unknown,FALSE,,,The Pokémon Company Blissey #02/64 PSA 8 Holo Neo Revelation Unlimited EN 2001 02/64,https://www.ebay.es/itm/366686091299,PriceCharting
Neo Revelation,Blissey,2/64,Unlimited,PSA 8,2026-09-27,115.00,USD,eBay,best offer,TRUE,115.00,,2001 Pokemon Neo Revelation #2 Blissey Holo PSA 8 NM-MT #2,https://www.ebay.es/itm/178424059403,PriceCharting
Neo Revelation,Blissey,2/64,Unlimited,PSA 8,2026-09-03,130.00,USD,eBay,unknown,FALSE,,,2001 Pokemon Neo Revelation Blissey Holo PSA 8 2 #2,https://www.ebay.es/itm/267751454387,PriceCharting
Neo Revelation,Blissey,2/64,Unlimited,PSA 8,2026-08-18,116.50,USD,eBay,unknown,FALSE,,,2001 Pokemon Neo Revelation #2 Blissey Holo PSA 8 NM-MT,https://www.ebay.es/itm/377408776586,PriceCharting
Neo Revelation,Blissey,2/64,Unlimited,PSA 8,2026-06-09,119.99,USD,eBay,unknown,FALSE,,,PSA 8 NM-MINT Blissey 2/64 HOLO RARE Neo Revelation Pokemon Card,https://www.ebay.es/itm/277878512366,PriceCharting
Neo Revelation,Blissey,2/64,Unlimited,PSA 8,2026-06-06,105.00,USD,eBay,unknown,FALSE,,,Pokemon Blissey Neo Revelation Unlimited Holo Rare #2 PSA 8,https://www.ebay.es/itm/287248916266,PriceCharting
Neo Revelation,Blissey,2/64,Unlimited,PSA 8,2026-06-01,82.00,USD,eBay,unknown,FALSE,,,Pokemon Blissey Neo Revelation Unlimited Holo Rare #2 PSA 8,https://www.ebay.es/itm/287344901321,PriceCharting
Neo Revelation,Blissey,2/64,Unlimited,PSA 8,2026-05-11,95.00,USD,eBay,best offer,TRUE,95.00,,Pokemon - 2/64 Blissey Holo PSA 8 Neo Revelation Near Mint 02/64,https://www.ebay.es/itm/178123355742,PriceCharting
Neo Revelation,Blissey,2/64,Unlimited,PSA 8,2026-05-03,109.95,USD,eBay,unknown,FALSE,,,Pokemon - 2/64 Blissey Holo PSA 8 Neo Revelation Near Mint 02/64,https://www.ebay.es/itm/397904268811,PriceCharting
Neo Revelation,Blissey,2/64,Unlimited,PSA 8,2026-02-27,50.00,USD,eBay,best offer,TRUE,50.00,,Pokémon TCG Blissey Holo Rare Card 2/64 Neo Revelation 2001 Unlimited PSA 8 02/64,https://www.ebay.es/itm/397551091253,PriceCharting
Neo Revelation,Blissey,2/64,Unlimited,PSA 8,2026-02-08,55.00,USD,eBay,unknown,FALSE,,,Blissey Holo PSA 8 P.M. Neo Revelation Pokemon 2001 2/64 02/64,https://www.ebay.es/itm/227188812948,PriceCharting
Neo Revelation,Blissey,2/64,Unlimited,PSA 8,2026-02-02,59.99,USD,eBay,unknown,FALSE,,,PSA 8 Pokemon 2001 Neo Revelation Blissey Holo #2 #2,https://www.ebay.es/itm/187671870550,PriceCharting
Neo Revelation,Blissey,2/64,Unlimited,PSA 8,2025-11-17,34.00,USD,eBay,unknown,FALSE,,,PSA 8 NM-MT NEO REVELATION Blissey 2/64 Holo Rare Unlimited *9256 Pokemon 02/64,https://www.ebay.es/itm/286911741163,PriceCharting
Neo Revelation,Blissey,2/64,Unlimited,PSA 8,2025-10-28,53.00,USD,eBay,unknown,FALSE,,,2001 POKEMON NEO REVELATION #2 BLISSEY-HOLO PSA 8 #2,https://www.ebay.es/itm/297696336210,PriceCharting
Neo Revelation,Blissey,2/64,Unlimited,PSA 8,2025-10-17,60.55,USD,eBay,unknown,FALSE,,,2001 POKEMON PSA 8 NM-MT NEO REVELATION #2 BLISSEY-HOLO #2,https://www.ebay.es/itm/127422332512,PriceCharting
Neo Revelation,Blissey,2/64,Unlimited,PSA 8,2025-09-05,36.00,USD,eBay,unknown,FALSE,,,Pokémon TCG Blissey Neo Revelation Holo Rare Card 2/64 PSA 8 02/64,https://www.ebay.es/itm/136382170554,PriceCharting
Neo Revelation,Blissey,2/64,Unlimited,PSA 8,2025-07-01,60.00,USD,eBay,unknown,FALSE,,,Pokemon PSA 8 Blissey Neo Revelation Holo Rare 02/64,https://www.ebay.es/itm/146668740994,PriceCharting
Neo Revelation,Blissey,2/64,Unlimited,PSA 8,2025-06-26,95.00,USD,eBay,unknown,FALSE,,,2001 POKEMON PSA 8 NM-MT NEO REVELATION #2 BLISSEY-HOLO #2,https://www.ebay.es/itm/256988130668,PriceCharting
Neo Revelation,Blissey,2/64,Unlimited,PSA 8,2025-06-25,56.00,USD,eBay,unknown,FALSE,,,2001 TCG Pokemon Blissey #2 | Holo | Neo Revelation | PSA 8 NM-MT #2,https://www.ebay.es/itm/365681524770,PriceCharting
Neo Revelation,Celebi,3/64,1st Edition,PSA 10,2026-09-11,684.56,USD,eBay,unknown,FALSE,,,2001 Pokemon Neo Revelation 1st Edition Holo Celebi #3 PSA 10 GEM MINT,https://www.ebay.es/itm/188917437352,PriceCharting
Neo Revelation,Celebi,3/64,1st Edition,PSA 10,2026-09-03,8500.00,USD,eBay,unknown,FALSE,,,2001 POKEMON NEO REVELATION #3 CELEBI HOLO 1ST EDITION PSA 10,https://www.ebay.es/itm/800568534136,PriceCharting
Neo Revelation,Celebi,3/64,1st Edition,PSA 10,2026-05-25,6300.00,USD,eBay,unknown,FALSE,,,Pokemon Celebi Neo Revelation 1st Edition Holo Rare #3 PSA 10 Gem Mint,https://www.ebay.es/itm/287331592941,PriceCharting
Neo Revelation,Celebi,3/64,1st Edition,PSA 10,2026-03-30,6200.00,USD,eBay,unknown,FALSE,,,Pokemon Celebi Neo Revelation 1st Edition Holo Rare #3 PSA 10 Gem Mint,https://www.ebay.es/itm/287214951860,PriceCharting
Neo Revelation,Celebi,3/64,1st Edition,PSA 10,2026-03-05,5900.00,USD,eBay,unknown,FALSE,,,Pokemon Celebi Neo Revelation 1st Edition Holo Rare #3 PSA 10 Gem Mint,https://www.ebay.es/itm/287182249535,PriceCharting
Neo Revelation,Celebi,3/64,1st Edition,PSA 10,2026-03-03,6446.55,USD,eBay,best offer,TRUE,,,PSA 10 - 2001 Neo Revelation Celebi HOLO 1st Edition #3 Pokemon (POP 94),https://www.ebay.es/itm/127695451745,PriceCharting
Neo Revelation,Celebi,3/64,1st Edition,PSA 10,2026-02-20,6907.20,USD,eBay,best offer,TRUE,,,PSA 10 - 2001 Neo Revelation Celebi HOLO 1st Edition #3 Pokemon (POP 94),https://www.ebay.es/itm/127693337950,PriceCharting
Neo Revelation,Celebi,3/64,1st Edition,PSA 10,2025-10-19,2731.26,USD,eBay,unknown,FALSE,,,2001 Pokemon Neo Revelation # 3 Celebi Holo 1st Edition PSA 10 Card,https://www.ebay.es/itm/389104410407,PriceCharting
Neo Revelation,Celebi,3/64,1st Edition,PSA 10,2025-10-12,2750.00,USD,eBay,best offer,TRUE,2750.00,,Pokemon PSA 10 1st Edition Neo Revelation Celebi Holo Rare (3/64) GEM MINT 3/64,https://www.ebay.es/itm/157236910712,PriceCharting
Neo Revelation,Celebi,3/64,1st Edition,PSA 10,2025-09-19,2999.99,USD,eBay,unknown,FALSE,,,2001 Pokemon Neo Revelation 1st Edition #3 Celebi Holo PSA 10 GEM MINT #3,https://www.ebay.es/itm/177348943277,PriceCharting
Neo Revelation,Celebi,3/64,1st Edition,PSA 10,2025-08-11,2500.00,USD,eBay,unknown,FALSE,,,Pokemon Celebi Neo Revelation 1st Edition Holo Rare #3 PSA 10 Gem Mint,https://www.ebay.es/itm/286574000577,PriceCharting
Neo Revelation,Celebi,3/64,1st Edition,PSA 10,2025-07-26,1421.96,USD,eBay,unknown,FALSE,,,2001 PSA 10 Celebi 1st Edition ~ Holo Neo Revelation Pokemon #3 English,https://www.ebay.es/itm/286707970578,PriceCharting
Neo Revelation,Celebi,3/64,1st Edition,PSA 10,2025-07-14,1625.00,USD,eBay,unknown,FALSE,,,Pokemon Celebi Neo Revelation 1st Edition Holo Rare #3 PSA 10 Gem Mint,https://www.ebay.es/itm/286690828343,PriceCharting
Neo Revelation,Celebi,3/64,1st Edition,PSA 10,2025-06-30,1569.00,USD,eBay,unknown,FALSE,,,2001 POKEMON NEO REVELATION 1ST EDITION #3 CELEBI-HOLO PSA 10 #3,https://www.ebay.es/itm/297428768229,PriceCharting
Neo Revelation,Celebi,3/64,1st Edition,PSA 10,2025-04-21,1999.99,USD,eBay,unknown,FALSE,,,2001 Pokemon Neo Revelation Celebi #3/64 English 1st Edition PSA 10 GRADED CARD 3/64,https://www.ebay.es/itm/267202302951,PriceCharting
Neo Revelation,Celebi,3/64,1st Edition,PSA 10,2025-03-03,1150.00,USD,eBay,unknown,FALSE,,,Pokemon Celebi Neo Revelation 1st Edition Holo Rare #3 PSA 10 Gem Mint,https://www.ebay.es/itm/286371004892,PriceCharting
Neo Revelation,Celebi,3/64,1st Edition,PSA 10,2024-10-09,690.00,USD,eBay,unknown,FALSE,,,2001 POKEMON NEO REVELATION 1ST FIRST EDITION HOLO CELEBI #3 PSA 10 GEM MINT #3,https://www.ebay.es/itm/135288639340,PriceCharting
Neo Revelation,Celebi,3/64,1st Edition,PSA 10,2024-09-04,791.00,USD,eBay,unknown,FALSE,,,2001 Pokemon Neo Revelation 1st Edition #3 celebi Holo PSA 10 GEM MINT,https://www.ebay.es/itm/365089844690,PriceCharting
Neo Revelation,Celebi,3/64,1st Edition,PSA 10,2024-05-14,1099.99,USD,eBay,unknown,FALSE,,,2001 CELEBI HOLO RARE 1ST EDITION NEO REVELATION POKEMON PSA 10 GEM MINT #3/64 #3,https://www.ebay.es/itm/126444899896,PriceCharting
Neo Revelation,Celebi,3/64,1st Edition,PSA 10,2023-11-16,740.00,USD,eBay,unknown,FALSE,,,2001 Pokemon Neo Revelation Celebi #3 Holo 1st Edition 3/64 PSA 10 DA056504 #3,https://www.ebay.es/itm/386266460763,PriceCharting
Neo Revelation,Celebi,3/64,1st Edition,PSA 9,2026-09-28,1749.95,USD,eBay,unknown,FALSE,,,2001 POKEMON NEO REVELATION 1ST ED #3 CELEBI-HOLO PSA 9 #3,https://www.ebay.es/itm/298189848009,PriceCharting
Neo Revelation,Celebi,3/64,1st Edition,PSA 9,2026-09-27,1500.00,USD,eBay,unknown,FALSE,,,2001 POKEMON NEO REVELATION 1ST EDITION #3 CELEBI-HOLO PSA 9 #3,https://www.ebay.es/itm/298658147915,PriceCharting
Neo Revelation,Celebi,3/64,1st Edition,PSA 9,2026-09-22,1432.76,USD,eBay,unknown,FALSE,,,Celebi 3/64 1st Edition PSA 9 - Neo Revelation - Rare Holo Pokémon Card,https://www.ebay.es/itm/287529347021,PriceCharting
Neo Revelation,Celebi,3/64,1st Edition,PSA 9,2026-09-15,1400.00,USD,eBay,unknown,FALSE,,,Pokémon Neo Revelation Holo 1st Edition Celebi 03/64 PSA 9 Mint 3/64,https://www.ebay.es/itm/128046357868,PriceCharting
Neo Revelation,Celebi,3/64,1st Edition,PSA 9,2026-09-12,1200.81,USD,eBay,unknown,FALSE,,,2001 POKEMON NEO REVELATION #3 CELEBI-HOLO 1ST EDITION PSA 9 #3,https://www.ebay.es/itm/307158157093,PriceCharting
Neo Revelation,Celebi,3/64,1st Edition,PSA 9,2026-09-06,809.00,USD,eBay,unknown,FALSE,,,Pokemon Celebi Holo Neo Revelation 3/64 1st Edition PSA 9 Mint #Mar-64,https://www.ebay.es/itm/287552956583,PriceCharting
Neo Revelation,Celebi,3/64,1st Edition,PSA 9,2026-08-07,1500.00,USD,eBay,unknown,FALSE,,,2001 POKEMON NEO REVELATION 1ST ED #3 CELEBI-HOLO PSA 9 #3,https://www.ebay.es/itm/306955408996,PriceCharting
Neo Revelation,Celebi,3/64,1st Edition,PSA 9,2026-07-14,743.00,USD,eBay,unknown,FALSE,,,2001 Pokemon Neo Revelation 1st Edition Celebi Holo #3/64 PSA 9,https://www.ebay.es/itm/377329363073,PriceCharting
Neo Revelation,Celebi,3/64,1st Edition,PSA 9,2026-07-13,825.00,USD,eBay,unknown,FALSE,,,PSA 9 MINT Celebi 3 Neo Revelation 1st Edition Holo Pokemon Card #3,https://www.ebay.es/itm/147423254376,PriceCharting
Neo Revelation,Celebi,3/64,1st Edition,PSA 9,2026-07-07,825.00,USD,eBay,unknown,FALSE,,,PSA 9 MINT Celebi 3 Neo Revelation 1st Edition Holo Pokemon Card #3,https://www.ebay.es/itm/147422801430,PriceCharting
Neo Revelation,Celebi,3/64,1st Edition,PSA 9,2026-07-06,765.00,USD,eBay,best offer,TRUE,765.00,,Celebi Holo 3/64 1st Edition Neo Revelation Pokemon PSA 9 3/64,https://www.ebay.es/itm/188604603608,PriceCharting
Neo Revelation,Celebi,3/64,1st Edition,PSA 9,2026-05-26,659.92,USD,eBay,unknown,FALSE,,,2001 POKEMON NEO REVELATION 1ST EDITION #3 CELEBI-HOLO PSA 9 #3,https://www.ebay.es/itm/306947799175,PriceCharting
Neo Revelation,Celebi,3/64,1st Edition,PSA 9,2026-05-22,810.00,USD,eBay,unknown,FALSE,,,2001 POKEMON NEO REVELATION 1ST EDITION #3 CELEBI-HOLO PSA 9 #3,https://www.ebay.es/itm/298313219324,PriceCharting
Neo Revelation,Celebi,3/64,1st Edition,PSA 9,2026-05-21,806.09,USD,eBay,unknown,FALSE,,,PSA 9 Celebi Holo 1st Edition 3/64 Neo Revelation Pokemon 3/64,https://www.ebay.es/itm/298296813304,PriceCharting
Neo Revelation,Celebi,3/64,1st Edition,PSA 9,2026-04-29,785.00,USD,eBay,unknown,FALSE,,,2001 Pokemon Neo Revelation 1st Edition #3 Celebi Holo PSA 9 MINT,https://www.ebay.es/itm/389920745388,PriceCharting
Neo Revelation,Celebi,3/64,1st Edition,PSA 9,2026-04-13,999.00,USD,eBay,unknown,FALSE,,,Celebi 3/64 1st Edition Holo Rare Neo Revelation Pokemon Tcg PSA 9 Mint 03/64,https://www.ebay.es/itm/326992011526,PriceCharting
Neo Revelation,Celebi,3/64,1st Edition,PSA 9,2026-04-06,910.00,USD,eBay,best offer,TRUE,910.00,,PSA 9 *NEW CERT* 2001 POKEMON NEO REVELATION 1ST ED #3 CELEBI-HOLO #3,https://www.ebay.es/itm/358408057707,PriceCharting
Neo Revelation,Celebi,3/64,1st Edition,PSA 9,2026-04-06,910.00,USD,eBay,unknown,FALSE,,,Pokemon Celebi Neo Revelation 1st Edition Holo Rare #3 PSA 9 Mint,https://www.ebay.es/itm/287233279722,PriceCharting
Neo Revelation,Celebi,3/64,1st Edition,PSA 9,2026-02-15,599.33,USD,eBay,unknown,FALSE,,,CELEBI POKEMON 3/64 2000 NEO REVELATION 1st EDITION HOLO ENGLISH PSA 9,https://www.ebay.es/itm/137013111534,PriceCharting
Neo Revelation,Celebi,3/64,1st Edition,PSA 9,2026-01-29,474.00,USD,eBay,best offer,TRUE,474.00,,2001 POKEMON NEO REVELATION 1ST ED #3 CELEBI-HOLO PSA 9 #3,https://www.ebay.es/itm/297978748340,PriceCharting
Neo Revelation,Celebi,3/64,1st Edition,PSA 8,2026-09-30,691.00,USD,eBay,unknown,FALSE,,,Pokemon 2001 Celebi 3/64 1st Edition Holo Rare Neo Revelation PSA 8 3/64,https://www.ebay.es/itm/407237992871,PriceCharting
Neo Revelation,Celebi,3/64,1st Edition,PSA 8,2026-09-29,710.00,USD,eBay,unknown,FALSE,,,Pokemon Celebi Holo Neo Revelation 2001 1st Edition #3 PSA 8 #3,https://www.ebay.es/itm/117192728692,PriceCharting
Neo Revelation,Celebi,3/64,1st Edition,PSA 8,2026-09-29,570.00,USD,eBay,unknown,FALSE,,,2001 POKEMON NEO REVELATION 1ST EDITION #3 CELEBI-HOLO PSA 8 #3,https://www.ebay.es/itm/307188939319,PriceCharting
Neo Revelation,Celebi,3/64,1st Edition,PSA 8,2026-09-08,525.00,USD,eBay,best offer,TRUE,525.00,,2001 POKEMON NEO REVELATION 1ST EDITION #3 CELEBI-HOLO PSA 8 #3,https://www.ebay.es/itm/227509542386,PriceCharting
Neo Revelation,Celebi,3/64,1st Edition,PSA 8,2026-09-06,540.00,USD,eBay,unknown,FALSE,,,2001 POKEMON NEO REVELATION 1ST EDITION #3 CELEBI-HOLO PSA 8 #3,https://www.ebay.es/itm/298620898478,PriceCharting
Neo Revelation,Celebi,3/64,1st Edition,PSA 8,2026-09-01,505.00,USD,eBay,unknown,FALSE,,,2001 POKEMON NEO REVELATION 1ST EDITION #3 CELEBI-HOLO PSA 8 #3,https://www.ebay.es/itm/158213818312,PriceCharting
Neo Revelation,Celebi,3/64,1st Edition,PSA 8,2026-08-01,520.00,USD,eBay,best offer,TRUE,520.00,,2001 POKEMON NEO REVELATION 1ST EDITION #3 CELEBI-HOLO PSA 8 #3,https://www.ebay.es/itm/117326416920,PriceCharting
Neo Revelation,Celebi,3/64,1st Edition,PSA 8,2026-07-25,525.00,USD,eBay,unknown,FALSE,,,2001 POKEMON NEO REVELATION 1ST EDITION #3 CELEBI-HOLO PSA 8 #3,https://www.ebay.es/itm/407020494857,PriceCharting
Neo Revelation,Celebi,3/64,1st Edition,PSA 8,2026-06-29,500.00,USD,eBay,unknown,FALSE,,,2001 POKEMON NEO REVELATION 1ST EDITION #3 CELEBI-HOLO PSA 8 #3,https://www.ebay.es/itm/307022338700,PriceCharting
Neo Revelation,Celebi,3/64,1st Edition,PSA 8,2026-06-28,439.99,USD,eBay,unknown,FALSE,,,2001 POKEMON NEO REVELATION 1ST EDITION #3 CELEBI-HOLO PSA 8 #3,https://www.ebay.es/itm/206357480072,PriceCharting
Neo Revelation,Celebi,3/64,1st Edition,PSA 8,2026-06-28,649.99,USD,eBay,unknown,FALSE,,,Pokemon Celebi Holo Neo Revelation 2001 1st Edition #3/64 PSA 8 #3,https://www.ebay.es/itm/278076153855,PriceCharting
Neo Revelation,Celebi,3/64,1st Edition,PSA 8,2026-06-15,411.00,USD,eBay,unknown,FALSE,,,2001 POKEMON NEO REVELATION 1ST EDITION #3 CELEBI-HOLO PSA 8 #3,https://www.ebay.es/itm/117225677096,PriceCharting
Neo Revelation,Celebi,3/64,1st Edition,PSA 8,2026-06-12,405.00,USD,eBay,unknown,FALSE,,,2001 WOTC POKEMON NEO REVELATION 1ST EDITION CELEBI #3/64 HOLO RARE PSA 8 NM-MT #3,https://www.ebay.es/itm/358579928419,PriceCharting
Neo Revelation,Celebi,3/64,1st Edition,PSA 8,2026-06-11,405.00,USD,eBay,unknown,FALSE,,,2001 POKEMON NEO REVELATION 1ST EDITION #3 CELEBI-HOLO PSA 8 #3,https://www.ebay.es/itm/117228425816,PriceCharting
Neo Revelation,Celebi,3/64,1st Edition,PSA 8,2026-05-05,600.00,USD,eBay,best offer,TRUE,600.00,,Pokemon Celebi Holo Neo Revelation 2001 1st Edition #3 PSA 8 #3,https://www.ebay.es/itm/157837098363,PriceCharting
Neo Revelation,Celebi,3/64,1st Edition,PSA 8,2026-04-13,350.00,USD,eBay,best offer,TRUE,350.00,,Celebi 1st Edition #3 Holo Rare Pokémon 2001 Neo Revelation PSA 8 #3,https://www.ebay.es/itm/336521884208,PriceCharting
Neo Revelation,Celebi,3/64,1st Edition,PSA 8,2026-04-12,325.00,USD,eBay,unknown,FALSE,,,Pokemon Celebi Neo Revelation 1st Edition Holo Rare #3 PSA 8 Original Owner #3,https://www.ebay.es/itm/397806548692,PriceCharting
Neo Revelation,Celebi,3/64,1st Edition,PSA 8,2026-04-07,359.42,USD,eBay,unknown,FALSE,,,Pokemon 2000 Neo Revelation Celebi 3/64 1st Edition Holo Foil Rare - PSA 8,https://www.ebay.es/itm/177716015474,PriceCharting
Neo Revelation,Celebi,3/64,1st Edition,PSA 8,2026-04-06,340.00,USD,eBay,unknown,FALSE,,,Pokemon Celebi Neo Revelation 1st Edition Holo Rare #3 PSA 8,https://www.ebay.es/itm/287237191513,PriceCharting
Neo Revelation,Celebi,3/64,1st Edition,PSA 8,2026-04-02,325.00,USD,eBay,best offer,TRUE,,,NEW CERT! - PSA 8 Pokemon Neo Revelation 1st Edition Celebi Holo #3/64 #3,https://www.ebay.es/itm/267624721100,PriceCharting
Neo Revelation,Celebi,3/64,1st Edition,PSA 8,2026-03-22,291.00,USD,eBay,unknown,FALSE,,,2001 Pokemon Neo Revelation 1st Edition Celebi Holo #3/64 PSA 8,https://www.ebay.es/itm/377039507830,PriceCharting
Neo Revelation,Celebi,3/64,1st Edition,PSA 8,2026-03-04,280.00,USD,eBay,best offer,TRUE,,,2001 Pokémon Neo Revelation Holo Rare Celebi First Edition 3/64 PSA 8 03/64,https://www.ebay.es/itm/397665854879,PriceCharting
Neo Revelation,Celebi,3/64,1st Edition,PSA 8,2026-02-28,281.00,USD,eBay,best offer,TRUE,,,2001 POKEMON NEO REVELATION 1ST ED #3 CELEBI-HOLO PSA 8 #3,https://www.ebay.es/itm/306786176669,PriceCharting
Neo Revelation,Celebi,3/64,1st Edition,PSA 8,2026-02-12,299.00,USD,eBay,unknown,FALSE,,,2001 POKEMON NEO REVELATION 1ST ED #3 CELEBI-HOLO PSA 8 #3,https://www.ebay.es/itm/116992749603,PriceCharting
Neo Revelation,Celebi,3/64,Unlimited,PSA 10,2026-08-20,3150.00,USD,eBay,unknown,FALSE,,,2001 POKEMON NEO REVELATION #3 CELEBI-HOLO PSA 10 #3,https://www.ebay.es/itm/298579965739,PriceCharting
Neo Revelation,Celebi,3/64,Unlimited,PSA 10,2026-08-20,2555,USD,eBay,best offer,TRUE,,57069285,,https://www.ebay.com/itm/318760219658,PSA APR
Neo Revelation,Celebi,3/64,Unlimited,PSA 10,2026-07-05,4300.00,USD,eBay,unknown,FALSE,,,2001 Pokemon Neo Revelation Celebi Holo #3 PSA 10 Gem Mint #3,https://www.ebay.es/itm/168369055217,PriceCharting
Neo Revelation,Celebi,3/64,Unlimited,PSA 10,2026-06-13,3500.00,USD,eBay,best offer,TRUE,3500.00,,2001 POKEMON NEO REVELATION #3 CELEBI-HOLO PSA 10 #3,https://www.ebay.es/itm/306899326703,PriceCharting
Neo Revelation,Celebi,3/64,Unlimited,PSA 10,2025-12-28,1957.47,USD,eBay,unknown,FALSE,,,2001 Pokemon Neo Revelation # 3 Celebi Holo PSA 10 Card LOW POP! GEM MINT! Rare! #3,https://www.ebay.es/itm/157260930704,PriceCharting
Neo Revelation,Celebi,3/64,Unlimited,PSA 10,2025-09-08,1400,USD,eBay,best offer,TRUE,,27919486,,https://www.ebay.com/itm/236307168103,PSA APR
Neo Revelation,Celebi,3/64,Unlimited,PSA 10,2025-07-27,910.00,USD,eBay,unknown,FALSE,,,Pokemon Celebi Neo Revelation Unlimited Holo Rare #3 PSA 10 Gem Mint,https://www.ebay.es/itm/286715577255,PriceCharting
Neo Revelation,Celebi,3/64,Unlimited,PSA 10,2025-07-14,681.00,USD,eBay,unknown,FALSE,,,Pokemon Celebi Neo Revelation Unlimited Holo Rare #3 PSA 10 Gem Mint,https://www.ebay.es/itm/286690654772,PriceCharting
Neo Revelation,Celebi,3/64,Unlimited,PSA 10,2025-07-13,1135,USD,eBay,auction,FALSE,,97105867,,https://www.ebay.com/itm/286690576783,PSA APR
Neo Revelation,Celebi,3/64,Unlimited,PSA 10,2025-05-12,690,USD,Fanatics Collect,auction,FALSE,,51320766,,https://www.fanaticscollect.com/weekly/4073ac48-27d4-11f0-b3e9-0a58a9feac02,PSA APR
Neo Revelation,Celebi,3/64,Unlimited,PSA 10,2025-04-24,900.00,USD,eBay,unknown,FALSE,,,Pokémon TCG Celebi Neo Revelation 3/64 Holo Unlimited Holo Rare PSA 10 POP 36 03/64,https://www.ebay.es/itm/175541844403,PriceCharting
Neo Revelation,Celebi,3/64,Unlimited,PSA 10,2025-04-24,475.00,USD,eBay,unknown,FALSE,,,2001 Pokémon Neo Revelation Celebi Holo #3 PSA 10 Gem Mint #3,https://www.ebay.es/itm/166876953033,PriceCharting
Neo Revelation,Celebi,3/64,Unlimited,PSA 10,2025-02-16,399.00,USD,eBay,unknown,FALSE,,,2001 Pokémon Neo Revelation - Celebi Holo #3 💎 PSA 10 GEM MT #3,https://www.ebay.es/itm/186803893808,PriceCharting
Neo Revelation,Celebi,3/64,Unlimited,PSA 10,2024-09-28,349.99,USD,eBay,unknown,FALSE,,,2001 Pokemon PSA 10 Celebi Holo - 3/64 Neo Revelation GEM MINT 3/64,https://www.ebay.es/itm/335593264492,PriceCharting
Neo Revelation,Celebi,3/64,Unlimited,PSA 10,2024-09-10,361.00,USD,eBay,unknown,FALSE,,,2001 Pokemon Neo Revelation #3 celebi Holo PSA 10 GEM MINT,https://www.ebay.es/itm/387343127889,PriceCharting
Neo Revelation,Celebi,3/64,Unlimited,PSA 10,2024-06-05,447.91,USD,eBay,unknown,FALSE,,,Celebi Neo Revelation Holo #3/64 PSA 10 | Gem Mint 💎 Pokémon,https://www.ebay.es/itm/266737216729,PriceCharting
Neo Revelation,Celebi,3/64,Unlimited,PSA 10,2023-11-23,349.99,USD,eBay,unknown,FALSE,,,PSA 10 GEM MINT Celebi Neo Revelation Unlimited Holo Pokemon Card 3/64 TR1 #3,https://www.ebay.es/itm/285571228739,PriceCharting
Neo Revelation,Celebi,3/64,Unlimited,PSA 10,2023-11-22,487.50,USD,eBay,unknown,FALSE,,,PSA 10 GEM MINT Celebi Neo Revelation Unlimited Holo Pokemon Card 3/64 TR1 #3,https://www.ebay.es/itm/225781072230,PriceCharting
Neo Revelation,Celebi,3/64,Unlimited,PSA 10,2023-11-20,511.00,USD,eBay,unknown,FALSE,,,PSA 10 GEM MINT Celebi Neo Revelation Unlimited Holo Pokemon Card 3/64 #3,https://www.ebay.es/itm/166433922276,PriceCharting
Neo Revelation,Celebi,3/64,Unlimited,PSA 10,2023-10-09,475,USD,eBay,auction,FALSE,,42887141,,https://www.ebay.com/itm/256236303009,PSA APR
Neo Revelation,Celebi,3/64,Unlimited,PSA 9,2026-09-28,750.00,USD,eBay,unknown,FALSE,,,Pokémon Celebi Neo Revelation Holo PSA 9,https://www.ebay.es/itm/267771652628,PriceCharting
Neo Revelation,Celebi,3/64,Unlimited,PSA 9,2026-09-02,599.99,USD,eBay,unknown,FALSE,,,Pokemon Celebi Holo Neo Revelation Unlimited 3/64 PSA 9 #23437,https://www.ebay.es/itm/287416431145,PriceCharting
Neo Revelation,Celebi,3/64,Unlimited,PSA 9,2026-08-18,677.19,USD,eBay,unknown,FALSE,,,Celebi Holo 3/64 PSA 9 Neo Revelation Pokemon Card Game 3/64,https://www.ebay.es/itm/287526552973,PriceCharting
Neo Revelation,Celebi,3/64,Unlimited,PSA 9,2026-08-02,500.00,USD,eBay,unknown,FALSE,,,Pokemon 2001 Neo Revelation Celebi 3/64 Holo Unlimited PSA 9 English 03/64,https://www.ebay.es/itm/178153412242,PriceCharting
Neo Revelation,Celebi,3/64,Unlimited,PSA 9,2026-07-29,400.00,USD,eBay,unknown,FALSE,,,2001 POKEMON NEO REVELATION #3 CELEBI-HOLO PSA 9 #3,https://www.ebay.es/itm/236969317662,PriceCharting
Neo Revelation,Celebi,3/64,Unlimited,PSA 9,2026-07-29,416.00,USD,eBay,unknown,FALSE,,,2001 POKEMON NEO REVELATION #3 CELEBI-HOLO PSA 9 #3,https://www.ebay.es/itm/158107567125,PriceCharting
Neo Revelation,Celebi,3/64,Unlimited,PSA 9,2026-06-24,355.00,USD,eBay,unknown,FALSE,,,2001 Pokemon Neo Revelation Celebi Holo #3/64 PSA 9,https://www.ebay.es/itm/377276610573,PriceCharting
Neo Revelation,Celebi,3/64,Unlimited,PSA 9,2026-06-21,489.99,USD,eBay,unknown,FALSE,,,Pokemon 2001 Neo Revelation Celebi 3/64 Holo Unlimited PSA 9 English 03/64,https://www.ebay.es/itm/137439920407,PriceCharting
Neo Revelation,Celebi,3/64,Unlimited,PSA 9,2026-06-12,357.45,USD,eBay,best offer,TRUE,352.31,,Celebi Holo Pokemon Neo Revelation 3/64 PSA 9 MINT Graded Card #3,https://www.ebay.es/itm/398027831218,PriceCharting
Neo Revelation,Celebi,3/64,Unlimited,PSA 9,2026-06-08,1275.00,USD,eBay,unknown,FALSE,,,2001 POKEMON NEO REVELATION #3 CELEBI-HOLO PSA 9 #3,https://www.ebay.es/itm/306962784735,PriceCharting
Neo Revelation,Celebi,3/64,Unlimited,PSA 9,2026-06-02,361.30,USD,eBay,best offer,TRUE,352.31,,Celebi Holo Pokemon Neo Revelation 3/64 PSA 9 MINT Graded Card #3,https://www.ebay.es/itm/397993426383,PriceCharting
Neo Revelation,Celebi,3/64,Unlimited,PSA 9,2026-05-23,380.00,USD,eBay,unknown,FALSE,,,POKEMON CELEBI NEO REVELATION UNLIMITED 3/64 PSA 9 03/64,https://www.ebay.es/itm/137314204482,PriceCharting
Neo Revelation,Celebi,3/64,Unlimited,PSA 9,2026-04-13,299.99,USD,eBay,unknown,FALSE,,,Pokémon Celebi Neo Revelation Holo PSA 9 ~ Mouth Swirl,https://www.ebay.es/itm/206206991625,PriceCharting
Neo Revelation,Celebi,3/64,Unlimited,PSA 9,2026-04-12,376.00,USD,eBay,unknown,FALSE,,,Pokemon Celebi Neo Revelation Unlimited Holo Rare #3 PSA 9 Mint,https://www.ebay.es/itm/287251552023,PriceCharting
Neo Revelation,Celebi,3/64,Unlimited,PSA 9,2026-04-09,300.00,USD,eBay,unknown,FALSE,,,2001 Pokemon Celebi 3/64 Holo Neo Revelation PSA 9 MINT - VINTAGE CARD 3/64,https://www.ebay.es/itm/298207275219,PriceCharting
Neo Revelation,Celebi,3/64,Unlimited,PSA 9,2026-03-25,280.67,USD,eBay,best offer,TRUE,277.85,,Celebi PSA 9 - 03/64 - Neo Revelation - Unlimited Holo - Pokemon,https://www.ebay.es/itm/227242309844,PriceCharting
Neo Revelation,Celebi,3/64,Unlimited,PSA 9,2026-03-24,300.00,USD,eBay,unknown,FALSE,,,Pokémon Celebi Neo Revelation Holo PSA 9,https://www.ebay.es/itm/389507660739,PriceCharting
Neo Revelation,Celebi,3/64,Unlimited,PSA 9,2026-03-09,279.69,USD,eBay,unknown,FALSE,,,2001 POKEMON NEO REVELATION #3 CELEBI-HOLO PSA 9 #3,https://www.ebay.es/itm/306809156096,PriceCharting
Neo Revelation,Celebi,3/64,Unlimited,PSA 9,2026-03-07,300.00,USD,eBay,unknown,FALSE,,,2001 Pokémon Celebi Neo Revelation Holo PSA 9 MINT,https://www.ebay.es/itm/157705960048,PriceCharting
Neo Revelation,Celebi,3/64,Unlimited,PSA 8,2026-09-02,204.55,USD,eBay,unknown,FALSE,,,POKEMON CELEBI-HOLO 2001 NEO REVELATION #3 PSA 8 #3,https://www.ebay.es/itm/800564688906,PriceCharting
Neo Revelation,Celebi,3/64,Unlimited,PSA 8,2026-08-30,196.50,USD,eBay,unknown,FALSE,,,Pokemon Celebi Holo Neo Revelation Unlimited 3/64 PSA 8 #Mar-64,https://www.ebay.es/itm/287541280825,PriceCharting
Neo Revelation,Celebi,3/64,Unlimited,PSA 8,2026-08-18,195.26,USD,eBay,unknown,FALSE,,,2001 Pokemon Neo Revelation #3 Celebi Holo PSA 8 NM-MT,https://www.ebay.es/itm/377408560241,PriceCharting
Neo Revelation,Celebi,3/64,Unlimited,PSA 8,2026-08-14,250.00,USD,eBay,unknown,FALSE,,,2001 Pokemon Neo Revelation Celebi Holo PSA 8 3/64 3/64,https://www.ebay.es/itm/257664824517,PriceCharting
Neo Revelation,Celebi,3/64,Unlimited,PSA 8,2026-08-12,250.00,USD,eBay,unknown,FALSE,,,Pokemon Celebi Holo Neo Revelation Unlimited 3/64 PSA 8 #23437,https://www.ebay.es/itm/287519679660,PriceCharting
Neo Revelation,Celebi,3/64,Unlimited,PSA 8,2026-08-06,210.40,USD,eBay,unknown,FALSE,,,2001 POKEMON NEO REVELATION #3 CELEBI-HOLO PSA 8 #3,https://www.ebay.es/itm/298540655714,PriceCharting
Neo Revelation,Celebi,3/64,Unlimited,PSA 8,2026-08-03,228.36,USD,eBay,unknown,FALSE,,,PSA 8 CELEBI 3/64 | Neo Revalation WOTC Holo Graded Pokemon Card,https://www.ebay.es/itm/287461117252,PriceCharting
Neo Revelation,Celebi,3/64,Unlimited,PSA 8,2026-07-06,300.00,USD,eBay,best offer,TRUE,300.00,,Pokemon Celebi Neo Revelation Unlimited Holo Rare #3 PSA 8 #3,https://www.ebay.es/itm/398078724704,PriceCharting
Neo Revelation,Celebi,3/64,Unlimited,PSA 8,2026-07-03,299.99,USD,eBay,unknown,FALSE,,,Celebi HOLO 2001 Pokemon Neo Revelation NEW CERT! PSA 8 Near Mint CLEAN,https://www.ebay.es/itm/178236653548,PriceCharting
Neo Revelation,Celebi,3/64,Unlimited,PSA 8,2026-06-21,202.51,USD,eBay,unknown,FALSE,,,Pokemon Celebi Neo Revelation Unlimited Holo Rare #3 PSA 8,https://www.ebay.es/itm/287384767771,PriceCharting
Neo Revelation,Celebi,3/64,Unlimited,PSA 8,2026-06-07,230.00,USD,eBay,unknown,FALSE,,,2001 POKEMON NEO REVELATION #3 CELEBI-HOLO PSA 8 #3,https://www.ebay.es/itm/117216623643,PriceCharting
Neo Revelation,Celebi,3/64,Unlimited,PSA 8,2026-06-03,250.00,USD,eBay,unknown,FALSE,,,PSA 8 Celebi Holo #3 Neo Revelation Pokemon Rare 2001 Mint #3,https://www.ebay.es/itm/298130821001,PriceCharting
Neo Revelation,Celebi,3/64,Unlimited,PSA 8,2026-06-03,160.00,USD,eBay,best offer,TRUE,160.00,,Celebi 3/64 2001 Holo - PSA 8 - Neo Revelation Set - Pokemon Card 3/64,https://www.ebay.es/itm/397917474681,PriceCharting
Neo Revelation,Celebi,3/64,Unlimited,PSA 8,2026-05-20,187.99,USD,eBay,unknown,FALSE,,,2001 POKEMON NEO REVELATION #3 CELEBI-HOLO PSA 8 Vintage Grail #3,https://www.ebay.es/itm/358542957667,PriceCharting
Neo Revelation,Celebi,3/64,Unlimited,PSA 8,2026-05-18,172.50,USD,eBay,unknown,FALSE,,,Pokemon Celebi Neo Revelation Unlimited Holo Rare #3 PSA 8,https://www.ebay.es/itm/287318120651,PriceCharting
Neo Revelation,Celebi,3/64,Unlimited,PSA 8,2026-05-03,179.00,USD,eBay,best offer,TRUE,,,PSA 8 NM-MT Celebi Neo Revelation Unlimited 2001 #3 Pokémon #3,https://www.ebay.es/itm/257409011053,PriceCharting
Neo Revelation,Celebi,3/64,Unlimited,PSA 8,2026-05-01,179.40,USD,eBay,unknown,FALSE,,,2001 Pokemon Neo Revelation Celebi Holo #3/64 PSA 8,https://www.ebay.es/itm/127830008076,PriceCharting
Neo Revelation,Celebi,3/64,Unlimited,PSA 8,2026-04-25,200.00,USD,eBay,best offer,TRUE,200.00,,2001 POKEMON NEO REVELATION #3 CELEBI-HOLO PSA 8 #3,https://www.ebay.es/itm/298247326981,PriceCharting
Neo Revelation,Celebi,3/64,Unlimited,PSA 8,2026-04-23,170.00,USD,eBay,unknown,FALSE,,,Neo revelation Celebi 3/64 2001 Holo - PSA 8 - Pokemon Card 3/64,https://www.ebay.es/itm/389928314734,PriceCharting
Neo Revelation,Celebi,3/64,Unlimited,PSA 8,2026-04-18,175.51,USD,eBay,unknown,FALSE,,,Celebi 3/64 2001 Holo - PSA 8 - Neo Revelation Set - Pokemon Card 3/64,https://www.ebay.es/itm/366334954080,PriceCharting
Neo Revelation,Celebi,3/64,Unlimited,PSA 8,2026-04-14,179.40,USD,eBay,unknown,FALSE,,,2001 Pokemon Neo Revelation Celebi Holo #3/64 PSA 8,https://www.ebay.es/itm/377098041554,PriceCharting
Neo Revelation,Crobat,4/64,1st Edition,PSA 10,2026-09-21,3999.99,USD,eBay,unknown,FALSE,,,PSA 10 GEM MINT Crobat 4/64 HOLO RARE Neo Revelation 1ST EDITION Pokemon Card,https://www.ebay.es/itm/278356016087,PriceCharting
Neo Revelation,Crobat,4/64,1st Edition,PSA 10,2026-09-18,2489.38,USD,eBay,BIN,FALSE,,66710448,,https://www.ebay.com/itm/307138370976,PSA APR
Neo Revelation,Crobat,4/64,1st Edition,PSA 10,2026-09-16,3000,USD,eBay,BIN,FALSE,,28969719,,https://www.ebay.com/itm/307076555286,PSA APR
Neo Revelation,Crobat,4/64,1st Edition,PSA 10,2026-07-20,1710,USD,Fanatics Collect,auction,FALSE,,43422191,,https://www.fanaticscollect.com/weekly/163e24f8-6f68-11f1-9eb4-0a58a9feac02,PSA APR
Neo Revelation,Crobat,4/64,1st Edition,PSA 10,2026-07-06,2351,USD,Goldin Auctions,auction,FALSE,,45447170,,https://goldin.co/item/2001-pokemon-neo-revelation-1st-edition-holo-4-crobat-psa-gem-mt-10ue6oh,PSA APR
Neo Revelation,Crobat,4/64,1st Edition,PSA 10,2026-04-26,2197.00,USD,eBay,unknown,FALSE,,,Pokemon Crobat Neo Revelation 1st Edition Holo Rare #4 PSA 10 Gem Mint,https://www.ebay.es/itm/287278224476,PriceCharting
Neo Revelation,Crobat,4/64,1st Edition,PSA 10,2026-04-05,2357.00,USD,eBay,unknown,FALSE,,,Pokemon Crobat Neo Revelation 1st Edition Holo Rare #4 PSA 10 Gem Mint,https://www.ebay.es/itm/287237156271,PriceCharting
Neo Revelation,Crobat,4/64,1st Edition,PSA 10,2026-03-30,3350.00,USD,eBay,unknown,FALSE,,,Pokemon Crobat Neo Revelation 1st Edition Holo Rare #4 PSA 10 Gem Mint,https://www.ebay.es/itm/287214839454,PriceCharting
Neo Revelation,Crobat,4/64,1st Edition,PSA 10,2026-03-19,610.93,USD,eBay,best offer,TRUE,601.05,,Pokemon Crobat Neo Revelation 1st Edition Holo Rare 4/64 PSA 10 Gem Mint,https://www.ebay.es/itm/406145463396,PriceCharting
Neo Revelation,Crobat,4/64,1st Edition,PSA 10,2026-01-28,1495.00,USD,eBay,unknown,FALSE,,,Pokemon Crobat Neo Revelation 1st Edition Holo Rare #4 PSA 10 Gem Mint,https://www.ebay.es/itm/287074691500,PriceCharting
Neo Revelation,Crobat,4/64,1st Edition,PSA 10,2026-01-11,1202.99,USD,eBay,unknown,FALSE,,,PSA 10 Crobat Holo 1st Edition 2001 Pokemon Neo Revelation #4,https://www.ebay.es/itm/127436865027,PriceCharting
Neo Revelation,Crobat,4/64,1st Edition,PSA 10,2025-08-31,760.00,USD,eBay,unknown,FALSE,,,Pokemon Crobat Neo Revelation 1st Edition Holo Rare #4 PSA 10 Gem Mint,https://www.ebay.es/itm/286778155176,PriceCharting
Neo Revelation,Crobat,4/64,1st Edition,PSA 10,2025-08-10,665.00,USD,eBay,unknown,FALSE,,,Pokemon Crobat Neo Revelation 1st Edition Holo Rare #4 PSA 10 Gem Mint,https://www.ebay.es/itm/286739114431,PriceCharting
Neo Revelation,Crobat,4/64,1st Edition,PSA 10,2025-06-07,598.24,USD,eBay,auction,FALSE,,27940191,,https://www.ebay.com/itm/135865866552,PSA APR
Neo Revelation,Crobat,4/64,1st Edition,PSA 10,2025-02-16,400,USD,eBay,best offer,TRUE,,64454736,,https://www.ebay.com/itm/256774015330,PSA APR
Neo Revelation,Crobat,4/64,1st Edition,PSA 10,2024-07-20,320.00,USD,eBay,unknown,FALSE,,,PSA 10 Crobat 4 1st Edition Neo Revelation Holo Rare Pokemon 2001 Gem Mint #4,https://www.ebay.es/itm/145887286011,PriceCharting
Neo Revelation,Crobat,4/64,1st Edition,PSA 10,2024-06-28,320.00,USD,eBay,unknown,FALSE,,,PSA 10 Crobat 4 1st Edition Neo Revelation Holo Rare Pokemon 2001 Gem Mint #4,https://www.ebay.es/itm/235527466247,PriceCharting
Neo Revelation,Crobat,4/64,1st Edition,PSA 10,2024-05-27,305.00,USD,eBay,unknown,FALSE,,,PSA 10 GEM MINT Crobat Neo Revelation 1st Edition Holo Pokemon Card 4/64 MC1 #4,https://www.ebay.es/itm/204793387891,PriceCharting
Neo Revelation,Crobat,4/64,1st Edition,PSA 10,2024-05-23,325.00,USD,eBay,unknown,FALSE,,,PSA 10 Crobat 4 1st Edition Neo Revelation Holo Rare Pokemon 2001 Gem Mint #4,https://www.ebay.es/itm/395400869343,PriceCharting
Neo Revelation,Crobat,4/64,1st Edition,PSA 10,2023-10-25,265,USD,eBay,auction,FALSE,,42253083,,https://www.ebay.com/itm/285520846836,PSA APR
Neo Revelation,Crobat,4/64,1st Edition,PSA 9,2026-08-31,362.50,USD,eBay,unknown,FALSE,,,2001 POKEMON NEO REVELATION 1ST ED #4 CROBAT-HOLO PSA 9 #4,https://www.ebay.es/itm/307093785594,PriceCharting
Neo Revelation,Crobat,4/64,1st Edition,PSA 9,2026-08-17,306.00,USD,eBay,unknown,FALSE,,,Pokemon Crobat Holo Neo Revelation 4/64 1st Edition PSA 9 Mint #Apr-64,https://www.ebay.es/itm/287511104907,PriceCharting
Neo Revelation,Crobat,4/64,1st Edition,PSA 9,2026-07-10,425.00,USD,eBay,best offer,TRUE,425.00,,2001 POKEMON NEO REVELATION 1ST EDITION #4 CROBAT-HOLO PSA 9 #4,https://www.ebay.es/itm/306987152397,PriceCharting
Neo Revelation,Crobat,4/64,1st Edition,PSA 9,2026-05-29,300.00,USD,eBay,best offer,TRUE,300.00,,2001 POKEMON NEO REVELATION 1ST ED #4 CROBAT-HOLO PSA 9 #4,https://www.ebay.es/itm/397944713899,PriceCharting
Neo Revelation,Crobat,4/64,1st Edition,PSA 9,2026-05-13,275.00,USD,eBay,unknown,FALSE,,,2001 POKEMON NEO REVELATION 1ST EDITION #4 CROBAT-HOLO PSA 9 WOTC #4,https://www.ebay.es/itm/366400811931,PriceCharting
Neo Revelation,Crobat,4/64,1st Edition,PSA 9,2026-03-22,205.00,USD,eBay,unknown,FALSE,,,2001 POKEMON NEO REVELATION 1ST ED #4 CROBAT-HOLO PSA 9 #4,https://www.ebay.es/itm/366293384523,PriceCharting
Neo Revelation,Crobat,4/64,1st Edition,PSA 9,2026-01-18,181.00,USD,eBay,best offer,TRUE,181.00,,Crobat - 1st Edition Holo - Neo Revelation 4/64 - PSA 9 Mint - Pokemon Card,https://www.ebay.es/itm/306599476416,PriceCharting
Neo Revelation,Crobat,4/64,1st Edition,PSA 9,2025-12-19,155.49,USD,eBay,unknown,FALSE,,,2001 Pokemon Neo Revelation 1st Edition Crobat Holo 4/64 PSA 9 Mint,https://www.ebay.es/itm/397403599368,PriceCharting
Neo Revelation,Crobat,4/64,1st Edition,PSA 9,2025-10-10,103.76,USD,eBay,unknown,FALSE,,,2001 POKEMON NEO REVELATION 1ST EDITION #4/64 CROBAT HOLO PSA 9 4/64,https://www.ebay.es/itm/205759049758,PriceCharting
Neo Revelation,Crobat,4/64,1st Edition,PSA 9,2025-09-08,160.00,USD,eBay,unknown,FALSE,,,Crobat - PSA 9 - 4/64 - Holo Rare - 1st Edition - Pokemon Card - Neo Revelation 4/64,https://www.ebay.es/itm/167076759863,PriceCharting
Neo Revelation,Crobat,4/64,1st Edition,PSA 9,2025-08-14,139.99,USD,eBay,unknown,FALSE,,,Pokemon Crobat Neo Revelation 1st Edition Holo Rare #4 PSA 9 Mint,https://www.ebay.es/itm/286523725309,PriceCharting
Neo Revelation,Crobat,4/64,1st Edition,PSA 9,2025-07-12,110.00,USD,eBay,unknown,FALSE,,,Crobat Holo 1st Edition - 2001 Pokémon Neo Revelation 4/64 - PSA 9 #6,https://www.ebay.es/itm/167613358403,PriceCharting
Neo Revelation,Crobat,4/64,1st Edition,PSA 9,2025-04-25,130.00,USD,eBay,unknown,FALSE,,,Pokemon 1st Edition Neo Revelation Crobat Holo #4 - PSA 9,https://www.ebay.es/itm/388286028486,PriceCharting
Neo Revelation,Crobat,4/64,1st Edition,PSA 9,2025-04-08,119.99,USD,eBay,unknown,FALSE,,,Pokemon Neo Revelation 1st Edition Crobat 4/64 Holo Rare PSA 9 Mint 4/64,https://www.ebay.es/itm/236038192770,PriceCharting
Neo Revelation,Crobat,4/64,1st Edition,PSA 8,2026-09-27,190.32,USD,eBay,unknown,FALSE,,,2001 POKEMON NEO REVELATION #4 CROBAT HOLO 1ST EDITION PSA 8 #4,https://www.ebay.es/itm/307184658792,PriceCharting
Neo Revelation,Crobat,4/64,1st Edition,PSA 8,2026-09-23,186.78,USD,eBay,unknown,FALSE,,,WED 23/09 Crobat Holo 4/64 1st Edition Neo Revelation Pokemon PSA 8 4/64,https://www.ebay.es/itm/206572213099,PriceCharting
Neo Revelation,Crobat,4/64,1st Edition,PSA 8,2026-09-13,254.90,USD,eBay,unknown,FALSE,,,2001 POKEMON NEO REVELATION #4 CROBAT-HOLO 1ST EDITION PSA 8 #4,https://www.ebay.es/itm/307158161812,PriceCharting
Neo Revelation,Crobat,4/64,1st Edition,PSA 8,2026-08-27,200.00,USD,eBay,unknown,FALSE,,,2001 POKEMON NEO REVELATION 1ST EDITION #4 CROBAT-HOLO PSA 8 #4,https://www.ebay.es/itm/298457647506,PriceCharting
Neo Revelation,Crobat,4/64,1st Edition,PSA 8,2026-08-05,150.00,USD,eBay,best offer,TRUE,,,2001 POKEMON NEO REVELATION 1ST EDITION #4 CROBAT-HOLO PSA 8 #4,https://www.ebay.es/itm/377337789969,PriceCharting
Neo Revelation,Crobat,4/64,1st Edition,PSA 8,2026-06-15,150.50,USD,eBay,unknown,FALSE,,,2001 POKEMON NEO REVELATION 1ST EDITION #4 CROBAT-HOLO PSA 8 #4,https://www.ebay.es/itm/298373060420,PriceCharting
Neo Revelation,Crobat,4/64,1st Edition,PSA 8,2026-05-27,179.79,USD,eBay,unknown,FALSE,,,2001 POKEMON NEO REVELATION 1ST EDITION #4 CROBAT-HOLO PSA 8 #4,https://www.ebay.es/itm/306963570028,PriceCharting
Neo Revelation,Crobat,4/64,1st Edition,PSA 8,2026-05-22,170.00,USD,eBay,best offer,TRUE,170.00,,2001 POKEMON NEO REVELATION 1ST EDITION #4 CROBAT-HOLO PSA 8 WOTC #4,https://www.ebay.es/itm/365920216091,PriceCharting
Neo Revelation,Crobat,4/64,1st Edition,PSA 8,2026-05-13,142.00,USD,eBay,unknown,FALSE,,,Pokemon Neo Revelation Crobat Holo 1st Edition 04/64 English PSA 8 04/64,https://www.ebay.es/itm/236804160366,PriceCharting
Neo Revelation,Crobat,4/64,1st Edition,PSA 8,2026-05-12,170.00,USD,eBay,unknown,FALSE,,,Pokémon 2001 Neo Revelation Crobat 04/64 1st Edition Holo Rare PSA 8 04/64,https://www.ebay.es/itm/257496352025,PriceCharting
Neo Revelation,Crobat,4/64,1st Edition,PSA 8,2026-05-05,169.95,USD,eBay,unknown,FALSE,,,"Pokémon Card 1st Ed. Crobat Holo Rare PSA 8 NM-Mint, Neo Revelation 4/64, 2001 4/64",https://www.ebay.es/itm/127778918229,PriceCharting
Neo Revelation,Crobat,4/64,1st Edition,PSA 8,2026-03-24,95.00,USD,eBay,unknown,FALSE,,,2001 PM Neo Revelation 1st Edition Crobat Holo PSA 8 NM-MT #4 Pokemon Card TCG 04/64,https://www.ebay.es/itm/227270253288,PriceCharting
Neo Revelation,Crobat,4/64,1st Edition,PSA 8,2026-03-19,150.00,USD,eBay,best offer,TRUE,150.00,,2001 POKEMON NEO REVELATION 1ST ED #4 CROBAT-HOLO PSA 8 #4,https://www.ebay.es/itm/306542595776,PriceCharting
Neo Revelation,Crobat,4/64,1st Edition,PSA 8,2026-02-18,81.00,USD,eBay,unknown,FALSE,,,2001 PM Neo Revelation 1st Edition Crobat Holo PSA 8 NM-MT #4 Pokemon Card TCG 04/64,https://www.ebay.es/itm/287128959628,PriceCharting
Neo Revelation,Crobat,4/64,1st Edition,PSA 8,2026-02-17,500.00,USD,eBay,best offer,TRUE,,,2001 POKEMON NEO REVELATION 1ST ED #4 CROBAT-HOLO PSA 8 #4,https://www.ebay.es/itm/297891630666,PriceCharting
Neo Revelation,Crobat,4/64,Unlimited,PSA 10,2026-09-28,3120,USD,Fanatics Collect,auction,FALSE,,40702447,,https://www.fanaticscollect.com/weekly/9795a35a-aebf-11f1-9593-0affc11edb49,PSA APR
Neo Revelation,Crobat,4/64,Unlimited,PSA 10,2026-09-20,1906.65,USD,eBay,best offer,TRUE,,26735914,,https://www.ebay.com/itm/137708875207,PSA APR
Neo Revelation,Crobat,4/64,Unlimited,PSA 10,2026-09-18,1999.95,USD,eBay,BIN,FALSE,,26277898,,https://www.ebay.com/itm/398401906687,PSA APR
Neo Revelation,Crobat,4/64,Unlimited,PSA 10,2025-06-16,288,USD,Fanatics Collect,auction,FALSE,,40702447,,https://www.fanaticscollect.com/weekly/98541386-42c2-11f0-8046-0a58a9feac02,PSA APR
Neo Revelation,Crobat,4/64,Unlimited,PSA 10,2025-06-16,264,USD,Fanatics Collect,auction,FALSE,,26277898,,https://www.fanaticscollect.com/weekly/98312b3c-42c2-11f0-8abe-0a58a9feac02,PSA APR
Neo Revelation,Crobat,4/64,Unlimited,PSA 10,2025-06-09,200.00,USD,eBay,unknown,FALSE,,,Pokemon TCG 2001 Crobat Holo 4/64 Neo Revelation Vintage ENGLISH PSA 10 4/64,https://www.ebay.es/itm/116643499310,PriceCharting
Neo Revelation,Crobat,4/64,Unlimited,PSA 10,2025-03-30,184.21,USD,eBay,unknown,FALSE,,,Pokemon TCG 2001 Crobat Holo 4/64 Neo Revelation Vintage ENGLISH PSA 10 4/64,https://www.ebay.es/itm/306196776018,PriceCharting
Neo Revelation,Crobat,4/64,Unlimited,PSA 10,2024-12-22,228.5,USD,eBay,auction,FALSE,,23382838,,https://www.ebay.com/itm/116417684457,PSA APR
Neo Revelation,Crobat,4/64,Unlimited,PSA 10,2024-04-12,158.50,USD,eBay,unknown,FALSE,,,2001 Pokemon Neo Revelation #4 Crobat - Holo PSA 10 GEM MINT,https://www.ebay.es/itm/364825283493,PriceCharting
Neo Revelation,Crobat,4/64,Unlimited,PSA 10,2024-01-30,205.40,USD,eBay,unknown,FALSE,,,Pokemon Card PSA 10 Crobat Neo Revelation Holo 4/64 POP 22,https://www.ebay.es/itm/276307536683,PriceCharting
Neo Revelation,Crobat,4/64,Unlimited,PSA 9,2026-09-24,132.38,USD,eBay,unknown,FALSE,,,Crobat Holo 4/64 PSA 9 Neo Revelation Pokemon Card Game 4/64,https://www.ebay.es/itm/287526552979,PriceCharting
Neo Revelation,Crobat,4/64,Unlimited,PSA 9,2026-07-16,102.00,USD,eBay,unknown,FALSE,,,Pokemon Crobat Neo Revelation Unlimited Holo Rare #4 PSA 9 Mint Vintage #4,https://www.ebay.es/itm/267696733489,PriceCharting
Neo Revelation,Crobat,4/64,Unlimited,PSA 9,2026-06-02,319.85,USD,eBay,best offer,TRUE,,,Pokemon PSA 9 Crobat #4 Holo Neo Revelation 2001 English,https://www.ebay.es/itm/286419109067,PriceCharting
Neo Revelation,Crobat,4/64,Unlimited,PSA 9,2026-05-15,82.85,USD,eBay,unknown,FALSE,,,Pokemon Neo Revelation 4/64 Crobat Holo PSA 9,https://www.ebay.es/itm/168356877331,PriceCharting
Neo Revelation,Crobat,4/64,Unlimited,PSA 9,2026-04-14,125.00,USD,eBay,unknown,FALSE,,,Pokemon Crobat Neo Revelation Unlimited Holo Rare #4 PSA 9 Mint,https://www.ebay.es/itm/286409979143,PriceCharting
Neo Revelation,Crobat,4/64,Unlimited,PSA 9,2026-03-12,80.00,USD,eBay,best offer,TRUE,80.00,,2001 Pokémon Neo Revelation Holo Rare Crobat 4/64 PSA 9 04/64,https://www.ebay.es/itm/397665747819,PriceCharting
Neo Revelation,Crobat,4/64,Unlimited,PSA 9,2026-03-06,91.00,USD,eBay,unknown,FALSE,,,2001 POKEMON NEO REVELATION #4 CROBAT-HOLO PSA 9 #4,https://www.ebay.es/itm/298066926399,PriceCharting
Neo Revelation,Crobat,4/64,Unlimited,PSA 9,2026-02-09,79.00,USD,eBay,unknown,FALSE,,,2001 POKEMON NEO REVELATION #4 CROBAT-HOLO PSA 9 #4,https://www.ebay.es/itm/117005673669,PriceCharting
Neo Revelation,Crobat,4/64,Unlimited,PSA 9,2026-01-30,90.00,USD,eBay,best offer,TRUE,90.00,,Pokémon TCG Crobat Holo Rare Card 04/64 Neo Revelation 2001 PSA 9 swril 04/64,https://www.ebay.es/itm/397550847914,PriceCharting
Neo Revelation,Crobat,4/64,Unlimited,PSA 9,2025-12-28,74.99,USD,eBay,unknown,FALSE,,,2001 CROBAT HOLO RARE NEO REVELATION POKEMON PSA 9 MINT #4/64 #4,https://www.ebay.es/itm/404970813751,PriceCharting
Neo Revelation,Crobat,4/64,Unlimited,PSA 9,2025-11-17,57.00,USD,eBay,unknown,FALSE,,,Pokemon Crobat Neo Revelation Unlimited Holo Rare #4 PSA 9 Mint,https://www.ebay.es/itm/286922256488,PriceCharting
Neo Revelation,Crobat,4/64,Unlimited,PSA 9,2025-10-26,63.90,USD,eBay,unknown,FALSE,,,Pokemon Crobat Neo Revelation Unlimited Holo Rare #4 PSA 9 Mint,https://www.ebay.es/itm/286882150973,PriceCharting
Neo Revelation,Crobat,4/64,Unlimited,PSA 9,2025-10-21,59.69,USD,eBay,unknown,FALSE,,,2001 Pokemon Neo Revelation #4 Crobat Holo PSA 9 MINT,https://www.ebay.es/itm/365924573482,PriceCharting
Neo Revelation,Crobat,4/64,Unlimited,PSA 9,2025-10-06,62.00,USD,eBay,unknown,FALSE,,,Crobat Neo Revelation 4/64 Pokemon Unlimited PSA 9 MINT Holo - JUST GRADED 4/64,https://www.ebay.es/itm/226962076769,PriceCharting
Neo Revelation,Crobat,4/64,Unlimited,PSA 9,2025-09-02,87.50,USD,eBay,unknown,FALSE,,,PSA 9 Crobat Unlimited Neo Revelation 4/64 Pokemon Card MINT Holo,https://www.ebay.es/itm/156168481861,PriceCharting
Neo Revelation,Crobat,4/64,Unlimited,PSA 9,2025-07-19,60.37,USD,eBay,unknown,FALSE,,,PSA 9 Crobat Unlimited Neo Revelation 4/64 Pokemon Card MINT Holo,https://www.ebay.es/itm/156507836471,PriceCharting
Neo Revelation,Crobat,4/64,Unlimited,PSA 8,2026-09-04,105.00,USD,eBay,unknown,FALSE,,,Pokemon Crobat Neo Revelation Unlimited Holo Rare #4 PSA 8,https://www.ebay.es/itm/287248916252,PriceCharting
Neo Revelation,Crobat,4/64,Unlimited,PSA 8,2026-08-13,85.00,USD,eBay,unknown,FALSE,,,Pokemon TCG Neo Revelation Crobat Holo Rare EN 04/64 2001 PSA 8 04/64,https://www.ebay.es/itm/377403404355,PriceCharting
Neo Revelation,Crobat,4/64,Unlimited,PSA 8,2026-08-09,124.00,USD,eBay,unknown,FALSE,,,2001 Pokemon Neo Revelation Crobat 4/64 Holo Rare PSA 8 NM/MINT SWIRL 04/64,https://www.ebay.es/itm/267722862221,PriceCharting
Neo Revelation,Crobat,4/64,Unlimited,PSA 8,2026-07-26,79.81,USD,eBay,unknown,FALSE,,,2001 POKEMON NEO REVELATION #4/64 CROBAT HOLO RARE PSA 8 4/64,https://www.ebay.es/itm/206423871548,PriceCharting
Neo Revelation,Crobat,4/64,Unlimited,PSA 8,2026-07-09,79.95,USD,eBay,unknown,FALSE,,,2001 Pokemon Neo Revelation Crobat Holo Swirl #4 PSA 8 NM-MT,https://www.ebay.es/itm/198360449025,PriceCharting
Neo Revelation,Crobat,4/64,Unlimited,PSA 8,2026-06-28,76.00,USD,eBay,unknown,FALSE,,,2001 Pokemon Crobat PSA 8 NM-MT Holo Rare #4/64 Neo Revelation WOTC SWIRL 🌀 04/64,https://www.ebay.es/itm/318475251233,PriceCharting
Neo Revelation,Crobat,4/64,Unlimited,PSA 8,2026-06-18,79.99,USD,eBay,unknown,FALSE,,,Pokemon PSA 8 Neo Revelation Crobat Holo Rare 4/64 NM-MINT 4/64,https://www.ebay.es/itm/158000486463,PriceCharting
Neo Revelation,Crobat,4/64,Unlimited,PSA 8,2026-04-09,165.00,USD,eBay,best offer,TRUE,,,Crobat-Holo Pokemon Neo Revelation 4 NM PSA 8 #4,https://www.ebay.es/itm/336522161057,PriceCharting
Neo Revelation,Crobat,4/64,Unlimited,PSA 8,2026-04-08,74.99,USD,eBay,unknown,FALSE,,,PSA 8 NM-MT Pokemon Crobat 4/64 Holo Neo Revelation Unlimited 2001 English #4,https://www.ebay.es/itm/206167343079,PriceCharting
Neo Revelation,Crobat,4/64,Unlimited,PSA 8,2026-04-07,95.88,USD,eBay,unknown,FALSE,,,2001 Pokemon Neo Revelation Crobat Holo PSA 8 #4,https://www.ebay.es/itm/198263151135,PriceCharting
Neo Revelation,Crobat,4/64,Unlimited,PSA 8,2026-04-02,69.99,USD,eBay,unknown,FALSE,,,CROBAT 4/64 Unlimited Neo Revelation Holo Rare Pokemon Card PSA 8 NM-MT,https://www.ebay.es/itm/275562852860,PriceCharting
Neo Revelation,Crobat,4/64,Unlimited,PSA 8,2026-02-02,69.99,USD,eBay,unknown,FALSE,,,2001 Pokemon Neo Revelation Crobat Holo #4 PSA 8 NM-MT 04/64,https://www.ebay.es/itm/136530576528,PriceCharting
Neo Revelation,Crobat,4/64,Unlimited,PSA 8,2026-01-28,79.00,USD,eBay,unknown,FALSE,,,2001 Pokemon Neo Revelation #4 Crobat Holo PSA 8 NM-MT,https://www.ebay.es/itm/366139147213,PriceCharting
Neo Revelation,Crobat,4/64,Unlimited,PSA 8,2026-01-25,44.00,USD,eBay,best offer,TRUE,44.00,,2001 Pokemon Neo Revelation Crobat Holo #4 PSA 8 NM-MT 04/64,https://www.ebay.es/itm/236510186388,PriceCharting
Neo Revelation,Crobat,4/64,Unlimited,PSA 8,2026-01-08,76.46,USD,eBay,unknown,FALSE,,,PSA 8 NM-MT Pokemon Crobat 4/64 Holo Neo Revelation Unlimited 2001 English #4,https://www.ebay.es/itm/226903654070,PriceCharting
Neo Revelation,Delibird,5/64,1st Edition,PSA 10,2026-09-24,6499,USD,eBay,BIN,FALSE,,26928338,,https://www.ebay.com/itm/298701158599,PSA APR
Neo Revelation,Delibird,5/64,1st Edition,PSA 10,2026-09-19,6500,USD,Fanatics Collect,best offer,TRUE,,43422189,,https://www.fanaticscollect.com/buy-now/e183d94a-cb50-4f3e-9451-2db516b885a8,PSA APR
Neo Revelation,Delibird,5/64,1st Edition,PSA 10,2026-08-31,5000.00,USD,eBay,unknown,FALSE,,,Pokemon Delibird Holo Neo Revelation 5/64 1st Edition PSA 10 Gem Mint #May-64,https://www.ebay.es/itm/287541281503,PriceCharting
Neo Revelation,Delibird,5/64,1st Edition,PSA 10,2026-06-22,1644.00,USD,eBay,unknown,FALSE,,,2001 POKEMON NEO REVELATION 1ST EDITION #5 DELIBIRD-HOLO PSA 10 #5,https://www.ebay.es/itm/298414095558,PriceCharting
Neo Revelation,Delibird,5/64,1st Edition,PSA 10,2026-04-27,2130,USD,Fanatics Collect,auction,FALSE,,43878165,,https://www.fanaticscollect.com/weekly/d06125a2-352e-11f1-bbf0-0a58a9feac02,PSA APR
Neo Revelation,Delibird,5/64,1st Edition,PSA 10,2026-04-26,2026.00,USD,eBay,unknown,FALSE,,,Pokemon Delibird Neo Revelation 1st Edition Holo Rare #5 PSA 10 Gem Mint,https://www.ebay.es/itm/287278224489,PriceCharting
Neo Revelation,Delibird,5/64,1st Edition,PSA 10,2026-04-20,2190,USD,Fanatics Collect,auction,FALSE,,26535320,,https://www.fanaticscollect.com/weekly/5011cb26-32af-11f1-814f-0a58a9feac02,PSA APR
Neo Revelation,Delibird,5/64,1st Edition,PSA 10,2026-04-13,2130,USD,Fanatics Collect,auction,FALSE,,43081953,,https://www.fanaticscollect.com/weekly/d3fe1e38-2e33-11f1-98ba-0a143b45c2db,PSA APR
Neo Revelation,Delibird,5/64,1st Edition,PSA 10,2026-03-22,2858,USD,Fanatics Collect,BIN,FALSE,,43081953,,https://www.fanaticscollect.com/buy-now/da29cb9d-6911-404b-a54c-b4478fb433cd,PSA APR
Neo Revelation,Delibird,5/64,1st Edition,PSA 10,2026-03-05,4488.88,USD,eBay,unknown,FALSE,,,2001 Pokemon 1st Edition Neo Revelation #5 Delibird Holo PSA 10 GEM MINT! Pop 64 #5,https://www.ebay.es/itm/157716525343,PriceCharting
Neo Revelation,Delibird,5/64,1st Edition,PSA 10,2026-02-01,2169.44,USD,eBay,unknown,FALSE,,,2001 POKEMON NEO REVELATION 1ST EDITION #5 DELIBIRD-HOLO PSA 10 #5,https://www.ebay.es/itm/306728172418,PriceCharting
Neo Revelation,Delibird,5/64,1st Edition,PSA 10,2026-01-31,2000,USD,eBay,best offer,TRUE,,26928338,,https://www.ebay.com/itm/267549802061,PSA APR
Neo Revelation,Delibird,5/64,1st Edition,PSA 10,2026-01-29,1750,USD,eBay,BIN,FALSE,,25826314,,https://www.ebay.com/itm/187718288829,PSA APR
Neo Revelation,Delibird,5/64,1st Edition,PSA 10,2025-09-20,1200.00,USD,eBay,unknown,FALSE,,,2001 POKEMON NEO REVELATION 1ST ED #5 DELIBIRD-HOLO PSA 10 #5,https://www.ebay.es/itm/116780302832,PriceCharting
Neo Revelation,Delibird,5/64,1st Edition,PSA 10,2025-08-10,720.00,USD,eBay,unknown,FALSE,,,Pokemon Delibird Neo Revelation 1st Edition Holo Rare #5 PSA 10 Gem Mint,https://www.ebay.es/itm/286739114419,PriceCharting
Neo Revelation,Delibird,5/64,1st Edition,PSA 10,2025-05-23,1000.00,USD,eBay,unknown,FALSE,,,Pokemon WOTC Neo Revelation 1st Edition: Delibird Holo Rare 5/64 - PSA 10 5/64,https://www.ebay.es/itm/286587458138,PriceCharting
Neo Revelation,Delibird,5/64,1st Edition,PSA 10,2025-03-22,524.37,USD,eBay,unknown,FALSE,,,Pokemon WOTC Neo Revelation 1st Edition: Delibird Holo Rare 5/64 - PSA 10,https://www.ebay.es/itm/334830525141,PriceCharting
Neo Revelation,Delibird,5/64,1st Edition,PSA 10,2025-02-27,289.83,USD,eBay,best offer,TRUE,,28888407,,https://www.ebay.com/itm/186986574466,PSA APR
Neo Revelation,Delibird,5/64,1st Edition,PSA 10,2025-02-25,600.00,USD,eBay,unknown,FALSE,,,Pokemon WOTC Neo Revelation 1st Edition: Delibird Holo Rare 5/64 - PSA 10 5/64,https://www.ebay.es/itm/267150264499,PriceCharting
Neo Revelation,Delibird,5/64,1st Edition,PSA 10,2025-02-04,257.45,USD,eBay,best offer,TRUE,,28888407,,https://www.ebay.com/itm/186270596402,PSA APR
Neo Revelation,Delibird,5/64,1st Edition,PSA 10,2024-12-04,400.00,USD,eBay,unknown,FALSE,,,Pokemon Delibird Neo Revelation 1st Edition Holo Rare #5 PSA 10 Gem Mint,https://www.ebay.es/itm/286035992193,PriceCharting
Neo Revelation,Delibird,5/64,1st Edition,PSA 10,2024-12-02,400.00,USD,eBay,unknown,FALSE,,,2001 Pokemon Neo Revelation 1st Edition #5 Delibird PSA 10 Holo #5,https://www.ebay.es/itm/145946569334,PriceCharting
Neo Revelation,Delibird,5/64,1st Edition,PSA 10,2024-08-21,260.00,USD,eBay,unknown,FALSE,,,2001 Pokemon Neo Revelation 1st Edition Delibird Holo #5 PSA 10 GEM MT,https://www.ebay.es/itm/335521408061,PriceCharting
Neo Revelation,Delibird,5/64,1st Edition,PSA 10,2024-01-02,350.00,USD,eBay,unknown,FALSE,,,2001 Pokemon Neo Revelation 1st Edition #5 Delibird HOLO PSA 10,https://www.ebay.es/itm/256122669672,PriceCharting
Neo Revelation,Delibird,5/64,1st Edition,PSA 10,2023-11-25,339.99,USD,eBay,unknown,FALSE,,,Pokemon PSA 10 Gem Mint 1st Ed. Neo Revelation Holo Delibird 5/64 (JC) #5,https://www.ebay.es/itm/325867027139,PriceCharting
Neo Revelation,Delibird,5/64,1st Edition,PSA 9,2026-09-28,475.00,USD,eBay,unknown,FALSE,,,2001 Pokemon Neo Revelation 1st Edition Delibird #5 5/64 Holo Rare PSA 9 5/64,https://www.ebay.es/itm/188824194070,PriceCharting
Neo Revelation,Delibird,5/64,1st Edition,PSA 9,2026-09-06,331.69,USD,eBay,unknown,FALSE,,,2001 POKEMON NEO REVELATION 1ST EDITION #5 DELIBIRD-HOLO PSA 9 #5,https://www.ebay.es/itm/307149335699,PriceCharting
Neo Revelation,Delibird,5/64,1st Edition,PSA 9,2026-08-17,206.50,USD,eBay,unknown,FALSE,,,Pokemon Delibird Holo Neo Revelation 5/64 1st Edition PSA 9 Mint #May-64,https://www.ebay.es/itm/287511103705,PriceCharting
Neo Revelation,Delibird,5/64,1st Edition,PSA 9,2026-08-16,223.50,USD,eBay,unknown,FALSE,,,Pokemon Delibird Holo Neo Revelation 5/64 1st Edition PSA 9 Mint #May-64,https://www.ebay.es/itm/287511098737,PriceCharting
Neo Revelation,Delibird,5/64,1st Edition,PSA 9,2026-08-16,335.00,USD,eBay,unknown,FALSE,,,Pokemon Delibird Holo Neo Revelation 5/64 1st Edition PSA 9 Mint #May-64,https://www.ebay.es/itm/287511099242,PriceCharting
Neo Revelation,Delibird,5/64,1st Edition,PSA 9,2026-08-05,179.67,USD,eBay,unknown,FALSE,,,2001 POKEMON NEO REVELATION #5 DELIBIRD-HOLO 1ST EDITION PSA 9 #5,https://www.ebay.es/itm/307090508222,PriceCharting
Neo Revelation,Delibird,5/64,1st Edition,PSA 9,2026-06-28,202.00,USD,eBay,unknown,FALSE,,,Pokemon Delibird Holo Neo Revelation 5/64 1st Edition PSA 9 #23498,https://www.ebay.es/itm/287399656216,PriceCharting
Neo Revelation,Delibird,5/64,1st Edition,PSA 9,2026-04-26,250.00,USD,eBay,unknown,FALSE,,,Pokemon Delibird Neo Revelation 1st Edition Holo Rare #5 PSA 9 Mint,https://www.ebay.es/itm/287292342714,PriceCharting
Neo Revelation,Delibird,5/64,1st Edition,PSA 9,2026-04-06,224.42,USD,eBay,unknown,FALSE,,,PSA 9 Delibird Neo Revelation 1st Edition 5/64 Graded Pokemon Card,https://www.ebay.es/itm/297997268724,PriceCharting
Neo Revelation,Delibird,5/64,1st Edition,PSA 9,2026-03-18,225.00,USD,eBay,unknown,FALSE,,,2001 POKEMON NEO REVELATION DELIBIRD HOLO #5 1ST EDITION PSA 9 #5,https://www.ebay.es/itm/377043676923,PriceCharting
Neo Revelation,Delibird,5/64,1st Edition,PSA 9,2026-03-18,225.00,USD,eBay,best offer,TRUE,225.00,,Pokemon PSA 9 1st Edition Neo Revelation Delibird Holo Rare 5/64 MINT 5/64,https://www.ebay.es/itm/157719125288,PriceCharting
Neo Revelation,Delibird,5/64,1st Edition,PSA 9,2026-03-18,178.19,USD,eBay,unknown,FALSE,,,DELIBIRD 2001 POKEMON NEO REVELATION 1ST EDITION RARE HOLO 5/64 PSA 9 Q1241,https://www.ebay.es/itm/277790929154,PriceCharting
Neo Revelation,Delibird,5/64,1st Edition,PSA 9,2026-03-16,162.50,USD,eBay,unknown,FALSE,,,PSA 9 Delibird 1st Edition Holo Rare Neo Revelation 2001 Pokemon Card #5 A21,https://www.ebay.es/itm/175008632966,PriceCharting
Neo Revelation,Delibird,5/64,1st Edition,PSA 9,2026-03-15,250.00,USD,eBay,unknown,FALSE,,,2001 POKEMON NEO REVELATION DELIBIRD HOLO #5 1ST EDITION PSA 9! #5,https://www.ebay.es/itm/377033565451,PriceCharting
Neo Revelation,Delibird,5/64,1st Edition,PSA 9,2026-03-02,150.00,USD,eBay,best offer,TRUE,,,2001 Pokémon Neo Revelation Holo Rare Delibird First Edition 5/64 PSA 9 05/64,https://www.ebay.es/itm/397665852818,PriceCharting
Neo Revelation,Delibird,5/64,1st Edition,PSA 9,2026-02-20,159.99,USD,eBay,unknown,FALSE,,,2001 POKEMON NEO REVELATION DELIBIRD HOLO #5 1ST EDITION PSA 9!,https://www.ebay.es/itm/397630607154,PriceCharting
Neo Revelation,Delibird,5/64,1st Edition,PSA 9,2026-02-16,155.00,USD,eBay,unknown,FALSE,,,2001 POKEMON NEO REVELATION 1ST ED #5 DELIBIRD-HOLO PSA 9 #5,https://www.ebay.es/itm/146899849546,PriceCharting
Neo Revelation,Delibird,5/64,1st Edition,PSA 9,2026-02-14,155.00,USD,eBay,unknown,FALSE,,,Pokemon Delibird Neo Revelation 1st Edition Holo Rare #5 PSA 9 Mint,https://www.ebay.es/itm/287074691476,PriceCharting
Neo Revelation,Delibird,5/64,1st Edition,PSA 9,2026-01-26,149.99,USD,eBay,unknown,FALSE,,,2000 Pokemon Neo Revelation Delibird 1st Edition Holo Rare #5 PSA 9 Mint 05/64,https://www.ebay.es/itm/167914849294,PriceCharting
Neo Revelation,Delibird,5/64,1st Edition,PSA 9,2025-12-06,139.97,USD,eBay,unknown,FALSE,,,Pokemon Delibird Neo Revelation 1st Edition Holo Rare #5/64 PSA 9 Mint 5/64,https://www.ebay.es/itm/389183021830,PriceCharting
Neo Revelation,Delibird,5/64,1st Edition,PSA 9,2025-10-26,127.50,USD,eBay,unknown,FALSE,,,Pokemon Delibird Neo Revelation 1st Edition Holo Rare #5 PSA 9 Mint,https://www.ebay.es/itm/286882766842,PriceCharting
Neo Revelation,Delibird,5/64,1st Edition,PSA 9,2025-10-21,95.50,USD,eBay,unknown,FALSE,,,2001 Pokemon Neo Revelation 1st Edition #5 Delibird Holo PSA 9 MINT,https://www.ebay.es/itm/389100707893,PriceCharting
Neo Revelation,Delibird,5/64,1st Edition,PSA 9,2025-10-06,140.00,USD,eBay,unknown,FALSE,,,Pokemon 1st Edition Delibird 05/64 PSA 9 Mint Neo Revelation Holo Rare! Vintage 05/64,https://www.ebay.es/itm/157352508576,PriceCharting
Neo Revelation,Delibird,5/64,1st Edition,PSA 9,2025-09-25,112.50,USD,eBay,unknown,FALSE,,,2001 Pokemon Neo Revelation 1st Edition #5 Delibird Holo PSA 9 MINT,https://www.ebay.es/itm/388981269930,PriceCharting
Neo Revelation,Delibird,5/64,1st Edition,PSA 8,2026-09-13,149.36,USD,eBay,unknown,FALSE,,,2001 POKEMON NEO REVELATION #5 DELIBIRD-HOLO 1ST EDITION PSA 8 #5,https://www.ebay.es/itm/307158161794,PriceCharting
Neo Revelation,Delibird,5/64,1st Edition,PSA 8,2026-08-05,139.99,USD,eBay,unknown,FALSE,,,Delibird 05/64 PSA 8 1st Edition Neo Revelation Holo Pokémon TCG Tomokazu Komiya 05/64,https://www.ebay.es/itm/318611135595,PriceCharting
Neo Revelation,Delibird,5/64,1st Edition,PSA 8,2026-06-14,121.00,USD,eBay,unknown,FALSE,,,Pokemon 2001 Delibird 5/64 Holo 1st Edition Neo Revelation PSA 8 5/64,https://www.ebay.es/itm/406980307349,PriceCharting
Neo Revelation,Delibird,5/64,1st Edition,PSA 8,2026-06-07,119.99,USD,eBay,unknown,FALSE,,,Psa 8 Pokemon 2001 Delibird 1st Edition Holo Neo 5/64 PSA 8 Revelation 5/64,https://www.ebay.es/itm/306950249084,PriceCharting
Neo Revelation,Delibird,5/64,1st Edition,PSA 8,2026-05-31,123.50,USD,eBay,unknown,FALSE,,,Pokemon Delibird Neo Revelation 1st Edition Holo Rare #5 PSA 8,https://www.ebay.es/itm/287344936192,PriceCharting
Neo Revelation,Delibird,5/64,1st Edition,PSA 8,2026-05-25,102.50,USD,eBay,unknown,FALSE,,,Pokemon 2001 Delibird 5/64 Holo 1st Edition Neo Revelation PSA 8 5/64,https://www.ebay.es/itm/406933696317,PriceCharting
Neo Revelation,Delibird,5/64,1st Edition,PSA 8,2026-04-24,102.50,USD,eBay,unknown,FALSE,,,2001 POKEMON NEO REVELATION 1ST ED #5 DELIBIRD-HOLO PSA 8 #5,https://www.ebay.es/itm/366361193840,PriceCharting
Neo Revelation,Delibird,5/64,1st Edition,PSA 8,2026-04-19,150.00,USD,eBay,unknown,FALSE,,,2001 Pokémon Neo Revelation Delibird Holo 1st Edition #5 PSA 8 NM-MT WOTC Rare🔥 #5,https://www.ebay.es/itm/318110942416,PriceCharting
Neo Revelation,Delibird,5/64,1st Edition,PSA 8,2026-04-19,141.50,USD,eBay,unknown,FALSE,,,2001 POKEMON NEO REVELATION 1ST EDITION #5 DELIBIRD-HOLO PSA 8 #5,https://www.ebay.es/itm/298199764283,PriceCharting
Neo Revelation,Delibird,5/64,1st Edition,PSA 8,2026-04-18,120.00,USD,eBay,unknown,FALSE,,,Pokemon 1st Edition Delibird Holo PSA 8 Near Mint-Mint 5/64 Neo Revelation,https://www.ebay.es/itm/227305591149,PriceCharting
Neo Revelation,Delibird,5/64,1st Edition,PSA 8,2026-03-15,154.50,USD,eBay,unknown,FALSE,,,2001 POKEMON NEO REVELATION 1ST EDITION #5 DELIBIRD-HOLO PSA 8 #5,https://www.ebay.es/itm/306807480524,PriceCharting
Neo Revelation,Delibird,5/64,1st Edition,PSA 8,2026-01-30,75.00,USD,eBay,best offer,TRUE,75.00,,PSA 8 Delibird 2001 Neo Revelation 1st Edition 5/64 Holo Pokemon Card 5/64,https://www.ebay.es/itm/267248455158,PriceCharting
Neo Revelation,Delibird,5/64,1st Edition,PSA 8,2025-12-19,54.09,USD,eBay,unknown,FALSE,,,2001 POKEMON NEO REVELATION 1ST EDITION #5/64 DELIBIRD HOLO PSA 8 5/64,https://www.ebay.es/itm/205913803981,PriceCharting
Neo Revelation,Delibird,5/64,1st Edition,PSA 8,2025-12-14,75.00,USD,eBay,unknown,FALSE,,,"PSA 8 NM to MT Holo, 1st Edition Delibird (5/64) Neo Revelation Pokemon Card 5/64",https://www.ebay.es/itm/136824511170,PriceCharting
Neo Revelation,Delibird,5/64,1st Edition,PSA 8,2025-10-31,54.00,USD,eBay,best offer,TRUE,54.00,,2001 POKEMON NEO REVELATION 1ST ED #5 DELIBIRD-HOLO PSA 8 #5,https://www.ebay.es/itm/357712879012,PriceCharting
Neo Revelation,Delibird,5/64,1st Edition,PSA 8,2025-09-22,64.00,USD,eBay,unknown,FALSE,,,🔥 PSA 8 MINT 🔥 2001 Pokémon Neo Revelation 1st Edition #5 Delibird Holo RARE 5/64,https://www.ebay.es/itm/236277200350,PriceCharting
Neo Revelation,Delibird,5/64,1st Edition,PSA 8,2025-09-08,66.00,USD,eBay,unknown,FALSE,,,2001 POKEMON NEO REVELATION 1ST ED #5 DELIBIRD-HOLO PSA 8 #5,https://www.ebay.es/itm/116752037629,PriceCharting
Neo Revelation,Delibird,5/64,1st Edition,PSA 8,2025-08-30,79.07,USD,eBay,unknown,FALSE,,,2001 Delibird 5/64 1st Edition Neo Revelation Holo Rare PSA 8 Pokemon TCG,https://www.ebay.es/itm/335738822970,PriceCharting
Neo Revelation,Delibird,5/64,1st Edition,PSA 8,2025-07-20,78.50,USD,eBay,unknown,FALSE,,,Pokemon Cards: 1st Edition Neo Revelation Rare Holo: Delibird 5/64: PSA 8 #5,https://www.ebay.es/itm/317069506128,PriceCharting
Neo Revelation,Delibird,5/64,1st Edition,PSA 8,2025-07-13,80.33,USD,eBay,unknown,FALSE,,,Pokemon PSA 8 NM-MT 1st Edition Neo Revelation Holo Delibird 5/64 5/64,https://www.ebay.es/itm/186799363682,PriceCharting
Neo Revelation,Delibird,5/64,1st Edition,PSA 8,2025-06-26,67.50,USD,eBay,unknown,FALSE,,,2001 POKEMON NEO REVELATION 1ST EDITION #5 DELIBIRD-HOLO PSA 8 SWIRL #5,https://www.ebay.es/itm/177127858357,PriceCharting
Neo Revelation,Delibird,5/64,Unlimited,PSA 10,2026-09-17,3000,USD,eBay,BIN,FALSE,,41955449,,https://www.ebay.com/itm/298521938100,PSA APR
Neo Revelation,Delibird,5/64,Unlimited,PSA 10,2026-08-31,1900.43,USD,eBay,best offer,TRUE,,41581444,,https://www.ebay.com/itm/206297716815,PSA APR
Neo Revelation,Delibird,5/64,Unlimited,PSA 10,2026-03-13,2000.00,USD,eBay,unknown,FALSE,,,Pokemon Delibird Neo Revelation Unlimited Holo Rare #5 PSA 10 Gem Mint,https://www.ebay.es/itm/287168810923,PriceCharting
Neo Revelation,Delibird,5/64,Unlimited,PSA 10,2026-02-08,1250.00,USD,eBay,best offer,TRUE,1250.00,,2001 POKEMON NEO REVELATION #5 DELIBIRD-HOLO PSA 10 #5,https://www.ebay.es/itm/306552996048,PriceCharting
Neo Revelation,Delibird,5/64,Unlimited,PSA 10,2025-08-11,510.17,USD,eBay,unknown,FALSE,,,Pokemon Delibird Neo Revelation Unlimited Holo Rare #5 PSA 10 Gem Mint,https://www.ebay.es/itm/286739114772,PriceCharting
Neo Revelation,Delibird,5/64,Unlimited,PSA 10,2025-03-26,240,USD,eBay,best offer,TRUE,,42208725,,https://www.ebay.com/itm/197123886585,PSA APR
Neo Revelation,Delibird,5/64,Unlimited,PSA 10,2024-08-13,225.00,USD,eBay,unknown,FALSE,,,PSA 10 GEM MINT Pokemon Neo Revelation Delibird Holo #5 LOW POP. 25! #5,https://www.ebay.es/itm/176517052548,PriceCharting
Neo Revelation,Delibird,5/64,Unlimited,PSA 10,2023-12-03,299.99,USD,eBay,unknown,FALSE,,,2001 Pokemon Neo Revelation Unlimited #5 Delibird PSA 10 Gem Mint,https://www.ebay.es/itm/134693304468,PriceCharting
Neo Revelation,Delibird,5/64,Unlimited,PSA 9,2026-07-08,145.00,USD,eBay,unknown,FALSE,,,Pokemon Delibird Neo Revelation Unlimited Holo Rare #5 PSA 9 Mint #5,https://www.ebay.es/itm/127941806085,PriceCharting
Neo Revelation,Delibird,5/64,Unlimited,PSA 9,2026-05-28,125.00,USD,eBay,unknown,FALSE,,,Pokemon Delibird Neo Revelation Unlimited Holo Rare #5 PSA 9 Mint,https://www.ebay.es/itm/286409979078,PriceCharting
Neo Revelation,Delibird,5/64,Unlimited,PSA 9,2026-03-30,106.95,USD,eBay,unknown,FALSE,,,Pokemon Neo Revelation Delibird 5/64 PSA 9,https://www.ebay.es/itm/336372044322,PriceCharting
Neo Revelation,Delibird,5/64,Unlimited,PSA 9,2026-03-27,89.99,USD,eBay,unknown,FALSE,,,Pokémon TCG Delibird Holo Rare Card 5/64 Neo Revelation PSA 9 Mint 05/64,https://www.ebay.es/itm/366223073220,PriceCharting
Neo Revelation,Delibird,5/64,Unlimited,PSA 9,2026-02-13,74.90,USD,eBay,unknown,FALSE,,,2001 Pokemon Neo Revelation #5 Delibird Holo PSA 9 MINT,https://www.ebay.es/itm/376936098780,PriceCharting
Neo Revelation,Delibird,5/64,Unlimited,PSA 9,2025-12-22,100.00,USD,eBay,unknown,FALSE,,,Pokemon Delibird Neo Revelation Unlimited Holo Rare #5 PSA 9 Mint,https://www.ebay.es/itm/286167126381,PriceCharting
Neo Revelation,Delibird,5/64,Unlimited,PSA 9,2025-11-30,72.99,USD,eBay,unknown,FALSE,,,PSA 9 Delibird 05/64 Neo Revelation Holo Pokemon TCG 05/64,https://www.ebay.es/itm/267375283438,PriceCharting
Neo Revelation,Delibird,5/64,Unlimited,PSA 9,2025-11-16,70.69,USD,eBay,unknown,FALSE,,,Pokemon Delibird Neo Revelation Unlimited Holo Rare #5 PSA 9 Mint,https://www.ebay.es/itm/286921881160,PriceCharting
Neo Revelation,Delibird,5/64,Unlimited,PSA 9,2025-11-01,79.00,USD,eBay,unknown,FALSE,,,2001 Pokemon Neo Revelation Delibird Holo 5/64 PSA 9 Mint 5/64,https://www.ebay.es/itm/404970807558,PriceCharting
Neo Revelation,Delibird,5/64,Unlimited,PSA 9,2025-10-21,72.00,USD,eBay,unknown,FALSE,,,2001 Pokemon Neo Revelation #5 Delibird Holo PSA 9 MINT,https://www.ebay.es/itm/376625029395,PriceCharting
Neo Revelation,Delibird,5/64,Unlimited,PSA 9,2025-07-20,69.99,USD,eBay,unknown,FALSE,,,Pokémon TCG Delibird 5/64 Neo Revelation Holo Rare PSA 9 MINT 5/64,https://www.ebay.es/itm/197319137712,PriceCharting
Neo Revelation,Delibird,5/64,Unlimited,PSA 9,2025-05-24,64.95,USD,eBay,unknown,FALSE,,,PSA 9 Pokémon TCG Delibird 05/64 Neo Revelation Holo Rare 05/64,https://www.ebay.es/itm/356638540631,PriceCharting
Neo Revelation,Delibird,5/64,Unlimited,PSA 9,2025-05-15,69.99,USD,eBay,unknown,FALSE,,,Pokémon TCG Delibird 5/64 Neo Revelation Holo Rare PSA 9 MINT 5/64,https://www.ebay.es/itm/196475972728,PriceCharting
Neo Revelation,Delibird,5/64,Unlimited,PSA 9,2025-05-14,59.95,USD,eBay,unknown,FALSE,,,2001 Pokemon Neo Revelation Delibird Holo Foil 5/64 PSA 9 Mint Vintage Rare WOTC 5/64,https://www.ebay.es/itm/356649047550,PriceCharting
Neo Revelation,Delibird,5/64,Unlimited,PSA 9,2025-03-15,59.99,USD,eBay,unknown,FALSE,,,Delibird Holo #5 PSA 9 2001 Pokemon Neo Revelation WOTC #5,https://www.ebay.es/itm/405591849962,PriceCharting
Neo Revelation,Delibird,5/64,Unlimited,PSA 9,2025-02-21,65.00,USD,eBay,unknown,FALSE,,,2001 Pokemon Neo Revelation Delibird Holo Foil 5/64 PSA 9 Mint Vintage Rare WOTC 5/64,https://www.ebay.es/itm/116487776890,PriceCharting
Neo Revelation,Delibird,5/64,Unlimited,PSA 9,2024-12-07,59.95,USD,eBay,unknown,FALSE,,,Pokemon 2001 Neo Revelation Delibird Holo 5/64 - PSA 9 5/64,https://www.ebay.es/itm/226479529190,PriceCharting
Neo Revelation,Delibird,5/64,Unlimited,PSA 9,2024-09-30,45.49,USD,eBay,unknown,FALSE,,,Delibird 05/64 Neo Revelation Holo PSA 9 Mint Graded Pokemon Card 05/64,https://www.ebay.es/itm/126693916174,PriceCharting
Neo Revelation,Delibird,5/64,Unlimited,PSA 9,2024-09-27,54.00,USD,eBay,unknown,FALSE,,,2001 POKEMON NEO REVELATION #5 DELIBIRD-HOLO PSA 9,https://www.ebay.es/itm/305790290877,PriceCharting
Neo Revelation,Delibird,5/64,Unlimited,PSA 8,2026-09-21,115.00,USD,eBay,unknown,FALSE,,,Delibird PSA 8 Neo Revelation Holo 2001 5/64 Pokemon Card 5/64,https://www.ebay.es/itm/117418907725,PriceCharting
Neo Revelation,Delibird,5/64,Unlimited,PSA 8,2026-07-09,77.00,USD,eBay,unknown,FALSE,,,Delibird 05/64 Neo Revelation Holo 2001 Pokémon Card PSA 8 NM-MT 05/64,https://www.ebay.es/itm/156669221921,PriceCharting
Neo Revelation,Delibird,5/64,Unlimited,PSA 8,2026-06-18,129.99,USD,eBay,unknown,FALSE,,,Pokemon Delibird Neo Revelation Unlimited Holo Rare 5/64 PSA 8 - 💫 SWIRL 5/64,https://www.ebay.es/itm/318448783994,PriceCharting
Neo Revelation,Delibird,5/64,Unlimited,PSA 8,2026-06-18,103.50,USD,eBay,unknown,FALSE,,,2001 Pokemon Neo Revelation #5 Delibird Holo PSA 8 NM-MT,https://www.ebay.es/itm/366470092352,PriceCharting
Neo Revelation,Delibird,5/64,Unlimited,PSA 8,2026-04-30,96.10,USD,eBay,unknown,FALSE,,,Delibird - Holo - PSA 8 - Neo Revelation - 2001 - #5/64 - Pokemon - Vintage 5/64,https://www.ebay.es/itm/205869689084,PriceCharting
Neo Revelation,Delibird,5/64,Unlimited,PSA 8,2026-04-12,94.18,USD,eBay,unknown,FALSE,,,Pokemon Card Delibird 5/64 Holo Neo Revelation WOTC PSA 8 5/64,https://www.ebay.es/itm/326958295076,PriceCharting
Neo Revelation,Delibird,5/64,Unlimited,PSA 8,2026-04-11,59.00,USD,eBay,unknown,FALSE,,,PSA 8 NM-MT Delibird Neo Revelation Holo Rare Pokemon Card 5/64,https://www.ebay.es/itm/206146994986,PriceCharting
Neo Revelation,Delibird,5/64,Unlimited,PSA 8,2026-04-08,52.99,USD,eBay,unknown,FALSE,,,2001 POKEMON NEO REVELATION #5 DELIBIRD-HOLO PSA 8 #5,https://www.ebay.es/itm/298157466454,PriceCharting
Neo Revelation,Delibird,5/64,Unlimited,PSA 8,2026-04-03,60.00,USD,eBay,unknown,FALSE,,,2001 Pokémon Neo Revelation Delibird Holo PSA 8 05/64,https://www.ebay.es/itm/377078007228,PriceCharting
Neo Revelation,Delibird,5/64,Unlimited,PSA 8,2026-02-20,56.00,USD,eBay,unknown,FALSE,,,2001 POKEMON NEO REVELATION #5 DELIBIRD-HOLO PSA 8 #5,https://www.ebay.es/itm/306755251447,PriceCharting
Neo Revelation,Delibird,5/64,Unlimited,PSA 8,2026-02-02,52.00,USD,eBay,unknown,FALSE,,,Pokemon TCG Delibird 5/64 Holo Rare Card PSA 8 NM-MT Neo Revelation Unlimited 05/64,https://www.ebay.es/itm/326854302978,PriceCharting
Neo Revelation,Delibird,5/64,Unlimited,PSA 8,2025-11-07,60.00,USD,eBay,unknown,FALSE,,,Pokemon Cards: Neo Revelation Rare Holo: Delibird 5/64: PSA 8 #5,https://www.ebay.es/itm/306429804205,PriceCharting
Neo Revelation,Delibird,5/64,Unlimited,PSA 8,2025-10-14,55.00,USD,eBay,unknown,FALSE,,,Pokemon Cards: Neo Revelation Rare Holo: Delibird 5/64: PSA 8 #5,https://www.ebay.es/itm/227024164745,PriceCharting
Neo Revelation,Entei,6/64,1st Edition,PSA 10,2026-09-28,312000,USD,Fanatics Collect,auction,FALSE,,24746684,,https://www.fanaticscollect.com/weekly/0f89b2f8-b21b-11f1-a7be-0a58a9feac02,PSA APR
Neo Revelation,Entei,6/64,1st Edition,PSA 10,2026-08-10,41180,USD,Goldin Auctions,auction,FALSE,,28888486,,https://goldin.co/item/2001-pokemon-neo-revelation-1st-edition-6-entei-holo-psa-gem-mt-10dp8ub,PSA APR
Neo Revelation,Entei,6/64,1st Edition,PSA 10,2026-07-27,45600,USD,Fanatics Collect,auction,FALSE,,27333208,,https://www.fanaticscollect.com/weekly/2e8c6c26-815c-11f1-9609-0a58a9feac02,PSA APR
Neo Revelation,Entei,6/64,1st Edition,PSA 10,2026-01-11,16200.00,USD,eBay,unknown,FALSE,,,Pokemon Entei Neo Revelation 1st Edition Holo Rare #6 PSA 10 Gem Mint,https://www.ebay.es/itm/287045664304,PriceCharting
Neo Revelation,Entei,6/64,1st Edition,PSA 10,2025-10-24,13364.00,USD,eBay,unknown,FALSE,,,2001 Pokémon Entei #6/64 Holo Neo Revelation - PSA 10 1st Edition POP 40!,https://www.ebay.es/itm/286231390612,PriceCharting
Neo Revelation,Entei,6/64,1st Edition,PSA 10,2025-06-02,9400.00,USD,eBay,unknown,FALSE,,,Pokemon Entei Neo Revelation 1st Edition Holo Rare #6 PSA 10 Gem Mint,https://www.ebay.es/itm/286590233145,PriceCharting
Neo Revelation,Entei,6/64,1st Edition,PSA 10,2025-01-15,10000,USD,eBay,best offer,TRUE,,27285199,,https://www.ebay.com/itm/405472131849,PSA APR
Neo Revelation,Entei,6/64,1st Edition,PSA 10,2023-12-28,5294.03,USD,eBay,unknown,FALSE,,,PSA 10 2001 Pokemon Neo Revelation 1st Edition Entei Holo 6/64 WOTC GEM MINT #6,https://www.ebay.es/itm/145506947213,PriceCharting
Neo Revelation,Entei,6/64,1st Edition,PSA 10,2023-12-11,5800.00,USD,eBay,unknown,FALSE,,,2001 Neo Revelation 6 Entei 1st Edition Holo Rare Pokemon TCG Card PSA 10 #6,https://www.ebay.es/itm/386363388726,PriceCharting
Neo Revelation,Entei,6/64,1st Edition,PSA 10,2023-11-23,5925.00,USD,eBay,unknown,FALSE,,,2001 Neo Revelation 6 Entei 1st Edition Holo Rare Pokemon TCG Card PSA 10 #6,https://www.ebay.es/itm/325882063820,PriceCharting
Neo Revelation,Entei,6/64,1st Edition,PSA 9,2026-09-24,2300.00,USD,eBay,unknown,FALSE,,,2001 POKEMON NEO REVELATION 1ST EDITION #6 ENTEI-HOLO PSA 9 #6,https://www.ebay.es/itm/298312587637,PriceCharting
Neo Revelation,Entei,6/64,1st Edition,PSA 9,2026-09-02,1800.00,USD,eBay,unknown,FALSE,,,POKEMON ENTEI 2001 NEO REVELATION #6 1ST EDITION HOLO PSA 9 #6,https://www.ebay.es/itm/800564525065,PriceCharting
Neo Revelation,Entei,6/64,1st Edition,PSA 9,2026-08-29,2000.00,USD,eBay,unknown,FALSE,,,2001 POKEMON NEO REVELATION 1ST EDITION #6 ENTEI-HOLO PSA 9 #6,https://www.ebay.es/itm/117266463673,PriceCharting
Neo Revelation,Entei,6/64,1st Edition,PSA 9,2026-08-14,1900.00,USD,eBay,unknown,FALSE,,,Pokemon Neo Revelation Entei Holo Rare 1st Edition 2001 PSA 9 06/64,https://www.ebay.es/itm/227476037389,PriceCharting
Neo Revelation,Entei,6/64,1st Edition,PSA 9,2026-08-14,1750.00,USD,eBay,unknown,FALSE,,,PSA 9 MINT Entei 6 Neo Revelation 1st Edition Holo Pokemon Card #6,https://www.ebay.es/itm/147422815161,PriceCharting
Neo Revelation,Entei,6/64,1st Edition,PSA 9,2026-08-10,1560.51,USD,eBay,unknown,FALSE,,,Pokemon Entei Holo Neo Revelation 6/64 1st Edition PSA 9 Mint #Jun-64,https://www.ebay.es/itm/287495387341,PriceCharting
Neo Revelation,Entei,6/64,1st Edition,PSA 9,2026-07-18,1889.89,USD,eBay,best offer,TRUE,1867.27,,PSA 9 1st Edition Neo Revelation Entei 6/64 Holo Rare Pokemon TCG,https://www.ebay.es/itm/307061312505,PriceCharting
Neo Revelation,Entei,6/64,1st Edition,PSA 9,2026-07-03,1800.00,USD,eBay,best offer,TRUE,1800.00,,2001 POKEMON NEO REVELATION 1ST EDITION #6 ENTEI-HOLO PSA 9 #6,https://www.ebay.es/itm/398047484697,PriceCharting
Neo Revelation,Entei,6/64,1st Edition,PSA 9,2026-06-14,1825.69,USD,eBay,unknown,FALSE,,,Pokemon Entei Neo Revelation 1st Edition Holo Rare #6 PSA 9 Mint,https://www.ebay.es/itm/287372426008,PriceCharting
Neo Revelation,Entei,6/64,1st Edition,PSA 9,2026-06-02,1800.00,USD,eBay,best offer,TRUE,1800.00,,PSA 9 MINT 1st Edition HOLO Entei Pokemon 2001 Neo Revelation 6/64,https://www.ebay.es/itm/257533285782,PriceCharting
Neo Revelation,Entei,6/64,1st Edition,PSA 9,2026-05-18,1875.00,USD,eBay,unknown,FALSE,,,PSA 9 - 2001 Pokemon Neo Revelation 1st Edition ENTEI HOLO #6 #6,https://www.ebay.es/itm/358518751415,PriceCharting
Neo Revelation,Entei,6/64,1st Edition,PSA 9,2026-04-26,2125.00,USD,eBay,unknown,FALSE,,,Pokemon Entei Neo Revelation 1st Edition Holo Rare #6 PSA 9 Mint,https://www.ebay.es/itm/287280440198,PriceCharting
Neo Revelation,Entei,6/64,1st Edition,PSA 9,2026-04-13,2550.00,USD,eBay,unknown,FALSE,,,Pokemon Entei Neo Revelation 1st Edition Holo Rare #6 PSA 9 Mint,https://www.ebay.es/itm/287247660613,PriceCharting
Neo Revelation,Entei,6/64,1st Edition,PSA 9,2026-04-13,1700.00,USD,eBay,unknown,FALSE,,,Pokemon Entei Neo Revelation 1st Edition Holo Rare #6 PSA 9 Mint,https://www.ebay.es/itm/287251627768,PriceCharting
Neo Revelation,Entei,6/64,1st Edition,PSA 9,2026-04-02,1900.00,USD,eBay,best offer,TRUE,1900.00,,2001 POKEMON NEO REVELATION 1ST ED #6 ENTEI-HOLO PSA 9 #6,https://www.ebay.es/itm/306857342536,PriceCharting
Neo Revelation,Entei,6/64,1st Edition,PSA 9,2026-03-17,2033.81,USD,eBay,unknown,FALSE,,,Entei 1st Edition 6/64 PSA 9 MINT Pokemon Neo Revelation 1st-Ed Holo Rare 6/64,https://www.ebay.es/itm/389763050287,PriceCharting
Neo Revelation,Entei,6/64,1st Edition,PSA 9,2026-03-17,2060.45,USD,eBay,unknown,FALSE,,,Entei 1st Edition 6/64 PSA 9 MINT Pokemon Neo Revelation 1st-Ed Holo Rare 6/64,https://www.ebay.es/itm/389634250049,PriceCharting
Neo Revelation,Entei,6/64,1st Edition,PSA 9,2026-03-08,2049.99,USD,eBay,unknown,FALSE,,,2001 POKEMON NEO REVELATION 1ST ED #6 ENTEI-HOLO PSA 9 #6,https://www.ebay.es/itm/298038354511,PriceCharting
Neo Revelation,Entei,6/64,1st Edition,PSA 8,2026-09-29,1058.27,USD,eBay,unknown,FALSE,,,2001 POKEMON NEO REVELATION 1ST EDITION 6/64 ENTEI HOLO PSA 8 06/64,https://www.ebay.es/itm/287582900223,PriceCharting
Neo Revelation,Entei,6/64,1st Edition,PSA 8,2026-09-28,1500.00,USD,eBay,unknown,FALSE,,,Pokemon Entei Neo Revelation 1st Edition Holo Rare #6 PSA 8 #6,https://www.ebay.es/itm/198281834682,PriceCharting
Neo Revelation,Entei,6/64,1st Edition,PSA 8,2026-09-23,900.00,USD,eBay,best offer,TRUE,,,Entei 6/64 Holo Rare -2001 Pokémon 1st Edition Neo Revelation- PSA 8 06/64,https://www.ebay.es/itm/298684972304,PriceCharting
Neo Revelation,Entei,6/64,1st Edition,PSA 8,2026-09-06,1050.00,USD,eBay,unknown,FALSE,,,2001 POKEMON NEO REVELATION 1ST EDITION #6 ENTEI-HOLO PSA 8 #6,https://www.ebay.es/itm/298620897840,PriceCharting
Neo Revelation,Entei,6/64,1st Edition,PSA 8,2026-08-11,824.99,USD,eBay,unknown,FALSE,,,Pokemon 2001 Entei #6 Neo Revelation Holo Card PSA 8 NM-Mint!! 🔥1st Edition🔥 #6,https://www.ebay.es/itm/800468207339,PriceCharting
Neo Revelation,Entei,6/64,1st Edition,PSA 8,2026-08-10,747.00,USD,eBay,unknown,FALSE,,,2001 POKEMON NEO REVELATION 1ST EDITION #6 ENTEI-HOLO PSA 8 #6,https://www.ebay.es/itm/307098648931,PriceCharting
Neo Revelation,Entei,6/64,1st Edition,PSA 8,2026-08-02,731.76,USD,eBay,best offer,TRUE,718.72,,Pokémon Entei Holo #6 Neo Revelation 1st Edition PSA 8,https://www.ebay.es/itm/168573453796,PriceCharting
Neo Revelation,Entei,6/64,1st Edition,PSA 8,2026-07-20,710.00,USD,eBay,unknown,FALSE,,,2001 POKEMON NEO REVELATION 1ST EDITION #6 ENTEI-HOLO PSA 8 #6,https://www.ebay.es/itm/358792651414,PriceCharting
Neo Revelation,Entei,6/64,1st Edition,PSA 8,2026-07-12,700.00,USD,eBay,unknown,FALSE,,,Pokemon Entei Holo Neo Revelation 6/64 1st Edition PSA 8 #Jun-64,https://www.ebay.es/itm/287436134304,PriceCharting
Neo Revelation,Entei,6/64,1st Edition,PSA 8,2026-07-03,730.00,USD,eBay,unknown,FALSE,,,2001 POKEMON NEO REVELATION 1ST EDITION #6 ENTEI-HOLO PSA 8 #6,https://www.ebay.es/itm/117267285447,PriceCharting
Neo Revelation,Entei,6/64,1st Edition,PSA 8,2026-07-01,1000.00,USD,eBay,unknown,FALSE,,,Pokemon Entei Holo Neo Revelation 6/64 1st Edition PSA 8 #23529,https://www.ebay.es/itm/287401983927,PriceCharting
Neo Revelation,Entei,6/64,1st Edition,PSA 8,2026-06-30,800.00,USD,eBay,unknown,FALSE,,,2001 POKEMON NEO REVELATION 1ST EDITION #6 ENTEI-HOLO PSA 8 #6,https://www.ebay.es/itm/117261816502,PriceCharting
Neo Revelation,Entei,6/64,1st Edition,PSA 8,2026-06-21,1382.74,USD,eBay,unknown,FALSE,,,Pokemon Cards: Neo Revelation 1st Edition Rare Holo: Entei 6/64 PSA 8 #6,https://www.ebay.es/itm/318431985428,PriceCharting
Neo Revelation,Entei,6/64,1st Edition,PSA 8,2026-06-19,785.00,USD,eBay,unknown,FALSE,,,2001 POKEMON NEO REVELATION 1ST EDITION #6 ENTEI-HOLO PSA 8 ***SWIRL*** #6,https://www.ebay.es/itm/278045454662,PriceCharting
Neo Revelation,Entei,6/64,1st Edition,PSA 8,2026-06-10,710.00,USD,eBay,unknown,FALSE,,,2001 Pokemon Neo Revelation 1st Edition Entei Holo #6/64 PSA 8,https://www.ebay.es/itm/127902739125,PriceCharting
Neo Revelation,Entei,6/64,1st Edition,PSA 8,2026-06-07,954.44,USD,eBay,unknown,FALSE,,,2001 POKEMON NEO REVELATION 1ST EDITION #6 ENTEI-HOLO PSA 8 #6,https://www.ebay.es/itm/298366140315,PriceCharting
Neo Revelation,Entei,6/64,1st Edition,PSA 8,2026-06-05,787.00,USD,eBay,unknown,FALSE,,,153516779 Entei 2001 Pokemon Neo Revelation 1st Edition #6/64 Holo PSA 8 #Jun-64,https://www.ebay.es/itm/157949985236,PriceCharting
Neo Revelation,Entei,6/64,1st Edition,PSA 8,2026-05-27,932.00,USD,eBay,unknown,FALSE,,,2001 POKEMON NEO REVELATION 1ST EDITION #6 ENTEI-HOLO PSA 8 #6,https://www.ebay.es/itm/306946997095,PriceCharting
Neo Revelation,Entei,6/64,1st Edition,PSA 8,2026-05-23,900.00,USD,eBay,best offer,TRUE,900.00,,2001 POKEMON NEO REVELATION 1ST EDITION #6 ENTEI-HOLO PSA 8 #6,https://www.ebay.es/itm/188404559215,PriceCharting
Neo Revelation,Entei,6/64,1st Edition,PSA 8,2026-05-20,849.99,USD,eBay,unknown,FALSE,,,2001 POKEMON NEO REVELATION 1ST EDITION #6 ENTEI-HOLO PSA 8 #6,https://www.ebay.es/itm/117195145246,PriceCharting
Neo Revelation,Entei,6/64,1st Edition,PSA 8,2026-05-16,720.00,USD,eBay,best offer,TRUE,720.00,,2001 Pokemon Neo Revelation 1st Edition Holo Entei #6 PSA 8 6/64,https://www.ebay.es/itm/267668114481,PriceCharting
Neo Revelation,Entei,6/64,1st Edition,PSA 8,2026-05-06,899.99,USD,eBay,unknown,FALSE,,,2001 Pokemon Neo Revelation 1st Edition Holo Entei #6 PSA 8 6/64,https://www.ebay.es/itm/277956378061,PriceCharting
Neo Revelation,Entei,6/64,1st Edition,PSA 8,2026-04-26,590.00,USD,eBay,unknown,FALSE,,,Pokemon Entei Neo Revelation 1st Edition Holo Rare #6 PSA 8,https://www.ebay.es/itm/287278112820,PriceCharting
Neo Revelation,Entei,6/64,1st Edition,PSA 8,2026-04-21,530.00,USD,eBay,unknown,FALSE,,,Pokemon ENTEI HOLO Neo Revelation 1st Edition PSA 8 06/64,https://www.ebay.es/itm/206208497169,PriceCharting
Neo Revelation,Entei,6/64,1st Edition,PSA 8,2026-04-13,725.00,USD,eBay,best offer,TRUE,725.00,,Pokémon TCG Entei 1st edition Neo Revelation PSA 8 #6,https://www.ebay.es/itm/137199679290,PriceCharting
Neo Revelation,Entei,6/64,Unlimited,PSA 10,2026-09-22,37999,USD,Fanatics Collect,best offer,TRUE,,94732161,,https://www.fanaticscollect.com/buy-now/eddd491c-48cf-460c-8208-15f26ba2e17a,PSA APR
Neo Revelation,Entei,6/64,Unlimited,PSA 10,2026-03-22,32000.00,USD,eBay,unknown,FALSE,,,🌀 SWIRL - 2001 POKEMON NEO REVELATION #6 ENTEI-HOLO PSA 10 #6,https://www.ebay.es/itm/389745795657,PriceCharting
Neo Revelation,Entei,6/64,Unlimited,PSA 9,2026-09-30,1000.00,USD,eBay,unknown,FALSE,,,2001 POKEMON NEO REVELATION #6 ENTEI-HOLO PSA 9 #6,https://www.ebay.es/itm/298570092235,PriceCharting
Neo Revelation,Entei,6/64,Unlimited,PSA 9,2026-09-27,850.00,USD,eBay,unknown,FALSE,,,Pokémon Entei 6/64 Neo Revelation Holo Rare PSA 9 English 2001 06/64,https://www.ebay.es/itm/366495016741,PriceCharting
Neo Revelation,Entei,6/64,Unlimited,PSA 9,2026-09-24,292.50,USD,eBay,unknown,FALSE,,,Pokémon Entei 2001 Neo Revelation 6/64 Holo PSA 9 6/64,https://www.ebay.es/itm/800673240784,PriceCharting
Neo Revelation,Entei,6/64,Unlimited,PSA 9,2026-09-14,775.00,USD,eBay,unknown,FALSE,,,2001 Pokemon Neo Revelation Entei Holo PSA 9 6 #6,https://www.ebay.es/itm/257679218361,PriceCharting
Neo Revelation,Entei,6/64,Unlimited,PSA 9,2026-08-31,630.00,USD,eBay,unknown,FALSE,,,Pokemon 2001 Entei 6/64 Holo Rare Neo Revelation PSA 9 6/64,https://www.ebay.es/itm/407159962506,PriceCharting
Neo Revelation,Entei,6/64,Unlimited,PSA 9,2026-08-30,473.00,USD,eBay,unknown,FALSE,,,Pokemon Entei Holo Neo Revelation Unlimited 6/64 PSA 9 Mint #Jun-64,https://www.ebay.es/itm/287541276023,PriceCharting
Neo Revelation,Entei,6/64,Unlimited,PSA 9,2026-07-28,700.00,USD,eBay,best offer,TRUE,700.00,,2001 POKEMON NEO REVELATION #6 ENTEI-HOLO PSA 9 #6,https://www.ebay.es/itm/298390497229,PriceCharting
Neo Revelation,Entei,6/64,Unlimited,PSA 9,2026-07-15,510.00,USD,eBay,best offer,TRUE,,,2001 Pokemon Neo Revelation #6 Entei Holo PSA 9 MINT #6,https://www.ebay.es/itm/398159900019,PriceCharting
Neo Revelation,Entei,6/64,Unlimited,PSA 9,2026-07-01,570.00,USD,eBay,unknown,FALSE,,,2001 Pokemon Neo Revelation #6 Entei Holo PSA 9 MINT,https://www.ebay.es/itm/800232070891,PriceCharting
Neo Revelation,Entei,6/64,Unlimited,PSA 9,2026-06-24,575.00,USD,eBay,best offer,TRUE,,,2001 POKEMON NEO REVELATION #6 ENTEI-HOLO PSA 9 #6,https://www.ebay.es/itm/168452000856,PriceCharting
Neo Revelation,Entei,6/64,Unlimited,PSA 9,2026-06-15,599.99,USD,eBay,unknown,FALSE,,,2001 Pokémon Neo Revelation Entei Holo 6/64 PSA 9 MINT #6,https://www.ebay.es/itm/157305379643,PriceCharting
Neo Revelation,Entei,6/64,Unlimited,PSA 9,2026-06-03,631.41,USD,eBay,unknown,FALSE,,,2001 Pokemon Neo Revelation Entei Holo 6/64 PSA 9 6/64,https://www.ebay.es/itm/257498733350,PriceCharting
Neo Revelation,Entei,6/64,Unlimited,PSA 9,2026-05-07,560.00,USD,eBay,unknown,FALSE,,,2001 Pokemon Neo Revelation #6 Entei Holo PSA 9 MINT 06/64,https://www.ebay.es/itm/298177544711,PriceCharting
Neo Revelation,Entei,6/64,Unlimited,PSA 9,2026-05-07,550.00,USD,eBay,unknown,FALSE,,,2001 Pokemon Neo Revelation #6 Entei Holo PSA 9 MINT,https://www.ebay.es/itm/377150753028,PriceCharting
Neo Revelation,Entei,6/64,Unlimited,PSA 9,2026-05-04,448.94,USD,eBay,best offer,TRUE,436.80,,2001 Pokemon Neo Revelation #6 Entei Holo PSA 9 MINT,https://www.ebay.es/itm/206246181018,PriceCharting
Neo Revelation,Entei,6/64,Unlimited,PSA 9,2026-04-29,550.00,USD,eBay,unknown,FALSE,,,Entei Holo Unlimited Pokemon Neo Revelation 6 NM PSA 9 #6,https://www.ebay.es/itm/397105999352,PriceCharting
Neo Revelation,Entei,6/64,Unlimited,PSA 9,2026-04-22,570.00,USD,eBay,unknown,FALSE,,,2001 Pokemon Neo Revelation #6 Entei Holo PSA 9 MINT,https://www.ebay.es/itm/366347446934,PriceCharting
Neo Revelation,Entei,6/64,Unlimited,PSA 9,2026-04-11,549.99,USD,eBay,unknown,FALSE,,,Pokemon Entei 6/64 Neo Revelation Holo PSA 9 6/64,https://www.ebay.es/itm/366333179196,PriceCharting
Neo Revelation,Entei,6/64,Unlimited,PSA 9,2026-03-22,476.00,USD,eBay,unknown,FALSE,,,Pokemon Entei Neo Revelation Unlimited Holo Rare #6 PSA 9 Mint,https://www.ebay.es/itm/287195445343,PriceCharting
Neo Revelation,Entei,6/64,Unlimited,PSA 9,2026-03-14,410.13,USD,eBay,best offer,TRUE,410.16,,PSA 9 Pokémon TCG Entei Holo Neo Revelation Card 6/64,https://www.ebay.es/itm/168227556140,PriceCharting
Neo Revelation,Entei,6/64,Unlimited,PSA 9,2026-02-23,415.00,USD,eBay,unknown,FALSE,,,2001 Pokemon Neo Revelation Entei Holo #6/64 PSA 9 6/64,https://www.ebay.es/itm/117039595185,PriceCharting
Neo Revelation,Entei,6/64,Unlimited,PSA 8,2026-09-29,310.00,USD,eBay,unknown,FALSE,,,2001 Pokemon Neo Revelation #6 Entei Holo PSA 8 NM-MT,https://www.ebay.es/itm/377506448444,PriceCharting
Neo Revelation,Entei,6/64,Unlimited,PSA 8,2026-09-28,320.00,USD,eBay,unknown,FALSE,,,Entei 6/64 2001 Holo - PSA 8 - Neo Revelation Set - Pokemon Card 6/64,https://www.ebay.es/itm/188750275853,PriceCharting
Neo Revelation,Entei,6/64,Unlimited,PSA 8,2026-09-14,350.00,USD,eBay,unknown,FALSE,,,2001 Entei Pokemon Neo Revelation #6 PSA 8 Graded Pokemon Card #6,https://www.ebay.es/itm/377458206959,PriceCharting
Neo Revelation,Entei,6/64,Unlimited,PSA 8,2026-09-14,255.00,USD,eBay,unknown,FALSE,,,2001 POKEMON NEO REVELATION #6 ENTEI-HOLO PSA 8 #6,https://www.ebay.es/itm/307162569491,PriceCharting
Neo Revelation,Entei,6/64,Unlimited,PSA 8,2026-08-27,350.00,USD,eBay,best offer,TRUE,,,2001 POKEMON NEO REVELATION #6 ENTEI-HOLO PSA 8 #6,https://www.ebay.es/itm/298575999337,PriceCharting
Neo Revelation,Entei,6/64,Unlimited,PSA 8,2026-08-27,330.01,USD,eBay,unknown,FALSE,,,2001 POKEMON NEO REVELATION #6 ENTEI-HOLO PSA 8 #6,https://www.ebay.es/itm/298599992761,PriceCharting
Neo Revelation,Entei,6/64,Unlimited,PSA 8,2026-08-10,305.00,USD,eBay,unknown,FALSE,,,Entei 6/64 Pokemon Neo Revelation Holo Rare Card PSA 8 6/64,https://www.ebay.es/itm/158151321310,PriceCharting
Neo Revelation,Entei,6/64,Unlimited,PSA 8,2026-08-01,388.24,USD,eBay,unknown,FALSE,,,Entei 6/64 2001 Holo - PSA 8 - Neo Revelation Set - Pokemon Card 6/64,https://www.ebay.es/itm/257653356335,PriceCharting
Neo Revelation,Entei,6/64,Unlimited,PSA 8,2026-07-30,324.00,USD,eBay,unknown,FALSE,,,2001 POKEMON NEO REVELATION #6 ENTEI-HOLO PSA 8 #6,https://www.ebay.es/itm/117313769432,PriceCharting
Neo Revelation,Entei,6/64,Unlimited,PSA 8,2026-07-26,398.67,USD,eBay,unknown,FALSE,,,Entei 6/64 2001 Holo - PSA 8 - Neo Revelation Set - Pokemon Card 6/64,https://www.ebay.es/itm/127908810592,PriceCharting
Neo Revelation,Entei,6/64,Unlimited,PSA 8,2026-07-22,305.00,USD,eBay,unknown,FALSE,,,2001 Pokemon Neo Revelation #6 Entei Holo PSA 8 NM-MT,https://www.ebay.es/itm/377343093235,PriceCharting
Neo Revelation,Entei,6/64,Unlimited,PSA 8,2026-07-19,340.00,USD,eBay,unknown,FALSE,,,2001 POKEMON NEO REVELATION #6 ENTEI-HOLO PSA 8,https://www.ebay.es/itm/178297954350,PriceCharting
Neo Revelation,Entei,6/64,Unlimited,PSA 8,2026-07-13,316.00,USD,eBay,unknown,FALSE,,,2001 POKEMON NEO REVELATION #6 ENTEI-HOLO PSA 8 #6,https://www.ebay.es/itm/298472256468,PriceCharting
Neo Revelation,Entei,6/64,Unlimited,PSA 8,2026-07-07,369.99,USD,eBay,unknown,FALSE,,,PSA 8 Pokemon Neo Revelation Unlimited Holo Rare SWIRL Entei 6/64 NM/MINT!,https://www.ebay.es/itm/227412125806,PriceCharting
Neo Revelation,Entei,6/64,Unlimited,PSA 8,2026-05-16,330.00,USD,eBay,best offer,TRUE,330.00,,Pokémon Entei 6/64 Neo Revelation Holo Rare PSA 8 English 2001 06/64,https://www.ebay.es/itm/358430540893,PriceCharting
Neo Revelation,Entei,6/64,Unlimited,PSA 8,2026-05-13,305.00,USD,eBay,unknown,FALSE,,,Entei 6/64 2001 Holo Swirl - PSA 8 - Neo Revelation Set - Pokemon Card 6/64,https://www.ebay.es/itm/358523586584,PriceCharting
Neo Revelation,Entei,6/64,Unlimited,PSA 8,2026-05-07,275.00,USD,eBay,best offer,TRUE,,,Entei Holo Rare #6 2001 Pokemon TCG Neo Revelation PSA 8 Mint 6/64 #6,https://www.ebay.es/itm/306655588846,PriceCharting
Neo Revelation,Entei,6/64,Unlimited,PSA 8,2026-05-04,294.00,USD,eBay,unknown,FALSE,,,Pokemon Entei Neo Revelation Unlimited Holo Rare #6 PSA 8,https://www.ebay.es/itm/287248916232,PriceCharting
Neo Revelation,Entei,6/64,Unlimited,PSA 8,2026-05-03,275.00,USD,eBay,unknown,FALSE,,,Pokémon PSA 8 Entei 06/64 Neo Revelation Holo 06/64,https://www.ebay.es/itm/187976609891,PriceCharting
Neo Revelation,Entei,6/64,Unlimited,PSA 8,2026-04-28,275.00,USD,eBay,unknown,FALSE,,,Pokemon Entei Neo Revelation Unlimited Holo Rare #6 PSA 8,https://www.ebay.es/itm/287248916261,PriceCharting
Neo Revelation,Entei,6/64,Unlimited,PSA 8,2026-04-27,180.00,USD,eBay,unknown,FALSE,,,Pokemon Entei Neo Revelation Unlimited Holo Rare #6 PSA 8,https://www.ebay.es/itm/287278207312,PriceCharting
Neo Revelation,Ho-oh,7/64,1st Edition,PSA 10,2026-09-27,140000,USD,eBay,BIN,FALSE,,40811026,,https://www.ebay.com/itm/117431572739,PSA APR
Neo Revelation,Ho-oh,7/64,1st Edition,PSA 10,2026-09-08,23000,USD,eBay,BIN,FALSE,,25826316,,https://www.ebay.com/itm/178033992680,PSA APR
Neo Revelation,Ho-oh,7/64,1st Edition,PSA 10,2026-08-31,19500.00,USD,eBay,unknown,FALSE,,,Pokemon 2001 Ho-Oh 7/64 Holo Neo Revelation 1st Edition GEM MINT PSA 10 7/64,https://www.ebay.es/itm/406920455841,PriceCharting
Neo Revelation,Ho-oh,7/64,1st Edition,PSA 10,2026-08-18,15000.00,USD,eBay,unknown,FALSE,,,Pokemon Ho-Oh Neo Revelation 1st Edition Holo Rare #7 PSA 10 Gem Mint,https://www.ebay.es/itm/287278302276,PriceCharting
Neo Revelation,Ho-oh,7/64,1st Edition,PSA 10,2026-08-09,14100.00,USD,eBay,unknown,FALSE,,,Pokemon Ho-oh Holo Neo Revelation 7/64 1st Edition PSA 10 Gem Mint #23559,https://www.ebay.es/itm/287497670654,PriceCharting
Neo Revelation,Ho-oh,7/64,1st Edition,PSA 10,2026-06-22,14400,USD,Fanatics Collect,auction,FALSE,,28823895,,https://www.fanaticscollect.com/weekly/42c0f256-5552-11f1-86bd-0259a6df3a4f,PSA APR
Neo Revelation,Ho-oh,7/64,1st Edition,PSA 10,2026-05-25,13800,USD,Fanatics Collect,auction,FALSE,,25489646,,https://www.fanaticscollect.com/weekly/3b80bef8-4734-11f1-8253-0a58a9feac02,PSA APR
Neo Revelation,Ho-oh,7/64,1st Edition,PSA 10,2026-04-30,12300,USD,eBay,auction,FALSE,,63144232,,https://www.ebay.com/itm/389926167916,PSA APR
Neo Revelation,Ho-oh,7/64,1st Edition,PSA 10,2026-04-20,14030,USD,Goldin Auctions,auction,FALSE,,26735896,,https://goldin.co/item/2001-pokemon-neo-revelation-1st-edition-holo-7-ho-oh-psa-gem-mt-10u3tkh,PSA APR
Neo Revelation,Ho-oh,7/64,1st Edition,PSA 10,2026-04-14,16000.00,USD,eBay,best offer,TRUE,16000.00,,Pokemon - 1st Edition 2001 Neo Revelation Ho-oh #7 - PSA 10 #7,https://www.ebay.es/itm/397805738947,PriceCharting
Neo Revelation,Ho-oh,7/64,1st Edition,PSA 10,2026-03-06,11000.00,USD,eBay,unknown,FALSE,,,2001 POKEMON Ho-oh Holo (SWIRL) Neo Revelation 1st Edition PSA 10 GEM MINT 07/64,https://www.ebay.es/itm/127721636657,PriceCharting
Neo Revelation,Ho-oh,7/64,1st Edition,PSA 10,2026-02-22,9900.00,USD,eBay,unknown,FALSE,,,2001 POKEMON NEO REVELATION 1ST ED #7 HO-OH-HOLO PSA 10 #7,https://www.ebay.es/itm/117051623953,PriceCharting
Neo Revelation,Ho-oh,7/64,1st Edition,PSA 10,2026-02-19,12000,USD,eBay,BIN,FALSE,,47320354,,https://www.ebay.com/itm/227174339971,PSA APR
Neo Revelation,Ho-oh,7/64,1st Edition,PSA 10,2026-02-01,9000.00,USD,eBay,best offer,TRUE,9000.00,,Pokemon - 1st Edition Neo Revelation Ho-oh #7 - PSA 10 GEM MINT w/ SWIRL!,https://www.ebay.es/itm/277643103675,PriceCharting
Neo Revelation,Ho-oh,7/64,1st Edition,PSA 10,2026-01-27,6500.00,USD,eBay,best offer,TRUE,6500.00,,2001 POKEMON NEO REVELATION 1ST ED #7 HO-OH-HOLO PSA 10 #7,https://www.ebay.es/itm/116989544545,PriceCharting
Neo Revelation,Ho-oh,7/64,1st Edition,PSA 10,2025-12-22,5611.00,USD,eBay,unknown,FALSE,,,Pokemon Ho-Oh Neo Revelation 1st Edition Holo Rare #7 PSA 10 Gem Mint,https://www.ebay.es/itm/287006803340,PriceCharting
Neo Revelation,Ho-oh,7/64,1st Edition,PSA 10,2025-12-14,7000.00,USD,eBay,unknown,FALSE,,,Pokémon TCG Ho-Oh Neo Revelation Holo Card 7/64 1st Edition Rare PSA 10 07/64,https://www.ebay.es/itm/167959786567,PriceCharting
Neo Revelation,Ho-oh,7/64,1st Edition,PSA 10,2025-12-04,7000,USD,Fanatics Collect,best offer,TRUE,,62412731,,https://www.fanaticscollect.com/buy-now/4b8cafef-600e-4d57-9575-a226466c276a,PSA APR
Neo Revelation,Ho-oh,7/64,1st Edition,PSA 10,2025-11-17,5556.00,USD,eBay,unknown,FALSE,,,Pokemon Ho-Oh Neo Revelation 1st Edition Holo Rare #7 PSA 10 Gem Mint,https://www.ebay.es/itm/286921625093,PriceCharting
Neo Revelation,Ho-oh,7/64,1st Edition,PSA 10,2025-11-10,6900,USD,Fanatics Collect,auction,FALSE,,27567405,,https://www.fanaticscollect.com/weekly/64a14df2-b350-11f0-bea5-068066d5ebd7,PSA APR
Neo Revelation,Ho-oh,7/64,1st Edition,PSA 10,2025-07-27,4000.00,USD,eBay,unknown,FALSE,,,Pokemon Ho-Oh Neo Revelation 1st Edition Holo Rare #7 PSA 10 Gem Mint,https://www.ebay.es/itm/286715577264,PriceCharting
Neo Revelation,Ho-oh,7/64,1st Edition,PSA 10,2025-07-13,3900.00,USD,eBay,unknown,FALSE,,,Pokemon Ho-Oh Neo Revelation 1st Edition Holo Rare #7 PSA 10 Gem Mint,https://www.ebay.es/itm/286689934670,PriceCharting
Neo Revelation,Ho-oh,7/64,1st Edition,PSA 10,2025-06-23,4100.00,USD,eBay,unknown,FALSE,,,2001 POKEMON NEO REVELATION 1ST ED #7 HO-OH-HOLO PSA 10 #7,https://www.ebay.es/itm/116651694798,PriceCharting
Neo Revelation,Ho-oh,7/64,1st Edition,PSA 10,2025-06-16,4199,USD,Fanatics Collect,best offer,TRUE,,27567405,,https://www.fanaticscollect.com/fixed/9f101310-1094-11f0-a829-0a58a9feac02,PSA APR
Neo Revelation,Ho-oh,7/64,1st Edition,PSA 10,2025-06-16,4320,USD,Fanatics Collect,auction,FALSE,,25099072,,https://www.fanaticscollect.com/weekly/e4de302e-3db8-11f0-8dd4-06f215cd87b9,PSA APR
Neo Revelation,Ho-oh,7/64,1st Edition,PSA 10,2025-06-10,3999.00,USD,eBay,unknown,FALSE,,,2001 POKEMON NEO REVELATION 1ST ED #7 HO-OH-HOLO PSA 10 #7,https://www.ebay.es/itm/306329059767,PriceCharting
Neo Revelation,Ho-oh,7/64,1st Edition,PSA 10,2025-05-19,3600.00,USD,eBay,unknown,FALSE,,,Pokemon Ho-Oh Neo Revelation 1st Edition Holo Rare #7 PSA 10 Gem Mint,https://www.ebay.es/itm/286555988805,PriceCharting
Neo Revelation,Ho-oh,7/64,1st Edition,PSA 10,2025-05-10,4500.00,USD,eBay,unknown,FALSE,,,2001 Pokemon Neo Revelation Ho-Oh #7 1st Edition Holo PSA 10 GEM MINT #7,https://www.ebay.es/itm/396545766716,PriceCharting
Neo Revelation,Ho-oh,7/64,1st Edition,PSA 10,2025-04-28,3283.00,USD,eBay,unknown,FALSE,,,2001 Pokemon Neo Revelation Ho-Oh #7 1st Edition Holo PSA 10 GEM MINT #7,https://www.ebay.es/itm/396520043732,PriceCharting
Neo Revelation,Ho-oh,7/64,1st Edition,PSA 10,2025-04-22,3500,USD,eBay,best offer,TRUE,,26154156,,https://www.ebay.com/itm/326504643996,PSA APR
Neo Revelation,Ho-oh,7/64,1st Edition,PSA 10,2025-04-14,3600,USD,Fanatics Collect,auction,FALSE,,25099072,,https://www.fanaticscollect.com/weekly/9a51d38e-116d-11f0-962c-0a58a9feac02,PSA APR
Neo Revelation,Ho-oh,7/64,1st Edition,PSA 10,2025-04-01,5000.00,USD,eBay,unknown,FALSE,,,2001 Pokemon Neo Revelation Ho-Oh #7 1st Edition Holo PSA 10 GEM MINT #7,https://www.ebay.es/itm/125368276507,PriceCharting
Neo Revelation,Ho-oh,7/64,1st Edition,PSA 10,2025-04-01,4000.00,USD,eBay,unknown,FALSE,,,2001 Pokemon Neo Revelation 1st Edition #7 Ho-Oh PSA 10 Holo #7,https://www.ebay.es/itm/135536132323,PriceCharting
Neo Revelation,Ho-oh,7/64,1st Edition,PSA 10,2025-03-27,3404.97,USD,eBay,unknown,FALSE,,,Pokemon Ho-oh Holo 2001 Neo Revelation 1st Edition #7 PSA 10 Gem Mint,https://www.ebay.es/itm/297131242932,PriceCharting
Neo Revelation,Ho-oh,7/64,1st Edition,PSA 10,2025-02-21,2600,USD,Fanatics Collect,best offer,TRUE,,52263847,,https://www.fanaticscollect.com/fixed/ae2fc00c-dd22-11ef-bed8-0a58a9feac02,PSA APR
Neo Revelation,Ho-oh,7/64,1st Edition,PSA 10,2025-02-17,2751.00,USD,eBay,unknown,FALSE,,,Pokemon Ho-Oh Neo Revelation 1st Edition Holo Rare #7 PSA 10 Gem Mint,https://www.ebay.es/itm/286314037330,PriceCharting
Neo Revelation,Ho-oh,7/64,1st Edition,PSA 10,2025-02-17,2605.00,USD,eBay,unknown,FALSE,,,Pokemon Ho-Oh Neo Revelation 1st Edition Holo Rare #7 PSA 10 Gem Mint,https://www.ebay.es/itm/286308313338,PriceCharting
Neo Revelation,Ho-oh,7/64,1st Edition,PSA 10,2025-02-03,2888.00,USD,eBay,unknown,FALSE,,,Pokemon Ho-Oh Neo Revelation 1st Edition Holo Rare #7 PSA 10 Gem Mint,https://www.ebay.es/itm/286282600032,PriceCharting
Neo Revelation,Ho-oh,7/64,1st Edition,PSA 10,2025-01-28,2929.00,USD,eBay,unknown,FALSE,,,2001 Pokemon Neo Revelation 1st Edition #7 Ho-Oh PSA 10 Holo #7,https://www.ebay.es/itm/145946564685,PriceCharting
Neo Revelation,Ho-oh,7/64,1st Edition,PSA 10,2025-01-08,3134.79,USD,eBay,unknown,FALSE,,,Pokemon 2001 Ho-oh 1st Edition Holo Neo Revelation PSA 10 7/64 - RARE WOTC 7/62,https://www.ebay.es/itm/175659450500,PriceCharting
Neo Revelation,Ho-oh,7/64,1st Edition,PSA 10,2024-12-07,2400.00,USD,eBay,unknown,FALSE,,,Pokemon Ho-Oh Neo Revelation 1st Edition Holo Rare #7 PSA 10 Gem Mint,https://www.ebay.es/itm/286035992175,PriceCharting
Neo Revelation,Ho-oh,7/64,1st Edition,PSA 10,2024-10-04,2400.00,USD,eBay,unknown,FALSE,,,Pokemon Ho-Oh Neo Revelation 1st Edition Holo Rare #7 PSA 10 Gem Mint,https://www.ebay.es/itm/286080404525,PriceCharting
Neo Revelation,Ho-oh,7/64,1st Edition,PSA 10,2024-10-04,2428.00,USD,eBay,unknown,FALSE,,,2001 POKEMON NEO REVELATION 1ST ED #7 HO-OH-HOLO PSA 10,https://www.ebay.es/itm/305805609215,PriceCharting
Neo Revelation,Ho-oh,7/64,1st Edition,PSA 10,2024-08-28,2550,USD,eBay,auction,FALSE,,42859818,,https://www.ebay.com/itm/305737982220,PSA APR
Neo Revelation,Ho-oh,7/64,1st Edition,PSA 10,2024-05-26,1805,USD,eBay,auction,FALSE,,26957245,,https://www.ebay.com/itm/285862678492,PSA APR
Neo Revelation,Ho-oh,7/64,1st Edition,PSA 9,2026-09-29,5000.00,USD,eBay,unknown,FALSE,,,2001 POKEMON NEO REVELATION 1ST EDITION #7 HO-OH-HOLO PSA 9 #7,https://www.ebay.es/itm/117372346952,PriceCharting
Neo Revelation,Ho-oh,7/64,1st Edition,PSA 9,2026-09-28,3300.00,USD,eBay,unknown,FALSE,,,2001 POKEMON NEO REVELATION 1ST EDITION #7 HO-OH-HOLO PSA 9 #7,https://www.ebay.es/itm/298700882448,PriceCharting
Neo Revelation,Ho-oh,7/64,1st Edition,PSA 9,2026-09-27,2650.00,USD,eBay,unknown,FALSE,,,Pokemon Ho-Oh Holo Neo Revelation 7/64 1st Edition PSA 9 Mint #23559,https://www.ebay.es/itm/287535022619,PriceCharting
Neo Revelation,Ho-oh,7/64,1st Edition,PSA 9,2026-09-25,2550.00,USD,eBay,unknown,FALSE,,,Pokemon Ho-Oh Neo Revelation 1st Edition Holo Rare #7 PSA 9 Mint,https://www.ebay.es/itm/287292342608,PriceCharting
Neo Revelation,Ho-oh,7/64,1st Edition,PSA 9,2026-09-11,3000.00,USD,eBay,unknown,FALSE,,,2001 POKEMON NEO REVELATION 1ST EDITION #7 HO-OH-HOLO PSA 9 MINT SWIRL! 07/64,https://www.ebay.es/itm/287579358957,PriceCharting
Neo Revelation,Ho-oh,7/64,1st Edition,PSA 9,2026-07-26,2410.44,USD,eBay,unknown,FALSE,,,HO-OH POKEMON 7/64 2021 1ED NEO REVELATION HOLO ENGLISH PSA 9,https://www.ebay.es/itm/137508127045,PriceCharting
Neo Revelation,Ho-oh,7/64,1st Edition,PSA 9,2026-07-25,2500.00,USD,eBay,unknown,FALSE,,,HO-OH 2001 POKEMON NEO REVELATION 1ST EDITION RARE HOLO #7 PSA 9 Q0768 #7,https://www.ebay.es/itm/278191328289,PriceCharting
Neo Revelation,Ho-oh,7/64,1st Edition,PSA 9,2026-07-21,2839.49,USD,eBay,unknown,FALSE,,,Pokemon Ho-oh Holo 2001 Neo Revelation 1st Edition #7 PSA 9 Mint,https://www.ebay.es/itm/298494623101,PriceCharting
Neo Revelation,Ho-oh,7/64,1st Edition,PSA 9,2026-07-17,1.00,USD,eBay,unknown,FALSE,,,HO-OH 2001 POKEMON NEO REVELATION 1ST EDITION RARE HOLO #7 PSA 9 Q0768 #7,https://www.ebay.es/itm/278188133105,PriceCharting
Neo Revelation,Ho-oh,7/64,1st Edition,PSA 9,2026-06-06,2650.00,USD,eBay,unknown,FALSE,,,2001 POKEMON NEO REVELATION 1ST EDITION #7 HO-OH-HOLO PSA 9 #7,https://www.ebay.es/itm/306968512544,PriceCharting
Neo Revelation,Ho-oh,7/64,1st Edition,PSA 9,2026-05-28,2325.00,USD,eBay,unknown,FALSE,,,2001 Pokemon Neo Revelation 1st Edition #7 Ho-Oh Holo PSA 9 MINT,https://www.ebay.es/itm/366422741010,PriceCharting
Neo Revelation,Ho-oh,7/64,1st Edition,PSA 9,2026-05-12,2000.00,USD,eBay,unknown,FALSE,,,2001 Pokemon Neo Revelation 1st Edition #7 Ho-Oh Holo PSA 9 MINT,https://www.ebay.es/itm/389976079893,PriceCharting
Neo Revelation,Ho-oh,7/64,1st Edition,PSA 9,2026-04-26,1875.00,USD,eBay,unknown,FALSE,,,Pokemon Ho-Oh Neo Revelation 1st Edition Holo Rare #7 PSA 9 Mint,https://www.ebay.es/itm/287278147426,PriceCharting
Neo Revelation,Ho-oh,7/64,1st Edition,PSA 9,2026-04-26,1985.00,USD,eBay,unknown,FALSE,,,Pokemon Ho-Oh Neo Revelation 1st Edition Holo Rare #7 PSA 9 Mint,https://www.ebay.es/itm/287278249396,PriceCharting
Neo Revelation,Ho-oh,7/64,1st Edition,PSA 9,2026-04-05,1999.99,USD,eBay,unknown,FALSE,,,PSA 9 HO-OH 7/64 1st Edition Neo Revelation Pokémon Card Mint 7/64,https://www.ebay.es/itm/402788912392,PriceCharting
Neo Revelation,Ho-oh,7/64,1st Edition,PSA 8,2026-09-26,884.20,USD,eBay,unknown,FALSE,,,2001 POKEMON NEO REVELATION #7 HO-OH HOLO 1ST EDITION PSA 8 #7,https://www.ebay.es/itm/307184617534,PriceCharting
Neo Revelation,Ho-oh,7/64,1st Edition,PSA 8,2026-09-25,1000.00,USD,eBay,best offer,TRUE,,,Ho-oh 7/64 1st Edition Holo Rare Neo Revelation Pokemon PSA 8 07/64,https://www.ebay.es/itm/377520514881,PriceCharting
Neo Revelation,Ho-oh,7/64,1st Edition,PSA 8,2026-09-13,954.19,USD,eBay,unknown,FALSE,,,2001 POKEMON NEO REVELATION #7 HO-OH-HOLO 1ST EDITION PSA 8 #7,https://www.ebay.es/itm/307158162460,PriceCharting
Neo Revelation,Ho-oh,7/64,1st Edition,PSA 8,2026-08-29,1100.00,USD,eBay,unknown,FALSE,,,Ho-oh 7/64 1st Edition Holo Rare Neo Revelation Pokemon Tcg PSA 8 NM-MT 7/64,https://www.ebay.es/itm/237001268530,PriceCharting
Neo Revelation,Ho-oh,7/64,1st Edition,PSA 8,2026-08-09,1125.00,USD,eBay,unknown,FALSE,,,Ho-oh 7/64 1st Edition Holo Rare Neo Revelation Pokemon Tcg PSA 8 NM-MT 7/64,https://www.ebay.es/itm/377404514959,PriceCharting
Neo Revelation,Ho-oh,7/64,1st Edition,PSA 8,2026-08-06,950.00,USD,eBay,best offer,TRUE,950.00,,Ho-oh 7/64 1st Edition Holo Rare Neo Revelation Pokemon Tcg PSA 8 NM-MT 7/64,https://www.ebay.es/itm/326992110369,PriceCharting
Neo Revelation,Ho-oh,7/64,1st Edition,PSA 8,2026-08-03,930.00,USD,eBay,unknown,FALSE,,,"Pokémon, Ho-oh (1st Edition), #07, Neo Revelation, Holo, PSA 8 07/64",https://www.ebay.es/itm/158123280541,PriceCharting
Neo Revelation,Ho-oh,7/64,1st Edition,PSA 8,2026-07-06,870.00,USD,eBay,unknown,FALSE,,,Pokemon Ho-oh Holo Neo Revelation 7/64 1st Edition PSA 8 #Jul-64,https://www.ebay.es/itm/287424689716,PriceCharting
Neo Revelation,Ho-oh,7/64,1st Edition,PSA 8,2026-07-04,945.00,USD,eBay,unknown,FALSE,,,2001 POKEMON NEO REVELATION 1ST EDITION #7 HO-OH-HOLO PSA 8 #7,https://www.ebay.es/itm/298449114220,PriceCharting
Neo Revelation,Ho-oh,7/64,1st Edition,PSA 8,2026-06-21,1012.25,USD,eBay,unknown,FALSE,,,Pokemon Cards: Neo Revelation 1st Edition Rare Holo: Ho-oh 7/64 PSA 8 #7,https://www.ebay.es/itm/318431986644,PriceCharting
Neo Revelation,Ho-oh,7/64,1st Edition,PSA 8,2026-06-14,960.00,USD,eBay,unknown,FALSE,,,2001 Pokemon Neo Revelation 1st Edition Ho-Oh #7/64 Holo PSA 8 WP 7/64,https://www.ebay.es/itm/198411979484,PriceCharting
Neo Revelation,Ho-oh,7/64,1st Edition,PSA 8,2026-06-11,1200.00,USD,eBay,best offer,TRUE,1200.00,,2001 POKEMON NEO REVELATION 1ST EDITION #7 HO-OH-HOLO PSA 8 #7,https://www.ebay.es/itm/117162666370,PriceCharting
Neo Revelation,Ho-oh,7/64,1st Edition,PSA 8,2026-06-05,1099.99,USD,eBay,unknown,FALSE,,,2001 Pokemon Neo Revelation - Ho-oh 1st Edition Holo 07/64 PSA 8 07/64,https://www.ebay.es/itm/406789221529,PriceCharting
Neo Revelation,Ho-oh,7/64,1st Edition,PSA 8,2026-05-21,800.00,USD,eBay,best offer,TRUE,800.00,,2001 POKÉMON NEO REVELATION 1ST EDITION HO-OH-HOLO PSA 8 #7,https://www.ebay.es/itm/157892577295,PriceCharting
Neo Revelation,Ho-oh,7/64,1st Edition,PSA 8,2026-05-21,860.00,USD,eBay,unknown,FALSE,,,2001 POKEMON NEO REVELATION 1ST EDITION #7 HO-OH-HOLO PSA 8 #7,https://www.ebay.es/itm/298312411946,PriceCharting
Neo Revelation,Ho-oh,7/64,1st Edition,PSA 8,2026-04-12,670.00,USD,eBay,unknown,FALSE,,,Pokemon Ho-Oh Neo Revelation 1st Edition Holo Rare #7 PSA 8,https://www.ebay.es/itm/287251675443,PriceCharting
Neo Revelation,Ho-oh,7/64,1st Edition,PSA 8,2026-04-11,699.95,USD,eBay,unknown,FALSE,,,Pokémon TCG - Ho-Oh 7/64 Neo Revelation Holo Rare 1st Edition WOTC | PSA 8 7/64,https://www.ebay.es/itm/146826214376,PriceCharting
Neo Revelation,Ho-oh,7/64,1st Edition,PSA 8,2026-04-06,660.00,USD,eBay,unknown,FALSE,,,Pokemon Ho-Oh Neo Revelation 1st Edition Holo Rare #7 PSA 8,https://www.ebay.es/itm/287237155761,PriceCharting
Neo Revelation,Ho-oh,7/64,Unlimited,PSA 10,2026-06-01,7777.00,USD,eBay,best offer,TRUE,7777.00,,2001 POKEMON NEO REVELATION #7 HO-OH-HOLO PSA 10 #7,https://www.ebay.es/itm/117162066201,PriceCharting
Neo Revelation,Ho-oh,7/64,Unlimited,PSA 10,2026-03-29,5750,USD,Fanatics Collect,best offer,TRUE,,47001047,,https://www.fanaticscollect.com/buy-now/0dac4724-9fc2-4d9d-a427-4d038fb83054,PSA APR
Neo Revelation,Ho-oh,7/64,Unlimited,PSA 10,2026-02-27,4000,USD,Fanatics Collect,BIN,FALSE,,47001047,,https://www.fanaticscollect.com/buy-now/08f06e24-8d30-4199-b6dc-facee695dfa0,PSA APR
Neo Revelation,Ho-oh,7/64,Unlimited,PSA 10,2026-01-06,3500,USD,Fanatics Collect,BIN,FALSE,,44940584,,https://www.fanaticscollect.com/buy-now/0737699c-3737-4044-be3d-2665e92a6ff5,PSA APR
Neo Revelation,Ho-oh,7/64,Unlimited,PSA 10,2025-04-14,810,USD,Fanatics Collect,auction,FALSE,,26273151,,https://www.fanaticscollect.com/weekly/9a3a2f86-116d-11f0-be4b-0a58a9feac02,PSA APR
Neo Revelation,Ho-oh,7/64,Unlimited,PSA 10,2025-02-03,807.00,USD,eBay,unknown,FALSE,,,Pokemon Ho-Oh Neo Revelation Unlimited Holo Rare #7 PSA 10 Gem Mint,https://www.ebay.es/itm/286282630074,PriceCharting
Neo Revelation,Ho-oh,7/64,Unlimited,PSA 10,2024-06-08,999.99,USD,eBay,unknown,FALSE,,,2001 Pokemon Neo Revelation #7 Ho-Oh - Holo PSA 10 GEM MINT,https://www.ebay.es/itm/375417282268,PriceCharting
Neo Revelation,Ho-oh,7/64,Unlimited,PSA 10,2024-05-27,689.00,USD,eBay,unknown,FALSE,,,PSA 10 GEM MINT Ho-oh Ho oh Neo Revelation Unlimited Holo Pokemon Card 7/64 #7,https://www.ebay.es/itm/204793636048,PriceCharting
Neo Revelation,Ho-oh,7/64,Unlimited,PSA 10,2024-04-09,800.00,USD,eBay,unknown,FALSE,,,2001 Pokemon Neo Revelation #7 Ho-Oh - Holo PSA 10 GEM MINT,https://www.ebay.es/itm/375345923903,PriceCharting
Neo Revelation,Ho-oh,7/64,Unlimited,PSA 9,2026-09-29,700.00,USD,eBay,unknown,FALSE,,,Ho-oh Holo 7/64 Neo Revelation Pokemon PSA 9 7/64,https://www.ebay.es/itm/117368250075,PriceCharting
Neo Revelation,Ho-oh,7/64,Unlimited,PSA 9,2026-08-27,545.00,USD,eBay,unknown,FALSE,,,POKEMON HO-OH-HOLO 2001 NEO REVELATION #7 MBA Silver Diamond PSA 9 #7,https://www.ebay.es/itm/800537021228,PriceCharting
Neo Revelation,Ho-oh,7/64,Unlimited,PSA 9,2026-08-13,735.00,USD,eBay,unknown,FALSE,,,2001 Pokemon Neo Revelation Ho-Oh Holo #7/64 PSA 9,https://www.ebay.es/itm/128015843673,PriceCharting
Neo Revelation,Ho-oh,7/64,Unlimited,PSA 9,2026-08-09,725.00,USD,eBay,best offer,TRUE,,,Ho-Oh Holo 7/64 Neo Revelation Pokemon PSA 9 7/64,https://www.ebay.es/itm/188763871125,PriceCharting
Neo Revelation,Ho-oh,7/64,Unlimited,PSA 9,2026-06-26,599.00,USD,eBay,unknown,FALSE,,,2001 POKEMON NEO REVELATION #7 HO-OH-HOLO PSA 9 #7,https://www.ebay.es/itm/307022877012,PriceCharting
Neo Revelation,Ho-oh,7/64,Unlimited,PSA 9,2026-06-26,410.00,USD,eBay,unknown,FALSE,,,2001 Pokemon Neo Revelation Ho-Oh Holo #7/64 PSA 9,https://www.ebay.es/itm/377282911904,PriceCharting
Neo Revelation,Ho-oh,7/64,Unlimited,PSA 9,2026-06-01,599.99,USD,eBay,unknown,FALSE,,,2001 Pokemon Neo Revelation Ho-Oh Holo PSA 9 #7 #7,https://www.ebay.es/itm/406953299763,PriceCharting
Neo Revelation,Ho-oh,7/64,Unlimited,PSA 9,2026-06-01,520.00,USD,eBay,unknown,FALSE,,,2001 Pokemon Neo Revelation Ho-Oh-Holo #7 MINT PSA 9 Holo Rare #7,https://www.ebay.es/itm/188414937500,PriceCharting
Neo Revelation,Ho-oh,7/64,Unlimited,PSA 9,2026-05-18,587.00,USD,eBay,unknown,FALSE,,,2001 Pokemon Neo Revelation Ho-Oh Holo #7/64 PSA 9,https://www.ebay.es/itm/377179640902,PriceCharting
Neo Revelation,Ho-oh,7/64,Unlimited,PSA 9,2026-05-01,600.00,USD,eBay,unknown,FALSE,,,Pokémon TCG 2001 P.M. Neo Revelation Ho-oh Holo Card 7/64 PSA 9 7/64,https://www.ebay.es/itm/198321077928,PriceCharting
Neo Revelation,Ho-oh,7/64,Unlimited,PSA 9,2026-04-26,650.00,USD,eBay,unknown,FALSE,,,Pokemon Ho-Oh Neo Revelation Unlimited Holo Rare #7 PSA 9 Mint,https://www.ebay.es/itm/287278126567,PriceCharting
Neo Revelation,Ho-oh,7/64,Unlimited,PSA 9,2026-04-07,475.00,USD,eBay,best offer,TRUE,475.00,,Ho-oh 7/64 Neo Revelation Holo Rare Pokemon PSA 9 MINT #7,https://www.ebay.es/itm/116316552518,PriceCharting
Neo Revelation,Ho-oh,7/64,Unlimited,PSA 9,2026-04-07,495.00,USD,eBay,unknown,FALSE,,,2001 Pokemon Neo Revelation Ho-Oh Holo PSA 9 #7 #7,https://www.ebay.es/itm/157802874627,PriceCharting
Neo Revelation,Ho-oh,7/64,Unlimited,PSA 9,2026-04-04,525.00,USD,eBay,unknown,FALSE,,,Pokemon Ho-Oh Neo Revelation Unlimited Holo Rare #7 PSA 9 Mint,https://www.ebay.es/itm/287248916249,PriceCharting
Neo Revelation,Ho-oh,7/64,Unlimited,PSA 9,2026-03-26,650.00,USD,eBay,unknown,FALSE,,,Pokemon Neo Revelation Ho-oh 7/64 Holo Rare PSA 9 7/64,https://www.ebay.es/itm/135933167593,PriceCharting
Neo Revelation,Ho-oh,7/64,Unlimited,PSA 9,2026-03-18,415.00,USD,eBay,best offer,TRUE,415.00,,Pokemon Ho-Oh Neo Revelation Unlimited Holo Rare #7 PSA 9 Mint #7,https://www.ebay.es/itm/127751606513,PriceCharting
Neo Revelation,Ho-oh,7/64,Unlimited,PSA 9,2026-03-17,425.00,USD,eBay,best offer,TRUE,425.00,,PSA 9 Ho-Oh Holo Neo Revelation #7 - 2001 MINT Pokémon Card,https://www.ebay.es/itm/188174689803,PriceCharting
Neo Revelation,Ho-oh,7/64,Unlimited,PSA 9,2026-03-16,450.00,USD,eBay,unknown,FALSE,,,2001 POKEMON NEO REVELATION #7 HO-OH-HOLO PSA 9 #7,https://www.ebay.es/itm/306780538637,PriceCharting
Neo Revelation,Ho-oh,7/64,Unlimited,PSA 9,2026-03-02,380.00,USD,eBay,unknown,FALSE,,,2001 Pokemon Neo Revelation Ho-Oh Holo #7/64 PSA 9,https://www.ebay.es/itm/127703147771,PriceCharting
Neo Revelation,Ho-oh,7/64,Unlimited,PSA 9,2026-03-01,355.00,USD,eBay,unknown,FALSE,,,Pokemon Ho-Oh Neo Revelation Unlimited Holo Rare #7 PSA 9 Mint #7,https://www.ebay.es/itm/127693746655,PriceCharting
Neo Revelation,Ho-oh,7/64,Unlimited,PSA 8,2026-09-05,430.00,USD,eBay,unknown,FALSE,,,2001 POKEMON NEO REVELATION #7 HO-OH-HOLO PSA 8 #7,https://www.ebay.es/itm/298642977388,PriceCharting
Neo Revelation,Ho-oh,7/64,Unlimited,PSA 8,2026-08-20,350.00,USD,eBay,unknown,FALSE,,,2001 Pokemon Neo Revelation Ho-Oh Holo #7/64 PSA 8,https://www.ebay.es/itm/377419062811,PriceCharting
Neo Revelation,Ho-oh,7/64,Unlimited,PSA 8,2026-08-09,427.00,USD,eBay,unknown,FALSE,,,2001 POKEMON NEO REVELATION #7 HO-OH-HOLO PSA 8 #7,https://www.ebay.es/itm/188539932585,PriceCharting
Neo Revelation,Ho-oh,7/64,Unlimited,PSA 8,2026-08-08,430.41,USD,eBay,unknown,FALSE,,,HO-OH 7/64 2001 POKEMON NEO REVELATION #7 HOLO PSA 8 MINT #7,https://www.ebay.es/itm/128000396362,PriceCharting
Neo Revelation,Ho-oh,7/64,Unlimited,PSA 8,2026-08-03,350.00,USD,eBay,unknown,FALSE,,,2001 POKEMON NEO REVELATION #7 HO-OH-HOLO PSA 8 #7,https://www.ebay.es/itm/307079658518,PriceCharting
Neo Revelation,Ho-oh,7/64,Unlimited,PSA 8,2026-07-29,385.00,USD,eBay,unknown,FALSE,,,Pokémon 2001 Ho-Oh HOLO # 7 Neo Revelation Foil (supper Clean) PSA 8 NEW CERT #7,https://www.ebay.es/itm/227448992998,PriceCharting
Neo Revelation,Ho-oh,7/64,Unlimited,PSA 8,2026-07-23,399.00,USD,eBay,unknown,FALSE,,,Pokemon 2001 Ho-Oh 7 Holo Neo Revelation PSA 8 #7,https://www.ebay.es/itm/407060747121,PriceCharting
Neo Revelation,Ho-oh,7/64,Unlimited,PSA 8,2026-07-14,350.00,USD,eBay,best offer,TRUE,350.00,,2001 POKEMON NEO REVELATION #7 HO-OH HOLO PSA 8 #7,https://www.ebay.es/itm/327243451093,PriceCharting
Neo Revelation,Ho-oh,7/64,Unlimited,PSA 8,2026-06-25,399.00,USD,eBay,unknown,FALSE,,,2001 POKEMON NEO REVELATION #7 HO-OH-HOLO PSA 8 #7,https://www.ebay.es/itm/117263876576,PriceCharting
Neo Revelation,Ho-oh,7/64,Unlimited,PSA 8,2026-06-20,424.99,USD,eBay,unknown,FALSE,,,Ho-oh Holo Rare 7/64 2001 Neo Revelation Pokemon English WOTC PSA 8 NM w/ guard 7/64,https://www.ebay.es/itm/398034857138,PriceCharting
Neo Revelation,Ho-oh,7/64,Unlimited,PSA 8,2026-06-15,357.02,USD,eBay,unknown,FALSE,,,2001 POKEMON NEO REVELATION #7 HO-OH-HOLO PSA 8 #7,https://www.ebay.es/itm/117233416060,PriceCharting
Neo Revelation,Ho-oh,7/64,Unlimited,PSA 8,2026-06-06,399.99,USD,eBay,unknown,FALSE,,,Ho-oh Holo Rare 7/64 2001 Neo Revelation Pokemon English WOTC PSA 8 NM 7/64,https://www.ebay.es/itm/188424316243,PriceCharting
Neo Revelation,Ho-oh,7/64,Unlimited,PSA 8,2026-06-04,325.00,USD,eBay,best offer,TRUE,325.00,,Pokemon TCG Neo Revelation Ho-Oh 07/64 Holo Unlimited PSA 8 ENG 07/64,https://www.ebay.es/itm/366449275799,PriceCharting
Neo Revelation,Ho-oh,7/64,Unlimited,PSA 8,2026-05-31,360.00,USD,eBay,best offer,TRUE,,,2001 POKEMON NEO REVELATION #7 HO-OH-HOLO PSA 8 #7,https://www.ebay.es/itm/198377647804,PriceCharting
Neo Revelation,Houndoom,8/64,1st Edition,PSA 10,2026-08-10,47582,USD,Goldin Auctions,auction,FALSE,,27216802,,https://goldin.co/item/2001-pokemon-neo-revelation-1st-edition-holo-8-houndoom-psa-gem-mt-10hgvjq,PSA APR
Neo Revelation,Houndoom,8/64,1st Edition,PSA 10,2026-03-22,39420.02,USD,eBay,auction,FALSE,,26246300,,https://www.ebay.com/itm/206136278378,PSA APR
Neo Revelation,Houndoom,8/64,1st Edition,PSA 10,2026-03-16,34995,USD,eBay,BIN,FALSE,,24840930,,https://www.ebay.com/itm/227259602238,PSA APR
Neo Revelation,Houndoom,8/64,1st Edition,PSA 10,2025-08-03,7444.44,USD,Goldin Auctions,auction,FALSE,,41802107,,https://goldin.co/item/2001-pokemon-neo-revelation-1st-edition-rare-holofoil-8-houndoom-psa-gw4mxj,PSA APR
Neo Revelation,Houndoom,8/64,1st Edition,PSA 10,2025-06-16,9000.00,USD,eBay,unknown,FALSE,,,Pokemon Houndoom Neo Revelation 1st Edition Holo Rare #8 PSA 10 Gem Mint,https://www.ebay.es/itm/286574000652,PriceCharting
Neo Revelation,Houndoom,8/64,1st Edition,PSA 10,2025-05-05,6500.00,USD,eBay,unknown,FALSE,,,Pokemon Houndoom Neo Revelation 1st Edition Holo Rare #8 PSA 10 Gem Mint,https://www.ebay.es/itm/286520196079,PriceCharting
Neo Revelation,Houndoom,8/64,1st Edition,PSA 10,2025-04-19,6800.00,USD,eBay,unknown,FALSE,,,2001 POKEMON NEO REVELATION 1ST EDITION HOUNDOOM #8 PSA 10 GEM MINT #8,https://www.ebay.es/itm/267225947019,PriceCharting
Neo Revelation,Houndoom,8/64,1st Edition,PSA 10,2025-03-10,6400.00,USD,eBay,unknown,FALSE,,,2001 POKEMON NEO REVELATION 1ST EDITION #8 HOUNDOOM-HOLO PSA 10 #8,https://www.ebay.es/itm/306142020626,PriceCharting
Neo Revelation,Houndoom,8/64,1st Edition,PSA 10,2024-05-20,3000,USD,eBay,auction,FALSE,,28549727,,https://www.ebay.com/itm/235557479455,PSA APR
Neo Revelation,Houndoom,8/64,1st Edition,PSA 9,2026-09-26,3999.99,USD,eBay,unknown,FALSE,,,2001 POKEMON NEO REVELATION 1ST EDITION #8 HOUNDOOM-HOLO PSA 9 #8,https://www.ebay.es/itm/298635958279,PriceCharting
Neo Revelation,Houndoom,8/64,1st Edition,PSA 9,2026-09-25,3800.00,USD,eBay,best offer,TRUE,3800.00,,2001 POKEMON NEO REVELATION 1ST EDITION #8 HOUNDOOM-HOLO PSA 9 #8,https://www.ebay.es/itm/298695853955,PriceCharting
Neo Revelation,Houndoom,8/64,1st Edition,PSA 9,2026-09-20,4000.00,USD,eBay,best offer,TRUE,,,Houndoom Holo 8/64 1st Edition Neo Revelation Pokemon PSA 9 8/64,https://www.ebay.es/itm/188955888813,PriceCharting
Neo Revelation,Houndoom,8/64,1st Edition,PSA 9,2026-09-20,3000.00,USD,eBay,best offer,TRUE,,,Houndoom Holo 8/64 1st Edition Neo Revelation Pokemon PSA 9 8/64,https://www.ebay.es/itm/188895744318,PriceCharting
Neo Revelation,Houndoom,8/64,1st Edition,PSA 9,2026-09-13,2800.00,USD,eBay,unknown,FALSE,,,2001 POKEMON NEO REVELATION 1ST EDITION #8 HOUNDOOM-HOLO PSA 9 #8,https://www.ebay.es/itm/117260323876,PriceCharting
Neo Revelation,Houndoom,8/64,1st Edition,PSA 9,2026-09-08,2800.00,USD,eBay,unknown,FALSE,,,Pokemon Houndoom Holo Neo Revelation 8/64 1st Edition PSA 9 Mint #23590,https://www.ebay.es/itm/287508195978,PriceCharting
Neo Revelation,Houndoom,8/64,1st Edition,PSA 9,2026-09-03,2325.00,USD,eBay,unknown,FALSE,,,POKEMON HOUNDOOM-HOLO 2001 NEO REVEL #8 1ST ED PSA 9 #8,https://www.ebay.es/itm/800568659402,PriceCharting
Neo Revelation,Houndoom,8/64,1st Edition,PSA 9,2026-08-12,2171.00,USD,eBay,unknown,FALSE,,,2001 POKEMON NEO REVELATION 1ST EDITION #8 HOUNDOOM-HOLO PSA 9 #8,https://www.ebay.es/itm/257663734738,PriceCharting
Neo Revelation,Houndoom,8/64,1st Edition,PSA 9,2026-08-09,2285.00,USD,eBay,unknown,FALSE,,,Pokemon Houndoom Holo Neo Revelation 8/64 1st Edition PSA 9 Mint #Aug-64,https://www.ebay.es/itm/287495326403,PriceCharting
Neo Revelation,Houndoom,8/64,1st Edition,PSA 9,2026-08-06,2550.00,USD,eBay,unknown,FALSE,,,2001 Pokemon Neo Revelation 1st Edition Houndoom Holo #8/64 PSA 9,https://www.ebay.es/itm/377379236164,PriceCharting
Neo Revelation,Houndoom,8/64,1st Edition,PSA 9,2026-08-05,2500.00,USD,eBay,unknown,FALSE,,,Pokemon 2001 Houndoom 8/64 Holo Neo Revelation 1st Edition PSA 9 8/64,https://www.ebay.es/itm/407094710881,PriceCharting
Neo Revelation,Houndoom,8/64,1st Edition,PSA 9,2026-07-29,2450.00,USD,eBay,best offer,TRUE,2450.00,,2001 POKEMON NEO REVELATION 1ST EDITION #8 HOUNDOOM-HOLO PSA 9 #8,https://www.ebay.es/itm/117328107673,PriceCharting
Neo Revelation,Houndoom,8/64,1st Edition,PSA 9,2026-07-26,2800.00,USD,eBay,unknown,FALSE,,,Pokemon Houndoom Holo Neo Revelation 8/64 1st Edition PSA 9 Mint #Aug-64,https://www.ebay.es/itm/287468653023,PriceCharting
Neo Revelation,Houndoom,8/64,1st Edition,PSA 9,2026-07-23,2663.00,USD,eBay,unknown,FALSE,,,2001 POKEMON NEO REVELATION 1ST EDITION #8 HOUNDOOM-HOLO PSA 9 #8,https://www.ebay.es/itm/147456069883,PriceCharting
Neo Revelation,Houndoom,8/64,1st Edition,PSA 9,2026-07-10,2450.00,USD,eBay,best offer,TRUE,2450.00,,2001 POKEMON NEO REVELATION 1ST EDITION #8 HOUNDOOM-HOLO PSA 9 #8,https://www.ebay.es/itm/117249398177,PriceCharting
Neo Revelation,Houndoom,8/64,1st Edition,PSA 9,2026-05-31,1790.00,USD,eBay,unknown,FALSE,,,Pokemon Houndoom Neo Revelation 1st Edition Holo Rare #8 PSA 9 Mint,https://www.ebay.es/itm/287344974345,PriceCharting
Neo Revelation,Houndoom,8/64,1st Edition,PSA 9,2026-05-11,1825.00,USD,eBay,unknown,FALSE,,,Pokemon Houndoom Neo Revelation 1st Edition Holo Rare #8 PSA 9 Mint #8,https://www.ebay.es/itm/358507360373,PriceCharting
Neo Revelation,Houndoom,8/64,1st Edition,PSA 9,2026-05-11,2521.72,USD,eBay,unknown,FALSE,,,Houndoom Holo 8/64 PSA 9 1st Edition Neo Revelation Pokemon Card Game 8/64,https://www.ebay.es/itm/287298877594,PriceCharting
Neo Revelation,Houndoom,8/64,1st Edition,PSA 8,2026-09-29,1193.06,USD,eBay,best offer,TRUE,,,Houndoom - 8/64 - 1st Edition - Holo Rare - Neo Revelation - Pokemon - PSA 8 8/64,https://www.ebay.es/itm/287573368805,PriceCharting
Neo Revelation,Houndoom,8/64,1st Edition,PSA 8,2026-09-23,1411.00,USD,eBay,unknown,FALSE,,,2001 Pokemon Neo Revelation 1st Edition Houndoom Holo #8/64 PSA 8,https://www.ebay.es/itm/128084368574,PriceCharting
Neo Revelation,Houndoom,8/64,1st Edition,PSA 8,2026-09-19,1064.68,USD,eBay,unknown,FALSE,,,Pokémon 2001 Neo Revelation Houndoom Holo 1st Edition 8/64 English PSA 8,https://www.ebay.es/itm/377491389505,PriceCharting
Neo Revelation,Houndoom,8/64,1st Edition,PSA 8,2026-09-14,1375.00,USD,eBay,unknown,FALSE,,,"Pokémon, Houndoom (1st Edition), #8, Neo Revelation, Holo, PSA 8 8/64",https://www.ebay.es/itm/158269040893,PriceCharting
Neo Revelation,Houndoom,8/64,1st Edition,PSA 8,2026-08-27,1110.00,USD,eBay,unknown,FALSE,,,2001 POKEMON NEO REVELATION 1ST EDITION #8 HOUNDOOM-HOLO PSA 8 #8,https://www.ebay.es/itm/298619704533,PriceCharting
Neo Revelation,Houndoom,8/64,1st Edition,PSA 8,2026-08-12,1375.00,USD,eBay,unknown,FALSE,,,Pokémon TCG Houndoom Neo Revelation Holo Card 8/64 1st Edition PSA 8 NM-MT 08/64,https://www.ebay.es/itm/287485763896,PriceCharting
Neo Revelation,Houndoom,8/64,1st Edition,PSA 8,2026-08-01,1015.00,USD,eBay,best offer,TRUE,,,2001 POKEMON NEO REVELATION 1ST EDITION HOUNDOOM #8 HOLO RARE PSA 8 8/64 8/64,https://www.ebay.es/itm/336720026688,PriceCharting
Neo Revelation,Houndoom,8/64,1st Edition,PSA 8,2026-07-19,1230.00,USD,eBay,unknown,FALSE,,,Pokemon Houndoom Holo Neo Revelation 8/64 1st Edition PSA 8 #23590,https://www.ebay.es/itm/287449991827,PriceCharting
Neo Revelation,Houndoom,8/64,1st Edition,PSA 8,2026-06-29,1100.00,USD,eBay,best offer,TRUE,1100.00,,2001 Pokemon Neo Revelation 8 Houndoom Holo 1st Edition PSA 8 8/64,https://www.ebay.es/itm/236900568564,PriceCharting
Neo Revelation,Houndoom,8/64,1st Edition,PSA 8,2026-06-21,1090.00,USD,eBay,unknown,FALSE,,,Pokemon Houndoom Neo Revelation 1st Edition Holo Rare #8 PSA 8,https://www.ebay.es/itm/287386672938,PriceCharting
Neo Revelation,Houndoom,8/64,1st Edition,PSA 8,2026-06-21,1324.52,USD,eBay,unknown,FALSE,,,Pokemon Cards: Neo Revelation 1st Edition Rare Holo: Houndoom 8/64 PSA 8 #8,https://www.ebay.es/itm/318431988410,PriceCharting
Neo Revelation,Houndoom,8/64,1st Edition,PSA 8,2026-06-17,870.00,USD,eBay,unknown,FALSE,,,2001 Pokemon Neo Revelation #8 Houndoom Holo 1st Edition PSA 8 NM-MT,https://www.ebay.es/itm/800150854016,PriceCharting
Neo Revelation,Houndoom,8/64,1st Edition,PSA 8,2026-06-15,860.00,USD,eBay,unknown,FALSE,,,2001 POKEMON NEO REVELATION 1ST EDITION #8 HOUNDOOM-HOLO PSA 8 #8,https://www.ebay.es/itm/298373062675,PriceCharting
Neo Revelation,Houndoom,8/64,1st Edition,PSA 8,2026-06-07,975.00,USD,eBay,unknown,FALSE,,,Pokemon Houndoom Neo Revelation 1st Edition Holo #8 PSA 8 NM-MT Original Owner,https://www.ebay.es/itm/398011601350,PriceCharting
Neo Revelation,Houndoom,8/64,1st Edition,PSA 8,2026-06-01,999.99,USD,eBay,unknown,FALSE,,,Pokémon TCG Houndoom Neo Revelation Holo Card 8/64 1st Edition PSA 8 NM-MT 08/64,https://www.ebay.es/itm/267683224652,PriceCharting
Neo Revelation,Houndoom,8/64,1st Edition,PSA 8,2026-05-11,1100.00,USD,eBay,unknown,FALSE,,,2001 POKEMON NEO REVELATION 1ST ED #8 HOUNDOOM HOLO PSA 8 #8,https://www.ebay.es/itm/397918997264,PriceCharting
Neo Revelation,Houndoom,8/64,1st Edition,PSA 8,2026-05-08,987.00,USD,eBay,unknown,FALSE,,,2001 WOTC POKEMON NEO REVELATION 1ST EDITION HOUNDOOM 8/64 HOLO RARE PSA 8 NM-MT 8/64,https://www.ebay.es/itm/358495637706,PriceCharting
Neo Revelation,Houndoom,8/64,1st Edition,PSA 8,2026-05-04,999.99,USD,eBay,unknown,FALSE,,,Pokémon Neo Revelation Houndoom TCG Holo Card 1st Edition 8/64 2001 PSA 8 8/64,https://www.ebay.es/itm/236506122512,PriceCharting
Neo Revelation,Houndoom,8/64,Unlimited,PSA 10,2026-09-14,120000,USD,Fanatics Collect,auction,FALSE,,26561825,,https://www.fanaticscollect.com/weekly/4ed7b0e4-a6d7-11f1-b3bc-0a58a9feac02,PSA APR
Neo Revelation,Houndoom,8/64,Unlimited,PSA 10,2026-09-14,69999.99,USD,eBay,BIN,FALSE,,42280880,,https://www.ebay.com/itm/117388656943,PSA APR
Neo Revelation,Houndoom,8/64,Unlimited,PSA 10,2026-05-18,14688.00,USD,eBay,unknown,FALSE,,,Pokemon Houndoom Neo Revelation Unlimited Holo Rare #8 PSA 10 Gem Mint,https://www.ebay.es/itm/287321555428,PriceCharting
Neo Revelation,Houndoom,8/64,Unlimited,PSA 9,2026-09-29,1961.50,USD,eBay,best offer,TRUE,,,2001 Pokemon Houndoom Neo Revelation Unlimited Holo #8 PSA 9 MINT,https://www.ebay.es/itm/206448413958,PriceCharting
Neo Revelation,Houndoom,8/64,Unlimited,PSA 9,2026-09-04,2000.00,USD,eBay,unknown,FALSE,,,2001 Pokemon Neo Revelation Houndoom Holo #8/64 PSA 9,https://www.ebay.es/itm/377451449909,PriceCharting
Neo Revelation,Houndoom,8/64,Unlimited,PSA 9,2026-08-10,1900.00,USD,eBay,best offer,TRUE,1900.00,,2001 POKEMON NEO REVELATION #8 HOUNDOOM-HOLO PSA 9 #8,https://www.ebay.es/itm/307109364285,PriceCharting
Neo Revelation,Houndoom,8/64,Unlimited,PSA 9,2026-06-29,1700.00,USD,eBay,best offer,TRUE,,,2001 POKEMON NEO REVELATION #8 HOUNDOOM-HOLO PSA 9 #8,https://www.ebay.es/itm/307032925372,PriceCharting
Neo Revelation,Houndoom,8/64,Unlimited,PSA 9,2026-06-13,1791.88,USD,eBay,unknown,FALSE,,,2001 Pokemon Houndoom P.M. Neo Revelation Holo #8 PSA 9 MINT,https://www.ebay.es/itm/206306764070,PriceCharting
Neo Revelation,Houndoom,8/64,Unlimited,PSA 9,2026-06-09,1600.00,USD,eBay,best offer,TRUE,1600.00,,2001 Pokemon Neo Revelation Houndoom 8/64 Holo PSA 9 Crazy Swirl On Nose #8,https://www.ebay.es/itm/406874308459,PriceCharting
Neo Revelation,Houndoom,8/64,Unlimited,PSA 9,2026-05-04,1300.00,USD,eBay,best offer,TRUE,1300.00,,2001 POKEMON NEO REVELATION #8 HOUNDOOM-HOLO PSA 9 #8,https://www.ebay.es/itm/306911699282,PriceCharting
Neo Revelation,Houndoom,8/64,Unlimited,PSA 9,2026-04-20,1325.00,USD,eBay,best offer,TRUE,1325.00,,2001 Pokemon Neo Revelation Houndoom 8/64 Holo PSA 9 #8,https://www.ebay.es/itm/406812961971,PriceCharting
Neo Revelation,Houndoom,8/64,Unlimited,PSA 9,2026-04-10,1000.00,USD,eBay,unknown,FALSE,,,Pokemon Houndoom Neo Revelation Unlimited Holo Rare #8 PSA 9 Mint,https://www.ebay.es/itm/287126834468,PriceCharting
Neo Revelation,Houndoom,8/64,Unlimited,PSA 9,2026-03-29,1050.00,USD,eBay,unknown,FALSE,,,Pokémon TCG Houndoom Neo Revelation Holo Card 8/64 Unlimited PSA 9 🌀 SWIRL 🌀,https://www.ebay.es/itm/147206564760,PriceCharting
Neo Revelation,Houndoom,8/64,Unlimited,PSA 9,2026-03-14,799.99,USD,eBay,unknown,FALSE,,,Pokemon Houndoom Neo Revelation Unlimited Holo Rare #8 PSA 9 Mint,https://www.ebay.es/itm/287182249673,PriceCharting
Neo Revelation,Houndoom,8/64,Unlimited,PSA 9,2026-01-11,700.00,USD,eBay,unknown,FALSE,,,2001 POKEMON NEO REVELATION #8 HOUNDOOM-HOLO PSA 9 #8,https://www.ebay.es/itm/306701028959,PriceCharting
Neo Revelation,Houndoom,8/64,Unlimited,PSA 9,2026-01-02,550.00,USD,eBay,unknown,FALSE,,,2001 POKEMON NEO REVELATION HOUNDOOM UNLIMITED HOLO 8/64 PSA 9 08/64,https://www.ebay.es/itm/227142637815,PriceCharting
Neo Revelation,Houndoom,8/64,Unlimited,PSA 8,2026-09-29,770.99,USD,eBay,unknown,FALSE,,,🌀 🌀 SWIRL 🌀 🌀 2001 Pokémon Neo Revelation Houndoom #8/64 Holo PSA 8 WOTC,https://www.ebay.es/itm/158323973449,PriceCharting
Neo Revelation,Houndoom,8/64,Unlimited,PSA 8,2026-09-24,580.00,USD,eBay,unknown,FALSE,,,2001 POKEMON NEO REVELATION #8 HOUNDOOM-HOLO PSA 8 NM-MT,https://www.ebay.es/itm/377500708958,PriceCharting
Neo Revelation,Houndoom,8/64,Unlimited,PSA 8,2026-08-28,860.00,USD,eBay,unknown,FALSE,,,2001 POKEMON NEO REVELATION #8 HOUNDOOM-HOLO PSA 8 #8,https://www.ebay.es/itm/298620937621,PriceCharting
Neo Revelation,Houndoom,8/64,Unlimited,PSA 8,2026-08-26,510.00,USD,eBay,unknown,FALSE,,,POKEMON HOUNDOOM 2001 NEO REVELATION #8 HOLO PSA 8 #8,https://www.ebay.es/itm/800536242237,PriceCharting
Neo Revelation,Houndoom,8/64,Unlimited,PSA 8,2026-08-24,520.00,USD,eBay,unknown,FALSE,,,Houndoom - PSA 8 - Pokemon: Neo Revelation (2001) - 8/64 - Holo 08/64,https://www.ebay.es/itm/168624275493,PriceCharting
Neo Revelation,Houndoom,8/64,Unlimited,PSA 8,2026-08-13,555.00,USD,eBay,best offer,TRUE,555.00,,Pokémon TCG Houndoom Neo Revelation Holo Card 8/64 PSA 8 08/64,https://www.ebay.es/itm/366574093596,PriceCharting
Neo Revelation,Houndoom,8/64,Unlimited,PSA 8,2026-08-13,800.00,USD,eBay,unknown,FALSE,,,Pokemon TCG 2001 Neo Revelation Houndoom 08/64 Holo Unlimited PSA 8 08/64,https://www.ebay.es/itm/178401970813,PriceCharting
Neo Revelation,Houndoom,8/64,Unlimited,PSA 8,2026-08-01,750.00,USD,eBay,unknown,FALSE,,,2001 POKEMON NEO REVELATION #8 HOUNDOOM-HOLO PSA 8 #8,https://www.ebay.es/itm/298539698628,PriceCharting
Neo Revelation,Houndoom,8/64,Unlimited,PSA 8,2026-07-26,600.00,USD,eBay,best offer,TRUE,,,2001 Pokemon Neo Revelation Holo Houndoom #8 PSA 8 NM-MT #8,https://www.ebay.es/itm/800162796731,PriceCharting
Neo Revelation,Houndoom,8/64,Unlimited,PSA 8,2026-07-16,499.99,USD,eBay,unknown,FALSE,,,2001 Pokemon Neo Revelation Holo Houndoom #8 PSA 8 NM-MT #8,https://www.ebay.es/itm/327263182917,PriceCharting
Neo Revelation,Houndoom,8/64,Unlimited,PSA 8,2026-07-14,599.00,USD,eBay,unknown,FALSE,,,Pokemon 2001 Houndoom 8/64 Holo Neo Revelation PSA 8 8/64,https://www.ebay.es/itm/407060749764,PriceCharting
Neo Revelation,Houndoom,8/64,Unlimited,PSA 8,2026-07-10,464.27,USD,eBay,best offer,TRUE,,,Pokémon PSA 8 Neo Revelation Houndoom Holo Rare Graded 8/64 08/64,https://www.ebay.es/itm/206367771885,PriceCharting
Neo Revelation,Houndoom,8/64,Unlimited,PSA 8,2026-07-02,590.00,USD,eBay,unknown,FALSE,,,2001 POKEMON NEO REVELATION #8 HOUNDOOM HOLO PSA 8 08/64,https://www.ebay.es/itm/327243454355,PriceCharting
Neo Revelation,Houndoom,8/64,Unlimited,PSA 8,2026-06-30,500.00,USD,eBay,best offer,TRUE,500.00,,2001 Pokemon Neo Revelation Holo Houndoom #8 PSA 8 NM-MT #8,https://www.ebay.es/itm/336555693446,PriceCharting
Neo Revelation,Houndoom,8/64,Unlimited,PSA 8,2026-06-26,499.00,USD,eBay,unknown,FALSE,,,2001 POKEMON NEO REVELATION #8 HOUNDOOM-HOLO PSA 8 #8,https://www.ebay.es/itm/117267211560,PriceCharting
Neo Revelation,Houndoom,8/64,Unlimited,PSA 8,2026-06-17,462.50,USD,eBay,best offer,TRUE,,,Pokemon TCG Neo Revelation Houndoom 8/64 Holo Rare Unlimited 2001 ENG PSA 8 08/64,https://www.ebay.es/itm/198424157224,PriceCharting
Neo Revelation,Houndoom,8/64,Unlimited,PSA 8,2026-06-17,465.00,USD,eBay,best offer,TRUE,,,2001 POKEMON NEO REVELATION #8 HOUNDOOM-HOLO PSA 8 #8,https://www.ebay.es/itm/117249641041,PriceCharting
Neo Revelation,Houndoom,8/64,Unlimited,PSA 8,2026-06-15,417.50,USD,eBay,unknown,FALSE,,,2001 POKEMON NEO REVELATION #8 HOUNDOOM-HOLO PSA 8 #8,https://www.ebay.es/itm/298385722327,PriceCharting
Neo Revelation,Houndoom,8/64,Unlimited,PSA 8,2026-06-08,460.00,USD,eBay,unknown,FALSE,,,Pokemon Houndoom Neo Revelation Unlimited Holo Rare #8 PSA 8,https://www.ebay.es/itm/287361576945,PriceCharting
Neo Revelation,Houndoom,8/64,Unlimited,PSA 8,2026-06-06,533.68,USD,eBay,unknown,FALSE,,,Pokémon PSA 8 Neo Revelation Houndoom Holo Rare Graded 8/64 New Cert Clean,https://www.ebay.es/itm/358514226683,PriceCharting
Neo Revelation,Jumpluff,9/64,1st Edition,PSA 10,2026-09-22,6500,USD,eBay,best offer,TRUE,,27285203,,https://www.ebay.com/itm/267623829244,PSA APR
Neo Revelation,Jumpluff,9/64,1st Edition,PSA 10,2026-07-24,2000.00,USD,eBay,best offer,TRUE,2000.00,,PSA 10 Gem Mint Pokémon Jumpluff Neo Revelation Holo Card 1st Edition Rare 9/64,https://www.ebay.es/itm/188687498271,PriceCharting
Neo Revelation,Jumpluff,9/64,1st Edition,PSA 10,2026-05-17,1778.78,USD,eBay,unknown,FALSE,,,JUMPLUFF HOLO 1ST EDITION POKEMON 9/64 2001 NEO REVELATION HOLO POP 60 ENG PSA 10,https://www.ebay.es/itm/137283521631,PriceCharting
Neo Revelation,Jumpluff,9/64,1st Edition,PSA 10,2026-05-10,1898.00,USD,eBay,unknown,FALSE,,,Pokemon Jumpluff Neo Revelation 1st Edition Holo Rare #9 PSA 10 Gem Mint,https://www.ebay.es/itm/287306362571,PriceCharting
Neo Revelation,Jumpluff,9/64,1st Edition,PSA 10,2026-04-27,2397.00,USD,eBay,unknown,FALSE,,,2001 Pokemon Neo Revelation 1st Edition #9 Jumpluff Holo PSA 10 GEM MINT #9,https://www.ebay.es/itm/178063418139,PriceCharting
Neo Revelation,Jumpluff,9/64,1st Edition,PSA 10,2026-04-27,3000,USD,Fanatics Collect,auction,FALSE,,41108850,,https://www.fanaticscollect.com/weekly/d06215d4-352e-11f1-8d68-0a58a9feac02,PSA APR
Neo Revelation,Jumpluff,9/64,1st Edition,PSA 10,2026-04-26,3282.00,USD,eBay,unknown,FALSE,,,Pokemon Jumpluff Neo Revelation 1st Edition Holo Rare #9 PSA 10 Gem Mint,https://www.ebay.es/itm/287278224472,PriceCharting
Neo Revelation,Jumpluff,9/64,1st Edition,PSA 10,2026-04-20,4080,USD,Fanatics Collect,auction,FALSE,,27506291,,https://www.fanaticscollect.com/weekly/d072d642-31de-11f1-b9d7-0a58a9feac02,PSA APR
Neo Revelation,Jumpluff,9/64,1st Edition,PSA 10,2026-03-26,6000,USD,Fanatics Collect,BIN,FALSE,,43081952,,https://www.fanaticscollect.com/buy-now/cea9b132-aae6-4751-ab29-63ce827d7e3e,PSA APR
Neo Revelation,Jumpluff,9/64,1st Edition,PSA 10,2026-03-18,6000.00,USD,eBay,unknown,FALSE,,,Pokemon Jumpluff 1st Edition Neo Revelation 9/64 PSA 10 Gem Mint Holo Rare,https://www.ebay.es/itm/406779669717,PriceCharting
Neo Revelation,Jumpluff,9/64,1st Edition,PSA 10,2026-03-18,7877.00,USD,eBay,unknown,FALSE,,,2001 Pokemon Neo Revelation 1st Edition #9 Jumpluff Holo PSA 10 GEM MINT,https://www.ebay.es/itm/389725618751,PriceCharting
Neo Revelation,Jumpluff,9/64,1st Edition,PSA 10,2026-01-06,752.19,USD,eBay,unknown,FALSE,,,PSA 10 GEM MINT Pokemon Jumpluff Neo Revelation 1st Edition Holo #9 2001,https://www.ebay.es/itm/197656844153,PriceCharting
Neo Revelation,Jumpluff,9/64,1st Edition,PSA 10,2025-09-19,713.78,USD,eBay,unknown,FALSE,,,2001 POKEMON CARD JUMPLUFF #9 HOLO 1ST EDITION NEO REVELATION PSA 10 GEM MINT,https://www.ebay.es/itm/284368063081,PriceCharting
Neo Revelation,Jumpluff,9/64,1st Edition,PSA 10,2025-08-10,410.00,USD,eBay,unknown,FALSE,,,Pokemon Jumpluff Neo Revelation 1st Edition Holo Rare #9 PSA 10 Gem Mint,https://www.ebay.es/itm/286739114460,PriceCharting
Neo Revelation,Jumpluff,9/64,1st Edition,PSA 10,2025-06-02,420,USD,eBay,BIN,FALSE,,41261530,,https://www.ebay.com/itm/315055817818,PSA APR
Neo Revelation,Jumpluff,9/64,1st Edition,PSA 10,2025-05-18,499.00,USD,eBay,unknown,FALSE,,,Pokemon Jumpluff Neo Revelation 1st Edition Holo Rare #9 PSA 10 Gem Mint,https://www.ebay.es/itm/286523659614,PriceCharting
Neo Revelation,Jumpluff,9/64,1st Edition,PSA 10,2025-03-15,380.00,USD,eBay,unknown,FALSE,,,2000 POKEMON NEO REVELATION 1ST EDITION JUMPLUFF #9 -HOLO PSA 10 GEM MINT #9,https://www.ebay.es/itm/187026154119,PriceCharting
Neo Revelation,Jumpluff,9/64,1st Edition,PSA 10,2025-03-08,419.99,USD,eBay,unknown,FALSE,,,2001 JUMPLUFF HOLO RARE 1ST EDITION NEO REVELATION POKEMON PSA 10 GEM MINT #9/64 #9,https://www.ebay.es/itm/126978677081,PriceCharting
Neo Revelation,Jumpluff,9/64,1st Edition,PSA 10,2025-03-02,360.00,USD,eBay,unknown,FALSE,,,2001 JUMPLUFF HOLO RARE 1ST EDITION NEO REVELATION POKEMON PSA 10 GEM MINT #9/64 #9,https://www.ebay.es/itm/126444911588,PriceCharting
Neo Revelation,Jumpluff,9/64,1st Edition,PSA 10,2025-02-09,350.00,USD,eBay,unknown,FALSE,,,2000 POKEMON NEO REVELATION 1ST EDITION JUMPLUFF #9 -HOLO PSA 10 GEM MINT #9,https://www.ebay.es/itm/267113486363,PriceCharting
Neo Revelation,Jumpluff,9/64,1st Edition,PSA 10,2024-10-29,399.99,USD,eBay,unknown,FALSE,,,PSA 10 Jumpluff 1st Edition Holo Neo Revelation Pokemon Card #9 2001 #9,https://www.ebay.es/itm/395620221880,PriceCharting
Neo Revelation,Jumpluff,9/64,1st Edition,PSA 10,2024-07-28,283.00,USD,eBay,unknown,FALSE,,,Gem Mint! 1st Edition JUMPLUFF Holo 2001 POKEMON NEO REVELATION # 9 WOTC PSA 10 9/64,https://www.ebay.es/itm/176483149298,PriceCharting
Neo Revelation,Jumpluff,9/64,1st Edition,PSA 10,2024-06-09,420.00,USD,eBay,unknown,FALSE,,,2001 POKEMON NEO REVELATION 1ST EDITION HOLO JUMPLUFF #9 PSA 10 GEM MINT #9,https://www.ebay.es/itm/186477186458,PriceCharting
Neo Revelation,Jumpluff,9/64,1st Edition,PSA 10,2024-04-22,325.00,USD,eBay,unknown,FALSE,,,2001 POKEMON NEO REVELATION 1ST EDITION HOLO JUMPLUFF #9 PSA 10 GEM MINT #9,https://www.ebay.es/itm/186393347520,PriceCharting
Neo Revelation,Jumpluff,9/64,1st Edition,PSA 10,2024-02-02,171.57,USD,eBay,auction,FALSE,,26276023,,https://www.ebay.com/itm/145576541707,PSA APR
Neo Revelation,Jumpluff,9/64,1st Edition,PSA 10,2023-10-25,285,USD,eBay,auction,FALSE,,46873846,,https://www.ebay.com/itm/285520842450,PSA APR
Neo Revelation,Jumpluff,9/64,1st Edition,PSA 9,2026-09-18,224.99,USD,eBay,unknown,FALSE,,,PSA 9 MINT Pokemon 1st Edition Jumpluff Holo 9/64 Neo Revelation 09/64,https://www.ebay.es/itm/237075156249,PriceCharting
Neo Revelation,Jumpluff,9/64,1st Edition,PSA 9,2026-09-10,224.99,USD,eBay,unknown,FALSE,,,Pokemon 1st Edition Jumpluff Holo 9/64 Neo Revelation PSA 9 MINT 9/64,https://www.ebay.es/itm/236813801744,PriceCharting
Neo Revelation,Jumpluff,9/64,1st Edition,PSA 9,2026-08-28,160.15,USD,eBay,unknown,FALSE,,,Jumpluff 9/64 1st Edition PSA 9 Neo Revelation Pokemon Holo 9/64,https://www.ebay.es/itm/237035764150,PriceCharting
Neo Revelation,Jumpluff,9/64,1st Edition,PSA 9,2026-08-24,250.00,USD,eBay,unknown,FALSE,,,2001 POKEMON NEO REVELATION 1ST EDITION #9 JUMPLUFF-HOLO PSA 9 #9,https://www.ebay.es/itm/306906480365,PriceCharting
Neo Revelation,Jumpluff,9/64,1st Edition,PSA 9,2026-08-18,135.50,USD,eBay,unknown,FALSE,,,2001 Pokemon Neo Revelation 1st Edition Jumpluff Holo #9/64 PSA 9,https://www.ebay.es/itm/128023299962,PriceCharting
Neo Revelation,Jumpluff,9/64,1st Edition,PSA 9,2026-08-16,177.50,USD,eBay,unknown,FALSE,,,Pokemon Jumpluff Holo Neo Revelation 9/64 1st Edition PSA 9 Mint #Sep-64,https://www.ebay.es/itm/287511098750,PriceCharting
Neo Revelation,Jumpluff,9/64,1st Edition,PSA 9,2026-06-17,255.00,USD,eBay,unknown,FALSE,,,2001 Pokemon Neo Revelation 1st Edition Jumpluff Holo #9/64 PSA 9,https://www.ebay.es/itm/127916684798,PriceCharting
Neo Revelation,Jumpluff,9/64,1st Edition,PSA 9,2026-05-31,250.00,USD,eBay,unknown,FALSE,,,Pokemon 2001 Neo Revelation Jumpluff Holo 1st Edition #9 PSA 9 #9,https://www.ebay.es/itm/366402885870,PriceCharting
Neo Revelation,Jumpluff,9/64,1st Edition,PSA 9,2026-05-28,203.50,USD,eBay,unknown,FALSE,,,Pokemon 1st Edition Jumpluff Holo 9/64 Neo Revelation PSA 9 MINT,https://www.ebay.es/itm/397986777641,PriceCharting
Neo Revelation,Jumpluff,9/64,1st Edition,PSA 9,2026-05-25,225.00,USD,eBay,unknown,FALSE,,,Nintendo Pokémon Jumpluff #9/64 Neo Revelation 1st Edition Holo Rare PSA 9 09/64,https://www.ebay.es/itm/157868404686,PriceCharting
Neo Revelation,Jumpluff,9/64,1st Edition,PSA 9,2026-03-31,229.99,USD,eBay,unknown,FALSE,,,Pokemon 1st Edition Jumpluff Holo 9/64 Neo Revelation PSA 9 MINT,https://www.ebay.es/itm/265086998518,PriceCharting
Neo Revelation,Jumpluff,9/64,1st Edition,PSA 9,2026-03-23,149.99,USD,eBay,unknown,FALSE,,,2001 POKEMON NEO REVELATION JUMPLUFF #9 1ST EDITION HOLO PSA 9!,https://www.ebay.es/itm/397747206113,PriceCharting
Neo Revelation,Jumpluff,9/64,1st Edition,PSA 9,2026-03-22,149.99,USD,eBay,unknown,FALSE,,,Pokemon Neo Revelation JUMPLUFF 1st Edition Holo #9 PSA 9,https://www.ebay.es/itm/403574271146,PriceCharting
Neo Revelation,Jumpluff,9/64,1st Edition,PSA 9,2026-03-13,124.99,USD,eBay,unknown,FALSE,,,Pokemon 2001 Neo Revelation #9 Jumpluff 1st Edition Holo PSA 9 Mint 9/64 ✅ #9,https://www.ebay.es/itm/396287138621,PriceCharting
Neo Revelation,Jumpluff,9/64,1st Edition,PSA 9,2026-03-05,160.00,USD,eBay,best offer,TRUE,160.00,,Pokemon 1st Edition Jumpluff 09/64 - PSA 9 MINT - Neo Revelation Holo *New Cert* 09/64,https://www.ebay.es/itm/157695961988,PriceCharting
Neo Revelation,Jumpluff,9/64,1st Edition,PSA 9,2026-03-05,140.00,USD,eBay,best offer,TRUE,140.00,,Pokemon PSA 9 1st Edition Neo Revelation Jumpluff Holo Rare 9/64 MINT 9/64,https://www.ebay.es/itm/157719121623,PriceCharting
Neo Revelation,Jumpluff,9/64,1st Edition,PSA 9,2026-02-18,145.00,USD,eBay,unknown,FALSE,,,Pokemon Jumpluff Neo Revelation 1st Edition Holo Rare #9 PSA 9 Mint,https://www.ebay.es/itm/287074691489,PriceCharting
Neo Revelation,Jumpluff,9/64,1st Edition,PSA 9,2026-02-11,133.00,USD,eBay,unknown,FALSE,,,2001 POKEMON NEO REVELATION 1ST ED #9 JUMPLUFF-HOLO PSA 9 #9,https://www.ebay.es/itm/117032098957,PriceCharting
Neo Revelation,Jumpluff,9/64,1st Edition,PSA 9,2026-01-18,119.00,USD,eBay,unknown,FALSE,,,Pokemon 1st Edition 2001 Neo Revelation Jumpluff Holo 9/64 PSA 9 Mint TCG 09/64,https://www.ebay.es/itm/198026288653,PriceCharting
Neo Revelation,Jumpluff,9/64,1st Edition,PSA 9,2026-01-04,105.00,USD,eBay,best offer,TRUE,105.00,,Pokemon 1st Edition 2001 Neo Revelation Jumpluff Holo 9/64 PSA 9 Mint TCG 09/64,https://www.ebay.es/itm/136737138320,PriceCharting
Neo Revelation,Jumpluff,9/64,1st Edition,PSA 9,2025-12-28,152.07,USD,eBay,unknown,FALSE,,,2001 Pokemon 1st Edition Neo Revelation JUMPLUFF Holo Foil Rare #9/64 PSA 9 MINT,https://www.ebay.es/itm/365887427789,PriceCharting
Neo Revelation,Jumpluff,9/64,1st Edition,PSA 8,2026-09-25,100.00,USD,eBay,best offer,TRUE,100.00,,2001 POKEMON NEO REVELATION 1ST EDITION #9 JUMPLUFF-HOLO PSA 8 SWIRL 💫 #9,https://www.ebay.es/itm/820170676821,PriceCharting
Neo Revelation,Jumpluff,9/64,1st Edition,PSA 8,2026-09-24,115.00,USD,eBay,unknown,FALSE,,,Pokémon 2001 Neo Revelation 1st Edition Holo Jumpluff #9/64 PSA 8 09/64,https://www.ebay.es/itm/117427168949,PriceCharting
Neo Revelation,Jumpluff,9/64,1st Edition,PSA 8,2026-09-23,70.21,USD,eBay,unknown,FALSE,,,WED 23/09 Jumpluff Holo 9/64 1st Edition Neo Revelation Pokemon PSA 8 9/64,https://www.ebay.es/itm/206572213115,PriceCharting
Neo Revelation,Jumpluff,9/64,1st Edition,PSA 8,2026-09-23,115.00,USD,eBay,best offer,TRUE,,,2001 POKEMON NEO REVELATION 1ST EDITION #9 JUMPLUFF-HOLO PSA 8 #9,https://www.ebay.es/itm/267731829610,PriceCharting
Neo Revelation,Jumpluff,9/64,1st Edition,PSA 8,2026-09-21,115.00,USD,eBay,unknown,FALSE,,,Pokemon 1st Edition Jumpluff Holo 9/64 Neo Revelation PSA 8 With Swirl NM 9/64,https://www.ebay.es/itm/117385687113,PriceCharting
Neo Revelation,Jumpluff,9/64,1st Edition,PSA 8,2026-09-13,113.95,USD,eBay,unknown,FALSE,,,2001 POKEMON NEO REVELATION #9 JUMPLUFF-HOLO 1ST EDITION PSA 8 #9,https://www.ebay.es/itm/307158161785,PriceCharting
Neo Revelation,Jumpluff,9/64,1st Edition,PSA 8,2026-09-09,115.10,USD,eBay,unknown,FALSE,,,PSA 8 JUMPLUFF 9/64 | Neo Revelation 1st Edition WOTC Holo Pokemon Card 9/64,https://www.ebay.es/itm/327308981990,PriceCharting
Neo Revelation,Jumpluff,9/64,1st Edition,PSA 8,2026-06-16,95.71,USD,eBay,unknown,FALSE,,,2001 POKEMON NEO REVELATION 1ST EDITION #9 JUMPLUFF-HOLO PSA 8 #9,https://www.ebay.es/itm/306985014459,PriceCharting
Neo Revelation,Jumpluff,9/64,1st Edition,PSA 8,2026-05-12,108.87,USD,eBay,unknown,FALSE,,,Jumpluff #9/64 FIRST EDITION PSA 8 • 2001 HOLO Pokemon TCG Neo Revelation,https://www.ebay.es/itm/306823203400,PriceCharting
Neo Revelation,Jumpluff,9/64,1st Edition,PSA 8,2026-05-03,100.00,USD,eBay,unknown,FALSE,,,Pokemon Jumpluff Neo Revelation 1st Edition Holo Rare #9 PSA 8,https://www.ebay.es/itm/287292200842,PriceCharting
Neo Revelation,Jumpluff,9/64,1st Edition,PSA 8,2026-05-03,165.00,USD,eBay,unknown,FALSE,,,2001 POKEMON NEO REVELATION 1ST EDITION #9 JUMPLUFF-HOLO PSA 8 #9,https://www.ebay.es/itm/117171370827,PriceCharting
Neo Revelation,Jumpluff,9/64,1st Edition,PSA 8,2026-04-19,137.50,USD,eBay,unknown,FALSE,,,Pokemon Jumpluff Neo Revelation 1st Edition Holo Rare #9 PSA 8,https://www.ebay.es/itm/287265067593,PriceCharting
Neo Revelation,Jumpluff,9/64,1st Edition,PSA 8,2026-04-19,114.50,USD,eBay,unknown,FALSE,,,2001 POKEMON NEO REVELATION 1ST EDITION #9 JUMPLUFF-HOLO PSA 8 #9,https://www.ebay.es/itm/117128992425,PriceCharting
Neo Revelation,Jumpluff,9/64,1st Edition,PSA 8,2026-03-30,100.00,USD,eBay,unknown,FALSE,,,2001 POKEMON NEO REVELATION 1ST ED #9 JUMPLUFF-HOLO PSA 8 #9,https://www.ebay.es/itm/116892467524,PriceCharting
Neo Revelation,Jumpluff,9/64,1st Edition,PSA 8,2026-03-25,100.00,USD,eBay,unknown,FALSE,,,2001 Pokemon Neo Revelation Jumpluff #9 1st Edition Holo PSA 8 Graded Pokémon 09/64,https://www.ebay.es/itm/187940989813,PriceCharting
Neo Revelation,Jumpluff,9/64,1st Edition,PSA 8,2026-03-23,87.00,USD,eBay,best offer,TRUE,87.00,,Pokemon 2001 Neo Revelation #9 JUMPLUFF 1st Edition Holo PSA 8 NM-MT,https://www.ebay.es/itm/236384290433,PriceCharting
Neo Revelation,Jumpluff,9/64,1st Edition,PSA 8,2026-03-04,80.00,USD,eBay,best offer,TRUE,,,Jumpluff #9/64 FIRST EDITION PSA 8 • 2001 HOLO Pokemon TCG Neo Revelation 09/64,https://www.ebay.es/itm/287138170881,PriceCharting
Neo Revelation,Jumpluff,9/64,1st Edition,PSA 8,2026-01-19,85.00,USD,eBay,unknown,FALSE,,,Jumpluff Holo 1st Edition PSA 8 NM-MT (2001) Pokemon Neo Revelation 1st Ed 9/64 09/64,https://www.ebay.es/itm/227180967447,PriceCharting
Neo Revelation,Jumpluff,9/64,1st Edition,PSA 8,2025-12-24,75.00,USD,eBay,unknown,FALSE,,,2001 POKEMON NEO REVELATION 1ST EDITION #9 JUMPLUFF-HOLO PSA 8 #9,https://www.ebay.es/itm/306659921843,PriceCharting
Neo Revelation,Jumpluff,9/64,1st Edition,PSA 8,2025-12-02,92.00,USD,eBay,unknown,FALSE,,,2001 POKEMON NEO REVELATION 1ST ED #9 JUMPLUFF-HOLO PSA 8 #9,https://www.ebay.es/itm/306638079569,PriceCharting
Neo Revelation,Jumpluff,9/64,1st Edition,PSA 8,2025-11-28,68.35,USD,eBay,unknown,FALSE,,,2001 POKEMON NEO REVELATION 1ST EDITION #9/64 JUMPLUFF HOLO PSA 8 9/64,https://www.ebay.es/itm/205860662146,PriceCharting
Neo Revelation,Jumpluff,9/64,1st Edition,PSA 8,2025-09-14,70.00,USD,eBay,unknown,FALSE,,,PSA 8 Jumpluff Holo 9/64 1st Edition Neo Revelation 2001 Pokemon Card Vintage 9/64,https://www.ebay.es/itm/397034689915,PriceCharting
Neo Revelation,Jumpluff,9/64,Unlimited,PSA 10,2026-04-13,1350.00,USD,eBay,unknown,FALSE,,,Pokemon Jumpluff Neo Revelation Unlimited Holo Rare #9 PSA 10 Gem Mint,https://www.ebay.es/itm/287251628516,PriceCharting
Neo Revelation,Jumpluff,9/64,Unlimited,PSA 10,2025-09-11,355.02,USD,eBay,unknown,FALSE,,,Pokémon Jumpluff Holo Rare TCG Card 9/64 Neo Revelation Unlimited PSA 10 09/64,https://www.ebay.es/itm/286801542268,PriceCharting
Neo Revelation,Jumpluff,9/64,Unlimited,PSA 10,2025-08-10,296.00,USD,eBay,unknown,FALSE,,,Pokemon Jumpluff Neo Revelation Unlimited Holo Rare #9 PSA 10 Gem Mint,https://www.ebay.es/itm/286739114821,PriceCharting
Neo Revelation,Jumpluff,9/64,Unlimited,PSA 10,2025-07-28,285.00,USD,eBay,unknown,FALSE,,,Pokemon Jumpluff Neo Revelation Unlimited Holo Rare #9 PSA 10 Gem Mint,https://www.ebay.es/itm/286715577711,PriceCharting
Neo Revelation,Jumpluff,9/64,Unlimited,PSA 10,2024-05-27,182.50,USD,eBay,unknown,FALSE,,,2001 Neo Revelation 9/64 Jumpluff Holo Rare Pokemon TCG Card PSA 10 9/64,https://www.ebay.es/itm/276465736119,PriceCharting
Neo Revelation,Jumpluff,9/64,Unlimited,PSA 10,2024-04-12,209.50,USD,eBay,unknown,FALSE,,,2001 Pokemon Neo Revelation #9 Jumpluff - Holo PSA 10 GEM MINT,https://www.ebay.es/itm/364825363106,PriceCharting
Neo Revelation,Jumpluff,9/64,Unlimited,PSA 10,2024-04-12,209.16,USD,eBay,unknown,FALSE,,,2001 Pokemon Neo Revelation #9 Jumpluff - Holo PSA 10 GEM MINT,https://www.ebay.es/itm/375352090239,PriceCharting
Neo Revelation,Jumpluff,9/64,Unlimited,PSA 9,2026-08-24,120.00,USD,eBay,unknown,FALSE,,,2001 POKEMON NEO REVELATION JUMPLUFF HOLO #9 UNLIMITED PSA 9 MINT MT #9,https://www.ebay.es/itm/398319279768,PriceCharting
Neo Revelation,Jumpluff,9/64,Unlimited,PSA 9,2026-07-06,90.00,USD,eBay,best offer,TRUE,90.00,,Pokemon Jumpluff 09/64 Holo Neo Revelation 2001 Unlimited PSA 9 English 09/64,https://www.ebay.es/itm/366468014172,PriceCharting
Neo Revelation,Jumpluff,9/64,Unlimited,PSA 9,2026-06-01,105.00,USD,eBay,unknown,FALSE,,,Pokemon Jumpluff Neo Revelation Unlimited Holo Rare #9 PSA 9 Mint,https://www.ebay.es/itm/286409979090,PriceCharting
Neo Revelation,Jumpluff,9/64,Unlimited,PSA 9,2026-05-31,150.00,USD,eBay,best offer,TRUE,150.00,,2001 POKEMON NEO REVELATION JUMPLUFF HOLO #9 UNLIMITED PSA 9 MINT MT #9,https://www.ebay.es/itm/278010573110,PriceCharting
Neo Revelation,Jumpluff,9/64,Unlimited,PSA 9,2026-04-30,59.27,USD,eBay,unknown,FALSE,,,2001 Pokemon Neo Revelation #9 Jumpluff Holo PSA 9 MINT 9/64,https://www.ebay.es/itm/366375266210,PriceCharting
Neo Revelation,Jumpluff,9/64,Unlimited,PSA 9,2026-04-22,73.13,USD,eBay,unknown,FALSE,,,Jumpluff - 9/64 - Holo Rare Unlimited Neo Revelation - Pokemon Card NM PSA 9 #9/64,https://www.ebay.es/itm/397841278122,PriceCharting
Neo Revelation,Jumpluff,9/64,Unlimited,PSA 9,2026-04-17,100.00,USD,eBay,best offer,TRUE,100.00,,Pokemon Jumpluff Holo 9/64 Neo Revelation PSA 9 Mint,https://www.ebay.es/itm/174285889683,PriceCharting
Neo Revelation,Jumpluff,9/64,Unlimited,PSA 9,2026-03-31,75.00,USD,eBay,unknown,FALSE,,,2001 Pokémon Neo Revelation Holo Rare Jumpluff 9/64 PSA 9 09/64,https://www.ebay.es/itm/397665843274,PriceCharting
Neo Revelation,Jumpluff,9/64,Unlimited,PSA 9,2026-03-16,72.95,USD,eBay,unknown,FALSE,,,Pokemon Neo Revelation Jumpluff 9/64 PSA 9,https://www.ebay.es/itm/376828953687,PriceCharting
Neo Revelation,Jumpluff,9/64,Unlimited,PSA 9,2026-01-28,102.50,USD,eBay,unknown,FALSE,,,2001 Pokemon Neo Revelation #9 Jumpluff Holo PSA 9 MINT,https://www.ebay.es/itm/389519241044,PriceCharting
Neo Revelation,Jumpluff,9/64,Unlimited,PSA 9,2025-12-28,66.00,USD,eBay,unknown,FALSE,,,TCG 2001 Pokemon Neo Revelation #9 Jumpluff Holo PSA 9 MINT,https://www.ebay.es/itm/376784869246,PriceCharting
Neo Revelation,Jumpluff,9/64,Unlimited,PSA 9,2025-11-16,55.00,USD,eBay,unknown,FALSE,,,Pokemon Jumpluff Neo Revelation Unlimited Holo Rare #9 PSA 9 Mint,https://www.ebay.es/itm/286922257381,PriceCharting
Neo Revelation,Jumpluff,9/64,Unlimited,PSA 9,2025-10-21,59.90,USD,eBay,unknown,FALSE,,,2001 Pokemon Neo Revelation #9 Jumpluff Holo PSA 9 MINT,https://www.ebay.es/itm/376625029086,PriceCharting
Neo Revelation,Jumpluff,9/64,Unlimited,PSA 9,2025-09-19,64.95,USD,eBay,unknown,FALSE,,,2001 Pokemon Neo Revelation Jumpluff Holo #9 PSA 9 - POP 175 9/64,https://www.ebay.es/itm/145715895640,PriceCharting
Neo Revelation,Jumpluff,9/64,Unlimited,PSA 9,2025-08-04,61.00,USD,eBay,unknown,FALSE,,,PSA 9 Jumpluff 9/64 Pokemon Neo Revelation Holo Rare TCG Mint 9/64,https://www.ebay.es/itm/236232006260,PriceCharting
Neo Revelation,Jumpluff,9/64,Unlimited,PSA 9,2025-07-20,63.99,USD,eBay,unknown,FALSE,,,PSA 9 Mint Jumpluff 9/64 Unlimited Holo Rare 2001 Pokémon Neo Revelation 9/64,https://www.ebay.es/itm/335883248904,PriceCharting
Neo Revelation,Jumpluff,9/64,Unlimited,PSA 9,2025-05-23,59.99,USD,eBay,unknown,FALSE,,,Pokemon Neo Revelation Jumpluff Holo #9 PSA 9 Mint #9,https://www.ebay.es/itm/404970810080,PriceCharting
Neo Revelation,Jumpluff,9/64,Unlimited,PSA 9,2025-04-29,55.00,USD,eBay,unknown,FALSE,,,2001 Pokemon Neo Revelation Jumpluff Holo #9 PSA 9 9/64,https://www.ebay.es/itm/405814659161,PriceCharting
Neo Revelation,Jumpluff,9/64,Unlimited,PSA 9,2025-03-17,53.56,USD,eBay,unknown,FALSE,,,PSA 9 Pokemon TCG Jumpluff 09/64 Neo Revelation Holo Rare 09/64,https://www.ebay.es/itm/316505792489,PriceCharting
Neo Revelation,Jumpluff,9/64,Unlimited,PSA 9,2025-03-17,64.95,USD,eBay,unknown,FALSE,,,PSA 9 Pokemon TCG Jumpluff 09/64 Neo Revelation Holo Rare 09/64,https://www.ebay.es/itm/356638516346,PriceCharting
Neo Revelation,Jumpluff,9/64,Unlimited,PSA 9,2025-01-30,64.99,USD,eBay,unknown,FALSE,,,2001 JUMPLUFF HOLO RARE NEO REVELATION POKEMON TCG PSA 9 MINT #9/64 #9,https://www.ebay.es/itm/126481803504,PriceCharting
Neo Revelation,Jumpluff,9/64,Unlimited,PSA 9,2025-01-29,50.00,USD,eBay,unknown,FALSE,,,Pokemon Neo Revelation Jumpluff Holo #9 PSA 9 Mint #9,https://www.ebay.es/itm/135524016757,PriceCharting
Neo Revelation,Jumpluff,9/64,Unlimited,PSA 9,2025-01-24,46.00,USD,eBay,unknown,FALSE,,,2001 POKEMON NEO REVELATION JUMPLUFF HOLO PSA 9 MINT #9/64,https://www.ebay.es/itm/276821592398,PriceCharting
Neo Revelation,Jumpluff,9/64,Unlimited,PSA 8,2026-09-19,116.00,USD,eBay,unknown,FALSE,,,2001 POKEMON NEO REVELATION #9 JUMPLUFF-HOLO PSA 8 #9,https://www.ebay.es/itm/117308220266,PriceCharting
Neo Revelation,Jumpluff,9/64,Unlimited,PSA 8,2026-09-04,80.00,USD,eBay,unknown,FALSE,,,Pokemon TCG Neo Revelation Jumpluff Holo Rare EN 9/64 2001 PSA 8 09/64,https://www.ebay.es/itm/377403401673,PriceCharting
Neo Revelation,Jumpluff,9/64,Unlimited,PSA 8,2026-07-09,78.00,USD,eBay,unknown,FALSE,,,Pokemon TCG Neo Revelation Jumpluff Holo 9/64 2001 Unlimited PSA 8 09/64,https://www.ebay.es/itm/158021380657,PriceCharting
Neo Revelation,Jumpluff,9/64,Unlimited,PSA 8,2026-07-09,76.42,USD,eBay,unknown,FALSE,,,2001 Pokemon Jumpluff Neo Revelation Holo Rare PSA 8 NM/MINT 09/64,https://www.ebay.es/itm/127934677412,PriceCharting
Neo Revelation,Jumpluff,9/64,Unlimited,PSA 8,2026-06-09,74.00,USD,eBay,unknown,FALSE,,,2001 Pokemon Jumpluff Neo Revelation Holo Rare PSA 8 NM/MINT 09/64,https://www.ebay.es/itm/267687645606,PriceCharting
Neo Revelation,Jumpluff,9/64,Unlimited,PSA 8,2026-05-12,175.00,USD,eBay,unknown,FALSE,,,Pokémon TCG Jumpluff Neo Revelation Holo PSA 8 09/64,https://www.ebay.es/itm/147073035110,PriceCharting
Neo Revelation,Jumpluff,9/64,Unlimited,PSA 8,2026-04-13,50.89,USD,eBay,unknown,FALSE,,,Pokemon Jumpluff Neo Revelation Unlimited Holo Rare #9 PSA 8,https://www.ebay.es/itm/287251552027,PriceCharting
Neo Revelation,Jumpluff,9/64,Unlimited,PSA 8,2026-03-23,59.65,USD,eBay,unknown,FALSE,,,Pokemon Card Jumpluff 9/64 Holo Neo Revelation WOTC PSA 8 9/64,https://www.ebay.es/itm/326958295055,PriceCharting
Neo Revelation,Jumpluff,9/64,Unlimited,PSA 8,2026-03-13,65.00,USD,eBay,best offer,TRUE,,,2001 POKEMON NEO REVELATION 9 JUMPLUFF-HOLO PSA 8 #9,https://www.ebay.es/itm/336088263245,PriceCharting
Neo Revelation,Jumpluff,9/64,Unlimited,PSA 8,2025-12-12,40.00,USD,eBay,best offer,TRUE,40.00,,Pokemon Jumpluff 2001 Neo Revelation Unlimoted Holo Rare PSA 8 NM 🔥New Cert🔥 09/64,https://www.ebay.es/itm/227127961985,PriceCharting
Neo Revelation,Jumpluff,9/64,Unlimited,PSA 8,2025-11-12,29.99,USD,eBay,unknown,FALSE,,,2001 POKEMON NEO REVELATION #9 JUMPLUFF-HOLO PSA 8 #9,https://www.ebay.es/itm/306583037909,PriceCharting
Neo Revelation,Jumpluff,9/64,Unlimited,PSA 8,2025-05-02,28.00,USD,eBay,unknown,FALSE,,,2001 POKEMON NEO REVELATION #9 JUMPLUFF-HOLO PSA 8 #9,https://www.ebay.es/itm/297244781707,PriceCharting
Neo Revelation,Jumpluff,9/64,Unlimited,PSA 8,2025-03-21,74.95,USD,eBay,unknown,FALSE,,,2001 Pokemon Neo Revelation Jumpluff Holo 9/64 PSA 8 9/64,https://www.ebay.es/itm/286422464464,PriceCharting
Neo Revelation,Jumpluff,9/64,Unlimited,PSA 8,2025-02-18,50.00,USD,eBay,unknown,FALSE,,,Pokemon Neo Revelation Jumpluff Holo Rare #9 PSA 8 NM-MT #9,https://www.ebay.es/itm/396197377475,PriceCharting
Neo Revelation,Magneton,10/64,1st Edition,PSA 10,2025-07-14,2427.69,USD,eBay,unknown,FALSE,,,Pokemon Magneton Neo Revelation 1st Edition Holo Rare #10 PSA 10 Gem Mint,https://www.ebay.es/itm/286690828227,PriceCharting
Neo Revelation,Magneton,10/64,1st Edition,PSA 10,2025-02-07,2999.99,USD,eBay,unknown,FALSE,,,PSA 10 Pokemon 1st Edition Magneton Holo Rare #10 Neo Revelation Low Pop,https://www.ebay.es/itm/204590477025,PriceCharting
Neo Revelation,Magneton,10/64,1st Edition,PSA 9,2026-09-28,450.00,USD,eBay,unknown,FALSE,,,2001 POKEMON NEO REVELATION 1ST EDITION #10 MAGNETON-HOLO PSA 9 #10,https://www.ebay.es/itm/307111106416,PriceCharting
Neo Revelation,Magneton,10/64,1st Edition,PSA 9,2026-09-24,300.00,USD,eBay,best offer,TRUE,300.00,,2001 Pokemon Neo Revelation Holo Magneton 1st Edition #10 PSA 9 #10,https://www.ebay.es/itm/407232369226,PriceCharting
Neo Revelation,Magneton,10/64,1st Edition,PSA 9,2026-08-30,310.48,USD,eBay,unknown,FALSE,,,MAGNETON HOLO 1ST EDITION POKEMON NEO REVELATION EN 2001 10/64 PSA 9,https://www.ebay.es/itm/137643357423,PriceCharting
Neo Revelation,Magneton,10/64,1st Edition,PSA 9,2026-08-16,192.50,USD,eBay,unknown,FALSE,,,Pokemon Magneton Holo Neo Revelation 10/64 1st Edition PSA 9 Mint #Oct-64,https://www.ebay.es/itm/287511098732,PriceCharting
Neo Revelation,Magneton,10/64,1st Edition,PSA 9,2026-07-29,225.00,USD,eBay,best offer,TRUE,225.00,,Pokémon 2001 Neo Revelation Magneton 10 🔥1st Edition 🔥 PSA 9 WOTC Vintage! #10,https://www.ebay.es/itm/800300815477,PriceCharting
Neo Revelation,Magneton,10/64,1st Edition,PSA 9,2026-07-29,230.00,USD,eBay,unknown,FALSE,,,2001 POKEMON NEO REVELATION 1ST EDITION #10 MAGNETON-HOLO PSA 9 #10,https://www.ebay.es/itm/298531041586,PriceCharting
Neo Revelation,Magneton,10/64,1st Edition,PSA 9,2026-06-14,182.50,USD,eBay,unknown,FALSE,,,Pokemon Magneton Neo Revelation 1st Edition Holo Rare #10 PSA 9 Mint,https://www.ebay.es/itm/287372420424,PriceCharting
Neo Revelation,Magneton,10/64,1st Edition,PSA 9,2026-06-11,274.99,USD,eBay,best offer,TRUE,274.99,,Pokemon PSA 9 1st Edition Neo Revelation Magneton Holo Rare 10/64 MINT 10/64,https://www.ebay.es/itm/157928165023,PriceCharting
Neo Revelation,Magneton,10/64,1st Edition,PSA 9,2026-05-25,225.95,USD,eBay,best offer,TRUE,225.95,,PSA 9 - Pokemon Neo Revelation 1st Edition Magneton Holo 10/64,https://www.ebay.es/itm/188323746507,PriceCharting
Neo Revelation,Magneton,10/64,1st Edition,PSA 9,2026-05-01,177.99,USD,eBay,unknown,FALSE,,,2001 POKEMON NEO REVELATION 1ST ED #10 MAGNETON-HOLO PSA 9 #10,https://www.ebay.es/itm/127834476278,PriceCharting
Neo Revelation,Magneton,10/64,1st Edition,PSA 9,2026-03-17,168.88,USD,eBay,unknown,FALSE,,,2001 Pokemon 1st Edition Neo Revelation # 10 Magneton Holo PSA 9 MINT Free Ship! #10,https://www.ebay.es/itm/157107511267,PriceCharting
Neo Revelation,Magneton,10/64,1st Edition,PSA 9,2026-03-08,175.00,USD,eBay,unknown,FALSE,,,Pokemon Magneton Neo Revelation 1st Edition Holo Rare #10 PSA 9 Mint,https://www.ebay.es/itm/287074691507,PriceCharting
Neo Revelation,Magneton,10/64,1st Edition,PSA 9,2026-03-03,187.24,USD,eBay,unknown,FALSE,,,Pokemon 1st Edition Neo Revelation Magneton Holo 10/64 PSA 9,https://www.ebay.es/itm/166044600494,PriceCharting
Neo Revelation,Magneton,10/64,1st Edition,PSA 9,2026-03-01,170.00,USD,eBay,unknown,FALSE,,,2001 Pokémon Neo Revelation Holo Rare Magneton First Edition 10/64 PSA 9 10/64,https://www.ebay.es/itm/397664581747,PriceCharting
Neo Revelation,Magneton,10/64,1st Edition,PSA 9,2025-11-10,133.50,USD,eBay,unknown,FALSE,,,Pokemon Magneton Neo Revelation 1st Edition Holo Rare #10 PSA 9 Mint,https://www.ebay.es/itm/286909475051,PriceCharting
Neo Revelation,Magneton,10/64,1st Edition,PSA 9,2025-10-26,157.50,USD,eBay,unknown,FALSE,,,Pokemon Magneton Neo Revelation 1st Edition Holo Rare #10 PSA 9 Mint,https://www.ebay.es/itm/286882766853,PriceCharting
Neo Revelation,Magneton,10/64,1st Edition,PSA 9,2025-09-07,150.00,USD,eBay,unknown,FALSE,,,Pokemon 2001 Neo Revelation #10 MAGNETON 1st Edition Holo PSA 9 Mint 10/64 #10,https://www.ebay.es/itm/365849473209,PriceCharting
Neo Revelation,Magneton,10/64,1st Edition,PSA 9,2025-09-03,149.95,USD,eBay,unknown,FALSE,,,Pokemon 2001 Neo Revelation #10 MAGNETON 1st Edition Holo PSA 9 Mint 10/64 #10,https://www.ebay.es/itm/277035747566,PriceCharting
Neo Revelation,Magneton,10/64,1st Edition,PSA 9,2025-09-01,151.84,USD,eBay,unknown,FALSE,,,PSA 9 Mint Pokemon 2001 Neo Revelation #10 MAGNETON 1st Edition Holo 10/64 #10,https://www.ebay.es/itm/396599106138,PriceCharting
Neo Revelation,Magneton,10/64,1st Edition,PSA 9,2025-07-21,130.00,USD,eBay,unknown,FALSE,,,Pokemon 2001 Neo Revelation #10 MAGNETON 1st Edition Holo PSA 9 Mint 10/64 #10,https://www.ebay.es/itm/267250522705,PriceCharting
Neo Revelation,Magneton,10/64,1st Edition,PSA 9,2025-07-19,138.05,USD,eBay,unknown,FALSE,,,Pokemon 2001 Neo Revelation #10 MAGNETON 1st Edition Holo PSA 9 Mint 10/64 #10,https://www.ebay.es/itm/297465923115,PriceCharting
Neo Revelation,Magneton,10/64,1st Edition,PSA 9,2025-07-12,130.50,USD,eBay,unknown,FALSE,,,2001 Pokemon Neo Revelation 1st Edition Magneton Holo #10/64 PSA 9 10/64,https://www.ebay.es/itm/277251396251,PriceCharting
Neo Revelation,Magneton,10/64,1st Edition,PSA 9,2025-06-18,122.50,USD,eBay,unknown,FALSE,,,2001 Pokemon Neo Revelation 1st Edition Magneton Holo #10/64 PSA 9,https://www.ebay.es/itm/376333436268,PriceCharting
Neo Revelation,Magneton,10/64,1st Edition,PSA 9,2025-04-29,119.06,USD,eBay,unknown,FALSE,,,2001 Pokemon Neo Revelation 1st Edition #10 Magneton Holo PSA 9 MINT,https://www.ebay.es/itm/365553585794,PriceCharting
Neo Revelation,Magneton,10/64,1st Edition,PSA 9,2025-04-29,153.05,USD,eBay,unknown,FALSE,,,2001 Pokemon Neo Revelation 1st Edition #10 Magneton Holo PSA 9 MINT,https://www.ebay.es/itm/388300581546,PriceCharting
Neo Revelation,Magneton,10/64,1st Edition,PSA 9,2025-04-14,149.95,USD,eBay,unknown,FALSE,,,Pokemon 2001 Neo Revelation #10 MAGNETON 1st Edition Holo PSA 9 Mint 10/64 #10,https://www.ebay.es/itm/275954861396,PriceCharting
Neo Revelation,Magneton,10/64,1st Edition,PSA 9,2025-04-11,174.95,USD,eBay,unknown,FALSE,,,Pokemon Neo Revelation 1st Edition Magneton 10/64 PSA 9,https://www.ebay.es/itm/375913244414,PriceCharting
Neo Revelation,Magneton,10/64,1st Edition,PSA 8,2026-09-23,104.65,USD,eBay,unknown,FALSE,,,WED 23/09 Magneton Holo 10/64 1st Edition Neo Revelation Pokemon PSA 8 10/64,https://www.ebay.es/itm/198657514982,PriceCharting
Neo Revelation,Magneton,10/64,1st Edition,PSA 8,2026-09-02,130.00,USD,eBay,unknown,FALSE,,,Magneton Neo Revelation 10/64 (2001 Pokemon) 1st Edition PSA 8 - Pop. 301!! 10/64,https://www.ebay.es/itm/298534863171,PriceCharting
Neo Revelation,Magneton,10/64,1st Edition,PSA 8,2026-08-16,149.99,USD,eBay,unknown,FALSE,,,2001 POKEMON NEO REVELATION 1ST EDITION #10 MAGNETON-HOLO PSA 8 #10,https://www.ebay.es/itm/298435612632,PriceCharting
Neo Revelation,Magneton,10/64,1st Edition,PSA 8,2026-08-05,109.99,USD,eBay,unknown,FALSE,,,Pokémon TCG Neo Revelation Magneton 10/64 1st Edition Holo PSA 8 (2001) 10/64,https://www.ebay.es/itm/318571205248,PriceCharting
Neo Revelation,Magneton,10/64,1st Edition,PSA 8,2026-07-27,135.00,USD,eBay,best offer,TRUE,135.00,,2001 Pokemon 1st Edition Neo Revelation Magneton | PSA 8 10/64,https://www.ebay.es/itm/307086065388,PriceCharting
Neo Revelation,Magneton,10/64,1st Edition,PSA 8,2026-06-15,130.50,USD,eBay,unknown,FALSE,,,2001 POKEMON NEO REVELATION 1ST EDITION #10 MAGNETON-HOLO PSA 8 #10,https://www.ebay.es/itm/306975272727,PriceCharting
Neo Revelation,Magneton,10/64,1st Edition,PSA 8,2026-05-26,105.00,USD,eBay,unknown,FALSE,,,Pokemon PSA 8 1st Edition Neo Revelation Magneton Holo Rare 10/64 NM-MT 10/64,https://www.ebay.es/itm/287350038490,PriceCharting
Neo Revelation,Magneton,10/64,1st Edition,PSA 8,2026-05-17,139.26,USD,eBay,unknown,FALSE,,,MAGNETON HOLO 1ST EDITION POKEMON 10/64 2001 NEO REVELATION NM-MT ENGLISH PSA 8,https://www.ebay.es/itm/137279975972,PriceCharting
Neo Revelation,Magneton,10/64,1st Edition,PSA 8,2026-05-08,99.99,USD,eBay,unknown,FALSE,,,Pokemon 1st Edition Magneton Holo 10/64 Neo Revelation PSA 8 NM/Mint,https://www.ebay.es/itm/265086187127,PriceCharting
Neo Revelation,Magneton,10/64,1st Edition,PSA 8,2026-04-27,102.50,USD,eBay,unknown,FALSE,,,2001 POKEMON NEO REVELATION 1ST EDITION #10 MAGNETON-HOLO PSA 8 #10,https://www.ebay.es/itm/298230267707,PriceCharting
Neo Revelation,Magneton,10/64,1st Edition,PSA 8,2026-04-26,111.36,USD,eBay,unknown,FALSE,,,MAGNETON HOLO 1ST EDITION POKEMON 10/64 2001 NEO REVELATION NM-MT ENGLISH PSA 8,https://www.ebay.es/itm/137231008974,PriceCharting
Neo Revelation,Magneton,10/64,1st Edition,PSA 8,2026-04-03,90.00,USD,eBay,unknown,FALSE,,,2001 Pokemon Neo Revelation 1st Ed Magneton Holo #10 PSA 8 Graded Pokémon Card #10,https://www.ebay.es/itm/187870863263,PriceCharting
Neo Revelation,Magneton,10/64,1st Edition,PSA 8,2026-03-30,100.00,USD,eBay,best offer,TRUE,100.00,,2001 POKEMON NEO REVELATION 1ST ED #10 MAGNETON-HOLO PSA 8 #10,https://www.ebay.es/itm/306812582932,PriceCharting
Neo Revelation,Magneton,10/64,1st Edition,PSA 8,2026-03-17,95.00,USD,eBay,best offer,TRUE,95.00,,2001 Pokemon Neo Revelation Magneton 1st Edition Holo #10 PSA 8 #10,https://www.ebay.es/itm/358067911040,PriceCharting
Neo Revelation,Magneton,10/64,1st Edition,PSA 8,2026-03-16,87.50,USD,eBay,unknown,FALSE,,,Pokemon Magneton Neo Revelation 1st Edition Holo Rare #10 PSA 8 #10,https://www.ebay.es/itm/117044791926,PriceCharting
Neo Revelation,Magneton,10/64,1st Edition,PSA 8,2026-03-16,93.50,USD,eBay,unknown,FALSE,,,Pokemon Magneton Neo Revelation 1st Edition Holo Rare #10 PSA 8,https://www.ebay.es/itm/287182335465,PriceCharting
Neo Revelation,Magneton,10/64,1st Edition,PSA 8,2026-03-15,86.00,USD,eBay,unknown,FALSE,,,2001 POKEMON NEO REVELATION 1ST EDITION #10 MAGNETON-HOLO PSA 8 #10,https://www.ebay.es/itm/306807480561,PriceCharting
Neo Revelation,Magneton,10/64,1st Edition,PSA 8,2026-01-06,95.00,USD,eBay,unknown,FALSE,,,2001 POKEMON NEO REVELATION 1ST ED #10 MAGNETON-HOLO PSA 8 #10,https://www.ebay.es/itm/116967815917,PriceCharting
Neo Revelation,Magneton,10/64,1st Edition,PSA 8,2026-01-04,80.00,USD,eBay,best offer,TRUE,80.00,,Pokemon Magneton Holo 10/64 Neo Revelation 1st Edition PSA 8 10/64,https://www.ebay.es/itm/146840818938,PriceCharting
Neo Revelation,Magneton,10/64,1st Edition,PSA 8,2025-12-12,113.80,USD,eBay,best offer,TRUE,,,Pokemon Magneton Neo Revelation 1st Edition Holo Rare #10 PSA 8 10/64,https://www.ebay.es/itm/286995950330,PriceCharting
Neo Revelation,Magneton,10/64,1st Edition,PSA 8,2025-12-12,72.00,USD,eBay,unknown,FALSE,,,2001 POKEMON NEO REVELATION 1ST EDITION #10 MAGNETON-HOLO PSA 8 #10,https://www.ebay.es/itm/297815436008,PriceCharting
Neo Revelation,Magneton,10/64,1st Edition,PSA 8,2025-11-10,43.00,USD,eBay,unknown,FALSE,,,2001 Pokemon Neo Revelation 1st Edition Magneton Holo #10/64 PSA 8,https://www.ebay.es/itm/127470343287,PriceCharting
Neo Revelation,Magneton,10/64,Unlimited,PSA 10,2025-08-11,622.00,USD,eBay,unknown,FALSE,,,Pokemon Magneton Neo Revelation Unlimited Holo Rare #10 PSA 10 Gem Mint,https://www.ebay.es/itm/286739114181,PriceCharting
Neo Revelation,Magneton,10/64,Unlimited,PSA 10,2025-07-19,1600.00,USD,eBay,unknown,FALSE,,,2001 POKEMON NEO REVELATION #10 MAGNETON-HOLO PSA 10 #10,https://www.ebay.es/itm/306050010708,PriceCharting
Neo Revelation,Magneton,10/64,Unlimited,PSA 9,2026-07-29,154.86,USD,eBay,best offer,TRUE,152.16,,Magneton - Holo - PSA 9 - Neo Revelation - 2001 - #10/64 - Pokemon - Vintage 10/64,https://www.ebay.es/itm/205940260509,PriceCharting
Neo Revelation,Magneton,10/64,Unlimited,PSA 9,2026-07-28,199.99,USD,eBay,unknown,FALSE,,,PSA 9 MINT Magneton 10/64 HOLO RARE Neo Revelation Pokemon Card,https://www.ebay.es/itm/277878595983,PriceCharting
Neo Revelation,Magneton,10/64,Unlimited,PSA 9,2026-05-03,165.00,USD,eBay,unknown,FALSE,,,PSA 9 MINT Magneton 10/64 HOLO RARE Neo Revelation Pokemon Card 10/64,https://www.ebay.es/itm/318243742412,PriceCharting
Neo Revelation,Magneton,10/64,Unlimited,PSA 9,2026-04-22,145.00,USD,eBay,unknown,FALSE,,,Pokémon TCG Magneton Holo Rare Card 10/64 Neo Revelation 2001 Unlimited PSA 9 10/64,https://www.ebay.es/itm/257459145375,PriceCharting
Neo Revelation,Magneton,10/64,Unlimited,PSA 9,2026-04-22,105.00,USD,eBay,unknown,FALSE,,,Pokemon Magneton Neo Revelation Unlimited Holo Rare #10 PSA 9 Mint,https://www.ebay.es/itm/287248916182,PriceCharting
Neo Revelation,Magneton,10/64,Unlimited,PSA 9,2026-04-09,105.00,USD,eBay,unknown,FALSE,,,Pokemon Magneton Neo Revelation Unlimited Holo Rare #10 PSA 9 Mint,https://www.ebay.es/itm/286409979103,PriceCharting
Neo Revelation,Magneton,10/64,Unlimited,PSA 9,2026-04-03,101.15,USD,eBay,unknown,FALSE,,,Pokemon Magneton Neo Revelation Unlimited Holo Rare #10 PSA 9 Mint,https://www.ebay.es/itm/206172588937,PriceCharting
Neo Revelation,Magneton,10/64,Unlimited,PSA 9,2026-01-13,68.00,USD,eBay,unknown,FALSE,,,2001 Pokemon Neo Revelation Magneton Holo #10/64 PSA 9,https://www.ebay.es/itm/127610144340,PriceCharting
Neo Revelation,Magneton,10/64,Unlimited,PSA 9,2025-11-16,58.00,USD,eBay,unknown,FALSE,,,Pokemon Magneton Neo Revelation Unlimited Holo Rare #10 PSA 9 Mint,https://www.ebay.es/itm/286921881174,PriceCharting
Neo Revelation,Magneton,10/64,Unlimited,PSA 9,2025-10-21,54.90,USD,eBay,unknown,FALSE,,,2001 Pokemon Neo Revelation #10 Magneton Holo PSA 9 MINT,https://www.ebay.es/itm/389100398318,PriceCharting
Neo Revelation,Magneton,10/64,Unlimited,PSA 9,2025-09-04,120.00,USD,eBay,unknown,FALSE,,,2001 Pokemon Neo Revelation Magneton #10 PSA 9 #10,https://www.ebay.es/itm/397025237508,PriceCharting
Neo Revelation,Magneton,10/64,Unlimited,PSA 9,2025-07-12,100.00,USD,eBay,unknown,FALSE,,,MAGNETON 10/64 Neo Revelation Holo 2001 Pokemon Card PSA 9 MINT *1 SWIRL* #10,https://www.ebay.es/itm/156666059566,PriceCharting
Neo Revelation,Magneton,10/64,Unlimited,PSA 9,2025-07-08,56.00,USD,eBay,unknown,FALSE,,,2001 Pokemon Neo Revelation Magneton Holo #10/64 PSA 9,https://www.ebay.es/itm/127210457514,PriceCharting
Neo Revelation,Magneton,10/64,Unlimited,PSA 9,2025-05-29,70.65,USD,eBay,unknown,FALSE,,,PSA 9 Magneton Holo 10/64 Neo Revelation Pokemon Card 2001,https://www.ebay.es/itm/176209255940,PriceCharting
Neo Revelation,Magneton,10/64,Unlimited,PSA 9,2025-03-21,69.95,USD,eBay,unknown,FALSE,,,Pokemon 2001 Neo Revelation Magneton Holo 10/64 - PSA 9 10/64,https://www.ebay.es/itm/326360626378,PriceCharting
Neo Revelation,Magneton,10/64,Unlimited,PSA 9,2025-02-09,53.00,USD,eBay,unknown,FALSE,,,2001 POKEMON NEO REVELATION HOLO #10 MAGNETON PSA 9 #10,https://www.ebay.es/itm/306078203515,PriceCharting
Neo Revelation,Magneton,10/64,Unlimited,PSA 8,2026-09-30,90.00,USD,eBay,unknown,FALSE,,,2001 POKEMON NEO REVELATION #10 MAGNETON-HOLO PSA 8 #10,https://www.ebay.es/itm/117429742220,PriceCharting
Neo Revelation,Magneton,10/64,Unlimited,PSA 8,2026-09-19,66.20,USD,eBay,unknown,FALSE,,,2001 Pokemon Neo Revelation #10 Magneton Holo PSA 8 #10,https://www.ebay.es/itm/128074384527,PriceCharting
Neo Revelation,Magneton,10/64,Unlimited,PSA 8,2026-08-04,80.00,USD,eBay,unknown,FALSE,,,Magneton - Pokemon Neo Revelation #10 - Near Mint to Mint PSA 8 #10,https://www.ebay.es/itm/116024572474,PriceCharting
Neo Revelation,Magneton,10/64,Unlimited,PSA 8,2026-08-02,82.00,USD,eBay,unknown,FALSE,,,2001 POKEMON NEO REVELATION #10 MAGNETON-HOLO PSA 8 #10,https://www.ebay.es/itm/298528308293,PriceCharting
Neo Revelation,Magneton,10/64,Unlimited,PSA 8,2026-07-31,75.00,USD,eBay,unknown,FALSE,,,2001 Pokémon Neo Revelation Magneton Holo Rare PSA 8 NM/MINT 10/64,https://www.ebay.es/itm/318563678956,PriceCharting
Neo Revelation,Magneton,10/64,Unlimited,PSA 8,2026-07-18,83.00,USD,eBay,unknown,FALSE,,,Pokemon 2001 Magneton 10/64 Holo Neo Revelation PSA 8 10/64,https://www.ebay.es/itm/407064527697,PriceCharting
Neo Revelation,Magneton,10/64,Unlimited,PSA 8,2026-05-31,60.00,USD,eBay,unknown,FALSE,,,Pokémon TCG Magneton Holo Rare Card 10/64 Neo Revelation 2001 Unlimited PSA 8 10/64,https://www.ebay.es/itm/397551098105,PriceCharting
Neo Revelation,Magneton,10/64,Unlimited,PSA 8,2026-05-10,105.50,USD,eBay,unknown,FALSE,,,Pokemon Neo Revelation Magneton 10/64 PSA 8 10/64,https://www.ebay.es/itm/389988627499,PriceCharting
Neo Revelation,Magneton,10/64,Unlimited,PSA 8,2026-04-09,59.00,USD,eBay,unknown,FALSE,,,PSA 8 NM-MT Magneton Neo Revelation SWIRL Holo Rare Pokemon Card 10/64,https://www.ebay.es/itm/206147001185,PriceCharting
Neo Revelation,Magneton,10/64,Unlimited,PSA 8,2026-03-17,59.94,USD,eBay,unknown,FALSE,,,Magneton Holo Pokemon Neo Revelation 10/64 PSA 8 10/64,https://www.ebay.es/itm/377016131274,PriceCharting
Neo Revelation,Magneton,10/64,Unlimited,PSA 8,2026-02-23,51.00,USD,eBay,unknown,FALSE,,,2001 Pokemon Neo Revelation Magneton Holo #10/64 PSA 8,https://www.ebay.es/itm/376971535683,PriceCharting
Neo Revelation,Magneton,10/64,Unlimited,PSA 8,2025-12-11,34.51,USD,eBay,unknown,FALSE,,,PSA 8 Magneton Holographic - Neo Revelation - 10/64 - Pokemon Card,https://www.ebay.es/itm/286976880535,PriceCharting
Neo Revelation,Magneton,10/64,Unlimited,PSA 8,2025-10-31,68.99,USD,eBay,unknown,FALSE,,,2001 POKEMON NEO REVELATION #10 MAGNETON-HOLO PSA 8 #10,https://www.ebay.es/itm/297674425119,PriceCharting
Neo Revelation,Magneton,10/64,Unlimited,PSA 8,2025-10-17,65.00,USD,eBay,best offer,TRUE,,,Magneton Neo Revelation Holo #10 PSA 8 NM-MT 2001 Vintage Pokemon 10/64 10/64,https://www.ebay.es/itm/116695769599,PriceCharting
Neo Revelation,Magneton,10/64,Unlimited,PSA 8,2025-10-02,122.50,USD,eBay,unknown,FALSE,,,2001 POKEMON NEO REVELATION #10 MAGNETON-HOLO PSA 8 #10,https://www.ebay.es/itm/306513328710,PriceCharting
Neo Revelation,Misdreavus,11/64,1st Edition,PSA 10,2026-09-28,408000,USD,Fanatics Collect,auction,FALSE,,42634589,,https://www.fanaticscollect.com/weekly/726e5dee-af44-11f1-a916-02fff6d094fb,PSA APR
Neo Revelation,Misdreavus,11/64,1st Edition,PSA 10,2026-01-14,14400.00,USD,eBay,unknown,FALSE,,,2001 Pokemon Neo Revelation 1st Edition #11 Misdreavus Holo Swirl PSA 10 POP 22,https://www.ebay.es/itm/389463422390,PriceCharting
Neo Revelation,Misdreavus,11/64,1st Edition,PSA 10,2025-09-08,6600,USD,Fanatics Collect,auction,FALSE,,42634589,,https://www.fanaticscollect.com/weekly/7b9d9f2c-82a6-11f0-bb00-0afcc285279b,PSA APR
Neo Revelation,Misdreavus,11/64,1st Edition,PSA 10,2025-03-13,3650.00,USD,eBay,unknown,FALSE,,,Pokemon Misdreavus Neo Revelation 1st Edition Holo Rare #11 PSA 10 Gem Mint,https://www.ebay.es/itm/286331721175,PriceCharting
Neo Revelation,Misdreavus,11/64,1st Edition,PSA 10,2024-09-07,3650.00,USD,eBay,unknown,FALSE,,,2001 POKEMON NEO REVELATION 1ST ED #11 MISDREAVUS-HOLO PSA 10,https://www.ebay.es/itm/305755237659,PriceCharting
Neo Revelation,Misdreavus,11/64,1st Edition,PSA 10,2023-11-16,3500.00,USD,eBay,unknown,FALSE,,,Pokemon PSA 10 Gem Mint 1st Edition Neo Revelation Holo Misdreavus 11/64 (JC) 11/64,https://www.ebay.es/itm/325864682272,PriceCharting
Neo Revelation,Misdreavus,11/64,1st Edition,PSA 9,2026-09-28,950.00,USD,eBay,unknown,FALSE,,,2001 POKEMON NEO REVELATION 1ST EDITION #11 MISDREAVUS-HOLO PSA 9 #11,https://www.ebay.es/itm/336685122387,PriceCharting
Neo Revelation,Misdreavus,11/64,1st Edition,PSA 9,2026-08-17,391.54,USD,eBay,unknown,FALSE,,,Pokemon Misdreavus Holo Neo Revelation 11/64 1st Edition PSA 9 Mint #Nov-64,https://www.ebay.es/itm/287511103201,PriceCharting
Neo Revelation,Misdreavus,11/64,1st Edition,PSA 9,2026-08-08,586.33,USD,eBay,best offer,TRUE,576.46,,2001 Pokemon Neo Revelation 1st Edition Holo Misdreavus #11 PSA 9 MINT Swirl,https://www.ebay.es/itm/227467718396,PriceCharting
Neo Revelation,Misdreavus,11/64,1st Edition,PSA 9,2026-07-26,670.00,USD,eBay,unknown,FALSE,,,2001 Pokemon Neo Revelation 1st Edition Holo Misdreavus #11 PSA 9 MINT Swirl #11,https://www.ebay.es/itm/318626507127,PriceCharting
Neo Revelation,Misdreavus,11/64,1st Edition,PSA 9,2026-06-24,600.00,USD,eBay,unknown,FALSE,,,2001 POKEMON NEO REVELATION 1ST EDITION #11 MISDREAVUS-HOLO PSA 9 #11,https://www.ebay.es/itm/406962835642,PriceCharting
Neo Revelation,Misdreavus,11/64,1st Edition,PSA 9,2026-06-21,519.32,USD,eBay,unknown,FALSE,,,2001 POKEMON NEO REVELATION 1ST EDITION #11/64 MISDREAVUS HOLO RARE PSA 9 11/64,https://www.ebay.es/itm/206343179913,PriceCharting
Neo Revelation,Misdreavus,11/64,1st Edition,PSA 9,2026-06-11,544.36,USD,eBay,unknown,FALSE,,,PSA 9 MISDREAVUS HOLO 1ST EDITION 11 2001 NEO REVELATION POKEMON CARD 11/64,https://www.ebay.es/itm/267654469496,PriceCharting
Neo Revelation,Misdreavus,11/64,1st Edition,PSA 9,2026-06-03,549.99,USD,eBay,unknown,FALSE,,,2001 POKEMON NEO REVELATION 1ST EDITION #11 MISDREAVUS-HOLO PSA 9 #11,https://www.ebay.es/itm/358626471257,PriceCharting
Neo Revelation,Misdreavus,11/64,1st Edition,PSA 9,2026-04-17,500.00,USD,eBay,unknown,FALSE,,,Pokémon Misdreavus Neo Revelation 1st Edition Holo PSA 9 11/64 2001 English 11/64,https://www.ebay.es/itm/298230234068,PriceCharting
Neo Revelation,Misdreavus,11/64,1st Edition,PSA 9,2026-04-13,499.99,USD,eBay,unknown,FALSE,,,PSA 9 MINT Misdreavus 11/64 HOLO RARE Neo Revelation 1ST EDITION Pokemon Card,https://www.ebay.es/itm/318127220636,PriceCharting
Neo Revelation,Misdreavus,11/64,1st Edition,PSA 9,2026-03-31,499.95,USD,eBay,unknown,FALSE,,,PSA 9 1st Edition Misdreavus Holo 11/64 Neo Revelation Pokemon 2001 11/64,https://www.ebay.es/itm/188132857657,PriceCharting
Neo Revelation,Misdreavus,11/64,1st Edition,PSA 9,2026-03-20,440.00,USD,eBay,best offer,TRUE,,,Pokemon 2001 Neo Revelation #11 MISDREAVUS 1st Edition Holo PSA 9 Mint 11/64 #11,https://www.ebay.es/itm/116375170659,PriceCharting
Neo Revelation,Misdreavus,11/64,1st Edition,PSA 9,2026-03-12,405.00,USD,eBay,best offer,TRUE,,,Pokemon PSA 9 1st Edition Neo Revelation Misdreavus Holo Rare (11/64) MINT 11/64,https://www.ebay.es/itm/157225140135,PriceCharting
Neo Revelation,Misdreavus,11/64,1st Edition,PSA 9,2026-03-01,390.00,USD,eBay,unknown,FALSE,,,Misdreavus Holo 1st Edition Pokemon Neo Revelation #11/64 PSA 9 Swirl 11/64,https://www.ebay.es/itm/227214842812,PriceCharting
Neo Revelation,Misdreavus,11/64,1st Edition,PSA 9,2026-01-18,320.00,USD,eBay,unknown,FALSE,,,Pokemon 1st Edition Misdreavus 11/64 PSA 9 Mint Neo Revelation Holo Vintage Rare 11/64,https://www.ebay.es/itm/157530945661,PriceCharting
Neo Revelation,Misdreavus,11/64,1st Edition,PSA 9,2025-12-20,300.00,USD,eBay,unknown,FALSE,,,Pokemon Misdreavus Neo Revelation 1st Edition Holo Rare #11 PSA 9 Mint,https://www.ebay.es/itm/286742619719,PriceCharting
Neo Revelation,Misdreavus,11/64,1st Edition,PSA 8,2026-09-21,247.00,USD,eBay,best offer,TRUE,247.00,,2001 POKEMON NEO REVELATION 1ST EDITION #11 MISDREAVUS-HOLO PSA 8 11/64,https://www.ebay.es/itm/800668518192,PriceCharting
Neo Revelation,Misdreavus,11/64,1st Edition,PSA 8,2026-09-10,194.50,USD,eBay,unknown,FALSE,,,2001 POKEMON NEO REVELATION 1ST EDITION #11 MISDREAVUS-HOLO PSA 8 #11,https://www.ebay.es/itm/117389975527,PriceCharting
Neo Revelation,Misdreavus,11/64,1st Edition,PSA 8,2026-09-06,410.00,USD,eBay,unknown,FALSE,,,2001 POKEMON NEO REVELATION 1ST EDITION #11 MISDREAVUS-HOLO PSA 8 #11,https://www.ebay.es/itm/307149335823,PriceCharting
Neo Revelation,Misdreavus,11/64,1st Edition,PSA 8,2026-07-07,225.00,USD,eBay,unknown,FALSE,,,2001 POKEMON NEO REVELATION 1ST EDITION #11 MISDREAVUS-HOLO PSA 8 #11,https://www.ebay.es/itm/298480006656,PriceCharting
Neo Revelation,Misdreavus,11/64,1st Edition,PSA 8,2026-06-24,199.99,USD,eBay,unknown,FALSE,,,2001 POKEMON NEO REVELATION 1ST EDITION #11 MISDREAVUS-HOLO PSA 8 #11,https://www.ebay.es/itm/206367847187,PriceCharting
Neo Revelation,Misdreavus,11/64,1st Edition,PSA 8,2026-06-12,249.99,USD,eBay,unknown,FALSE,,,Pokemon 2001 Neo Revelation 11/64 MISDREAVUS 1st Edition Holo PSA 8 Near Mint 11/64,https://www.ebay.es/itm/800028322891,PriceCharting
Neo Revelation,Misdreavus,11/64,1st Edition,PSA 8,2026-06-05,202.50,USD,eBay,unknown,FALSE,,,153516777 Misdreavus 2001 Pokemon Neo Revelation 1st Edition #11/64 Holo PSA 8 #Nov-64,https://www.ebay.es/itm/157949985202,PriceCharting
Neo Revelation,Misdreavus,11/64,1st Edition,PSA 8,2026-06-04,164.50,USD,eBay,unknown,FALSE,,,POKEMON MISDREAVUS 2001 NEO REVELATION 1ST EDITION #11 HOLO PSA 8 #11,https://www.ebay.es/itm/800080778610,PriceCharting
Neo Revelation,Misdreavus,11/64,1st Edition,PSA 8,2026-06-04,242.50,USD,eBay,unknown,FALSE,,,2001 Pokemon Neo Revelation 1st Edition #11 Misdreavus Holo PSA 8 NM-MT,https://www.ebay.es/itm/366437928850,PriceCharting
Neo Revelation,Misdreavus,11/64,1st Edition,PSA 8,2026-05-26,300.00,USD,eBay,best offer,TRUE,,,2001 Pokemon 1st Edition Neo Revelation Misdreavus Holo 11/64 with Swirl PSA 8 11/64,https://www.ebay.es/itm/336554711034,PriceCharting
Neo Revelation,Misdreavus,11/64,1st Edition,PSA 8,2026-05-25,192.50,USD,eBay,unknown,FALSE,,,2001 POKEMON NEO REVELATION 1ST EDITION #11 MISDREAVUS-HOLO PSA 8 #11,https://www.ebay.es/itm/306932803482,PriceCharting
Neo Revelation,Misdreavus,11/64,1st Edition,PSA 8,2026-05-05,175.00,USD,eBay,unknown,FALSE,,,Pokemon Misdreavus Neo Revelation 1st Edition Holo Rare #11 PSA 8,https://www.ebay.es/itm/287074691458,PriceCharting
Neo Revelation,Misdreavus,11/64,Unlimited,PSA 10,2026-09-25,105000,USD,Fanatics Collect,auction,FALSE,,40702391,,https://www.fanaticscollect.com/premier/ccf5fe14-abae-11f1-8083-06d19b0b9c59,PSA APR
Neo Revelation,Misdreavus,11/64,Unlimited,PSA 10,2025-08-25,4080,USD,Fanatics Collect,auction,FALSE,,69739210,,https://www.fanaticscollect.com/weekly/51877464-7631-11f0-bca6-02740541d3e7,PSA APR
Neo Revelation,Misdreavus,11/64,Unlimited,PSA 10,2025-02-10,1740,USD,Fanatics Collect,auction,FALSE,,40702391,,https://www.fanaticscollect.com/weekly/02de81a0-dc11-11ef-ab2e-0a58a9feac02,PSA APR
Neo Revelation,Misdreavus,11/64,Unlimited,PSA 9,2026-08-02,299.99,USD,eBay,unknown,FALSE,,,2001 POKEMON NEO REVELATION #11 MISDREAVUS-HOLO PSA 9 #11,https://www.ebay.es/itm/227452471640,PriceCharting
Neo Revelation,Misdreavus,11/64,Unlimited,PSA 9,2026-07-29,250.00,USD,eBay,best offer,TRUE,250.00,,2001 POKEMON NEO REVELATION #11 MISDREAVUS-HOLO PSA 9 #11,https://www.ebay.es/itm/117318383785,PriceCharting
Neo Revelation,Misdreavus,11/64,Unlimited,PSA 9,2026-07-19,169.00,USD,eBay,unknown,FALSE,,,Pokemon 2001 Misdreavus 11/64 Holo Rare Neo Revelation PSA 9 11/64,https://www.ebay.es/itm/407060751656,PriceCharting
Neo Revelation,Misdreavus,11/64,Unlimited,PSA 9,2026-04-02,125.00,USD,eBay,unknown,FALSE,,,Pokemon Misdreavus Neo Revelation Unlimited Holo Rare #11 PSA 9 Mint,https://www.ebay.es/itm/287248916267,PriceCharting
Neo Revelation,Misdreavus,11/64,Unlimited,PSA 9,2025-11-09,110.00,USD,eBay,best offer,TRUE,110.00,,Pokemon Neo Revelation Misdreavus Holo PSA 9 11/64 Mint Big Swirl 11/64,https://www.ebay.es/itm/256988130683,PriceCharting
Neo Revelation,Misdreavus,11/64,Unlimited,PSA 9,2025-09-22,122.99,USD,eBay,unknown,FALSE,,,2001 Pokemon Neo Revelation Misdreavus Unlimited Holo #11 PSA 9 Mint #11,https://www.ebay.es/itm/404970808677,PriceCharting
Neo Revelation,Misdreavus,11/64,Unlimited,PSA 9,2025-07-08,80.00,USD,eBay,unknown,FALSE,,,2001 Pokemon Neo Revelation Misdreavus Unlimited Holo #11 PSA 9 Mint Vintage #11,https://www.ebay.es/itm/136120092788,PriceCharting
Neo Revelation,Misdreavus,11/64,Unlimited,PSA 9,2025-07-03,77.00,USD,eBay,unknown,FALSE,,,2001 Pokemon Neo Revelation Misdreavus Unlimited Holo #11 PSA 9 Mint Vintage #11,https://www.ebay.es/itm/136028194207,PriceCharting
Neo Revelation,Misdreavus,11/64,Unlimited,PSA 9,2025-06-08,145.00,USD,eBay,unknown,FALSE,,,Pokemon Misdreavus Neo Revelation Unlimited Holo Rare #11 PSA 9 Mint,https://www.ebay.es/itm/286409979139,PriceCharting
Neo Revelation,Misdreavus,11/64,Unlimited,PSA 9,2025-06-02,119.95,USD,eBay,unknown,FALSE,,,PSA 9 Pokémon TCG Misdreavus 11/64 Neo Revelation Holo Rare SWIRL 11/64,https://www.ebay.es/itm/356964134438,PriceCharting
Neo Revelation,Misdreavus,11/64,Unlimited,PSA 9,2025-05-25,124.99,USD,eBay,unknown,FALSE,,,2001 Pokemon Neo Revelation Misdreavus Unlimited Holo #11 PSA 9 Mint,https://www.ebay.es/itm/295375740693,PriceCharting
Neo Revelation,Misdreavus,11/64,Unlimited,PSA 9,2025-04-22,149.00,USD,eBay,unknown,FALSE,,,2001 Pokemon Neo Revelation Misdreavus Unlimited Holo #11 PSA 9 Mint Vintage #11,https://www.ebay.es/itm/326544761675,PriceCharting
Neo Revelation,Misdreavus,11/64,Unlimited,PSA 9,2025-01-30,110.96,USD,eBay,unknown,FALSE,,,Pokemon - Misdreavus (11/64) - Holo Rare - Neo Revelation [PSA 9],https://www.ebay.es/itm/285236673261,PriceCharting
Neo Revelation,Misdreavus,11/64,Unlimited,PSA 9,2024-11-09,109.99,USD,eBay,unknown,FALSE,,,2001 MISDREAVUS HOLO RARE NEO REVELATION POKEMON TCG PSA 9 MINT #11/64 #211,https://www.ebay.es/itm/126502661462,PriceCharting
Neo Revelation,Misdreavus,11/64,Unlimited,PSA 8,2026-07-02,110.00,USD,eBay,unknown,FALSE,,,2001 Pokemon Neo Revelation Holo Misdreavus #11 PSA 8 NM-MT,https://www.ebay.es/itm/174845093453,PriceCharting
Neo Revelation,Misdreavus,11/64,Unlimited,PSA 8,2026-06-30,101.00,USD,eBay,unknown,FALSE,,,2001 POKEMON NEO REVELATION #11 MISDREAVUS-HOLO PSA 8 #11,https://www.ebay.es/itm/298465389619,PriceCharting
Neo Revelation,Misdreavus,11/64,Unlimited,PSA 8,2026-06-20,84.79,USD,eBay,best offer,TRUE,84.29,,2001 Pokemon Neo Revelation Misdreavus Holo 11/64 PSA 8,https://www.ebay.es/itm/198402284508,PriceCharting
Neo Revelation,Misdreavus,11/64,Unlimited,PSA 8,2026-06-18,95.00,USD,eBay,unknown,FALSE,,,Pokémon Misdreavus Holo Rare Neo Revelation 11/64 Unlimited PSA 8 English 11/64,https://www.ebay.es/itm/406860185958,PriceCharting
Neo Revelation,Misdreavus,11/64,Unlimited,PSA 8,2026-05-27,75.00,USD,eBay,unknown,FALSE,,,2001 Pokemon Neo Revelation Holo Misdreavus #11 PSA 8 NM-MT 11/64,https://www.ebay.es/itm/358602942224,PriceCharting
Neo Revelation,Misdreavus,11/64,Unlimited,PSA 8,2026-04-22,76.00,USD,eBay,unknown,FALSE,,,2001 Pokemon Neo Revelation #11 Misdreavus Holo PSA 8 NM-MT,https://www.ebay.es/itm/366347446619,PriceCharting
Neo Revelation,Misdreavus,11/64,Unlimited,PSA 8,2026-03-30,50.39,USD,eBay,unknown,FALSE,,,2001 POKEMON NEO REVELATION #11 MISDREAVUS-HOLO PSA 8 #11,https://www.ebay.es/itm/267617241107,PriceCharting
Neo Revelation,Misdreavus,11/64,Unlimited,PSA 8,2026-03-30,65.00,USD,eBay,unknown,FALSE,,,2001 POKEMON NEO REVELATION #11 MISDREAVUS-HOLO PSA 8 #11,https://www.ebay.es/itm/117093199752,PriceCharting
Neo Revelation,Misdreavus,11/64,Unlimited,PSA 8,2026-03-24,55.99,USD,eBay,unknown,FALSE,,,POKEMON 2001 NEO REVELATION MISDREAVUS HOLO 11/64 PSA 8 11/64,https://www.ebay.es/itm/336250413453,PriceCharting
Neo Revelation,Misdreavus,11/64,Unlimited,PSA 8,2026-03-23,79.99,USD,eBay,unknown,FALSE,,,2001 Pokemon Neo Revelation Holo Misdreavus #11 PSA 8 NM-MT 11/64,https://www.ebay.es/itm/236041924794,PriceCharting
Neo Revelation,Misdreavus,11/64,Unlimited,PSA 8,2026-03-18,70.00,USD,eBay,best offer,TRUE,70.00,,2001 Pokemon Neo Revelation Holo Misdreavus #11 PSA 8 NM-MT #11,https://www.ebay.es/itm/257408771920,PriceCharting
Neo Revelation,Misdreavus,11/64,Unlimited,PSA 8,2026-03-13,65.00,USD,eBay,best offer,TRUE,,,2001 Pokemon Misdreavus 11/64 Neo Revelation Holo PSA 8 11/64,https://www.ebay.es/itm/137124852512,PriceCharting
Neo Revelation,Misdreavus,11/64,Unlimited,PSA 8,2026-03-11,43.80,USD,eBay,unknown,FALSE,,,2001 Pokemon Neo Revelation Holo Misdreavus #11 PSA 8 NM-MT 11/64,https://www.ebay.es/itm/397672485194,PriceCharting
Neo Revelation,Misdreavus,11/64,Unlimited,PSA 8,2026-01-27,75.00,USD,eBay,unknown,FALSE,,,2001 Pokemon Neo Revelation Holo Misdreavus #11 PSA 8 NM-MT 11/64,https://www.ebay.es/itm/127576172951,PriceCharting
Neo Revelation,Misdreavus,11/64,Unlimited,PSA 8,2025-12-12,75.00,USD,eBay,unknown,FALSE,,,2001 Pokemon Neo Revelation Holo Misdreavus #11 PSA 8 NM-MT 11/64,https://www.ebay.es/itm/227127826779,PriceCharting
Neo Revelation,Porygon2,12/64,1st Edition,PSA 10,2026-09-28,50000,USD,eBay,best offer,TRUE,,23878932,,https://www.ebay.com/itm/307185954731,PSA APR
Neo Revelation,Porygon2,12/64,1st Edition,PSA 10,2026-04-20,7800,USD,Fanatics Collect,auction,FALSE,,27691268,,https://www.fanaticscollect.com/weekly/74de7c6a-32af-11f1-979d-0a58a9feac02,PSA APR
Neo Revelation,Porygon2,12/64,1st Edition,PSA 10,2026-03-02,11100,USD,Fanatics Collect,auction,FALSE,,27691268,,https://www.fanaticscollect.com/weekly/bbfaa67a-0931-11f1-84dc-0a9dcf241f19,PSA APR
Neo Revelation,Porygon2,12/64,1st Edition,PSA 10,2026-02-02,7500,USD,Fanatics Collect,best offer,TRUE,,51203706,,https://www.fanaticscollect.com/buy-now/9eeeb739-8cbb-4d56-9db9-3bffc8158fb7,PSA APR
Neo Revelation,Porygon2,12/64,1st Edition,PSA 10,2026-02-02,7400,USD,Fanatics Collect,BIN,FALSE,,23804947,,https://www.fanaticscollect.com/buy-now/909cd496-d15f-4bc9-8dce-57b68cf04bda,PSA APR
Neo Revelation,Porygon2,12/64,1st Edition,PSA 10,2025-11-07,1750,USD,eBay,BIN,FALSE,,25826321,,https://www.ebay.com/itm/177554408844,PSA APR
Neo Revelation,Porygon2,12/64,1st Edition,PSA 10,2025-08-31,1913.00,USD,eBay,unknown,FALSE,,,Pokemon Porygon2 Neo Revelation 1st Edition Holo Rare #12 PSA 10 Gem Mint,https://www.ebay.es/itm/286776491330,PriceCharting
Neo Revelation,Porygon2,12/64,1st Edition,PSA 10,2025-08-10,1875.00,USD,eBay,unknown,FALSE,,,Pokemon Porygon2 Neo Revelation 1st Edition Holo Rare #12 PSA 10 Gem Mint,https://www.ebay.es/itm/286739114469,PriceCharting
Neo Revelation,Porygon2,12/64,1st Edition,PSA 10,2025-04-14,2000.00,USD,eBay,unknown,FALSE,,,2001 POKEMON NEO REVELATION 1ST ED #12 PORYGON2-HOLO PSA 10 #12,https://www.ebay.es/itm/297167469821,PriceCharting
Neo Revelation,Porygon2,12/64,1st Edition,PSA 10,2025-02-07,2600,USD,eBay,best offer,TRUE,,28154032,,https://www.ebay.com/itm/204793111129,PSA APR
Neo Revelation,Porygon2,12/64,1st Edition,PSA 10,2024-05-23,1025,USD,eBay,auction,FALSE,,26957226,,https://www.ebay.com/itm/116178329088,PSA APR
Neo Revelation,Porygon2,12/64,1st Edition,PSA 9,2026-09-27,600.00,USD,eBay,best offer,TRUE,600.00,,2001 POKEMON NEO REVELATION 1ST EDITION #12 PORYGON2-HOLO PSA 9 #12,https://www.ebay.es/itm/298383405098,PriceCharting
Neo Revelation,Porygon2,12/64,1st Edition,PSA 9,2026-09-26,545.00,USD,eBay,unknown,FALSE,,,Pokemon 2001 Neo Revelation Porygon2 12/64 Holo 1st Edition PSA 9 12/64,https://www.ebay.es/itm/137773175135,PriceCharting
Neo Revelation,Porygon2,12/64,1st Edition,PSA 9,2026-08-17,630.00,USD,eBay,unknown,FALSE,,,Pokemon Porygon2 Holo Neo Revelation 12/64 1st Edition PSA 9 Mint #Dec-64,https://www.ebay.es/itm/287511104978,PriceCharting
Neo Revelation,Porygon2,12/64,1st Edition,PSA 9,2026-08-10,315.00,USD,eBay,unknown,FALSE,,,2001 Pokemon Neo Revelation Porygon2 Holo 1st Edition #12 - PSA 9 - MINT #12,https://www.ebay.es/itm/178364404166,PriceCharting
Neo Revelation,Porygon2,12/64,1st Edition,PSA 9,2026-06-07,350.85,USD,eBay,unknown,FALSE,,,PSA 9 MINT Pokemon Porygon2 Neo Revelation 1st Edition Holo 12/64,https://www.ebay.es/itm/198402432875,PriceCharting
Neo Revelation,Porygon2,12/64,1st Edition,PSA 9,2026-06-01,302.52,USD,eBay,unknown,FALSE,,,Porygon2 12/64 1st Edition Neo Revelation Holo Rare Pokemon PSA 9 *011 12/64,https://www.ebay.es/itm/277997009309,PriceCharting
Neo Revelation,Porygon2,12/64,1st Edition,PSA 9,2026-05-12,334.00,USD,eBay,unknown,FALSE,,,2001 POKEMON NEO REVELATION 1ST EDITION #12 PORYGON2-HOLO PSA 9 #12,https://www.ebay.es/itm/298308501784,PriceCharting
Neo Revelation,Porygon2,12/64,1st Edition,PSA 9,2026-04-01,295.00,USD,eBay,unknown,FALSE,,,2001 POKEMON NEO REVELATION 1ST EDITION #12 PORYGON2-HOLO PSA 9 #12,https://www.ebay.es/itm/127763908014,PriceCharting
Neo Revelation,Porygon2,12/64,1st Edition,PSA 9,2026-03-26,349.99,USD,eBay,unknown,FALSE,,,Pokemon PSA 9 Mint 1st Edition Neo Revelation Holo Porygon2 12/64 12/64,https://www.ebay.es/itm/326947729079,PriceCharting
Neo Revelation,Porygon2,12/64,1st Edition,PSA 9,2026-03-21,510.00,USD,eBay,unknown,FALSE,,,2001 POKEMON NEO REVELATION 1ST EDITION #12 PORYGON2-HOLO PSA 9 #12,https://www.ebay.es/itm/306807492221,PriceCharting
Neo Revelation,Porygon2,12/64,1st Edition,PSA 9,2026-03-12,299.99,USD,eBay,unknown,FALSE,,,Pokemon PSA 9 1st Edition Neo Revelation Porygon2 Holo Rare 12/64 MINT 12/64,https://www.ebay.es/itm/157719122582,PriceCharting
Neo Revelation,Porygon2,12/64,1st Edition,PSA 9,2026-03-01,200.00,USD,eBay,unknown,FALSE,,,2001 Pokémon Neo Revelation Holo Rare Porygon2 First Edition 12/64 PSA 9 12/64,https://www.ebay.es/itm/397662698431,PriceCharting
Neo Revelation,Porygon2,12/64,1st Edition,PSA 9,2026-02-07,225.00,USD,eBay,unknown,FALSE,,,Pokemon Porygon2 Neo Revelation 1st Edition Holo Rare #12 PSA 9 Mint,https://www.ebay.es/itm/287074691460,PriceCharting
Neo Revelation,Porygon2,12/64,1st Edition,PSA 9,2025-11-24,170.00,USD,eBay,best offer,TRUE,170.00,,Pokemon Porygon2 Neo Revelation 1st Edition Holo Rare #12 PSA 9 Mint #12,https://www.ebay.es/itm/187706753211,PriceCharting
Neo Revelation,Porygon2,12/64,1st Edition,PSA 9,2025-11-10,137.50,USD,eBay,unknown,FALSE,,,Pokemon Porygon2 Neo Revelation 1st Edition Holo Rare #12 PSA 9 Mint,https://www.ebay.es/itm/286909565202,PriceCharting
Neo Revelation,Porygon2,12/64,1st Edition,PSA 9,2025-10-27,175.05,USD,eBay,unknown,FALSE,,,Pokemon Porygon2 Neo Revelation 1st Edition Holo Rare #12 PSA 9 Mint,https://www.ebay.es/itm/286882766690,PriceCharting
Neo Revelation,Porygon2,12/64,1st Edition,PSA 9,2025-09-30,169.95,USD,eBay,unknown,FALSE,,,Pokemon 2001 Neo Revelation #12 PORYGON2 1st Edition Holo PSA 9 Mint 12/64 #12,https://www.ebay.es/itm/297539642873,PriceCharting
Neo Revelation,Porygon2,12/64,1st Edition,PSA 9,2025-07-03,139.00,USD,eBay,unknown,FALSE,,,2001 POKEMON NEO REVELATION 1ST ED #12 PORYGON2-HOLO PSA 9 #12,https://www.ebay.es/itm/116637978780,PriceCharting
Neo Revelation,Porygon2,12/64,1st Edition,PSA 8,2026-07-06,125.00,USD,eBay,best offer,TRUE,125.00,,2001 Pokemon Neo Revelation Porygon2 1st Edition Holo Rare 12/64 PSA 8 English 12/64,https://www.ebay.es/itm/377304894836,PriceCharting
Neo Revelation,Porygon2,12/64,1st Edition,PSA 8,2026-06-17,150.00,USD,eBay,unknown,FALSE,,,2001 POKEMON NEO REVELATION 1ST EDITION #12 PORYGON2-HOLO PSA 8 12/64,https://www.ebay.es/itm/318428493015,PriceCharting
Neo Revelation,Porygon2,12/64,1st Edition,PSA 8,2026-06-15,142.50,USD,eBay,unknown,FALSE,,,2001 POKEMON NEO REVELATION 1ST EDITION #12 PORYGON2-HOLO PSA 8 #12,https://www.ebay.es/itm/306975276024,PriceCharting
Neo Revelation,Porygon2,12/64,1st Edition,PSA 8,2026-05-29,175.00,USD,eBay,unknown,FALSE,,,2001 POKEMON NEO REVELATION 1ST EDITION #12 PORYGON2-HOLO PSA 8 #12,https://www.ebay.es/itm/306961628261,PriceCharting
Neo Revelation,Porygon2,12/64,1st Edition,PSA 8,2026-05-22,160.00,USD,eBay,unknown,FALSE,,,2001 Pokemon Neo Revelation 1st Edition Porygon2 Holo #12/64 PSA 8 12/64,https://www.ebay.es/itm/377196947632,PriceCharting
Neo Revelation,Porygon2,12/64,1st Edition,PSA 8,2026-04-15,124.50,USD,eBay,unknown,FALSE,,,2001 Pokemon Neo Revelation 1st Edition Porygon2 Holo #12/64 PSA 8,https://www.ebay.es/itm/127801199394,PriceCharting
Neo Revelation,Porygon2,12/64,1st Edition,PSA 8,2026-04-06,123.50,USD,eBay,unknown,FALSE,,,Pokemon Porygon2 Neo Revelation 1st Edition Holo Rare #12 PSA 8,https://www.ebay.es/itm/287237155838,PriceCharting
Neo Revelation,Porygon2,12/64,1st Edition,PSA 8,2026-03-28,108.00,USD,eBay,best offer,TRUE,108.00,,Pokémon Porygon2 Neo Revelation 1st Edition Holo Rare PSA 8 12/64 2001 12/64,https://www.ebay.es/itm/366289545210,PriceCharting
Neo Revelation,Porygon2,12/64,1st Edition,PSA 8,2026-03-07,118.50,USD,eBay,unknown,FALSE,,,2001 POKEMON NEO REVELATION 1ST EDITION #12 PORYGON2-HOLO PSA 8 #12,https://www.ebay.es/itm/117055472184,PriceCharting
Neo Revelation,Porygon2,12/64,1st Edition,PSA 8,2026-02-15,110.00,USD,eBay,unknown,FALSE,,,2001 POKEMON NEO REVELATION 1ST EDITION #12 PORYGON2-HOLO PSA 8 #12,https://www.ebay.es/itm/306697870041,PriceCharting
Neo Revelation,Porygon2,12/64,1st Edition,PSA 8,2025-11-24,97.48,USD,eBay,unknown,FALSE,,,Pokémon Porygon2 Holo Rare 12/64 Neo Revelation 1st Edition PSA 8 DOUBLE SWIRL! 12/64,https://www.ebay.es/itm/187748363262,PriceCharting
Neo Revelation,Porygon2,12/64,1st Edition,PSA 8,2025-11-24,76.00,USD,eBay,unknown,FALSE,,,Pokemon Porygon2 Neo Revelation 1st Edition Holo Rare #12 PSA 8,https://www.ebay.es/itm/286939726615,PriceCharting
Neo Revelation,Porygon2,12/64,1st Edition,PSA 8,2025-11-23,94.99,USD,eBay,unknown,FALSE,,,Porygon2 1st Edition PSA 8 Holo Rare Foil 12/64 Neo Revelation WOTC Pokemon 12/64,https://www.ebay.es/itm/127510041040,PriceCharting
Neo Revelation,Porygon2,12/64,1st Edition,PSA 8,2025-11-05,116.00,USD,eBay,unknown,FALSE,,,2001 POKEMON NEO REVELATION 1ST EDITION #12 PORYGON2-HOLO PSA 8 #12,https://www.ebay.es/itm/297716109540,PriceCharting
Neo Revelation,Porygon2,12/64,1st Edition,PSA 8,2025-10-16,100.87,USD,eBay,best offer,TRUE,98.34,,Pokemon Neo Revelation 1st Edition 12/64 Porygon2 Holo PSA 8 NM-MINT,https://www.ebay.es/itm/397025802885,PriceCharting
Neo Revelation,Porygon2,12/64,1st Edition,PSA 8,2025-09-30,105.00,USD,eBay,unknown,FALSE,,,Pokemon Neo Revelation 1st Edition 12/64 Porygon2 Holo PSA 8 NM-MINT with SWIRL 12/64,https://www.ebay.es/itm/205691923313,PriceCharting
Neo Revelation,Porygon2,12/64,1st Edition,PSA 8,2025-09-17,119.99,USD,eBay,unknown,FALSE,,,Porygon2 1st Edition PSA 8 Holo Rare Foil 12/64 Neo Revelation WOTC Pokemon 12/64,https://www.ebay.es/itm/297532955171,PriceCharting
Neo Revelation,Porygon2,12/64,Unlimited,PSA 10,2026-04-27,2130,USD,Fanatics Collect,auction,FALSE,,28730262,,https://www.fanaticscollect.com/weekly/abd17496-3905-11f1-a3bd-02ac6321cc89,PSA APR
Neo Revelation,Porygon2,12/64,Unlimited,PSA 10,2025-08-11,911.00,USD,eBay,unknown,FALSE,,,Pokemon Porygon2 Neo Revelation Unlimited Holo Rare #12 PSA 10 Gem Mint,https://www.ebay.es/itm/286739114191,PriceCharting
Neo Revelation,Porygon2,12/64,Unlimited,PSA 9,2026-08-13,110.00,USD,eBay,best offer,TRUE,110.00,,Pokémon TCG 2001 Porygon2 Neo Revelation Holo 12/64 PSA 9 12/64,https://www.ebay.es/itm/800498831266,PriceCharting
Neo Revelation,Porygon2,12/64,Unlimited,PSA 9,2026-07-06,134.50,USD,eBay,unknown,FALSE,,,PORYGON2 2001 POKEMON NEO REVELATION HOLO #12 PSA 9 Q0895 #12,https://www.ebay.es/itm/278125543645,PriceCharting
Neo Revelation,Porygon2,12/64,Unlimited,PSA 9,2026-06-22,128.50,USD,eBay,unknown,FALSE,,,Pokemon Porygon2 Neo Revelation Unlimited Holo Rare #12 PSA 9 Mint,https://www.ebay.es/itm/287386657665,PriceCharting
Neo Revelation,Porygon2,12/64,Unlimited,PSA 9,2026-05-15,299.99,USD,eBay,unknown,FALSE,,,PSA 9 MINT Porygon2 12/64 HOLO RARE Neo Revelation Pokemon Card,https://www.ebay.es/itm/277878601980,PriceCharting
Neo Revelation,Porygon2,12/64,Unlimited,PSA 9,2026-03-31,255.00,USD,eBay,best offer,TRUE,255.00,,2001 Pokémon Neo Revelation Holo Rare Porygon2 12/64 PSA 9 12/64,https://www.ebay.es/itm/188114326874,PriceCharting
Neo Revelation,Porygon2,12/64,Unlimited,PSA 9,2026-03-07,108.46,USD,eBay,best offer,TRUE,,,2001 Pokemon Unlimited Neo Revelation Porygon2 Holo 12/64 PSA 9 MINT,https://www.ebay.es/itm/115797899616,PriceCharting
Neo Revelation,Porygon2,12/64,Unlimited,PSA 9,2026-02-17,143.95,USD,eBay,unknown,FALSE,,,Pokemon Neo Revelation Porygon2 12/64 PSA 9,https://www.ebay.es/itm/336372055873,PriceCharting
Neo Revelation,Porygon2,12/64,Unlimited,PSA 9,2026-02-15,125.00,USD,eBay,unknown,FALSE,,,Pokemon Porygon2 Neo Revelation Unlimited Holo Rare #12 PSA 9 Mint,https://www.ebay.es/itm/286409979159,PriceCharting
Neo Revelation,Porygon2,12/64,Unlimited,PSA 9,2025-11-08,287.95,USD,eBay,unknown,FALSE,,,2001 POKEMON NEO REVELATION #12 PORYGON2-HOLO PSA 9 #12,https://www.ebay.es/itm/306562883652,PriceCharting
Neo Revelation,Porygon2,12/64,Unlimited,PSA 9,2025-07-23,118.16,USD,eBay,unknown,FALSE,,,PSA 9 Porygon2 Neo Revelation Unlimited Holo Rare #12 Mint Graded Pokemon Card #12,https://www.ebay.es/itm/335793497059,PriceCharting
Neo Revelation,Porygon2,12/64,Unlimited,PSA 9,2025-06-18,79.00,USD,eBay,unknown,FALSE,,,2001 Pokemon Neo Revelation Porygon2 Holo Unlimited #12 PSA 9 #12,https://www.ebay.es/itm/396728358385,PriceCharting
Neo Revelation,Porygon2,12/64,Unlimited,PSA 9,2025-05-29,99.99,USD,eBay,unknown,FALSE,,,2001 Pokemon Neo Revelation Porygon2 Holo 12/64 PSA 9 12/64,https://www.ebay.es/itm/177130242799,PriceCharting
Neo Revelation,Porygon2,12/64,Unlimited,PSA 9,2025-05-14,99.99,USD,eBay,unknown,FALSE,,,2001 Pokemon Neo Revelation Porygon2 Holo 12/64 PSA 9 12/64,https://www.ebay.es/itm/177093777160,PriceCharting
Neo Revelation,Porygon2,12/64,Unlimited,PSA 9,2025-05-13,89.99,USD,eBay,unknown,FALSE,,,2001 Pokemon Neo Revelation Porygon2 Holo 12/64 PSA 9 12/64,https://www.ebay.es/itm/177091317528,PriceCharting
Neo Revelation,Porygon2,12/64,Unlimited,PSA 9,2025-04-21,72.56,USD,eBay,unknown,FALSE,,,2001 POKEMON NEO REVELATION #12 PORYGON2-HOLO PSA 9 #12,https://www.ebay.es/itm/297190979180,PriceCharting
Neo Revelation,Porygon2,12/64,Unlimited,PSA 9,2025-04-01,65.69,USD,eBay,unknown,FALSE,,,2001 Pokemon Neo Revelation #12 Porygon2 Holo PSA 9 MINT,https://www.ebay.es/itm/376094790923,PriceCharting
Neo Revelation,Porygon2,12/64,Unlimited,PSA 9,2025-03-24,62.76,USD,eBay,unknown,FALSE,,,2001 Pokemon Neo Revelation 12/64 PORYGON2 Holo PSA 9 Mint,https://www.ebay.es/itm/356683955439,PriceCharting
Neo Revelation,Porygon2,12/64,Unlimited,PSA 9,2025-01-05,60.00,USD,eBay,unknown,FALSE,,,Pokemon Porygon2 Neo Revelation Unlimited Holo Rare #12 PSA 9 Mint,https://www.ebay.es/itm/286235376758,PriceCharting
Neo Revelation,Porygon2,12/64,Unlimited,PSA 9,2024-10-28,46.00,USD,eBay,unknown,FALSE,,,2001 POKEMON NEO REVELATION #12 PORYGON2-HOLO PSA 9,https://www.ebay.es/itm/305844917424,PriceCharting
Neo Revelation,Porygon2,12/64,Unlimited,PSA 9,2024-10-21,43.00,USD,eBay,unknown,FALSE,,,2001 Pokemon Neo Revelation #12/64 Porygon2 Holo PSA 9 MINT,https://www.ebay.es/itm/365176309409,PriceCharting
Neo Revelation,Porygon2,12/64,Unlimited,PSA 8,2026-08-02,167.50,USD,eBay,unknown,FALSE,,,2001 POKEMON NEO REVELATION #12 PORYGON2-HOLO PSA 8 #12,https://www.ebay.es/itm/117318718866,PriceCharting
Neo Revelation,Porygon2,12/64,Unlimited,PSA 8,2026-06-22,130.00,USD,eBay,unknown,FALSE,,,Pokemon Porygon2 12/64 Neo Revelation Holo PSA 8 12/64,https://www.ebay.es/itm/236870143069,PriceCharting
Neo Revelation,Porygon2,12/64,Unlimited,PSA 8,2026-06-09,105.00,USD,eBay,unknown,FALSE,,,Pokemon Porygon2 12/64 Neo Revelation Holo PSA 8 12/64,https://www.ebay.es/itm/318229723237,PriceCharting
Neo Revelation,Porygon2,12/64,Unlimited,PSA 8,2026-05-15,105.00,USD,eBay,unknown,FALSE,,,Pokemon Porygon2 Neo Revelation Unlimited Holo Rare #12 PSA 8,https://www.ebay.es/itm/287248916299,PriceCharting
Neo Revelation,Porygon2,12/64,Unlimited,PSA 8,2026-04-07,79.44,USD,eBay,unknown,FALSE,,,Porygon2 12/64 PSA 8 - Neo Revelation Holo Rare WotC 2000 Vintage Pokemon TCG 12/64,https://www.ebay.es/itm/127739626631,PriceCharting
Neo Revelation,Porygon2,12/64,Unlimited,PSA 8,2026-04-03,99.99,USD,eBay,unknown,FALSE,,,2001 Pokemon Neo Revelation #12 Porygon2 Holo PSA 8 NM-MT #12,https://www.ebay.es/itm/177858802452,PriceCharting
Neo Revelation,Porygon2,12/64,Unlimited,PSA 8,2026-03-20,80.00,USD,eBay,unknown,FALSE,,,2001 Pokemon Neo Revelation #12 Porygon2-Holo PSA 8 #12,https://www.ebay.es/itm/298116876414,PriceCharting
Neo Revelation,Porygon2,12/64,Unlimited,PSA 8,2026-01-19,64.00,USD,eBay,unknown,FALSE,,,Pokémon Porygon2 Holo Rare 12/64 Neo Revelation PSA 8 New 13 Cert 12/64,https://www.ebay.es/itm/127619822755,PriceCharting
Neo Revelation,Porygon2,12/64,Unlimited,PSA 8,2025-09-29,90.00,USD,eBay,unknown,FALSE,,,2001 Pokemon Neo Revelation #12 Porygon2-Holo PSA 8 #12,https://www.ebay.es/itm/357682573029,PriceCharting
Neo Revelation,Porygon2,12/64,Unlimited,PSA 8,2025-09-17,75.00,USD,eBay,unknown,FALSE,,,2001 POKEMON NEO REVELATION #12 PORYGON2-HOLO PSA 8 #117730247 #12,https://www.ebay.es/itm/197562290921,PriceCharting
Neo Revelation,Porygon2,12/64,Unlimited,PSA 8,2025-09-14,60.00,USD,eBay,unknown,FALSE,,,2001 Pokemon Neo Revelation #12 Porygon2-Holo PSA 8 #12,https://www.ebay.es/itm/277288738265,PriceCharting
Neo Revelation,Porygon2,12/64,Unlimited,PSA 8,2025-09-10,65.00,USD,eBay,unknown,FALSE,,,2001 Pokemon Neo Revelation #12 Porygon2-Holo PSA 8 #12,https://www.ebay.es/itm/226895182794,PriceCharting
Neo Revelation,Porygon2,12/64,Unlimited,PSA 8,2025-08-22,55.00,USD,eBay,unknown,FALSE,,,2001 POKEMON NEO REVELATION 12 PORYGON2-HOLO PSA 8 #12,https://www.ebay.es/itm/336089804631,PriceCharting
Neo Revelation,Porygon2,12/64,Unlimited,PSA 8,2025-07-04,36.79,USD,eBay,unknown,FALSE,,,2001 POKEMON NEO REVELATION #12/64 PORYGON2 HOLO PSA 8,https://www.ebay.es/itm/205583522187,PriceCharting
Neo Revelation,Porygon2,12/64,Unlimited,PSA 8,2025-06-27,60.00,USD,eBay,unknown,FALSE,,,2001 Pokemon Porygon2 12/64 Neo Revelation Rare Holo PSA 8 NM/MINT 12/64,https://www.ebay.es/itm/267220259388,PriceCharting
Neo Revelation,Porygon2,12/64,Unlimited,PSA 8,2025-06-24,75.00,USD,eBay,unknown,FALSE,,,2001 POKEMON NEO REVELATION #12 PORYGON2-HOLO PSA 8 #12,https://www.ebay.es/itm/256988130624,PriceCharting
Neo Revelation,Porygon2,12/64,Unlimited,PSA 8,2025-05-22,66.00,USD,eBay,unknown,FALSE,,,2001 POKEMON NEO REVELATION #12 PORYGON2-HOLO PSA 8 #12,https://www.ebay.es/itm/306301429801,PriceCharting
Neo Revelation,Porygon2,12/64,Unlimited,PSA 8,2025-05-11,74.00,USD,eBay,unknown,FALSE,,,2001 POKEMON NEO REVELATION #12 PORYGON2-HOLO PSA 8 #12,https://www.ebay.es/itm/297177198083,PriceCharting
Neo Revelation,Porygon2,12/64,Unlimited,PSA 8,2025-05-07,34.00,USD,eBay,unknown,FALSE,,,2001 Pokemon Neo Revelation-Unlimited Porygon2 12/64 Edition Holo PSA 8 12/64,https://www.ebay.es/itm/335939015991,PriceCharting
Neo Revelation,Porygon2,12/64,Unlimited,PSA 8,2025-04-12,41.00,USD,eBay,unknown,FALSE,,,2001 POKEMON NEO REVELATION #12 PORYGON2-HOLO PSA 8 #12,https://www.ebay.es/itm/297175415375,PriceCharting
Neo Revelation,Raikou,13/64,1st Edition,PSA 10,2026-09-28,288000,USD,Fanatics Collect,auction,FALSE,,25329542,,https://www.fanaticscollect.com/weekly/61c6527e-b1e9-11f1-9dfe-0a58a9feac02,PSA APR
Neo Revelation,Raikou,13/64,1st Edition,PSA 10,2026-09-14,144000,USD,Fanatics Collect,auction,FALSE,,25072764,,https://www.fanaticscollect.com/weekly/2522da9c-a4ea-11f1-b15a-0a58a9feac02,PSA APR
Neo Revelation,Raikou,13/64,1st Edition,PSA 10,2026-08-10,41193,USD,Goldin Auctions,auction,FALSE,,28530542,,https://goldin.co/item/2001-pokemon-neo-revelation-1st-edition-13-raikou-holo-psa-gem-mt-1043w3r,PSA APR
Neo Revelation,Raikou,13/64,1st Edition,PSA 10,2026-07-27,45600,USD,Fanatics Collect,auction,FALSE,,27751839,,https://www.fanaticscollect.com/weekly/2e8fc8f8-815c-11f1-b217-0a58a9feac02,PSA APR
Neo Revelation,Raikou,13/64,1st Edition,PSA 10,2026-07-01,39999.99,USD,eBay,unknown,FALSE,,,PSA 10 GEM MINT Raikou 13/64 HOLO RARE Neo Revelation 1ST EDITION Pokemon Card,https://www.ebay.es/itm/277878485766,PriceCharting
Neo Revelation,Raikou,13/64,1st Edition,PSA 10,2026-06-25,40000,USD,eBay,BIN,FALSE,,27726803,,https://www.ebay.com/itm/188258969056,PSA APR
Neo Revelation,Raikou,13/64,1st Edition,PSA 10,2026-01-28,16000.00,USD,eBay,best offer,TRUE,16000.00,,2001 Pokemon Neo Revelation 1st Edition #13 Raikou PSA 10 Holo #13,https://www.ebay.es/itm/145946563515,PriceCharting
Neo Revelation,Raikou,13/64,1st Edition,PSA 10,2026-01-27,18250.00,USD,eBay,unknown,FALSE,,,2001 POKEMON NEO REVELATION 1ST EDITION #13 RAIKOU-HOLO PSA 10 #13,https://www.ebay.es/itm/306725390576,PriceCharting
Neo Revelation,Raikou,13/64,1st Edition,PSA 10,2026-01-11,15800.00,USD,eBay,unknown,FALSE,,,Pokemon Raikou Neo Revelation 1st Edition Holo Rare #13 PSA 10 Gem Mint,https://www.ebay.es/itm/287045664302,PriceCharting
Neo Revelation,Raikou,13/64,1st Edition,PSA 10,2025-08-06,9000.00,USD,eBay,unknown,FALSE,,,2001 Pokemon Neo Revelation Raikou Holo 1st Edition #13 PSA 10 Gem Mint Pop 36!! #13,https://www.ebay.es/itm/167637395598,PriceCharting
Neo Revelation,Raikou,13/64,1st Edition,PSA 10,2025-05-16,10000,USD,eBay,best offer,TRUE,,28557221,,https://www.ebay.com/itm/297233789181,PSA APR
Neo Revelation,Raikou,13/64,1st Edition,PSA 10,2025-03-10,6999.99,USD,eBay,unknown,FALSE,,,PSA 10 1ST EDITION RAIKOU HOLO #13 POKEMON 2001 P.M. NEO REVELATION GEM MINT #13,https://www.ebay.es/itm/156640102913,PriceCharting
Neo Revelation,Raikou,13/64,1st Edition,PSA 10,2025-02-09,7499.99,USD,eBay,unknown,FALSE,,,Pokemon PSA 10 Gem Mint 1st Ed. Neo Revelation Holo Raikou 13/64 (JC) #13,https://www.ebay.es/itm/325867029632,PriceCharting
Neo Revelation,Raikou,13/64,1st Edition,PSA 10,2023-12-11,4050.00,USD,eBay,unknown,FALSE,,,2001 Neo Revelation 13 Raikou 1st Edition Holo Rare Pokemon TCG Card PSA 10 #13,https://www.ebay.es/itm/386363387226,PriceCharting
Neo Revelation,Raikou,13/64,1st Edition,PSA 10,2023-11-23,6250.00,USD,eBay,unknown,FALSE,,,2001 Neo Revelation 13 Raikou 1st Edition Holo Rare Pokemon TCG Card PSA 10 #13,https://www.ebay.es/itm/354962547377,PriceCharting
Neo Revelation,Raikou,13/64,1st Edition,PSA 9,2026-09-29,3450.00,USD,eBay,unknown,FALSE,,,Pokemon Raikou Holo Neo Revelation 13/64 1st Edition PSA 9 Mint 13/64,https://www.ebay.es/itm/189008080430,PriceCharting
Neo Revelation,Raikou,13/64,1st Edition,PSA 9,2026-09-24,2700.00,USD,eBay,unknown,FALSE,,,2001 POKEMON NEO REVELATION 1ST EDITION #13 RAIKOU-HOLO PSA 9 BIG SWIRL #13,https://www.ebay.es/itm/358758371995,PriceCharting
Neo Revelation,Raikou,13/64,1st Edition,PSA 9,2026-09-21,2300.00,USD,eBay,best offer,TRUE,2300.00,,2001 POKEMON NEO REVELATION 1ST EDITION #13 RAIKOU-HOLO PSA 9 #13,https://www.ebay.es/itm/298665614100,PriceCharting
Neo Revelation,Raikou,13/64,1st Edition,PSA 9,2026-08-29,1850.00,USD,eBay,unknown,FALSE,,,Pokemon Raikou Holo Neo Revelation 13/64 1st Edition PSA 9 Mint 13/64,https://www.ebay.es/itm/287536560834,PriceCharting
Neo Revelation,Raikou,13/64,1st Edition,PSA 9,2026-08-17,1624.56,USD,eBay,best offer,TRUE,1591.67,,Raikou Holo 13/64 PSA 9 1st Edition Neo Revelation Pokemon 13/64,https://www.ebay.es/itm/168618700567,PriceCharting
Neo Revelation,Raikou,13/64,1st Edition,PSA 9,2026-06-27,1681.00,USD,eBay,unknown,FALSE,,,2001 POKEMON NEO REVELATION 1ST EDITION #13 RAIKOU-HOLO PSA 9 #13,https://www.ebay.es/itm/117256658047,PriceCharting
Neo Revelation,Raikou,13/64,1st Edition,PSA 9,2026-05-25,1949.19,USD,eBay,best offer,TRUE,1949.19,,2001 Pokemon Neo Revelation Raikou Holo 1st Edition #13 PSA 9,https://www.ebay.es/itm/397978671294,PriceCharting
Neo Revelation,Raikou,13/64,1st Edition,PSA 9,2026-05-10,1652.26,USD,eBay,unknown,FALSE,,,PSA 9 RAIKOU 13/64 | 1st Edition Neo Rev WOTC Holo Graded Pokemon Card HK 13/64,https://www.ebay.es/itm/327119102475,PriceCharting
Neo Revelation,Raikou,13/64,1st Edition,PSA 9,2026-05-08,2325.00,USD,eBay,unknown,FALSE,,,2001 Pokemon Neo Revelation 1st Edition #13 Raikou Holo PSA 9 MINT,https://www.ebay.es/itm/389957942013,PriceCharting
Neo Revelation,Raikou,13/64,1st Edition,PSA 9,2026-04-22,1550.00,USD,eBay,unknown,FALSE,,,2001 Pokemon Neo Revelation 1st Edition #13 Raikou Holo PSA 9 MINT,https://www.ebay.es/itm/389890365477,PriceCharting
Neo Revelation,Raikou,13/64,1st Edition,PSA 9,2026-04-05,1675.00,USD,eBay,unknown,FALSE,,,2001 Pokemon Neo Revelation 1st Edition Raikou Holo #13/64 PSA 9,https://www.ebay.es/itm/377073940969,PriceCharting
Neo Revelation,Raikou,13/64,1st Edition,PSA 9,2026-03-27,1524.94,USD,eBay,best offer,TRUE,1500.82,,PSA 9 Pokemon Neo Revelation 1st Edition Holo Raikou 13/64,https://www.ebay.es/itm/157781572564,PriceCharting
Neo Revelation,Raikou,13/64,1st Edition,PSA 9,2026-03-15,1100.00,USD,eBay,best offer,TRUE,1100.00,,2001 POKEMON NEO REVELATION 1ST EDITION #13/64 RAIKOU HOLO PSA 9 13/64,https://www.ebay.es/itm/326933244225,PriceCharting
Neo Revelation,Raikou,13/64,1st Edition,PSA 9,2026-03-13,1096.94,USD,eBay,unknown,FALSE,,,Pokemon PSA 9 Raikou 13/64 - Neo Revelation Holo 1st Edition #13,https://www.ebay.es/itm/365885454574,PriceCharting
Neo Revelation,Raikou,13/64,1st Edition,PSA 9,2026-03-09,874.99,USD,eBay,best offer,TRUE,,,Pokemon TCG - Raikou 1st Edition Holo 13/64 English Neo Revelation - MINT PSA 9,https://www.ebay.es/itm/177899143407,PriceCharting
Neo Revelation,Raikou,13/64,1st Edition,PSA 9,2026-02-09,949.76,USD,eBay,best offer,TRUE,,,Pokemon TCG - Raikou 1st Edition Holo 13/64 English Neo Revelation - MINT PSA 9,https://www.ebay.es/itm/406033766289,PriceCharting
Neo Revelation,Raikou,13/64,1st Edition,PSA 9,2026-01-28,975.00,USD,eBay,unknown,FALSE,,,2001 POKEMON NEO REVELATION 1ST ED #13 RAIKOU-HOLO PSA 9 #13,https://www.ebay.es/itm/117003161583,PriceCharting
Neo Revelation,Raikou,13/64,1st Edition,PSA 8,2026-09-29,1015.00,USD,eBay,unknown,FALSE,,,2001 Pokemon Neo Revelation #13 Raikou Holo 1st Edition PSA 8 13/64,https://www.ebay.es/itm/366635062647,PriceCharting
Neo Revelation,Raikou,13/64,1st Edition,PSA 8,2026-09-29,1350.00,USD,eBay,unknown,FALSE,,,New Cert! 2001 Pokemon NEO REVELATION 1ST ED #13 RAIKOU-HOLO PSA 8 Big SWIRAL #13,https://www.ebay.es/itm/366385756681,PriceCharting
Neo Revelation,Raikou,13/64,1st Edition,PSA 8,2026-09-28,947.73,USD,eBay,best offer,TRUE,948.37,,Raikou 1st Edition PSA 8 NM-MT Neo Revelation 13/64 2001 Vintage WOTC Pokemon,https://www.ebay.es/itm/358920875023,PriceCharting
Neo Revelation,Raikou,13/64,1st Edition,PSA 8,2026-09-24,763.50,USD,eBay,unknown,FALSE,,,2001 Pokemon Neo Revelation 1st Edition #13 Raikou Holo PSA 8 NM-MT,https://www.ebay.es/itm/800671598447,PriceCharting
Neo Revelation,Raikou,13/64,1st Edition,PSA 8,2026-09-06,931.00,USD,eBay,unknown,FALSE,,,2001 POKEMON NEO REVELATION 1ST EDITION #13 RAIKOU-HOLO PSA 8 #13,https://www.ebay.es/itm/307149336245,PriceCharting
Neo Revelation,Raikou,13/64,1st Edition,PSA 8,2026-08-27,950.00,USD,eBay,unknown,FALSE,,,Pokemon Raikou Holo Neo Revelation 13/64 1st Edition PSA 8 13/64,https://www.ebay.es/itm/287522396640,PriceCharting
Neo Revelation,Raikou,13/64,1st Edition,PSA 8,2026-08-14,949.99,USD,eBay,unknown,FALSE,,,2001 POKEMON NEO REVELATION 1ST EDITION #13 RAIKOU-HOLO PSA 8 #13,https://www.ebay.es/itm/206483861513,PriceCharting
Neo Revelation,Raikou,13/64,1st Edition,PSA 8,2026-08-11,824.99,USD,eBay,unknown,FALSE,,,Pokemon 2001 Raikou #13 Neo Revelation Holo Card PSA 8 NM-Mint!! 🔥1st Edition🔥 #13,https://www.ebay.es/itm/800468158555,PriceCharting
Neo Revelation,Raikou,13/64,1st Edition,PSA 8,2026-08-01,800.00,USD,eBay,best offer,TRUE,,,2001 POKEMON NEO REVELATION 1ST EDITION RAIKOU #13 HOLO PSA 8 13/64 13/64,https://www.ebay.es/itm/336720038657,PriceCharting
Neo Revelation,Raikou,13/64,1st Edition,PSA 8,2026-07-06,960.00,USD,eBay,unknown,FALSE,,,2001 POKEMON NEO REVELATION 1ST EDITION #13 RAIKOU-HOLO PSA 8 #13,https://www.ebay.es/itm/307018195483,PriceCharting
Neo Revelation,Raikou,13/64,1st Edition,PSA 8,2026-07-02,950.00,USD,eBay,unknown,FALSE,,,2001 POKEMON NEO REVELATION 1ST EDITION #13 RAIKOU-HOLO PSA 8 #13,https://www.ebay.es/itm/307028630781,PriceCharting
Neo Revelation,Raikou,13/64,1st Edition,PSA 8,2026-06-29,951.00,USD,eBay,best offer,TRUE,951.00,,Pokémon TCG Raikou Neo Revelation Holo Rare Card 13/64 1st Edition PSA 8 w/SWIRL 13/64,https://www.ebay.es/itm/188561805067,PriceCharting
Neo Revelation,Raikou,13/64,1st Edition,PSA 8,2026-06-23,632.00,USD,eBay,unknown,FALSE,,,2001 POKEMON NEO REVELATION 1ST EDITION #13 RAIKOU-HOLO PSA 8 #13,https://www.ebay.es/itm/117246982979,PriceCharting
Neo Revelation,Raikou,13/64,1st Edition,PSA 8,2026-06-22,750.00,USD,eBay,best offer,TRUE,750.00,,Pokémon TCG Raikou 13/64 Neo Revelation 1st Edition Holo PSA 8 2001 13/64,https://www.ebay.es/itm/188497276706,PriceCharting
Neo Revelation,Raikou,13/64,1st Edition,PSA 8,2026-06-21,939.47,USD,eBay,unknown,FALSE,,,Pokemon Cards: Neo Revelation 1st Edition Rare Holo: Raikou 13/64 PSA 8 #13,https://www.ebay.es/itm/318431990456,PriceCharting
Neo Revelation,Raikou,13/64,1st Edition,PSA 8,2026-06-15,824.99,USD,eBay,unknown,FALSE,,,2001 POKEMON NEO REVELATION 1ST ED #13 RAIKOU-HOLO PSA 8 ***SWIRL*** #13,https://www.ebay.es/itm/278075671421,PriceCharting
Neo Revelation,Raikou,13/64,1st Edition,PSA 8,2026-06-15,880.00,USD,eBay,unknown,FALSE,,,2001 POKEMON NEO REVELATION 1ST EDITION #13 RAIKOU-HOLO PSA 8 #13,https://www.ebay.es/itm/117225677161,PriceCharting
Neo Revelation,Raikou,13/64,1st Edition,PSA 8,2026-06-12,775.00,USD,eBay,unknown,FALSE,,,2001 POKEMON NEO REVELATION 1ST ED #13 RAIKOU HOLO PSA 8 NM-MT Super Nice Copy #13,https://www.ebay.es/itm/206334524758,PriceCharting
Neo Revelation,Raikou,13/64,1st Edition,PSA 8,2026-06-12,775.00,USD,eBay,unknown,FALSE,,,2001 POKEMON NEO REVELATION 1ST ED #13 RAIKOU-HOLO PSA 8 #13,https://www.ebay.es/itm/278045456627,PriceCharting
Neo Revelation,Raikou,13/64,1st Edition,PSA 8,2026-06-07,1035.00,USD,eBay,unknown,FALSE,,,2001 POKEMON NEO REVELATION 1ST EDITION #13 RAIKOU-HOLO PSA 8 #13,https://www.ebay.es/itm/117221869205,PriceCharting
Neo Revelation,Raikou,13/64,1st Edition,PSA 8,2026-05-21,750.00,USD,eBay,best offer,TRUE,750.00,,2001 POKEMON NEO REVELATION 1ST EDITION #13 RAIKOU-HOLO PSA 8 #13,https://www.ebay.es/itm/157892608610,PriceCharting
Neo Revelation,Raikou,13/64,1st Edition,PSA 8,2026-05-13,700.00,USD,eBay,best offer,TRUE,700.00,,2001 POKEMON NEO REVELATION 1ST EDITION #13 RAIKOU-HOLO PSA 8 #13,https://www.ebay.es/itm/267668117176,PriceCharting
Neo Revelation,Raikou,13/64,1st Edition,PSA 8,2026-05-12,825.00,USD,eBay,best offer,TRUE,825.00,,2001 POKEMON NEO REVELATION 1ST ED #13 RAIKOU-HOLO PSA 8 #13,https://www.ebay.es/itm/147295831970,PriceCharting
Neo Revelation,Raikou,13/64,1st Edition,PSA 8,2026-05-06,700.00,USD,eBay,best offer,TRUE,700.00,,2001 POKEMON NEO REVELATION 1ST ED #13 RAIKOU-HOLO PSA 8 #13,https://www.ebay.es/itm/168289345891,PriceCharting
Neo Revelation,Raikou,13/64,Unlimited,PSA 10,2026-09-15,33999,USD,Fanatics Collect,best offer,TRUE,,63412061,,https://www.fanaticscollect.com/buy-now/89c1a444-d34b-4474-9c18-1de60a1a8b83,PSA APR
Neo Revelation,Raikou,13/64,Unlimited,PSA 10,2026-03-03,13500,USD,eBay,auction,FALSE,,63412061,,https://www.ebay.com/itm/358255068630,PSA APR
Neo Revelation,Raikou,13/64,Unlimited,PSA 10,2025-02-24,3160.00,USD,eBay,unknown,FALSE,,,Pokemon Raikou Neo Revelation Unlimited Holo Rare #13 PSA 10 Gem Mint,https://www.ebay.es/itm/286330316411,PriceCharting
Neo Revelation,Raikou,13/64,Unlimited,PSA 10,2024-12-04,2879.00,USD,eBay,unknown,FALSE,,,Raikou Neo Revelations PSA 10 13/64,https://www.ebay.es/itm/196852456025,PriceCharting
Neo Revelation,Raikou,13/64,Unlimited,PSA 9,2026-09-30,803.39,USD,eBay,unknown,FALSE,,,Pokemon TCG - Raikou 13/64 Neo Revelation Holo Rare - PSA 9 MINT 13/64,https://www.ebay.es/itm/168633499045,PriceCharting
Neo Revelation,Raikou,13/64,Unlimited,PSA 9,2026-09-29,787.00,USD,eBay,unknown,FALSE,,,2001 Pokemon Neo Revelation #13 Raikou Holo PSA 9 MINT,https://www.ebay.es/itm/800681584164,PriceCharting
Neo Revelation,Raikou,13/64,Unlimited,PSA 9,2026-08-17,456.01,USD,eBay,unknown,FALSE,,,Pokemon 2001 Raikou 13/64 Holo Neo Revelation PSA 9 13/64,https://www.ebay.es/itm/407132680426,PriceCharting
Neo Revelation,Raikou,13/64,Unlimited,PSA 9,2026-08-07,595.00,USD,eBay,unknown,FALSE,,,2001 POKEMON NEO REVELATION #13 RAIKOU-HOLO PSA 9 #13,https://www.ebay.es/itm/307094041956,PriceCharting
Neo Revelation,Raikou,13/64,Unlimited,PSA 9,2026-08-05,684.00,USD,eBay,unknown,FALSE,,,Pokemon 2001 Raikou 13/64 Holo Neo Revelation PSA 9 13/64,https://www.ebay.es/itm/407107017289,PriceCharting
Neo Revelation,Raikou,13/64,Unlimited,PSA 9,2026-08-02,660.00,USD,eBay,unknown,FALSE,,,Pokemon Raikou Holo Neo Revelation 13/64 PSA 9 Mint 13/64,https://www.ebay.es/itm/287481272642,PriceCharting
Neo Revelation,Raikou,13/64,Unlimited,PSA 9,2026-07-07,490.50,USD,eBay,unknown,FALSE,,,2001 Pokemon Neo Revelation #13 Raikou Holo PSA 9 MINT,https://www.ebay.es/itm/377297959699,PriceCharting
Neo Revelation,Raikou,13/64,Unlimited,PSA 9,2026-07-07,580.00,USD,eBay,unknown,FALSE,,,RAIKOU 2001 POKEMON NEO REVELATION HOLO #13/64 PSA 9 Q0895 #13,https://www.ebay.es/itm/278138684689,PriceCharting
Neo Revelation,Raikou,13/64,Unlimited,PSA 9,2026-07-05,620.00,USD,eBay,unknown,FALSE,,,Pokemon Raikou Neo Revelation Unlimited Holo Rare #13 PSA 9 Mint 13/64,https://www.ebay.es/itm/257472294081,PriceCharting
Neo Revelation,Raikou,13/64,Unlimited,PSA 9,2026-07-01,570.00,USD,eBay,unknown,FALSE,,,2001 Pokemon Neo Revelation #13 Raikou Holo PSA 9 MINT,https://www.ebay.es/itm/800232075293,PriceCharting
Neo Revelation,Raikou,13/64,Unlimited,PSA 9,2026-06-22,439.00,USD,eBay,unknown,FALSE,,,RAIKOU 2001 POKEMON NEO REVELATION HOLO #13/64 PSA 9 Q0895 #13,https://www.ebay.es/itm/278071480254,PriceCharting
Neo Revelation,Raikou,13/64,Unlimited,PSA 9,2026-06-12,875.00,USD,eBay,unknown,FALSE,,,Pokemon Raikou Neo Revelation Unlimited Holo Rare #13 PSA 9 Mint,https://www.ebay.es/itm/127903999244,PriceCharting
Neo Revelation,Raikou,13/64,Unlimited,PSA 9,2026-06-03,675.00,USD,eBay,unknown,FALSE,,,Pokemon Raikou Neo Revelation Unlimited Holo Rare #13 PSA 9 Mint,https://www.ebay.es/itm/287248916226,PriceCharting
Neo Revelation,Raikou,13/64,Unlimited,PSA 9,2026-05-17,583.99,USD,eBay,unknown,FALSE,,,Pokemon Raikou Neo Revelation Unlimited Holo Rare #13 PSA 9 Mint,https://www.ebay.es/itm/287318120670,PriceCharting
Neo Revelation,Raikou,13/64,Unlimited,PSA 9,2026-04-13,635.76,USD,eBay,best offer,TRUE,,,PSA 9 RAIKOU 13/64 Holo Rare Neo Revelation WOTC 2001 - Pokemon Card 13/64,https://www.ebay.es/itm/206165637709,PriceCharting
Neo Revelation,Raikou,13/64,Unlimited,PSA 9,2026-04-13,536.99,USD,eBay,unknown,FALSE,,,Pokemon Raikou Neo Revelation Unlimited Holo Rare #13 PSA 9 Mint,https://www.ebay.es/itm/287251627770,PriceCharting
Neo Revelation,Raikou,13/64,Unlimited,PSA 9,2026-03-17,580.00,USD,eBay,best offer,TRUE,580.00,,PSA 9 Raikou Holo Neo Revelation #13 - 2001 MINT Pokémon Card,https://www.ebay.es/itm/188174660208,PriceCharting
Neo Revelation,Raikou,13/64,Unlimited,PSA 9,2026-03-03,550.00,USD,eBay,unknown,FALSE,,,2001 POKEMON NEO REVELATION #13 RAIKOU-HOLO PSA 9 #13,https://www.ebay.es/itm/306755351527,PriceCharting
Neo Revelation,Raikou,13/64,Unlimited,PSA 9,2026-02-23,410.00,USD,eBay,unknown,FALSE,,,2001 POKEMON NEO REVELATION #13 RAIKOU-HOLO PSA 9 #13,https://www.ebay.es/itm/117039595178,PriceCharting
Neo Revelation,Raikou,13/64,Unlimited,PSA 9,2026-02-22,426.00,USD,eBay,unknown,FALSE,,,Pokemon Raikou Neo Revelation Unlimited Holo Rare #13 PSA 9 Mint,https://www.ebay.es/itm/287136214305,PriceCharting
Neo Revelation,Raikou,13/64,Unlimited,PSA 9,2026-02-07,565.00,USD,eBay,unknown,FALSE,,,2001 POKEMON NEO REVELATION #13 RAIKOU-HOLO PSA 9 #13,https://www.ebay.es/itm/297974561157,PriceCharting
Neo Revelation,Raikou,13/64,Unlimited,PSA 9,2026-01-31,471.43,USD,eBay,unknown,FALSE,,,PSA 9 Raikou Holo 13/64 Neo Revelation 2001 Pokemon Card MINT 13/64,https://www.ebay.es/itm/366151615303,PriceCharting
Neo Revelation,Raikou,13/64,Unlimited,PSA 9,2026-01-21,400.00,USD,eBay,unknown,FALSE,,,2001 Pokemon Neo Revelation Unlimited Raikou Holo Rare Card 1364 PSA 9 M G2U #13,https://www.ebay.es/itm/177677167705,PriceCharting
Neo Revelation,Raikou,13/64,Unlimited,PSA 8,2026-09-22,315.00,USD,eBay,best offer,TRUE,315.00,,Pokemon TCG Raikou 13/64 Neo Revelation Holo Rare Unlimited 2001 PSA 8 EN 13/64,https://www.ebay.es/itm/366680964748,PriceCharting
Neo Revelation,Raikou,13/64,Unlimited,PSA 8,2026-09-18,320.00,USD,eBay,best offer,TRUE,320.00,,The Pokemon Company Pokemon TCG Neo Revelation Raikou 13/64 Holo EN PSA 8 13/64,https://www.ebay.es/itm/237074329143,PriceCharting
Neo Revelation,Raikou,13/64,Unlimited,PSA 8,2026-09-14,336.30,USD,eBay,unknown,FALSE,,,Raikou Holo 13/64 Neo Revelation Pokemon PSA 8 13/64,https://www.ebay.es/itm/377458508926,PriceCharting
Neo Revelation,Raikou,13/64,Unlimited,PSA 8,2026-09-04,292.90,USD,eBay,unknown,FALSE,,,2001 POKEMON NEO REVELATION #13 RAIKOU-HOLO PSA 8 #13,https://www.ebay.es/itm/117380107078,PriceCharting
Neo Revelation,Raikou,13/64,Unlimited,PSA 8,2026-09-01,324.99,USD,eBay,unknown,FALSE,,,Pokemon Raikou Neo Revelation Unlimited Holo Rare #13 PSA 8 CARD 13/64,https://www.ebay.es/itm/236996487256,PriceCharting
Neo Revelation,Raikou,13/64,Unlimited,PSA 8,2026-07-30,285.00,USD,eBay,best offer,TRUE,285.00,,Pokemon Raikou Neo Revelation Unlimited Holo Rare #13 PSA 8 13/64,https://www.ebay.es/itm/267742181327,PriceCharting
Neo Revelation,Raikou,13/64,Unlimited,PSA 8,2026-07-13,285.00,USD,eBay,unknown,FALSE,,,2001 POKEMON NEO REVELATION #13 RAIKOU-HOLO PSA 8 #13,https://www.ebay.es/itm/307037785949,PriceCharting
Neo Revelation,Raikou,13/64,Unlimited,PSA 8,2026-07-13,325.00,USD,eBay,unknown,FALSE,,,Pokemon Raikou Holo Neo Revelation Unlimited 13/64 PSA 8 13/64,https://www.ebay.es/itm/287433884674,PriceCharting
Neo Revelation,Raikou,13/64,Unlimited,PSA 8,2026-07-01,365.00,USD,eBay,unknown,FALSE,,,The Pokemon Company Pokemon TCG Neo Revelation Raikou 13/64 Holo EN PSA 8 13/64,https://www.ebay.es/itm/298467526192,PriceCharting
Neo Revelation,Raikou,13/64,Unlimited,PSA 8,2026-06-23,305.00,USD,eBay,best offer,TRUE,,,Pokemon TCG Neo Revelation Raikou 13/64 Holo EN PSA 8 13/64,https://www.ebay.es/itm/198448832972,PriceCharting
Neo Revelation,Raikou,13/64,Unlimited,PSA 8,2026-06-15,291.00,USD,eBay,unknown,FALSE,,,2001 POKEMON NEO REVELATION #13 RAIKOU-HOLO PSA 8 #13,https://www.ebay.es/itm/298385729295,PriceCharting
Neo Revelation,Raikou,13/64,Unlimited,PSA 8,2026-06-12,359.99,USD,eBay,unknown,FALSE,,,Raikou Holo Rare 13/64 2001 Neo Revelation Pokemon English WOTC PSA 8 13/64,https://www.ebay.es/itm/188424316253,PriceCharting
Neo Revelation,Raikou,13/64,Unlimited,PSA 8,2026-06-09,365.00,USD,eBay,best offer,TRUE,365.00,,Pokemon Raikou Neo Revelation Unlimited Holo Rare #13 PSA 8 #13,https://www.ebay.es/itm/137275629114,PriceCharting
Neo Revelation,Raikou,13/64,Unlimited,PSA 8,2026-06-03,290.00,USD,eBay,unknown,FALSE,,,2001 Pokemon Neo Revelation Raikou Holo #13/64 PSA 8,https://www.ebay.es/itm/127890597990,PriceCharting
Neo Revelation,Raikou,13/64,Unlimited,PSA 8,2026-05-17,332.49,USD,eBay,unknown,FALSE,,,PSA 8 Raikou 13/64 Holo Neo Revelation Unlimited English Pokemon Card 2001 WOTC 13/64,https://www.ebay.es/itm/157775283360,PriceCharting
Neo Revelation,Raikou,13/64,Unlimited,PSA 8,2026-05-16,350.00,USD,eBay,unknown,FALSE,,,Pokémon TCG Raikou Neo Revelation Holo Rare PSA 8 13/64 2001 English Unlimited 13/64,https://www.ebay.es/itm/298256877459,PriceCharting
Neo Revelation,Raikou,13/64,Unlimited,PSA 8,2026-05-13,322.86,USD,eBay,unknown,FALSE,,,Raikou PSA 8 Neo Revelation 13/64 Holo Pokemon TCG 13/64,https://www.ebay.es/itm/178126523964,PriceCharting
Neo Revelation,Raikou,13/64,Unlimited,PSA 8,2026-05-11,324.94,USD,eBay,unknown,FALSE,,,Raikou PSA 8 Neo Revelation 13/64 Holo Pokemon TCG 13/64,https://www.ebay.es/itm/178102003286,PriceCharting
Neo Revelation,Raikou,13/64,Unlimited,PSA 8,2026-05-11,307.00,USD,eBay,unknown,FALSE,,,Pokemon Raikou Neo Revelation Unlimited Holo Rare #13 PSA 8,https://www.ebay.es/itm/287306327955,PriceCharting
Neo Revelation,Raikou,13/64,Unlimited,PSA 8,2026-05-09,207.45,USD,eBay,unknown,FALSE,,,PSA 8 Pokemon TCG Neo Revelation Unlimited Raikou 13/64 Holo Eng NEARMINT,https://www.ebay.es/itm/327143386937,PriceCharting
Neo Revelation,Suicune,14/64,1st Edition,PSA 10,2026-09-21,192000,USD,Fanatics Collect,auction,FALSE,,26558142,,https://www.fanaticscollect.com/weekly/80ab0370-add3-11f1-8934-0a58a9feac02,PSA APR
Neo Revelation,Suicune,14/64,1st Edition,PSA 10,2026-08-10,60173,USD,Goldin Auctions,auction,FALSE,,24032141,,https://goldin.co/item/2001-pokemon-neo-revelation-1st-edition-holo-14-suicune-psa-gem-mt-10w5fk3,PSA APR
Neo Revelation,Suicune,14/64,1st Edition,PSA 10,2026-07-27,33600,USD,Fanatics Collect,auction,FALSE,,27506272,,https://www.fanaticscollect.com/weekly/2e902500-815c-11f1-9935-0a58a9feac02,PSA APR
Neo Revelation,Suicune,14/64,1st Edition,PSA 10,2026-04-20,31720,USD,Goldin Auctions,auction,FALSE,,26558142,,https://goldin.co/item/2001-pokemon-neo-revelation-1st-edition-holo-14-suicune-psa-gem-mt-10ssct8,PSA APR
Neo Revelation,Suicune,14/64,1st Edition,PSA 10,2026-03-18,34995.00,USD,eBay,unknown,FALSE,,,Pokemon Suicune Neo Revelation 1st Edition Holo Rare #14 PSA 10 Gem Mint #14,https://www.ebay.es/itm/366280304902,PriceCharting
Neo Revelation,Suicune,14/64,1st Edition,PSA 10,2026-01-11,18100.00,USD,eBay,unknown,FALSE,,,Pokemon Suicune Neo Revelation 1st Edition Holo Rare #14 PSA 10 Gem Mint,https://www.ebay.es/itm/287045664309,PriceCharting
Neo Revelation,Suicune,14/64,1st Edition,PSA 10,2025-06-01,12250.00,USD,eBay,unknown,FALSE,,,Pokemon Suicune Neo Revelation 1st Edition Holo Rare #14 PSA 10 Gem Mint,https://www.ebay.es/itm/286590233144,PriceCharting
Neo Revelation,Suicune,14/64,1st Edition,PSA 10,2025-04-20,14999.99,USD,eBay,unknown,FALSE,,,PSA 10 1ST EDITION SUICUNE HOLO #14 POKEMON 2001 P.M. NEO REVELATION GEM MINT #14,https://www.ebay.es/itm/156640126175,PriceCharting
Neo Revelation,Suicune,14/64,1st Edition,PSA 10,2024-04-14,8500.00,USD,eBay,unknown,FALSE,,,Pokemon PSA 10 Gem Mint 1st Ed. Neo Revelation Holo Suicune 14/64 (JC) #14,https://www.ebay.es/itm/325867032373,PriceCharting
Neo Revelation,Suicune,14/64,1st Edition,PSA 10,2023-12-11,6300.00,USD,eBay,unknown,FALSE,,,2001 Neo Revelation 14 Suicune 1st Edition Holo Rare Pokemon TCG Card PSA 10 #14,https://www.ebay.es/itm/386363389733,PriceCharting
Neo Revelation,Suicune,14/64,1st Edition,PSA 9,2026-09-24,2650.00,USD,eBay,unknown,FALSE,,,2001 POKEMON NEO REVELATION 1ST EDITION #14 SUICUNE-HOLO PSA 9 #14,https://www.ebay.es/itm/117412633678,PriceCharting
Neo Revelation,Suicune,14/64,1st Edition,PSA 9,2026-09-24,2717.32,USD,eBay,unknown,FALSE,,,Suicune - Pokemon Card - 14/64 - Neo Revelation - 1st Edition Holo - PSA 9 Mint,https://www.ebay.es/itm/377259518276,PriceCharting
Neo Revelation,Suicune,14/64,1st Edition,PSA 9,2026-09-18,2649.99,USD,eBay,unknown,FALSE,,,2001 POKEMON NEO REVELATION 1ST EDITION #14 SUICUNE-HOLO PSA 9 #14,https://www.ebay.es/itm/298445854141,PriceCharting
Neo Revelation,Suicune,14/64,1st Edition,PSA 9,2026-09-15,2126.00,USD,eBay,unknown,FALSE,,,2001 Pokemon Neo Revelation 1st Edition #14 Suicune Holo PSA 9 MINT,https://www.ebay.es/itm/800612878696,PriceCharting
Neo Revelation,Suicune,14/64,1st Edition,PSA 9,2026-09-04,2250.00,USD,eBay,best offer,TRUE,2250.00,,PSA 9 MINT Suicune 14 Neo Revelation 1st Edition Holo Pokemon Card #14,https://www.ebay.es/itm/147422806338,PriceCharting
Neo Revelation,Suicune,14/64,1st Edition,PSA 9,2026-09-01,2349.99,USD,eBay,unknown,FALSE,,,Suicune - Pokemon Card - 14/64 - Neo Revelation - 1st Edition Holo - PSA 9 Mint,https://www.ebay.es/itm/137530474900,PriceCharting
Neo Revelation,Suicune,14/64,1st Edition,PSA 9,2026-08-17,2201.00,USD,eBay,unknown,FALSE,,,Pokemon Suicune Holo Neo Revelation 14/64 1st Edition PSA 9 Mint 14/64,https://www.ebay.es/itm/287505127421,PriceCharting
Neo Revelation,Suicune,14/64,1st Edition,PSA 9,2026-07-05,2500.00,USD,eBay,unknown,FALSE,,,Pokemon Suicune Neo Revelation 1st Edition Holo Rare #14 PSA 9 Mint,https://www.ebay.es/itm/287301763054,PriceCharting
Neo Revelation,Suicune,14/64,1st Edition,PSA 9,2026-06-15,2500.00,USD,eBay,best offer,TRUE,2500.00,,NEW CERT! - Pokemon Suicune Neo Revelation 1st Edition Holo Rare #14 PSA 9 Mint #14,https://www.ebay.es/itm/267647376175,PriceCharting
Neo Revelation,Suicune,14/64,1st Edition,PSA 9,2026-05-26,2765.37,USD,eBay,best offer,TRUE,2765.37,,2001 POKEMON NEO REVELATION 1ST EDITION #14 SUICUNE-HOLO PSA 9 #14,https://www.ebay.es/itm/306938722950,PriceCharting
Neo Revelation,Suicune,14/64,1st Edition,PSA 9,2026-04-16,2750.00,USD,eBay,unknown,FALSE,,,Pokemon Suicune Neo Revelation 1st Edition Holo Rare #14 PSA 9 Mint,https://www.ebay.es/itm/287265005361,PriceCharting
Neo Revelation,Suicune,14/64,1st Edition,PSA 9,2026-01-24,1050.00,USD,eBay,unknown,FALSE,,,SUICUNE 14 HOLO 1ST EDITION POKEMON NEO REVELATION 2001 PSA 9 #14,https://www.ebay.es/itm/306709438637,PriceCharting
Neo Revelation,Suicune,14/64,1st Edition,PSA 9,2026-01-20,1099.00,USD,eBay,unknown,FALSE,,,SUICUNE HOLO 1ST EDITION POKEMON NEO REVELATION PSA 9 #14,https://www.ebay.es/itm/197835920788,PriceCharting
Neo Revelation,Suicune,14/64,1st Edition,PSA 9,2026-01-14,1200.00,USD,eBay,unknown,FALSE,,,SUICUNE-HOLO 1ST EDITION POKEMON NEO REVELATION 2001 14 PSA 9 #14,https://www.ebay.es/itm/326933245499,PriceCharting
Neo Revelation,Suicune,14/64,1st Edition,PSA 8,2026-09-19,1025.00,USD,eBay,best offer,TRUE,1025.00,,Pokemon Neo Revelation TCG Suicune 14/64 Holo 1st Edition PSA 8 14/64,https://www.ebay.es/itm/206538633761,PriceCharting
Neo Revelation,Suicune,14/64,1st Edition,PSA 8,2026-08-18,840.00,USD,eBay,unknown,FALSE,,,2001 POKEMON NEO REVELATION 1ST EDITION #14 SUICUNE-HOLO PSA 8 #14,https://www.ebay.es/itm/307116593091,PriceCharting
Neo Revelation,Suicune,14/64,1st Edition,PSA 8,2026-08-17,879.96,USD,eBay,unknown,FALSE,,,Suicune Holo 14/64 PSA 8 1st Edition Neo Revelation Pokemon Swirl 14/64,https://www.ebay.es/itm/168618700562,PriceCharting
Neo Revelation,Suicune,14/64,1st Edition,PSA 8,2026-08-13,800.00,USD,eBay,unknown,FALSE,,,POKEMON SUICUNE 2001 NEO REVELATION 1ST EDITION HOLO #14 PSA 8 Q7285 #14,https://www.ebay.es/itm/278250347123,PriceCharting
Neo Revelation,Suicune,14/64,1st Edition,PSA 8,2026-08-11,900.00,USD,eBay,best offer,TRUE,900.00,,NEW CERT! CLEAN! PSA 8 1ST EDITION Suicune Holo 14/64 - Pokemon Neo Revelation 14/64,https://www.ebay.es/itm/227401812920,PriceCharting
Neo Revelation,Suicune,14/64,1st Edition,PSA 8,2026-08-11,824.99,USD,eBay,unknown,FALSE,,,Pokemon 2001 Suicune #14 Neo Revelation Holo Card PSA 8 NM-Mint! 🔥1st Edition🔥 #14,https://www.ebay.es/itm/800468253961,PriceCharting
Neo Revelation,Suicune,14/64,1st Edition,PSA 8,2026-07-18,720.00,USD,eBay,unknown,FALSE,,,2001 POKEMON NEO REVELATION 1ST EDITION #14 SUICUNE-HOLO PSA 8 #14,https://www.ebay.es/itm/307050293605,PriceCharting
Neo Revelation,Suicune,14/64,1st Edition,PSA 8,2026-06-25,799.00,USD,eBay,unknown,FALSE,,,2001 POKEMON NEO REVELATION 1ST EDITION #14 SUICUNE-HOLO PSA 8 #14,https://www.ebay.es/itm/307023443320,PriceCharting
Neo Revelation,Suicune,14/64,1st Edition,PSA 8,2026-06-20,780.00,USD,eBay,unknown,FALSE,,,2001 POKEMON NEO REVELATION 1ST EDITION #14 SUICUNE-HOLO PSA 8 #14,https://www.ebay.es/itm/327211680980,PriceCharting
Neo Revelation,Suicune,14/64,1st Edition,PSA 8,2026-06-11,747.50,USD,eBay,unknown,FALSE,,,2001 POKEMON SUICUNE-HOLO 1ST EDITION NEO REVELATION #14 PSA 8 14/64,https://www.ebay.es/itm/800119674490,PriceCharting
Neo Revelation,Suicune,14/64,1st Edition,PSA 8,2026-06-10,766.00,USD,eBay,unknown,FALSE,,,2001 Pokemon Neo Revelation 1st Edition Suicune Holo #14/64 PSA 8,https://www.ebay.es/itm/127902739150,PriceCharting
Neo Revelation,Suicune,14/64,1st Edition,PSA 8,2026-05-27,830.00,USD,eBay,unknown,FALSE,,,2001 POKEMON NEO REVELATION 1ST EDITION #14 SUICUNE-HOLO PSA 8 #14,https://www.ebay.es/itm/117202219442,PriceCharting
Neo Revelation,Suicune,14/64,1st Edition,PSA 8,2026-05-26,720.00,USD,eBay,unknown,FALSE,,,2001 POKEMON NEO REVELATION 1ST EDITION #14 SUICUNE-HOLO PSA 8 #14,https://www.ebay.es/itm/298326777941,PriceCharting
Neo Revelation,Suicune,14/64,1st Edition,PSA 8,2026-05-17,1135.00,USD,eBay,unknown,FALSE,,,Pokemon Suicune Neo Revelation 1st Edition Holo Rare #14 PSA 8,https://www.ebay.es/itm/287320383605,PriceCharting
Neo Revelation,Suicune,14/64,1st Edition,PSA 8,2026-05-16,800.00,USD,eBay,best offer,TRUE,800.00,,Pokemon Suicune Neo Revelation 1st Edition Holo Rare #14 PSA 8,https://www.ebay.es/itm/267668111105,PriceCharting
Neo Revelation,Suicune,14/64,1st Edition,PSA 8,2026-05-13,810.00,USD,eBay,best offer,TRUE,810.00,,Pokémon Neo Revelation #14 Suicune Holo 1st Edition 2001 PSA 8 Near Mint 14/64,https://www.ebay.es/itm/397883535542,PriceCharting
Neo Revelation,Suicune,14/64,1st Edition,PSA 8,2026-04-26,364.00,USD,eBay,unknown,FALSE,,,Pokemon Suicune Neo Revelation 1st Edition Holo Rare #14 PSA 8,https://www.ebay.es/itm/287278207175,PriceCharting
Neo Revelation,Suicune,14/64,1st Edition,PSA 8,2026-04-12,763.00,USD,eBay,unknown,FALSE,,,Pokemon Suicune Neo Revelation 1st Edition Holo Rare #14 PSA 8,https://www.ebay.es/itm/287251411974,PriceCharting
Neo Revelation,Suicune,14/64,1st Edition,PSA 8,2026-04-12,600.00,USD,eBay,unknown,FALSE,,,Pokémon Neo Revelation #14 Suicune Holo 1st Edition 2001 PSA 8 Near Mint 14/64,https://www.ebay.es/itm/127781797475,PriceCharting
Neo Revelation,Suicune,14/64,Unlimited,PSA 10,2026-09-22,34999,USD,Fanatics Collect,best offer,TRUE,,49703632,,https://www.fanaticscollect.com/buy-now/6552e487-51f3-4f4d-92ac-46ca7fc4fb62,PSA APR
Neo Revelation,Suicune,14/64,Unlimited,PSA 10,2026-08-31,25200,USD,Fanatics Collect,auction,FALSE,,52990232,,https://www.fanaticscollect.com/weekly/e97723c6-947d-11f1-b38c-06fb0c6bdd01,PSA APR
Neo Revelation,Suicune,14/64,Unlimited,PSA 10,2026-08-28,27300,USD,Fanatics Collect,auction,FALSE,,66220458,,https://www.fanaticscollect.com/premier/bf42b6fc-9535-11f1-b3f1-06c7d8844e23,PSA APR
Neo Revelation,Suicune,14/64,Unlimited,PSA 10,2026-03-03,18100,USD,eBay,auction,FALSE,,52990232,,https://www.ebay.com/itm/358255062118,PSA APR
Neo Revelation,Suicune,14/64,Unlimited,PSA 10,2026-02-04,12600,USD,eBay,best offer,TRUE,,49703632,,https://www.ebay.com/itm/326973835016,PSA APR
Neo Revelation,Suicune,14/64,Unlimited,PSA 10,2025-07-21,6085,USD,eBay,auction,FALSE,,27564942,,https://www.ebay.com/itm/286700493898,PSA APR
Neo Revelation,Suicune,14/64,Unlimited,PSA 10,2025-06-17,5000,USD,eBay,best offer,TRUE,,27564942,,https://www.ebay.com/itm/306353645523,PSA APR
Neo Revelation,Suicune,14/64,Unlimited,PSA 10,2025-05-19,4350.00,USD,eBay,unknown,FALSE,,,Pokemon Suicune Neo Revelation Unlimited Holo Rare #14 PSA 10 Gem Mint,https://www.ebay.es/itm/286554105691,PriceCharting
Neo Revelation,Suicune,14/64,Unlimited,PSA 10,2024-05-28,2450.00,USD,eBay,unknown,FALSE,,,2001 Pokemon Neo Revelation #14 Suicune - Holo PSA 10 GEM MINT,https://www.ebay.es/itm/387020453687,PriceCharting
Neo Revelation,Suicune,14/64,Unlimited,PSA 10,2024-03-30,2500.00,USD,eBay,unknown,FALSE,,,Suicune Holo PSA 10 Pokémon Neo Revelation 2001 14/64 Pop 15 14/64,https://www.ebay.es/itm/156118269672,PriceCharting
Neo Revelation,Suicune,14/64,Unlimited,PSA 9,2026-09-26,861.06,USD,eBay,best offer,TRUE,862.15,,Suicune 14/64 Pokemon TCG Neo Revelation 2001 Holo WOTC Vintage PSA 9,https://www.ebay.es/itm/237012581878,PriceCharting
Neo Revelation,Suicune,14/64,Unlimited,PSA 9,2026-09-13,710.00,USD,eBay,unknown,FALSE,,,TCG 2001 Suicune #14 Holo Pokemon Neo Revelation - Graded MNT PSA 9 14/64,https://www.ebay.es/itm/227507675758,PriceCharting
Neo Revelation,Suicune,14/64,Unlimited,PSA 9,2026-09-02,965.29,USD,eBay,best offer,TRUE,943.14,,Pokemon Suicune Neo Revelation Holo Rare #14 PSA 9 Mint,https://www.ebay.es/itm/178386827471,PriceCharting
Neo Revelation,Suicune,14/64,Unlimited,PSA 9,2026-09-01,675.00,USD,eBay,best offer,TRUE,675.00,,Suicune Holo 14/64 Neo Revelation Pokemon PSA 9 14/64,https://www.ebay.es/itm/188763871169,PriceCharting
Neo Revelation,Suicune,14/64,Unlimited,PSA 9,2026-07-23,799.00,USD,eBay,unknown,FALSE,,,Pokemon Suicune Neo Revelation Holo Rare #14 PSA 9 Mint 14/64,https://www.ebay.es/itm/398158890522,PriceCharting
Neo Revelation,Suicune,14/64,Unlimited,PSA 9,2026-07-21,855.90,USD,eBay,best offer,TRUE,849.52,,Pokemon Suicune Neo Revelation Holo Rare #14 PSA 9 Mint,https://www.ebay.es/itm/178204421772,PriceCharting
Neo Revelation,Suicune,14/64,Unlimited,PSA 9,2026-07-19,960.00,USD,eBay,best offer,TRUE,960.00,,2001 POKEMON NEO REVELATION #14 SUICUNE-HOLO PSA 9 #14,https://www.ebay.es/itm/287468977617,PriceCharting
Neo Revelation,Suicune,14/64,Unlimited,PSA 9,2026-07-06,825.00,USD,eBay,best offer,TRUE,825.00,,Pokemon Suicune Neo Revelation Holo Rare #14 PSA 9 Mint 14/64,https://www.ebay.es/itm/336609667065,PriceCharting
Neo Revelation,Suicune,14/64,Unlimited,PSA 9,2026-06-09,400.00,USD,eBay,best offer,TRUE,400.00,,PSA 9 Pokemon 2001 Neo Revelation Suicune 14/64 Holo Rare Unlimited EN 14/64,https://www.ebay.es/itm/398038949538,PriceCharting
Neo Revelation,Suicune,14/64,Unlimited,PSA 9,2026-06-03,1000.00,USD,eBay,best offer,TRUE,1000.00,,2001 POKEMON NEO REVELATION #14 SUICUNE-HOLO PSA 9 #14,https://www.ebay.es/itm/117174784455,PriceCharting
Neo Revelation,Suicune,14/64,Unlimited,PSA 9,2026-05-26,500.00,USD,eBay,best offer,TRUE,500.00,,"Pokemon TCG: Suicune Neo Revelation Unlimited Holo Rare #14/64, PSA 9 MINT. 14/64",https://www.ebay.es/itm/358589649379,PriceCharting
Neo Revelation,Suicune,14/64,Unlimited,PSA 9,2026-05-10,461.00,USD,eBay,unknown,FALSE,,,Pokemon Suicune Neo Revelation Unlimited Holo Rare #14 PSA 9 Mint,https://www.ebay.es/itm/287304464508,PriceCharting
Neo Revelation,Suicune,14/64,Unlimited,PSA 9,2026-04-20,535.00,USD,eBay,unknown,FALSE,,,Pokemon Suicune Neo Revelation Unlimited Holo Rare #14 PSA 9 Mint,https://www.ebay.es/itm/287264961094,PriceCharting
Neo Revelation,Suicune,14/64,Unlimited,PSA 9,2026-04-13,505.00,USD,eBay,unknown,FALSE,,,Pokemon Suicune Neo Revelation Unlimited Holo Rare #14 PSA 9 Mint,https://www.ebay.es/itm/287251627784,PriceCharting
Neo Revelation,Suicune,14/64,Unlimited,PSA 9,2026-04-02,295.00,USD,eBay,unknown,FALSE,,,Pokemon Suicune Neo Revelation Unlimited Holo Rare #14 PSA 9 Mint,https://www.ebay.es/itm/287248916263,PriceCharting
Neo Revelation,Suicune,14/64,Unlimited,PSA 9,2026-03-18,520.00,USD,eBay,best offer,TRUE,520.00,,PSA 9 Suicune Holo Neo Revelation #14 - 2001 MINT Pokémon Card,https://www.ebay.es/itm/188174676581,PriceCharting
Neo Revelation,Suicune,14/64,Unlimited,PSA 9,2026-03-12,599.99,USD,eBay,unknown,FALSE,,,Pokemon Suicune #14 Neo Revelation - Holo PSA 9 Mint,https://www.ebay.es/itm/206006709114,PriceCharting
Neo Revelation,Suicune,14/64,Unlimited,PSA 9,2026-03-10,496.13,USD,eBay,unknown,FALSE,,,2001 Pokemon Suicune (14/64) Holo Neo Revelation PSA 9,https://www.ebay.es/itm/267551586316,PriceCharting
Neo Revelation,Suicune,14/64,Unlimited,PSA 9,2026-03-08,348.93,USD,eBay,unknown,FALSE,,,PSA 9 Suicune Holo 14/64 READ DESCRIPTION! Neo Revelation 2001 Pokemon Card 14/64,https://www.ebay.es/itm/366248629141,PriceCharting
Neo Revelation,Suicune,14/64,Unlimited,PSA 9,2026-03-03,465.00,USD,eBay,unknown,FALSE,,,2001 Pokemon Neo Revelation Suicune Holo #14 PSA 9 MINT 14/64,https://www.ebay.es/itm/358251724904,PriceCharting
Neo Revelation,Suicune,14/64,Unlimited,PSA 9,2026-02-28,400.00,USD,eBay,unknown,FALSE,,,Pokémon Suicune 14/64 Neo Revelation Holo Rare PSA 9 14/64,https://www.ebay.es/itm/358269805188,PriceCharting
Neo Revelation,Suicune,14/64,Unlimited,PSA 8,2026-09-29,355.00,USD,eBay,unknown,FALSE,,,2001 Pokemon Neo Revelation #14 Suicune-Holo PSA 8 NM-MT,https://www.ebay.es/itm/366677055267,PriceCharting
Neo Revelation,Suicune,14/64,Unlimited,PSA 8,2026-09-14,450.00,USD,eBay,unknown,FALSE,,,2001 POKEMON NEO REVELATION #14 SUICUNE-HOLO PSA 8 #14,https://www.ebay.es/itm/298664851544,PriceCharting
Neo Revelation,Suicune,14/64,Unlimited,PSA 8,2026-09-04,450.00,USD,eBay,unknown,FALSE,,,2001 POKEMON NEO REVELATION #14 SUICUNE-HOLO PSA 8 #14,https://www.ebay.es/itm/298565142560,PriceCharting
Neo Revelation,Suicune,14/64,Unlimited,PSA 8,2026-08-29,435.00,USD,eBay,unknown,FALSE,,,2001 POKEMON NEO REVELATION #14 SUICUNE-HOLO PSA 8 #14,https://www.ebay.es/itm/117369219150,PriceCharting
Neo Revelation,Suicune,14/64,Unlimited,PSA 8,2026-08-19,347.00,USD,eBay,unknown,FALSE,,,2001 POKEMON NEO REVELATION #14 SUICUNE-HOLO PSA 8 #14,https://www.ebay.es/itm/366601742934,PriceCharting
Neo Revelation,Suicune,14/64,Unlimited,PSA 8,2026-08-19,405.00,USD,eBay,unknown,FALSE,,,2001 Pokémon NEO REVELATION #14 SUICUNE-HOLO PSA 8 #14,https://www.ebay.es/itm/237001725107,PriceCharting
Neo Revelation,Suicune,14/64,Unlimited,PSA 8,2026-08-15,425.00,USD,eBay,unknown,FALSE,,,Pokemon Suicune Neo Revelation Unlimited Holo Rare #14 PSA 8,https://www.ebay.es/itm/800389504158,PriceCharting
Neo Revelation,Suicune,14/64,Unlimited,PSA 8,2026-08-12,405.00,USD,eBay,unknown,FALSE,,,2001 Pokémon NEO REVELATION #14 SUICUNE-HOLO PSA 8 #14,https://www.ebay.es/itm/236986999596,PriceCharting
Neo Revelation,Suicune,14/64,Unlimited,PSA 8,2026-07-28,420.69,USD,eBay,unknown,FALSE,,,2001 POKEMON NEO REVELATION #14 SUICUNE-HOLO PSA 8 #14,https://www.ebay.es/itm/298533394771,PriceCharting
Neo Revelation,Suicune,14/64,Unlimited,PSA 8,2026-07-23,419.00,USD,eBay,unknown,FALSE,,,Pokemon 2001 Suicune 14/64 Holo Neo Revelation PSA 8 14/64,https://www.ebay.es/itm/407060764900,PriceCharting
Neo Revelation,Suicune,14/64,Unlimited,PSA 8,2026-07-19,276.82,USD,eBay,unknown,FALSE,,,SUICUNE POKEMON 14/64 2001 NEO REVELATION HOLO ENGLISH PSA 8,https://www.ebay.es/itm/137500955634,PriceCharting
Neo Revelation,Suicune,14/64,Unlimited,PSA 8,2026-07-07,450.00,USD,eBay,unknown,FALSE,,,2001 POKEMON NEO REVELATION #14 SUICUNE-HOLO PSA 8 #14,https://www.ebay.es/itm/117285619465,PriceCharting
Neo Revelation,Suicune,14/64,Unlimited,PSA 8,2026-07-05,365.41,USD,eBay,unknown,FALSE,,,SUICUNE POKEMON 14/64 2001 NEO REVELATION HOLO ENGLISH PSA 8,https://www.ebay.es/itm/137454763290,PriceCharting
Neo Revelation,Suicune,14/64,Unlimited,PSA 8,2026-07-01,420.00,USD,eBay,unknown,FALSE,,,Pokemon Suicune Neo Revelation Unlimited Holo Rare #14 PSA 8,https://www.ebay.es/itm/287345045094,PriceCharting
Neo Revelation,Suicune,14/64,Unlimited,PSA 8,2026-06-21,482.93,USD,eBay,unknown,FALSE,,,SUICUNE POKEMON 14/64 2001 NEO REVELATION HOLO ENGLISH PSA 8,https://www.ebay.es/itm/137402775849,PriceCharting
Neo Revelation,Suicune,14/64,Unlimited,PSA 8,2026-05-31,380.00,USD,eBay,best offer,TRUE,380.00,,Suicune Holo 14 PSA 8 Pokemon Neo Revelation Holo 14/64,https://www.ebay.es/itm/198371475977,PriceCharting
Neo Revelation,Suicune,14/64,Unlimited,PSA 8,2026-05-22,366.00,USD,eBay,unknown,FALSE,,,2001 Pokemon Neo Revelation #14 Suicune Holo PSA 8 NM-MT,https://www.ebay.es/itm/377184858819,PriceCharting
Neo Revelation,Suicune,14/64,Unlimited,PSA 8,2026-05-22,307.00,USD,eBay,unknown,FALSE,,,2001 POKEMON NEO REVELATION #14 SUICUNE-HOLO PSA 8 #14,https://www.ebay.es/itm/117192589510,PriceCharting
Neo Revelation,Suicune,14/64,Unlimited,PSA 8,2026-05-12,401.25,USD,eBay,unknown,FALSE,,,Suicune Holo 14 PSA 8 Pokemon Neo Revelation Holo 14/64,https://www.ebay.es/itm/397835586830,PriceCharting
Neo Revelation,Suicune,14/64,Unlimited,PSA 8,2026-05-04,299.99,USD,eBay,unknown,FALSE,,,2001 Pokemon Neo Revelation Suicune Holo #14/64 PSA 8 14/64,https://www.ebay.es/itm/117157461333,PriceCharting
Neo Revelation,Suicune,14/64,Unlimited,PSA 8,2026-04-29,326.00,USD,eBay,unknown,FALSE,,,2001 POKEMON NEO REVELATION #14 SUICUNE-HOLO PSA 8 #14,https://www.ebay.es/itm/117154038508,PriceCharting
Neo Revelation,Shining Gyarados,65/64,1st Edition,PSA 10,2026-09-14,89000.00,USD,eBay,best offer,TRUE,89000.00,,2001 POKEMON NEO REVELATION 1ST EDITION #65 SHINING GYARADOS-HOLO PSA 10 #65,https://www.ebay.es/itm/298660124509,PriceCharting
Neo Revelation,Shining Gyarados,65/64,1st Edition,PSA 10,2026-09-07,74160.00,USD,eBay,unknown,FALSE,,,Pokemon Shining Gyarados Holo Neo Revelation 65/64 1st Edition PSA 10 Gem Mint 65/64,https://www.ebay.es/itm/287552955502,PriceCharting
Neo Revelation,Shining Gyarados,65/64,1st Edition,PSA 10,2026-08-27,85000.00,USD,eBay,unknown,FALSE,,,2001 Pokemon Neo Revelation Shining Gyarados #65 1st Edition Holo PSA 10 GEM MT,https://www.ebay.es/itm/188424455535,PriceCharting
Neo Revelation,Shining Gyarados,65/64,1st Edition,PSA 10,2026-08-24,78000,USD,Fanatics Collect,auction,FALSE,,53901122,,https://www.fanaticscollect.com/weekly/b583b6de-92e7-11f1-903c-06c1f17d0b55,PSA APR
Neo Revelation,Shining Gyarados,65/64,1st Edition,PSA 10,2026-08-10,73200,USD,Goldin Auctions,auction,FALSE,,27987627,,https://goldin.co/item/2001-pokemon-neo-revelation-1st-edition-holo-65-shining-gyarados-psa-g966n8,PSA APR
Neo Revelation,Shining Gyarados,65/64,1st Edition,PSA 10,2026-08-08,95000,USD,eBay,best offer,TRUE,,46249441,,https://www.ebay.com/itm/287464286036,PSA APR
Neo Revelation,Shining Gyarados,65/64,1st Edition,PSA 10,2026-07-27,90000,USD,Fanatics Collect,auction,FALSE,,17736016,,https://www.fanaticscollect.com/weekly/86650a00-7fba-11f1-94ee-0a58a9feac02,PSA APR
Neo Revelation,Shining Gyarados,65/64,1st Edition,PSA 10,2026-07-15,48000.00,USD,eBay,unknown,FALSE,,,Pokemon Shining Gyarados 65/64 Neo Revelation 1st Ed Holo Secret PSA 10 65/64,https://www.ebay.es/itm/236939129535,PriceCharting
Neo Revelation,Shining Gyarados,65/64,1st Edition,PSA 10,2026-05-15,85000.00,USD,eBay,unknown,FALSE,,,PSA 10 Shining Gyarados Holo 65 1st Edition Neo Revelation Gem Mint Pokemon Card 65/64,https://www.ebay.es/itm/366343201801,PriceCharting
Neo Revelation,Shining Gyarados,65/64,1st Edition,PSA 10,2026-04-28,50000,USD,eBay,best offer,TRUE,,23092529,,https://www.ebay.com/itm/117165096233,PSA APR
Neo Revelation,Shining Gyarados,65/64,1st Edition,PSA 10,2026-04-13,46000,USD,eBay,best offer,TRUE,,27949619,,https://www.ebay.com/itm/336532602366,PSA APR
Neo Revelation,Shining Gyarados,65/64,1st Edition,PSA 10,2026-04-13,69540,USD,Goldin Auctions,auction,FALSE,,46160064,,https://goldin.co/item/2001-pokemon-neo-revelation-1st-edition-holo-65-shining-gyarados-psa-gs9k22,PSA APR
Neo Revelation,Shining Gyarados,65/64,1st Edition,PSA 10,2026-03-11,50000,USD,eBay,BIN,FALSE,,94913508,,https://www.ebay.com/itm/127732994733,PSA APR
Neo Revelation,Shining Gyarados,65/64,1st Edition,PSA 10,2026-02-06,30000.00,USD,eBay,best offer,TRUE,30000.00,,2001 POKEMON NEO REVELATION 1ST ED #65 SHINING GYARADOS-HOLO PSA 10 #65,https://www.ebay.es/itm/306733001864,PriceCharting
Neo Revelation,Shining Gyarados,65/64,1st Edition,PSA 10,2025-12-18,25300.00,USD,eBay,best offer,TRUE,25300.00,,2001 Pokemon Neo Revelation 1st Edition Shining Gyarados #65 PSA 10 Grail Swirl 65/64,https://www.ebay.es/itm/146775725020,PriceCharting
Neo Revelation,Shining Gyarados,65/64,1st Edition,PSA 10,2025-12-12,24225.00,USD,eBay,best offer,TRUE,,,2001 POKEMON NEO REVELATION 1ST EDITION #65 SHINING GYARADOS HOLO PSA 10 #65,https://www.ebay.es/itm/116844798090,PriceCharting
Neo Revelation,Shining Gyarados,65/64,1st Edition,PSA 10,2025-12-08,21600,USD,Fanatics Collect,auction,FALSE,,43044387,,https://www.fanaticscollect.com/weekly/3734309a-cefe-11f0-86fe-0656adc17e67,PSA APR
Neo Revelation,Shining Gyarados,65/64,1st Edition,PSA 10,2025-10-10,19800.00,USD,eBay,best offer,TRUE,19800.00,,Pokemon Shining Gyarados Neo Revelation 1st Edition Rare Holo #65 PSA 10 Gem #65,https://www.ebay.es/itm/226707193139,PriceCharting
Neo Revelation,Shining Gyarados,65/64,1st Edition,PSA 10,2025-09-08,18000,USD,Fanatics Collect,auction,FALSE,,46160064,,https://www.fanaticscollect.com/weekly/3236b9d0-7f1e-11f0-b26d-0a58a9feac02,PSA APR
Neo Revelation,Shining Gyarados,65/64,1st Edition,PSA 10,2025-08-29,20000.00,USD,eBay,unknown,FALSE,,,PSA 10 Shining Gyarados Holo 1st Edition 2001 Pokémon Neo Revelation 65/64 65/64,https://www.ebay.es/itm/267383947954,PriceCharting
Neo Revelation,Shining Gyarados,65/64,1st Edition,PSA 10,2025-08-09,15101.00,USD,eBay,unknown,FALSE,,,PSA 10 Shining Gyarados Holo 1st Edition 2001 Pokémon Neo Revelation 65/64 65/64,https://www.ebay.es/itm/326714911164,PriceCharting
Neo Revelation,Shining Gyarados,65/64,1st Edition,PSA 10,2025-07-06,16100.00,USD,eBay,unknown,FALSE,,,2001 Pokemon 1st Edition Shining Gyarados Secret Rare Holo #65/64 PSA 10,https://www.ebay.es/itm/376375204880,PriceCharting
Neo Revelation,Shining Gyarados,65/64,1st Edition,PSA 10,2025-05-19,17999.95,USD,eBay,unknown,FALSE,,,Pokemon Shining Gyarados Neo Revelation 1st Edition Rare Holo #65 PSA 10 Gem #65,https://www.ebay.es/itm/297129243263,PriceCharting
Neo Revelation,Shining Gyarados,65/64,1st Edition,PSA 10,2025-03-17,13800,USD,Fanatics Collect,auction,FALSE,,27819430,,https://www.fanaticscollect.com/weekly/426f0820-f972-11ef-a9fd-0a58a9feac02,PSA APR
Neo Revelation,Shining Gyarados,65/64,1st Edition,PSA 10,2025-03-16,14650.00,USD,eBay,unknown,FALSE,,,Pokemon Shining Gyarados Neo Revelation 1st Edition Secret Rare Holo #65 PSA 10,https://www.ebay.es/itm/286390936762,PriceCharting
Neo Revelation,Shining Gyarados,65/64,1st Edition,PSA 10,2025-01-03,11000.00,USD,eBay,unknown,FALSE,,,PSA 10 Shining Gyarados 2001 Neo Relevation Holo 1st Edition Pokemon 65/64,https://www.ebay.es/itm/266920954562,PriceCharting
Neo Revelation,Shining Gyarados,65/64,1st Edition,PSA 10,2024-12-22,10500.00,USD,eBay,unknown,FALSE,,,Pokemon Shining Gyarados Neo Revelation 1st Edition Secret Rare Holo #65 PSA 10,https://www.ebay.es/itm/286225005573,PriceCharting
Neo Revelation,Shining Gyarados,65/64,1st Edition,PSA 10,2024-10-28,10501.00,USD,eBay,unknown,FALSE,,,Pokemon Shining Gyarados Neo Revelation 1st Edition Secret Rare Holo #65 PSA 10,https://www.ebay.es/itm/286114696458,PriceCharting
Neo Revelation,Shining Gyarados,65/64,1st Edition,PSA 10,2024-10-20,7548.59,USD,eBay,unknown,FALSE,,,2001 Pokemon Neo Revelation #65 Shining Gyarados Holo 1st Edition PSA 10,https://www.ebay.es/itm/365168987838,PriceCharting
Neo Revelation,Shining Gyarados,65/64,1st Edition,PSA 10,2024-05-15,6300.00,USD,eBay,unknown,FALSE,,,PSA 10 Neo Revelation Shining Gyarados Holo 1st Edition Pokemon,https://www.ebay.es/itm/375418700735,PriceCharting
Neo Revelation,Shining Gyarados,65/64,1st Edition,PSA 10,2024-05-03,7300.00,USD,eBay,unknown,FALSE,,,PSA 10 Neo Revelation Shining Gyarados Holo 1st Edition Pokemon,https://www.ebay.es/itm/375391786794,PriceCharting
Neo Revelation,Shining Gyarados,65/64,1st Edition,PSA 10,2024-03-21,7600.00,USD,eBay,unknown,FALSE,,,PSA 10 Shining Gyarados 2001 Neo Relevation Holo 1st Edition Pokemon 65/64,https://www.ebay.es/itm/126340061053,PriceCharting
Neo Revelation,Shining Gyarados,65/64,1st Edition,PSA 10,2023-11-01,5049.00,USD,eBay,unknown,FALSE,,,PSA 10 Shining Gyarados 2001 Neo Relevation Holo 1st Edition Pokemon,https://www.ebay.es/itm/126157792133,PriceCharting
Neo Revelation,Shining Gyarados,65/64,1st Edition,PSA 9,2026-09-28,13999.00,USD,eBay,unknown,FALSE,,,PSA 9 MINT Shining Gyarados 65/64 1st Edition Neo Revelation Holo Pokemon Card 65/64,https://www.ebay.es/itm/168370544982,PriceCharting
Neo Revelation,Shining Gyarados,65/64,1st Edition,PSA 9,2026-09-07,8000.00,USD,eBay,unknown,FALSE,,,Pokemon Shining Gyarados Holo Neo Revelation 65/64 1st Edition PSA 9 Mint 65/64,https://www.ebay.es/itm/287552956315,PriceCharting
Neo Revelation,Shining Gyarados,65/64,1st Edition,PSA 9,2026-09-05,8500.00,USD,eBay,unknown,FALSE,,,2001 POKEMON NEO REVELATION 1ST EDITION #65 SHINING GYARADOS-HOLO PSA 9 #65,https://www.ebay.es/itm/117381967724,PriceCharting
Neo Revelation,Shining Gyarados,65/64,1st Edition,PSA 9,2026-09-02,9000.00,USD,eBay,unknown,FALSE,,,Pokemon PSA 9 1st Edition Shining Gyarados 65/64 Neo Revelation Holo Card Mint 65/64,https://www.ebay.es/itm/168614170281,PriceCharting
Neo Revelation,Shining Gyarados,65/64,1st Edition,PSA 9,2026-08-29,8499.97,USD,eBay,unknown,FALSE,,,2001 Pokemon Neo Revelation 1st Edition #65 Shining Gyarados Holo PSA 9 MINT,https://www.ebay.es/itm/800390308499,PriceCharting
Neo Revelation,Shining Gyarados,65/64,1st Edition,PSA 9,2026-08-29,8225.00,USD,eBay,unknown,FALSE,,,Pokémon Shining Gyarados Holo Card Neo Revelation 1st Edition 65/64 PSA 9 65/64,https://www.ebay.es/itm/377430669989,PriceCharting
Neo Revelation,Shining Gyarados,65/64,1st Edition,PSA 9,2026-07-29,8500.00,USD,eBay,best offer,TRUE,,,2001 POKEMON NEO REVELATION 1ST EDITION #65 SHINING GYARADOS-HOLO PSA 9 #65,https://www.ebay.es/itm/117284686541,PriceCharting
Neo Revelation,Shining Gyarados,65/64,1st Edition,PSA 9,2026-07-21,7900.00,USD,eBay,unknown,FALSE,,,2001 Pokemon Neo Revelation #65 Shining Gyarados Holo 1st Edition PSA 9 MINT,https://www.ebay.es/itm/366535011647,PriceCharting
Neo Revelation,Shining Gyarados,65/64,1st Edition,PSA 9,2026-06-23,8400.00,USD,eBay,best offer,TRUE,8400.00,,2001 POKEMON NEO REVELATION 1ST EDITION #65 SHINING GYARADOS-HOLO PSA 9 #65,https://www.ebay.es/itm/117205803587,PriceCharting
Neo Revelation,Shining Gyarados,65/64,1st Edition,PSA 9,2026-06-23,7150.00,USD,eBay,unknown,FALSE,,,2001 POKEMON NEO REVELATION 1ST EDITION #65 SHINING GYARADOS-HOLO PSA 9 #65,https://www.ebay.es/itm/117246981565,PriceCharting
Neo Revelation,Shining Gyarados,65/64,1st Edition,PSA 9,2026-06-22,7100.00,USD,eBay,unknown,FALSE,,,2001 POKEMON NEO REVELATION 1ST EDITION #65 SHINING GYARADOS-HOLO PSA 9 #65,https://www.ebay.es/itm/117240310019,PriceCharting
Neo Revelation,Shining Gyarados,65/64,1st Edition,PSA 9,2026-06-15,8499.99,USD,eBay,unknown,FALSE,,,2001 POKEMON NEO REVELATION 1ST EDITION #65 SHINING GYARADOS-HOLO PSA 9 #65,https://www.ebay.es/itm/298418301767,PriceCharting
Neo Revelation,Shining Gyarados,65/64,1st Edition,PSA 9,2026-06-15,4494.00,USD,eBay,unknown,FALSE,,,Pokemon Shining Gyarados Neo Revelation 1st Edition Holo #65 SUNFADED PSA 9,https://www.ebay.es/itm/287375955021,PriceCharting
Neo Revelation,Shining Gyarados,65/64,1st Edition,PSA 9,2026-06-14,8100.00,USD,eBay,unknown,FALSE,,,Pokemon Shining Gyarados Neo Revelation 1st Edition Holo Secret Rare #65 PSA 9,https://www.ebay.es/itm/287372420388,PriceCharting
Neo Revelation,Shining Gyarados,65/64,1st Edition,PSA 9,2026-06-08,8500.00,USD,eBay,best offer,TRUE,8500.00,,2001 Pokemon Neo Revelation Shining Gyarados Holo #65/64 PSA 9,https://www.ebay.es/itm/168410933887,PriceCharting
Neo Revelation,Shining Gyarados,65/64,1st Edition,PSA 9,2026-05-25,8000.00,USD,eBay,unknown,FALSE,,,Pokemon Shining Gyarados Neo Revelation 1st Edition Holo Secret Rare #65 PSA 9 #65,https://www.ebay.es/itm/287330062350,PriceCharting
Neo Revelation,Shining Gyarados,65/64,1st Edition,PSA 9,2026-05-14,8500.00,USD,eBay,unknown,FALSE,,,Pokemon Shining Gyarados Neo Revelation 1st Edition Holo Secret Rare #65 PSA 9,https://www.ebay.es/itm/287301763035,PriceCharting
Neo Revelation,Shining Gyarados,65/64,1st Edition,PSA 9,2026-05-13,8300.00,USD,eBay,unknown,FALSE,,,2001 POKEMON NEO REVELATION 1ST EDITION #65 SHINING GYARADOS-HOLO PSA 9 #65,https://www.ebay.es/itm/306933497777,PriceCharting
Neo Revelation,Shining Gyarados,65/64,1st Edition,PSA 9,2026-05-10,8754.00,USD,eBay,unknown,FALSE,,,Pokemon Shining Gyarados Neo Revelation 1st Edition Holo Secret Rare #65 PSA 9,https://www.ebay.es/itm/287304471050,PriceCharting
Neo Revelation,Shining Gyarados,65/64,1st Edition,PSA 9,2026-03-17,6111.11,USD,eBay,unknown,FALSE,,,PSA 9 SHINING GYARADOS #65 holo - Neo Revelation 2001 Pokemon Card! 1st Edition 65/64,https://www.ebay.es/itm/327030646700,PriceCharting
Neo Revelation,Shining Gyarados,65/64,1st Edition,PSA 9,2026-03-15,6125.86,USD,eBay,unknown,FALSE,,,SHINING GYARADOS HOLO 1ST EDITION POKEMON NEO REVELATION 2001 65 PSA 9,https://www.ebay.es/itm/137086925421,PriceCharting
Neo Revelation,Shining Gyarados,65/64,1st Edition,PSA 9,2026-03-13,6100.00,USD,eBay,unknown,FALSE,,,2001 Pokemon Neo Revelation 1st Edition #65 Shining Gyarados - Holo PSA 9 MINT,https://www.ebay.es/itm/389704476460,PriceCharting
Neo Revelation,Shining Gyarados,65/64,1st Edition,PSA 9,2026-03-13,6499.99,USD,eBay,unknown,FALSE,,,2001 POKEMON NEO REVELATION 1ST ED #65 SHINING GYARADOS-HOLO PSA 9 #65,https://www.ebay.es/itm/287178479201,PriceCharting
Neo Revelation,Shining Gyarados,65/64,1st Edition,PSA 8,2026-09-29,6000.00,USD,eBay,unknown,FALSE,,,2001 Pokemon Neo Revelation 1st Edition Shining Gyarados Holo #65/64 PSA 8 65/64,https://www.ebay.es/itm/287611214228,PriceCharting
Neo Revelation,Shining Gyarados,65/64,1st Edition,PSA 8,2026-09-23,5101.00,USD,eBay,unknown,FALSE,,,2001 Pokemon Neo Revelation 1st Edition Shining Gyarados Holo #65/64 PSA 8,https://www.ebay.es/itm/128084892383,PriceCharting
Neo Revelation,Shining Gyarados,65/64,1st Edition,PSA 8,2026-09-07,4999.00,USD,eBay,unknown,FALSE,,,Nintendo Pokemon TCG Shining Gyarados Holo 1st Ed Neo Revelation 65/64 PSA 8 65/64,https://www.ebay.es/itm/407129928520,PriceCharting
Neo Revelation,Shining Gyarados,65/64,1st Edition,PSA 8,2026-09-03,3850.00,USD,eBay,best offer,TRUE,3850.00,,2001 POKEMON NEO REVELATION 1ST EDITION #65 SHINING GYARADOS-HOLO PSA 8 #65,https://www.ebay.es/itm/298630151217,PriceCharting
Neo Revelation,Shining Gyarados,65/64,1st Edition,PSA 8,2026-09-01,3600.05,USD,eBay,unknown,FALSE,,,2001 Pokemon Neo Revelation #65 Shining Gyarados - Holo 1st Edition PSA 8 NM-MT,https://www.ebay.es/itm/800546714728,PriceCharting
Neo Revelation,Shining Gyarados,65/64,1st Edition,PSA 8,2026-08-20,3600.00,USD,eBay,unknown,FALSE,,,2001 Pokemon Neo Revelation 1st Edition Shining Gyarados Holo #65/64 PSA 8,https://www.ebay.es/itm/377418949049,PriceCharting
Neo Revelation,Shining Gyarados,65/64,1st Edition,PSA 8,2026-08-16,3799.00,USD,eBay,unknown,FALSE,,,2001 POKEMON NEO REVELATION 1ST EDITION #65 SHINING GYARADOS-HOLO PSA 8 #65,https://www.ebay.es/itm/117309002561,PriceCharting
Neo Revelation,Shining Gyarados,65/64,1st Edition,PSA 8,2026-08-08,3500.00,USD,eBay,best offer,TRUE,3500.00,,2001 POKEMON NEO REVELATION 1ST EDITION #65/64 SHINING GYARADOS HOLO PSA 8 65/64,https://www.ebay.es/itm/800470187938,PriceCharting
Neo Revelation,Shining Gyarados,65/64,1st Edition,PSA 8,2026-08-03,3600.00,USD,eBay,best offer,TRUE,3600.00,,2001 POKEMON NEO REVELATION 1ST EDITION #65 SHINING GYARADOS-HOLO PSA 8 #65,https://www.ebay.es/itm/298539441336,PriceCharting
Neo Revelation,Shining Gyarados,65/64,1st Edition,PSA 8,2026-08-03,3255.00,USD,eBay,unknown,FALSE,,,2001 POKEMON NEO REVELATION 1ST EDITION #65 SHINING GYARADOS-HOLO PSA 8 #65,https://www.ebay.es/itm/307084667005,PriceCharting
Neo Revelation,Shining Gyarados,65/64,1st Edition,PSA 8,2026-08-02,3513.00,USD,eBay,unknown,FALSE,,,2001 POKEMON NEO REVELATION 1ST EDITION #65 SHINING GYARADOS-HOLO PSA 8 #65,https://www.ebay.es/itm/298530452945,PriceCharting
Neo Revelation,Shining Gyarados,65/64,1st Edition,PSA 8,2026-07-19,3750.00,USD,eBay,unknown,FALSE,,,PSA 8 Shining Gyarados Holo 65/64 Neo Revelation 1st Edition Pokemon Card 65/64,https://www.ebay.es/itm/327267220847,PriceCharting
Neo Revelation,Shining Gyarados,65/64,1st Edition,PSA 8,2026-07-15,3500.00,USD,eBay,best offer,TRUE,3500.00,,The Pokémon Company Shining Gyarados 2001 Neo Revelation 1st Ed Holo PSA 8 65/64,https://www.ebay.es/itm/127969663929,PriceCharting
Neo Revelation,Shining Gyarados,65/64,1st Edition,PSA 8,2026-07-03,3500.00,USD,eBay,best offer,TRUE,3500.00,,2001 POKEMON NEO REVELATION 1ST EDITION #65/64 SHINING GYARADOS HOLO PSA 8 65/64,https://www.ebay.es/itm/336661828270,PriceCharting
Neo Revelation,Shining Gyarados,65/64,1st Edition,PSA 8,2026-06-25,3904.88,USD,eBay,unknown,FALSE,,,Shining Gyarados Holo 65/64 PSA 8 1st Edition Neo Revelation Pokemon 65/64,https://www.ebay.es/itm/168479435632,PriceCharting
Neo Revelation,Shining Gyarados,65/64,1st Edition,PSA 8,2026-06-21,3599.00,USD,eBay,unknown,FALSE,,,2001 POKEMON NEO REVELATION 1ST EDITION #65 SHINING GYARADOS-HOLO PSA 8 #65,https://www.ebay.es/itm/298400359835,PriceCharting
Neo Revelation,Shining Gyarados,65/64,1st Edition,PSA 8,2026-05-27,3275.00,USD,eBay,unknown,FALSE,,,2001 Pokemon Neo Revelation 1st Edition Shining Gyarados Holo #65/64 PSA 8,https://www.ebay.es/itm/377201164973,PriceCharting
Neo Revelation,Shining Gyarados,65/64,1st Edition,PSA 8,2026-05-24,3300.00,USD,eBay,unknown,FALSE,,,Pokemon Shining Gyarados Neo Revelation 1st Edition Holo Secret Rare #65 PSA 8,https://www.ebay.es/itm/287331642848,PriceCharting
Neo Revelation,Shining Gyarados,65/64,Unlimited,PSA 10,2026-09-21,36000,USD,Fanatics Collect,auction,FALSE,,42326897,,https://www.fanaticscollect.com/weekly/4b8321cc-ae24-11f1-842c-0a58a9feac02,PSA APR
Neo Revelation,Shining Gyarados,65/64,Unlimited,PSA 10,2026-07-27,26400,USD,Fanatics Collect,auction,FALSE,,27233720,,https://www.fanaticscollect.com/weekly/d863d47e-822d-11f1-8b48-02ba9858bad3,PSA APR
Neo Revelation,Shining Gyarados,65/64,Unlimited,PSA 10,2026-06-29,28178.90,USD,eBay,unknown,FALSE,,,PSA 10 Shining Gyarados - 65/64 - Neo Revelation - Pokemon - Read Description,https://www.ebay.es/itm/287385221451,PriceCharting
Neo Revelation,Shining Gyarados,65/64,Unlimited,PSA 10,2026-03-08,21608.00,USD,eBay,unknown,FALSE,,,Pokemon Shining Gyarados Neo Revelation Unlimited Holo Secret Rare #65 PSA 10,https://www.ebay.es/itm/287168687005,PriceCharting
Neo Revelation,Shining Gyarados,65/64,Unlimited,PSA 10,2025-12-15,8400,USD,Fanatics Collect,auction,FALSE,,41519427,,https://www.fanaticscollect.com/weekly/92a10528-d153-11f0-956d-0a58a9feac02,PSA APR
Neo Revelation,Shining Gyarados,65/64,Unlimited,PSA 10,2025-09-10,8200.00,USD,eBay,unknown,FALSE,,,2001 Pokemon Neo Revelation #65 Shining Gyarados Holo PSA 10 GEM MINT,https://www.ebay.es/itm/376523628076,PriceCharting
Neo Revelation,Shining Gyarados,65/64,Unlimited,PSA 10,2025-08-04,8200.00,USD,eBay,unknown,FALSE,,,Pokemon Shining Gyarados Neo Revelation Unlimited Secret Rare Holo #65 PSA 10,https://www.ebay.es/itm/286726471092,PriceCharting
Neo Revelation,Shining Gyarados,65/64,Unlimited,PSA 10,2025-07-28,9200.00,USD,eBay,unknown,FALSE,,,Pokemon Shining Gyarados Neo Revelation Unlimited Secret Rare Holo #65 PSA 10,https://www.ebay.es/itm/286715657677,PriceCharting
Neo Revelation,Shining Gyarados,65/64,Unlimited,PSA 10,2025-07-18,11000.00,USD,eBay,unknown,FALSE,,,Pokemon Shining Gyarados Neo Revelation Unlimited Secret Rare Holo #65 PSA 10 #65,https://www.ebay.es/itm/376411571212,PriceCharting
Neo Revelation,Shining Gyarados,65/64,Unlimited,PSA 10,2025-06-15,9900,USD,eBay,BIN,FALSE,,41519427,,https://www.ebay.com/itm/286556351216,PSA APR
Neo Revelation,Shining Gyarados,65/64,Unlimited,PSA 10,2025-05-26,5160,USD,Fanatics Collect,auction,FALSE,,42363749,,https://www.fanaticscollect.com/weekly/3e69e846-303e-11f0-bb7a-0a58a9feac02,PSA APR
Neo Revelation,Shining Gyarados,65/64,Unlimited,PSA 10,2025-03-30,6000.00,USD,eBay,unknown,FALSE,,,PSA 10 Shining Gyarados Holo Pokémon Neo Revelation Unlimited 65/64 65/64,https://www.ebay.es/itm/388094947931,PriceCharting
Neo Revelation,Shining Gyarados,65/64,Unlimited,PSA 10,2025-03-10,4440,USD,Fanatics Collect,auction,FALSE,,27698040,,https://www.fanaticscollect.com/weekly/755e3f4a-f2dc-11ef-b902-0a58a9feac02,PSA APR
Neo Revelation,Shining Gyarados,65/64,Unlimited,PSA 10,2025-03-04,5049.00,USD,eBay,unknown,FALSE,,,2001 Pokemon Neo Revelation #65 Shining Gyarados Holo PSA 10 GEM MINT,https://www.ebay.es/itm/365414147615,PriceCharting
Neo Revelation,Shining Gyarados,65/64,Unlimited,PSA 10,2025-01-06,4680,USD,Fanatics Collect,auction,FALSE,,76772329,,https://www.fanaticscollect.com/weekly/7bd673b4-b73c-11ef-be2a-0283542e0aa7,PSA APR
Neo Revelation,Shining Gyarados,65/64,Unlimited,PSA 10,2024-12-23,4697.76,USD,eBay,unknown,FALSE,,,PSA 10 GEM MINT Pokemon Shining Gyarados Neo Revelation Unlimited #65 2001,https://www.ebay.es/itm/196809720211,PriceCharting
Neo Revelation,Shining Gyarados,65/64,Unlimited,PSA 10,2024-07-28,3000.00,USD,eBay,unknown,FALSE,,,PSA 10 GEM MINT Pokemon Neo Revelation Shining Gyarados Unlimited Holo 65 #65,https://www.ebay.es/itm/116243033541,PriceCharting
Neo Revelation,Shining Gyarados,65/64,Unlimited,PSA 10,2024-04-11,3001.00,USD,eBay,unknown,FALSE,,,2001 Pokemon Neo Revelation #65 Shining Gyarados - Holo PSA 10 GEM MINT,https://www.ebay.es/itm/386905289083,PriceCharting
Neo Revelation,Shining Gyarados,65/64,Unlimited,PSA 10,2024-01-28,2175.00,USD,eBay,unknown,FALSE,,,Pokemon Shining Gyarados Neo Revelation Secret Rare Holo #65 PSA 10 Gem Mint,https://www.ebay.es/itm/285659664146,PriceCharting
Neo Revelation,Shining Gyarados,65/64,Unlimited,PSA 9,2026-09-29,3915.61,USD,eBay,unknown,FALSE,,,Shining Gyarados #65/64 Holo Neo Revelation Unlimited Pokemon 2001 PSA 9 65/64,https://www.ebay.es/itm/398421299862,PriceCharting
Neo Revelation,Shining Gyarados,65/64,Unlimited,PSA 9,2026-09-26,3499.00,USD,eBay,unknown,FALSE,,,2001 POKEMON NEO REVELATION #65 SHINING GYARADOS-HOLO PSA 9 #65,https://www.ebay.es/itm/298708914594,PriceCharting
Neo Revelation,Shining Gyarados,65/64,Unlimited,PSA 9,2026-09-24,3243.30,USD,eBay,best offer,TRUE,3228.18,,2001 Pokemon Shining Gyarados 65/64 Neo Revelation Secret Rare Holo #65 PSA 9,https://www.ebay.es/itm/377515485399,PriceCharting
Neo Revelation,Shining Gyarados,65/64,Unlimited,PSA 9,2026-09-05,3500.00,USD,eBay,unknown,FALSE,,,2001 Pokemon Shining Gyarados Neo Revelation Unlimited Holo #65 PSA 9 MINT #65,https://www.ebay.es/itm/257721529714,PriceCharting
Neo Revelation,Shining Gyarados,65/64,Unlimited,PSA 9,2026-09-04,3200.00,USD,eBay,unknown,FALSE,,,2001 POKEMON NEO REVELATION #65 SHINING GYARADOS-HOLO PSA 9 #65,https://www.ebay.es/itm/298312587871,PriceCharting
Neo Revelation,Shining Gyarados,65/64,Unlimited,PSA 9,2026-09-02,3111.11,USD,eBay,unknown,FALSE,,,2001 Pokemon Unlimited Neo Revelation # 65 Shining Gyarados Holo PSA 9 Card MINT #65,https://www.ebay.es/itm/158074454640,PriceCharting
Neo Revelation,Shining Gyarados,65/64,Unlimited,PSA 9,2026-09-02,3048.51,USD,eBay,unknown,FALSE,,,Shining Gyarados Holo 65/64 PSA 9 Neo Revelation Pokemon Card Game 65/64,https://www.ebay.es/itm/287526552988,PriceCharting
Neo Revelation,Shining Gyarados,65/64,Unlimited,PSA 9,2026-08-31,3474.34,USD,eBay,unknown,FALSE,,,2001 Pokemon Shining Gyarados Neo Revelation Unlimited Holo #65 PSA 9 MINT,https://www.ebay.es/itm/206350929988,PriceCharting
Neo Revelation,Shining Gyarados,65/64,Unlimited,PSA 9,2026-08-31,3085.85,USD,eBay,unknown,FALSE,,,PSA 9 Shining Gyarados Neo Revelation Holo Rare Pokemon Card #65 65/64,https://www.ebay.es/itm/800552614089,PriceCharting
Neo Revelation,Shining Gyarados,65/64,Unlimited,PSA 9,2026-08-27,3299.00,USD,eBay,unknown,FALSE,,,2001 POKEMON NEO REVELATION #65 SHINING GYARADOS-HOLO PSA 9 #65,https://www.ebay.es/itm/117375907545,PriceCharting
Neo Revelation,Shining Gyarados,65/64,Unlimited,PSA 9,2026-08-17,2651.00,USD,eBay,unknown,FALSE,,,2001 Pokemon Neo Revelation Shining Gyarados Holo #65/64 PSA 9,https://www.ebay.es/itm/377410805566,PriceCharting
Neo Revelation,Shining Gyarados,65/64,Unlimited,PSA 9,2026-08-03,1525.00,USD,eBay,unknown,FALSE,,,2001 POKEMON NEO REVELATION #65 SHINING GYARADOS-HOLO PSA 9 #65,https://www.ebay.es/itm/298537021790,PriceCharting
Neo Revelation,Shining Gyarados,65/64,Unlimited,PSA 9,2026-08-02,3123.82,USD,eBay,unknown,FALSE,,,SHINING GYARADOS-HOLO POKEMON NEO REVELATION 2001 65 PSA 9,https://www.ebay.es/itm/137535700269,PriceCharting
Neo Revelation,Shining Gyarados,65/64,Unlimited,PSA 9,2026-07-29,3199.99,USD,eBay,unknown,FALSE,,,2001 POKEMON NEO REVELATION #65 SHINING GYARADOS-HOLO PSA 9 #65,https://www.ebay.es/itm/117313217789,PriceCharting
Neo Revelation,Shining Gyarados,65/64,Unlimited,PSA 9,2026-07-24,2730.00,USD,eBay,unknown,FALSE,,,2001 POKEMON NEO REVELATION #65 SHINING GYARADOS-HOLO PSA 9 #65,https://www.ebay.es/itm/298512624814,PriceCharting
Neo Revelation,Shining Gyarados,65/64,Unlimited,PSA 9,2026-07-19,2600.00,USD,eBay,unknown,FALSE,,,2001 POKEMON NEO REVELATION #65 SHINING GYARADOS-HOLO PSA 9 #65,https://www.ebay.es/itm/298497206943,PriceCharting
Neo Revelation,Shining Gyarados,65/64,Unlimited,PSA 9,2026-07-17,3149.00,USD,eBay,unknown,FALSE,,,Pokemon 2001 Shining Gyarados 65/64 Holo Neo Revelation PSA 9 65/64,https://www.ebay.es/itm/407060758326,PriceCharting
Neo Revelation,Shining Gyarados,65/64,Unlimited,PSA 9,2026-07-12,2025.00,USD,eBay,unknown,FALSE,,,Pokemon Shining Gyarados Neo Revelation Unlimited Holo #65 SUNFADED PSA 9,https://www.ebay.es/itm/287439554261,PriceCharting
Neo Revelation,Shining Gyarados,65/64,Unlimited,PSA 9,2026-07-08,2777.00,USD,eBay,unknown,FALSE,,,2001 POKEMON NEO REVELATION #65 SHINING GYARADOS-HOLO PSA 9 #65,https://www.ebay.es/itm/307032491764,PriceCharting
Neo Revelation,Shining Gyarados,65/64,Unlimited,PSA 9,2026-07-02,2850.00,USD,eBay,unknown,FALSE,,,Shining Gyarados PSA 9 2001 Pokemon Neo Revelation #65/64 9652 Holo Secret Rare 65/64,https://www.ebay.es/itm/236897021281,PriceCharting
Neo Revelation,Shining Gyarados,65/64,Unlimited,PSA 9,2026-06-28,2650.00,USD,eBay,unknown,FALSE,,,Pokemon Shining Gyarados Neo Revelation Unlimited Holo #65 SUNFADED PSA 9,https://www.ebay.es/itm/287408504860,PriceCharting
Neo Revelation,Shining Gyarados,65/64,Unlimited,PSA 9,2026-06-26,2619.00,USD,eBay,unknown,FALSE,,,2001 Pokemon Neo Revelation Shining Gyarados Holo #65/64 PSA 9,https://www.ebay.es/itm/127929644376,PriceCharting
Neo Revelation,Shining Gyarados,65/64,Unlimited,PSA 9,2026-06-22,2851.00,USD,eBay,unknown,FALSE,,,28382197 Shining Gyarados 2001 Pokemon Neo Revelation #65 Holo PSA 9 65/64,https://www.ebay.es/itm/158000953394,PriceCharting
Neo Revelation,Shining Gyarados,65/64,Unlimited,PSA 8,2026-09-28,2100.00,USD,eBay,unknown,FALSE,,,Pokemon Shining Gyarados Neo Revelation Unlimited Holo #65 PSA 8 65/64,https://www.ebay.es/itm/257766237659,PriceCharting
Neo Revelation,Shining Gyarados,65/64,Unlimited,PSA 8,2026-09-24,1970.91,USD,eBay,unknown,FALSE,,,Shining Gyarados - 65/64 - Holo Rare - Neo Revelation - Pokemon Card - PSA 8 65/64,https://www.ebay.es/itm/287573368809,PriceCharting
Neo Revelation,Shining Gyarados,65/64,Unlimited,PSA 8,2026-09-16,1850.00,USD,eBay,best offer,TRUE,1850.00,,2001 POKEMON NEO REVELATION #65 SHINING GYARADOS-HOLO PSA 8 #65,https://www.ebay.es/itm/307152732619,PriceCharting
Neo Revelation,Shining Gyarados,65/64,Unlimited,PSA 8,2026-09-14,1825.00,USD,eBay,unknown,FALSE,,,Pokémon TCG Shining Gyarados Holo Neo Revelation PSA 8 Near Mint #65 65/64,https://www.ebay.es/itm/168671454813,PriceCharting
Neo Revelation,Shining Gyarados,65/64,Unlimited,PSA 8,2026-08-29,1900.00,USD,eBay,best offer,TRUE,,,POKEMON SHINING GYARADOS-HOLO 2001 NEO REVELATION #65 PSA 8 65/64,https://www.ebay.es/itm/820062477512,PriceCharting
Neo Revelation,Shining Gyarados,65/64,Unlimited,PSA 8,2026-08-24,1900.00,USD,eBay,unknown,FALSE,,,Pokemon Shining Gyarados #65 Neo Revelation Holo PSA 8 NM-MT,https://www.ebay.es/itm/188675901787,PriceCharting
Neo Revelation,Shining Gyarados,65/64,Unlimited,PSA 8,2026-08-22,1750.00,USD,eBay,unknown,FALSE,,,POKEMON SHINING GYARADOS-HOLO 2001 NEO REVELATION #65 PSA 8 #65,https://www.ebay.es/itm/800509504603,PriceCharting
Neo Revelation,Shining Gyarados,65/64,Unlimited,PSA 8,2026-08-12,2000.00,USD,eBay,best offer,TRUE,2000.00,,2001 POKEMON NEO REVELATION #65 SHINING GYARADOS-HOLO PSA 8 #65,https://www.ebay.es/itm/307122480875,PriceCharting
Neo Revelation,Shining Gyarados,65/64,Unlimited,PSA 8,2026-07-28,1999.00,USD,eBay,unknown,FALSE,,,2001 POKEMON NEO REVELATION #65 SHINING GYARADOS-HOLO PSA 8 #65,https://www.ebay.es/itm/307043375687,PriceCharting
Neo Revelation,Shining Gyarados,65/64,Unlimited,PSA 8,2026-07-28,1945.54,USD,eBay,unknown,FALSE,,,Shining Gyarados PSA 8 Pokemon Neo Revelation Holo 65/64 65/64,https://www.ebay.es/itm/147450207002,PriceCharting
Neo Revelation,Shining Gyarados,65/64,Unlimited,PSA 8,2026-07-20,1774.00,USD,eBay,unknown,FALSE,,,2001 Pokemon Neo Revelation 65/64 Shining Gyarados Holo Vintage RARE PSA 8 NM-MT #65,https://www.ebay.es/itm/278182359454,PriceCharting
Neo Revelation,Shining Gyarados,65/64,Unlimited,PSA 8,2026-07-15,1745.00,USD,eBay,best offer,TRUE,1745.00,,Nintendo Pokemon TCG 2001 Shining Gyarados 65/64 Neo Revelation Holo PSA 8 65/64,https://www.ebay.es/itm/366536786131,PriceCharting
Neo Revelation,Shining Gyarados,65/64,Unlimited,PSA 8,2026-07-14,1825.00,USD,eBay,unknown,FALSE,,,2001 Pokemon Neo Revelation #65 Shining Gyarados Holo PSA 8 NM-MT,https://www.ebay.es/itm/366520196056,PriceCharting
Neo Revelation,Shining Magikarp,66/64,1st Edition,PSA 10,2026-09-21,50000,USD,eBay,BIN,FALSE,,28690412,,https://www.ebay.com/itm/178034560238,PSA APR
Neo Revelation,Shining Magikarp,66/64,1st Edition,PSA 10,2026-09-03,30800.00,USD,eBay,unknown,FALSE,,,Pokemon Shining Magikarp Holo Neo Revelation 66/64 1st Edition PSA 10 Gem Mint 66/64,https://www.ebay.es/itm/287491018782,PriceCharting
Neo Revelation,Shining Magikarp,66/64,1st Edition,PSA 10,2026-08-31,29000.00,USD,eBay,best offer,TRUE,,,PSA 10 GEM MINT Shining Magikarp Holo Pokémon Neo Revelation 1.Edition 66/64 66/64,https://www.ebay.es/itm/188817831835,PriceCharting
Neo Revelation,Shining Magikarp,66/64,1st Edition,PSA 10,2026-07-27,23700.00,USD,eBay,unknown,FALSE,,,2001 Pokemon Neo Revelation 1st Edition Shining Magikarp Holo #66/64 PSA 10,https://www.ebay.es/itm/377358364418,PriceCharting
Neo Revelation,Shining Magikarp,66/64,1st Edition,PSA 10,2026-05-22,30000,USD,Fanatics Collect,auction,FALSE,,63133852,,https://www.fanaticscollect.com/premier/6898a9d2-4f7c-11f1-aeb4-0a58a9feac02,PSA APR
Neo Revelation,Shining Magikarp,66/64,1st Edition,PSA 10,2026-05-04,30200.00,USD,eBay,unknown,FALSE,,,Pokemon Shining Magikarp Neo Revelation 1st Edition Holo Secret Rare #66 PSA 10,https://www.ebay.es/itm/287289663702,PriceCharting
Neo Revelation,Shining Magikarp,66/64,1st Edition,PSA 10,2026-05-04,31200,USD,Fanatics Collect,auction,FALSE,,26246298,,https://www.fanaticscollect.com/weekly/ed3853f0-4251-11f1-86b3-0287571d5919,PSA APR
Neo Revelation,Shining Magikarp,66/64,1st Edition,PSA 10,2026-05-02,40000.00,USD,eBay,unknown,FALSE,,,PSA 10 Shining Magikarp 1st Edition Holo Neo Revelation Gem Mint Pokemon Card 66/64,https://www.ebay.es/itm/366293799076,PriceCharting
Neo Revelation,Shining Magikarp,66/64,1st Edition,PSA 10,2026-04-13,27378,USD,Goldin Auctions,auction,FALSE,,17736020,,https://goldin.co/item/2001-pokemon-neo-revelation-1st-edition-holo-66-shining-magikarp-psa-gq5dxg,PSA APR
Neo Revelation,Shining Magikarp,66/64,1st Edition,PSA 10,2026-03-23,38400,USD,Fanatics Collect,auction,FALSE,,28942483,,https://www.fanaticscollect.com/weekly/87e61cc2-1ef1-11f1-bb47-0a58a9feac02,PSA APR
Neo Revelation,Shining Magikarp,66/64,1st Edition,PSA 10,2026-03-07,29999.99,USD,eBay,unknown,FALSE,,,PSA 10 Pokemon Neo Revelation 1st Edition Shining Magikarp Holo,https://www.ebay.es/itm/184734055965,PriceCharting
Neo Revelation,Shining Magikarp,66/64,1st Edition,PSA 10,2026-02-16,20100.00,USD,eBay,unknown,FALSE,,,Pokemon Shining Magikarp Neo Revelation 1st Edition Holo Secret Rare #66 PSA 10,https://www.ebay.es/itm/287124142503,PriceCharting
Neo Revelation,Shining Magikarp,66/64,1st Edition,PSA 10,2026-01-29,18500.00,USD,eBay,unknown,FALSE,,,Pokemon Shining Magikarp Neo Revelation 1st Edition Holo Secret Rare #66 PSA 10,https://www.ebay.es/itm/287061615398,PriceCharting
Neo Revelation,Shining Magikarp,66/64,1st Edition,PSA 10,2026-01-04,17999.00,USD,eBay,unknown,FALSE,,,PSA 10 GEM MINT Shining Magikarp Holo Pokémon Neo Revelation 1.Edition 66/64 #64,https://www.ebay.es/itm/286316330525,PriceCharting
Neo Revelation,Shining Magikarp,66/64,1st Edition,PSA 10,2025-12-21,12000,USD,eBay,best offer,TRUE,,17736020,,https://www.ebay.com/itm/227108805883,PSA APR
Neo Revelation,Shining Magikarp,66/64,1st Edition,PSA 10,2025-12-12,6950,USD,eBay,best offer,TRUE,,17736020,,https://www.ebay.com/itm/227107694856,PSA APR
Neo Revelation,Shining Magikarp,66/64,1st Edition,PSA 10,2025-09-22,7800,USD,Fanatics Collect,auction,FALSE,,28942483,,https://www.fanaticscollect.com/weekly/c70b45f2-82df-11f0-b6ca-0afcc285279b,PSA APR
Neo Revelation,Shining Magikarp,66/64,1st Edition,PSA 10,2025-07-21,6651.5,USD,eBay,auction,FALSE,,42463542,,https://www.ebay.com/itm/286699599700,PSA APR
Neo Revelation,Shining Magikarp,66/64,1st Edition,PSA 10,2025-07-07,5640,USD,Fanatics Collect,auction,FALSE,,28327559,,https://www.fanaticscollect.com/weekly/34a2d19e-5080-11f0-8651-0a58a9feac02,PSA APR
Neo Revelation,Shining Magikarp,66/64,1st Edition,PSA 10,2025-07-06,4980.37,USD,eBay,auction,FALSE,,21552556,,https://www.ebay.com/itm/146674342792,PSA APR
Neo Revelation,Shining Magikarp,66/64,1st Edition,PSA 10,2025-06-08,5200.00,USD,eBay,unknown,FALSE,,,Pokemon Shining Magikarp Neo Revelation 1st Edition Secret Rare Holo #66 PSA 10,https://www.ebay.es/itm/286606839356,PriceCharting
Neo Revelation,Shining Magikarp,66/64,1st Edition,PSA 10,2025-05-19,5696.61,USD,eBay,unknown,FALSE,,,Pokemon Shining Magikarp Neo Revelation 1st Edition Secret Rare Holo #66 PSA 10 #66,https://www.ebay.es/itm/226707190113,PriceCharting
Neo Revelation,Shining Magikarp,66/64,1st Edition,PSA 10,2025-04-28,5000.00,USD,eBay,unknown,FALSE,,,Pokemon Shining Magikarp Neo Revelation 1st Edition Secret Rare Holo #66 PSA 10,https://www.ebay.es/itm/286502551722,PriceCharting
Neo Revelation,Shining Magikarp,66/64,1st Edition,PSA 10,2025-04-28,5280,USD,Fanatics Collect,auction,FALSE,,28327559,,https://www.fanaticscollect.com/weekly/aafda7dc-1b20-11f0-acbd-0a58a9feac02,PSA APR
Neo Revelation,Shining Magikarp,66/64,1st Edition,PSA 10,2025-04-19,5500.00,USD,eBay,unknown,FALSE,,,Pokemon Shining Magikarp Neo Revelation 1st Edition Secret Rare Holo #66 PSA 10,https://www.ebay.es/itm/286272290882,PriceCharting
Neo Revelation,Shining Magikarp,66/64,1st Edition,PSA 10,2025-01-03,2900,USD,eBay,best offer,TRUE,,42463542,,https://www.ebay.com/itm/196925943891,PSA APR
Neo Revelation,Shining Magikarp,66/64,1st Edition,PSA 10,2025-01-02,3800.00,USD,eBay,unknown,FALSE,,,Pokemon Shining Magikarp Neo Revelation 1st Edition Secret Rare Holo #66 PSA 10 #66,https://www.ebay.es/itm/286047688761,PriceCharting
Neo Revelation,Shining Magikarp,66/64,1st Edition,PSA 10,2024-11-24,2550,USD,eBay,auction,FALSE,,28942483,,https://www.ebay.com/itm/387622426527,PSA APR
Neo Revelation,Shining Magikarp,66/64,1st Edition,PSA 10,2024-11-10,2834,USD,eBay,auction,FALSE,,28942483,,https://www.ebay.com/itm/387573952395,PSA APR
Neo Revelation,Shining Magikarp,66/64,1st Edition,PSA 10,2024-10-20,3175.00,USD,eBay,unknown,FALSE,,,2001 Pokemon Neo Revelation #66 Shining Magikarp Holo 1st Edition PSA 10,https://www.ebay.es/itm/375702676838,PriceCharting
Neo Revelation,Shining Magikarp,66/64,1st Edition,PSA 10,2024-10-07,4500.00,USD,eBay,unknown,FALSE,,,Shining Magikarp 1st Edition PSA 10 Holo *GRAIL* Pokemon Neo Revelation 66/64,https://www.ebay.es/itm/315536623576,PriceCharting
Neo Revelation,Shining Magikarp,66/64,1st Edition,PSA 10,2024-07-20,1950.00,USD,eBay,unknown,FALSE,,,PSA 10 1st Edition Shining Magikarp Holo Pokemon Neo Revelation,https://www.ebay.es/itm/204897819200,PriceCharting
Neo Revelation,Shining Magikarp,66/64,1st Edition,PSA 10,2024-05-16,3060.00,USD,eBay,unknown,FALSE,,,PSA 10 GEM Shining Magikarp Neo Revelation 1st Edition Holo Pokemon Card 66/64 #66,https://www.ebay.es/itm/226120599117,PriceCharting
Neo Revelation,Shining Magikarp,66/64,1st Edition,PSA 10,2024-05-06,3660.94,USD,eBay,unknown,FALSE,,,2001 Pokemon Neo Revelation 1st Edition 66/64 Shining Magikarp Holo PSA 10 Eng,https://www.ebay.es/itm/266644031527,PriceCharting
Neo Revelation,Shining Magikarp,66/64,1st Edition,PSA 10,2024-03-18,3550.00,USD,eBay,unknown,FALSE,,,PSA 10 GEM MINT Shining Magikarp 66/64 1st Edition HOLO Pokemon Card CS7-342,https://www.ebay.es/itm/276370201845,PriceCharting
Neo Revelation,Shining Magikarp,66/64,1st Edition,PSA 9,2026-09-21,4000.00,USD,eBay,best offer,TRUE,,,2001 POKEMON NEO REVELATION 1ST ED #66 SHINING MAGIKARP-HOLO PSA 9 #66,https://www.ebay.es/itm/306787628562,PriceCharting
Neo Revelation,Shining Magikarp,66/64,1st Edition,PSA 9,2026-09-21,3487.11,USD,eBay,unknown,FALSE,,,2001 Pokemon Shining Magikarp Holo Neo Revelation 1st Edition #66 PSA 9 #66,https://www.ebay.es/itm/128068919959,PriceCharting
Neo Revelation,Shining Magikarp,66/64,1st Edition,PSA 9,2026-09-16,3600.00,USD,eBay,unknown,FALSE,,,2001 Pokemon Neo Revelation Shining Magikarp Holo 1st Edition PSA 9 #66 #66,https://www.ebay.es/itm/157961442772,PriceCharting
Neo Revelation,Shining Magikarp,66/64,1st Edition,PSA 9,2026-09-13,3255.00,USD,eBay,unknown,FALSE,,,2001 Pokemon SHINING MAGIKARP #66/64 Neo Revelation 1st Edition Holo EN PSA 9 66/64,https://www.ebay.es/itm/307165271301,PriceCharting
Neo Revelation,Shining Magikarp,66/64,1st Edition,PSA 9,2026-09-11,3600.00,USD,eBay,unknown,FALSE,,,2001 POKEMON NEO REVELATION 1ST EDITION #66 SHINING MAGIKARP-HOLO PSA 9 #66,https://www.ebay.es/itm/117374355891,PriceCharting
Neo Revelation,Shining Magikarp,66/64,1st Edition,PSA 9,2026-09-08,3300.99,USD,eBay,unknown,FALSE,,,VTG Pokemon Neo Revelation 1st Edition Shining Magikarp 66/64 Secret Rare PSA 9 66/64,https://www.ebay.es/itm/800603710826,PriceCharting
Neo Revelation,Shining Magikarp,66/64,1st Edition,PSA 9,2026-08-29,3750.00,USD,eBay,unknown,FALSE,,,2001 POKEMON NEO REVELATION 1ST EDITION #66 SHINING MAGIKARP-HOLO PSA 9 #66,https://www.ebay.es/itm/117372138175,PriceCharting
Neo Revelation,Shining Magikarp,66/64,1st Edition,PSA 9,2026-08-19,3341.90,USD,eBay,best offer,TRUE,3256.50,,2001 Pokemon Neo Revelation 1st Ed #66 Shining Magikarp - Holo PSA 9,https://www.ebay.es/itm/128035028090,PriceCharting
Neo Revelation,Shining Magikarp,66/64,1st Edition,PSA 9,2026-08-18,3100.00,USD,eBay,unknown,FALSE,,,2001 POKEMON NEO REVELATION 1ST EDITION #66 SHINING MAGIKARP-HOLO PSA 9 #66,https://www.ebay.es/itm/407137301154,PriceCharting
Neo Revelation,Shining Magikarp,66/64,1st Edition,PSA 9,2026-08-05,3500.00,USD,eBay,unknown,FALSE,,,2001 POKEMON NEO REVELATION 1ST EDITION #66 SHINING MAGIKARP-HOLO PSA 9 #66,https://www.ebay.es/itm/257660073602,PriceCharting
Neo Revelation,Shining Magikarp,66/64,1st Edition,PSA 9,2026-07-25,3715.95,USD,eBay,unknown,FALSE,,,2001 Pokemon Neo Revelation Shining Magikarp Holo 1st Edition #66 PSA 9,https://www.ebay.es/itm/377356821880,PriceCharting
Neo Revelation,Shining Magikarp,66/64,1st Edition,PSA 9,2026-07-20,3500.00,USD,eBay,unknown,FALSE,,,PSA 9 Shining Magikarp Holo 66/64 Neo Revelation 1st Edition Pokemon Card 66/64,https://www.ebay.es/itm/327267220848,PriceCharting
Neo Revelation,Shining Magikarp,66/64,1st Edition,PSA 9,2026-07-14,3350.00,USD,eBay,unknown,FALSE,,,Pokemon Shining Magikarp Neo Revelation 1st Edition Holo Secret Rare #66 PSA 9,https://www.ebay.es/itm/287345045155,PriceCharting
Neo Revelation,Shining Magikarp,66/64,1st Edition,PSA 9,2026-07-10,3400.00,USD,eBay,unknown,FALSE,,,SHINING MAGIKARP-HOLO 1ST EDITION POKEMON NEO REVELATION 2001 66 PSA 9 #66,https://www.ebay.es/itm/236864581386,PriceCharting
Neo Revelation,Shining Magikarp,66/64,1st Edition,PSA 9,2026-06-29,3400.00,USD,eBay,best offer,TRUE,3400.00,,2001 POKEMON NEO REVELATION 1ST EDITION #66 SHINING MAGIKARP-HOLO PSA 9 #66,https://www.ebay.es/itm/298338486829,PriceCharting
Neo Revelation,Shining Magikarp,66/64,1st Edition,PSA 9,2026-06-23,2565.00,USD,eBay,unknown,FALSE,,,2001 POKEMON NEO REVELATION 1ST EDITION #66 SHINING MAGIKARP-HOLO PSA 9 #66,https://www.ebay.es/itm/298412685181,PriceCharting
Neo Revelation,Shining Magikarp,66/64,1st Edition,PSA 9,2026-06-22,3051.00,USD,eBay,unknown,FALSE,,,2001 Pokemon Neo Revelation 1st Edition Shining Magikarp Holo #66/64 PSA 9,https://www.ebay.es/itm/377253752931,PriceCharting
Neo Revelation,Shining Magikarp,66/64,1st Edition,PSA 9,2026-06-14,3400.00,USD,eBay,unknown,FALSE,,,Pokemon Shining Magikarp Neo Revelation 1st Edition Holo Secret Rare #66 PSA 9,https://www.ebay.es/itm/287372420382,PriceCharting
Neo Revelation,Shining Magikarp,66/64,1st Edition,PSA 9,2026-06-01,3000.00,USD,eBay,unknown,FALSE,,,Pokemon Shining Magikarp Neo Revelation 1st Edition Holo Secret Rare #66 PSA 9,https://www.ebay.es/itm/287344901651,PriceCharting
Neo Revelation,Shining Magikarp,66/64,1st Edition,PSA 9,2026-05-25,3575.00,USD,eBay,unknown,FALSE,,,2001 POKEMON NEO REVELATION 1ST EDITION #66 SHINING MAGIKARP-HOLO PSA 9 #66,https://www.ebay.es/itm/298346351386,PriceCharting
Neo Revelation,Shining Magikarp,66/64,1st Edition,PSA 9,2026-05-24,3400.00,USD,eBay,unknown,FALSE,,,Pokemon Shining Magikarp Neo Revelation 1st Edition Holo Secret Rare #66 PSA 9,https://www.ebay.es/itm/287337216255,PriceCharting
Neo Revelation,Shining Magikarp,66/64,1st Edition,PSA 8,2026-09-25,2399.99,USD,eBay,unknown,FALSE,,,2001 POKEMON NEO REVELATION 1ST EDITION #66 SHINING MAGIKARP-HOLO PSA 8,https://www.ebay.es/itm/137471738111,PriceCharting
Neo Revelation,Shining Magikarp,66/64,1st Edition,PSA 8,2026-09-20,2000.00,USD,eBay,unknown,FALSE,,,2001 POKEMON NEO REVELATION 1ST EDITION #66 SHINING MAGIKARP-HOLO PSA 8 #66,https://www.ebay.es/itm/117407774614,PriceCharting
Neo Revelation,Shining Magikarp,66/64,1st Edition,PSA 8,2026-09-19,1995.00,USD,eBay,unknown,FALSE,,,2001 POKEMON NEO REVELATION 1ST EDITION #66 SHINING MAGIKARP-HOLO PSA 8 #66,https://www.ebay.es/itm/307154158509,PriceCharting
Neo Revelation,Shining Magikarp,66/64,1st Edition,PSA 8,2026-09-12,2258.24,USD,eBay,unknown,FALSE,,,2001 POKEMON NEO REVELATION #66 SHINING MAGIKARP-HOLO 1ST EDITION PSA 8 #66,https://www.ebay.es/itm/307158157128,PriceCharting
Neo Revelation,Shining Magikarp,66/64,1st Edition,PSA 8,2026-08-20,1964.59,USD,eBay,unknown,FALSE,,,Shining Magikarp Holo 66/64 PSA 8 1st Edition Neo Revelation Pokemon 66/64,https://www.ebay.es/itm/168618700575,PriceCharting
Neo Revelation,Shining Magikarp,66/64,1st Edition,PSA 8,2026-08-17,1775.00,USD,eBay,unknown,FALSE,,,2001 Pokemon Neo Revelation 1st Edition Shining Magikarp Holo #66/64 PSA 8,https://www.ebay.es/itm/128021103723,PriceCharting
Neo Revelation,Shining Magikarp,66/64,1st Edition,PSA 8,2026-08-06,1800.00,USD,eBay,unknown,FALSE,,,2001 POKEMON NEO REVELATION #66 SHINING MAGIKARP-HOLO 1ST EDITION PSA 8,https://www.ebay.es/itm/188691333426,PriceCharting
Neo Revelation,Shining Magikarp,66/64,1st Edition,PSA 8,2026-08-02,1625.31,USD,eBay,unknown,FALSE,,,SHINING MAGIKARP (1ST ED) POKEMON 66/64 2001 NEO REVELATION - ENGLISH PSA 8,https://www.ebay.es/itm/137532256234,PriceCharting
Neo Revelation,Shining Magikarp,66/64,1st Edition,PSA 8,2026-07-23,1750.00,USD,eBay,best offer,TRUE,,,2001 Pokemon TCG Neo Revelation Shining Magikarp 66/64 Holo 1st Ed PSA 8 66/64,https://www.ebay.es/itm/157994544069,PriceCharting
Neo Revelation,Shining Magikarp,66/64,1st Edition,PSA 8,2026-06-28,1725.00,USD,eBay,unknown,FALSE,,,2001 POKEMON NEO REVELATION 1ST EDITION #66 SHINING MAGIKARP-HOLO PSA 8,https://www.ebay.es/itm/287412224347,PriceCharting
Neo Revelation,Shining Magikarp,66/64,1st Edition,PSA 8,2026-06-21,1725.00,USD,eBay,unknown,FALSE,,,PSA 8 Shining Magikarp Neo Revelation 1st Edition #66 HOLO 2001 New Cert Pokemon #66,https://www.ebay.es/itm/398061394030,PriceCharting
Neo Revelation,Shining Magikarp,66/64,1st Edition,PSA 8,2026-06-21,1752.00,USD,eBay,unknown,FALSE,,,2001 POKEMON NEO REVELATION 1ST EDITION #66 SHINING MAGIKARP-HOLO PSA 8 #66,https://www.ebay.es/itm/306992836566,PriceCharting
Neo Revelation,Shining Magikarp,66/64,1st Edition,PSA 8,2026-06-11,2125.00,USD,eBay,unknown,FALSE,,,2001 POKEMON NEO REVELATION 1ST EDITION #66 SHINING MAGIKARP-HOLO PSA 8 #66,https://www.ebay.es/itm/117227818650,PriceCharting
Neo Revelation,Shining Magikarp,66/64,1st Edition,PSA 8,2026-06-03,2300.00,USD,eBay,best offer,TRUE,2300.00,,2001 POKEMON NEO REVELATION 1ST EDITION #66 SHINING MAGIKARP-HOLO PSA 8 #66,https://www.ebay.es/itm/298381051918,PriceCharting
Neo Revelation,Shining Magikarp,66/64,1st Edition,PSA 8,2026-06-01,2075.00,USD,eBay,unknown,FALSE,,,2001 POKEMON NEO REVELATION 1ST EDITION #66 SHINING MAGIKARP-HOLO PSA 8 #66,https://www.ebay.es/itm/117211465998,PriceCharting
Neo Revelation,Shining Magikarp,66/64,1st Edition,PSA 8,2026-05-18,1950.00,USD,eBay,unknown,FALSE,,,Pokemon 2001 Shining Magikarp 66/64 Holo 1st Edition Neo Revelation PSA 8 66/64,https://www.ebay.es/itm/406912233903,PriceCharting
Neo Revelation,Shining Magikarp,66/64,1st Edition,PSA 8,2026-05-11,1900.00,USD,eBay,unknown,FALSE,,,2001 Pokemon Shining Magikarp 1st Edition Neo Revelation Holo #66 PSA 8 MINT #66,https://www.ebay.es/itm/287325928686,PriceCharting
Neo Revelation,Shining Magikarp,66/64,1st Edition,PSA 8,2026-04-23,2100.00,USD,eBay,best offer,TRUE,2100.00,,2001 POKEMON NEO REVELATION 1ST EDITION #66 SHINING MAGIKARP-HOLO PSA 8 #66,https://www.ebay.es/itm/157846383858,PriceCharting
Neo Revelation,Shining Magikarp,66/64,1st Edition,PSA 8,2026-04-17,1900.00,USD,eBay,unknown,FALSE,,,Shining Magikarp #66 2001 Pokemon Neo Revelation 1st Edition PSA 8 NM-Mint L1 #66,https://www.ebay.es/itm/366349465819,PriceCharting
Neo Revelation,Shining Magikarp,66/64,1st Edition,PSA 8,2026-04-17,1900.00,USD,eBay,unknown,FALSE,,,2001 POKEMON NEO REVELATION 1ST EDITION #66 SHINING MAGIKARP-HOLO PSA 8 #66,https://www.ebay.es/itm/306873958311,PriceCharting
Neo Revelation,Shining Magikarp,66/64,1st Edition,PSA 8,2026-04-15,2500.00,USD,eBay,unknown,FALSE,,,2001 POKEMON NEO REVELATION 1ST EDITION #66 SHINING MAGIKARP HOLO PSA 8,https://www.ebay.es/itm/157831938951,PriceCharting
Neo Revelation,Shining Magikarp,66/64,Unlimited,PSA 10,2026-09-21,27000,USD,eBay,best offer,TRUE,,75635037,,https://www.ebay.com/itm/377394782106,PSA APR
Neo Revelation,Shining Magikarp,66/64,Unlimited,PSA 10,2026-06-15,22500.00,USD,eBay,unknown,FALSE,,,Pokemon Shining Magikarp Neo Revelation Unlimited Holo Secret Rare #66 PSA 10,https://www.ebay.es/itm/287301763052,PriceCharting
Neo Revelation,Shining Magikarp,66/64,Unlimited,PSA 10,2025-11-30,4417.62,USD,Goldin Auctions,auction,FALSE,,27698037,,https://goldin.co/item/2001-pokemon-neo-revelation-rare-holofoil-66-shining-magikarp-psa-gem2c3n8,PSA APR
Neo Revelation,Shining Magikarp,66/64,Unlimited,PSA 10,2025-09-10,5350,USD,eBay,auction,FALSE,,29012611,,https://www.ebay.com/itm/388918340130,PSA APR
Neo Revelation,Shining Magikarp,66/64,Unlimited,PSA 10,2025-05-12,3120,USD,Fanatics Collect,auction,FALSE,,24601604,,https://www.fanaticscollect.com/weekly/11fdb5d6-26d8-11f0-b8f6-0a58a9feac02,PSA APR
Neo Revelation,Shining Magikarp,66/64,Unlimited,PSA 10,2025-03-10,3360,USD,Fanatics Collect,auction,FALSE,,41972349,,https://www.fanaticscollect.com/weekly/755ea624-f2dc-11ef-92e4-0a58a9feac02,PSA APR
Neo Revelation,Shining Magikarp,66/64,Unlimited,PSA 10,2025-02-06,3300.00,USD,eBay,unknown,FALSE,,,2001 POKEMON SHINING MAGIKARP-HOLO 66 NEO REVELATION PSA 10 Low Pop!,https://www.ebay.es/itm/375865260616,PriceCharting
Neo Revelation,Shining Magikarp,66/64,Unlimited,PSA 10,2025-01-06,3360,USD,Fanatics Collect,auction,FALSE,,24601604,,https://www.fanaticscollect.com/weekly/7bd7a9d2-b73c-11ef-9d38-0283542e0aa7,PSA APR
Neo Revelation,Shining Magikarp,66/64,Unlimited,PSA 10,2024-12-31,2430,USD,eBay,auction,FALSE,,27698037,,https://www.ebay.com/itm/396045446376,PSA APR
Neo Revelation,Shining Magikarp,66/64,Unlimited,PSA 10,2024-12-03,2054.06,USD,eBay,unknown,FALSE,,,PSA 10 GEM MINT Pokemon Shining Magikarp Neo Revelation Unlimited #66 2001,https://www.ebay.es/itm/196809720358,PriceCharting
Neo Revelation,Shining Magikarp,66/64,Unlimited,PSA 10,2024-10-10,3200.00,USD,eBay,unknown,FALSE,,,2001 Pokemon Shining Magikarp Neo Revelation Unlimited Holo Card 66/64 PSA 10 66/64,https://www.ebay.es/itm/186695279692,PriceCharting
Neo Revelation,Shining Magikarp,66/64,Unlimited,PSA 10,2024-02-06,2313.00,USD,eBay,unknown,FALSE,,,Shining Magikarp 66/64 PSA 10 Neo Revelation Unlimited WOTC Secret Rare Pokemon 66/64,https://www.ebay.es/itm/335235021394,PriceCharting
Neo Revelation,Shining Magikarp,66/64,Unlimited,PSA 10,2023-11-13,1994.00,USD,eBay,unknown,FALSE,,,Shining Magikarp 66/64 PSA 10 Neo Revelation Unlimited WOTC Secret Rare Pokemon 66/64,https://www.ebay.es/itm/394974337658,PriceCharting
Neo Revelation,Shining Magikarp,66/64,Unlimited,PSA 10,2023-10-17,2200.00,USD,eBay,unknown,FALSE,,,Shining Magikarp 66/64 PSA 10 Neo Revelation Unlimited WOTC Secret Rare Pokemon 66/64,https://www.ebay.es/itm/335064665535,PriceCharting
Neo Revelation,Shining Magikarp,66/64,Unlimited,PSA 9,2026-09-28,2355.00,USD,eBay,unknown,FALSE,,,Pokemon 2001 Shining Magikarp 66/64 Holo Secret Rare Neo Revelation PSA 9 66/64,https://www.ebay.es/itm/407225750281,PriceCharting
Neo Revelation,Shining Magikarp,66/64,Unlimited,PSA 9,2026-09-25,2350.00,USD,eBay,unknown,FALSE,,,2001 POKEMON NEO REVELATION #66 SHINING MAGIKARP-HOLO PSA 9 #66,https://www.ebay.es/itm/307197275649,PriceCharting
Neo Revelation,Shining Magikarp,66/64,Unlimited,PSA 9,2026-09-17,2350.00,USD,eBay,best offer,TRUE,2350.00,,Pokemon Shining Magikarp Holo Neo Revelation Unlimited 66/64 PSA 9 With Swirl 66/64,https://www.ebay.es/itm/398399108402,PriceCharting
Neo Revelation,Shining Magikarp,66/64,Unlimited,PSA 9,2026-08-18,1489.83,USD,eBay,unknown,FALSE,,,Shining Magikarp Holo 66/64 PSA 9 Neo Revelation Pokemon Card Game 66/64,https://www.ebay.es/itm/287526552986,PriceCharting
Neo Revelation,Shining Magikarp,66/64,Unlimited,PSA 9,2026-07-10,1500.00,USD,eBay,unknown,FALSE,,,Pokemon Shining Magikarp Holo Neo Revelation Unlimited 66/64 PSA 9 Mint 66/64,https://www.ebay.es/itm/287433351396,PriceCharting
Neo Revelation,Shining Magikarp,66/64,Unlimited,PSA 9,2026-07-07,1350.00,USD,eBay,unknown,FALSE,,,2001 Pokemon Neo Revelation #66 Shining Magikarp Holo PSA 9 MINT,https://www.ebay.es/itm/800262294597,PriceCharting
Neo Revelation,Shining Magikarp,66/64,Unlimited,PSA 9,2026-07-03,1255.00,USD,eBay,unknown,FALSE,,,2001 POKEMON NEO REVELATION #66 SHINING MAGIKARP-HOLO PSA 9 #66,https://www.ebay.es/itm/307023654804,PriceCharting
Neo Revelation,Shining Magikarp,66/64,Unlimited,PSA 9,2026-07-02,1500.00,USD,eBay,unknown,FALSE,,,2001 POKEMON NEO REVELATION #66 SHINING MAGIKARP-HOLO PSA 9 #66,https://www.ebay.es/itm/117267443025,PriceCharting
Neo Revelation,Shining Magikarp,66/64,Unlimited,PSA 9,2026-06-29,1300.00,USD,eBay,best offer,TRUE,1300.00,,2001 POKEMON NEO REVELATION #66 SHINING MAGIKARP-HOLO PSA 9 66/64,https://www.ebay.es/itm/278129867101,PriceCharting
Neo Revelation,Shining Magikarp,66/64,Unlimited,PSA 9,2026-06-02,1250.00,USD,eBay,best offer,TRUE,1250.00,,2001 POKEMON NEO REVELATION #66 SHINING MAGIKARP-HOLO PSA 9 HALF SWIRL #66,https://www.ebay.es/itm/206310466746,PriceCharting
Neo Revelation,Shining Magikarp,66/64,Unlimited,PSA 9,2026-05-27,1275.00,USD,eBay,unknown,FALSE,,,2001 Pokemon Neo Revelation #66 Shining Magikarp Holo PSA 9 MINT,https://www.ebay.es/itm/800040901635,PriceCharting
Neo Revelation,Shining Magikarp,66/64,Unlimited,PSA 9,2026-05-20,1325.00,USD,eBay,unknown,FALSE,,,2001 POKEMON NEO REVELATION #66 SHINING MAGIKARP-HOLO PSA 9 #66,https://www.ebay.es/itm/306933161195,PriceCharting
Neo Revelation,Shining Magikarp,66/64,Unlimited,PSA 9,2026-05-04,1325.00,USD,eBay,unknown,FALSE,,,Pokemon Shining Magikarp Neo Revelation Unlimited Holo Secret Rare #66 PSA 9,https://www.ebay.es/itm/287292261672,PriceCharting
Neo Revelation,Shining Magikarp,66/64,Unlimited,PSA 9,2026-05-03,1203.34,USD,eBay,unknown,FALSE,,,Pokemon Shining Magikarp Neo Revelation Unlimited Holo Secret Rare #66 PSA 9,https://www.ebay.es/itm/287290031895,PriceCharting
Neo Revelation,Shining Magikarp,66/64,Unlimited,PSA 9,2026-04-26,1400.00,USD,eBay,unknown,FALSE,,,Pokémon Shining Magikarp Neo Revelation Secret Rare Holo English PSA 9 66/64,https://www.ebay.es/itm/397854870617,PriceCharting
Neo Revelation,Shining Magikarp,66/64,Unlimited,PSA 9,2026-04-13,1499.99,USD,eBay,unknown,FALSE,,,Shining Magikarp Holo 66/64 Neo Revelation PSA 9 Mint 9 Pokemon 2001 66/64,https://www.ebay.es/itm/298160862602,PriceCharting
Neo Revelation,Shining Magikarp,66/64,Unlimited,PSA 9,2026-04-05,1306.60,USD,eBay,unknown,FALSE,,,2001 Pokemon Neo Revelation | #66 Shining Magikarp Holo | PSA 9 MINT #66,https://www.ebay.es/itm/147217229231,PriceCharting
Neo Revelation,Shining Magikarp,66/64,Unlimited,PSA 8,2026-09-28,830.00,USD,eBay,unknown,FALSE,,,Shining Magikarp 66/64 PSA 8 Secret Rare Neo Revelation N3 Pokemon English 2001 66/64,https://www.ebay.es/itm/237073862429,PriceCharting
Neo Revelation,Shining Magikarp,66/64,Unlimited,PSA 8,2026-09-17,999.00,USD,eBay,unknown,FALSE,,,Shining Magikarp 66/64 Neo Revelation Holo Strong PSA 8 Pokemon TCG 66/64,https://www.ebay.es/itm/188516798179,PriceCharting
Neo Revelation,Shining Magikarp,66/64,Unlimited,PSA 8,2026-09-14,949.99,USD,eBay,unknown,FALSE,,,2001 SHINING MAGIKARP HOLO 66/64 NEO REVELATION POKEMON PSA 8 66/64,https://www.ebay.es/itm/298607194776,PriceCharting
Neo Revelation,Shining Magikarp,66/64,Unlimited,PSA 8,2026-09-14,760.00,USD,eBay,unknown,FALSE,,,2001 Pokemon Neo Revelation Shining Magikarp Holo #66/64 PSA 8,https://www.ebay.es/itm/377480856580,PriceCharting
Neo Revelation,Shining Magikarp,66/64,Unlimited,PSA 8,2026-09-13,919.24,USD,eBay,unknown,FALSE,,,Pokémon - Shining Magikarp - 66/64 - Neo Revelation - PSA 8 - NM-MT 66/64,https://www.ebay.es/itm/158264746642,PriceCharting
Neo Revelation,Shining Magikarp,66/64,Unlimited,PSA 8,2026-09-13,975.00,USD,eBay,unknown,FALSE,,,Pokémon TCG Shining Magikarp Neo Revelation Holo Card 66/64 PSA 8 66/64,https://www.ebay.es/itm/147384692830,PriceCharting
Neo Revelation,Shining Magikarp,66/64,Unlimited,PSA 8,2026-09-13,785.00,USD,eBay,unknown,FALSE,,,2001 POKEMON NEO REVELATION #66 SHINING MAGIKARP-HOLO PSA 8 #66,https://www.ebay.es/itm/298645963553,PriceCharting
Neo Revelation,Shining Magikarp,66/64,Unlimited,PSA 8,2026-09-11,810.00,USD,eBay,unknown,FALSE,,,2001 POKEMON NEO REVELATION #66 SHINING MAGIKARP-HOLO PSA 8 #66,https://www.ebay.es/itm/137704630798,PriceCharting
Neo Revelation,Shining Magikarp,66/64,Unlimited,PSA 8,2026-09-08,925.00,USD,eBay,best offer,TRUE,925.00,,2001 SHINING MAGIKARP HOLO 66/64 NEO REVELATION POKEMON PSA 8 66/64,https://www.ebay.es/itm/307154349266,PriceCharting
Neo Revelation,Shining Magikarp,66/64,Unlimited,PSA 8,2026-09-05,899.04,USD,eBay,unknown,FALSE,,,2001 POKEMON NEO REVELATION #66 SHINING MAGIKARP-HOLO PSA 8 Pokemon Neo Re PSA 8 english #66,https://www.ebay.es/itm/366644485651,PriceCharting
Neo Revelation,Shining Magikarp,66/64,Unlimited,PSA 8,2026-09-05,900.00,USD,eBay,unknown,FALSE,,,2001 Pokemon SHINING MAGIKARP #66/64 Neo Revelation Holo Secret Rare ENG PSA 8 66/64,https://www.ebay.es/itm/366648981975,PriceCharting
Neo Revelation,Shining Magikarp,66/64,Unlimited,PSA 8,2026-09-01,866.18,USD,eBay,best offer,TRUE,842.92,,2001 POKEMON NEO REVELATION #66 SHINING MAGIKARP-HOLO PSA 8 #66,https://www.ebay.es/itm/318621853955,PriceCharting
Neo Revelation,Shining Magikarp,66/64,Unlimited,PSA 8,2026-08-29,860.00,USD,eBay,unknown,FALSE,,,2001 POKEMON NEO REVELATION #66 SHINING MAGIKARP-HOLO PSA 8 NM-MT #66,https://www.ebay.es/itm/267728631628,PriceCharting
Neo Revelation,Shining Magikarp,66/64,Unlimited,PSA 8,2026-08-23,900.00,USD,eBay,unknown,FALSE,,,2001 POKEMON NEO REVELATION #66 SHINING MAGIKARP-HOLO PSA 8 #66,https://www.ebay.es/itm/117372124950,PriceCharting
Neo Revelation,Shining Magikarp,66/64,Unlimited,PSA 8,2026-08-18,900.00,USD,eBay,unknown,FALSE,,,2001 POKEMON NEO REVELATION #66 SHINING MAGIKARP-HOLO PSA 8 #66,https://www.ebay.es/itm/298520447520,PriceCharting
Neo Revelation,Shining Magikarp,66/64,Unlimited,PSA 8,2026-08-15,895.00,USD,eBay,unknown,FALSE,,,2001 POKEMON NEO REVELATION #66 SHINING MAGIKARP-HOLO PSA 8 #66,https://www.ebay.es/itm/178379850850,PriceCharting
Neo Revelation,Shining Magikarp,66/64,Unlimited,PSA 8,2026-08-11,801.00,USD,eBay,unknown,FALSE,,,PSA 8 2001 Pokemon Neo Revelation Shining Magikarp Secret Rare Holo 66/64 66/64,https://www.ebay.es/itm/398248483431,PriceCharting
Neo Revelation,Shining Magikarp,66/64,Unlimited,PSA 8,2026-08-05,810.00,USD,eBay,unknown,FALSE,,,Pokemon TCG Shining Magikarp Neo Revelation Holo PSA 8 2001 EN 66/64 66/64,https://www.ebay.es/itm/336715077906,PriceCharting
Neo Revelation,Shining Magikarp,66/64,Unlimited,PSA 8,2026-08-03,876.40,USD,eBay,best offer,TRUE,,,Pokémon - Shining Magikarp - 66/64 - Neo Revelation - PSA 8 - NM-MT,https://www.ebay.es/itm/128008057402,PriceCharting
