set,card_name,card_number,edition,grade,sale_date,price,currency,venue,sale_type,best_offer,accepted_price,cert_number,listing_title,listing_url,source
Neo Destiny,Dark Ampharos,1/105,1st Edition,PSA 10,2026-09-14,6900,USD,Fanatics Collect,auction,FALSE,,48640374,,https://www.fanaticscollect.com/weekly/caee2098-a3f6-11f1-aeed-0a58a9feac02,PSA APR
Neo Destiny,Dark Ampharos,1/105,1st Edition,PSA 10,2026-08-25,4999.99,USD,eBay,unknown,FALSE,,,PSA 10 GEM MINT Dark Ampharos 1/105 HOLO Neo Destiny 1ST EDITION Pokemon Card,https://www.ebay.es/itm/318677108540,PriceCharting
Neo Destiny,Dark Ampharos,1/105,1st Edition,PSA 10,2026-08-22,5000.00,USD,eBay,unknown,FALSE,,,Pokemon 2002 Dark Ampharos 1/105 Holo 1st Edition Neo Destiny GEM MINT PSA 10 1/105,https://www.ebay.es/itm/407092549307,PriceCharting
Neo Destiny,Dark Ampharos,1/105,1st Edition,PSA 10,2026-08-21,4999.99,USD,eBay,BIN,FALSE,,42265895,,https://www.ebay.com/itm/318677108540,PSA APR
Neo Destiny,Dark Ampharos,1/105,1st Edition,PSA 10,2026-08-08,5000.00,USD,eBay,unknown,FALSE,,,2002 POKEMON NEO DESTINY 1ST EDITION #1 DARK AMPHAROS-HOLO PSA 10 #1,https://www.ebay.es/itm/298567617696,PriceCharting
Neo Destiny,Dark Ampharos,1/105,1st Edition,PSA 10,2026-07-27,4920,USD,Fanatics Collect,auction,FALSE,,45448547,,https://www.fanaticscollect.com/weekly/03156e8e-8162-11f1-ae5e-0a58a9feac02,PSA APR
Neo Destiny,Dark Ampharos,1/105,1st Edition,PSA 10,2026-07-13,3850.00,USD,eBay,best offer,TRUE,,,POKEMON PSA 10 GEM MINT 2002 DARK AMPHAROS 1ST EDITION NEO DESTINY HOLO 1/105 10/105,https://www.ebay.es/itm/398106408595,PriceCharting
Neo Destiny,Dark Ampharos,1/105,1st Edition,PSA 10,2026-06-25,4000.00,USD,eBay,best offer,TRUE,,,POKEMON PSA 10 GEM MINT 2002 DARK AMPHAROS 1ST EDITION NEO DESTINY HOLO 1/105 10/105,https://www.ebay.es/itm/398094501556,PriceCharting
Neo Destiny,Dark Ampharos,1/105,1st Edition,PSA 10,2026-06-25,3950,USD,eBay,auction,FALSE,,70115971,,https://www.ebay.com/itm/377273290258,PSA APR
Neo Destiny,Dark Ampharos,1/105,1st Edition,PSA 10,2026-06-15,4320,USD,Fanatics Collect,auction,FALSE,,28491202,,https://www.fanaticscollect.com/weekly/72938c9a-61d8-11f1-b9bc-0a58a9feac02,PSA APR
Neo Destiny,Dark Ampharos,1/105,1st Edition,PSA 10,2026-05-26,4119.00,USD,eBay,unknown,FALSE,,,2002 Pokemon Neo Destiny 1st Edition #1 Dark Ampharos Holo PSA 10 GEM MINT,https://www.ebay.es/itm/800022936014,PriceCharting
Neo Destiny,Dark Ampharos,1/105,1st Edition,PSA 10,2026-05-08,4250,USD,eBay,auction,FALSE,,70115971,,https://www.ebay.com/itm/389957217389,PSA APR
Neo Destiny,Dark Ampharos,1/105,1st Edition,PSA 10,2026-04-22,4250.00,USD,eBay,unknown,FALSE,,,Pokémon - Dark Ampharos Holo Neo Destiny 1st Edition #1 PSA 10,https://www.ebay.es/itm/188302494826,PriceCharting
Neo Destiny,Dark Ampharos,1/105,1st Edition,PSA 10,2026-04-13,4850.00,USD,eBay,unknown,FALSE,,,Pokemon Dark Ampharos Neo Destiny 1st Edition Holo Rare #1 PSA 10 Gem Mint,https://www.ebay.es/itm/287247660368,PriceCharting
Neo Destiny,Dark Ampharos,1/105,1st Edition,PSA 10,2026-01-26,3000.00,USD,eBay,unknown,FALSE,,,Pokemon Dark Ampharos Neo Destiny 1st Edition Holo Rare #1 PSA 10 Gem Mint,https://www.ebay.es/itm/286574000627,PriceCharting
Neo Destiny,Dark Ampharos,1/105,1st Edition,PSA 10,2026-01-18,2499.99,USD,eBay,unknown,FALSE,,,2002 POKEMON NEO DESTINY 1ST ED #1 DARK AMPHAROS-HOLO PSA 10 #1,https://www.ebay.es/itm/116984894737,PriceCharting
Neo Destiny,Dark Ampharos,1/105,1st Edition,PSA 10,2025-10-06,1560,USD,Fanatics Collect,auction,FALSE,,41261522,,https://www.fanaticscollect.com/weekly/81c16a9e-9801-11f0-91b1-02d93b7d50ab,PSA APR
Neo Destiny,Dark Ampharos,1/105,1st Edition,PSA 10,2025-09-29,1900,USD,Fanatics Collect,best offer,TRUE,,43661864,,https://www.fanaticscollect.com/fixed/d9783fec-98e7-11f0-a961-0af16410d001,PSA APR
Neo Destiny,Dark Ampharos,1/105,1st Edition,PSA 10,2025-09-26,1550.00,USD,eBay,unknown,FALSE,,,2002 Pokemon Neo Destiny 1st Edition #1 Dark Ampharos Holo PSA 10 GEM MINT,https://www.ebay.es/itm/376559326733,PriceCharting
Neo Destiny,Dark Ampharos,1/105,1st Edition,PSA 10,2025-07-01,1400.00,USD,eBay,unknown,FALSE,,,2002 Pokemon Neo Destiny 1st Edition #1 Dark Ampharos Holo PSA 10 GEM MINT,https://www.ebay.es/itm/376354632097,PriceCharting
Neo Destiny,Dark Ampharos,1/105,1st Edition,PSA 10,2025-06-16,1850,USD,eBay,auction,FALSE,,40859474,,https://www.ebay.com/itm/205535174639,PSA APR
Neo Destiny,Dark Ampharos,1/105,1st Edition,PSA 10,2025-06-01,1913.00,USD,eBay,unknown,FALSE,,,Pokemon Dark Ampharos Neo Destiny 1st Edition Holo Rare #1 PSA 10 Gem Mint,https://www.ebay.es/itm/286590232035,PriceCharting
Neo Destiny,Dark Ampharos,1/105,1st Edition,PSA 10,2025-03-11,1100.00,USD,eBay,unknown,FALSE,,,PSA 10 Pokémon 2002 Neo Destiny Dark Ampharos Holo,https://www.ebay.es/itm/116514097311,PriceCharting
Neo Destiny,Dark Ampharos,1/105,1st Edition,PSA 10,2024-09-19,1311.00,USD,eBay,unknown,FALSE,,,**BIG SWIRL** Pokemon 2002 Neo Destiny Dark Ampharos 1st Edition PSA 10 1/105 #1,https://www.ebay.es/itm/355117715631,PriceCharting
Neo Destiny,Dark Ampharos,1/105,1st Edition,PSA 10,2024-07-25,1004.00,USD,eBay,unknown,FALSE,,,Pokemon Neo Destiny 1st. Edition Dark Ampharos Holo PSA 10 Gem Mint - WOTC 2002,https://www.ebay.es/itm/276541681564,PriceCharting
Neo Destiny,Dark Ampharos,1/105,1st Edition,PSA 10,2024-06-25,1200.90,USD,eBay,unknown,FALSE,,,Pokemon Dark Ampharos Holo 1st Edition Neo Destiny 1/105 PSA 10,https://www.ebay.es/itm/326134189844,PriceCharting
Neo Destiny,Dark Ampharos,1/105,1st Edition,PSA 10,2024-05-06,1399.95,USD,eBay,unknown,FALSE,,,Pokemon 2002 Neo Destiny #1 DARK AMPHAROS 1st Edition Holo PSA 10 Gem Mint 1/105 #1,https://www.ebay.es/itm/295572188570,PriceCharting
Neo Destiny,Dark Ampharos,1/105,1st Edition,PSA 10,2024-01-20,658.45,USD,eBay,unknown,FALSE,,,Pokemon - PSA 10 1st Edition Neo Destiny Dark Ampharos - Holo #1/105 #1,https://www.ebay.es/itm/235229467469,PriceCharting
Neo Destiny,Dark Ampharos,1/105,1st Edition,PSA 10,2023-11-22,474.69,USD,eBay,unknown,FALSE,,,2002 Pokemon Neo Destiny 1st Edition #1 Dark Ampharos - Holo PSA 10 GEM MINT,https://www.ebay.es/itm/364580207614,PriceCharting
Neo Destiny,Dark Ampharos,1/105,1st Edition,PSA 9,2026-09-25,1500.00,USD,eBay,unknown,FALSE,,,PSA 9 Pokemon 2002 Neo Destiny 1st Edition Dark Ampharos Holo #1 #1,https://www.ebay.es/itm/157793152438,PriceCharting
Neo Destiny,Dark Ampharos,1/105,1st Edition,PSA 9,2026-09-24,1250.00,USD,eBay,unknown,FALSE,,,Dark Ampharos 1/105 - 1st Edition - Holo - 2002 Pokemon Neo Destiny - MINT PSA 9 1/105,https://www.ebay.es/itm/287547719257,PriceCharting
Neo Destiny,Dark Ampharos,1/105,1st Edition,PSA 9,2026-09-24,915.00,USD,eBay,best offer,TRUE,915.00,,Pokemon Dark Ampharos 1st Edition Neo Destiny Holo PSA 9 Mint Swirl Rare #1 🌀 1/105,https://www.ebay.es/itm/298564515619,PriceCharting
Neo Destiny,Dark Ampharos,1/105,1st Edition,PSA 9,2026-08-22,935.68,USD,eBay,unknown,FALSE,,,Dark Ampharos Holo 1/105 PSA 9 1st Edition Neo Destiny Pokemon 1/105,https://www.ebay.es/itm/168620996128,PriceCharting
Neo Destiny,Dark Ampharos,1/105,1st Edition,PSA 9,2026-08-16,680.00,USD,eBay,unknown,FALSE,,,Pokemon Dark Ampharos Holo Neo Destiny 1/105 1st Edition PSA 9 Mint 1/105,https://www.ebay.es/itm/287511104795,PriceCharting
Neo Destiny,Dark Ampharos,1/105,1st Edition,PSA 9,2026-06-11,531.99,USD,eBay,unknown,FALSE,,,49283411 Dark Ampharos 2002 Pokemon Neo Destiny 1st Edition #1 Holo PSA 9 1/105,https://www.ebay.es/itm/157967260461,PriceCharting
Neo Destiny,Dark Ampharos,1/105,1st Edition,PSA 9,2026-05-24,561.99,USD,eBay,unknown,FALSE,,,Pokemon Dark Ampharos Neo Destiny 1st Edition Holo Rare #1 PSA 9 Mint,https://www.ebay.es/itm/287331643702,PriceCharting
Neo Destiny,Dark Ampharos,1/105,1st Edition,PSA 9,2026-05-17,560.02,USD,eBay,unknown,FALSE,,,2002 POKEMON NEO DESTINY 1ST EDITION #1 DARK AMPHAROS-HOLO PSA 9 #1,https://www.ebay.es/itm/117182594869,PriceCharting
Neo Destiny,Dark Ampharos,1/105,1st Edition,PSA 9,2026-05-03,710.00,USD,eBay,unknown,FALSE,,,Pokemon Dark Ampharos Neo Destiny 1st Edition Holo Rare #1 PSA 9 Mint,https://www.ebay.es/itm/287290032362,PriceCharting
Neo Destiny,Dark Ampharos,1/105,1st Edition,PSA 9,2026-04-13,588.00,USD,eBay,unknown,FALSE,,,Pokemon Dark Ampharos Neo Destiny 1st Edition Holo Rare #1 PSA 9 Mint,https://www.ebay.es/itm/287251627781,PriceCharting
Neo Destiny,Dark Ampharos,1/105,1st Edition,PSA 9,2026-04-09,559.82,USD,eBay,best offer,TRUE,,,Pokemon Dark Ampharos 1st Edition Neo Destiny Holo PSA 9!!!,https://www.ebay.es/itm/277870451016,PriceCharting
Neo Destiny,Dark Ampharos,1/105,1st Edition,PSA 9,2026-04-01,554.54,USD,eBay,best offer,TRUE,,,Pokemon Dark Ampharos 1st Edition Neo Destiny Holo PSA 9!!!,https://www.ebay.es/itm/277824647779,PriceCharting
Neo Destiny,Dark Ampharos,1/105,1st Edition,PSA 9,2026-03-22,750.00,USD,eBay,unknown,FALSE,,,PSA 9 Pokemon 2002 Neo Destiny 1st Edition Dark Ampharos Holo #1 #1,https://www.ebay.es/itm/157721147226,PriceCharting
Neo Destiny,Dark Ampharos,1/105,1st Edition,PSA 9,2026-03-19,475.00,USD,eBay,unknown,FALSE,,,Pokemon Dark Ampharos Neo Destiny 1st Edition Holo Rare #1 PSA 9 Mint,https://www.ebay.es/itm/287215053755,PriceCharting
Neo Destiny,Dark Ampharos,1/105,1st Edition,PSA 9,2026-03-13,375.00,USD,eBay,unknown,FALSE,,,PSA 9 2002 POKEMON NEO DESTINY | 1ST EDITION DARK AMPHAROS-HOLO 1 1/105,https://www.ebay.es/itm/397708726992,PriceCharting
Neo Destiny,Dark Ampharos,1/105,1st Edition,PSA 9,2026-03-02,399.99,USD,eBay,unknown,FALSE,,,PSA 9 Pokemon 2002 Neo Destiny 1st Edition Dark Ampharos Holo #1 #1,https://www.ebay.es/itm/156252645193,PriceCharting
Neo Destiny,Dark Ampharos,1/105,1st Edition,PSA 9,2026-02-19,340.00,USD,eBay,best offer,TRUE,340.00,,Pokemon Neo Destiny Dark Ampharos 1st Edition Holo Rare #1/105 PSA 9 1/105,https://www.ebay.es/itm/227222951667,PriceCharting
Neo Destiny,Dark Ampharos,1/105,1st Edition,PSA 9,2026-01-28,350.00,USD,eBay,unknown,FALSE,,,Pokemon 1st Edition HOLO DARK AMPHAROS 2002 Neo Destiny PSA 9 MINT,https://www.ebay.es/itm/267205941748,PriceCharting
Neo Destiny,Dark Ampharos,1/105,1st Edition,PSA 9,2026-01-08,324.00,USD,eBay,unknown,FALSE,,,2002 POKEMON NEO DESTINY 1ST ED #1 DARK AMPHAROS-HOLO PSA 9 #1,https://www.ebay.es/itm/306699363735,PriceCharting
Neo Destiny,Dark Ampharos,1/105,1st Edition,PSA 9,2025-11-23,227.52,USD,eBay,unknown,FALSE,,,Pokémon TCG Dark Ampharos 1st Edition Neo Destiny - PSA 9 Mint 1/105,https://www.ebay.es/itm/389237113027,PriceCharting
Neo Destiny,Dark Ampharos,1/105,1st Edition,PSA 9,2025-10-04,300.00,USD,eBay,unknown,FALSE,,,PSA 9 Pokemon 2002 Neo Destiny 1st Edition Dark Ampharos Holo #1 #1,https://www.ebay.es/itm/376571735854,PriceCharting
Neo Destiny,Dark Ampharos,1/105,1st Edition,PSA 8,2026-07-17,1000.00,USD,eBay,unknown,FALSE,,,2002 POKEMON NEO DESTINY 1ST EDITION #1 DARK AMPHAROS-HOLO PSA 8 #1,https://www.ebay.es/itm/306889317131,PriceCharting
Neo Destiny,Dark Ampharos,1/105,1st Edition,PSA 8,2026-07-03,500.00,USD,eBay,unknown,FALSE,,,Pokemon PSA 8 1st Edition Dark Ampharos 1/105 Neo Destiny Holo Card Near Mint 1/105,https://www.ebay.es/itm/168428004372,PriceCharting
Neo Destiny,Dark Ampharos,1/105,1st Edition,PSA 8,2026-06-13,124.50,USD,eBay,unknown,FALSE,,,2002 POKEMON NEO DESTINY 1ST EDITION #1 DARK AMPHAROS-HOLO PSA 8 #1,https://www.ebay.es/itm/358630676170,PriceCharting
Neo Destiny,Dark Ampharos,1/105,1st Edition,PSA 8,2026-03-21,425.00,USD,eBay,unknown,FALSE,,,POKEMON PSA 8 NM MINT 2002 DARK AMPHAROS 1ST EDITION NEO DESTINY HOLO 1/105 #105,https://www.ebay.es/itm/377038641374,PriceCharting
Neo Destiny,Dark Ampharos,1/105,1st Edition,PSA 8,2026-03-19,255.00,USD,eBay,unknown,FALSE,,,2002 Pokemon Neo Destiny 1st Edition Holo #1 Dark Ampharos PSA 8 1/105,https://www.ebay.es/itm/206126543739,PriceCharting
Neo Destiny,Dark Ampharos,1/105,1st Edition,PSA 8,2026-02-09,227.50,USD,eBay,unknown,FALSE,,,Pokemon Dark Ampharos Neo Destiny 1st Edition Holo Rare #1 PSA 8,https://www.ebay.es/itm/287106325632,PriceCharting
Neo Destiny,Dark Ampharos,1/105,1st Edition,PSA 8,2025-12-21,229.99,USD,eBay,unknown,FALSE,,,2002 POKEMON NEO DESTINY 1ST ED #1 DARK AMPHAROS-HOLO PSA 8 #1,https://www.ebay.es/itm/116860821853,PriceCharting
Neo Destiny,Dark Ampharos,1/105,1st Edition,PSA 8,2025-11-24,178.50,USD,eBay,unknown,FALSE,,,2002 POKEMON NEO DESTINY 1ST EDITION #1 DARK AMPHAROS-HOLO PSA 8 #1,https://www.ebay.es/itm/116880853470,PriceCharting
Neo Destiny,Dark Ampharos,1/105,1st Edition,PSA 8,2025-10-26,171.00,USD,eBay,unknown,FALSE,,,Pokemon Dark Ampharos Neo Destiny 1st Edition Holo Rare #1 PSA 8,https://www.ebay.es/itm/286882113000,PriceCharting
Neo Destiny,Dark Ampharos,1/105,1st Edition,PSA 8,2025-10-01,229.99,USD,eBay,unknown,FALSE,,,2002 Pokemon Neo Destiny #1 Dark Ampharos Holo 1st Edition PSA 8 NM-MINT #1,https://www.ebay.es/itm/177348943283,PriceCharting
Neo Destiny,Dark Ampharos,1/105,1st Edition,PSA 8,2025-09-17,170.50,USD,eBay,unknown,FALSE,,,2002 Pokemon Neo Destiny Dark Ampharos Holo 1st Edition PSA 8 1/105,https://www.ebay.es/itm/157300006903,PriceCharting
Neo Destiny,Dark Ampharos,1/105,1st Edition,PSA 8,2025-09-16,134.98,USD,eBay,unknown,FALSE,,,2002 Pokemon Neo Destiny #1 Dark Ampharos Holo 1st Edition PSA 8 NM-MINT #1,https://www.ebay.es/itm/297599345317,PriceCharting
Neo Destiny,Dark Ampharos,1/105,1st Edition,PSA 8,2025-08-20,215.00,USD,eBay,unknown,FALSE,,,2002 Pokemon Neo Destiny #1 Dark Ampharos Holo 1st Edition PSA 8 NM-MINT SWIRL #1,https://www.ebay.es/itm/177348943285,PriceCharting
Neo Destiny,Dark Ampharos,1/105,1st Edition,PSA 8,2025-08-01,140.00,USD,eBay,unknown,FALSE,,,Pokémon Dark Ampharos Holo Rare 1/105 Neo Destiny 1st Edition PSA 8 1/105,https://www.ebay.es/itm/317134670691,PriceCharting
Neo Destiny,Dark Ampharos,1/105,1st Edition,PSA 8,2025-07-12,167.50,USD,eBay,unknown,FALSE,,,DARK AMPHAROS Neo Destiny 1st Edition Holo #1 PSA 8 Vintage Pokemon [Nostalgium],https://www.ebay.es/itm/336061804952,PriceCharting
Neo Destiny,Dark Ampharos,1/105,1st Edition,PSA 8,2025-05-16,167.50,USD,eBay,unknown,FALSE,,,2002 POKEMON NEO DESTINY 1ST EDITION #1 DARK AMPHAROS-HOLO PSA 8 #1,https://www.ebay.es/itm/306283633973,PriceCharting
Neo Destiny,Dark Ampharos,1/105,1st Edition,PSA 8,2024-12-11,142.50,USD,eBay,unknown,FALSE,,,2002 POKEMON NEO DESTINY 1ST EDITION #1 DARK AMPHAROS-HOLO PSA 8,https://www.ebay.es/itm/305936192032,PriceCharting
Neo Destiny,Dark Ampharos,1/105,1st Edition,PSA 8,2024-11-28,109.50,USD,eBay,unknown,FALSE,,,2002 POKEMON NEO DESTINY 1ST EDITION #1 DARK AMPHAROS-HOLO PSA 8,https://www.ebay.es/itm/305920774956,PriceCharting
Neo Destiny,Dark Ampharos,1/105,Unlimited,PSA 10,2026-09-28,7200,USD,Fanatics Collect,auction,FALSE,,28109014,,https://www.fanaticscollect.com/weekly/d1dc8af0-ad26-11f1-83cd-06d19b0b9c59,PSA APR
Neo Destiny,Dark Ampharos,1/105,Unlimited,PSA 10,2026-09-24,8999.99,USD,eBay,BIN,FALSE,,41486486,,https://www.ebay.com/itm/298633409313,PSA APR
Neo Destiny,Dark Ampharos,1/105,Unlimited,PSA 10,2026-09-22,2499.99,USD,eBay,unknown,FALSE,,,PSA 10 GEM MINT Pokemon DARK AMPHAROS Holo Rare Neo Destiny 1/105 Unlimited,https://www.ebay.es/itm/254786118336,PriceCharting
Neo Destiny,Dark Ampharos,1/105,Unlimited,PSA 10,2026-09-21,5000,USD,eBay,best offer,TRUE,,61210599,,https://www.ebay.com/itm/188957968636,PSA APR
Neo Destiny,Dark Ampharos,1/105,Unlimited,PSA 10,2026-09-18,3556.25,USD,eBay,BIN,FALSE,,77853488,,https://www.ebay.com/itm/307138370964,PSA APR
Neo Destiny,Dark Ampharos,1/105,Unlimited,PSA 10,2026-04-13,3150.00,USD,eBay,unknown,FALSE,,,Pokemon Dark Ampharos Neo Destiny Unlimited Holo Rare #1 PSA 10 Gem Mint,https://www.ebay.es/itm/287247660366,PriceCharting
Neo Destiny,Dark Ampharos,1/105,Unlimited,PSA 10,2026-02-02,1700.00,USD,eBay,unknown,FALSE,,,Pokemon Dark Ampharos Neo Destiny Unlimited Holo Rare #1 PSA 10 Gem Mint,https://www.ebay.es/itm/286779194302,PriceCharting
Neo Destiny,Dark Ampharos,1/105,Unlimited,PSA 10,2025-08-03,890.00,USD,eBay,unknown,FALSE,,,Pokemon Dark Ampharos Neo Destiny Unlimited Holo Rare #1 PSA 10 Gem Mint,https://www.ebay.es/itm/286728633711,PriceCharting
Neo Destiny,Dark Ampharos,1/105,Unlimited,PSA 10,2025-07-19,1000.00,USD,eBay,unknown,FALSE,,,2002 POKEMON NEO DESTINY #1 DARK AMPHAROS-HOLO PSA 10 #1,https://www.ebay.es/itm/306123499420,PriceCharting
Neo Destiny,Dark Ampharos,1/105,Unlimited,PSA 10,2025-07-13,660.00,USD,eBay,unknown,FALSE,,,Pokemon Dark Ampharos Neo Destiny Unlimited Holo Rare #1 PSA 10 Gem Mint,https://www.ebay.es/itm/286690654736,PriceCharting
Neo Destiny,Dark Ampharos,1/105,Unlimited,PSA 10,2025-07-13,591.46,USD,eBay,unknown,FALSE,,,POKEMON PSA 10 DARK AMPHAROS HOLO 1/105 NEO DESTINY ENGLISH 2002 POP 41 in🌍,https://www.ebay.es/itm/116677763744,PriceCharting
Neo Destiny,Dark Ampharos,1/105,Unlimited,PSA 10,2025-07-11,814.74,USD,eBay,unknown,FALSE,,,POKEMON PSA 10 DARK AMPHAROS HOLO 1/105 NEO DESTINY ENGLISH 2002,https://www.ebay.es/itm/316916543684,PriceCharting
Neo Destiny,Dark Ampharos,1/105,Unlimited,PSA 10,2025-05-31,551.82,USD,eBay,unknown,FALSE,,,POKEMON PSA 10 DARK AMPHAROS HOLO 1/105 NEO DESTINY ENGLISH 2002 POP 41 in🌍,https://www.ebay.es/itm/396648798928,PriceCharting
Neo Destiny,Dark Ampharos,1/105,Unlimited,PSA 10,2025-05-18,787.00,USD,eBay,unknown,FALSE,,,Pokemon Dark Ampharos Neo Destiny Unlimited Holo Rare #1 PSA 10 Gem Mint,https://www.ebay.es/itm/286555988893,PriceCharting
Neo Destiny,Dark Ampharos,1/105,Unlimited,PSA 10,2025-03-15,495,USD,eBay,BIN,FALSE,,42111203,,https://www.ebay.com/itm/114372899197,PSA APR
Neo Destiny,Dark Ampharos,1/105,Unlimited,PSA 10,2025-03-03,1100.00,USD,eBay,unknown,FALSE,,,PSA 10 Pokémon 2002 Neo Destiny Dark Ampharos Holo,https://www.ebay.es/itm/116251791666,PriceCharting
Neo Destiny,Dark Ampharos,1/105,Unlimited,PSA 10,2024-10-30,485.89,USD,eBay,unknown,FALSE,,,Dark Ampharos 1/105 Neo Destiny Holo WOTC Pokemon Card PSA 10 Rare LOW POP,https://www.ebay.es/itm/326255703987,PriceCharting
Neo Destiny,Dark Ampharos,1/105,Unlimited,PSA 10,2024-08-22,270.00,USD,eBay,unknown,FALSE,,,2002 Pokemon Neo Destiny 1 Dark Ampharos Holo Rare Pokemon TCG Card PSA 10 #1,https://www.ebay.es/itm/326078067962,PriceCharting
Neo Destiny,Dark Ampharos,1/105,Unlimited,PSA 9,2026-09-27,300.00,USD,eBay,best offer,TRUE,300.00,,Pokemon Dark Ampharos Neo Destiny Unlimited Holo Rare #1 PSA 9 Mint #1,https://www.ebay.es/itm/327354554663,PriceCharting
Neo Destiny,Dark Ampharos,1/105,Unlimited,PSA 9,2026-08-17,214.06,USD,eBay,unknown,FALSE,,,Pokemon Dark Ampharos Holo Neo Destiny Unlimited 1/105 PSA 9 Mint 1/105,https://www.ebay.es/itm/287511103689,PriceCharting
Neo Destiny,Dark Ampharos,1/105,Unlimited,PSA 9,2026-07-23,211.00,USD,eBay,best offer,TRUE,211.00,,2002 POKEMON NEO DESTINY #1 DARK AMPHAROS-HOLO PSA 9 #1,https://www.ebay.es/itm/117311745033,PriceCharting
Neo Destiny,Dark Ampharos,1/105,Unlimited,PSA 9,2026-07-06,150.00,USD,eBay,unknown,FALSE,,,2002 Pokemon Neo Destiny Dark Ampharos Holo 1/105 PSA 9 Mint Unlimited 1/105,https://www.ebay.es/itm/800294822084,PriceCharting
Neo Destiny,Dark Ampharos,1/105,Unlimited,PSA 9,2026-07-04,302.67,USD,eBay,unknown,FALSE,,,2002 Pokemon Neo Destiny Dark Ampharos Holo 1/105 PSA 9 Mint Unlimited 1/105,https://www.ebay.es/itm/117283994858,PriceCharting
Neo Destiny,Dark Ampharos,1/105,Unlimited,PSA 9,2026-05-22,90.00,USD,eBay,unknown,FALSE,,,2002 Pokemon Neo Destiny Dark Ampharos Holo 1/105 PSA 9 Mint Unlimited 1/105,https://www.ebay.es/itm/137298165733,PriceCharting
Neo Destiny,Dark Ampharos,1/105,Unlimited,PSA 9,2026-05-10,96.00,USD,eBay,unknown,FALSE,,,2002 Pokemon Neo Destiny Dark Ampharos Holo 1/105 PSA 9 Mint Unlimited 1/105,https://www.ebay.es/itm/137283952485,PriceCharting
Neo Destiny,Dark Ampharos,1/105,Unlimited,PSA 9,2026-04-26,202.50,USD,eBay,unknown,FALSE,,,2002 Pokemon Neo Destiny Dark Ampharos Holo 1/105 PSA 9 Mint Unlimited 1/105,https://www.ebay.es/itm/287286378753,PriceCharting
Neo Destiny,Dark Ampharos,1/105,Unlimited,PSA 9,2026-04-19,199.99,USD,eBay,unknown,FALSE,,,PSA 9 Dark Ampharos Holo 1/105 Neo Destiny 2002 WOTC Pokemon MINT 1/105,https://www.ebay.es/itm/389911779760,PriceCharting
Neo Destiny,Dark Ampharos,1/105,Unlimited,PSA 9,2026-04-10,399.99,USD,eBay,unknown,FALSE,,,Pokémon Neo Destiny Dark Ampharos Holo Rare 1/105 PSA 9 Unlimited English 1/105,https://www.ebay.es/itm/157794116184,PriceCharting
Neo Destiny,Dark Ampharos,1/105,Unlimited,PSA 9,2026-04-05,255.00,USD,eBay,unknown,FALSE,,,Pokemon Dark Ampharos Neo Destiny Unlimited Holo Rare #1 PSA 9 Mint,https://www.ebay.es/itm/287237155422,PriceCharting
Neo Destiny,Dark Ampharos,1/105,Unlimited,PSA 9,2026-04-05,300.00,USD,eBay,best offer,TRUE,300.00,,Dark Ampharos 1/105 Neo Destiny Holo Foil Card PSA 9 Mint Pokemon Unlimited 1/105,https://www.ebay.es/itm/227278710749,PriceCharting
Neo Destiny,Dark Ampharos,1/105,Unlimited,PSA 9,2026-03-23,310.28,USD,eBay,best offer,TRUE,,,Dark Ampharos Holo 2002 Pokemon Neo Destiny #1 PSA 9 #1,https://www.ebay.es/itm/157778532790,PriceCharting
Neo Destiny,Dark Ampharos,1/105,Unlimited,PSA 9,2026-03-05,182.42,USD,eBay,best offer,TRUE,180.39,,Dark Ampharos 1/105 Neo Destiny Holo Card PSA 9 Mint Pokemon Card,https://www.ebay.es/itm/397662731127,PriceCharting
Neo Destiny,Dark Ampharos,1/105,Unlimited,PSA 9,2026-02-23,145.00,USD,eBay,best offer,TRUE,145.00,,Pokémon Dark Ampharos 70 HP Holo Rare 1/105 Neo Destiny PSA 9 Unlimited Card 1/105,https://www.ebay.es/itm/317729681291,PriceCharting
Neo Destiny,Dark Ampharos,1/105,Unlimited,PSA 9,2025-12-18,160.00,USD,eBay,best offer,TRUE,,,DARK AMPHAROS 1/105 2002 Neo Destiny Unlimited HOLO Pokemon Card PSA 9 MINT 1/105,https://www.ebay.es/itm/376592441661,PriceCharting
Neo Destiny,Dark Ampharos,1/105,Unlimited,PSA 9,2025-11-28,170.00,USD,eBay,unknown,FALSE,,,2002 Pokemon Neo Destiny #1 Dark Ampharos Holo PSA 9 #1,https://www.ebay.es/itm/167930392350,PriceCharting
Neo Destiny,Dark Ampharos,1/105,Unlimited,PSA 9,2025-11-16,122.36,USD,eBay,unknown,FALSE,,,Pokemon Dark Ampharos Neo Destiny Unlimited Holo Rare #1 PSA 9 Mint,https://www.ebay.es/itm/286922257468,PriceCharting
Neo Destiny,Dark Ampharos,1/105,Unlimited,PSA 9,2025-11-15,165.00,USD,eBay,best offer,TRUE,165.00,,2002 Pokemon Neo Destiny #1 Dark Ampharos Holo PSA 9 MINT NEWLY GRADED! #1,https://www.ebay.es/itm/177530501813,PriceCharting
Neo Destiny,Dark Ampharos,1/105,Unlimited,PSA 9,2025-10-21,157.50,USD,eBay,unknown,FALSE,,,2002 Pokemon Neo Destiny #1 Dark Ampharos Holo PSA 9 MINT,https://www.ebay.es/itm/365924571806,PriceCharting
Neo Destiny,Dark Ampharos,1/105,Unlimited,PSA 9,2025-10-03,127.52,USD,eBay,unknown,FALSE,,,Pokémon PSA 9 Neo Destiny - Dark Ampharos 1/105 Holo 1/105,https://www.ebay.es/itm/127396329912,PriceCharting
Neo Destiny,Dark Ampharos,1/105,Unlimited,PSA 9,2025-09-17,188.61,USD,eBay,unknown,FALSE,,,DARK AMPHAROS 1/105 2002 Neo Destiny Unlimited HOLO Pokemon Card PSA 9 MINT #1,https://www.ebay.es/itm/177395996232,PriceCharting
Neo Destiny,Dark Ampharos,1/105,Unlimited,PSA 8,2026-09-02,215.00,USD,eBay,unknown,FALSE,,,2002 POKEMON NEO DESTINY #1 DARK AMPHAROS-HOLO PSA 8 #1,https://www.ebay.es/itm/307091893684,PriceCharting
Neo Destiny,Dark Ampharos,1/105,Unlimited,PSA 8,2026-08-31,204.99,USD,eBay,unknown,FALSE,,,2002 POKEMON NEO DESTINY #1 DARK AMPHAROS-HOLO PSA 8 #1,https://www.ebay.es/itm/307121708131,PriceCharting
Neo Destiny,Dark Ampharos,1/105,Unlimited,PSA 8,2026-08-20,209.99,USD,eBay,unknown,FALSE,,,2002 Pokemon Neo Destiny Unlimited Dark Ampharos Holo Swirl PSA 8 Vintage WOTC #1,https://www.ebay.es/itm/366582527880,PriceCharting
Neo Destiny,Dark Ampharos,1/105,Unlimited,PSA 8,2026-08-09,189.99,USD,eBay,unknown,FALSE,,,2002 Pokemon Neo Destiny #1 Dark Ampharos-Holo PSA 8 #1,https://www.ebay.es/itm/358829363731,PriceCharting
Neo Destiny,Dark Ampharos,1/105,Unlimited,PSA 8,2026-07-28,189.99,USD,eBay,unknown,FALSE,,,2002 POKEMON NEO DESTINY #1 DARK AMPHAROS-HOLO PSA 8 #1,https://www.ebay.es/itm/307069908455,PriceCharting
Neo Destiny,Dark Ampharos,1/105,Unlimited,PSA 8,2026-07-15,199.00,USD,eBay,unknown,FALSE,,,Pokemon 2002 Dark Ampharos 1/105 Holo Neo Destiny PSA 8 1/105,https://www.ebay.es/itm/407060768963,PriceCharting
Neo Destiny,Dark Ampharos,1/105,Unlimited,PSA 8,2026-07-03,199.99,USD,eBay,unknown,FALSE,,,Pokemon Neo Destiny Dark Ampharos Holo Card 2002 #1/105 PSA 8 1/105,https://www.ebay.es/itm/397821140390,PriceCharting
Neo Destiny,Dark Ampharos,1/105,Unlimited,PSA 8,2026-07-03,159.99,USD,eBay,unknown,FALSE,,,2002 Pokemon Neo Destiny Dark Ampharos Holo #1/105 PSA 8 NM-MT WOTC 1/105,https://www.ebay.es/itm/287432849355,PriceCharting
Neo Destiny,Dark Ampharos,1/105,Unlimited,PSA 8,2026-06-11,154.99,USD,eBay,unknown,FALSE,,,2002 Pokemon Neo Destiny #1 Dark Ampharos Holo PSA 8 1/105,https://www.ebay.es/itm/278078444196,PriceCharting
Neo Destiny,Dark Ampharos,1/105,Unlimited,PSA 8,2026-06-06,155.00,USD,eBay,unknown,FALSE,,,2002 Pokemon Neo Destiny Dark Ampharos Holo Rare PSA 8 NM/MINT 1/105,https://www.ebay.es/itm/267689084728,PriceCharting
Neo Destiny,Dark Ampharos,1/105,Unlimited,PSA 8,2026-05-10,131.50,USD,eBay,unknown,FALSE,,,Pokemon Dark Ampharos Neo Destiny Unlimited Holo Rare #1 PSA 8,https://www.ebay.es/itm/287304473103,PriceCharting
Neo Destiny,Dark Ampharos,1/105,Unlimited,PSA 8,2026-04-19,134.99,USD,eBay,unknown,FALSE,,,2002 Pokemon Holo Dark Ampharos Neo Destiny 1/105 PSA 8 1/105,https://www.ebay.es/itm/206188115944,PriceCharting
Neo Destiny,Dark Ampharos,1/105,Unlimited,PSA 8,2026-04-19,143.50,USD,eBay,unknown,FALSE,,,2002 POKEMON NEO DESTINY #1 DARK AMPHAROS-HOLO PSA 8 #1,https://www.ebay.es/itm/306873228963,PriceCharting
Neo Destiny,Dark Ampharos,1/105,Unlimited,PSA 8,2026-04-15,149.99,USD,eBay,unknown,FALSE,,,2002 Pokemon Holo Dark Ampharos Neo Destiny 1/105 PSA 8 1/105,https://www.ebay.es/itm/206206828682,PriceCharting
Neo Destiny,Dark Ampharos,1/105,Unlimited,PSA 8,2026-03-07,139.95,USD,eBay,unknown,FALSE,,,2002 POKEMON NEO DESTINY #1 DARK AMPHAROS-HOLO PSA 8 #1,https://www.ebay.es/itm/297944753592,PriceCharting
Neo Destiny,Dark Ampharos,1/105,Unlimited,PSA 8,2026-03-01,149.99,USD,eBay,unknown,FALSE,,,2002 Pokemon Holo Dark Ampharos Neo Destiny 1/105 PSA 8 1/105,https://www.ebay.es/itm/197966256434,PriceCharting
Neo Destiny,Dark Ampharos,1/105,Unlimited,PSA 8,2026-02-05,189.99,USD,eBay,unknown,FALSE,,,2002 Pokemon Holo Dark Ampharos Neo Destiny 1/105 PSA 8 NM-MT 1/105,https://www.ebay.es/itm/306747035658,PriceCharting
Neo Destiny,Dark Ampharos,1/105,Unlimited,PSA 8,2026-02-01,98.90,USD,eBay,unknown,FALSE,,,Pokemon Dark Ampharos Neo Destiny Unlimited Holo Rare #1 PSA 8,https://www.ebay.es/itm/287093275110,PriceCharting
Neo Destiny,Dark Crobat,2/105,1st Edition,PSA 10,2026-09-25,8500,USD,Fanatics Collect,best offer,TRUE,,43878176,,https://www.fanaticscollect.com/buy-now/cb9c1be3-9492-4a2b-8a09-2196b56e9972,PSA APR
Neo Destiny,Dark Crobat,2/105,1st Edition,PSA 10,2026-09-22,4999,USD,eBay,best offer,TRUE,,25690245,,https://www.ebay.com/itm/158317481112,PSA APR
Neo Destiny,Dark Crobat,2/105,1st Edition,PSA 10,2026-09-21,5760,USD,Fanatics Collect,auction,FALSE,,43878176,,https://www.fanaticscollect.com/weekly/9b53827c-aa56-11f1-a685-0686fa1bd715,PSA APR
Neo Destiny,Dark Crobat,2/105,1st Edition,PSA 10,2026-09-18,4999.99,USD,eBay,BIN,FALSE,,41486468,,https://www.ebay.com/itm/117390146017,PSA APR
Neo Destiny,Dark Crobat,2/105,1st Edition,PSA 10,2026-09-17,4775.95,USD,eBay,unknown,FALSE,,,2002 Pokemon Neo Destiny Dark Crobat Holo 1st Edition #2 PSA 10,https://www.ebay.es/itm/398382146950,PriceCharting
Neo Destiny,Dark Crobat,2/105,1st Edition,PSA 10,2026-09-07,4475.00,USD,eBay,unknown,FALSE,,,Pokemon Dark Crobat Neo Destiny 1st Edition Holo Rare #2 PSA 10 Gem Mint,https://www.ebay.es/itm/287215053785,PriceCharting
Neo Destiny,Dark Crobat,2/105,1st Edition,PSA 10,2026-08-29,3000.00,USD,eBay,unknown,FALSE,,,Pokemon Dark Crobat Neo Destiny 1st Edition Holo Rare #2 PSA 10 Gem Mint,https://www.ebay.es/itm/287278302236,PriceCharting
Neo Destiny,Dark Crobat,2/105,1st Edition,PSA 10,2026-07-06,3240,USD,Fanatics Collect,auction,FALSE,,43422163,,https://www.fanaticscollect.com/weekly/167898f4-6f68-11f1-b8d9-0a58a9feac02,PSA APR
Neo Destiny,Dark Crobat,2/105,1st Edition,PSA 10,2026-06-22,2900.00,USD,eBay,unknown,FALSE,,,Pokémon Dark Crobat Neo Destiny 1st Edition Holo Rare 2/105. PSA 10 Gem Mint #2,https://www.ebay.es/itm/178222880157,PriceCharting
Neo Destiny,Dark Crobat,2/105,1st Edition,PSA 10,2026-06-14,3050.00,USD,eBay,unknown,FALSE,,,Pokemon Dark Crobat Neo Destiny 1st Edition Holo Rare #2 PSA 10 Gem Mint,https://www.ebay.es/itm/287379736844,PriceCharting
Neo Destiny,Dark Crobat,2/105,1st Edition,PSA 10,2026-06-01,3850.00,USD,eBay,unknown,FALSE,,,Pokemon Dark Crobat Neo Destiny 1st Edition Holo Rare #2 PSA 10 Gem Mint,https://www.ebay.es/itm/287344972284,PriceCharting
Neo Destiny,Dark Crobat,2/105,1st Edition,PSA 10,2026-05-18,3240,USD,Fanatics Collect,auction,FALSE,,28988022,,https://www.fanaticscollect.com/weekly/def0c23a-4a1e-11f1-8820-027004a3c7d9,PSA APR
Neo Destiny,Dark Crobat,2/105,1st Edition,PSA 10,2026-04-20,2760,USD,Fanatics Collect,auction,FALSE,,24742993,,https://www.fanaticscollect.com/weekly/5013e7c6-32af-11f1-9fb1-0a58a9feac02,PSA APR
Neo Destiny,Dark Crobat,2/105,1st Edition,PSA 10,2026-04-06,3240,USD,Fanatics Collect,auction,FALSE,,64071085,,https://www.fanaticscollect.com/weekly/7c1cdf48-28b0-11f1-b35d-024548c722f5,PSA APR
Neo Destiny,Dark Crobat,2/105,1st Edition,PSA 10,2026-03-25,3999.00,USD,eBay,unknown,FALSE,,,2002 Pokemon Dark Crobat Neo Destiny 1st Edition Holo Rare #2 PSA 10 Gem Mint,https://www.ebay.es/itm/177972194731,PriceCharting
Neo Destiny,Dark Crobat,2/105,1st Edition,PSA 10,2026-03-15,3125.00,USD,eBay,unknown,FALSE,,,2002 Pokemon Dark Crobat Neo Destiny 1st Edition Holo Rare #2 PSA 10 Gem Mint,https://www.ebay.es/itm/406740888436,PriceCharting
Neo Destiny,Dark Crobat,2/105,1st Edition,PSA 10,2026-02-26,2250.00,USD,eBay,unknown,FALSE,,,Pokemon Dark Crobat Neo Destiny 1st Edition Holo Rare #2 PSA 10 Gem Mint,https://www.ebay.es/itm/287148715032,PriceCharting
Neo Destiny,Dark Crobat,2/105,1st Edition,PSA 10,2026-02-26,2200,USD,eBay,BIN,FALSE,,24742993,,https://www.ebay.com/itm/187720949217,PSA APR
Neo Destiny,Dark Crobat,2/105,1st Edition,PSA 10,2026-02-25,1713.67,USD,eBay,best offer,TRUE,,28988022,,https://www.ebay.com/itm/287163965229,PSA APR
Neo Destiny,Dark Crobat,2/105,1st Edition,PSA 10,2025-10-31,1009.00,USD,eBay,unknown,FALSE,,,2002 WOTC POKEMON NEO DESTINY 1ST EDITION DARK CROBAT 2/105 HOLO RARE PSA 10 2/105,https://www.ebay.es/itm/357775361808,PriceCharting
Neo Destiny,Dark Crobat,2/105,1st Edition,PSA 10,2025-10-06,1380,USD,Fanatics Collect,auction,FALSE,,41261521,,https://www.fanaticscollect.com/weekly/81c10bd0-9801-11f0-81c5-02d93b7d50ab,PSA APR
Neo Destiny,Dark Crobat,2/105,1st Edition,PSA 10,2025-09-09,589.99,USD,eBay,best offer,TRUE,,26026968,,https://www.ebay.com/itm/264790608636,PSA APR
Neo Destiny,Dark Crobat,2/105,1st Edition,PSA 10,2025-08-24,945.00,USD,eBay,unknown,FALSE,,,Pokemon Dark Crobat Neo Destiny 1st Edition Holo Rare #2 PSA 10 Gem Mint,https://www.ebay.es/itm/286766410575,PriceCharting
Neo Destiny,Dark Crobat,2/105,1st Edition,PSA 10,2025-08-10,540.00,USD,eBay,unknown,FALSE,,,Pokemon Dark Crobat Neo Destiny 1st Edition Holo Rare #2 PSA 10 Gem Mint,https://www.ebay.es/itm/286739114477,PriceCharting
Neo Destiny,Dark Crobat,2/105,1st Edition,PSA 10,2025-06-12,600,USD,eBay,best offer,TRUE,,27566359,,https://www.ebay.com/itm/315087972328,PSA APR
Neo Destiny,Dark Crobat,2/105,1st Edition,PSA 10,2025-04-28,600.00,USD,eBay,unknown,FALSE,,,2002 Pokemon Neo Destiny 1st Edition RARE #2 Dark Crobat HOLO PSA 10 GEM MINT! #2,https://www.ebay.es/itm/236062337872,PriceCharting
Neo Destiny,Dark Crobat,2/105,1st Edition,PSA 10,2025-04-04,630.00,USD,eBay,unknown,FALSE,,,2002 Pokemon Neo Destiny 1st Edition RARE #2 Dark Crobat HOLO PSA 10 GEM MINT,https://www.ebay.es/itm/205380283718,PriceCharting
Neo Destiny,Dark Crobat,2/105,1st Edition,PSA 10,2025-03-26,750,USD,eBay,best offer,TRUE,,45537074,,https://www.ebay.com/itm/225563568948,PSA APR
Neo Destiny,Dark Crobat,2/105,1st Edition,PSA 10,2025-03-16,695.81,USD,eBay,BIN,FALSE,,41904061,,https://www.ebay.com/itm/297038320545,PSA APR
Neo Destiny,Dark Crobat,2/105,1st Edition,PSA 10,2024-10-02,345.00,USD,eBay,unknown,FALSE,,,Pokemon Neo Destiny 1st. 2002 Dark Crobat Holo PSA 10 Gem Mint Edition - WOTC,https://www.ebay.es/itm/305804563118,PriceCharting
Neo Destiny,Dark Crobat,2/105,1st Edition,PSA 10,2024-09-01,344.25,USD,eBay,unknown,FALSE,,,Pokémon Neo Destiny 1st. Edition Dark Crobat Holo PSA 10 Gem Mint - WOTC 2002,https://www.ebay.es/itm/226313578493,PriceCharting
Neo Destiny,Dark Crobat,2/105,1st Edition,PSA 10,2024-06-02,456.95,USD,eBay,unknown,FALSE,,,Pokémon Neo Destiny 1st. Edition Dark Crobat Holo PSA 10 Gem Mint - WOTC 2002,https://www.ebay.es/itm/276482183009,PriceCharting
Neo Destiny,Dark Crobat,2/105,1st Edition,PSA 10,2023-11-22,365.00,USD,eBay,unknown,FALSE,,,2002 Pokemon Neo Destiny 1st Edition #2 Dark Crobat - Holo PSA 10 GEM MINT,https://www.ebay.es/itm/386283733356,PriceCharting
Neo Destiny,Dark Crobat,2/105,1st Edition,PSA 10,2023-10-28,442.44,USD,eBay,unknown,FALSE,,,Pokemon - PSA 10 1st Edition Neo Destiny Dark Crobat - Holo #2/105 #2,https://www.ebay.es/itm/235229464412,PriceCharting
Neo Destiny,Dark Crobat,2/105,1st Edition,PSA 10,2023-10-25,393,USD,eBay,auction,FALSE,,42609450,,https://www.ebay.com/itm/285520882558,PSA APR
Neo Destiny,Dark Crobat,2/105,1st Edition,PSA 10,2023-10-23,406.00,USD,eBay,unknown,FALSE,,,2002 Pokémon Neo Destiny 1st Edition Dark Crobat Holo PSA 10 Gem Mint #2/105,https://www.ebay.es/itm/256243984781,PriceCharting
Neo Destiny,Dark Crobat,2/105,1st Edition,PSA 10,2023-10-09,380,USD,eBay,auction,FALSE,,40987060,,https://www.ebay.com/itm/256236319383,PSA APR
Neo Destiny,Dark Crobat,2/105,1st Edition,PSA 9,2026-08-17,473.82,USD,eBay,unknown,FALSE,,,Dark Crobat Holo 2/105 PSA 9 1st Edition Neo Destiny Pokemon 2/105,https://www.ebay.es/itm/168620996129,PriceCharting
Neo Destiny,Dark Crobat,2/105,1st Edition,PSA 9,2026-08-16,405.00,USD,eBay,unknown,FALSE,,,Pokemon Dark Crobat Holo Neo Destiny 2/105 1st Edition PSA 9 Mint 2/105,https://www.ebay.es/itm/287511104865,PriceCharting
Neo Destiny,Dark Crobat,2/105,1st Edition,PSA 9,2026-08-07,550.00,USD,eBay,unknown,FALSE,,,Dark Crobat 🌙✨• Pokémon 2002 Neo Destiny 2/105 1st Edition Holo Rare • PSA 9 2/105,https://www.ebay.es/itm/307093782930,PriceCharting
Neo Destiny,Dark Crobat,2/105,1st Edition,PSA 9,2026-07-27,280.00,USD,eBay,unknown,FALSE,,,Pokemon Dark Crobat Holo Neo Destiny 2/105 1st Edition PSA 9 Mint 2/105,https://www.ebay.es/itm/287468639436,PriceCharting
Neo Destiny,Dark Crobat,2/105,1st Edition,PSA 9,2026-06-14,182.50,USD,eBay,unknown,FALSE,,,2002 Pokemon DARK CROBAT #2/105 Neo Destiny 1st Edition Holo PSA 9 2/105,https://www.ebay.es/itm/306981832408,PriceCharting
Neo Destiny,Dark Crobat,2/105,1st Edition,PSA 9,2026-06-02,535.00,USD,eBay,best offer,TRUE,535.00,,Dark Crobat 🌙✨• Pokémon 2002 Neo Destiny 2/105 1st Edition Holo Rare • PSA 9 2/105,https://www.ebay.es/itm/318392125069,PriceCharting
Neo Destiny,Dark Crobat,2/105,1st Edition,PSA 9,2026-05-28,386.00,USD,eBay,unknown,FALSE,,,2002 Pokemon Neo Destiny Dark Crobat - Holo 1st Edition #2 PSA 9 2/105,https://www.ebay.es/itm/267676932188,PriceCharting
Neo Destiny,Dark Crobat,2/105,1st Edition,PSA 9,2026-05-13,473.89,USD,eBay,unknown,FALSE,,,Pokemon Cards - PSA 9 1st Edition Dark Crobat 2/105 - Neo Destiny - MINT - PSA9 2/105,https://www.ebay.es/itm/287317724035,PriceCharting
Neo Destiny,Dark Crobat,2/105,1st Edition,PSA 9,2026-04-18,400.00,USD,eBay,best offer,TRUE,400.00,,Pokémon 2002 Neo Destiny Dark Crobat 2/105 1st Edition Holo Rare PSA 9 2/105,https://www.ebay.es/itm/406767139764,PriceCharting
Neo Destiny,Dark Crobat,2/105,1st Edition,PSA 9,2026-04-18,440.00,USD,eBay,best offer,TRUE,440.00,,Pokémon 2002 Neo Destiny Dark Crobat 2/105 1st Edition Holo Rare PSA 9 —LOW POP- 2/105,https://www.ebay.es/itm/336507441195,PriceCharting
Neo Destiny,Dark Crobat,2/105,1st Edition,PSA 9,2026-04-04,358.54,USD,eBay,best offer,TRUE,,,1st Edition Dark Crobat PSA 9 MINT Neo Destiny Pokemon Card,https://www.ebay.es/itm/206189185983,PriceCharting
Neo Destiny,Dark Crobat,2/105,1st Edition,PSA 9,2026-03-29,364.32,USD,eBay,best offer,TRUE,368.11,,1st Edition Dark Crobat PSA 9 MINT Neo Destiny Pokemon Card,https://www.ebay.es/itm/206036689646,PriceCharting
Neo Destiny,Dark Crobat,2/105,1st Edition,PSA 9,2026-03-02,399.00,USD,eBay,unknown,FALSE,,,Pokemon 2002 Neo Destiny 1st Edition Dark Crobat Holo PSA 9 2/105,https://www.ebay.es/itm/177910912788,PriceCharting
Neo Destiny,Dark Crobat,2/105,1st Edition,PSA 9,2026-02-20,320.00,USD,eBay,unknown,FALSE,,,2002 POKEMON NEO DESTINY 1ST ED #2 DARK CROBAT-HOLO PSA 9 #2,https://www.ebay.es/itm/117011035612,PriceCharting
Neo Destiny,Dark Crobat,2/105,1st Edition,PSA 9,2026-02-08,250.00,USD,eBay,best offer,TRUE,250.00,,Pokémon 2002 Neo Destiny Dark Crobat 2/105 1st Edition Holo Rare PSA 9 2/105,https://www.ebay.es/itm/406675639874,PriceCharting
Neo Destiny,Dark Crobat,2/105,1st Edition,PSA 9,2026-02-01,300.00,USD,eBay,unknown,FALSE,,,2002 Pokémon Neo Destiny Dark Crobat 1st Edition Holo 2/105 PSA 9 2/105,https://www.ebay.es/itm/389522250536,PriceCharting
Neo Destiny,Dark Crobat,2/105,1st Edition,PSA 9,2026-01-27,305.00,USD,eBay,unknown,FALSE,,,1st Edition Dark Crobat PSA 9 MINT Neo Destiny Pokemon Card,https://www.ebay.es/itm/115321295987,PriceCharting
Neo Destiny,Dark Crobat,2/105,1st Edition,PSA 9,2026-01-19,245.00,USD,eBay,best offer,TRUE,245.00,,Dark Crobat 1st Edition PSA 9 MINT Neo Destiny Pokemon Card,https://www.ebay.es/itm/358123763461,PriceCharting
Neo Destiny,Dark Crobat,2/105,1st Edition,PSA 9,2026-01-08,293.00,USD,eBay,unknown,FALSE,,,2002 Pokemon Neo Destiny Dark Crobat 1st Edition #2 - PSA 9 MINT CLEAN! #2,https://www.ebay.es/itm/177729947920,PriceCharting
Neo Destiny,Dark Crobat,2/105,1st Edition,PSA 9,2025-11-29,249.99,USD,eBay,unknown,FALSE,,,2002 POKEMON NEO DESTINY 1ST ED #2 DARK CROBAT-HOLO PSA 9 #2,https://www.ebay.es/itm/306604541213,PriceCharting
Neo Destiny,Dark Crobat,2/105,1st Edition,PSA 9,2025-10-26,158.40,USD,eBay,unknown,FALSE,,,Pokemon Dark Crobat Neo Destiny 1st Edition Holo Rare #2 PSA 9 Mint,https://www.ebay.es/itm/286882150610,PriceCharting
Neo Destiny,Dark Crobat,2/105,1st Edition,PSA 9,2025-10-26,210.50,USD,eBay,unknown,FALSE,,,Pokemon Dark Crobat Neo Destiny 1st Edition Holo Rare #2 PSA 9 Mint,https://www.ebay.es/itm/286882857836,PriceCharting
Neo Destiny,Dark Crobat,2/105,1st Edition,PSA 8,2026-09-13,232.80,USD,eBay,unknown,FALSE,,,2002 POKEMON NEO DESTINY #2 DARK CROBAT-HOLO 1ST EDITION PSA 8 #2,https://www.ebay.es/itm/307158161232,PriceCharting
Neo Destiny,Dark Crobat,2/105,1st Edition,PSA 8,2026-07-19,300.00,USD,eBay,best offer,TRUE,300.00,,2002 POKEMON NEO DESTINY 1ST EDITION #2 DARK CROBAT-HOLO PSA 8 #2,https://www.ebay.es/itm/307071233708,PriceCharting
Neo Destiny,Dark Crobat,2/105,1st Edition,PSA 8,2026-05-22,250.00,USD,eBay,best offer,TRUE,,,PSA 8 Dark Crobat 1st Edition 2/105 Neo Destiny Holo 2002 Pokemon Card Graded 2/105,https://www.ebay.es/itm/227346813384,PriceCharting
Neo Destiny,Dark Crobat,2/105,1st Edition,PSA 8,2026-05-15,247.38,USD,eBay,unknown,FALSE,,,Pokemon Neo Destiny 2/105 Dark Crobat Holo 1st Edition PSA 8,https://www.ebay.es/itm/168361307399,PriceCharting
Neo Destiny,Dark Crobat,2/105,1st Edition,PSA 8,2026-05-05,270.00,USD,eBay,unknown,FALSE,,,2002 Pokemon Neo Destiny Dark Crobat Holo 1st Edition PSA 8 #2/105 2/105,https://www.ebay.es/itm/178105893180,PriceCharting
Neo Destiny,Dark Crobat,2/105,1st Edition,PSA 8,2026-04-18,250.00,USD,eBay,best offer,TRUE,,,2002 Pokemon Neo Destiny Dark Crobat Holo 1st Edition #2/105 PSA 8 2/105,https://www.ebay.es/itm/177953576037,PriceCharting
Neo Destiny,Dark Crobat,2/105,1st Edition,PSA 8,2026-04-05,182.49,USD,eBay,unknown,FALSE,,,2002 POKEMON NEO DESTINY 1ST EDITION #2 DARK CROBAT-HOLO PSA 8 #2,https://www.ebay.es/itm/306846962048,PriceCharting
Neo Destiny,Dark Crobat,2/105,1st Edition,PSA 8,2026-03-22,215.00,USD,eBay,unknown,FALSE,,,2002 POKEMON NEO DESTINY 1ST ED #2 DARK CROBAT-HOLO PSA 8 #2,https://www.ebay.es/itm/206157235399,PriceCharting
Neo Destiny,Dark Crobat,2/105,1st Edition,PSA 8,2026-03-22,215.00,USD,eBay,best offer,TRUE,215.00,,2002 POKEMON NEO DESTINY 1ST ED #2 DARK CROBAT-HOLO PSA 8 #2,https://www.ebay.es/itm/206154891520,PriceCharting
Neo Destiny,Dark Crobat,2/105,1st Edition,PSA 8,2026-02-09,200.00,USD,eBay,unknown,FALSE,,,2002 POKEMON NEO DESTINY 1ST ED #2 DARK CROBAT-HOLO PSA 8 #2,https://www.ebay.es/itm/376935143182,PriceCharting
Neo Destiny,Dark Crobat,2/105,1st Edition,PSA 8,2026-01-01,154.01,USD,eBay,unknown,FALSE,,,2002 POKEMON NEO DESTINY 1ST ED #2 DARK CROBAT-HOLO PSA 8 #2,https://www.ebay.es/itm/116943670892,PriceCharting
Neo Destiny,Dark Crobat,2/105,1st Edition,PSA 8,2025-12-06,150.00,USD,eBay,best offer,TRUE,150.00,,2002 POKEMON NEO DESTINY 1ST ED #2 DARK CROBAT-HOLO PSA 8 #2,https://www.ebay.es/itm/306601038685,PriceCharting
Neo Destiny,Dark Crobat,2/105,1st Edition,PSA 8,2025-12-03,152.00,USD,eBay,unknown,FALSE,,,2002 Pokemon Neo Destiny 1st Edition #2 Dark Crobat Holo PSA 8 NM-MT,https://www.ebay.es/itm/366018606633,PriceCharting
Neo Destiny,Dark Crobat,2/105,1st Edition,PSA 8,2025-10-26,109.40,USD,eBay,unknown,FALSE,,,Pokemon Dark Crobat Neo Destiny 1st Edition Holo Rare #2 PSA 8,https://www.ebay.es/itm/286882112945,PriceCharting
Neo Destiny,Dark Crobat,2/105,1st Edition,PSA 8,2025-10-02,175.00,USD,eBay,unknown,FALSE,,,2002 Pokemon Neo Destiny #2 Dark Crobat Holo 1st Edition PSA 8 NM-MINT #2,https://www.ebay.es/itm/177348943298,PriceCharting
Neo Destiny,Dark Crobat,2/105,1st Edition,PSA 8,2025-09-04,137.50,USD,eBay,unknown,FALSE,,,2002 POKEMON NEO DESTINY 1ST ED #2 DARK CROBAT-HOLO PSA 8 #2,https://www.ebay.es/itm/306466949657,PriceCharting
Neo Destiny,Dark Crobat,2/105,1st Edition,PSA 8,2025-08-20,175.00,USD,eBay,unknown,FALSE,,,2002 Pokemon Neo Destiny #2 Dark Crobat Holo 1st Edition PSA 8 NM-MINT #2,https://www.ebay.es/itm/177348943300,PriceCharting
Neo Destiny,Dark Crobat,2/105,1st Edition,PSA 8,2025-08-18,110.99,USD,eBay,unknown,FALSE,,,2002 POKEMON NEO DESTINY 1ST ED #2 DARK CROBAT-HOLO PSA 8 #2,https://www.ebay.es/itm/116739655107,PriceCharting
Neo Destiny,Dark Crobat,2/105,1st Edition,PSA 8,2025-07-30,194.95,USD,eBay,unknown,FALSE,,,2002 POKEMON NEO DESTINY 1ST ED #2 DARK CROBAT-HOLO PSA 8 #2,https://www.ebay.es/itm/197531636020,PriceCharting
Neo Destiny,Dark Crobat,2/105,1st Edition,PSA 8,2025-06-26,129.99,USD,eBay,unknown,FALSE,,,2002 POKEMON NEO DESTINY 1ST ED #2 DARK CROBAT-HOLO PSA 8 #2,https://www.ebay.es/itm/116658064318,PriceCharting
Neo Destiny,Dark Crobat,2/105,1st Edition,PSA 8,2025-05-13,139.00,USD,eBay,unknown,FALSE,,,PSA 8 - Pokemon DARK CROBAT 2/105 - NEO DESTINY 1st EDITION - RARE Holographic 2/105,https://www.ebay.es/itm/375599773219,PriceCharting
Neo Destiny,Dark Crobat,2/105,1st Edition,PSA 8,2025-03-10,96.01,USD,eBay,unknown,FALSE,,,2002 Pokemon Neo Destiny 1st Edition #2 Dark Crobat Holo PSA 8 NM-MT,https://www.ebay.es/itm/388022530645,PriceCharting
Neo Destiny,Dark Crobat,2/105,1st Edition,PSA 8,2025-01-24,95.00,USD,eBay,unknown,FALSE,,,Pokemon Dark Crobat Neo Destiny 1st Edition Holo Rare #2 PSA 8 WOTC TCG NM-MT #2,https://www.ebay.es/itm/176774159931,PriceCharting
Neo Destiny,Dark Crobat,2/105,1st Edition,PSA 8,2024-08-10,135.00,USD,eBay,unknown,FALSE,,,1st Edition Dark Crobat 2/105 Neo Destiny Holo Rare 2002 Pokemon | PSA 8 #2,https://www.ebay.es/itm/305698275451,PriceCharting
Neo Destiny,Dark Crobat,2/105,Unlimited,PSA 10,2026-09-07,2200.00,USD,eBay,unknown,FALSE,,,Pokemon Dark Crobat Neo Destiny Unlimited Holo Rare #2 PSA 10 Gem Mint,https://www.ebay.es/itm/287235328564,PriceCharting
Neo Destiny,Dark Crobat,2/105,Unlimited,PSA 10,2026-09-03,2300.00,USD,eBay,unknown,FALSE,,,PSA 10 GEM MINT Dark Crobat 2/105 HOLO Neo Destiny RARE Pokemon Card 2/105,https://www.ebay.es/itm/389938713026,PriceCharting
Neo Destiny,Dark Crobat,2/105,Unlimited,PSA 10,2026-07-30,1425.00,USD,eBay,best offer,TRUE,1425.00,,2002 POKEMON NEO DESTINY #2 DARK CROBAT-HOLO PSA 10 #2,https://www.ebay.es/itm/298456378546,PriceCharting
Neo Destiny,Dark Crobat,2/105,Unlimited,PSA 10,2026-04-25,2199.99,USD,eBay,unknown,FALSE,,,PSA 10 GEM MINT Dark Crobat 2/105 HOLO Neo Destiny RARE Pokemon Card,https://www.ebay.es/itm/318053422794,PriceCharting
Neo Destiny,Dark Crobat,2/105,Unlimited,PSA 10,2026-04-06,750,USD,Fanatics Collect,auction,FALSE,,47925589,,https://www.fanaticscollect.com/weekly/54864e36-1eee-11f1-abe8-0a58a9feac02,PSA APR
Neo Destiny,Dark Crobat,2/105,Unlimited,PSA 10,2026-02-24,1050.00,USD,eBay,unknown,FALSE,,,2002 POKEMON NEO DESTINY #2 DARK CROBAT-HOLO PSA 10 #2,https://www.ebay.es/itm/117054129894,PriceCharting
Neo Destiny,Dark Crobat,2/105,Unlimited,PSA 10,2026-02-16,1054,USD,Goldin Auctions,auction,FALSE,,88977465,,https://goldin.co/item/2002-pokemon-neo-destiny-holo-2-dark-crobat-psa-gem-mt-10j9o02,PSA APR
Neo Destiny,Dark Crobat,2/105,Unlimited,PSA 10,2026-02-16,706.04,USD,eBay,best offer,TRUE,,28115778,,https://www.ebay.com/itm/198038716738,PSA APR
Neo Destiny,Dark Crobat,2/105,Unlimited,PSA 10,2025-12-13,650.00,USD,eBay,best offer,TRUE,,,2002 POKEMON NEO DESTINY #2 DARK CROBAT-HOLO PSA 10 #2,https://www.ebay.es/itm/306582382573,PriceCharting
Neo Destiny,Dark Crobat,2/105,Unlimited,PSA 10,2025-11-24,719.98,USD,eBay,BIN,FALSE,,28692053,,https://www.ebay.com/itm/286820660391,PSA APR
Neo Destiny,Dark Crobat,2/105,Unlimited,PSA 10,2025-11-10,492,USD,Fanatics Collect,auction,FALSE,,47925589,,https://www.fanaticscollect.com/weekly/8e1f5328-93f1-11f0-940b-0214d4406237,PSA APR
Neo Destiny,Dark Crobat,2/105,Unlimited,PSA 10,2025-11-02,675,USD,eBay,best offer,TRUE,,59714011,,https://www.ebay.com/itm/127449395244,PSA APR
Neo Destiny,Dark Crobat,2/105,Unlimited,PSA 10,2025-08-08,450,USD,eBay,best offer,TRUE,,43867564,,https://www.ebay.com/itm/277302234991,PSA APR
Neo Destiny,Dark Crobat,2/105,Unlimited,PSA 10,2025-08-07,900.00,USD,eBay,unknown,FALSE,,,2002 POKEMON NEO DESTINY #2 DARK CROBAT-HOLO PSA 10 #2,https://www.ebay.es/itm/116709152376,PriceCharting
Neo Destiny,Dark Crobat,2/105,Unlimited,PSA 10,2025-06-16,288,USD,Fanatics Collect,auction,FALSE,,43189656,,https://www.fanaticscollect.com/weekly/9842e246-42c2-11f0-a272-0a58a9feac02,PSA APR
Neo Destiny,Dark Crobat,2/105,Unlimited,PSA 10,2025-04-04,280.00,USD,eBay,unknown,FALSE,,,2002 Pokemon Neo Destiny RARE Foil #2 Dark Crobat HOLO PSA 10 GEM MINT,https://www.ebay.es/itm/365486005515,PriceCharting
Neo Destiny,Dark Crobat,2/105,Unlimited,PSA 10,2025-03-30,323.51,USD,eBay,best offer,TRUE,,73097498,,https://www.ebay.com/itm/387381774685,PSA APR
Neo Destiny,Dark Crobat,2/105,Unlimited,PSA 10,2025-03-24,307.27,USD,eBay,BIN,FALSE,,48828737,,https://www.ebay.com/itm/396297590715,PSA APR
Neo Destiny,Dark Crobat,2/105,Unlimited,PSA 10,2025-03-04,122.13,USD,eBay,auction,FALSE,,26961470,,https://www.ebay.com/itm/356633467667,PSA APR
Neo Destiny,Dark Crobat,2/105,Unlimited,PSA 10,2025-03-02,250.00,USD,eBay,unknown,FALSE,,,2002 Pokémon Neo Destiny Dark Crobat PSA 10. (POP 50),https://www.ebay.es/itm/405574334027,PriceCharting
Neo Destiny,Dark Crobat,2/105,Unlimited,PSA 10,2025-02-26,244.37,USD,eBay,best offer,TRUE,,48828737,,https://www.ebay.com/itm/396117771920,PSA APR
Neo Destiny,Dark Crobat,2/105,Unlimited,PSA 10,2025-02-09,500,USD,eBay,BIN,FALSE,,68584741,,https://www.ebay.com/itm/306008739560,PSA APR
Neo Destiny,Dark Crobat,2/105,Unlimited,PSA 10,2025-01-31,249.99,USD,eBay,unknown,FALSE,,,2002 Pokemon Neo Destiny Dark Crobat 2/105 Holo Rare PSA 10 GEM,https://www.ebay.es/itm/176546332854,PriceCharting
Neo Destiny,Dark Crobat,2/105,Unlimited,PSA 10,2024-05-20,190.50,USD,eBay,unknown,FALSE,,,PSA 10 2002 Dark Crobat Pokemon Neo Destiny 2 Holo Rare Pokemon TCG Card #2,https://www.ebay.es/itm/355713346115,PriceCharting
Neo Destiny,Dark Crobat,2/105,Unlimited,PSA 9,2026-09-25,299.99,USD,eBay,unknown,FALSE,,,2002 Pokemon Neo Destiny Dark Crobat 2/105 Holo PSA 9 MINT WOTC Vintage Rare 2/105,https://www.ebay.es/itm/267795019967,PriceCharting
Neo Destiny,Dark Crobat,2/105,Unlimited,PSA 9,2026-09-24,250.00,USD,eBay,best offer,TRUE,250.00,,Dark Crobat #2/105 - Holo - Neo Destiny - 2002 Pokemon - PSA 9 2/105,https://www.ebay.es/itm/287581150197,PriceCharting
Neo Destiny,Dark Crobat,2/105,Unlimited,PSA 9,2026-07-20,322.84,USD,eBay,unknown,FALSE,,,Pokémon TCG Dark Crobat Neo Destiny 2/105 Holo Unlimited PSA 9 HUGE SWIRL 2/105,https://www.ebay.es/itm/407084497614,PriceCharting
Neo Destiny,Dark Crobat,2/105,Unlimited,PSA 9,2026-06-12,171.50,USD,eBay,unknown,FALSE,,,2002 Pokemon Dark Crobat 2/105 Neo Destiny Holo PSA 9 2/105,https://www.ebay.es/itm/137379067394,PriceCharting
Neo Destiny,Dark Crobat,2/105,Unlimited,PSA 9,2026-06-05,240.00,USD,eBay,unknown,FALSE,,,2002 POKEMON NEO DESTINY #2 DARK CROBAT-HOLO PSA 9 #2,https://www.ebay.es/itm/117222377105,PriceCharting
Neo Destiny,Dark Crobat,2/105,Unlimited,PSA 9,2026-06-03,235.00,USD,eBay,unknown,FALSE,,,Pokemon TCG Dark Crobat Neo Destiny Holo Rare #2 2002 PSA 9 2/105,https://www.ebay.es/itm/397901563943,PriceCharting
Neo Destiny,Dark Crobat,2/105,Unlimited,PSA 9,2026-04-30,255.00,USD,eBay,best offer,TRUE,,,Dark Crobat Holo 2/105 Neo Destiny Pokemon PSA 9 2/105,https://www.ebay.es/itm/406858226872,PriceCharting
Neo Destiny,Dark Crobat,2/105,Unlimited,PSA 9,2026-03-11,158.50,USD,eBay,unknown,FALSE,,,2002 POKEMON NEO DESTINY #2 DARK CROBAT-HOLO PSA 9 #2,https://www.ebay.es/itm/117066766532,PriceCharting
Neo Destiny,Dark Crobat,2/105,Unlimited,PSA 9,2026-03-09,180.00,USD,eBay,best offer,TRUE,180.00,,2002 Pokémon Neo Destiny Dark Crobat #2/105 Holo PSA 9 Mint 2/105,https://www.ebay.es/itm/188114175425,PriceCharting
Neo Destiny,Dark Crobat,2/105,Unlimited,PSA 9,2025-12-18,175.00,USD,eBay,unknown,FALSE,,,2002 Pokémon Neo Destiny Dark Crobat #2/105 Holo PSA 9 Mint 2/105,https://www.ebay.es/itm/317452495938,PriceCharting
Neo Destiny,Dark Crobat,2/105,Unlimited,PSA 9,2025-11-26,165.12,USD,eBay,unknown,FALSE,,,2002 POKEMON NEO DESTINY #2 DARK CROBAT-HOLO PSA 9 P2 #2,https://www.ebay.es/itm/167880762983,PriceCharting
Neo Destiny,Dark Crobat,2/105,Unlimited,PSA 9,2025-11-17,74.00,USD,eBay,unknown,FALSE,,,Pokemon Dark Crobat Neo Destiny Unlimited Holo Rare #2 PSA 9 Mint,https://www.ebay.es/itm/286922256279,PriceCharting
Neo Destiny,Dark Crobat,2/105,Unlimited,PSA 9,2025-10-11,149.00,USD,eBay,best offer,TRUE,,,2002 POKEMON NEO DESTINY #2 DARK CROBAT-HOLO PSA 9 #2,https://www.ebay.es/itm/116776307005,PriceCharting
Neo Destiny,Dark Crobat,2/105,Unlimited,PSA 9,2025-09-07,125.00,USD,eBay,unknown,FALSE,,,2002 POKEMON NEO DESTINY #2 DARK CROBAT-HOLO PSA 9 #2,https://www.ebay.es/itm/116755933331,PriceCharting
Neo Destiny,Dark Crobat,2/105,Unlimited,PSA 9,2025-08-23,100.00,USD,eBay,unknown,FALSE,,,2002 Pokémon Neo Destiny #2 Dark Crobat Holo PSA 9 Mint 2/105,https://www.ebay.es/itm/326690965682,PriceCharting
Neo Destiny,Dark Crobat,2/105,Unlimited,PSA 9,2025-08-08,100.00,USD,eBay,unknown,FALSE,,,Pokemon HOLO DARK CROBAT 2002 Neo Destiny PSA 9 MINT,https://www.ebay.es/itm/267243853238,PriceCharting
Neo Destiny,Dark Crobat,2/105,Unlimited,PSA 9,2025-08-05,97.99,USD,eBay,unknown,FALSE,,,Pokemon HOLO DARK CROBAT 2002 Neo Destiny PSA 9 MINT #2,https://www.ebay.es/itm/335837565858,PriceCharting
Neo Destiny,Dark Crobat,2/105,Unlimited,PSA 9,2025-08-02,99.99,USD,eBay,unknown,FALSE,,,Pokemon Card Holo Dark Crobat 2/105 PSA 9 MINT Neo Destiny,https://www.ebay.es/itm/297295511346,PriceCharting
Neo Destiny,Dark Crobat,2/105,Unlimited,PSA 9,2025-07-20,114.99,USD,eBay,unknown,FALSE,,,PSA 9 MINT - DARK CROBAT 2/105 - 2002 Pokemon Neo Destiny Vintage Holo Rare #2 #2,https://www.ebay.es/itm/115212144076,PriceCharting
Neo Destiny,Dark Crobat,2/105,Unlimited,PSA 9,2025-06-29,76.00,USD,eBay,unknown,FALSE,,,Pokemon 2002 Neo Destiny Dark Crobat Holo 2/105 PSA 9 Mint 2/105,https://www.ebay.es/itm/146670606438,PriceCharting
Neo Destiny,Dark Crobat,2/105,Unlimited,PSA 9,2025-06-22,89.00,USD,eBay,unknown,FALSE,,,Pokemon 2002 Neo Destiny Dark Crobat Holo 2/105 PSA 9 Mint 2/105,https://www.ebay.es/itm/136017957487,PriceCharting
Neo Destiny,Dark Crobat,2/105,Unlimited,PSA 9,2025-05-07,100.00,USD,eBay,unknown,FALSE,,,Pokemon HOLO DARK CROBAT 2002 Neo Destiny PSA 9 MINT,https://www.ebay.es/itm/266435217698,PriceCharting
Neo Destiny,Dark Crobat,2/105,Unlimited,PSA 9,2025-05-05,84.99,USD,eBay,unknown,FALSE,,,Dark Crobat Neo Destiny 2/105 Holo PSA 9 Pokemon 2/105,https://www.ebay.es/itm/205464211272,PriceCharting
Neo Destiny,Dark Crobat,2/105,Unlimited,PSA 9,2025-04-21,75.00,USD,eBay,unknown,FALSE,,,Dark Crobat Neo Destiny 2/105 Holo PSA 9 Pokemon 2/105,https://www.ebay.es/itm/267211268541,PriceCharting
Neo Destiny,Dark Crobat,2/105,Unlimited,PSA 9,2025-03-23,98.00,USD,eBay,unknown,FALSE,,,2002 Neo Destiny Dark Crobat 2/105 HOLO PSA 9 MINT Pokemon *SWIRL* #2,https://www.ebay.es/itm/226590094370,PriceCharting
Neo Destiny,Dark Crobat,2/105,Unlimited,PSA 8,2026-09-20,119.99,USD,eBay,unknown,FALSE,,,2002 Pokemon Neo Destiny Dark Crobat Holo Card #2 GRADED PSA 8 NM-MT,https://www.ebay.es/itm/178485975961,PriceCharting
Neo Destiny,Dark Crobat,2/105,Unlimited,PSA 8,2026-09-02,110.50,USD,eBay,unknown,FALSE,,,2002 POKEMON NEO DESTINY #2 DARK CROBAT-HOLO PSA 8 #2,https://www.ebay.es/itm/398324457514,PriceCharting
Neo Destiny,Dark Crobat,2/105,Unlimited,PSA 8,2026-08-22,106.47,USD,eBay,unknown,FALSE,,,2002 POKEMON NEO DESTINY #2/105 DARK CROBAT HOLO PSA 8 2/105,https://www.ebay.es/itm/206491868472,PriceCharting
Neo Destiny,Dark Crobat,2/105,Unlimited,PSA 8,2026-07-01,120.00,USD,eBay,best offer,TRUE,120.00,,2002 POKEMON NEO DESTINY #2 DARK CROBAT HOLO PSA 8 2/105,https://www.ebay.es/itm/327240372928,PriceCharting
Neo Destiny,Dark Crobat,2/105,Unlimited,PSA 8,2026-06-10,110.00,USD,eBay,unknown,FALSE,,,2002 Pokemon Neo Destiny Dark Crobat Holo PSA 8 #2/105 2/105,https://www.ebay.es/itm/318419324633,PriceCharting
Neo Destiny,Dark Crobat,2/105,Unlimited,PSA 8,2026-06-02,95.00,USD,eBay,best offer,TRUE,95.00,,2002 Pokemon Dark Crobat Neo Destiny Holo Rare PSA 8 NM/MINT 2/105,https://www.ebay.es/itm/267687643638,PriceCharting
Neo Destiny,Dark Crobat,2/105,Unlimited,PSA 8,2026-05-06,112.00,USD,eBay,best offer,TRUE,,,2002 Pokemon Neo Destiny Dark Crobat Holo PSA 8 #2/105 2/105,https://www.ebay.es/itm/178105891547,PriceCharting
Neo Destiny,Dark Crobat,2/105,Unlimited,PSA 8,2026-04-09,107.50,USD,eBay,unknown,FALSE,,,2002 POKEMON NEO DESTINY #2 DARK CROBAT-HOLO PSA 8 #2,https://www.ebay.es/itm/117118431565,PriceCharting
Neo Destiny,Dark Crobat,2/105,Unlimited,PSA 8,2026-03-30,110.40,USD,eBay,unknown,FALSE,,,2002 POKEMON NEO DESTINY #2 DARK CROBAT-HOLO PSA 8 #2,https://www.ebay.es/itm/298134457273,PriceCharting
Neo Destiny,Dark Crobat,2/105,Unlimited,PSA 8,2026-03-27,78.00,USD,eBay,unknown,FALSE,,,Pokémon TCG Dark Crobat 2/105 Neo Destiny Holo Rare PSA 8 English 2002 2/105,https://www.ebay.es/itm/298145167811,PriceCharting
Neo Destiny,Dark Crobat,2/105,Unlimited,PSA 8,2026-03-03,114.23,USD,eBay,unknown,FALSE,,,2002 Pokémon Neo Destiny #2 Dark Crobat Holo PSA 8 NM-MT Rare Dark 2/105,https://www.ebay.es/itm/327001000294,PriceCharting
Neo Destiny,Dark Crobat,2/105,Unlimited,PSA 8,2026-02-08,110.00,USD,eBay,best offer,TRUE,,,Dark Crobat #2 Pokemon Neo Destiny PSA 8 2/105,https://www.ebay.es/itm/336426074218,PriceCharting
Neo Destiny,Dark Crobat,2/105,Unlimited,PSA 8,2026-02-03,125.00,USD,eBay,unknown,FALSE,,,Dark Crobat #2 Pokemon Neo Destiny PSA 8 2/105,https://www.ebay.es/itm/376878529805,PriceCharting
Neo Destiny,Dark Crobat,2/105,Unlimited,PSA 8,2026-01-26,66.00,USD,eBay,unknown,FALSE,,,2002 POKEMON NEO DESTINY #2 DARK CROBAT-HOLO PSA 8 #2,https://www.ebay.es/itm/116987894322,PriceCharting
Neo Destiny,Dark Crobat,2/105,Unlimited,PSA 8,2025-10-17,125.00,USD,eBay,best offer,TRUE,125.00,,2002 POKEMON NEO DESTINY #2 DARK CROBAT-HOLO PSA 8 #2,https://www.ebay.es/itm/397116628969,PriceCharting
Neo Destiny,Dark Crobat,2/105,Unlimited,PSA 8,2025-10-17,133.50,USD,eBay,unknown,FALSE,,,2002 Pokemon Neo Destiny #2 Dark Crobat - Holo PSA 8 NM-MT,https://www.ebay.es/itm/389071893763,PriceCharting
Neo Destiny,Dark Crobat,2/105,Unlimited,PSA 8,2025-10-16,81.67,USD,eBay,unknown,FALSE,,,2002 Pokemon Neo Destiny #2 Dark Crobat - Holo PSA 8 NM-MT,https://www.ebay.es/itm/376607452122,PriceCharting
Neo Destiny,Dark Crobat,2/105,Unlimited,PSA 8,2025-10-15,115.00,USD,eBay,unknown,FALSE,,,2002 POKEMON NEO DESTINY #2 DARK CROBAT-HOLO PSA 8 #2,https://www.ebay.es/itm/116814329074,PriceCharting
Neo Destiny,Dark Crobat,2/105,Unlimited,PSA 8,2025-09-08,111.99,USD,eBay,unknown,FALSE,,,Pokémon TCG Dark Crobat 2/105 Neo Destiny Holo 2002 PSA 8 NM-MT 🔥 2/105,https://www.ebay.es/itm/376514988061,PriceCharting
Neo Destiny,Dark Donphan,3/105,1st Edition,PSA 10,2026-09-25,3869.20,USD,eBay,unknown,FALSE,,,Pokemon Neo Destiny 3/105 Dark Donphan Holo 1st Edition PSA 10,https://www.ebay.es/itm/168324725004,PriceCharting
Neo Destiny,Dark Donphan,3/105,1st Edition,PSA 10,2026-09-20,4890,USD,eBay,BIN,FALSE,,28114971,,https://www.ebay.com/itm/318597034178,PSA APR
Neo Destiny,Dark Donphan,3/105,1st Edition,PSA 10,2026-09-20,4250,USD,eBay,BIN,FALSE,,28204111,,https://www.ebay.com/itm/188302495211,PSA APR
Neo Destiny,Dark Donphan,3/105,1st Edition,PSA 10,2026-09-18,3999.99,USD,eBay,unknown,FALSE,,,2002 POKEMON NEO DESTINY 1ST EDITION #3 DARK DONPHAN-HOLO PSA 10 #3,https://www.ebay.es/itm/117388647916,PriceCharting
Neo Destiny,Dark Donphan,3/105,1st Edition,PSA 10,2026-09-16,3975.00,USD,eBay,unknown,FALSE,,,Pokemon Dark Donphan Neo Destiny 1st Edition Holo Rare #3 PSA 10 Gem Mint,https://www.ebay.es/itm/287215053746,PriceCharting
Neo Destiny,Dark Donphan,3/105,1st Edition,PSA 10,2026-08-24,2125.00,USD,eBay,unknown,FALSE,,,2002 POKEMON NEO DESTINY 1ST EDITION #3 DARK DONPHAN-HOLO PSA 10 #3,https://www.ebay.es/itm/307126847835,PriceCharting
Neo Destiny,Dark Donphan,3/105,1st Edition,PSA 10,2026-07-30,1925,USD,eBay,auction,FALSE,,28952545,,https://www.ebay.com/itm/800391588036,PSA APR
Neo Destiny,Dark Donphan,3/105,1st Edition,PSA 10,2026-07-20,3600,USD,Fanatics Collect,auction,FALSE,,43130351,,https://www.fanaticscollect.com/weekly/16759802-6f68-11f1-90a5-0a58a9feac02,PSA APR
Neo Destiny,Dark Donphan,3/105,1st Edition,PSA 10,2026-05-14,2688,USD,Heritage Auctions,auction,FALSE,,28114971,,https://comics.ha.com/itm/memorabilia/trading-cards/pokemon-dark-donphan-3-1st-edition-neo-destiny-psa-trading-card-game-gem-mint-10-wizards-of-the-coast-2002-rare-holo/a/43246-78110.s?type=DA-DMC-CardLadder-TradingCardGames-43246-05142026,PSA APR
Neo Destiny,Dark Donphan,3/105,1st Edition,PSA 10,2026-05-13,3000,USD,Heritage Auctions,auction,FALSE,,27765148,,https://comics.ha.com/itm/memorabilia/trading-cards/pokemon-dark-donphan-3-1st-edition-neo-destiny-psa-trading-card-game-gem-mint-10-wizards-of-the-coast-2002-rare-holo/p/332619-23008.s?type=DA-DMC-CardLadder-TradingCardGames-332619-05062026,PSA APR
Neo Destiny,Dark Donphan,3/105,1st Edition,PSA 10,2026-04-20,3000,USD,Fanatics Collect,auction,FALSE,,27285216,,https://www.fanaticscollect.com/weekly/50180658-32af-11f1-a252-0a58a9feac02,PSA APR
Neo Destiny,Dark Donphan,3/105,1st Edition,PSA 10,2026-03-23,2880,USD,Fanatics Collect,auction,FALSE,,41261520,,https://www.fanaticscollect.com/weekly/b4698ad4-1eee-11f1-af13-0a58a9feac02,PSA APR
Neo Destiny,Dark Donphan,3/105,1st Edition,PSA 10,2026-03-21,3200.00,USD,eBay,best offer,TRUE,3200.00,,Pokemon PSA 10 1st Edition Neo Destiny Dark Donphan Holo Rare 3/105 GEM MINT 3/105,https://www.ebay.es/itm/406781849891,PriceCharting
Neo Destiny,Dark Donphan,3/105,1st Edition,PSA 10,2026-03-13,3200.00,USD,eBay,best offer,TRUE,,,Pokemon PSA 10 1st Edition Neo Destiny Dark Donphan Holo Rare 3/105 GEM MINT 3/105,https://www.ebay.es/itm/406739649993,PriceCharting
Neo Destiny,Dark Donphan,3/105,1st Edition,PSA 10,2026-03-05,2500.00,USD,eBay,best offer,TRUE,2500.00,,Pokemon PSA 10 1st Edition Neo Destiny Dark Donphan Holo Rare 3/105 GEM MINT 3/105,https://www.ebay.es/itm/157629079645,PriceCharting
Neo Destiny,Dark Donphan,3/105,1st Edition,PSA 10,2026-01-06,836.63,USD,eBay,unknown,FALSE,,,PSA 10 Dark Donphan Holo 3/105 - 2002 1st Edition Neo Destiny WOTC Pokemon Card #20,https://www.ebay.es/itm/335976709712,PriceCharting
Neo Destiny,Dark Donphan,3/105,1st Edition,PSA 10,2025-10-20,812.19,USD,eBay,BIN,FALSE,,28819933,,https://www.ebay.com/itm/335976709712,PSA APR
Neo Destiny,Dark Donphan,3/105,1st Edition,PSA 10,2025-10-06,1020,USD,Fanatics Collect,auction,FALSE,,41261520,,https://www.fanaticscollect.com/weekly/81c0a4e2-9801-11f0-ae67-02d93b7d50ab,PSA APR
Neo Destiny,Dark Donphan,3/105,1st Edition,PSA 10,2025-09-26,771.00,USD,eBay,unknown,FALSE,,,2002 Pokemon Neo Destiny 1st Edition #3 Dark Donphan Holo PSA 10 GEM MTNT,https://www.ebay.es/itm/388984299795,PriceCharting
Neo Destiny,Dark Donphan,3/105,1st Edition,PSA 10,2025-09-10,899,USD,Fanatics Collect,BIN,FALSE,,65533315,,https://www.fanaticscollect.com/fixed/4ead4d74-783c-11f0-8531-0297fc942b75,PSA APR
Neo Destiny,Dark Donphan,3/105,1st Edition,PSA 10,2025-09-08,900,USD,Fanatics Collect,auction,FALSE,,40987062,,https://www.fanaticscollect.com/weekly/8c74f9ca-840f-11f0-a492-0a58a9feac02,PSA APR
Neo Destiny,Dark Donphan,3/105,1st Edition,PSA 10,2025-09-04,800.00,USD,eBay,unknown,FALSE,,,Pokemon 1st Edition HOLO DARK DONPHAN 2002 Neo Destiny PSA 10 GEM MINT,https://www.ebay.es/itm/266435217544,PriceCharting
Neo Destiny,Dark Donphan,3/105,1st Edition,PSA 10,2025-05-11,750.00,USD,eBay,unknown,FALSE,,,Pokemon Dark Donphan Neo Destiny 1st Edition Holo Rare #3 PSA 10 Gem Mint,https://www.ebay.es/itm/286523659802,PriceCharting
Neo Destiny,Dark Donphan,3/105,1st Edition,PSA 10,2025-04-19,519.00,USD,eBay,unknown,FALSE,,,2002 POKEMON NEO DESTINY 1ST ED #3 DARK DONPHAN-HOLO PSA 10 #3,https://www.ebay.es/itm/306023583963,PriceCharting
Neo Destiny,Dark Donphan,3/105,1st Edition,PSA 10,2025-04-09,519,USD,eBay,BIN,FALSE,,27390528,,https://www.ebay.com/itm/306023583963,PSA APR
Neo Destiny,Dark Donphan,3/105,1st Edition,PSA 10,2025-04-04,445.00,USD,eBay,unknown,FALSE,,,2002 Pokemon Neo Destiny 1st Edition RARE #3 Dark Donphan HOLO PSA 10 GEM MINT,https://www.ebay.es/itm/205380283725,PriceCharting
Neo Destiny,Dark Donphan,3/105,1st Edition,PSA 10,2025-03-19,499.99,USD,eBay,unknown,FALSE,,,2002 POKEMON NEO DESTINY 1ST ED DARK DONPHAN-HOLO PSA 10 #3,https://www.ebay.es/itm/256813668065,PriceCharting
Neo Destiny,Dark Donphan,3/105,1st Edition,PSA 10,2025-02-09,539.99,USD,eBay,unknown,FALSE,,,2002 Pokemon Neo Destiny 1st Edition Dark Donphan Holo 3/105 PSA 10 Gem Mint 3/105,https://www.ebay.es/itm/176695691622,PriceCharting
Neo Destiny,Dark Donphan,3/105,1st Edition,PSA 10,2024-09-01,294.44,USD,eBay,unknown,FALSE,,,Pokémon Neo Destiny 1st. Edition Dark Donphan Holo PSA 10 Gem Mint - WOTC 2002,https://www.ebay.es/itm/226313575736,PriceCharting
Neo Destiny,Dark Donphan,3/105,1st Edition,PSA 10,2024-06-02,368.83,USD,eBay,unknown,FALSE,,,Pokémon Neo Destiny 1st. Edition Dark Donphan Holo PSA 10 Gem Mint - WOTC 2002,https://www.ebay.es/itm/276482183671,PriceCharting
Neo Destiny,Dark Donphan,3/105,1st Edition,PSA 10,2024-03-23,345.00,USD,eBay,unknown,FALSE,,,Pokemon Neo Destiny Dark Donphan [1st Edition] #3 PSA 10 #3,https://www.ebay.es/itm/315220077137,PriceCharting
Neo Destiny,Dark Donphan,3/105,1st Edition,PSA 10,2023-11-22,360.00,USD,eBay,unknown,FALSE,,,2002 Pokemon Neo Destiny 1st Edition #3 Dark Donphan - Holo PSA 10 GEM MINT,https://www.ebay.es/itm/364580208364,PriceCharting
Neo Destiny,Dark Donphan,3/105,1st Edition,PSA 10,2023-11-20,333.00,USD,eBay,unknown,FALSE,,,2002 POKEMON NEO DESTINY 1ST EDITION #3 DARK DONPHAN-HOLO PSA 10,https://www.ebay.es/itm/266480825376,PriceCharting
Neo Destiny,Dark Donphan,3/105,1st Edition,PSA 10,2023-10-25,451,USD,eBay,auction,FALSE,,42609448,,https://www.ebay.com/itm/285520880992,PSA APR
Neo Destiny,Dark Donphan,3/105,1st Edition,PSA 10,2023-10-09,374.69,USD,eBay,auction,FALSE,,40987062,,https://www.ebay.com/itm/256236324656,PSA APR
Neo Destiny,Dark Donphan,3/105,1st Edition,PSA 10,2023-10-02,425.00,USD,eBay,unknown,FALSE,,,Pokemon PSA 10 1st Ed. Neo Destiny HOLOGRAPHIC Dark Donphan 3/105 (JC),https://www.ebay.es/itm/325511794078,PriceCharting
Neo Destiny,Dark Donphan,3/105,1st Edition,PSA 9,2026-09-22,389.98,USD,eBay,unknown,FALSE,,,2002 POKEMON NEO DESTINY 1ST EDITION #3 DARK DONPHAN-HOLO PSA 9 #3,https://www.ebay.es/itm/336744347698,PriceCharting
Neo Destiny,Dark Donphan,3/105,1st Edition,PSA 9,2026-09-22,350.00,USD,eBay,unknown,FALSE,,,Pokemon PSA 9 1st Edition Dark Donphan 3/105 Neo Destiny Holo 3/105,https://www.ebay.es/itm/168710735877,PriceCharting
Neo Destiny,Dark Donphan,3/105,1st Edition,PSA 9,2026-09-22,399.99,USD,eBay,unknown,FALSE,,,2002 POKEMON NEO DESTINY 1ST EDITION #3 DARK DONPHAN-HOLO PSA 9 #3,https://www.ebay.es/itm/168594265047,PriceCharting
Neo Destiny,Dark Donphan,3/105,1st Edition,PSA 9,2026-08-17,325.00,USD,eBay,unknown,FALSE,,,Pokemon Dark Donphan Holo Neo Destiny 3/105 1st Edition PSA 9 Mint 3/105,https://www.ebay.es/itm/287511104913,PriceCharting
Neo Destiny,Dark Donphan,3/105,1st Edition,PSA 9,2026-06-10,330.30,USD,eBay,unknown,FALSE,,,2002 POKEMON NEO DESTINY 1ST EDITION #3 DARK DONPHAN-HOLO PSA 9 #3,https://www.ebay.es/itm/257544426843,PriceCharting
Neo Destiny,Dark Donphan,3/105,1st Edition,PSA 9,2026-04-14,479.00,USD,eBay,unknown,FALSE,,,2002 POKEMON NEO DESTINY 1ST EDITION #3 DARK DONPHAN-HOLO PSA 9 #3,https://www.ebay.es/itm/117140016681,PriceCharting
Neo Destiny,Dark Donphan,3/105,1st Edition,PSA 9,2026-02-12,180.00,USD,eBay,unknown,FALSE,,,Pokemon 1st Edition HOLO DARK DONPHAN 2002 Neo Destiny PSA 9 MINT,https://www.ebay.es/itm/267205941750,PriceCharting
Neo Destiny,Dark Donphan,3/105,1st Edition,PSA 9,2026-02-05,188.40,USD,eBay,unknown,FALSE,,,Pokemon TCG: Dark Donphan 1st Edition Holo 3/105 - Neo Destiny - PSA 9,https://www.ebay.es/itm/317844363338,PriceCharting
Neo Destiny,Dark Donphan,3/105,1st Edition,PSA 9,2026-01-10,199.00,USD,eBay,unknown,FALSE,,,2002 POKEMON NEO DESTINY 1ST ED #3 DARK DONPHAN-HOLO PSA 9 #3,https://www.ebay.es/itm/116971109931,PriceCharting
Neo Destiny,Dark Donphan,3/105,1st Edition,PSA 9,2026-01-03,200.00,USD,eBay,best offer,TRUE,,,Pokemon PSA 9 MINT 2002 Dark Donphan 1st Edition Neo Destiny Holo Card 3/105,https://www.ebay.es/itm/277416131780,PriceCharting
Neo Destiny,Dark Donphan,3/105,1st Edition,PSA 9,2025-12-22,140.50,USD,eBay,unknown,FALSE,,,2000 Pokémon 1st Edition Neo Destiny Dark Donphan Holo PSA 9 3/105,https://www.ebay.es/itm/366058907058,PriceCharting
Neo Destiny,Dark Donphan,3/105,1st Edition,PSA 9,2025-12-15,133.50,USD,eBay,unknown,FALSE,,,Pokemon Dark Donphan Neo Destiny 1st Edition Holo Rare #3 PSA 9 Mint,https://www.ebay.es/itm/286990331750,PriceCharting
Neo Destiny,Dark Donphan,3/105,1st Edition,PSA 9,2025-12-15,135.00,USD,eBay,unknown,FALSE,,,2000 Pokémon 1st Edition Neo Destiny Dark Donphan Holo PSA 9 3/105,https://www.ebay.es/itm/366052896042,PriceCharting
Neo Destiny,Dark Donphan,3/105,1st Edition,PSA 9,2025-10-26,137.50,USD,eBay,unknown,FALSE,,,Pokemon Dark Donphan Neo Destiny 1st Edition Holo Rare #3 PSA 9 Mint,https://www.ebay.es/itm/286882113019,PriceCharting
Neo Destiny,Dark Donphan,3/105,1st Edition,PSA 9,2025-10-23,149.99,USD,eBay,unknown,FALSE,,,PSA 9 Dark Donphan 1st Edition Pokemon Neo Destiny #3 2002 Holo Mint #3,https://www.ebay.es/itm/396649430201,PriceCharting
Neo Destiny,Dark Donphan,3/105,1st Edition,PSA 9,2025-10-17,145.00,USD,eBay,unknown,FALSE,,,PSA 9 Dark Donphan Holo 1st Edition Neo Destiny #3 Pokemon TCG 3/105,https://www.ebay.es/itm/167620046546,PriceCharting
Neo Destiny,Dark Donphan,3/105,1st Edition,PSA 9,2025-10-09,122.50,USD,eBay,unknown,FALSE,,,2002 POKEMON NEO DESTINY 1ST ED #3 DARK DONPHAN-HOLO PSA 9,https://www.ebay.es/itm/365896080242,PriceCharting
Neo Destiny,Dark Donphan,3/105,1st Edition,PSA 9,2025-10-06,139.99,USD,eBay,unknown,FALSE,,,2002 Pokemon PSA 9 1st Edition Dark Donphan Holo - 3/105 Neo Destiny MINT 3/105,https://www.ebay.es/itm/316071431052,PriceCharting
Neo Destiny,Dark Donphan,3/105,1st Edition,PSA 9,2025-10-06,130.50,USD,eBay,unknown,FALSE,,,2002 POKEMON NEO DESTINY 1ST ED #3 DARK DONPHAN-HOLO PSA 9 3/105,https://www.ebay.es/itm/277404190729,PriceCharting
Neo Destiny,Dark Donphan,3/105,1st Edition,PSA 9,2025-09-20,135.00,USD,eBay,unknown,FALSE,,,2002 POKEMON NEO DESTINY 1ST ED #3 DARK DONPHAN-HOLO PSA 9 #3,https://www.ebay.es/itm/177346948433,PriceCharting
Neo Destiny,Dark Donphan,3/105,1st Edition,PSA 9,2025-08-15,139.99,USD,eBay,unknown,FALSE,,,2002 POKEMON NEO DESTINY 1ST ED #3 DARK DONPHAN-HOLO PSA 9 #3,https://www.ebay.es/itm/297522231128,PriceCharting
Neo Destiny,Dark Donphan,3/105,1st Edition,PSA 9,2025-06-12,73.15,USD,eBay,unknown,FALSE,,,2002 Pokemon Neo Destiny Dark Donphan Holo 1st Edition PSA 9,https://www.ebay.es/itm/205542510082,PriceCharting
Neo Destiny,Dark Donphan,3/105,1st Edition,PSA 9,2025-06-02,105.50,USD,eBay,unknown,FALSE,,,Pokemon Dark Donphan Neo Destiny 1st Edition Holo Rare #3 PSA 9 Mint,https://www.ebay.es/itm/286590230808,PriceCharting
Neo Destiny,Dark Donphan,3/105,1st Edition,PSA 9,2025-05-29,107.50,USD,eBay,unknown,FALSE,,,Pokemon 1st Edition HOLO DARK DONPHAN 2002 Neo Destiny PSA 9 MINT,https://www.ebay.es/itm/187246085027,PriceCharting
Neo Destiny,Dark Donphan,3/105,1st Edition,PSA 9,2025-05-03,100.00,USD,eBay,unknown,FALSE,,,2002 POKEMON NEO DESTINY 1ST ED #3 DARK DONPHAN-HOLO PSA 9 #3,https://www.ebay.es/itm/297227338735,PriceCharting
Neo Destiny,Dark Donphan,3/105,1st Edition,PSA 9,2025-03-28,139.99,USD,eBay,unknown,FALSE,,,POKEMON 1st Edition Neo Destiny DARK DONPHAN 3/105 Holo Rare PSA 9 MINT Vintage 3/105,https://www.ebay.es/itm/167010325333,PriceCharting
Neo Destiny,Dark Donphan,3/105,1st Edition,PSA 9,2025-03-02,124.99,USD,eBay,unknown,FALSE,,,PSA 9 - 2002 Pokemon Neo Destiny DARK DONPHAN HOLO 1st Edition #3 (9350),https://www.ebay.es/itm/395647678871,PriceCharting
Neo Destiny,Dark Donphan,3/105,1st Edition,PSA 8,2026-09-24,335.00,USD,eBay,unknown,FALSE,,,Pokemon PSA 8 1st Edition Dark Donphan 3/105 Neo Destiny Holo 3/105,https://www.ebay.es/itm/407198762108,PriceCharting
Neo Destiny,Dark Donphan,3/105,1st Edition,PSA 8,2026-09-13,170.04,USD,eBay,unknown,FALSE,,,2002 POKEMON NEO DESTINY #3 DARK DONPHAN-HOLO 1ST EDITION PSA 8 #3,https://www.ebay.es/itm/307158161218,PriceCharting
Neo Destiny,Dark Donphan,3/105,1st Edition,PSA 8,2026-07-03,250.00,USD,eBay,unknown,FALSE,,,Pokemon PSA 8 1st Edition Dark Donphan 3/105 Neo Destiny Holo Card Near Mint 3/105,https://www.ebay.es/itm/168431606494,PriceCharting
Neo Destiny,Dark Donphan,3/105,1st Edition,PSA 8,2026-06-15,200.01,USD,eBay,unknown,FALSE,,,2002 POKEMON NEO DESTINY 1ST EDITION #3 DARK DONPHAN-HOLO PSA 8 #3,https://www.ebay.es/itm/306975272752,PriceCharting
Neo Destiny,Dark Donphan,3/105,1st Edition,PSA 8,2026-05-15,154.03,USD,eBay,unknown,FALSE,,,Pokemon Neo Destiny 3/105 Dark Donphan Holo 1st Edition PSA 8,https://www.ebay.es/itm/168361299399,PriceCharting
Neo Destiny,Dark Donphan,3/105,1st Edition,PSA 8,2026-04-19,174.50,USD,eBay,unknown,FALSE,,,2002 POKEMON NEO DESTINY 1ST EDITION #3 DARK DONPHAN-HOLO PSA 8 #3,https://www.ebay.es/itm/117128992185,PriceCharting
Neo Destiny,Dark Donphan,3/105,1st Edition,PSA 8,2026-03-16,150.00,USD,eBay,unknown,FALSE,,,PSA 8 Pokemon 2002 1st Edition Neo Destiny Dark Donphan Holo #3,https://www.ebay.es/itm/154534389524,PriceCharting
Neo Destiny,Dark Donphan,3/105,1st Edition,PSA 8,2026-03-08,149.99,USD,eBay,unknown,FALSE,,,PSA 8 Pokemon 2002 1st Edition Neo Destiny Dark Donphan Holo #3 New Cert,https://www.ebay.es/itm/206074896782,PriceCharting
Neo Destiny,Dark Donphan,3/105,1st Edition,PSA 8,2026-02-11,149.99,USD,eBay,unknown,FALSE,,,2002 POKEMON NEO DESTINY 1ST ED #3 DARK DONPHAN-HOLO PSA 8 #3,https://www.ebay.es/itm/297897383058,PriceCharting
Neo Destiny,Dark Donphan,3/105,1st Edition,PSA 8,2025-12-05,119.99,USD,eBay,unknown,FALSE,,,PSA 8 Pokemon Neo Destiny 1st Edition Holo Rare Dark Donphan 3/105 NM/MINT!,https://www.ebay.es/itm/227084986867,PriceCharting
Neo Destiny,Dark Donphan,3/105,1st Edition,PSA 8,2025-11-10,139.99,USD,eBay,unknown,FALSE,,,PSA 8 NM-MT 2002 Pokemon Neo Destiny Dark Donphan Holo 1st Edition #3,https://www.ebay.es/itm/389173215679,PriceCharting
Neo Destiny,Dark Donphan,3/105,1st Edition,PSA 8,2025-11-03,135.50,USD,eBay,unknown,FALSE,,,2002 POKEMON NEO DESTINY 1ST EDITION #3 DARK DONPHAN-HOLO PSA 8 #3,https://www.ebay.es/itm/297698197728,PriceCharting
Neo Destiny,Dark Donphan,3/105,1st Edition,PSA 8,2025-09-18,115.00,USD,eBay,unknown,FALSE,,,2002 POKEMON NEO DESTINY 1ST ED #3 DARK DONPHAN-HOLO PSA 8 #3,https://www.ebay.es/itm/306477583332,PriceCharting
Neo Destiny,Dark Donphan,3/105,1st Edition,PSA 8,2025-09-09,139.99,USD,eBay,unknown,FALSE,,,2002 Pokemon Neo Destiny #3 Dark Donphan Holo 1st Edition PSA 8 NM-MINT #3,https://www.ebay.es/itm/177348943306,PriceCharting
Neo Destiny,Dark Donphan,3/105,1st Edition,PSA 8,2025-08-18,86.87,USD,eBay,unknown,FALSE,,,Pokémon Card PSA 8 NM-MT Dark Donphan 1st Edition Holo Neo Destiny 2002 3/105,https://www.ebay.es/itm/116729502484,PriceCharting
Neo Destiny,Dark Donphan,3/105,1st Edition,PSA 8,2025-08-03,124.82,USD,eBay,unknown,FALSE,,,Pokemon Cards: Neo Destiny 1st Edition Rare Holo: Dark Donphan 3/105 PSA 8 #3,https://www.ebay.es/itm/317107199181,PriceCharting
Neo Destiny,Dark Donphan,3/105,1st Edition,PSA 8,2025-06-07,88.66,USD,eBay,unknown,FALSE,,,DARK DONPHAN HOLO 1ST EDITION POKEMON NEO DESTINY 2002 3 PSA 8,https://www.ebay.es/itm/135865874533,PriceCharting
Neo Destiny,Dark Donphan,3/105,1st Edition,PSA 8,2025-06-01,125.00,USD,eBay,unknown,FALSE,,,Pokemon 1st Edition HOLO DARK DONPHAN 2002 Neo Destiny PSA 8 NM-MINT,https://www.ebay.es/itm/266435217667,PriceCharting
Neo Destiny,Dark Donphan,3/105,1st Edition,PSA 8,2025-05-31,90.00,USD,eBay,unknown,FALSE,,,Pokemon Dark Donphan Neo Destiny 1st Edition Holo Rare #3 PSA 8 #3,https://www.ebay.es/itm/388483459194,PriceCharting
Neo Destiny,Dark Donphan,3/105,1st Edition,PSA 8,2025-05-24,90.00,USD,eBay,unknown,FALSE,,,Pokemon 1st Edition HOLO DARK DONPHAN 2002 Neo Destiny PSA 8 NM-MINT,https://www.ebay.es/itm/277135251337,PriceCharting
Neo Destiny,Dark Donphan,3/105,1st Edition,PSA 8,2025-05-20,80.00,USD,eBay,unknown,FALSE,,,Pokemon 1st Edition HOLO DARK DONPHAN 2002 Neo Destiny PSA 8 NM-MINT,https://www.ebay.es/itm/316833045250,PriceCharting
Neo Destiny,Dark Donphan,3/105,1st Edition,PSA 8,2025-03-24,60.00,USD,eBay,unknown,FALSE,,,Pokemon Dark Donphan Neo Destiny 1st Edition Holo Rare #3 PSA 8,https://www.ebay.es/itm/286409459809,PriceCharting
Neo Destiny,Dark Donphan,3/105,1st Edition,PSA 8,2025-02-15,79.01,USD,eBay,unknown,FALSE,,,2002 POKEMON NEO DESTINY 1ST EDITION HOLO#3 DARK DONPHAN PSA 8 #3,https://www.ebay.es/itm/306095735397,PriceCharting
Neo Destiny,Dark Donphan,3/105,1st Edition,PSA 8,2025-02-02,80.00,USD,eBay,unknown,FALSE,,,2002 Pokemon PSA 8 1st Edition Dark Donphan Holo - 3/105 Neo Destiny WOTC TCG 3/105,https://www.ebay.es/itm/176774150839,PriceCharting
Neo Destiny,Dark Donphan,3/105,1st Edition,PSA 8,2024-12-09,64.50,USD,eBay,unknown,FALSE,,,2002 POKEMON NEO DESTINY 1ST EDITION #3 DARK DONPHAN-HOLO PSA 8,https://www.ebay.es/itm/305936169950,PriceCharting
Neo Destiny,Dark Donphan,3/105,1st Edition,PSA 8,2024-11-27,64.04,USD,eBay,unknown,FALSE,,,2002 POKEMON NEO DESTINY 1ST EDITION #3 DARK DONPHAN-HOLO PSA 8,https://www.ebay.es/itm/305918029118,PriceCharting
Neo Destiny,Dark Donphan,3/105,1st Edition,PSA 8,2024-11-10,102.50,USD,eBay,unknown,FALSE,,,2002 POKEMON NEO DESTINY 1ST EDITION #3 DARK DONPHAN-HOLO PSA 8,https://www.ebay.es/itm/305877240898,PriceCharting
Neo Destiny,Dark Donphan,3/105,Unlimited,PSA 10,2026-09-23,2000,USD,eBay,best offer,TRUE,,45289234,,https://www.ebay.com/itm/157835701166,PSA APR
Neo Destiny,Dark Donphan,3/105,Unlimited,PSA 10,2026-09-19,2999.99,USD,eBay,BIN,FALSE,,43565229,,https://www.ebay.com/itm/298635956702,PSA APR
Neo Destiny,Dark Donphan,3/105,Unlimited,PSA 10,2026-05-24,1025.00,USD,eBay,unknown,FALSE,,,Pokemon Dark Donphan Neo Destiny Unlimited Holo Rare #3 PSA 10 Gem Mint,https://www.ebay.es/itm/287331566232,PriceCharting
Neo Destiny,Dark Donphan,3/105,Unlimited,PSA 10,2026-05-03,1225.00,USD,eBay,unknown,FALSE,,,Pokemon Dark Donphan Neo Destiny Unlimited Holo Rare #3 PSA 10 Gem Mint,https://www.ebay.es/itm/287292216164,PriceCharting
Neo Destiny,Dark Donphan,3/105,Unlimited,PSA 10,2026-04-03,1200,USD,eBay,best offer,TRUE,,25866252,,https://www.ebay.com/itm/377075226237,PSA APR
Neo Destiny,Dark Donphan,3/105,Unlimited,PSA 10,2026-03-19,770,USD,Fanatics Collect,BIN,FALSE,,26591980,,https://www.fanaticscollect.com/buy-now/2ecb7f2e-91b8-4dce-b6aa-3ed1c34a8cf2,PSA APR
Neo Destiny,Dark Donphan,3/105,Unlimited,PSA 10,2026-03-14,770.38,USD,eBay,best offer,TRUE,,28524431,,https://www.ebay.com/itm/198038716787,PSA APR
Neo Destiny,Dark Donphan,3/105,Unlimited,PSA 10,2026-01-13,300.00,USD,eBay,unknown,FALSE,,,2002 POKEMON NEO DESTINY #3 DARK DONPHAN-HOLO PSA 10 #3,https://www.ebay.es/itm/116981301491,PriceCharting
Neo Destiny,Dark Donphan,3/105,Unlimited,PSA 10,2026-01-13,1000,USD,eBay,best offer,TRUE,,43600739,,https://www.ebay.com/itm/306409327807,PSA APR
Neo Destiny,Dark Donphan,3/105,Unlimited,PSA 10,2025-04-04,226.00,USD,eBay,unknown,FALSE,,,2002 Pokemon Neo Destiny RARE Foil #3 Dark Donphan HOLO PSA 10 GEM MINT,https://www.ebay.es/itm/376102255248,PriceCharting
Neo Destiny,Dark Donphan,3/105,Unlimited,PSA 10,2025-01-10,215.5,USD,eBay,best offer,TRUE,,19701002,,https://www.ebay.com/itm/326255703265,PSA APR
Neo Destiny,Dark Donphan,3/105,Unlimited,PSA 10,2025-01-02,259.00,USD,eBay,unknown,FALSE,,,2002 POKEMON NEO DESTINY #3 DARK DONPHAN-HOLO PSA 10 #3,https://www.ebay.es/itm/305958049743,PriceCharting
Neo Destiny,Dark Donphan,3/105,Unlimited,PSA 10,2024-12-31,289.99,USD,eBay,unknown,FALSE,,,Pokemon Holo Dark Donphan 3/105 2002 Neo Destiny PSA 10 GEM MINT 3/105,https://www.ebay.es/itm/256654199291,PriceCharting
Neo Destiny,Dark Donphan,3/105,Unlimited,PSA 10,2024-10-20,169.50,USD,eBay,unknown,FALSE,,,Pokemon Dark Donphan Neo Destiny Unlimited Holo Rare #3 PSA 10 Gem Mint,https://www.ebay.es/itm/286102926254,PriceCharting
Neo Destiny,Dark Donphan,3/105,Unlimited,PSA 10,2024-04-12,203.50,USD,eBay,unknown,FALSE,,,2002 Pokemon Neo Destiny #3 Dark Donphan Holo PSA 10 GEM MINT,https://www.ebay.es/itm/364825740670,PriceCharting
Neo Destiny,Dark Donphan,3/105,Unlimited,PSA 10,2024-03-03,235.50,USD,eBay,unknown,FALSE,,,Pokemon Dark Donphan Neo Destiny Unlimited Holo Rare #3 PSA 10 Gem Mint,https://www.ebay.es/itm/285731575862,PriceCharting
Neo Destiny,Dark Donphan,3/105,Unlimited,PSA 9,2026-09-19,165.00,USD,eBay,best offer,TRUE,165.00,,Pokemon Dark Donphan Neo Destiny Unlimited Holo Rare #3 PSA 9 Mint #3,https://www.ebay.es/itm/188277825475,PriceCharting
Neo Destiny,Dark Donphan,3/105,Unlimited,PSA 9,2026-08-08,181.38,USD,eBay,unknown,FALSE,,,Pokemon 2002 Dark Donphan 3/105 Holo Neo Destiny PSA 9 3/105,https://www.ebay.es/itm/407111823156,PriceCharting
Neo Destiny,Dark Donphan,3/105,Unlimited,PSA 9,2026-07-30,170.00,USD,eBay,unknown,FALSE,,,Pokemon TCG PSA 9 Dark Donphan Holo #3 Neo Destiny #3,https://www.ebay.es/itm/800326218315,PriceCharting
Neo Destiny,Dark Donphan,3/105,Unlimited,PSA 9,2026-07-29,134.82,USD,eBay,unknown,FALSE,,,Dark Donphan Holo 3/105 PSA 9 Neo Destiny Pokemon 3/105,https://www.ebay.es/itm/168573475157,PriceCharting
Neo Destiny,Dark Donphan,3/105,Unlimited,PSA 9,2026-07-06,188.99,USD,eBay,unknown,FALSE,,,2002 Pokemon Neo Destiny #3 Dark Donphan Holo PSA 9 Mint #3,https://www.ebay.es/itm/277919264585,PriceCharting
Neo Destiny,Dark Donphan,3/105,Unlimited,PSA 9,2026-06-19,96.00,USD,eBay,unknown,FALSE,,,2002 Pokemon Neo Destiny #3 Dark Donphan Holo PSA 9 Mint #3,https://www.ebay.es/itm/298422395567,PriceCharting
Neo Destiny,Dark Donphan,3/105,Unlimited,PSA 9,2026-06-13,130.00,USD,eBay,unknown,FALSE,,,Pokémon Neo Destiny Dark Donphan Holo Rare PSA 9 Unlimited 3/105 2002 Card 3/105,https://www.ebay.es/itm/306930238661,PriceCharting
Neo Destiny,Dark Donphan,3/105,Unlimited,PSA 9,2026-06-06,125.00,USD,eBay,best offer,TRUE,125.00,,2002 POKEMON NEO DESTINY #3 DARK DONPHAN-HOLO PSA 9 #3,https://www.ebay.es/itm/137348088055,PriceCharting
Neo Destiny,Dark Donphan,3/105,Unlimited,PSA 9,2026-04-22,124.27,USD,eBay,unknown,FALSE,,,2002 Pokemon Neo Destiny #3 Dark Donphan Holo PSA 9 MINT,https://www.ebay.es/itm/377113858640,PriceCharting
Neo Destiny,Dark Donphan,3/105,Unlimited,PSA 9,2026-04-09,149.50,USD,eBay,unknown,FALSE,,,2002 POKEMON NEO DESTINY #3 DARK DONPHAN-HOLO PSA 9 #3,https://www.ebay.es/itm/306853524049,PriceCharting
Neo Destiny,Dark Donphan,3/105,Unlimited,PSA 9,2025-11-17,64.00,USD,eBay,unknown,FALSE,,,Pokemon Dark Donphan Neo Destiny Unlimited Holo Rare #3 PSA 9 Mint,https://www.ebay.es/itm/286921881225,PriceCharting
Neo Destiny,Dark Donphan,3/105,Unlimited,PSA 9,2025-10-21,68.90,USD,eBay,unknown,FALSE,,,2002 Pokemon Neo Destiny #3 Dark Donphan Holo PSA 9 MINT,https://www.ebay.es/itm/389100395448,PriceCharting
Neo Destiny,Dark Donphan,3/105,Unlimited,PSA 9,2025-08-24,75.00,USD,eBay,unknown,FALSE,,,Pokemon TCG Neo Destiny Holo Rare Dark Donphan Card PSA 9 Mint 3/105 3/105,https://www.ebay.es/itm/326709387053,PriceCharting
Neo Destiny,Dark Donphan,3/105,Unlimited,PSA 9,2025-07-26,72.00,USD,eBay,unknown,FALSE,,,2002 POKEMON NEO DESTINY #3 DARK DONPHAN-HOLO PSA 9 #3,https://www.ebay.es/itm/306407345434,PriceCharting
Neo Destiny,Dark Donphan,3/105,Unlimited,PSA 9,2025-07-12,55.00,USD,eBay,unknown,FALSE,,,Pokemon TCG Neo Destiny Holo Rare Dark Donphan Card PSA 9 Mint 3/105 3/105,https://www.ebay.es/itm/365725258925,PriceCharting
Neo Destiny,Dark Donphan,3/105,Unlimited,PSA 9,2025-07-01,56.00,USD,eBay,unknown,FALSE,,,Pokemon Dark Donphan Neo Destiny Unlimited Holo Rare #3 PSA 9 Mint #3,https://www.ebay.es/itm/146670611310,PriceCharting
Neo Destiny,Dark Donphan,3/105,Unlimited,PSA 9,2025-06-29,55.00,USD,eBay,unknown,FALSE,,,Pokemon Neo Destiny 2002 Unlimited Holo Dark Donphan #3 PSA 9,https://www.ebay.es/itm/286679043028,PriceCharting
Neo Destiny,Dark Donphan,3/105,Unlimited,PSA 9,2025-05-27,129.99,USD,eBay,unknown,FALSE,,,Dark Donphan 3/105 Neo Destiny Holo Rare Vintage Pokemon Card PSA 9 MINT,https://www.ebay.es/itm/235540005952,PriceCharting
Neo Destiny,Dark Donphan,3/105,Unlimited,PSA 9,2025-05-25,59.51,USD,eBay,unknown,FALSE,,,Pokemon Dark Donphan Neo Destiny Unlimited Holo Rare #3 PSA 9 Mint,https://www.ebay.es/itm/286578119075,PriceCharting
Neo Destiny,Dark Donphan,3/105,Unlimited,PSA 9,2025-05-11,60.00,USD,eBay,unknown,FALSE,,,Pokemon Dark Donphan Neo Destiny Unlimited Holo Rare #3 PSA 9 Mint,https://www.ebay.es/itm/286538262622,PriceCharting
Neo Destiny,Dark Donphan,3/105,Unlimited,PSA 8,2026-09-26,130.00,USD,eBay,best offer,TRUE,130.00,,2002 Pokémon Neo Destiny #3 Dark Donphan-Holo PSA 8 #3,https://www.ebay.es/itm/336740935078,PriceCharting
Neo Destiny,Dark Donphan,3/105,Unlimited,PSA 8,2026-09-04,112.00,USD,eBay,unknown,FALSE,,,Pokemon PSA 8 2002 Neo Destiny Dark Donphan 3/105 Holo Rare Unlimited 3/105,https://www.ebay.es/itm/137656111496,PriceCharting
Neo Destiny,Dark Donphan,3/105,Unlimited,PSA 8,2026-08-06,135.00,USD,eBay,unknown,FALSE,,,2002 POKEMON NEO DESTINY #3 DARK DONPHAN-HOLO PSA 8 #3,https://www.ebay.es/itm/117329594691,PriceCharting
Neo Destiny,Dark Donphan,3/105,Unlimited,PSA 8,2026-07-22,100.00,USD,eBay,unknown,FALSE,,,PSA 8 2002 Pokemon TCG Neo Destiny Dark Donphan Holo Rare 3/105 Unlimited 3/105,https://www.ebay.es/itm/198498658656,PriceCharting
Neo Destiny,Dark Donphan,3/105,Unlimited,PSA 8,2026-07-13,87.50,USD,eBay,unknown,FALSE,,,2002 Pokemon Neo Destiny #3 Dark Donphan Holo PSA 8 NM-MT,https://www.ebay.es/itm/800295602420,PriceCharting
Neo Destiny,Dark Donphan,3/105,Unlimited,PSA 8,2026-07-10,125.00,USD,eBay,unknown,FALSE,,,Pokemon DARK DONPHAN Card NEO DESTINY Set 3/105 Holo PSA 8 #3,https://www.ebay.es/itm/225899314113,PriceCharting
Neo Destiny,Dark Donphan,3/105,Unlimited,PSA 8,2026-07-04,64.08,USD,eBay,unknown,FALSE,,,2002 POKEMON NEO DESTINY #3/105 DARK DONPHAN HOLO PSA 8 3/105,https://www.ebay.es/itm/206375890852,PriceCharting
Neo Destiny,Dark Donphan,3/105,Unlimited,PSA 8,2026-06-11,104.40,USD,eBay,unknown,FALSE,,,2002 Pokemon Neo Destiny #3 Dark Donphan Holo PSA 8 NM-MT,https://www.ebay.es/itm/366453505313,PriceCharting
Neo Destiny,Dark Donphan,3/105,Unlimited,PSA 8,2026-06-07,88.00,USD,eBay,best offer,TRUE,88.00,,2002 Pokemon Neo Destiny Dark Donphan 3/105 Holo Rare PSA 8 NM/MINT 3/105,https://www.ebay.es/itm/267687642796,PriceCharting
Neo Destiny,Dark Donphan,3/105,Unlimited,PSA 8,2026-05-31,120.00,USD,eBay,best offer,TRUE,,,Dark Donphan PSA 8 Pokemon WOTC 2001 Neo Destiny 3/105 Holo Swirl Low POP 3/105,https://www.ebay.es/itm/188192318775,PriceCharting
Neo Destiny,Dark Donphan,3/105,Unlimited,PSA 8,2026-05-21,119.00,USD,eBay,unknown,FALSE,,,2002 POKEMON NEO DESTINY #3 DARK DONPHAN-HOLO PSA 8 #3,https://www.ebay.es/itm/117118544191,PriceCharting
Neo Destiny,Dark Donphan,3/105,Unlimited,PSA 8,2026-05-03,90.00,USD,eBay,best offer,TRUE,90.00,,2002 POKEMON NEO DESTINY #3 DARK DONPHAN-HOLO PSA 8 3/105,https://www.ebay.es/itm/267654197209,PriceCharting
Neo Destiny,Dark Donphan,3/105,Unlimited,PSA 8,2026-04-19,100.00,USD,eBay,unknown,FALSE,,,Pokemon Neo Destiny Dark Donphan Holo 3 PSA 8 #3,https://www.ebay.es/itm/317663343937,PriceCharting
Neo Destiny,Dark Donphan,3/105,Unlimited,PSA 8,2026-04-17,100.00,USD,eBay,unknown,FALSE,,,2002 POKEMON NEO DESTINY #3 DARK DONPHAN-HOLO PSA 8 #3,https://www.ebay.es/itm/117124311295,PriceCharting
Neo Destiny,Dark Donphan,3/105,Unlimited,PSA 8,2026-03-21,82.00,USD,eBay,unknown,FALSE,,,2002 POKEMON NEO DESTINY #3 DARK DONPHAN-HOLO PSA 8 #3,https://www.ebay.es/itm/306818683706,PriceCharting
Neo Destiny,Dark Donphan,3/105,Unlimited,PSA 8,2026-03-17,89.99,USD,eBay,unknown,FALSE,,,2002 Pokemon Neo Destiny Dark Donphan Holo #3/105 (PSA 8) #3,https://www.ebay.es/itm/358327720842,PriceCharting
Neo Destiny,Dark Donphan,3/105,Unlimited,PSA 8,2026-03-05,75.00,USD,eBay,best offer,TRUE,75.00,,2002 POKEMON NEO DESTINY #3 DARK DONPHAN-HOLO PSA 8 #3,https://www.ebay.es/itm/336431330343,PriceCharting
Neo Destiny,Dark Donphan,3/105,Unlimited,PSA 8,2026-03-01,60.00,USD,eBay,unknown,FALSE,,,2002 POKEMON NEO DESTINY #3 DARK DONPHAN-HOLO PSA 8 #3,https://www.ebay.es/itm/336449415601,PriceCharting
Neo Destiny,Dark Donphan,3/105,Unlimited,PSA 8,2026-02-11,89.00,USD,eBay,unknown,FALSE,,,2002 POKEMON NEO DESTINY #3 DARK DONPHAN-HOLO PSA 8 #3,https://www.ebay.es/itm/297995248448,PriceCharting
Neo Destiny,Dark Donphan,3/105,Unlimited,PSA 8,2025-12-10,100.00,USD,eBay,unknown,FALSE,,,Pokemon Neo Destiny Dark Donphan Holo 3 PSA 8 #3,https://www.ebay.es/itm/376270313936,PriceCharting
Neo Destiny,Dark Donphan,3/105,Unlimited,PSA 8,2025-11-17,79.99,USD,eBay,unknown,FALSE,,,PSA 8 Pokemon 2002 Neo Destiny Dark Donphan Holo #3 #3,https://www.ebay.es/itm/187671879689,PriceCharting
Neo Destiny,Dark Donphan,3/105,Unlimited,PSA 8,2025-11-16,42.00,USD,eBay,unknown,FALSE,,,Pokemon Dark Donphan Neo Destiny Unlimited Holo Rare #3 PSA 8,https://www.ebay.es/itm/286922293338,PriceCharting
Neo Destiny,Dark Donphan,3/105,Unlimited,PSA 8,2025-11-09,57.00,USD,eBay,unknown,FALSE,,,Pokemon Dark Donphan Neo Destiny Unlimited Holo Rare #3 PSA 8,https://www.ebay.es/itm/286909565243,PriceCharting
Neo Destiny,Dark Espeon,4/105,1st Edition,PSA 10,2026-09-07,78000,USD,Fanatics Collect,auction,FALSE,,41581450,,https://www.fanaticscollect.com/weekly/939b2974-946f-11f1-b495-02ffe83830c5,PSA APR
Neo Destiny,Dark Espeon,4/105,1st Edition,PSA 10,2026-09-02,49999.99,USD,eBay,unknown,FALSE,,,2002 POKEMON NEO DESTINY 1ST EDITION #4 DARK ESPEON-HOLO PSA 10 #4,https://www.ebay.es/itm/307039012922,PriceCharting
Neo Destiny,Dark Espeon,4/105,1st Edition,PSA 10,2026-09-02,50000,USD,eBay,BIN,FALSE,,24742986,,https://www.ebay.com/itm/178034684486,PSA APR
Neo Destiny,Dark Espeon,4/105,1st Edition,PSA 10,2026-07-13,48000,USD,Fanatics Collect,auction,FALSE,,41265352,,https://www.fanaticscollect.com/weekly/86edc534-7592-11f1-a6e1-02ee3fb55b03,PSA APR
Neo Destiny,Dark Espeon,4/105,1st Edition,PSA 10,2026-06-15,69700.00,USD,eBay,best offer,TRUE,69700.00,,2002 POKEMON NEO DESTINY 1ST ED #4 DARK ESPEON-HOLO PSA 10 - BEST SWIRL #4,https://www.ebay.es/itm/127720230668,PriceCharting
Neo Destiny,Dark Espeon,4/105,1st Edition,PSA 10,2026-04-21,13011.00,USD,eBay,unknown,FALSE,,,2002 Pokemon Neo Destiny 1st Edition #4 Dark Espeon Holo PSA 10 GEM MINT,https://www.ebay.es/itm/389872848216,PriceCharting
Neo Destiny,Dark Espeon,4/105,1st Edition,PSA 10,2026-04-20,27755,USD,Goldin Auctions,auction,FALSE,,41265352,,https://goldin.co/item/2002-pokemon-neo-destiny-1st-edition-holo-4-dark-espeon-psa-gem-mt-10kn3x9,PSA APR
Neo Destiny,Dark Espeon,4/105,1st Edition,PSA 10,2026-04-01,14721.00,USD,eBay,unknown,FALSE,,,2002 Pokemon Neo Destiny 1st Edition #4 Dark Espeon Holo PSA 10 GEM MINT,https://www.ebay.es/itm/366301123747,PriceCharting
Neo Destiny,Dark Espeon,4/105,1st Edition,PSA 10,2026-03-09,24000,USD,Fanatics Collect,auction,FALSE,,27786001,,https://www.fanaticscollect.com/weekly/f5718d56-0e7c-11f1-8a33-0a58a9feac02,PSA APR
Neo Destiny,Dark Espeon,4/105,1st Edition,PSA 10,2026-03-09,27000,USD,Fanatics Collect,auction,FALSE,,41265352,,https://www.fanaticscollect.com/weekly/99e4c6e8-101f-11f1-a421-0a58a9feac02,PSA APR
Neo Destiny,Dark Espeon,4/105,1st Edition,PSA 10,2026-03-04,31999.99,USD,eBay,unknown,FALSE,,,Pokemon PSA 10 Dark Espeon Neo Destiny 1st First Edition Holo Head Swirl 4/105 #4,https://www.ebay.es/itm/147134500387,PriceCharting
Neo Destiny,Dark Espeon,4/105,1st Edition,PSA 10,2026-02-16,12600,USD,Fanatics Collect,auction,FALSE,,28988024,,https://www.fanaticscollect.com/weekly/ebc3897e-005a-11f1-9b43-0a58a9feac02,PSA APR
Neo Destiny,Dark Espeon,4/105,1st Edition,PSA 10,2025-12-24,9999.99,USD,eBay,unknown,FALSE,,,Pokemon 1st Edition Neo Destiny Dark Espeon PSA 10 GEM MINT PSA LOW POP #4,https://www.ebay.es/itm/116745977181,PriceCharting
Neo Destiny,Dark Espeon,4/105,1st Edition,PSA 10,2025-10-10,9625.00,USD,eBay,unknown,FALSE,,,2002 Pokemon Neo Destiny 1st Edition #4 Dark Espeon Holo PSA 10 GEM MINT,https://www.ebay.es/itm/376592932713,PriceCharting
Neo Destiny,Dark Espeon,4/105,1st Edition,PSA 10,2025-10-06,7800,USD,Fanatics Collect,auction,FALSE,,24812286,,https://www.fanaticscollect.com/weekly/81c1c106-9801-11f0-8846-02d93b7d50ab,PSA APR
Neo Destiny,Dark Espeon,4/105,1st Edition,PSA 10,2025-06-16,5101,USD,eBay,auction,FALSE,,40625279,,https://www.ebay.com/itm/205535174641,PSA APR
Neo Destiny,Dark Espeon,4/105,1st Edition,PSA 10,2025-05-20,5000.00,USD,eBay,unknown,FALSE,,,Pokemon Dark Espeon Neo Destiny 1st Edition Holo Rare #4 PSA 10 Gem Mint,https://www.ebay.es/itm/286574000485,PriceCharting
Neo Destiny,Dark Espeon,4/105,1st Edition,PSA 10,2025-02-04,2800,USD,eBay,BIN,FALSE,,27136123,,https://www.ebay.com/itm/116314458659,PSA APR
Neo Destiny,Dark Espeon,4/105,1st Edition,PSA 10,2025-01-23,3000.00,USD,eBay,unknown,FALSE,,,2002 Pokemon 1st Edition Neo Destiny #4 Dark Espeon Holo Rare PSA 10 GEM MINT #4,https://www.ebay.es/itm/116314458659,PriceCharting
Neo Destiny,Dark Espeon,4/105,1st Edition,PSA 10,2024-03-01,2277.00,USD,eBay,unknown,FALSE,,,Pokemon PSA 10 Gem Mint 1st Ed. Neo Destiny Holo Dark Espeon 4/105 (JC) #4,https://www.ebay.es/itm/326009315008,PriceCharting
Neo Destiny,Dark Espeon,4/105,1st Edition,PSA 10,2023-12-25,2500.00,USD,eBay,unknown,FALSE,,,PSA 10 1st Edition Dark Espeon 4/105 Holo Neo Destiny 2002 Pokemon 💎 Gem Mint 4/105,https://www.ebay.es/itm/394483042051,PriceCharting
Neo Destiny,Dark Espeon,4/105,1st Edition,PSA 10,2023-12-18,2082.69,USD,eBay,auction,FALSE,,64060915,,https://www.ebay.com/itm/285600906018,PSA APR
Neo Destiny,Dark Espeon,4/105,1st Edition,PSA 10,2023-11-20,2194.69,USD,eBay,unknown,FALSE,,,PSA 10 1st Edition Dark Espeon 4/105 Holo Neo Destiny 2002 Pokemon 💎 Gem Mint 4/105,https://www.ebay.es/itm/166433955686,PriceCharting
Neo Destiny,Dark Espeon,4/105,1st Edition,PSA 10,2023-11-05,2276.58,USD,eBay,unknown,FALSE,,,Pokemon - PSA 10 1st Edition Neo Destiny Dark Espeon - Holo #4/105 #4,https://www.ebay.es/itm/235229460086,PriceCharting
Neo Destiny,Dark Espeon,4/105,1st Edition,PSA 9,2026-09-09,5000.00,USD,eBay,best offer,TRUE,5000.00,,Dark Espeon Holo #4/105 - 1st Edition - 2002 Pokemon Neo Destiny - PSA 9 4/105,https://www.ebay.es/itm/800589322660,PriceCharting
Neo Destiny,Dark Espeon,4/105,1st Edition,PSA 9,2026-08-23,2974.18,USD,eBay,unknown,FALSE,,,Dark Espeon Holo 4/105 PSA 9 1st Edition Neo Destiny Pokemon Swirl 4/105,https://www.ebay.es/itm/168633465097,PriceCharting
Neo Destiny,Dark Espeon,4/105,1st Edition,PSA 9,2026-08-23,2974.18,USD,eBay,unknown,FALSE,,,Dark Espeon Holo 4/105 PSA 9 1st Edition Neo Destiny Pokemon Swirl 4/105,https://www.ebay.es/itm/168633453906,PriceCharting
Neo Destiny,Dark Espeon,4/105,1st Edition,PSA 9,2026-08-13,2650.19,USD,eBay,unknown,FALSE,,,2002 POKEMON DARK ESPEON-HOLO 1ST EDITION NEO DESTINY #4 PSA 9 #4,https://www.ebay.es/itm/800468524646,PriceCharting
Neo Destiny,Dark Espeon,4/105,1st Edition,PSA 9,2026-08-08,3200.00,USD,eBay,unknown,FALSE,,,Pokemon Dark Espeon Holo Neo Destiny 4/105 1st Edition PSA 9 Mint 4/105,https://www.ebay.es/itm/287508196002,PriceCharting
Neo Destiny,Dark Espeon,4/105,1st Edition,PSA 9,2026-08-02,3100.00,USD,eBay,best offer,TRUE,3100.00,,Pokemon PSA 9 1st Edition Neo Destiny Dark Espeon Holo Rare 4/105 MINT 4/105,https://www.ebay.es/itm/157976786154,PriceCharting
Neo Destiny,Dark Espeon,4/105,1st Edition,PSA 9,2026-07-05,3650.00,USD,eBay,best offer,TRUE,3650.00,,2002 POKEMON NEO DESTINY 1ST EDITION #4 DARK ESPEON-HOLO PSA 9 #4,https://www.ebay.es/itm/298327956224,PriceCharting
Neo Destiny,Dark Espeon,4/105,1st Edition,PSA 9,2026-06-22,3000.00,USD,eBay,unknown,FALSE,,,2002 Pokemon Neo Destiny 1st Edition #4 Dark Espeon Holo PSA 9 MINT SWIRL,https://www.ebay.es/itm/377261927496,PriceCharting
Neo Destiny,Dark Espeon,4/105,1st Edition,PSA 9,2026-06-22,3050.00,USD,eBay,unknown,FALSE,,,PSA 9 POKEMON DARK ESPEON HOLO SWIRL #4 2002 NEO DESTINY 1ST EDITION ENGLISH 4/105,https://www.ebay.es/itm/267699454693,PriceCharting
Neo Destiny,Dark Espeon,4/105,1st Edition,PSA 9,2026-06-17,2275.02,USD,eBay,unknown,FALSE,,,2002 Pokemon Neo Destiny 1st Edition Dark Espeon Holo #4/105 PSA 9,https://www.ebay.es/itm/377253808001,PriceCharting
Neo Destiny,Dark Espeon,4/105,1st Edition,PSA 9,2026-06-09,2600.00,USD,eBay,unknown,FALSE,,,2002 POKEMON NEO DESTINY 1ST EDITION #4 DARK ESPEON-HOLO PSA 9 #4,https://www.ebay.es/itm/306975049183,PriceCharting
Neo Destiny,Dark Espeon,4/105,1st Edition,PSA 9,2026-06-05,2875.00,USD,eBay,unknown,FALSE,,,2002 Pokemon Neo Destiny Dark Espeon Holo 1st Edition #4/105 PSA 9 2541 4/105,https://www.ebay.es/itm/236843701023,PriceCharting
Neo Destiny,Dark Espeon,4/105,1st Edition,PSA 9,2026-05-17,2750.00,USD,eBay,unknown,FALSE,,,2002 POKEMON NEO DESTINY 1ST EDITION #4 DARK ESPEON-HOLO PSA 9 #4,https://www.ebay.es/itm/117185794701,PriceCharting
Neo Destiny,Dark Espeon,4/105,1st Edition,PSA 9,2026-05-11,2700.02,USD,eBay,unknown,FALSE,,,Pokemon Dark Espeon Neo Destiny 1st Edition Holo Rare #4 PSA 9 Mint,https://www.ebay.es/itm/287301556111,PriceCharting
Neo Destiny,Dark Espeon,4/105,1st Edition,PSA 9,2026-05-09,3900.00,USD,eBay,best offer,TRUE,3900.00,,SWIRL 2002 Pokemon Neo Destiny Dark Espeon 1st Edition Holo #4 - PSA 9 #4,https://www.ebay.es/itm/317916925088,PriceCharting
Neo Destiny,Dark Espeon,4/105,1st Edition,PSA 9,2026-05-03,3000.00,USD,eBay,best offer,TRUE,3000.00,,2002 POKEMON NEO DESTINY 1ST EDITION #4 DARK ESPEON-HOLO PSA 9 #4,https://www.ebay.es/itm/117164901599,PriceCharting
Neo Destiny,Dark Espeon,4/105,1st Edition,PSA 9,2026-05-02,3000.00,USD,eBay,unknown,FALSE,,,2002 POKEMON NEO DESTINY 1ST ED #4 DARK ESPEON-HOLO PSA 9 #4,https://www.ebay.es/itm/298199312196,PriceCharting
Neo Destiny,Dark Espeon,4/105,1st Edition,PSA 9,2026-03-22,2399.00,USD,eBay,unknown,FALSE,,,2002 POKEMON NEO DESTINY 1ST ED #4 DARK ESPEON-HOLO PSA 9 #4,https://www.ebay.es/itm/117072039265,PriceCharting
Neo Destiny,Dark Espeon,4/105,1st Edition,PSA 9,2026-03-05,950.00,USD,eBay,unknown,FALSE,,,2002 POKEMON NEO DESTINY 1ST ED #4 DARK ESPEON-HOLO PSA 9 #4,https://www.ebay.es/itm/389704531936,PriceCharting
Neo Destiny,Dark Espeon,4/105,1st Edition,PSA 9,2026-02-12,1400.00,USD,eBay,unknown,FALSE,,,2002 POKEMON NEO DESTINY 1ST EDITION #4 DARK ESPEON-HOLO PSA 9 #4,https://www.ebay.es/itm/297997022680,PriceCharting
Neo Destiny,Dark Espeon,4/105,1st Edition,PSA 9,2026-01-28,2200.00,USD,eBay,best offer,TRUE,,,"SWIRL Pokemon Dark Espeon Neo Destiny 1st Edition Holo #4/105 PSA 9 Mint, 8 cert",https://www.ebay.es/itm/267557228776,PriceCharting
Neo Destiny,Dark Espeon,4/105,1st Edition,PSA 9,2026-01-12,1400.00,USD,eBay,unknown,FALSE,,,2002 POKEMON NEO DESTINY 1ST ED #4 DARK ESPEON-HOLO PSA 9 #4,https://www.ebay.es/itm/306699337889,PriceCharting
Neo Destiny,Dark Espeon,4/105,1st Edition,PSA 9,2026-01-05,1128.67,USD,eBay,unknown,FALSE,,,PSA 9 1st Edition Neo Destiny Dark Espeon 4/105 Holo Rare Pokemon TCG,https://www.ebay.es/itm/306645874932,PriceCharting
Neo Destiny,Dark Espeon,4/105,1st Edition,PSA 9,2026-01-04,1238.21,USD,eBay,best offer,TRUE,,,PSA 9 Dark Espeon Holo 4/105 1st Edition Neo Destiny Pokemon Card,https://www.ebay.es/itm/326922089212,PriceCharting
Neo Destiny,Dark Espeon,4/105,1st Edition,PSA 8,2026-09-12,1790.16,USD,eBay,unknown,FALSE,,,2002 POKEMON NEO DESTINY #4 DARK ESPEON-HOLO 1ST EDITION PSA 8 #4,https://www.ebay.es/itm/307158157253,PriceCharting
Neo Destiny,Dark Espeon,4/105,1st Edition,PSA 8,2026-08-10,1727.00,USD,eBay,unknown,FALSE,,,2002 POKEMON NEO DESTINY 1ST EDITION #4 DARK ESPEON-HOLO PSA 8 #4,https://www.ebay.es/itm/298534237217,PriceCharting
Neo Destiny,Dark Espeon,4/105,1st Edition,PSA 8,2026-07-10,1400.00,USD,eBay,unknown,FALSE,,,Pokemon Dark Espeon Neo Destiny 1st Edition Holo Rare #4 PSA 8,https://www.ebay.es/itm/287386777186,PriceCharting
Neo Destiny,Dark Espeon,4/105,1st Edition,PSA 8,2026-07-06,1095.00,USD,eBay,unknown,FALSE,,,2002 POKEMON NEO DESTINY 1ST EDITION #4 DARK ESPEON-HOLO PSA 8 #4,https://www.ebay.es/itm/298442378759,PriceCharting
Neo Destiny,Dark Espeon,4/105,1st Edition,PSA 8,2026-06-15,1211.00,USD,eBay,unknown,FALSE,,,2002 POKEMON NEO DESTINY 1ST EDITION #4 DARK ESPEON-HOLO PSA 8 #4,https://www.ebay.es/itm/298373060332,PriceCharting
Neo Destiny,Dark Espeon,4/105,1st Edition,PSA 8,2026-04-25,1052.45,USD,eBay,best offer,TRUE,1031.60,,2002 POKEMON NEO DESTINY 1ST EDITION #4 DARK ESPEON-HOLO PSA 8 - SWIRL #4,https://www.ebay.es/itm/227293845226,PriceCharting
Neo Destiny,Dark Espeon,4/105,1st Edition,PSA 8,2026-04-04,1082.56,USD,eBay,best offer,TRUE,1061.11,,2002 POKEMON NEO DESTINY 1ST EDITION #4 DARK ESPEON-HOLO PSA 8 - SWIRL #4,https://www.ebay.es/itm/227280535570,PriceCharting
Neo Destiny,Dark Espeon,4/105,1st Edition,PSA 8,2026-04-02,1113.00,USD,eBay,unknown,FALSE,,,POKEMON DARK ESPEON 2002 NEO DESTINY 1ST EDITION #4 HOLO PSA 8 *SWIRL* #4,https://www.ebay.es/itm/389794313504,PriceCharting
Neo Destiny,Dark Espeon,4/105,1st Edition,PSA 8,2026-03-29,1127.02,USD,eBay,best offer,TRUE,1127.43,,2002 POKEMON NEO DESTINY 1ST EDITION #4 DARK ESPEON-HOLO PSA 8 - SWIRL #4,https://www.ebay.es/itm/227255973717,PriceCharting
Neo Destiny,Dark Espeon,4/105,1st Edition,PSA 8,2026-03-02,910.00,USD,eBay,unknown,FALSE,,,2002 Pokemon Dark Espeon #4 Neo Destiny 1st Edition PSA 8 NM-Mint Original Owner #4,https://www.ebay.es/itm/397638936283,PriceCharting
Neo Destiny,Dark Espeon,4/105,1st Edition,PSA 8,2026-01-16,780.00,USD,eBay,unknown,FALSE,,,2002 POKEMON NEO DESTINY 1ST ED #4 DARK ESPEON-HOLO PSA 8 #4,https://www.ebay.es/itm/306584839096,PriceCharting
Neo Destiny,Dark Espeon,4/105,1st Edition,PSA 8,2026-01-06,765.00,USD,eBay,best offer,TRUE,,,2002 Pokemon Neo Destiny 1st Edition Dark Espeon Holo Foil #4 PSA 8 #4,https://www.ebay.es/itm/317483583462,PriceCharting
Neo Destiny,Dark Espeon,4/105,1st Edition,PSA 8,2025-11-30,676.00,USD,eBay,unknown,FALSE,,,Pokemon Dark Espeon Neo Destiny 1st Edition Holo Rare #4 PSA 8,https://www.ebay.es/itm/286958762134,PriceCharting
Neo Destiny,Dark Espeon,4/105,1st Edition,PSA 8,2025-08-27,749.00,USD,eBay,unknown,FALSE,,,2002 Pokemon Neo Destiny 1st Edition Dark Espeon Holo Foil #4 PSA 8,https://www.ebay.es/itm/187518418826,PriceCharting
Neo Destiny,Dark Espeon,4/105,1st Edition,PSA 8,2025-07-03,624.99,USD,eBay,unknown,FALSE,,,Pokemon Dark Espeon 4/105 Neo Destiny 1st Edition Vintage Holo PSA 8 #4,https://www.ebay.es/itm/226833108894,PriceCharting
Neo Destiny,Dark Espeon,4/105,1st Edition,PSA 8,2025-05-09,443.74,USD,eBay,unknown,FALSE,,,Pokemon Dark Espeon Neo Destiny 1st Edition Holo Rare #4 PSA 8,https://www.ebay.es/itm/256911757765,PriceCharting
Neo Destiny,Dark Espeon,4/105,1st Edition,PSA 8,2025-05-01,473.00,USD,eBay,unknown,FALSE,,,2002 POKEMON NEO DESTINY 1ST EDITION #4 DARK ESPEON-HOLO PSA 8 #4,https://www.ebay.es/itm/297242625589,PriceCharting
Neo Destiny,Dark Espeon,4/105,1st Edition,PSA 8,2025-04-27,500.00,USD,eBay,unknown,FALSE,,,Pokemon Dark Espeon Neo Destiny 1st Edition Holo Rare #4 PSA 8,https://www.ebay.es/itm/286502252214,PriceCharting
Neo Destiny,Dark Espeon,4/105,1st Edition,PSA 8,2025-03-13,650.00,USD,eBay,unknown,FALSE,,,Pokemon Dark Espeon 1st Edition Holo Neo Destiny 04/105 PSA 8! 🔥,https://www.ebay.es/itm/375551584743,PriceCharting
Neo Destiny,Dark Espeon,4/105,1st Edition,PSA 8,2025-02-08,410.00,USD,eBay,unknown,FALSE,,,Dark Espeon 4/105 1st Edition Neo Destiny PSA 8 Pokémon Holo Rare WOTC 2002 4/105,https://www.ebay.es/itm/316206572664,PriceCharting
Neo Destiny,Dark Espeon,4/105,Unlimited,PSA 10,2026-09-28,34200,USD,Fanatics Collect,auction,FALSE,,121379282,,https://www.fanaticscollect.com/weekly/26940ecc-b12a-11f1-b98f-0a58a9feac02,PSA APR
Neo Destiny,Dark Espeon,4/105,Unlimited,PSA 10,2026-04-21,13011,USD,eBay,auction,FALSE,,27274784,,https://www.ebay.com/itm/389872848216,PSA APR
Neo Destiny,Dark Espeon,4/105,Unlimited,PSA 10,2026-04-14,29999.99,USD,eBay,unknown,FALSE,,,PSA 10 GEM MINT Dark Espeon 4/105 HOLO Neo Destiny RARE Pokemon Card,https://www.ebay.es/itm/267618576380,PriceCharting
Neo Destiny,Dark Espeon,4/105,Unlimited,PSA 10,2026-04-13,12201.00,USD,eBay,unknown,FALSE,,,Pokemon Dark Espeon Neo Destiny Unlimited Holo Rare #4 PSA 10 Gem Mint,https://www.ebay.es/itm/287251389727,PriceCharting
Neo Destiny,Dark Espeon,4/105,Unlimited,PSA 10,2026-04-01,14721,USD,eBay,auction,FALSE,,27274784,,https://www.ebay.com/itm/366301123747,PSA APR
Neo Destiny,Dark Espeon,4/105,Unlimited,PSA 10,2025-03-17,1691.00,USD,eBay,unknown,FALSE,,,Pokemon Dark Espeon Neo Destiny Unlimited Holo Rare #4 PSA 10 Gem Mint,https://www.ebay.es/itm/286390937073,PriceCharting
Neo Destiny,Dark Espeon,4/105,Unlimited,PSA 10,2024-10-04,1199.99,USD,eBay,unknown,FALSE,,,2002 Pokemon PSA 10 Dark Espeon Holo Swirl - 4/105 Neo Destiny GEM MINT 4/105,https://www.ebay.es/itm/335586617342,PriceCharting
Neo Destiny,Dark Espeon,4/105,Unlimited,PSA 10,2024-09-20,1100.00,USD,eBay,unknown,FALSE,,,2002 Pokemon PSA 10 Dark Espeon Holo Swirl - 4/105 Neo Destiny GEM MINT 4/105,https://www.ebay.es/itm/335551627352,PriceCharting
Neo Destiny,Dark Espeon,4/105,Unlimited,PSA 10,2024-08-20,1100.00,USD,eBay,unknown,FALSE,,,2002 Pokemon PSA 10 Dark Espeon Holo Swirl - 4/105 Neo Destiny GEM MINT 4/105,https://www.ebay.es/itm/335434821011,PriceCharting
Neo Destiny,Dark Espeon,4/105,Unlimited,PSA 10,2024-08-04,873.80,USD,eBay,unknown,FALSE,,,Pokemon Dark Espeon Neo Destiny Unlimited PSA 10 2002,https://www.ebay.es/itm/256585817650,PriceCharting
Neo Destiny,Dark Espeon,4/105,Unlimited,PSA 10,2024-05-29,998.95,USD,eBay,unknown,FALSE,,,Pokemon Neo Destiny Dark Espeon 4/105 PSA 10 GEM MINT,https://www.ebay.es/itm/374919858240,PriceCharting
Neo Destiny,Dark Espeon,4/105,Unlimited,PSA 10,2024-05-25,850.00,USD,eBay,unknown,FALSE,,,Pokémon TCG Dark Espeon Neo Destiny 4 Holo Unlimited Holo Rare PSA 10 4/105,https://www.ebay.es/itm/225977805519,PriceCharting
Neo Destiny,Dark Espeon,4/105,Unlimited,PSA 10,2024-05-09,962.00,USD,eBay,unknown,FALSE,,,2002 Pokemon Neo Destiny #4 Dark Espeon - Holo PSA 10 GEM MINT,https://www.ebay.es/itm/364870910257,PriceCharting
Neo Destiny,Dark Espeon,4/105,Unlimited,PSA 9,2026-09-29,1005.50,USD,eBay,unknown,FALSE,,,2002 Pokemon DARK ESPEON #4/105 Neo Destiny Unlimited Holo Rare English PSA 9 4/105,https://www.ebay.es/itm/307190190384,PriceCharting
Neo Destiny,Dark Espeon,4/105,Unlimited,PSA 9,2026-09-13,1009.00,USD,eBay,unknown,FALSE,,,2002 Pokemon DARK ESPEON #4/105 Neo Destiny Unlimited Holo Rare English PSA 9 4/105,https://www.ebay.es/itm/307165271375,PriceCharting
Neo Destiny,Dark Espeon,4/105,Unlimited,PSA 9,2026-09-03,2000.00,USD,eBay,unknown,FALSE,,,Pokemon Dark Espeon Neo Destiny Holo Rare #4 PSA 9 MINT 💎 BEAUTIFUL WITH SWIRL! 4/105,https://www.ebay.es/itm/407185200472,PriceCharting
Neo Destiny,Dark Espeon,4/105,Unlimited,PSA 9,2026-08-31,1599.99,USD,eBay,unknown,FALSE,,,2002 POKEMON NEO DESTINY #4 DARK ESPEON-HOLO PSA 9 #4,https://www.ebay.es/itm/307144126424,PriceCharting
Neo Destiny,Dark Espeon,4/105,Unlimited,PSA 9,2026-07-15,1199.97,USD,eBay,unknown,FALSE,,,2002 POKEMON NEO DESTINY #4 DARK ESPEON-HOLO PSA 9 #4,https://www.ebay.es/itm/307059357055,PriceCharting
Neo Destiny,Dark Espeon,4/105,Unlimited,PSA 9,2026-07-02,770.00,USD,eBay,unknown,FALSE,,,DARK ESPEON 2002 POKEMON NEO DESTINY HOLO #4/105 PSA 9 Q0895 #4,https://www.ebay.es/itm/278121838106,PriceCharting
Neo Destiny,Dark Espeon,4/105,Unlimited,PSA 9,2026-05-12,1125.00,USD,eBay,best offer,TRUE,1125.00,,Pokemon Dark Espeon 4/105 Neo Destiny Holo PSA 9 2002 English 4/105,https://www.ebay.es/itm/298300916871,PriceCharting
Neo Destiny,Dark Espeon,4/105,Unlimited,PSA 9,2026-04-21,1225.00,USD,eBay,best offer,TRUE,1225.00,,2002 Pokémon Neo Destiny Dark Espeon Holo 4/105 PSA 9 Unlimited English-Low POP 4/105,https://www.ebay.es/itm/298222973915,PriceCharting
Neo Destiny,Dark Espeon,4/105,Unlimited,PSA 9,2026-04-15,915.00,USD,eBay,unknown,FALSE,,,Pokémon Neo Destiny Dark Espeon swirl Holo 4/105 PSA 9 2002 Unlimited English 4/105,https://www.ebay.es/itm/127798226406,PriceCharting
Neo Destiny,Dark Espeon,4/105,Unlimited,PSA 9,2026-04-06,1200.00,USD,eBay,unknown,FALSE,,,Pokémon Neo Destiny Dark Espeon swirl Holo 4/105 PSA 9 2002 Unlimited English 4/105,https://www.ebay.es/itm/318077581021,PriceCharting
Neo Destiny,Dark Espeon,4/105,Unlimited,PSA 9,2026-03-30,875.00,USD,eBay,unknown,FALSE,,,2002 POKEMON PSA 9 DARK ESPEON - RARE HOLO NEO DESTINY 4/105 MINT WOTC *SWIRL* 4/105,https://www.ebay.es/itm/306841704018,PriceCharting
Neo Destiny,Dark Espeon,4/105,Unlimited,PSA 9,2026-03-28,1400.00,USD,eBay,unknown,FALSE,,,Dark Espeon 4/105 Neo Destiny Holo Pokemon 2002 PSA 9 4/105,https://www.ebay.es/itm/366298205397,PriceCharting
Neo Destiny,Dark Espeon,4/105,Unlimited,PSA 9,2026-03-27,1000.00,USD,eBay,unknown,FALSE,,,2002 POKEMON NEO DESTINY #4 DARK ESPEON-HOLO PSA 9 #4,https://www.ebay.es/itm/298008387375,PriceCharting
Neo Destiny,Dark Espeon,4/105,Unlimited,PSA 9,2026-03-20,900.00,USD,eBay,unknown,FALSE,,,Pokémon Dark Espeon PSA 9 4/105 Neo Destiny Holo New Cert 4/105,https://www.ebay.es/itm/336471564651,PriceCharting
Neo Destiny,Dark Espeon,4/105,Unlimited,PSA 9,2026-02-08,532.99,USD,eBay,unknown,FALSE,,,2002 POKEMON PSA 9 DARK ESPEON - RARE HOLO NEO DESTINY 4/105 MINT WOTC,https://www.ebay.es/itm/227197336898,PriceCharting
Neo Destiny,Dark Espeon,4/105,Unlimited,PSA 9,2026-01-29,489.35,USD,eBay,unknown,FALSE,,,2002 POKEMON PSA 9 DARK ESPEON - RARE HOLO NEO DESTINY 4/105 MINT WOTC,https://www.ebay.es/itm/227184232726,PriceCharting
Neo Destiny,Dark Espeon,4/105,Unlimited,PSA 9,2026-01-21,630.00,USD,eBay,unknown,FALSE,,,2002 POKEMON NEO DESTINY 4 DARK ESPEON-HOLO PSA 9 4/105,https://www.ebay.es/itm/127531681766,PriceCharting
Neo Destiny,Dark Espeon,4/105,Unlimited,PSA 9,2026-01-01,500.00,USD,eBay,unknown,FALSE,,,2002 POKEMON NEO DESTINY #4 DARK ESPEON-HOLO PSA 9 #4,https://www.ebay.es/itm/297863142032,PriceCharting
Neo Destiny,Dark Espeon,4/105,Unlimited,PSA 9,2025-12-30,501.00,USD,eBay,unknown,FALSE,,,2002 Pokemon Neo Destiny #4 Dark Espeon Holo PSA 9 MINT,https://www.ebay.es/itm/376796933017,PriceCharting
Neo Destiny,Dark Espeon,4/105,Unlimited,PSA 8,2026-09-29,650.00,USD,eBay,best offer,TRUE,,,Pokemon TCG Neo Destiny Dark Espeon 4/105 Holo Rare Unlimited PSA 8 4/105,https://www.ebay.es/itm/336782530005,PriceCharting
Neo Destiny,Dark Espeon,4/105,Unlimited,PSA 8,2026-09-14,625.00,USD,eBay,best offer,TRUE,625.00,,2002 POKEMON NEO DESTINY #4 DARK ESPEON-HOLO PSA 8 #4,https://www.ebay.es/itm/298667258473,PriceCharting
Neo Destiny,Dark Espeon,4/105,Unlimited,PSA 8,2026-09-06,700.00,USD,eBay,unknown,FALSE,,,2002 POKEMON NEO DESTINY #4 DARK ESPEON-HOLO PSA 8 #4,https://www.ebay.es/itm/117371907389,PriceCharting
Neo Destiny,Dark Espeon,4/105,Unlimited,PSA 8,2026-08-30,635.00,USD,eBay,best offer,TRUE,635.00,,"Pokemon Neo Destiny Dark Espeon Holo Card 2002 PSA 8, #4/105",https://www.ebay.es/itm/206517505908,PriceCharting
Neo Destiny,Dark Espeon,4/105,Unlimited,PSA 8,2026-08-26,590.00,USD,eBay,unknown,FALSE,,,2002 Pokemon Neo Destiny #4 Dark Espeon Holo PSA 8 NM-MT #4,https://www.ebay.es/itm/377442563112,PriceCharting
Neo Destiny,Dark Espeon,4/105,Unlimited,PSA 8,2026-08-24,610.00,USD,eBay,unknown,FALSE,,,Pokemon 2002 Dark Espeon Neo Destiny Holo Card PSA 8 NM-Mint 4/105,https://www.ebay.es/itm/137649600379,PriceCharting
Neo Destiny,Dark Espeon,4/105,Unlimited,PSA 8,2026-08-13,680.00,USD,eBay,unknown,FALSE,,,POKEMON DARK ESPEON-HOLO 2002 NEO DESTINY #4 PSA 8 #4,https://www.ebay.es/itm/800467858210,PriceCharting
Neo Destiny,Dark Espeon,4/105,Unlimited,PSA 8,2026-08-04,710.00,USD,eBay,unknown,FALSE,,,2002 Pokemon Neo Destiny #4 Dark Espeon Holo w/ Swirl PSA 8 NM-MT,https://www.ebay.es/itm/366563543524,PriceCharting
Neo Destiny,Dark Espeon,4/105,Unlimited,PSA 8,2026-07-19,710.00,USD,eBay,unknown,FALSE,,,Pokemon Dark Espeon Holo Neo Destiny 4/105 PSA 8 4/105,https://www.ebay.es/itm/287450309948,PriceCharting
Neo Destiny,Dark Espeon,4/105,Unlimited,PSA 8,2026-07-15,1225.00,USD,eBay,unknown,FALSE,,,2002 Pokemon Neo Destiny #4 Dark Espeon Holo w/ Swirl PSA 8 NM-MT,https://www.ebay.es/itm/377326932642,PriceCharting
Neo Destiny,Dark Espeon,4/105,Unlimited,PSA 8,2026-07-08,900.00,USD,eBay,unknown,FALSE,,,2002 POKEMON NEO DESTINY #4 DARK ESPEON-HOLO UNLIMITED PSA 8 (TAIL/FART SWIRL) #4,https://www.ebay.es/itm/377297357949,PriceCharting
Neo Destiny,Dark Espeon,4/105,Unlimited,PSA 8,2026-06-26,736.00,USD,eBay,unknown,FALSE,,,2002 Pokemon Neo Destiny #4 Dark Espeon Holo w/ Swirl PSA 8 NM-MT,https://www.ebay.es/itm/366488813352,PriceCharting
Neo Destiny,Dark Espeon,4/105,Unlimited,PSA 8,2026-06-18,549.01,USD,eBay,unknown,FALSE,,,Pokémon 2002 Neo Destiny Dark Espeon 4/105 Holo Unlimited PSA 8 4/105,https://www.ebay.es/itm/398054180654,PriceCharting
Neo Destiny,Dark Espeon,4/105,Unlimited,PSA 8,2026-06-12,670.00,USD,eBay,unknown,FALSE,,,Pokémon TCG Dark Espeon Neo Destiny Holo Rare 4/105 PSA 8 2002 English 4/105,https://www.ebay.es/itm/287378912010,PriceCharting
Neo Destiny,Dark Espeon,4/105,Unlimited,PSA 8,2026-06-09,870.00,USD,eBay,unknown,FALSE,,,2002 Pokemon Neo Destiny #4 Dark Espeon Holo w/ Swirl PSA 8 NM-MT,https://www.ebay.es/itm/377226488321,PriceCharting
Neo Destiny,Dark Espeon,4/105,Unlimited,PSA 8,2026-06-06,770.00,USD,eBay,best offer,TRUE,770.00,,Pokémon 2002 Neo Destiny Dark Espeon 4/105 Holo Unlimited PSA 8 4/105,https://www.ebay.es/itm/398026755238,PriceCharting
Neo Destiny,Dark Espeon,4/105,Unlimited,PSA 8,2026-05-25,770.00,USD,eBay,unknown,FALSE,,,Pokemon Dark Espeon Neo Destiny Unlimited Holo Rare #4 PSA 8,https://www.ebay.es/itm/287333470541,PriceCharting
Neo Destiny,Dark Espeon,4/105,Unlimited,PSA 8,2026-05-05,576.15,USD,eBay,unknown,FALSE,,,PSA 8 NM-MT Pokemon Dark Espeon Neo Destiny Holo 4/105,https://www.ebay.es/itm/198282809084,PriceCharting
Neo Destiny,Dark Espeon,4/105,Unlimited,PSA 8,2026-05-03,600.00,USD,eBay,best offer,TRUE,600.00,,2002 POKEMON NEO DESTINY #4 DARK ESPEON-HOLO PSA 8 ENGLISH #4,https://www.ebay.es/itm/117174615044,PriceCharting
Neo Destiny,Dark Espeon,4/105,Unlimited,PSA 8,2026-04-18,529.99,USD,eBay,unknown,FALSE,,,Pokémon TCG Dark Espeon Neo Destiny Holo Rare 4/105 PSA 8 2002 English 4/105,https://www.ebay.es/itm/366261680435,PriceCharting
Neo Destiny,Dark Espeon,4/105,Unlimited,PSA 8,2026-04-12,460.00,USD,eBay,unknown,FALSE,,,Pokemon Dark Espeon Neo Destiny Unlimited Holo Rare #4 PSA 8,https://www.ebay.es/itm/287251551956,PriceCharting
Neo Destiny,Dark Espeon,4/105,Unlimited,PSA 8,2026-04-10,500.00,USD,eBay,unknown,FALSE,,,Pokemon Neo Destiny Dark Espeon 4/105 Holo Rare Unlimited PSA 8 4/105,https://www.ebay.es/itm/147223410839,PriceCharting
Neo Destiny,Dark Feraligatr,5/105,1st Edition,PSA 10,2026-09-29,17000,USD,eBay,best offer,TRUE,,27285217,,https://www.ebay.com/itm/366698398971,PSA APR
Neo Destiny,Dark Feraligatr,5/105,1st Edition,PSA 10,2026-09-22,15999,USD,Fanatics Collect,BIN,FALSE,,48571790,,https://www.fanaticscollect.com/buy-now/e47381c2-3a4e-4daa-b3f4-2ded6e14b212,PSA APR
Neo Destiny,Dark Feraligatr,5/105,1st Edition,PSA 10,2026-09-06,7000.00,USD,eBay,unknown,FALSE,,,Pokemon Dark Feraligatr Neo Destiny 1st Edition Holo Rare #5 PSA 10 Gem Mint,https://www.ebay.es/itm/287359598588,PriceCharting
Neo Destiny,Dark Feraligatr,5/105,1st Edition,PSA 10,2026-09-06,6999.99,USD,eBay,BIN,FALSE,,28114959,,https://www.ebay.com/itm/278246823428,PSA APR
Neo Destiny,Dark Feraligatr,5/105,1st Edition,PSA 10,2026-08-31,6300,USD,Fanatics Collect,auction,FALSE,,41579339,,https://www.fanaticscollect.com/weekly/0c556ef0-9b88-11f1-a861-062b4eb65239,PSA APR
Neo Destiny,Dark Feraligatr,5/105,1st Edition,PSA 10,2026-08-24,6300,USD,Fanatics Collect,auction,FALSE,,29084362,,https://www.fanaticscollect.com/weekly/3654d388-92e8-11f1-ab5c-0a58a9feac02,PSA APR
Neo Destiny,Dark Feraligatr,5/105,1st Edition,PSA 10,2026-08-24,6299,USD,eBay,BIN,FALSE,,45221579,,https://www.ebay.com/itm/377253526736,PSA APR
Neo Destiny,Dark Feraligatr,5/105,1st Edition,PSA 10,2026-07-11,2599.99,USD,eBay,best offer,TRUE,,43600657,,https://www.ebay.com/itm/187834034411,PSA APR
Neo Destiny,Dark Feraligatr,5/105,1st Edition,PSA 10,2026-07-04,6888,USD,Fanatics Collect,best offer,TRUE,,28352172,,https://www.fanaticscollect.com/buy-now/a50698d1-95e5-41db-8e65-90ed6a984ff7,PSA APR
Neo Destiny,Dark Feraligatr,5/105,1st Edition,PSA 10,2026-05-18,6300,USD,Fanatics Collect,auction,FALSE,,27901082,,https://www.fanaticscollect.com/weekly/f31cf0fe-4932-11f1-af58-06b0da660371,PSA APR
Neo Destiny,Dark Feraligatr,5/105,1st Edition,PSA 10,2026-05-14,5500,USD,Heritage Auctions,auction,FALSE,,29084362,,https://comics.ha.com/itm/memorabilia/trading-cards/pokemon-dark-feraligatr-5-1st-edition-neo-destiny-psa-trading-card-game-gem-mint-10-wizards-of-the-coast-2002-rare-holo/a/43246-78111.s?type=DA-DMC-CardLadder-TradingCardGames-43246-05142026,PSA APR
Neo Destiny,Dark Feraligatr,5/105,1st Edition,PSA 10,2026-05-11,6100,USD,Goldin Auctions,auction,FALSE,,48571790,,https://goldin.co/item/2002-pokemon-neo-destiny-1st-edition-holo-5-dark-feraligatr-psa-gem-mtr2k0a,PSA APR
Neo Destiny,Dark Feraligatr,5/105,1st Edition,PSA 10,2026-04-20,6600,USD,Fanatics Collect,auction,FALSE,,27034394,,https://www.fanaticscollect.com/weekly/3144ade0-322c-11f1-8286-0a58a9feac02,PSA APR
Neo Destiny,Dark Feraligatr,5/105,1st Edition,PSA 10,2026-03-23,9300,USD,Fanatics Collect,auction,FALSE,,43639995,,https://www.fanaticscollect.com/weekly/06225b3e-1734-11f1-b203-0a58a9feac02,PSA APR
Neo Destiny,Dark Feraligatr,5/105,1st Edition,PSA 10,2026-03-18,9975.00,USD,eBay,unknown,FALSE,,,Pokemon Dark Feraligatr Neo Destiny 1st Edition Holo Rare #5 PSA 10 Gem Mint,https://www.ebay.es/itm/287215053745,PriceCharting
Neo Destiny,Dark Feraligatr,5/105,1st Edition,PSA 10,2026-01-26,3800.00,USD,eBay,unknown,FALSE,,,2002 POKEMON NEO DESTINY 1ST ED #5 DARK FERALIGATR-HOLO PSA 10 #5,https://www.ebay.es/itm/306718574531,PriceCharting
Neo Destiny,Dark Feraligatr,5/105,1st Edition,PSA 10,2026-01-10,3750,USD,eBay,best offer,TRUE,,43647951,,https://www.ebay.com/itm/306699729038,PSA APR
Neo Destiny,Dark Feraligatr,5/105,1st Edition,PSA 10,2026-01-07,1852.95,USD,eBay,unknown,FALSE,,,PSA 10 1st Edition Dark Feraligatr Holo 5/105 - 2002 Neo Destiny Rare Pokemon,https://www.ebay.es/itm/336053477875,PriceCharting
Neo Destiny,Dark Feraligatr,5/105,1st Edition,PSA 10,2025-11-25,2250.00,USD,eBay,unknown,FALSE,,,2002 POKEMON NEO DESTINY 1ST ED #5 DARK FERALIGATR-HOLO PSA 10 #5,https://www.ebay.es/itm/297716928576,PriceCharting
Neo Destiny,Dark Feraligatr,5/105,1st Edition,PSA 10,2025-11-24,1470,USD,Fanatics Collect,auction,FALSE,,43600657,,https://www.fanaticscollect.com/weekly/44d62252-bc62-11f0-bae8-0a58a9feac02,PSA APR
Neo Destiny,Dark Feraligatr,5/105,1st Edition,PSA 10,2025-11-17,1776.00,USD,eBay,unknown,FALSE,,,Pokemon Dark Feraligatr Neo Destiny 1st Edition Holo Rare #5 PSA 10 Gem Mint,https://www.ebay.es/itm/286921625222,PriceCharting
Neo Destiny,Dark Feraligatr,5/105,1st Edition,PSA 10,2025-10-11,2495,USD,Fanatics Collect,best offer,TRUE,,48382021,,https://www.fanaticscollect.com/fixed/657ca79e-a6a9-11ef-8214-0a58a9feac02,PSA APR
Neo Destiny,Dark Feraligatr,5/105,1st Edition,PSA 10,2025-10-10,1825.00,USD,eBay,unknown,FALSE,,,2002 Pokemon Neo Destiny 1st Edition #5 Dark Feraligatr Holo PSA 10 GEM MINT,https://www.ebay.es/itm/365898334609,PriceCharting
Neo Destiny,Dark Feraligatr,5/105,1st Edition,PSA 10,2025-10-09,1783.93,USD,eBay,BIN,FALSE,,27566352,,https://www.ebay.com/itm/336053477875,PSA APR
Neo Destiny,Dark Feraligatr,5/105,1st Edition,PSA 10,2025-10-06,1650.00,USD,eBay,best offer,TRUE,1650.00,,Pokemon PSA 10 1st Edition Neo Destiny Dark Feraligatr Holo Rare 5/105 GEM MINT 5/105,https://www.ebay.es/itm/157223092475,PriceCharting
Neo Destiny,Dark Feraligatr,5/105,1st Edition,PSA 10,2025-10-06,2370,USD,Fanatics Collect,auction,FALSE,,27034394,,https://www.fanaticscollect.com/weekly/81c0422c-9801-11f0-9af8-02d93b7d50ab,PSA APR
Neo Destiny,Dark Feraligatr,5/105,1st Edition,PSA 10,2025-09-20,1650,USD,eBay,best offer,TRUE,,65191248,,https://www.ebay.com/itm/406151674223,PSA APR
Neo Destiny,Dark Feraligatr,5/105,1st Edition,PSA 10,2025-08-12,1615,USD,eBay,best offer,TRUE,,27589464,,https://www.ebay.com/itm/116377926593,PSA APR
Neo Destiny,Dark Feraligatr,5/105,1st Edition,PSA 10,2025-06-30,1350.00,USD,eBay,unknown,FALSE,,,2002 POKEMON NEO DESTINY 1ST ED #5 DARK FERALIGATR-HOLO PSA 10 #5,https://www.ebay.es/itm/177125234393,PriceCharting
Neo Destiny,Dark Feraligatr,5/105,1st Edition,PSA 10,2025-06-25,1266.43,USD,eBay,best offer,TRUE,,41915354,,https://www.ebay.com/itm/115312552512,PSA APR
Neo Destiny,Dark Feraligatr,5/105,1st Edition,PSA 10,2025-06-16,1325,USD,eBay,auction,FALSE,,40859511,,https://www.ebay.com/itm/365649785158,PSA APR
Neo Destiny,Dark Feraligatr,5/105,1st Edition,PSA 10,2025-04-07,1110,USD,Fanatics Collect,auction,FALSE,,56222565,,https://www.fanaticscollect.com/weekly/29b7676a-0920-11f0-9977-0a58a9feac02,PSA APR
Neo Destiny,Dark Feraligatr,5/105,1st Edition,PSA 10,2025-02-18,688.52,USD,eBay,unknown,FALSE,,,Pokemon Holo 1st Edition Dark Feraligatr Neo Destiny 5/105 Holo PSA 10 5/105,https://www.ebay.es/itm/256815399153,PriceCharting
Neo Destiny,Dark Feraligatr,5/105,1st Edition,PSA 10,2024-08-11,879.30,USD,eBay,unknown,FALSE,,,Pokemon Neo Destiny 1st. Edition Dark Feraligatr Holo PSA 10 Gem Mint -WOTC 2002,https://www.ebay.es/itm/276579610759,PriceCharting
Neo Destiny,Dark Feraligatr,5/105,1st Edition,PSA 10,2024-07-11,862.50,USD,eBay,unknown,FALSE,,,2002 DARK FERALIGATR 1ST EDITION HOLO NEO DESTINY POKEMON PSA 10 SWIRL #5/105 #5,https://www.ebay.es/itm/355801290031,PriceCharting
Neo Destiny,Dark Feraligatr,5/105,1st Edition,PSA 10,2024-05-23,775.00,USD,eBay,unknown,FALSE,,,2002 DARK FERALIGATR 1ST EDITION HOLO NEO DESTINY POKEMON PSA 10 GEM MINT #5/105 #5,https://www.ebay.es/itm/126444968461,PriceCharting
Neo Destiny,Dark Feraligatr,5/105,1st Edition,PSA 10,2024-02-13,587.75,USD,eBay,unknown,FALSE,,,Pokemon - PSA 10 1st Edition Neo Destiny Dark Feraligatr - Holo #5/105 #5,https://www.ebay.es/itm/235229463848,PriceCharting
Neo Destiny,Dark Feraligatr,5/105,1st Edition,PSA 10,2024-01-04,749.99,USD,eBay,unknown,FALSE,,,2002 Neo Destiny 5 Dark Feraligatr 1st Edition Holo Rare Pokemon TCG Card PSA 10 #5,https://www.ebay.es/itm/116014413678,PriceCharting
Neo Destiny,Dark Feraligatr,5/105,1st Edition,PSA 10,2023-11-22,560.00,USD,eBay,unknown,FALSE,,,2002 Pokemon Neo Destiny 1st Edition #5 Dark Feraligatr - Holo PSA 10 GEM MINT,https://www.ebay.es/itm/375056750492,PriceCharting
Neo Destiny,Dark Feraligatr,5/105,1st Edition,PSA 10,2023-10-09,745.00,USD,eBay,unknown,FALSE,,,2002 Pokémon Neo Destiny 1st Edition Dark Feraligatr Holo PSA 10 #5/105,https://www.ebay.es/itm/256236312139,PriceCharting
Neo Destiny,Dark Feraligatr,5/105,1st Edition,PSA 9,2026-09-28,1300.00,USD,eBay,best offer,TRUE,1300.00,,2002 Pokemon Dark Feraligatr 1st Edition Holo #5 Neo Destiny PSA 9 Mint SWIRL #5,https://www.ebay.es/itm/257764023470,PriceCharting
Neo Destiny,Dark Feraligatr,5/105,1st Edition,PSA 9,2026-09-21,890.00,USD,eBay,unknown,FALSE,,,2002 Pokemon Neo Destiny 1st Edition Dark Feraligatr Holo #5/105 PSA 9,https://www.ebay.es/itm/128081501485,PriceCharting
Neo Destiny,Dark Feraligatr,5/105,1st Edition,PSA 9,2026-08-17,741.00,USD,eBay,unknown,FALSE,,,Pokemon Dark Feraligatr Holo Neo Destiny 5/105 1st Edition PSA 9 Mint 5/105,https://www.ebay.es/itm/287511103182,PriceCharting
Neo Destiny,Dark Feraligatr,5/105,1st Edition,PSA 9,2026-06-17,849.57,USD,eBay,unknown,FALSE,,,2002 POKEMON NEO DESTINY #5 DARK FERALIGATR-HOLO 1ST EDITION PSA 9 #5,https://www.ebay.es/itm/306993334712,PriceCharting
Neo Destiny,Dark Feraligatr,5/105,1st Edition,PSA 9,2026-05-11,870.00,USD,eBay,best offer,TRUE,870.00,,2002 POKEMON NEO DESTINY 1ST EDITION #5 DARK FERALIGATR-HOLO PSA 9 #5,https://www.ebay.es/itm/117186786736,PriceCharting
Neo Destiny,Dark Feraligatr,5/105,1st Edition,PSA 9,2026-05-11,805.00,USD,eBay,unknown,FALSE,,,2002 POKEMON NEO DESTINY 1ST EDITION #5 DARK FERALIGATR-HOLO PSA 9 #5,https://www.ebay.es/itm/298281225590,PriceCharting
Neo Destiny,Dark Feraligatr,5/105,1st Edition,PSA 9,2026-04-26,882.00,USD,eBay,unknown,FALSE,,,Pokemon Dark Feraligatr Neo Destiny 1st Edition Holo Rare #5 PSA 9 Mint,https://www.ebay.es/itm/287278146915,PriceCharting
Neo Destiny,Dark Feraligatr,5/105,1st Edition,PSA 9,2026-04-11,923.00,USD,eBay,unknown,FALSE,,,2002 POKEMON NEO DESTINY 1ST EDITION #5 DARK FERALIGATR-HOLO PSA 9 #5,https://www.ebay.es/itm/306857336647,PriceCharting
Neo Destiny,Dark Feraligatr,5/105,1st Edition,PSA 9,2026-03-21,702.26,USD,eBay,unknown,FALSE,,,2002 Pokemon Neo Destiny 1st Edition #5/105 Dark Feraligatr Holo PSA 9 5/105,https://www.ebay.es/itm/206044990924,PriceCharting
Neo Destiny,Dark Feraligatr,5/105,1st Edition,PSA 9,2026-01-31,696.37,USD,eBay,unknown,FALSE,,,2002 Pokemon Neo Destiny 1st Edition #5/105 Dark Feraligatr Holo PSA 9 5/105,https://www.ebay.es/itm/206040564213,PriceCharting
Neo Destiny,Dark Feraligatr,5/105,1st Edition,PSA 9,2026-01-31,696.37,USD,eBay,unknown,FALSE,,,2002 Pokemon Neo Destiny 1st Edition #5/105 Dark Feraligatr Holo PSA 9 5/105,https://www.ebay.es/itm/206025581596,PriceCharting
Neo Destiny,Dark Feraligatr,5/105,1st Edition,PSA 9,2026-01-25,551.52,USD,eBay,best offer,TRUE,555.63,,2002 Pokemon Neo Destiny 1st Edition #5/105 Dark Feraligatr Holo PSA 9 5/105,https://www.ebay.es/itm/205852170448,PriceCharting
Neo Destiny,Dark Feraligatr,5/105,1st Edition,PSA 9,2026-01-17,500.00,USD,eBay,unknown,FALSE,,,Pokemon 1st Edition HOLO DARK FERALIGATR 2002 Neo Destiny PSA 9 MINT,https://www.ebay.es/itm/267205941741,PriceCharting
Neo Destiny,Dark Feraligatr,5/105,1st Edition,PSA 9,2026-01-17,450.00,USD,eBay,unknown,FALSE,,,2002 POKEMON NEO DESTINY 1ST ED #5 DARK FERALIGATR-HOLO PSA 9 #5,https://www.ebay.es/itm/116971521893,PriceCharting
Neo Destiny,Dark Feraligatr,5/105,1st Edition,PSA 9,2026-01-06,382.50,USD,eBay,unknown,FALSE,,,Pokemon PSA 9 MINT 2002 Dark Feraligatr 1st Edition Neo Destiny Holo Car G1N #5-105,https://www.ebay.es/itm/177679858431,PriceCharting
Neo Destiny,Dark Feraligatr,5/105,1st Edition,PSA 9,2025-11-23,400.00,USD,eBay,unknown,FALSE,,,Pokemon Dark Feraligatr Neo Destiny 1st Edition Holo Rare #5 PSA 9 Mint #5,https://www.ebay.es/itm/317515428117,PriceCharting
Neo Destiny,Dark Feraligatr,5/105,1st Edition,PSA 9,2025-11-13,524.99,USD,eBay,unknown,FALSE,,,2002 Pokemon Neo Destiny 1st Edition #5/105 Dark Feraligatr Holo PSA 9 5/105,https://www.ebay.es/itm/116864523615,PriceCharting
Neo Destiny,Dark Feraligatr,5/105,1st Edition,PSA 9,2025-11-11,549.00,USD,eBay,unknown,FALSE,,,Pokemon PSA 9 MINT 2002 Dark Feraligatr 1st Edition Neo Destiny Holo Card 5/105,https://www.ebay.es/itm/277496382144,PriceCharting
Neo Destiny,Dark Feraligatr,5/105,1st Edition,PSA 9,2025-11-08,450.00,USD,eBay,best offer,TRUE,,,Pokemon PSA 9 MINT 2002 Dark Feraligatr 1st Edition Neo Destiny Holo Card 5/105,https://www.ebay.es/itm/277449460129,PriceCharting
Neo Destiny,Dark Feraligatr,5/105,1st Edition,PSA 9,2025-11-04,430.82,USD,eBay,unknown,FALSE,,,Dark Feraligatr - 5/105 - Neo Destiny - 1st Edition Holo - PSA 9 - Pokemon Card,https://www.ebay.es/itm/376666520500,PriceCharting
Neo Destiny,Dark Feraligatr,5/105,1st Edition,PSA 9,2025-10-06,375.00,USD,eBay,unknown,FALSE,,,Pokemon Dark Feraligatr Neo Destiny 1st Edition Holo Rare #5 PSA 9 Mint,https://www.ebay.es/itm/286743133377,PriceCharting
Neo Destiny,Dark Feraligatr,5/105,1st Edition,PSA 9,2025-10-06,376.55,USD,eBay,unknown,FALSE,,,Dark Feraligatr 5/105 Neo Destiny 1st Edition Holo Rare Pokemon Card PSA 9 MINT 5/105,https://www.ebay.es/itm/277404191805,PriceCharting
Neo Destiny,Dark Feraligatr,5/105,1st Edition,PSA 8,2026-09-25,591.00,USD,eBay,unknown,FALSE,,,2002 POKEMON NEO DESTINY 1ST EDITION #5 DARK FERALIGATR-HOLO PSA 8 #5,https://www.ebay.es/itm/117415271311,PriceCharting
Neo Destiny,Dark Feraligatr,5/105,1st Edition,PSA 8,2026-09-25,525.00,USD,eBay,unknown,FALSE,,,2002 Pokémon Dark Feraligatr #5/105 Neo Destiny Holo 1st Edition PSA 8 NM-MT 5/105,https://www.ebay.es/itm/117342863833,PriceCharting
Neo Destiny,Dark Feraligatr,5/105,1st Edition,PSA 8,2026-09-13,739.12,USD,eBay,unknown,FALSE,,,2002 POKEMON NEO DESTINY #5 DARK FERALIGATR-HOLO 1ST EDITION PSA 8 #5,https://www.ebay.es/itm/307158161198,PriceCharting
Neo Destiny,Dark Feraligatr,5/105,1st Edition,PSA 8,2026-09-09,542.00,USD,eBay,unknown,FALSE,,,2002 POKEMON NEO DESTINY 1ST EDITION #5 DARK FERALIGATR-HOLO PSA 8 #5,https://www.ebay.es/itm/307155536514,PriceCharting
Neo Destiny,Dark Feraligatr,5/105,1st Edition,PSA 8,2026-09-09,500.00,USD,eBay,best offer,TRUE,500.00,,2002 POKEMON NEO DESTINY 1ST EDITION #5 DARK FERALIGATR-HOLO PSA 8 #5,https://www.ebay.es/itm/298488735775,PriceCharting
Neo Destiny,Dark Feraligatr,5/105,1st Edition,PSA 8,2026-08-05,600.00,USD,eBay,unknown,FALSE,,,2002 POKEMON NEO DESTINY 1ST EDITION #5 DARK FERALIGATR-HOLO PSA 8 #5,https://www.ebay.es/itm/168400315021,PriceCharting
Neo Destiny,Dark Feraligatr,5/105,1st Edition,PSA 8,2026-07-29,440.01,USD,eBay,unknown,FALSE,,,6977 Dark Feraligatr 2002 Pokemon Neo Destiny 1st Edition #5 Holo PSA 8 5/105,https://www.ebay.es/itm/158106894023,PriceCharting
Neo Destiny,Dark Feraligatr,5/105,1st Edition,PSA 8,2026-07-18,599.99,USD,eBay,unknown,FALSE,,,2002 DARK FERALIGATR HOLO 5/105 1ST EDITION NEO DESTINY POKEMON PSA 8 5/105,https://www.ebay.es/itm/298464216465,PriceCharting
Neo Destiny,Dark Feraligatr,5/105,1st Edition,PSA 8,2026-06-30,550.00,USD,eBay,best offer,TRUE,550.00,,2002 POKEMON NEO DESTINY 1ST EDITION #5 DARK FERALIGATR-HOLO PSA 8 #5,https://www.ebay.es/itm/307021430552,PriceCharting
Neo Destiny,Dark Feraligatr,5/105,1st Edition,PSA 8,2026-06-26,480.00,USD,eBay,unknown,FALSE,,,Pokemon PSA 8 1st Edition Dark Feraligatr 5/105 Neo Destiny Holo Card Near Mint 5/105,https://www.ebay.es/itm/168431603543,PriceCharting
Neo Destiny,Dark Feraligatr,5/105,1st Edition,PSA 8,2026-06-15,450.00,USD,eBay,unknown,FALSE,,,2002 POKEMON NEO DESTINY 1ST EDITION #5 DARK FERALIGATR-HOLO PSA 8 #5,https://www.ebay.es/itm/117226598068,PriceCharting
Neo Destiny,Dark Feraligatr,5/105,1st Edition,PSA 8,2026-06-14,450.00,USD,eBay,unknown,FALSE,,,Pokemon TCG Dark Feraligatr Neo Destiny 5/105 Holo 1st Edition 2002 PSA 8 5/105,https://www.ebay.es/itm/198409309885,PriceCharting
Neo Destiny,Dark Feraligatr,5/105,1st Edition,PSA 8,2026-05-11,460.00,USD,eBay,unknown,FALSE,,,Pokemon Dark Feraligatr Holo Rare PSA 8 Neo Destiny 1st Edition 5/105 80 HP EN 5/105,https://www.ebay.es/itm/397934388384,PriceCharting
Neo Destiny,Dark Feraligatr,5/105,1st Edition,PSA 8,2026-03-12,476.00,USD,eBay,unknown,FALSE,,,2002 POKEMON NEO DESTINY #5 DARK FERALIGATR-HOLO 1ST EDITION PSA 8,https://www.ebay.es/itm/389699493543,PriceCharting
Neo Destiny,Dark Feraligatr,5/105,1st Edition,PSA 8,2026-03-06,425.00,USD,eBay,unknown,FALSE,,,2002 POKEMON NEO DESTINY 1ST ED #5 DARK FERALIGATR-HOLO PSA 8 #5,https://www.ebay.es/itm/298089796285,PriceCharting
Neo Destiny,Dark Feraligatr,5/105,1st Edition,PSA 8,2025-11-23,249.95,USD,eBay,unknown,FALSE,,,2002 POKEMON NEO DESTINY 1ST ED #5 DARK FERALIGATR-HOLO PSA 8 #5,https://www.ebay.es/itm/116893848272,PriceCharting
Neo Destiny,Dark Feraligatr,5/105,1st Edition,PSA 8,2025-11-23,240.00,USD,eBay,unknown,FALSE,,,Pokemon Dark Feraligatr Neo Destiny 1st Edition Holo Rare #5 PSA 8 #5,https://www.ebay.es/itm/366014729303,PriceCharting
Neo Destiny,Dark Feraligatr,5/105,1st Edition,PSA 8,2025-11-16,213.83,USD,eBay,unknown,FALSE,,,Pokemon Dark Feraligatr Neo Destiny 1st Edition Holo Rare #5 PSA 8,https://www.ebay.es/itm/286922258098,PriceCharting
Neo Destiny,Dark Feraligatr,5/105,1st Edition,PSA 8,2025-11-10,310.00,USD,eBay,unknown,FALSE,,,Pokemon Dark Feraligatr Neo Destiny 1st Edition Holo Rare #5 PSA 8,https://www.ebay.es/itm/286909476061,PriceCharting
Neo Destiny,Dark Feraligatr,5/105,1st Edition,PSA 8,2025-10-17,300.00,USD,eBay,unknown,FALSE,,,1st Edition PSA 8 Dark Feraligatr Pokemon Neo Destiny Holo Rare Card #5 5/105,https://www.ebay.es/itm/197742768505,PriceCharting
Neo Destiny,Dark Feraligatr,5/105,1st Edition,PSA 8,2025-10-16,200.00,USD,eBay,best offer,TRUE,200.00,,2002 POKEMON NEO DESTINY 1ST ED #5 DARK FERALIGATR-HOLO PSA 8 #5,https://www.ebay.es/itm/306508194682,PriceCharting
Neo Destiny,Dark Feraligatr,5/105,1st Edition,PSA 8,2025-10-08,247.50,USD,eBay,unknown,FALSE,,,2002 POKEMON NEO DESTINY 1ST EDITION #5 DARK FERALIGATR-HOLO PSA 8 #5,https://www.ebay.es/itm/306523074098,PriceCharting
Neo Destiny,Dark Feraligatr,5/105,1st Edition,PSA 8,2025-09-20,255.00,USD,eBay,unknown,FALSE,,,2002 POKEMON NEO DESTINY 1ST EDITION #5 DARK FERALIGATR-HOLO PSA 8 #5,https://www.ebay.es/itm/297605090139,PriceCharting
Neo Destiny,Dark Feraligatr,5/105,1st Edition,PSA 8,2025-09-03,225.00,USD,eBay,unknown,FALSE,,,Pokemon Neo Destiny 1st Edition Dark Feraligatr Holo Card #5/105 2002 PSA 8 NM/M 5/105,https://www.ebay.es/itm/127343699161,PriceCharting
Neo Destiny,Dark Feraligatr,5/105,1st Edition,PSA 8,2025-07-21,186.50,USD,eBay,unknown,FALSE,,,Pokemon Dark Feraligatr Neo Destiny 1st Edition Holo Rare #5 PSA 8,https://www.ebay.es/itm/286701278225,PriceCharting
Neo Destiny,Dark Feraligatr,5/105,1st Edition,PSA 8,2025-03-24,167.50,USD,eBay,unknown,FALSE,,,Pokémon TCG Dark Feraligatr 5/105 Neo Destiny Holo 1st Edition PSA 8 5/105,https://www.ebay.es/itm/236002626171,PriceCharting
Neo Destiny,Dark Feraligatr,5/105,1st Edition,PSA 8,2024-12-12,128.50,USD,eBay,unknown,FALSE,,,2002 POKEMON NEO DESTINY 1ST EDITION #5 DARK FERALIGATR-HOLO PSA 8,https://www.ebay.es/itm/305950296517,PriceCharting
Neo Destiny,Dark Feraligatr,5/105,Unlimited,PSA 10,2026-09-28,9300,USD,Fanatics Collect,auction,FALSE,,53405394,,https://www.fanaticscollect.com/weekly/ceb952dc-b0a9-11f1-bf84-0a58a9feac02,PSA APR
Neo Destiny,Dark Feraligatr,5/105,Unlimited,PSA 10,2026-09-18,5999.99,USD,eBay,unknown,FALSE,,,2002 POKEMON NEO DESTINY #5 DARK FERALIGATR-HOLO PSA 10 #5,https://www.ebay.es/itm/298633335326,PriceCharting
Neo Destiny,Dark Feraligatr,5/105,Unlimited,PSA 10,2026-06-12,3999.00,USD,eBay,unknown,FALSE,,,2002 POKEMON NEO DESTINY #5 DARK FERALIGATR-HOLO PSA 10 #5,https://www.ebay.es/itm/298406351423,PriceCharting
Neo Destiny,Dark Feraligatr,5/105,Unlimited,PSA 10,2026-05-11,3111.00,USD,eBay,unknown,FALSE,,,Pokemon Dark Feraligatr Neo Destiny Unlimited Holo Rare #5 PSA 10 Gem Mint,https://www.ebay.es/itm/287303904520,PriceCharting
Neo Destiny,Dark Feraligatr,5/105,Unlimited,PSA 10,2026-04-12,3700.00,USD,eBay,unknown,FALSE,,,Pokemon Dark Feraligatr Neo Destiny Unlimited Holo Rare #5 PSA 10 Gem Mint,https://www.ebay.es/itm/287251796680,PriceCharting
Neo Destiny,Dark Feraligatr,5/105,Unlimited,PSA 10,2026-03-29,4050.00,USD,eBay,unknown,FALSE,,,Pokemon Dark Feraligatr Neo Destiny Unlimited Holo Rare #5 PSA 10 Gem Mint,https://www.ebay.es/itm/287224121054,PriceCharting
Neo Destiny,Dark Feraligatr,5/105,Unlimited,PSA 10,2026-03-16,4705.00,USD,eBay,unknown,FALSE,,,Pokemon Dark Feraligatr Neo Destiny Unlimited Holo Rare #5 PSA 10 Gem Mint,https://www.ebay.es/itm/287182392154,PriceCharting
Neo Destiny,Dark Feraligatr,5/105,Unlimited,PSA 10,2025-12-28,1200.00,USD,eBay,best offer,TRUE,,,2002 Pokemon Neo Destiny #5 Dark Feraligatr-Holo PSA 10 Gem Mint Low Pop #5,https://www.ebay.es/itm/366072919855,PriceCharting
Neo Destiny,Dark Feraligatr,5/105,Unlimited,PSA 10,2025-12-10,1150.00,USD,eBay,unknown,FALSE,,,2002 Pokemon Neo Destiny #5 Dark Feraligatr Holo PSA 10 GEM MINT,https://www.ebay.es/itm/389323062096,PriceCharting
Neo Destiny,Dark Feraligatr,5/105,Unlimited,PSA 10,2025-12-07,1475.99,USD,eBay,unknown,FALSE,,,2002 Pokemon Neo Destiny #5 Dark Feraligatr-Holo PSA 10 Gem Mint Low Pop #5,https://www.ebay.es/itm/366036269640,PriceCharting
Neo Destiny,Dark Feraligatr,5/105,Unlimited,PSA 10,2025-10-20,1499.99,USD,eBay,unknown,FALSE,,,2002 Pokemon Neo Destiny #5 Dark Feraligatr-Holo PSA 10 Gem Mint #5,https://www.ebay.es/itm/177369446068,PriceCharting
Neo Destiny,Dark Feraligatr,5/105,Unlimited,PSA 10,2025-10-20,1001.00,USD,eBay,unknown,FALSE,,,2002 Pokemon Neo Destiny #5 Dark Feraligatr Holo PSA 10 GEM MINT,https://www.ebay.es/itm/376621895986,PriceCharting
Neo Destiny,Dark Feraligatr,5/105,Unlimited,PSA 10,2025-10-07,875,USD,eBay,best offer,TRUE,,87466104,,https://www.ebay.com/itm/406263391799,PSA APR
Neo Destiny,Dark Feraligatr,5/105,Unlimited,PSA 10,2025-09-09,655.82,USD,eBay,auction,FALSE,,42005225,,https://www.ebay.com/itm/326755871522,PSA APR
Neo Destiny,Dark Feraligatr,5/105,Unlimited,PSA 10,2025-07-31,869.03,USD,eBay,unknown,FALSE,,,Pokemon Card Neo Destiny Dark Feraligatr Holo PSA 10 GEM MINT,https://www.ebay.es/itm/166811539887,PriceCharting
Neo Destiny,Dark Feraligatr,5/105,Unlimited,PSA 10,2025-05-06,466.74,USD,eBay,BIN,FALSE,,53405394,,https://www.ebay.com/itm/375639934196,PSA APR
Neo Destiny,Dark Feraligatr,5/105,Unlimited,PSA 10,2025-04-29,450.00,USD,eBay,unknown,FALSE,,,2002 POKEMON NEO DESTINY #5 DARK FERALIGATR-HOLO PSA 10 #5,https://www.ebay.es/itm/297229859039,PriceCharting
Neo Destiny,Dark Feraligatr,5/105,Unlimited,PSA 10,2025-04-18,450,USD,eBay,BIN,FALSE,,40689452,,https://www.ebay.com/itm/297229859039,PSA APR
Neo Destiny,Dark Feraligatr,5/105,Unlimited,PSA 10,2025-02-19,425.00,USD,eBay,unknown,FALSE,,,Pokemon Card Neo Destiny Dark Feraligatr Holo PSA 10 GEM MINT,https://www.ebay.es/itm/267164114251,PriceCharting
Neo Destiny,Dark Feraligatr,5/105,Unlimited,PSA 10,2025-01-24,475.00,USD,eBay,unknown,FALSE,,,Pokemon Card Neo Destiny Dark Feraligatr Holo PSA 10 GEM MINT,https://www.ebay.es/itm/135480638964,PriceCharting
Neo Destiny,Dark Feraligatr,5/105,Unlimited,PSA 10,2025-01-15,505.57,USD,eBay,BIN,FALSE,,67127048,,https://www.ebay.com/itm/335589803313,PSA APR
Neo Destiny,Dark Feraligatr,5/105,Unlimited,PSA 10,2024-11-30,499.99,USD,eBay,unknown,FALSE,,,2002 Pokemon PSA 10 Dark Feraligatr Holo - 5/105 Neo Destiny GEM MINT 5/105,https://www.ebay.es/itm/335609993014,PriceCharting
Neo Destiny,Dark Feraligatr,5/105,Unlimited,PSA 10,2024-02-25,799.99,USD,eBay,unknown,FALSE,,,2002 Neo Destiny 5 Dark Feraligatr Holo Rare Pokemon TCG Card PSA 10 Gem Mint #5,https://www.ebay.es/itm/235108702173,PriceCharting
Neo Destiny,Dark Feraligatr,5/105,Unlimited,PSA 10,2024-02-04,499.00,USD,eBay,unknown,FALSE,,,Pokemon 2002 Neo Destiny Dark Feraligatr Holo #5 Gem Mint PSA 10! #5,https://www.ebay.es/itm/134890825712,PriceCharting
Neo Destiny,Dark Feraligatr,5/105,Unlimited,PSA 9,2026-09-21,449.99,USD,eBay,unknown,FALSE,,,2002 Pokémon Dark Feraligatr Holo Neo Destiny #5 PSA 9 Full Swirl #5,https://www.ebay.es/itm/377113931665,PriceCharting
Neo Destiny,Dark Feraligatr,5/105,Unlimited,PSA 9,2026-07-29,330.00,USD,eBay,best offer,TRUE,330.00,,Pokemon Dark Feraligatr Neo Destiny Unlimited Holo Rare #5 PSA 9 #5,https://www.ebay.es/itm/227358515310,PriceCharting
Neo Destiny,Dark Feraligatr,5/105,Unlimited,PSA 9,2026-07-20,270.00,USD,eBay,best offer,TRUE,270.00,,2002 Pokemon Neo Destiny Dark Feraligatr Holo #5 PSA 9 WOTC Vintage Holo 5/105,https://www.ebay.es/itm/336620861263,PriceCharting
Neo Destiny,Dark Feraligatr,5/105,Unlimited,PSA 9,2026-07-10,275.00,USD,eBay,unknown,FALSE,,,2002 Pokemon Neo Destiny Dark Feraligatr Holo #5 PSA 9 WOTC Vintage Holo 5/105,https://www.ebay.es/itm/227425020167,PriceCharting
Neo Destiny,Dark Feraligatr,5/105,Unlimited,PSA 9,2026-06-02,312.00,USD,eBay,unknown,FALSE,,,2002 POKEMON NEO DESTINY #5 DARK FERALIGATR-HOLO PSA 9 #5,https://www.ebay.es/itm/117212410623,PriceCharting
Neo Destiny,Dark Feraligatr,5/105,Unlimited,PSA 9,2026-05-25,233.50,USD,eBay,unknown,FALSE,,,2002 Pokemon Neo Destiny Dark Feraligatr Holo #5/105 PSA 9,https://www.ebay.es/itm/377195776376,PriceCharting
Neo Destiny,Dark Feraligatr,5/105,Unlimited,PSA 9,2026-04-14,375.00,USD,eBay,best offer,TRUE,375.00,,2002 POKEMON NEO DESTINY #5 DARK FERALIGATR-HOLO PSA 9 #5,https://www.ebay.es/itm/206204919388,PriceCharting
Neo Destiny,Dark Feraligatr,5/105,Unlimited,PSA 9,2026-03-26,250.00,USD,eBay,best offer,TRUE,250.00,,Pokémon Neo Destiny Dark Feraligatr Holo Rare PSA 9 5/105 Unlimited 2002 5/105,https://www.ebay.es/itm/377064134172,PriceCharting
Neo Destiny,Dark Feraligatr,5/105,Unlimited,PSA 9,2026-03-10,230.00,USD,eBay,unknown,FALSE,,,Pokémon Neo Destiny Dark Feraligatr Holo Rare PSA 9 5/105 Unlimited 2002 5/105,https://www.ebay.es/itm/389695042901,PriceCharting
Neo Destiny,Dark Feraligatr,5/105,Unlimited,PSA 9,2026-01-15,162.50,USD,eBay,unknown,FALSE,,,2002 Pokemon Neo Destiny #5 Dark Feraligatr Holo PSA 9 #5,https://www.ebay.es/itm/389467402307,PriceCharting
Neo Destiny,Dark Feraligatr,5/105,Unlimited,PSA 9,2026-01-08,299.99,USD,eBay,unknown,FALSE,,,PSA 9 2002 Dark Feraligatr Holo Neo Destiny #5 Mint Rare Pokemon #5,https://www.ebay.es/itm/285999990694,PriceCharting
Neo Destiny,Dark Feraligatr,5/105,Unlimited,PSA 9,2026-01-08,154.00,USD,eBay,unknown,FALSE,,,2002 POKEMON NEO DESTINY #5 DARK FERALIGATR-HOLO PSA 9 #5,https://www.ebay.es/itm/297892485354,PriceCharting
Neo Destiny,Dark Feraligatr,5/105,Unlimited,PSA 9,2025-12-31,178.12,USD,eBay,unknown,FALSE,,,Pokemon Dark Feraligatr Neo Destiny Unlimited Holo Rare 5 PSA 9 Mint G1N,https://www.ebay.es/itm/177677313150,PriceCharting
Neo Destiny,Dark Feraligatr,5/105,Unlimited,PSA 9,2025-12-12,225.00,USD,eBay,best offer,TRUE,225.00,,Pokémon Neo Destiny 5/105 Dark Feraligatr Holo Rare PSA 9 5/105,https://www.ebay.es/itm/336095172826,PriceCharting
Neo Destiny,Dark Feraligatr,5/105,Unlimited,PSA 9,2025-11-30,188.50,USD,eBay,unknown,FALSE,,,Pokemon Dark Feraligatr Neo Destiny Unlimited Holo Rare #5 PSA 9 Mint,https://www.ebay.es/itm/286959127939,PriceCharting
Neo Destiny,Dark Feraligatr,5/105,Unlimited,PSA 9,2025-11-16,176.50,USD,eBay,unknown,FALSE,,,Pokemon Dark Feraligatr Neo Destiny Unlimited Holo Rare #5 PSA 9 Mint,https://www.ebay.es/itm/286922257390,PriceCharting
Neo Destiny,Dark Feraligatr,5/105,Unlimited,PSA 9,2025-11-09,187.50,USD,eBay,unknown,FALSE,,,Pokemon Dark Feraligatr Neo Destiny Unlimited Holo Rare #5 PSA 9 Mint,https://www.ebay.es/itm/286909565212,PriceCharting
Neo Destiny,Dark Feraligatr,5/105,Unlimited,PSA 9,2025-11-06,199.99,USD,eBay,unknown,FALSE,,,2002 Pokemon Neo Destiny #5 Dark Feraligatr Holo PSA 9 MINT #5,https://www.ebay.es/itm/177553516254,PriceCharting
Neo Destiny,Dark Feraligatr,5/105,Unlimited,PSA 9,2025-11-01,174.37,USD,eBay,unknown,FALSE,,,PSA 9 Dark Feraligatr Holo Rare 5/105 Neo Destiny MINT Graded Pokemon Card TCG 5/105,https://www.ebay.es/itm/365919438138,PriceCharting
Neo Destiny,Dark Feraligatr,5/105,Unlimited,PSA 9,2025-10-01,200.00,USD,eBay,unknown,FALSE,,,2002 Pokemon Neo Destiny #5 Dark Feraligatr Holo PSA 9 MINT #5,https://www.ebay.es/itm/177348943274,PriceCharting
Neo Destiny,Dark Feraligatr,5/105,Unlimited,PSA 9,2025-07-15,194.99,USD,eBay,unknown,FALSE,,,Dark Feraligatr 5/105 Neo Destiny Holo Rare Vintage Pokemon Card PSA 9 MINT,https://www.ebay.es/itm/404843640370,PriceCharting
Neo Destiny,Dark Feraligatr,5/105,Unlimited,PSA 9,2025-04-16,93.00,USD,eBay,unknown,FALSE,,,Dark Feraligatr Neo Destiny 5/105 Holo PSA 9 Pokemon Mint! 5/105,https://www.ebay.es/itm/297198425287,PriceCharting
Neo Destiny,Dark Feraligatr,5/105,Unlimited,PSA 9,2025-04-13,196.29,USD,eBay,unknown,FALSE,,,Pokemon Card Dark Feraligatr 5/105 Rare Holo Neo Destiny Set WOTC PSA 9 MINT,https://www.ebay.es/itm/267193913972,PriceCharting
Neo Destiny,Dark Feraligatr,5/105,Unlimited,PSA 9,2025-04-08,150.00,USD,eBay,unknown,FALSE,,,Dark Feraligatr 5/105 Neo Destiny Holo Rare Vintage Pokemon Card PSA 9 MINT,https://www.ebay.es/itm/267210409716,PriceCharting
Neo Destiny,Dark Feraligatr,5/105,Unlimited,PSA 8,2026-06-09,255.00,USD,eBay,unknown,FALSE,,,2002 POKEMON NEO DESTINY #5 DARK FERALIGATR-HOLO PSA 8 #5,https://www.ebay.es/itm/287372425210,PriceCharting
Neo Destiny,Dark Feraligatr,5/105,Unlimited,PSA 8,2026-05-24,255.00,USD,eBay,unknown,FALSE,,,Pokemon Dark Feraligatr Neo Destiny Unlimited Holo Rare #5 PSA 8,https://www.ebay.es/itm/287331642942,PriceCharting
Neo Destiny,Dark Feraligatr,5/105,Unlimited,PSA 8,2026-04-26,217.50,USD,eBay,unknown,FALSE,,,2002 POKEMON NEO DESTINY #5 DARK FERALIGATR-HOLO PSA 8 #5,https://www.ebay.es/itm/306886435843,PriceCharting
Neo Destiny,Dark Feraligatr,5/105,Unlimited,PSA 8,2026-03-19,203.50,USD,eBay,unknown,FALSE,,,2002 Pokemon Neo Destiny #5 Dark Feraligatr Holo PSA 8 NM-MT,https://www.ebay.es/itm/389731734898,PriceCharting
Neo Destiny,Dark Feraligatr,5/105,Unlimited,PSA 8,2026-03-15,205.50,USD,eBay,unknown,FALSE,,,2002 POKEMON NEO DESTINY #5 DARK FERALIGATR-HOLO PSA 8 #5,https://www.ebay.es/itm/117073952823,PriceCharting
Neo Destiny,Dark Feraligatr,5/105,Unlimited,PSA 8,2026-03-04,175.00,USD,eBay,best offer,TRUE,175.00,,2002 POKEMON NEO DESTINY #5 DARK FERALIGATR-HOLO PSA 8 #5,https://www.ebay.es/itm/227237972746,PriceCharting
Neo Destiny,Dark Feraligatr,5/105,Unlimited,PSA 8,2026-02-11,153.50,USD,eBay,unknown,FALSE,,,2002 Pokemon Neo Destiny #5 Dark Feraligatr Holo PSA 8 5/105,https://www.ebay.es/itm/168127775801,PriceCharting
Neo Destiny,Dark Feraligatr,5/105,Unlimited,PSA 8,2026-02-06,150.00,USD,eBay,unknown,FALSE,,,2002 POKEMON NEO DESTINY #5 DARK FERALIGATR-HOLO PSA 8 #5,https://www.ebay.es/itm/376935133056,PriceCharting
Neo Destiny,Dark Feraligatr,5/105,Unlimited,PSA 8,2026-01-08,130.00,USD,eBay,unknown,FALSE,,,2002 POKEMON NEO DESTINY #5 DARK FERALIGATR-HOLO PSA 8 #5,https://www.ebay.es/itm/306697435429,PriceCharting
Neo Destiny,Dark Feraligatr,5/105,Unlimited,PSA 8,2025-12-22,130.00,USD,eBay,unknown,FALSE,,,2002 Pokemon Neo Destiny 5 Dark Feraligatr Holo PSA 8 NMMT G2U #5,https://www.ebay.es/itm/177677274616,PriceCharting
Neo Destiny,Dark Feraligatr,5/105,Unlimited,PSA 8,2025-11-15,130.00,USD,eBay,unknown,FALSE,,,2002 POKEMON NEO DESTINY #5 DARK FERALIGATR-HOLO PSA 8 #5,https://www.ebay.es/itm/116865406833,PriceCharting
Neo Destiny,Dark Feraligatr,5/105,Unlimited,PSA 8,2025-11-15,138.00,USD,eBay,unknown,FALSE,,,2002 POKEMON NEO DESTINY #5 DARK FERALIGATR-HOLO PSA 8 #5,https://www.ebay.es/itm/116865406635,PriceCharting
Neo Destiny,Dark Feraligatr,5/105,Unlimited,PSA 8,2025-10-27,120.50,USD,eBay,unknown,FALSE,,,2002 POKEMON NEO DESTINY #5 DARK FERALIGATR-HOLO PSA 8 #5,https://www.ebay.es/itm/297686446867,PriceCharting
Neo Destiny,Dark Feraligatr,5/105,Unlimited,PSA 8,2025-10-25,130.00,USD,eBay,best offer,TRUE,130.00,,2002 Pokemon Neo Destiny #5 Dark Feraligatr Holo PSA 8 NM-MT #5,https://www.ebay.es/itm/397123511537,PriceCharting
Neo Destiny,Dark Feraligatr,5/105,Unlimited,PSA 8,2025-10-19,128.36,USD,eBay,unknown,FALSE,,,2002 Pokémon Neo Destiny Dark Feraligatr Holo #5 PSA 8 NM-MT #5,https://www.ebay.es/itm/277439928142,PriceCharting
Neo Destiny,Dark Feraligatr,5/105,Unlimited,PSA 8,2025-10-12,185.05,USD,eBay,unknown,FALSE,,,Pokemon Dark Feraligatr Neo Destiny Unlimited - 5/105 - Holo - Unlimited - PSA 8,https://www.ebay.es/itm/297573269539,PriceCharting
Neo Destiny,Dark Feraligatr,5/105,Unlimited,PSA 8,2025-09-29,93.00,USD,eBay,unknown,FALSE,,,Pokémon Dark Feraligatr PSA 8 5/105 Neo Destiny Holo New 10 CERT 5/105,https://www.ebay.es/itm/336191274469,PriceCharting
Neo Destiny,Dark Feraligatr,5/105,Unlimited,PSA 8,2025-09-17,155.00,USD,eBay,unknown,FALSE,,,2002 Pokemon Neo Destiny #5 Dark Feraligatr Holo PSA 8 NM-MT #5,https://www.ebay.es/itm/306497045086,PriceCharting
Neo Destiny,Dark Feraligatr,5/105,Unlimited,PSA 8,2025-08-24,149.99,USD,eBay,unknown,FALSE,,,Dark Feraligatr 5/105 Neo Destiny Holo 2002 Pokémon Card PSA 8 NM-MT 5/105,https://www.ebay.es/itm/376498012367,PriceCharting
Neo Destiny,Dark Feraligatr,5/105,Unlimited,PSA 8,2025-08-12,149.99,USD,eBay,unknown,FALSE,,,Dark Feraligatr 5/105 Neo Destiny Holo 2002 Pokémon Card PSA 8 NM-MT 5/105,https://www.ebay.es/itm/376448834345,PriceCharting
Neo Destiny,Dark Feraligatr,5/105,Unlimited,PSA 8,2025-08-01,145.00,USD,eBay,unknown,FALSE,,,Dark Feraligatr 5/105 Neo Destiny Holo 2002 Pokémon Card PSA 8 NM-MT 5/105,https://www.ebay.es/itm/376402901685,PriceCharting
Neo Destiny,Dark Feraligatr,5/105,Unlimited,PSA 8,2025-07-11,185.00,USD,eBay,unknown,FALSE,,,Dark Feraligatr 5/105 Neo Destiny Holo 2002 Pokémon Card PSA 8 NM-MT 5/105,https://www.ebay.es/itm/156669642015,PriceCharting
Neo Destiny,Dark Feraligatr,5/105,Unlimited,PSA 8,2025-07-06,179.99,USD,eBay,unknown,FALSE,,,2002 Pokemon Neo Destiny #5 Dark Feraligatr-Holo PSA 8 250001 #5,https://www.ebay.es/itm/197501889762,PriceCharting
Neo Destiny,Dark Feraligatr,5/105,Unlimited,PSA 8,2025-06-27,119.99,USD,eBay,unknown,FALSE,,,Dark Feraligatr 5/105 Neo Destiny Holo 2002 Pokémon Card PSA 8 NM-MT Graded Card 5/105,https://www.ebay.es/itm/267298464413,PriceCharting
Neo Destiny,Dark Gengar,6/105,1st Edition,PSA 10,2026-09-29,68000,USD,eBay,best offer,TRUE,,43643491,,https://www.ebay.com/itm/298715696486,PSA APR
Neo Destiny,Dark Gengar,6/105,1st Edition,PSA 10,2026-09-14,40000.00,USD,eBay,unknown,FALSE,,,Pokemon PSA 10 1ST EDITION NEO DESTINY DARK GENGAR 6/105 - GEM MINT 6/105,https://www.ebay.es/itm/178034577161,PriceCharting
Neo Destiny,Dark Gengar,6/105,1st Edition,PSA 10,2026-09-14,36000,USD,Fanatics Collect,auction,FALSE,,26763370,,https://www.fanaticscollect.com/weekly/19af6c44-a9a3-11f1-bc97-0a58a9feac02,PSA APR
Neo Destiny,Dark Gengar,6/105,1st Edition,PSA 10,2026-09-14,45600,USD,Fanatics Collect,auction,FALSE,,46980243,,https://www.fanaticscollect.com/weekly/c9a5ace2-a707-11f1-8244-06fa38fca3cf,PSA APR
Neo Destiny,Dark Gengar,6/105,1st Edition,PSA 10,2026-09-08,38000.00,USD,eBay,best offer,TRUE,38000.00,,PSA 10 GEM MINT Dark Gengar 6/105 HOLO Neo Destiny 1ST EDITION Pokemon Card,https://www.ebay.es/itm/267747450563,PriceCharting
Neo Destiny,Dark Gengar,6/105,1st Edition,PSA 10,2026-09-06,34200.00,USD,eBay,unknown,FALSE,,,Pokemon Dark Gengar Holo Neo Destiny 6/105 1st Edition PSA 10 Gem Mint 6/105,https://www.ebay.es/itm/287552955562,PriceCharting
Neo Destiny,Dark Gengar,6/105,1st Edition,PSA 10,2026-09-01,32000.00,USD,eBay,best offer,TRUE,32000.00,,Pokémon - Dark Gengar Holo Neo Destiny 1st Edition #6 PSA 10 #6,https://www.ebay.es/itm/406908462091,PriceCharting
Neo Destiny,Dark Gengar,6/105,1st Edition,PSA 10,2026-07-27,22200,USD,Fanatics Collect,auction,FALSE,,26277907,,https://www.fanaticscollect.com/weekly/7eabe76a-8146-11f1-bb36-0a58a9feac02,PSA APR
Neo Destiny,Dark Gengar,6/105,1st Edition,PSA 10,2026-06-26,20000.00,USD,eBay,unknown,FALSE,,,Pokémon - Dark Gengar Holo Neo Destiny 1st Edition #6 PSA 10,https://www.ebay.es/itm/188302495304,PriceCharting
Neo Destiny,Dark Gengar,6/105,1st Edition,PSA 10,2026-06-15,21000,USD,Fanatics Collect,auction,FALSE,,27514946,,https://www.fanaticscollect.com/weekly/0c23f13a-5ea3-11f1-9a5b-023d14d90695,PSA APR
Neo Destiny,Dark Gengar,6/105,1st Edition,PSA 10,2026-05-04,16756.00,USD,eBay,unknown,FALSE,,,Pokemon 2002 Dark Gengar 6/105 Holo 1st Edition Neo Destiny GEM MINT PSA 10 6/105,https://www.ebay.es/itm/406881956448,PriceCharting
Neo Destiny,Dark Gengar,6/105,1st Edition,PSA 10,2026-04-20,20740,USD,Goldin Auctions,auction,FALSE,,27514946,,https://goldin.co/item/2002-pokemon-neo-destiny-1st-edition-holo-6-dark-gengar-psa-gem-mt-1023yez,PSA APR
Neo Destiny,Dark Gengar,6/105,1st Edition,PSA 10,2026-03-30,17100.00,USD,eBay,unknown,FALSE,,,Pokemon Dark Gengar Neo Destiny 1st Edition Holo Rare #6 PSA 10 Gem Mint,https://www.ebay.es/itm/287214837452,PriceCharting
Neo Destiny,Dark Gengar,6/105,1st Edition,PSA 10,2026-03-16,17500.60,USD,eBay,best offer,TRUE,17243.09,,2002 Pokemon Dark Gengar Neo Destiny 1st Edition #6 PSA 10 Gem Mint 👻 POP - 114 #6,https://www.ebay.es/itm/198178091824,PriceCharting
Neo Destiny,Dark Gengar,6/105,1st Edition,PSA 10,2026-01-26,5499.98,USD,eBay,best offer,TRUE,,27958785,,https://www.ebay.com/itm/316720601679,PSA APR
Neo Destiny,Dark Gengar,6/105,1st Edition,PSA 10,2026-01-23,9500.00,USD,eBay,best offer,TRUE,9500.00,,2002 Pokemon Neo Destiny Dark Gengar 1st Edition #6 - PSA 10 - (6 CERT),https://www.ebay.es/itm/376884265630,PriceCharting
Neo Destiny,Dark Gengar,6/105,1st Edition,PSA 10,2025-12-22,9000.00,USD,eBay,unknown,FALSE,,,2002 POKEMON NEO DESTINY 1ST EDITION #6 DARK GENGAR-HOLO PSA 10 #6,https://www.ebay.es/itm/297824565454,PriceCharting
Neo Destiny,Dark Gengar,6/105,1st Edition,PSA 10,2025-12-21,8100.00,USD,eBay,unknown,FALSE,,,Pokemon Dark Gengar Neo Destiny 1st Edition Holo Rare #6 PSA 10 Gem Mint 6/105,https://www.ebay.es/itm/358015393323,PriceCharting
Neo Destiny,Dark Gengar,6/105,1st Edition,PSA 10,2025-12-07,8855.00,USD,eBay,unknown,FALSE,,,Pokemon Dark Gengar Neo Destiny 1st Edition Holo Rare #6 PSA 10 Gem Mint 6/105,https://www.ebay.es/itm/357952597542,PriceCharting
Neo Destiny,Dark Gengar,6/105,1st Edition,PSA 10,2025-10-06,11700,USD,Fanatics Collect,auction,FALSE,,41210751,,https://www.fanaticscollect.com/weekly/81c7332a-9801-11f0-9794-02d93b7d50ab,PSA APR
Neo Destiny,Dark Gengar,6/105,1st Edition,PSA 10,2025-09-01,7502.00,USD,eBay,unknown,FALSE,,,Pokemon Dark Gengar Neo Destiny 1st Edition Holo Rare #6 PSA 10 Gem Mint 6/105,https://www.ebay.es/itm/257088758323,PriceCharting
Neo Destiny,Dark Gengar,6/105,1st Edition,PSA 10,2025-09-01,7300.00,USD,eBay,unknown,FALSE,,,Pokemon Dark Gengar Neo Destiny 1st Edition Holo Rare #6 PSA 10 Gem Mint,https://www.ebay.es/itm/286779410335,PriceCharting
Neo Destiny,Dark Gengar,6/105,1st Edition,PSA 10,2025-08-10,6110.00,USD,eBay,unknown,FALSE,,,Pokemon Dark Gengar Neo Destiny 1st Edition Holo Rare #6 PSA 10 Gem Mint,https://www.ebay.es/itm/286744082923,PriceCharting
Neo Destiny,Dark Gengar,6/105,1st Edition,PSA 10,2025-08-04,5805.00,USD,eBay,unknown,FALSE,,,Pokemon Dark Gengar Neo Destiny 1st Edition Holo Rare #6 PSA 10 Gem Mint #6,https://www.ebay.es/itm/127269565299,PriceCharting
Neo Destiny,Dark Gengar,6/105,1st Edition,PSA 10,2025-08-04,6700.00,USD,eBay,unknown,FALSE,,,Pokemon Dark Gengar Neo Destiny 1st Edition Holo Rare #6 PSA 10 Gem Mint,https://www.ebay.es/itm/286726471118,PriceCharting
Neo Destiny,Dark Gengar,6/105,1st Edition,PSA 10,2025-07-27,6855.00,USD,eBay,unknown,FALSE,,,Pokemon Dark Gengar Neo Destiny 1st Edition Holo Rare #6 PSA 10 Gem Mint,https://www.ebay.es/itm/286716018286,PriceCharting
Neo Destiny,Dark Gengar,6/105,1st Edition,PSA 10,2025-07-06,5750.00,USD,eBay,unknown,FALSE,,,PSA 10 Dark Gengar Holo 1st Edition 2002 Pokémon Neo Destiny 6/105 #6,https://www.ebay.es/itm/326671807226,PriceCharting
Neo Destiny,Dark Gengar,6/105,1st Edition,PSA 10,2025-05-19,5100.00,USD,eBay,unknown,FALSE,,,Pokemon Dark Gengar Neo Destiny 1st Edition Holo Rare #6 PSA 10 Gem Mint,https://www.ebay.es/itm/286555904716,PriceCharting
Neo Destiny,Dark Gengar,6/105,1st Edition,PSA 10,2025-04-04,5300.00,USD,eBay,unknown,FALSE,,,2002 Pokemon Neo Destiny 1st Edition RARE #6 Dark Gengar HOLO PSA 10 GEM MINT,https://www.ebay.es/itm/205380283709,PriceCharting
Neo Destiny,Dark Gengar,6/105,1st Edition,PSA 10,2025-02-26,4200.00,USD,eBay,unknown,FALSE,,,Pokemon Graded PSA 10 2002 Neo Destiny DARK GENGAR 1st Edition Holo,https://www.ebay.es/itm/176871517822,PriceCharting
Neo Destiny,Dark Gengar,6/105,1st Edition,PSA 10,2025-02-24,4200,USD,Fanatics Collect,auction,FALSE,,23582443,,https://www.fanaticscollect.com/weekly/45bb5452-ddf2-11ef-85ff-0a58a9feac02,PSA APR
Neo Destiny,Dark Gengar,6/105,1st Edition,PSA 10,2025-01-31,3000.00,USD,eBay,unknown,FALSE,,,Pokemon 2002 Neo Destiny #6 DARK GENGAR 1st Edition Holo PSA 10 Gem Mint 6/105 #6,https://www.ebay.es/itm/126909850654,PriceCharting
Neo Destiny,Dark Gengar,6/105,1st Edition,PSA 10,2025-01-29,3000.00,USD,eBay,unknown,FALSE,,,Pokemon 2002 Neo Destiny #6 DARK GENGAR 1st Edition Holo PSA 10 Gem Mint 6/105 #6,https://www.ebay.es/itm/126900324584,PriceCharting
Neo Destiny,Dark Gengar,6/105,1st Edition,PSA 10,2025-01-29,3092.00,USD,eBay,unknown,FALSE,,,Dark Gengar 1st Edition Holo Neo Destiny PSA 10 Pokemon,https://www.ebay.es/itm/335663179128,PriceCharting
Neo Destiny,Dark Gengar,6/105,1st Edition,PSA 10,2025-01-15,2649.95,USD,eBay,BIN,FALSE,,43700526,,https://www.ebay.com/itm/295572188574,PSA APR
Neo Destiny,Dark Gengar,6/105,1st Edition,PSA 10,2024-10-21,1661.00,USD,eBay,unknown,FALSE,,,Pokemon PSA 10 Dark Gengar 6/105 Neo Destiny 1st Edition Holo Rare 6/105,https://www.ebay.es/itm/305821471798,PriceCharting
Neo Destiny,Dark Gengar,6/105,1st Edition,PSA 10,2024-07-08,1825.00,USD,eBay,unknown,FALSE,,,1ST EDITION DARK GENGAR HOLO 2002 POKEMON NEO DESTINY #6 PSA 10 #6,https://www.ebay.es/itm/364981568816,PriceCharting
Neo Destiny,Dark Gengar,6/105,1st Edition,PSA 10,2024-06-27,1975.00,USD,eBay,unknown,FALSE,,,2002 Pokemon Neo Destiny 1st Edition #6 Dark Gengar Holo PSA 10 GEM MINT,https://www.ebay.es/itm/387100130757,PriceCharting
Neo Destiny,Dark Gengar,6/105,1st Edition,PSA 10,2024-05-27,2225,USD,eBay,auction,FALSE,,55663855,,https://www.ebay.com/itm/276466968531,PSA APR
Neo Destiny,Dark Gengar,6/105,1st Edition,PSA 9,2026-09-28,5100.00,USD,eBay,unknown,FALSE,,,Pokemon TCG Neo Destiny Dark Gengar 6/105 Holo 1st Edition PSA 9 (2002) 6/105,https://www.ebay.es/itm/178536542715,PriceCharting
Neo Destiny,Dark Gengar,6/105,1st Edition,PSA 9,2026-09-27,7259.48,USD,eBay,unknown,FALSE,,,Pokemon PSA 9 Dark Gengar #6 Holo Neo Destiny 1st edition 2002 English,https://www.ebay.es/itm/287589843110,PriceCharting
Neo Destiny,Dark Gengar,6/105,1st Edition,PSA 9,2026-09-25,5700.00,USD,eBay,unknown,FALSE,,,2002 Pokemon Neo Destiny 1st Edition Dark Gengar Holo #6/105 PSA 9,https://www.ebay.es/itm/377509386338,PriceCharting
Neo Destiny,Dark Gengar,6/105,1st Edition,PSA 9,2026-09-23,5400.00,USD,eBay,unknown,FALSE,,,2002 Pokemon Neo Destiny 1st Edition Dark Gengar Holo #6/105 PSA 9,https://www.ebay.es/itm/128084891637,PriceCharting
Neo Destiny,Dark Gengar,6/105,1st Edition,PSA 9,2026-09-17,5650.00,USD,eBay,unknown,FALSE,,,POKEMON DARK GENGAR-HOLO 2002 NEO DESTINY #6 1ST ED PSA 9 #6,https://www.ebay.es/itm/800627716060,PriceCharting
Neo Destiny,Dark Gengar,6/105,1st Edition,PSA 9,2026-09-10,5269.67,USD,eBay,unknown,FALSE,,,Dark Gengar Holo 6/105 PSA 9 1st Edition Neo Destiny Pokemon 6/105,https://www.ebay.es/itm/168652994610,PriceCharting
Neo Destiny,Dark Gengar,6/105,1st Edition,PSA 9,2026-09-09,4950.00,USD,eBay,unknown,FALSE,,,2002 Pokemon Neo Destiny 1st Edition Dark Gengar Holo #6/105 PSA 9,https://www.ebay.es/itm/377468126749,PriceCharting
Neo Destiny,Dark Gengar,6/105,1st Edition,PSA 9,2026-09-07,5100.00,USD,eBay,unknown,FALSE,,,2002 Pokemon Neo Destiny 1st Edition Dark Gengar Holo #6/105 PSA 9,https://www.ebay.es/itm/377462750319,PriceCharting
Neo Destiny,Dark Gengar,6/105,1st Edition,PSA 9,2026-08-24,4500.00,USD,eBay,unknown,FALSE,,,2002 Pokemon Neo Destiny 1st Edition Dark Gengar Holo #6/105 PSA 9,https://www.ebay.es/itm/377430011984,PriceCharting
Neo Destiny,Dark Gengar,6/105,1st Edition,PSA 9,2026-08-16,5000.00,USD,eBay,unknown,FALSE,,,Pokemon Dark Gengar Holo Neo Destiny 6/105 1st Edition PSA 9 Mint 6/105,https://www.ebay.es/itm/287511103097,PriceCharting
Neo Destiny,Dark Gengar,6/105,1st Edition,PSA 9,2026-08-06,4500.00,USD,eBay,best offer,TRUE,4500.00,,2002 POKEMON NEO DESTINY #6 DARK GENGAR-HOLO 1ST EDITION PSA 9 MINT #6,https://www.ebay.es/itm/287380226832,PriceCharting
Neo Destiny,Dark Gengar,6/105,1st Edition,PSA 9,2026-08-02,5215.97,USD,eBay,unknown,FALSE,,,DARK GENGAR-HOLO 1ST EDITION POKEMON NEO DESTINY 2002 6 PSA 9,https://www.ebay.es/itm/137543752406,PriceCharting
Neo Destiny,Dark Gengar,6/105,1st Edition,PSA 9,2026-06-16,5199.99,USD,eBay,unknown,FALSE,,,Pokemon Dark Gengar Neo Destiny 1st Edition Holo Rare #6 PSA 9 Mint NEW CERT #6,https://www.ebay.es/itm/198393909676,PriceCharting
Neo Destiny,Dark Gengar,6/105,1st Edition,PSA 9,2026-05-31,4475.00,USD,eBay,unknown,FALSE,,,Pokemon Dark Gengar Neo Destiny 1st Edition Holo Rare #6 PSA 9 Mint,https://www.ebay.es/itm/287215053791,PriceCharting
Neo Destiny,Dark Gengar,6/105,1st Edition,PSA 9,2026-05-26,4400.00,USD,eBay,best offer,TRUE,4400.00,,2002 POKEMON NEO DESTINY 1ST EDITION #6 DARK GENGAR-HOLO PSA 9 #6,https://www.ebay.es/itm/117200382956,PriceCharting
Neo Destiny,Dark Gengar,6/105,1st Edition,PSA 9,2026-05-25,4200.00,USD,eBay,unknown,FALSE,,,Pokemon Dark Gengar Neo Destiny 1st Edition Holo Rare #6 PSA 9 Mint,https://www.ebay.es/itm/287331694415,PriceCharting
Neo Destiny,Dark Gengar,6/105,1st Edition,PSA 9,2026-05-23,3999.00,USD,eBay,unknown,FALSE,,,2002 POKEMON NEO DESTINY 1ST EDITION #6 DARK GENGAR-HOLO PSA 9 #6,https://www.ebay.es/itm/117192419377,PriceCharting
Neo Destiny,Dark Gengar,6/105,1st Edition,PSA 9,2026-05-22,3827.77,USD,eBay,unknown,FALSE,,,2002 POKEMON NEO DESTINY 1ST EDITION #6 DARK GENGAR-HOLO PSA 9 #6,https://www.ebay.es/itm/306936167294,PriceCharting
Neo Destiny,Dark Gengar,6/105,1st Edition,PSA 9,2026-05-19,4050.00,USD,eBay,unknown,FALSE,,,2002 Pokemon Neo Destiny #6 Dark Gengar 1st Edition Holo PSA 9 MINT,https://www.ebay.es/itm/366397014514,PriceCharting
Neo Destiny,Dark Gengar,6/105,1st Edition,PSA 9,2026-04-24,3641.00,USD,eBay,unknown,FALSE,,,2002 POKEMON NEO DESTINY 1ST EDITION #6 DARK GENGAR-HOLO PSA 9 #6,https://www.ebay.es/itm/117144730402,PriceCharting
Neo Destiny,Dark Gengar,6/105,1st Edition,PSA 9,2026-04-10,3250.00,USD,eBay,best offer,TRUE,3250.00,,2002 POKEMON NEO DESTINY 1ST ED #6 DARK GENGAR-HOLO PSA 9 #6,https://www.ebay.es/itm/298209462057,PriceCharting
Neo Destiny,Dark Gengar,6/105,1st Edition,PSA 9,2026-04-07,3190.00,USD,eBay,best offer,TRUE,3190.00,,2002 Pokemon Neo Destiny 1st Edition Dark Gengar Holo #6/105 PSA 9 ***POP 294*** 6/105,https://www.ebay.es/itm/157815926903,PriceCharting
Neo Destiny,Dark Gengar,6/105,1st Edition,PSA 9,2026-03-05,2705.55,USD,eBay,best offer,TRUE,2683.08,,2002 Pokemon Neo Destiny 1st Edition #6 Dark Gengar Holo PSA 9 MINT #6,https://www.ebay.es/itm/147167104048,PriceCharting
Neo Destiny,Dark Gengar,6/105,1st Edition,PSA 9,2026-03-02,2800.00,USD,eBay,best offer,TRUE,,,2002 Pokemon Neo Destiny 1st Edition Dark Gengar Holo #6/105 PSA 9 6/105,https://www.ebay.es/itm/366227905588,PriceCharting
Neo Destiny,Dark Gengar,6/105,1st Edition,PSA 9,2026-03-02,2800.00,USD,eBay,unknown,FALSE,,,2002 Pokemon Neo Destiny 1st Edition Dark Gengar Holo #6/105 PSA 9,https://www.ebay.es/itm/127703030789,PriceCharting
Neo Destiny,Dark Gengar,6/105,1st Edition,PSA 8,2026-09-29,3200.00,USD,eBay,unknown,FALSE,,,2002 POKEMON NEO DESTINY 1ST EDITION #6 DARK GENGAR-HOLO PSA 8 #6,https://www.ebay.es/itm/117426727104,PriceCharting
Neo Destiny,Dark Gengar,6/105,1st Edition,PSA 8,2026-09-28,3100.00,USD,eBay,unknown,FALSE,,,Dark Gengar 6/105 HOLO Neo Destiny 1ST EDITION Pokemon Card PSA 8 #6,https://www.ebay.es/itm/147605707751,PriceCharting
Neo Destiny,Dark Gengar,6/105,1st Edition,PSA 8,2026-09-09,2750.00,USD,eBay,best offer,TRUE,2750.00,,2002 Pokemon Neo Destiny 1st Edition Dark Gengar PSA 8 Near Mint,https://www.ebay.es/itm/257698781789,PriceCharting
Neo Destiny,Dark Gengar,6/105,1st Edition,PSA 8,2026-09-04,2299.25,USD,eBay,unknown,FALSE,,,Dark Gengar-Holo Pokemon 1st Edition Neo Destiny 6 PSA 8 #6,https://www.ebay.es/itm/198579948820,PriceCharting
Neo Destiny,Dark Gengar,6/105,1st Edition,PSA 8,2026-08-06,1875.00,USD,eBay,unknown,FALSE,,,2002 Pokemon Neo Destiny #6 Dark Gengar 1st Edition Holo PSA 8 NM-MT,https://www.ebay.es/itm/377379691788,PriceCharting
Neo Destiny,Dark Gengar,6/105,1st Edition,PSA 8,2026-07-23,2350.00,USD,eBay,unknown,FALSE,,,2002 POKEMON NEO DESTINY #6 DARK GENGAR-HOLO 1ST EDITION PSA 8 #6,https://www.ebay.es/itm/377340940151,PriceCharting
Neo Destiny,Dark Gengar,6/105,1st Edition,PSA 8,2026-07-23,2000.00,USD,eBay,unknown,FALSE,,,Pokemon TCG Dark Gengar 6/105 Neo Destiny 1st Edition Holo PSA 8 2002 6/105,https://www.ebay.es/itm/178328927445,PriceCharting
Neo Destiny,Dark Gengar,6/105,1st Edition,PSA 8,2026-07-17,2295.95,USD,eBay,unknown,FALSE,,,Pokemon 1st Edition Dark Gengar 6/105 Neo Destiny Holo PSA 8 6/105,https://www.ebay.es/itm/257616856246,PriceCharting
Neo Destiny,Dark Gengar,6/105,1st Edition,PSA 8,2026-07-13,2352.22,USD,eBay,unknown,FALSE,,,Pokemon 1st Edition Dark Gengar 6/105 Neo Destiny Holo PSA 8 6/105,https://www.ebay.es/itm/267711521646,PriceCharting
Neo Destiny,Dark Gengar,6/105,1st Edition,PSA 8,2026-07-03,2085.35,USD,eBay,unknown,FALSE,,,Dark Gengar 6/105 HOLO Neo Destiny 1ST EDITION Pokemon Card PSA 8 #6,https://www.ebay.es/itm/287372184378,PriceCharting
Neo Destiny,Dark Gengar,6/105,1st Edition,PSA 8,2026-06-30,2205.00,USD,eBay,unknown,FALSE,,,Dark Gengar PSA 8 2002 Pokemon Neo Destiny 1st Edition #6/105 Holo Rare 9670 6/105,https://www.ebay.es/itm/236893014165,PriceCharting
Neo Destiny,Dark Gengar,6/105,1st Edition,PSA 8,2026-06-28,2225.00,USD,eBay,unknown,FALSE,,,2002 POKEMON NEO DESTINY 1ST EDITION #6 DARK GENGAR-HOLO PSA 8 #6,https://www.ebay.es/itm/298430975995,PriceCharting
Neo Destiny,Dark Gengar,6/105,1st Edition,PSA 8,2026-06-15,1886.00,USD,eBay,unknown,FALSE,,,2002 POKEMON NEO DESTINY 1ST EDITION #6 DARK GENGAR-HOLO PSA 8 #6,https://www.ebay.es/itm/117225677003,PriceCharting
Neo Destiny,Dark Gengar,6/105,1st Edition,PSA 8,2026-06-13,2073.21,USD,eBay,best offer,TRUE,2037.06,,2002 Pokemon Neo Destiny Dark Gengar Holo 1st Edition PSA 8 NM-MT 6/105,https://www.ebay.es/itm/206285181587,PriceCharting
Neo Destiny,Dark Gengar,6/105,1st Edition,PSA 8,2026-06-03,1850.00,USD,eBay,unknown,FALSE,,,Dark Gengar 6/105 HOLO Neo Destiny 1ST EDITION Pokemon Card PSA 8 #6,https://www.ebay.es/itm/318399512564,PriceCharting
Neo Destiny,Dark Gengar,6/105,1st Edition,PSA 8,2026-05-13,2152.19,USD,eBay,best offer,TRUE,2072.18,,2002 Pokemon Neo Destiny Dark Gengar Holo 1st Edition PSA 8 NM-MT 6/105,https://www.ebay.es/itm/206263276728,PriceCharting
Neo Destiny,Dark Gengar,6/105,1st Edition,PSA 8,2026-05-05,2225.00,USD,eBay,unknown,FALSE,,,2002 Pokemon Neo Destiny 1st Edition Dark Gengar Holo #6/105 PSA 8,https://www.ebay.es/itm/377151347740,PriceCharting
Neo Destiny,Dark Gengar,6/105,1st Edition,PSA 8,2026-04-28,1999.00,USD,eBay,unknown,FALSE,,,Pokemon Dark Gengar Neo Destiny 1st Edition Holo Rare #6 PSA 8,https://www.ebay.es/itm/287292342678,PriceCharting
Neo Destiny,Dark Gengar,6/105,1st Edition,PSA 8,2026-04-19,1775.00,USD,eBay,unknown,FALSE,,,2002 Pokemon Neo Destiny 1st Edition Dark Gengar Holo #6/105 PSA 8,https://www.ebay.es/itm/377111033891,PriceCharting
Neo Destiny,Dark Gengar,6/105,1st Edition,PSA 8,2026-04-11,1800.00,USD,eBay,best offer,TRUE,1800.00,,2002 POKEMON NEO DESTINY 1ST ED #6 DARK GENGAR-HOLO PSA 8 #6,https://www.ebay.es/itm/298212473018,PriceCharting
Neo Destiny,Dark Gengar,6/105,1st Edition,PSA 8,2026-04-08,1800.00,USD,eBay,unknown,FALSE,,,Pokemon Dark Gengar Neo Destiny 1st Edition Holo Rare #6 PSA 8 NM-MT 06/105,https://www.ebay.es/itm/318117553033,PriceCharting
Neo Destiny,Dark Gengar,6/105,1st Edition,PSA 8,2026-04-01,1900.00,USD,eBay,unknown,FALSE,,,2002 POKEMON NEO DESTINY 1ST EDITION #6 DARK GENGAR-HOLO PSA 8 #6,https://www.ebay.es/itm/117104931217,PriceCharting
Neo Destiny,Dark Gengar,6/105,1st Edition,PSA 8,2026-03-28,1500.00,USD,eBay,unknown,FALSE,,,Pokémon TCG Dark Gengar 1st Edition Holo PSA 8 Neo Destiny 6/105 English 6/105,https://www.ebay.es/itm/168265012050,PriceCharting
Neo Destiny,Dark Gengar,6/105,1st Edition,PSA 8,2026-02-23,1475.00,USD,eBay,unknown,FALSE,,,2002 Pokemon Dark Gengar #6 Neo Destiny 1st Edition PSA 8 NM-Mint Original Owner #6,https://www.ebay.es/itm/397613080113,PriceCharting
Neo Destiny,Dark Gengar,6/105,Unlimited,PSA 10,2026-09-18,15000.00,USD,eBay,unknown,FALSE,,,PSA 10 GEM MINT Dark Gengar 6/105 HOLO Neo Destiny RARE Pokemon Card 6/105,https://www.ebay.es/itm/198596582661,PriceCharting
Neo Destiny,Dark Gengar,6/105,Unlimited,PSA 10,2026-08-10,9000,USD,Fanatics Collect,auction,FALSE,,52502696,,https://www.fanaticscollect.com/weekly/604e713a-8aaa-11f1-ad5d-0aab4a16e85f,PSA APR
Neo Destiny,Dark Gengar,6/105,Unlimited,PSA 10,2026-06-15,9900,USD,Fanatics Collect,auction,FALSE,,28524436,,https://www.fanaticscollect.com/weekly/032f872e-5ea3-11f1-84f0-0670e0974297,PSA APR
Neo Destiny,Dark Gengar,6/105,Unlimited,PSA 10,2026-06-02,9400.00,USD,eBay,best offer,TRUE,9400.00,,PSA 10 GEM MINT Dark Gengar 6/105 HOLO Neo Destiny RARE Pokemon Card 6/105,https://www.ebay.es/itm/137302106282,PriceCharting
Neo Destiny,Dark Gengar,6/105,Unlimited,PSA 10,2026-05-24,9999.99,USD,eBay,unknown,FALSE,,,PSA 10 GEM MINT Dark Gengar 6/105 HOLO Neo Destiny RARE Pokemon Card 6/105,https://www.ebay.es/itm/306947514807,PriceCharting
Neo Destiny,Dark Gengar,6/105,Unlimited,PSA 10,2026-05-01,9975.00,USD,eBay,unknown,FALSE,,,Pokemon Dark Gengar Neo Destiny Unlimited Holo Rare #6 PSA 10 Gem Mint,https://www.ebay.es/itm/287232988481,PriceCharting
Neo Destiny,Dark Gengar,6/105,Unlimited,PSA 10,2026-04-28,9999.99,USD,eBay,unknown,FALSE,,,PSA 10 GEM MINT Dark Gengar 6/105 HOLO Neo Destiny RARE Pokemon Card,https://www.ebay.es/itm/318053436913,PriceCharting
Neo Destiny,Dark Gengar,6/105,Unlimited,PSA 10,2026-03-30,9300,USD,Fanatics Collect,auction,FALSE,,52502696,,https://www.fanaticscollect.com/weekly/2cfb3ee2-1ef0-11f1-adf1-02e750c64e93,PSA APR
Neo Destiny,Dark Gengar,6/105,Unlimited,PSA 10,2026-03-16,9599.00,USD,eBay,unknown,FALSE,,,Pokemon Dark Gengar Neo Destined Unlimited Holo Rare #6 PSA 10 Gem Mint,https://www.ebay.es/itm/287184489415,PriceCharting
Neo Destiny,Dark Gengar,6/105,Unlimited,PSA 10,2025-11-19,6000,USD,eBay,best offer,TRUE,,45495319,,https://www.ebay.com/itm/406210927689,PSA APR
Neo Destiny,Dark Gengar,6/105,Unlimited,PSA 10,2025-10-02,4250,USD,eBay,BIN,FALSE,,44320866,,https://www.ebay.com/itm/177434905520,PSA APR
Neo Destiny,Dark Gengar,6/105,Unlimited,PSA 10,2025-09-29,6000,USD,Fanatics Collect,auction,FALSE,,52502696,,https://www.fanaticscollect.com/weekly/75e0ebdc-95ae-11f0-858a-026b475286c5,PSA APR
Neo Destiny,Dark Gengar,6/105,Unlimited,PSA 10,2025-09-10,4430.00,USD,eBay,unknown,FALSE,,,2002 Pokemon Neo Destiny #6 Dark Gengar Holo PSA 10 GEM MINT,https://www.ebay.es/itm/388918700062,PriceCharting
Neo Destiny,Dark Gengar,6/105,Unlimited,PSA 10,2025-08-24,4193.06,USD,eBay,unknown,FALSE,,,Pokemon Cards - PSA 10 Dark Gengar 6/105 - Neo Destiny Holo - GEM MT,https://www.ebay.es/itm/286762100969,PriceCharting
Neo Destiny,Dark Gengar,6/105,Unlimited,PSA 10,2025-05-06,2999.99,USD,eBay,unknown,FALSE,,,2002 POKEMON NEO DESTINY UNLIMITED DARK GENGAR #6 HOLO PSA 10 POP 89,https://www.ebay.es/itm/297279711921,PriceCharting
Neo Destiny,Dark Gengar,6/105,Unlimited,PSA 10,2025-01-27,1494.87,USD,eBay,BIN,FALSE,,84635747,,https://www.ebay.com/itm/306067422613,PSA APR
Neo Destiny,Dark Gengar,6/105,Unlimited,PSA 10,2024-11-16,685,USD,eBay,auction,FALSE,,98768094,,https://www.ebay.com/itm/305893113938,PSA APR
Neo Destiny,Dark Gengar,6/105,Unlimited,PSA 10,2024-06-23,658.71,USD,eBay,unknown,FALSE,,,2002 Pokemon Neo Destiny Dark Gengar Holo PSA 10 #6/105,https://www.ebay.es/itm/355004676613,PriceCharting
Neo Destiny,Dark Gengar,6/105,Unlimited,PSA 10,2024-03-19,601.00,USD,eBay,unknown,FALSE,,,2002 Pokemon Neo Destiny Dark Gengar Holo PSA 10 #6/105 GEM MINT 6/105,https://www.ebay.es/itm/355544248716,PriceCharting
Neo Destiny,Dark Gengar,6/105,Unlimited,PSA 9,2026-09-23,1899.00,USD,eBay,unknown,FALSE,,,Pokemon Dark Gengar Holo Neo Destiny Unlimited 6/105 PSA 9 Mint 6/105,https://www.ebay.es/itm/287490151367,PriceCharting
Neo Destiny,Dark Gengar,6/105,Unlimited,PSA 9,2026-09-22,1800.00,USD,eBay,unknown,FALSE,,,Wizards of the Coast Pokemon TCG Neo Destiny Dark Gengar 6/105 Holo PSA 9 6/105,https://www.ebay.es/itm/800699561143,PriceCharting
Neo Destiny,Dark Gengar,6/105,Unlimited,PSA 9,2026-09-22,1750.00,USD,eBay,best offer,TRUE,1750.00,,Wizards of the Coast Pokemon TCG Neo Destiny Dark Gengar 6/105 Holo PSA 9 6/105,https://www.ebay.es/itm/800623207198,PriceCharting
Neo Destiny,Dark Gengar,6/105,Unlimited,PSA 9,2026-09-19,1777.77,USD,eBay,unknown,FALSE,,,Pokemon Dark Gengar Holo - Neo Destiny Unlimited - 6/105 - PSA 9 6/105,https://www.ebay.es/itm/198644464918,PriceCharting
Neo Destiny,Dark Gengar,6/105,Unlimited,PSA 9,2026-09-17,1475.00,USD,eBay,unknown,FALSE,,,2002 POKEMON NEO DESTINY #6 DARK GENGAR-HOLO PSA 9 #6,https://www.ebay.es/itm/298657821107,PriceCharting
Neo Destiny,Dark Gengar,6/105,Unlimited,PSA 9,2026-08-31,1626.00,USD,eBay,unknown,FALSE,,,Pokemon Dark Gengar Holo Neo Destiny Unlimited 6/105 PSA 9 Mint 6/105,https://www.ebay.es/itm/287538830608,PriceCharting
Neo Destiny,Dark Gengar,6/105,Unlimited,PSA 9,2026-08-28,1775.00,USD,eBay,unknown,FALSE,,,Pokemon Dark Gengar Neo Destiny Unlimited Holo #6 PSA 9 Mint 6/105,https://www.ebay.es/itm/257695643646,PriceCharting
Neo Destiny,Dark Gengar,6/105,Unlimited,PSA 9,2026-08-28,1975.00,USD,eBay,unknown,FALSE,,,2002 POKEMON NEO DESTINY #6 DARK GENGAR-HOLO PSA 9 #6,https://www.ebay.es/itm/298601569047,PriceCharting
Neo Destiny,Dark Gengar,6/105,Unlimited,PSA 9,2026-08-16,1925.00,USD,eBay,unknown,FALSE,,,Pokemon Dark Gengar Holo Neo Destiny Unlimited 6/105 PSA 9 Mint 6/105,https://www.ebay.es/itm/287511103093,PriceCharting
Neo Destiny,Dark Gengar,6/105,Unlimited,PSA 9,2026-08-08,1350.00,USD,eBay,unknown,FALSE,,,Pokemon 2002 Dark Gengar 6/105 Holo Neo Destiny Cracked Slab PSA 9 6/105,https://www.ebay.es/itm/407111852640,PriceCharting
Neo Destiny,Dark Gengar,6/105,Unlimited,PSA 9,2026-08-06,1712.82,USD,eBay,unknown,FALSE,,,2002 Pokemon Neo Destiny Dark Gengar-holo PSA 9 #6,https://www.ebay.es/itm/278198084959,PriceCharting
Neo Destiny,Dark Gengar,6/105,Unlimited,PSA 9,2026-08-02,1725.00,USD,eBay,unknown,FALSE,,,Pokemon Dark Gengar Holo Neo Destiny Unlimited 6/105 PSA 9 Mint 6/105,https://www.ebay.es/itm/287482335249,PriceCharting
Neo Destiny,Dark Gengar,6/105,Unlimited,PSA 9,2026-07-19,1850.00,USD,eBay,unknown,FALSE,,,Pokemon Dark Gengar Holo Neo Destiny Unlimited 6/105 PSA 9 Mint 6/105,https://www.ebay.es/itm/287452608337,PriceCharting
Neo Destiny,Dark Gengar,6/105,Unlimited,PSA 9,2026-07-13,1750.00,USD,eBay,best offer,TRUE,1750.00,,2002 Pokemon Neo Destiny #6 Dark Gengar Holo PSA 9 MINT #6,https://www.ebay.es/itm/800325359412,PriceCharting
Neo Destiny,Dark Gengar,6/105,Unlimited,PSA 9,2026-07-07,1800.00,USD,eBay,best offer,TRUE,1800.00,,2002 Pokemon Neo Destiny #6 Dark Gengar Holo PSA 9 MINT #6,https://www.ebay.es/itm/800300410887,PriceCharting
Neo Destiny,Dark Gengar,6/105,Unlimited,PSA 9,2026-06-25,1525.00,USD,eBay,unknown,FALSE,,,2002 Pokemon Neo Destiny #6 Dark Gengar Holo PSA 9 MINT,https://www.ebay.es/itm/377272616990,PriceCharting
Neo Destiny,Dark Gengar,6/105,Unlimited,PSA 9,2026-06-21,1725.00,USD,eBay,unknown,FALSE,,,Pokemon 2002 Neo Destiny Dark Gengar Holo Rare 6/105 English PSA 9 6/105,https://www.ebay.es/itm/117249158396,PriceCharting
Neo Destiny,Dark Gengar,6/105,Unlimited,PSA 9,2026-06-11,1675.00,USD,eBay,unknown,FALSE,,,2002 Pokemon Neo Destiny Dark Gengar Holo #6/105 PSA 9,https://www.ebay.es/itm/127905394883,PriceCharting
Neo Destiny,Dark Gengar,6/105,Unlimited,PSA 9,2026-06-09,2000.00,USD,eBay,unknown,FALSE,,,2002 Pokemon Neo Destiny #6 Dark Gengar Holo w/ Swirl PSA 9 MINT,https://www.ebay.es/itm/377226483912,PriceCharting
Neo Destiny,Dark Gengar,6/105,Unlimited,PSA 9,2026-06-05,1625.00,USD,eBay,unknown,FALSE,,,2002 Pokemon Neo Destiny Dark Gengar Holo #6/105 PSA 9 1820 6/105,https://www.ebay.es/itm/236843700824,PriceCharting
Neo Destiny,Dark Gengar,6/105,Unlimited,PSA 9,2026-05-31,2025.00,USD,eBay,unknown,FALSE,,,Pokemon Dark Gengar Neo Destiny Unlimited Holo Rare #6 PSA 9 Mint,https://www.ebay.es/itm/287350452604,PriceCharting
Neo Destiny,Dark Gengar,6/105,Unlimited,PSA 9,2026-05-25,2100.00,USD,eBay,unknown,FALSE,,,2002 POKEMON NEO DESTINY #6 DARK GENGAR-HOLO PSA 9 #6,https://www.ebay.es/itm/117195749128,PriceCharting
Neo Destiny,Dark Gengar,6/105,Unlimited,PSA 9,2026-05-22,2300.00,USD,eBay,unknown,FALSE,,,Pokémon Neo Destiny Dark Gengar Holo – PSA 9 Mint (2002) Make an offer!,https://www.ebay.es/itm/188411560008,PriceCharting
Neo Destiny,Dark Gengar,6/105,Unlimited,PSA 9,2026-05-18,1676.00,USD,eBay,unknown,FALSE,,,Pokémon Neo Destiny Dark Gengar Holo – PSA 9 Mint (2002),https://www.ebay.es/itm/188351910176,PriceCharting
Neo Destiny,Dark Gengar,6/105,Unlimited,PSA 9,2026-05-17,1875.00,USD,eBay,unknown,FALSE,,,Pokemon Dark Gengar Neo Destiny Unlimited Holo Rare #6 PSA 9 Mint,https://www.ebay.es/itm/287318179730,PriceCharting
Neo Destiny,Dark Gengar,6/105,Unlimited,PSA 9,2026-05-14,2000.00,USD,eBay,unknown,FALSE,,,2002 POKEMON NEO DESTINY #6 DARK GENGAR-HOLO PSA 9 #6,https://www.ebay.es/itm/306935156231,PriceCharting
Neo Destiny,Dark Gengar,6/105,Unlimited,PSA 8,2026-09-19,960.00,USD,eBay,unknown,FALSE,,,2002 POKEMON NEO DESTINY #6 DARK GENGAR-HOLO PSA 8 #6,https://www.ebay.es/itm/117406701049,PriceCharting
Neo Destiny,Dark Gengar,6/105,Unlimited,PSA 8,2026-09-12,1050.00,USD,eBay,best offer,TRUE,1050.00,,2002 POKEMON NEO DESTINY #6 DARK GENGAR-HOLO PSA 8 #6,https://www.ebay.es/itm/298666716479,PriceCharting
Neo Destiny,Dark Gengar,6/105,Unlimited,PSA 8,2026-09-10,1118.64,USD,eBay,best offer,TRUE,,,2002 Pokemon Neo Destiny Unlimited Dark Gengar Holo Rare #6/105 PSA 8 NM-MT 6/105,https://www.ebay.es/itm/287485747974,PriceCharting
Neo Destiny,Dark Gengar,6/105,Unlimited,PSA 8,2026-09-09,1025.00,USD,eBay,unknown,FALSE,,,2002 POKEMON NEO DESTINY #6 DARK GENGAR-HOLO PSA 8 NM-MT,https://www.ebay.es/itm/800598513753,PriceCharting
Neo Destiny,Dark Gengar,6/105,Unlimited,PSA 8,2026-08-03,1300.00,USD,eBay,unknown,FALSE,,,2002 Pokemon Neo Destiny #6 Dark Gengar-Holo PSA 8 #6,https://www.ebay.es/itm/198540568087,PriceCharting
Neo Destiny,Dark Gengar,6/105,Unlimited,PSA 8,2026-08-01,1199.00,USD,eBay,unknown,FALSE,,,2002 POKEMON NEO DESTINY #6 DARK GENGAR-HOLO PSA 8 #6,https://www.ebay.es/itm/298548339806,PriceCharting
Neo Destiny,Dark Gengar,6/105,Unlimited,PSA 8,2026-07-13,1300.00,USD,eBay,unknown,FALSE,,,2002 Pokemon Neo Destiny #6 Dark Gengar-Holo PSA 8 #6,https://www.ebay.es/itm/377303591513,PriceCharting
Neo Destiny,Dark Gengar,6/105,Unlimited,PSA 8,2026-07-08,1049.99,USD,eBay,unknown,FALSE,,,2002 Pokemon Neo Destiny #6 Dark Gengar Holo PSA 8 Unlimited 6/105,https://www.ebay.es/itm/188613229128,PriceCharting
Neo Destiny,Dark Gengar,6/105,Unlimited,PSA 8,2026-07-01,1000.00,USD,eBay,best offer,TRUE,,,Pokemon Neo Destiny 2002 Dark Gengar Holo Card 6/105 PSA 8 #6,https://www.ebay.es/itm/287430213152,PriceCharting
Neo Destiny,Dark Gengar,6/105,Unlimited,PSA 8,2026-06-11,1000.00,USD,eBay,unknown,FALSE,,,Pokemon TCG Neo Destiny Dark Gengar 6/105 Holo Unlimited 2002 ENG PSA 8 6/105,https://www.ebay.es/itm/198409311939,PriceCharting
Neo Destiny,Dark Gengar,6/105,Unlimited,PSA 8,2026-05-24,1150.00,USD,eBay,unknown,FALSE,,,2002 Pokemon Neo Destiny #6 Dark Gengar Holo PSA 8 6/105,https://www.ebay.es/itm/318327444858,PriceCharting
Neo Destiny,Dark Gengar,6/105,Unlimited,PSA 8,2026-05-23,960.00,USD,eBay,unknown,FALSE,,,Dark Gengar Holo - 2002 Neo Destiny 6/105 Pokemon PSA 8 NM-MT Vintage WOTC 6/105,https://www.ebay.es/itm/287334101008,PriceCharting
Neo Destiny,Dark Gengar,6/105,Unlimited,PSA 8,2026-05-22,925.00,USD,eBay,best offer,TRUE,925.00,,PSA 8 Dark Gengar 6/105 Neo Destiny 2002 Pokemon Card Graded Near Mint #6,https://www.ebay.es/itm/327162333256,PriceCharting
Neo Destiny,Dark Gengar,6/105,Unlimited,PSA 8,2026-05-13,1000.00,USD,eBay,unknown,FALSE,,,2002 POKEMON NEO DESTINY #6 DARK GENGAR-HOLO PSA 8 #6,https://www.ebay.es/itm/117188966595,PriceCharting
Neo Destiny,Dark Gengar,6/105,Unlimited,PSA 8,2026-05-10,1000.00,USD,eBay,unknown,FALSE,,,Pokemon Dark Gengar Neo Destiny Unlimited Holo Rare #6 PSA 8,https://www.ebay.es/itm/287320518063,PriceCharting
Neo Destiny,Dark Gengar,6/105,Unlimited,PSA 8,2026-05-06,750.00,USD,eBay,best offer,TRUE,750.00,,Dark Gengar - 2002 Neo Destiny 6/105 Pokemon TCG PSA 8 NM-MT 6/105,https://www.ebay.es/itm/137285034119,PriceCharting
Neo Destiny,Dark Gengar,6/105,Unlimited,PSA 8,2026-05-05,880.73,USD,eBay,unknown,FALSE,,,Pokemon Dark Gengar Holo 2002 Neo Destiny Unlimited #6 PSA 8 NM-MT,https://www.ebay.es/itm/298236946917,PriceCharting
Neo Destiny,Dark Gengar,6/105,Unlimited,PSA 8,2026-04-24,780.00,USD,eBay,best offer,TRUE,780.00,,2002 POKEMON NEO DESTINY #6 DARK GENGAR-HOLO PSA 8 #6,https://www.ebay.es/itm/117157016120,PriceCharting
Neo Destiny,Dark Gengar,6/105,Unlimited,PSA 8,2026-04-18,570.00,USD,eBay,unknown,FALSE,,,2002 POKEMON NEO DESTINY 6/105 DARK GENGAR-HOLO PSA 8 6/105,https://www.ebay.es/itm/358460850385,PriceCharting
Neo Destiny,Dark Gengar,6/105,Unlimited,PSA 8,2026-04-13,860.00,USD,eBay,unknown,FALSE,,,Pokemon Dark Gengar Neo Destiny Unlimited Holo Rare #6 PSA 8,https://www.ebay.es/itm/287251552917,PriceCharting
Neo Destiny,Dark Gengar,6/105,Unlimited,PSA 8,2026-04-07,700.00,USD,eBay,best offer,TRUE,700.00,,Pokémon TCG Dark Gengar Neo Destiny 6/105 Holo Rare 2002 PSA 8 English Card. 6/105,https://www.ebay.es/itm/358415671708,PriceCharting
Neo Destiny,Dark Gengar,6/105,Unlimited,PSA 8,2026-04-01,849.99,USD,eBay,unknown,FALSE,,,2002 Pokemon Neo Destiny #6 Dark Gengar Holo PSA 8 HIGH CERT! 6/105,https://www.ebay.es/itm/298142858939,PriceCharting
Neo Destiny,Dark Houndoom,7/105,1st Edition,PSA 10,2026-09-29,25000,USD,eBay,BIN,FALSE,,27566319,,https://www.ebay.com/itm/117430397235,PSA APR
Neo Destiny,Dark Houndoom,7/105,1st Edition,PSA 10,2026-09-28,24600,USD,Fanatics Collect,auction,FALSE,,27543805,,https://www.fanaticscollect.com/weekly/7e050c72-b2b2-11f1-9d96-0affdeff6541,PSA APR
Neo Destiny,Dark Houndoom,7/105,1st Edition,PSA 10,2026-09-21,15000,USD,Fanatics Collect,auction,FALSE,,48936308,,https://www.fanaticscollect.com/weekly/8617c580-ac6d-11f1-a04d-06d19b0b9c59,PSA APR
Neo Destiny,Dark Houndoom,7/105,1st Edition,PSA 10,2026-08-31,7499.99,USD,eBay,unknown,FALSE,,,PSA 10 GEM MINT Dark Houndoom 7/105 HOLO Neo Destiny 1ST EDITION Pokemon Card,https://www.ebay.es/itm/267747452721,PriceCharting
Neo Destiny,Dark Houndoom,7/105,1st Edition,PSA 10,2026-08-29,6350.00,USD,eBay,best offer,TRUE,,,2002 POKEMON NEO DESTINY 1ST EDITION #7 DARK HOUNDOOM-HOLO PSA 10 #7,https://www.ebay.es/itm/298602276194,PriceCharting
Neo Destiny,Dark Houndoom,7/105,1st Edition,PSA 10,2026-08-24,5760,USD,Fanatics Collect,auction,FALSE,,28100185,,https://www.fanaticscollect.com/weekly/364f9332-92e8-11f1-b686-02ffe07bb5c9,PSA APR
Neo Destiny,Dark Houndoom,7/105,1st Edition,PSA 10,2026-08-04,4880,USD,Goldin Auctions,auction,FALSE,,28899266,,https://goldin.co/item/2002-pokemon-neo-destiny-1st-edition-holo-7-dark-houndoom-psa-gem-mt-1ft6kk,PSA APR
Neo Destiny,Dark Houndoom,7/105,1st Edition,PSA 10,2026-07-22,6300.00,USD,eBay,unknown,FALSE,,,Pokémon - Dark Houndoom Holo Neo Destiny 1st Edition #7 PSA 10,https://www.ebay.es/itm/188369014344,PriceCharting
Neo Destiny,Dark Houndoom,7/105,1st Edition,PSA 10,2026-05-14,5000,USD,Heritage Auctions,auction,FALSE,,28100185,,https://comics.ha.com/itm/memorabilia/trading-cards/pokemon-dark-houndoom-7-1st-edition-neo-destiny-psa-trading-card-game-gem-mint-10-wizards-of-the-coast-2002-rare-holo/a/43246-78112.s?type=DA-DMC-CardLadder-TradingCardGames-43246-05142026,PSA APR
Neo Destiny,Dark Houndoom,7/105,1st Edition,PSA 10,2026-05-04,3550.00,USD,eBay,unknown,FALSE,,,Pokemon Dark Houndoom Neo Destiny 1st Edition Holo Rare #7 PSA 10 Gem Mint,https://www.ebay.es/itm/287292205863,PriceCharting
Neo Destiny,Dark Houndoom,7/105,1st Edition,PSA 10,2026-04-19,3850.00,USD,eBay,unknown,FALSE,,,Pokemon Dark Houndoom Neo Destiny 1st Edition Holo Rare #7 PSA 10 Gem Mint,https://www.ebay.es/itm/287265069084,PriceCharting
Neo Destiny,Dark Houndoom,7/105,1st Edition,PSA 10,2026-03-30,5640,USD,Fanatics Collect,auction,FALSE,,41261516,,https://www.fanaticscollect.com/weekly/2b08d19a-1eef-11f1-9dc9-0a1fa2df52f1,PSA APR
Neo Destiny,Dark Houndoom,7/105,1st Edition,PSA 10,2026-03-01,4572.00,USD,eBay,unknown,FALSE,,,Pokemon Dark Houndoom 1st Edition Holo Rare Neo Destiny Card 7/105 PSA 10 GEM MT 7/105,https://www.ebay.es/itm/327008067239,PriceCharting
Neo Destiny,Dark Houndoom,7/105,1st Edition,PSA 10,2025-12-03,2300.00,USD,eBay,best offer,TRUE,2300.00,,Pokemon Dark Houndoom Holo Neo Destiny 2002 PSA 10 1st Edition 7/105,https://www.ebay.es/itm/397106634622,PriceCharting
Neo Destiny,Dark Houndoom,7/105,1st Edition,PSA 10,2025-11-30,2600.00,USD,eBay,unknown,FALSE,,,Pokemon PSA 10 1ST EDITION NEO DESTINY DARK HOUNDOOM 7/105 - GEM MINT 7/105,https://www.ebay.es/itm/187720875087,PriceCharting
Neo Destiny,Dark Houndoom,7/105,1st Edition,PSA 10,2025-10-06,2190,USD,Fanatics Collect,auction,FALSE,,41261516,,https://www.fanaticscollect.com/weekly/81bfed40-9801-11f0-b15b-02d93b7d50ab,PSA APR
Neo Destiny,Dark Houndoom,7/105,1st Edition,PSA 10,2025-09-20,2200.00,USD,eBay,unknown,FALSE,,,Pokémon Dark Houndoom 7/105 Holo Neo Destiny 1st Edition PSA 10 SWIRL LOW POP 7/105,https://www.ebay.es/itm/376518912039,PriceCharting
Neo Destiny,Dark Houndoom,7/105,1st Edition,PSA 10,2025-08-10,1732.00,USD,eBay,unknown,FALSE,,,Pokemon Dark Houndoom Neo Destiny 1st Edition Holo Rare #7 PSA 10 Gem Mint,https://www.ebay.es/itm/286739114441,PriceCharting
Neo Destiny,Dark Houndoom,7/105,1st Edition,PSA 10,2025-08-06,1850.00,USD,eBay,unknown,FALSE,,,Pokemon Dark Houndoom Neo Destiny 1st Edition Holo Rare #7 PSA 10 Gem Mint,https://www.ebay.es/itm/286574000590,PriceCharting
Neo Destiny,Dark Houndoom,7/105,1st Edition,PSA 10,2025-06-01,1775.00,USD,eBay,unknown,FALSE,,,Pokemon Dark Houndoom Neo Destiny 1st Edition Holo Rare #7 PSA 10 Gem Mint,https://www.ebay.es/itm/286590231951,PriceCharting
Neo Destiny,Dark Houndoom,7/105,1st Edition,PSA 10,2025-05-23,1525.00,USD,eBay,unknown,FALSE,,,2002 Pokemon Neo Destiny Dark Houndoom Holo 1st Edition PSA 10 GEM MINT,https://www.ebay.es/itm/388421094727,PriceCharting
Neo Destiny,Dark Houndoom,7/105,1st Edition,PSA 10,2025-05-09,1799.99,USD,eBay,unknown,FALSE,,,Pokemon 2002 Neo Destiny #7 DARK HOUNDOOM 1st Edition Holo PSA 10 Gem Mint 7/105 #7,https://www.ebay.es/itm/335626524436,PriceCharting
Neo Destiny,Dark Houndoom,7/105,1st Edition,PSA 10,2025-04-04,1046.00,USD,eBay,unknown,FALSE,,,2002 Pokemon Neo Destiny 1st Edition RARE #7 Dark Houndoom HOLO PSA 10 GEM MINT,https://www.ebay.es/itm/365486005501,PriceCharting
Neo Destiny,Dark Houndoom,7/105,1st Edition,PSA 10,2025-02-18,812.51,USD,eBay,unknown,FALSE,,,Pokemon 2002 Neo Destiny #7 DARK HOUNDOOM 1st Edition Holo PSA 10 Gem Mint 7/105 #7,https://www.ebay.es/itm/395695032305,PriceCharting
Neo Destiny,Dark Houndoom,7/105,1st Edition,PSA 10,2025-02-09,1199.95,USD,eBay,unknown,FALSE,,,Pokemon 2002 Neo Destiny #7 DARK HOUNDOOM 1st Edition Holo PSA 10 Gem Mint 7/105 #7,https://www.ebay.es/itm/364186462752,PriceCharting
Neo Destiny,Dark Houndoom,7/105,1st Edition,PSA 10,2024-11-18,932.63,USD,eBay,unknown,FALSE,,,PSA 10 1st Edition Dark Houndoom 7/105 - Neo Destiny WOTC Pokemon Card 7/105,https://www.ebay.es/itm/235794926926,PriceCharting
Neo Destiny,Dark Houndoom,7/105,1st Edition,PSA 10,2024-10-07,816.06,USD,eBay,unknown,FALSE,,,POKEMON 2002 NEO DESTINY DARK HOUNDOOM - HOLO 1ST EDITION PSA 10,https://www.ebay.es/itm/395668294927,PriceCharting
Neo Destiny,Dark Houndoom,7/105,1st Edition,PSA 10,2024-09-07,784.71,USD,eBay,unknown,FALSE,,,PSA 10 1st Edition Dark Houndoom 7/105 - Neo Destiny WOTC Pokemon Card 7/105,https://www.ebay.es/itm/296623178006,PriceCharting
Neo Destiny,Dark Houndoom,7/105,1st Edition,PSA 10,2024-08-11,611.00,USD,eBay,unknown,FALSE,,,Pokemon 2002 Neo Destiny #7 DARK HOUNDOOM 1st Edition Holo PSA 10 Gem Mint 7/105 #7,https://www.ebay.es/itm/305711050051,PriceCharting
Neo Destiny,Dark Houndoom,7/105,1st Edition,PSA 10,2024-08-11,779.75,USD,eBay,unknown,FALSE,,,Pokemon Neo Destiny 1st. Edition Dark Houndoom Holo PSA 10 Gem Mint - WOTC 2002,https://www.ebay.es/itm/276579611780,PriceCharting
Neo Destiny,Dark Houndoom,7/105,1st Edition,PSA 10,2024-06-12,1483.99,USD,eBay,unknown,FALSE,,,Pokemon - PSA 10 1st Edition Neo Destiny Dark Houndoom - Holo #7/105 #7,https://www.ebay.es/itm/235229463342,PriceCharting
Neo Destiny,Dark Houndoom,7/105,1st Edition,PSA 10,2024-05-29,895.00,USD,eBay,unknown,FALSE,,,2002 Neo Destiny 7 Dark Houndoom 1st Edition Holo Rare Pokemon TCG Card PSA 10 #7,https://www.ebay.es/itm/315376117443,PriceCharting
Neo Destiny,Dark Houndoom,7/105,1st Edition,PSA 10,2024-05-09,760.00,USD,eBay,unknown,FALSE,,,1st Edition Dark Houndoom 7/105 Neo Destiny Pokemon Card PSA 10 Gem Mint 7/105,https://www.ebay.es/itm/386974357186,PriceCharting
Neo Destiny,Dark Houndoom,7/105,1st Edition,PSA 10,2024-02-29,1000.00,USD,eBay,unknown,FALSE,,,Pokemon Card - 1st Edition Dark Houndoom - Neo Destiny 7/105 Holo Rare - PSA 10 #7,https://www.ebay.es/itm/225987508682,PriceCharting
Neo Destiny,Dark Houndoom,7/105,1st Edition,PSA 10,2024-01-21,570,USD,Robert Edward Auctions,auction,FALSE,,41156284,,https://bid.robertedwardauctions.com/bids/bidplace.aspx?itemid=168521,PSA APR
Neo Destiny,Dark Houndoom,7/105,1st Edition,PSA 10,2024-01-09,675.66,USD,eBay,unknown,FALSE,,,Pokemon 2002 Neo Destiny #7 DARK HOUNDOOM 1st Edition Holo PSA 10 Gem Mint 7/105 #7,https://www.ebay.es/itm/256362487938,PriceCharting
Neo Destiny,Dark Houndoom,7/105,1st Edition,PSA 10,2023-10-25,685,USD,eBay,auction,FALSE,,42609445,,https://www.ebay.com/itm/285520869648,PSA APR
Neo Destiny,Dark Houndoom,7/105,1st Edition,PSA 9,2026-09-23,1500.00,USD,eBay,unknown,FALSE,,,2002 POKEMON NEO DESTINY 1ST EDITION #7 DARK HOUNDOOM-HOLO PSA 9 #7,https://www.ebay.es/itm/298690029424,PriceCharting
Neo Destiny,Dark Houndoom,7/105,1st Edition,PSA 9,2026-09-19,1200.00,USD,eBay,unknown,FALSE,,,2002 POKEMON NEO DESTINY 1ST EDITION #7 DARK HOUNDOOM-HOLO PSA 9 #7,https://www.ebay.es/itm/307060971316,PriceCharting
Neo Destiny,Dark Houndoom,7/105,1st Edition,PSA 9,2026-09-01,982.57,USD,eBay,unknown,FALSE,,,Dark Houndoom 1st Edition PSA 9 7/105 Neo Destiny Pokemon Card WOTC 2000 MINT 7/105,https://www.ebay.es/itm/800548798415,PriceCharting
Neo Destiny,Dark Houndoom,7/105,1st Edition,PSA 9,2026-08-17,860.00,USD,eBay,unknown,FALSE,,,Pokemon Dark Houndoom Holo Neo Destiny 7/105 1st Edition PSA 9 Mint 7/105,https://www.ebay.es/itm/287511103158,PriceCharting
Neo Destiny,Dark Houndoom,7/105,1st Edition,PSA 9,2026-08-16,986.00,USD,eBay,unknown,FALSE,,,Dark Houndoom Holo 1st Edition Neo Destiny Pokemon TCG WOTC - PSA 9 MINT,https://www.ebay.es/itm/278263486230,PriceCharting
Neo Destiny,Dark Houndoom,7/105,1st Edition,PSA 9,2026-08-12,945.00,USD,eBay,unknown,FALSE,,,2002 Pokemon Neo Destiny #7 Dark Houndoom Holo 1st Edition PSA 9 #15,https://www.ebay.es/itm/327125177733,PriceCharting
Neo Destiny,Dark Houndoom,7/105,1st Edition,PSA 9,2026-07-31,846.00,USD,eBay,unknown,FALSE,,,2002 POKEMON NEO DESTINY 1ST EDITION #7 DARK HOUNDOOM-HOLO PSA 9 #7,https://www.ebay.es/itm/298520890733,PriceCharting
Neo Destiny,Dark Houndoom,7/105,1st Edition,PSA 9,2026-06-07,885.00,USD,eBay,unknown,FALSE,,,Pokemon Dark Houndoom Neo Destiny 1st Edition Holo Rare #7 PSA 9 Mint,https://www.ebay.es/itm/287361549365,PriceCharting
Neo Destiny,Dark Houndoom,7/105,1st Edition,PSA 9,2026-05-31,898.88,USD,eBay,unknown,FALSE,,,Pokemon Dark Houndoom Neo Destiny 1st Edition Holo Rare #7 PSA 9 Mint,https://www.ebay.es/itm/287344974408,PriceCharting
Neo Destiny,Dark Houndoom,7/105,1st Edition,PSA 9,2026-05-17,1050.00,USD,eBay,best offer,TRUE,1050.00,,2002 POKEMON NEO DESTINY 1ST EDITION #7 DARK HOUNDOOM-HOLO PSA 9 #7,https://www.ebay.es/itm/298275549251,PriceCharting
Neo Destiny,Dark Houndoom,7/105,1st Edition,PSA 9,2026-04-10,1025.00,USD,eBay,unknown,FALSE,,,2002 Pokemon PSA 9 1st Edition Dark Houndoom Holo - 7/105 Neo Destiny MINT 7/105,https://www.ebay.es/itm/377083318245,PriceCharting
Neo Destiny,Dark Houndoom,7/105,1st Edition,PSA 9,2026-03-20,1475.00,USD,eBay,unknown,FALSE,,,Pokemon Dark Houndoom Neo Destiny 1st Edition Holo Rare #7 PSA 9 Mint,https://www.ebay.es/itm/287215053735,PriceCharting
Neo Destiny,Dark Houndoom,7/105,1st Edition,PSA 9,2026-02-17,564.68,USD,eBay,best offer,TRUE,,,Dark Houndoom Holo Rare Pokemon Neo Destiny 1st Edition #7 PSA 9 MINT 2002,https://www.ebay.es/itm/396930926946,PriceCharting
Neo Destiny,Dark Houndoom,7/105,1st Edition,PSA 9,2026-02-08,549.99,USD,eBay,unknown,FALSE,,,PSA 9 Pokemon Neo Destiny 1st Edition Holo Rare Dark Houndoom 7/105 MINT!,https://www.ebay.es/itm/336295081444,PriceCharting
Neo Destiny,Dark Houndoom,7/105,1st Edition,PSA 9,2026-01-01,499.97,USD,eBay,unknown,FALSE,,,Pokemon 1st Edition Neo Destiny #7 Dark Houndoom Holo PSA 9 Card MINT Free Ship! #7,https://www.ebay.es/itm/157107513359,PriceCharting
Neo Destiny,Dark Houndoom,7/105,1st Edition,PSA 9,2025-12-27,549.99,USD,eBay,unknown,FALSE,,,Pokemon Dark Houndoom 1st Edition Holo 2002 Neo Destiny PSA 9 Mint 7/105,https://www.ebay.es/itm/127561439452,PriceCharting
Neo Destiny,Dark Houndoom,7/105,1st Edition,PSA 9,2025-12-06,500.00,USD,eBay,unknown,FALSE,,,Pokemon 1st Edition HOLO DARK HOUNDOOM 2002 Neo Destiny PSA 9 MINT,https://www.ebay.es/itm/177072647004,PriceCharting
Neo Destiny,Dark Houndoom,7/105,1st Edition,PSA 9,2025-11-29,494.99,USD,eBay,unknown,FALSE,,,2002 POKEMON NEO DESTINY 1ST ED #7 DARK HOUNDOOM-HOLO PSA 9 #7,https://www.ebay.es/itm/297798539804,PriceCharting
Neo Destiny,Dark Houndoom,7/105,1st Edition,PSA 9,2025-11-09,425.00,USD,eBay,unknown,FALSE,,,Pokemon Dark Houndoom Neo Destiny 1st Edition Holo Rare #7 PSA 9 Mint,https://www.ebay.es/itm/286742619808,PriceCharting
Neo Destiny,Dark Houndoom,7/105,1st Edition,PSA 9,2025-10-04,499.99,USD,eBay,unknown,FALSE,,,2002 Pokemon Neo Destiny #7 Dark Houndoom Holo 1st Edition PSA 9 MINT #7,https://www.ebay.es/itm/177348943301,PriceCharting
Neo Destiny,Dark Houndoom,7/105,1st Edition,PSA 9,2025-10-04,799.99,USD,eBay,unknown,FALSE,,,Pokemon PSA 9 1st Edition Neo Destiny Dark Houndoom Holo Rare (7/105) MINT,https://www.ebay.es/itm/154066352433,PriceCharting
Neo Destiny,Dark Houndoom,7/105,1st Edition,PSA 9,2025-08-01,323.26,USD,eBay,unknown,FALSE,,,2002 POKEMON NEO DESTINY 1ST EDITION #7/105 DARK HOUNDOOM HOLO PSA 9,https://www.ebay.es/itm/205632695412,PriceCharting
Neo Destiny,Dark Houndoom,7/105,1st Edition,PSA 9,2025-07-30,450.00,USD,eBay,unknown,FALSE,,,POKEMON NEO DESTINY 7 DARK HOUNDOOM-HOLO 1ST EDITION 2002 PSA 9 #7,https://www.ebay.es/itm/306420878098,PriceCharting
Neo Destiny,Dark Houndoom,7/105,1st Edition,PSA 9,2025-07-28,460.00,USD,eBay,unknown,FALSE,,,2002 Pokemon Neo Destiny 1st Edition Dark Houndoom #7 PSA 9,https://www.ebay.es/itm/396907478617,PriceCharting
Neo Destiny,Dark Houndoom,7/105,1st Edition,PSA 8,2026-09-22,799.00,USD,eBay,unknown,FALSE,,,2002 POKEMON NEO DESTINY 1ST EDITION #7 DARK HOUNDOOM-HOLO PSA 8 #8,https://www.ebay.es/itm/336739496377,PriceCharting
Neo Destiny,Dark Houndoom,7/105,1st Edition,PSA 8,2026-09-13,894.03,USD,eBay,unknown,FALSE,,,2002 POKEMON NEO DESTINY #7 DARK HOUNDOOM-HOLO 1ST EDITION PSA 8 #7,https://www.ebay.es/itm/307158161146,PriceCharting
Neo Destiny,Dark Houndoom,7/105,1st Edition,PSA 8,2026-08-19,479.00,USD,eBay,unknown,FALSE,,,2002 POKEMON NEO DESTINY 1ST EDITION #7 DARK HOUNDOOM-HOLO PSA 8 #7,https://www.ebay.es/itm/117350306788,PriceCharting
Neo Destiny,Dark Houndoom,7/105,1st Edition,PSA 8,2026-07-29,600.00,USD,eBay,unknown,FALSE,,,DARK HOUNDOOM HOLO 1ST EDITION PSA 8 NM-MT NEAR MINT 2002 POKEMON NEO DESTINY #7 #7,https://www.ebay.es/itm/287434469846,PriceCharting
Neo Destiny,Dark Houndoom,7/105,1st Edition,PSA 8,2026-05-29,510.00,USD,eBay,unknown,FALSE,,,2002 POKEMON NEO DESTINY 1ST EDITION #7 DARK HOUNDOOM-HOLO PSA 8 #7,https://www.ebay.es/itm/117204754541,PriceCharting
Neo Destiny,Dark Houndoom,7/105,1st Edition,PSA 8,2026-05-22,280.00,USD,eBay,best offer,TRUE,280.00,,PSA 8 Pokémon TCG Dark Houndoom 7/105 1st Edition Neo Destiny Holo Rare 7/105,https://www.ebay.es/itm/306464839538,PriceCharting
Neo Destiny,Dark Houndoom,7/105,1st Edition,PSA 8,2026-03-26,525.00,USD,eBay,unknown,FALSE,,,PSA 8 Pokémon TCG Dark Houndoom 7/105 1st Edition Neo Destiny Holo Rare 7/105,https://www.ebay.es/itm/137160865514,PriceCharting
Neo Destiny,Dark Houndoom,7/105,1st Edition,PSA 8,2025-12-30,320.00,USD,eBay,unknown,FALSE,,,Pokemon TCG Dark Houndoom 1st Edition Neo Destiny 7/105 Holo Rare PSA 8 7/105,https://www.ebay.es/itm/127591637043,PriceCharting
Neo Destiny,Dark Houndoom,7/105,1st Edition,PSA 8,2025-12-10,310.00,USD,eBay,best offer,TRUE,310.00,,PSA 8 Pokémon TCG Dark Houndoom 7/105 1st Edition Neo Destiny Holo Rare 7/105,https://www.ebay.es/itm/297804592251,PriceCharting
Neo Destiny,Dark Houndoom,7/105,1st Edition,PSA 8,2025-12-07,280.00,USD,eBay,unknown,FALSE,,,2002 Pokémon TCG Dark Houndoom 1st Edition Holo Neo Destiny PSA 8 7/105,https://www.ebay.es/itm/227110244272,PriceCharting
Neo Destiny,Dark Houndoom,7/105,1st Edition,PSA 8,2025-11-24,227.50,USD,eBay,unknown,FALSE,,,2002 POKEMON NEO DESTINY 1ST EDITION #7 DARK HOUNDOOM-HOLO PSA 8 #7,https://www.ebay.es/itm/306604805109,PriceCharting
Neo Destiny,Dark Houndoom,7/105,1st Edition,PSA 8,2025-11-10,266.00,USD,eBay,unknown,FALSE,,,Pokemon Dark Houndoom Neo Destiny 1st Edition Holo Rare #7 PSA 8,https://www.ebay.es/itm/286909476066,PriceCharting
Neo Destiny,Dark Houndoom,7/105,1st Edition,PSA 8,2025-10-24,280.00,USD,eBay,unknown,FALSE,,,2002 POKEMON NEO DESTINY 1ST EDITION #7 DARK HOUNDOOM-HOLO PSA 8 #7,https://www.ebay.es/itm/297686812310,PriceCharting
Neo Destiny,Dark Houndoom,7/105,1st Edition,PSA 8,2025-10-16,319.95,USD,eBay,unknown,FALSE,,,PSA 8 Pokémon TCG Dark Houndoom 7/105 1st Edition Neo Destiny Holo Rare 7/105,https://www.ebay.es/itm/357359073051,PriceCharting
Neo Destiny,Dark Houndoom,7/105,1st Edition,PSA 8,2025-09-02,305.00,USD,eBay,unknown,FALSE,,,PSA 8 Pokémon TCG Dark Houndoom 7/105 1st Edition Neo Destiny Holo Rare 7/105,https://www.ebay.es/itm/336148194789,PriceCharting
Neo Destiny,Dark Houndoom,7/105,1st Edition,PSA 8,2025-06-16,350.79,USD,eBay,unknown,FALSE,,,2002 Pokemon Neo Destiny Dark Houndoom Holo 1st Edition #7/105 PSA 8 7/105,https://www.ebay.es/itm/277190905332,PriceCharting
Neo Destiny,Dark Houndoom,7/105,1st Edition,PSA 8,2025-05-15,219.99,USD,eBay,unknown,FALSE,,,2002 Pokemon Neo Destiny Dark Houndoom Holo 1st Edition #7/105 PSA 8,https://www.ebay.es/itm/187225567843,PriceCharting
Neo Destiny,Dark Houndoom,7/105,1st Edition,PSA 8,2025-04-07,264.62,USD,eBay,unknown,FALSE,,,1st Edition Dark Houndoom 7/105 Neo Destiny Holo Rare Pokemon Card PSA 8,https://www.ebay.es/itm/405220363403,PriceCharting
Neo Destiny,Dark Houndoom,7/105,1st Edition,PSA 8,2025-03-17,191.50,USD,eBay,unknown,FALSE,,,Pokemon Dark Houndoom Neo Destiny 1st Edition Holo Rare #7 PSA 8,https://www.ebay.es/itm/286390939004,PriceCharting
Neo Destiny,Dark Houndoom,7/105,1st Edition,PSA 8,2025-03-10,175.00,USD,eBay,unknown,FALSE,,,2002 POKEMON NEO DESTINY HOLO #7 DARK HOUNDOOM PSA 8 1st edition #7,https://www.ebay.es/itm/256851608403,PriceCharting
Neo Destiny,Dark Houndoom,7/105,Unlimited,PSA 10,2026-09-29,6000.00,USD,eBay,best offer,TRUE,,,2002 POKEMON NEO DESTINY #7 DARK HOUNDOOM-HOLO PSA 10 #7,https://www.ebay.es/itm/298713268667,PriceCharting
Neo Destiny,Dark Houndoom,7/105,Unlimited,PSA 10,2026-09-28,5160,USD,Fanatics Collect,auction,FALSE,,51276675,,https://www.fanaticscollect.com/weekly/7e24580c-b2b2-11f1-8dd1-0affdeff6541,PSA APR
Neo Destiny,Dark Houndoom,7/105,Unlimited,PSA 10,2026-09-21,4320,USD,Fanatics Collect,auction,FALSE,,43691218,,https://www.fanaticscollect.com/weekly/72c5e436-9cd6-11f1-a891-0650edd76627,PSA APR
Neo Destiny,Dark Houndoom,7/105,Unlimited,PSA 10,2026-09-12,4000.00,USD,eBay,best offer,TRUE,4000.00,,Pokémon Dark Houndoom Neo Destiny Holo Rare PSA 10 7/105 English 2002 LOW POP 47 7/105,https://www.ebay.es/itm/236768820209,PriceCharting
Neo Destiny,Dark Houndoom,7/105,Unlimited,PSA 10,2026-06-14,3615.15,USD,eBay,unknown,FALSE,,,Pokemon Dark Houndoom Neo Destiny Unlimited Holo Rare #7 PSA 10 Gem Mint,https://www.ebay.es/itm/287379736860,PriceCharting
Neo Destiny,Dark Houndoom,7/105,Unlimited,PSA 10,2026-06-10,3504.5,USD,eBay,best offer,TRUE,,46522322,,https://www.ebay.com/itm/178188192644,PSA APR
Neo Destiny,Dark Houndoom,7/105,Unlimited,PSA 10,2026-06-01,3219.00,USD,eBay,unknown,FALSE,,,Pokemon Dark Houndoom Neo Destiny Unlimited Holo Rare #7 PSA 10 Gem Mint,https://www.ebay.es/itm/287347685776,PriceCharting
Neo Destiny,Dark Houndoom,7/105,Unlimited,PSA 10,2026-05-19,4850.00,USD,eBay,best offer,TRUE,4850.00,,2002 POKEMON NEO DESTINY #7 DARK HOUNDOOM-HOLO PSA 10 #7,https://www.ebay.es/itm/298331552989,PriceCharting
Neo Destiny,Dark Houndoom,7/105,Unlimited,PSA 10,2026-05-04,3550,USD,eBay,auction,FALSE,,45769038,,https://www.ebay.com/itm/287292205863,PSA APR
Neo Destiny,Dark Houndoom,7/105,Unlimited,PSA 10,2026-04-19,3850,USD,eBay,auction,FALSE,,45769038,,https://www.ebay.com/itm/287265069084,PSA APR
Neo Destiny,Dark Houndoom,7/105,Unlimited,PSA 10,2026-04-09,4750.00,USD,eBay,best offer,TRUE,4750.00,,PSA 10 GEM MINT Dark Houndoom 7/105 HOLO Neo Destiny RARE Pokemon Card,https://www.ebay.es/itm/267618579841,PriceCharting
Neo Destiny,Dark Houndoom,7/105,Unlimited,PSA 10,2026-04-05,3100.00,USD,eBay,unknown,FALSE,,,Pokemon Dark Houndoom Neo Destiny Unlimited Holo Rare #7 PSA 10 Gem Mint,https://www.ebay.es/itm/287233337026,PriceCharting
Neo Destiny,Dark Houndoom,7/105,Unlimited,PSA 10,2026-02-20,2150.00,USD,eBay,unknown,FALSE,,,Pokemon Dark Houndoom Neo Destiny Unlimited Holo Rare #7 PSA 10 Gem Mint,https://www.ebay.es/itm/286779194371,PriceCharting
Neo Destiny,Dark Houndoom,7/105,Unlimited,PSA 10,2026-01-21,1474.77,USD,eBay,unknown,FALSE,,,Pokemon Dark Houndoom Neo Destiny Unlimited Holo Rare #7 PSA 10 Gem Mint #7,https://www.ebay.es/itm/366134007104,PriceCharting
Neo Destiny,Dark Houndoom,7/105,Unlimited,PSA 10,2026-01-02,1500.00,USD,eBay,best offer,TRUE,,,Pokemon Dark Houndoom Neo Destiny Unlimited Holo Rare #7 PSA 10 Gem Mint SWIRL #7,https://www.ebay.es/itm/127547642088,PriceCharting
Neo Destiny,Dark Houndoom,7/105,Unlimited,PSA 10,2025-09-26,1000,USD,Fanatics Collect,best offer,TRUE,,28764380,,https://www.fanaticscollect.com/fixed/bea8f4a4-98e7-11f0-af01-0a58a9feac02,PSA APR
Neo Destiny,Dark Houndoom,7/105,Unlimited,PSA 10,2025-05-24,849.95,USD,eBay,unknown,FALSE,,,Pokemon - 2002 Dark Houndoom - Holo - Neo Destiny 7/105 PSA 10 GEM MINT 7/105,https://www.ebay.es/itm/285325015324,PriceCharting
Neo Destiny,Dark Houndoom,7/105,Unlimited,PSA 10,2025-05-05,492,USD,Fanatics Collect,auction,FALSE,,54419660,,https://www.fanaticscollect.com/weekly/7806d2f0-2222-11f0-9d03-0a58a9feac02,PSA APR
Neo Destiny,Dark Houndoom,7/105,Unlimited,PSA 10,2025-04-13,440.41,USD,eBay,best offer,TRUE,,27239206,,https://www.ebay.com/itm/326493845288,PSA APR
Neo Destiny,Dark Houndoom,7/105,Unlimited,PSA 10,2025-04-04,406.00,USD,eBay,unknown,FALSE,,,2002 Pokemon Neo Destiny RARE Foil #7 Dark Houndoom HOLO PSA 10 GEM MINT,https://www.ebay.es/itm/376102255254,PriceCharting
Neo Destiny,Dark Houndoom,7/105,Unlimited,PSA 10,2025-03-31,674.16,USD,eBay,unknown,FALSE,,,Pokemon 2002 Dark Houndoom Holo Neo Destiny 7/105 PSA 10 GEM MINT Graded Card,https://www.ebay.es/itm/156780882524,PriceCharting
Neo Destiny,Dark Houndoom,7/105,Unlimited,PSA 10,2025-03-03,699.99,USD,eBay,unknown,FALSE,,,Pokemon 2002 Dark Houndoom Holo Neo Destiny 7/105 PSA 10 GEM MINT Graded Card 7/105,https://www.ebay.es/itm/267031477785,PriceCharting
Neo Destiny,Dark Houndoom,7/105,Unlimited,PSA 10,2025-02-14,489.22,USD,Goldin Auctions,auction,FALSE,,43691218,,https://goldin.co/item/2002-pokemon-neo-destiny-holographic-rare-7-dark-houndoom-psa-gem-mt-1al8co,PSA APR
Neo Destiny,Dark Houndoom,7/105,Unlimited,PSA 10,2025-02-10,460.00,USD,eBay,unknown,FALSE,,,Pokemon Dark Houndoom Neo Destiny Unlimited Holo Rare #7 PSA 10 Gem Mint,https://www.ebay.es/itm/286294260432,PriceCharting
Neo Destiny,Dark Houndoom,7/105,Unlimited,PSA 10,2025-02-03,457.00,USD,eBay,unknown,FALSE,,,Pokemon Dark Houndoom Neo Destiny Unlimited Holo Rare #7 PSA 10 Gem Mint,https://www.ebay.es/itm/286282545889,PriceCharting
Neo Destiny,Dark Houndoom,7/105,Unlimited,PSA 10,2024-08-11,415.07,USD,eBay,unknown,FALSE,,,Pokemon Dark Houndoom Neo Destiny Unlimited PSA 10 2002,https://www.ebay.es/itm/256598390933,PriceCharting
Neo Destiny,Dark Houndoom,7/105,Unlimited,PSA 10,2024-07-29,291.00,USD,eBay,unknown,FALSE,,,PSA 10 GEM MINT Dark Houndoom 7/105 HOLO RARE Neo Destiny Pokemon Card CS6-028,https://www.ebay.es/itm/276557341841,PriceCharting
Neo Destiny,Dark Houndoom,7/105,Unlimited,PSA 10,2024-06-22,349.99,USD,eBay,unknown,FALSE,,,2002 Pokemon PSA 10 Dark Houndoom Holo - 7/105 Neo Destiny GEM MINT 7/105,https://www.ebay.es/itm/335434823013,PriceCharting
Neo Destiny,Dark Houndoom,7/105,Unlimited,PSA 10,2024-05-30,300.00,USD,eBay,unknown,FALSE,,,Dark Houndoom 7/105 Pokemon 2002 Neo Destiny #7 - Holo PSA 10 GM MINT 7/105,https://www.ebay.es/itm/204779598042,PriceCharting
Neo Destiny,Dark Houndoom,7/105,Unlimited,PSA 10,2024-05-21,355.00,USD,eBay,unknown,FALSE,,,2002 Pokemon Neo Destiny #7 Dark Houndoom Holo PSA 10 GEM MINT,https://www.ebay.es/itm/364891357548,PriceCharting
Neo Destiny,Dark Houndoom,7/105,Unlimited,PSA 10,2024-05-06,278.00,USD,eBay,unknown,FALSE,,,2002 Pokemon Neo Destiny #7 Dark Houndoom Holo PSA 10 GEM MINT,https://www.ebay.es/itm/364865543204,PriceCharting
Neo Destiny,Dark Houndoom,7/105,Unlimited,PSA 10,2024-04-12,355.00,USD,eBay,unknown,FALSE,,,2002 Pokemon Neo Destiny #7 Dark Houndoom Holo PSA 10 GEM MINT,https://www.ebay.es/itm/375352639786,PriceCharting
Neo Destiny,Dark Houndoom,7/105,Unlimited,PSA 9,2026-09-27,702.29,USD,eBay,unknown,FALSE,,,Dark Houndoom 7/15 - Neo Destiny *PSA 9 - MINT* Holo Pokemon Card *W/ SWIRL* #7,https://www.ebay.es/itm/257611403785,PriceCharting
Neo Destiny,Dark Houndoom,7/105,Unlimited,PSA 9,2026-09-23,494.41,USD,eBay,unknown,FALSE,,,PSA 9 Dark Houndoom Holo MINT #7 Neo Destiny Pokemon 155219885 Fresh Slab SWIRL #7,https://www.ebay.es/itm/117426077166,PriceCharting
Neo Destiny,Dark Houndoom,7/105,Unlimited,PSA 9,2026-09-21,371.00,USD,eBay,unknown,FALSE,,,2002 POKEMON NEO DESTINY #7 DARK HOUNDOOM-HOLO PSA 9 #7,https://www.ebay.es/itm/117402964683,PriceCharting
Neo Destiny,Dark Houndoom,7/105,Unlimited,PSA 9,2026-08-17,363.00,USD,eBay,unknown,FALSE,,,Pokemon Dark Houndoom Holo Neo Destiny Unlimited 7/105 PSA 9 Mint 7/105,https://www.ebay.es/itm/287511103693,PriceCharting
Neo Destiny,Dark Houndoom,7/105,Unlimited,PSA 9,2026-06-12,304.00,USD,eBay,unknown,FALSE,,,2002 POKEMON TCG NEO DESTINY UNLIMITED DARK HOUNDOOM 7/105 HOLO RARE PSA 9 MINT 7/105,https://www.ebay.es/itm/358621926213,PriceCharting
Neo Destiny,Dark Houndoom,7/105,Unlimited,PSA 9,2026-04-19,250.00,USD,eBay,unknown,FALSE,,,2002 Pokemon Neo Destiny Dark Houndoom Holo #7/105 PSA 9,https://www.ebay.es/itm/377111028849,PriceCharting
Neo Destiny,Dark Houndoom,7/105,Unlimited,PSA 9,2025-12-16,127.50,USD,eBay,unknown,FALSE,,,2002 POKEMON NEO DESTINY #7 DARK HOUNDOOM-HOLO PSA 9 #7,https://www.ebay.es/itm/306647453854,PriceCharting
Neo Destiny,Dark Houndoom,7/105,Unlimited,PSA 9,2025-12-14,165.00,USD,eBay,best offer,TRUE,165.00,,Pokémon Neo Destiny Dark Houndoom Holo Rare PSA 9 Mint,https://www.ebay.es/itm/277553409860,PriceCharting
Neo Destiny,Dark Houndoom,7/105,Unlimited,PSA 9,2025-11-16,177.50,USD,eBay,unknown,FALSE,,,2002 POKEMON NEO DESTINY #7 DARK HOUNDOOM-HOLO PSA 9 #7,https://www.ebay.es/itm/297744465497,PriceCharting
Neo Destiny,Dark Houndoom,7/105,Unlimited,PSA 9,2025-11-06,250.00,USD,eBay,unknown,FALSE,,,Dark Houndoom 7/105 Neo Destiny Holo PSA 9 Mint WOTC Pokemon Card Vintage 2002 7/105,https://www.ebay.es/itm/116865775384,PriceCharting
Neo Destiny,Dark Houndoom,7/105,Unlimited,PSA 9,2025-09-06,99.96,USD,eBay,unknown,FALSE,,,Pokemon | Dark Houndoom Neo Destiny No. 229 Holo 2001 | PSA 9,https://www.ebay.es/itm/297560493776,PriceCharting
Neo Destiny,Dark Houndoom,7/105,Unlimited,PSA 9,2025-07-27,174.99,USD,eBay,unknown,FALSE,,,2002 Pokémon Neo Destiny Dark Houndoom Holo PSA 9,https://www.ebay.es/itm/177293295316,PriceCharting
Neo Destiny,Dark Houndoom,7/105,Unlimited,PSA 9,2025-07-10,197.63,USD,eBay,unknown,FALSE,,,Dark Houndoom 7/105 - PSA 9 - Neo Destiny - Pokemon Card - NM,https://www.ebay.es/itm/197391719172,PriceCharting
Neo Destiny,Dark Houndoom,7/105,Unlimited,PSA 9,2025-07-09,155.00,USD,eBay,unknown,FALSE,,,Pokemon Neo Destiny 2002 Dark Houndoom Holo Card #7 Unlimited Rare PSA 9 7/105,https://www.ebay.es/itm/406024291013,PriceCharting
Neo Destiny,Dark Houndoom,7/105,Unlimited,PSA 9,2025-05-13,155.00,USD,eBay,unknown,FALSE,,,Pokemon Dark Houndoom Neo Destiny Unlimited Holo Rare #7 PSA 9 Mint #7,https://www.ebay.es/itm/167416075645,PriceCharting
Neo Destiny,Dark Houndoom,7/105,Unlimited,PSA 9,2025-03-27,124.12,USD,eBay,unknown,FALSE,,,Dark Houndoom 7/105 2002 Neo Destiny Pokemon PSA 9 MINT,https://www.ebay.es/itm/256797110530,PriceCharting
Neo Destiny,Dark Houndoom,7/105,Unlimited,PSA 9,2025-03-14,145.00,USD,eBay,unknown,FALSE,,,Pokemon Dark Houndoom Neo Destiny Unlimited Holo Rare #7 PSA 9 Mint,https://www.ebay.es/itm/176912127980,PriceCharting
Neo Destiny,Dark Houndoom,7/105,Unlimited,PSA 9,2025-03-03,150.26,USD,eBay,unknown,FALSE,,,Pokemon Dark Houndoom Neo Destiny Unlimited Holo Rare #7 PSA 9 Mint,https://www.ebay.es/itm/286349681499,PriceCharting
Neo Destiny,Dark Houndoom,7/105,Unlimited,PSA 9,2025-02-23,152.00,USD,eBay,unknown,FALSE,,,2002 POKEMON NEO DESTINY HOLO #7 DARK HOUNDOOM PSA 9 #7,https://www.ebay.es/itm/306113062991,PriceCharting
Neo Destiny,Dark Houndoom,7/105,Unlimited,PSA 9,2025-02-18,135.00,USD,eBay,unknown,FALSE,,,Pokémon Dark Houndoom Neo Destiny 7/105 PSA 9 7/105,https://www.ebay.es/itm/316160509098,PriceCharting
Neo Destiny,Dark Houndoom,7/105,Unlimited,PSA 8,2026-09-23,342.28,USD,eBay,unknown,FALSE,,,🌀 🌀 SWIRL 🌀 🌀 2002 Pokémon Neo Destiny Dark Houndoom #7/105 Holo PSA 8 7/105,https://www.ebay.es/itm/158324270215,PriceCharting
Neo Destiny,Dark Houndoom,7/105,Unlimited,PSA 8,2026-09-18,300.00,USD,eBay,unknown,FALSE,,,2002 Pokemon Neo Destiny Dark Houndoom Holo PSA 8 7/105 #7,https://www.ebay.es/itm/287545873752,PriceCharting
Neo Destiny,Dark Houndoom,7/105,Unlimited,PSA 8,2026-09-03,350.00,USD,eBay,unknown,FALSE,,,2002 Pokemon Neo Destiny Dark Houndoom 7/105 Holo Unlimited English PSA 8 7/105,https://www.ebay.es/itm/327332592185,PriceCharting
Neo Destiny,Dark Houndoom,7/105,Unlimited,PSA 8,2026-08-18,279.00,USD,eBay,unknown,FALSE,,,2002 POKEMON NEO DESTINY #7 DARK HOUNDOOM-HOLO PSA 8 #7,https://www.ebay.es/itm/237010629405,PriceCharting
Neo Destiny,Dark Houndoom,7/105,Unlimited,PSA 8,2026-07-01,230.00,USD,eBay,best offer,TRUE,230.00,,2002 POKEMON NEO DESTINY #7 DARK HOUNDOOM-HOLO PSA 8 #7,https://www.ebay.es/itm/298463519995,PriceCharting
Neo Destiny,Dark Houndoom,7/105,Unlimited,PSA 8,2026-06-28,212.50,USD,eBay,unknown,FALSE,,,Dark Houndoom Holo Pokemon Neo Destiny PSA 8 2002,https://www.ebay.es/itm/318470150149,PriceCharting
Neo Destiny,Dark Houndoom,7/105,Unlimited,PSA 8,2026-06-15,227.50,USD,eBay,unknown,FALSE,,,2002 POKEMON NEO DESTINY #7 DARK HOUNDOOM-HOLO PSA 8 #7,https://www.ebay.es/itm/298370152399,PriceCharting
Neo Destiny,Dark Houndoom,7/105,Unlimited,PSA 8,2026-06-06,250.00,USD,eBay,unknown,FALSE,,,2002 POKEMON NEO DESTINY #7 DARK HOUNDOOM-HOLO PSA 8 #7,https://www.ebay.es/itm/117234313065,PriceCharting
Neo Destiny,Dark Houndoom,7/105,Unlimited,PSA 8,2026-05-15,200.00,USD,eBay,best offer,TRUE,200.00,,2002 POKEMON NEO DESTINY #7 DARK HOUNDOOM-HOLO PSA 8 #7,https://www.ebay.es/itm/188385993716,PriceCharting
Neo Destiny,Dark Houndoom,7/105,Unlimited,PSA 8,2026-05-06,240.00,USD,eBay,unknown,FALSE,,,2002 Pokemon Neo Destiny Dark Houndoom Holo PSA 8 #7/105 7/105,https://www.ebay.es/itm/178105891766,PriceCharting
Neo Destiny,Dark Houndoom,7/105,Unlimited,PSA 8,2026-04-24,229.99,USD,eBay,best offer,TRUE,229.99,,2002 POKEMON NEO DESTINY #7 DARK HOUNDOOM-HOLO PSA 8 #7,https://www.ebay.es/itm/298043695365,PriceCharting
Neo Destiny,Dark Houndoom,7/105,Unlimited,PSA 8,2026-04-04,175.00,USD,eBay,unknown,FALSE,,,2002 POKEMON NEO DESTINY #7 DARK HOUNDOOM-HOLO PSA 8 WITH GUARD #7,https://www.ebay.es/itm/376842174425,PriceCharting
Neo Destiny,Dark Houndoom,7/105,Unlimited,PSA 8,2026-04-04,175.00,USD,eBay,unknown,FALSE,,,2002 Pokemon Neo Destiny #7 Dark Houndoom Holo PSA 8 #7,https://www.ebay.es/itm/376935151569,PriceCharting
Neo Destiny,Dark Houndoom,7/105,Unlimited,PSA 8,2026-03-22,155.00,USD,eBay,best offer,TRUE,155.00,,PSA 8 Dark Houndoom Holo 7/105 • Neo Destiny Pokémon 2000 #7,https://www.ebay.es/itm/397740434903,PriceCharting
Neo Destiny,Dark Houndoom,7/105,Unlimited,PSA 8,2026-03-12,160.00,USD,eBay,best offer,TRUE,160.00,,2002 POKEMON NEO DESTINY #7 DARK HOUNDOOM-HOLO PSA 8 #7,https://www.ebay.es/itm/198164659947,PriceCharting
Neo Destiny,Dark Houndoom,7/105,Unlimited,PSA 8,2026-03-12,160.00,USD,eBay,best offer,TRUE,160.00,,2002 Pokemon Dark Houndoom 7/105 Neo Destiny Rare Holo PSA 8 NM-MINT 7/105,https://www.ebay.es/itm/267587183964,PriceCharting
Neo Destiny,Dark Houndoom,7/105,Unlimited,PSA 8,2026-02-13,135.00,USD,eBay,unknown,FALSE,,,Pokémon Neo Destiny Dark Houndoom 7/105 Holo Swirl Rare PSA 8 2002 English 7/105,https://www.ebay.es/itm/397565166030,PriceCharting
Neo Destiny,Dark Houndoom,7/105,Unlimited,PSA 8,2026-02-11,131.50,USD,eBay,unknown,FALSE,,,2002 Pokemon Dark Houndoom Neo Destiny Holo #7 PSA 8 7/105,https://www.ebay.es/itm/168127790944,PriceCharting
Neo Destiny,Dark Houndoom,7/105,Unlimited,PSA 8,2026-02-02,140.00,USD,eBay,best offer,TRUE,,,PSA 8 Dark Houndoom 7/105 Neo Destiny 2002 Holo Rare Pokémon TCG 7/105,https://www.ebay.es/itm/297957465451,PriceCharting
Neo Destiny,Dark Houndoom,7/105,Unlimited,PSA 8,2026-01-15,135.50,USD,eBay,unknown,FALSE,,,2002 Pokemon Dark Houndoom Neo Destiny Holo #7 PSA 8 #7,https://www.ebay.es/itm/389467402245,PriceCharting
Neo Destiny,Dark Porygon2,8/105,1st Edition,PSA 10,2026-09-24,10000.00,USD,eBay,unknown,FALSE,,,2002 POKEMON NEO DESTINY 1ST EDITION #8 DARK PORYGON2-HOLO PSA 10 #8,https://www.ebay.es/itm/117429687858,PriceCharting
Neo Destiny,Dark Porygon2,8/105,1st Edition,PSA 10,2026-09-19,9100,USD,eBay,BIN,FALSE,,42024021,,https://www.ebay.com/itm/188369015792,PSA APR
Neo Destiny,Dark Porygon2,8/105,1st Edition,PSA 10,2026-09-19,8275,USD,eBay,BIN,FALSE,,41314896,,https://www.ebay.com/itm/287215053728,PSA APR
Neo Destiny,Dark Porygon2,8/105,1st Edition,PSA 10,2026-09-18,6185.00,USD,eBay,unknown,FALSE,,,2002 POKEMON NEO DESTINY 1ST EDITION #8 DARK PORYGON2-HOLO PSA 10 #8,https://www.ebay.es/itm/117205453449,PriceCharting
Neo Destiny,Dark Porygon2,8/105,1st Edition,PSA 10,2026-09-18,8000,USD,eBay,best offer,TRUE,,27672235,,https://www.ebay.com/itm/168695511076,PSA APR
Neo Destiny,Dark Porygon2,8/105,1st Edition,PSA 10,2026-09-18,7999.99,USD,eBay,BIN,FALSE,,42265902,,https://www.ebay.com/itm/278246832857,PSA APR
Neo Destiny,Dark Porygon2,8/105,1st Edition,PSA 10,2026-07-30,4053.00,USD,eBay,unknown,FALSE,,,2002 POKEMON NEO DESTINY 1ST EDITION #8 DARK PORYGON2-HOLO PSA 10 #8,https://www.ebay.es/itm/298523434368,PriceCharting
Neo Destiny,Dark Porygon2,8/105,1st Edition,PSA 10,2026-07-11,6000,USD,Fanatics Collect,best offer,TRUE,,29047064,,https://www.fanaticscollect.com/buy-now/e2502a7d-fcdc-4085-96d4-336b040415da,PSA APR
Neo Destiny,Dark Porygon2,8/105,1st Edition,PSA 10,2026-07-05,5550.00,USD,eBay,unknown,FALSE,,,Pokemon Dark Porygon2 Holo Neo Destiny 8/105 1st Edition PSA 10 8/105,https://www.ebay.es/itm/287424632006,PriceCharting
Neo Destiny,Dark Porygon2,8/105,1st Edition,PSA 10,2026-06-15,5422.00,USD,eBay,unknown,FALSE,,,2002 POKEMON NEO DESTINY 1ST EDITION #8 DARK PORYGON2-HOLO PSA 10 #8,https://www.ebay.es/itm/298387959479,PriceCharting
Neo Destiny,Dark Porygon2,8/105,1st Edition,PSA 10,2026-06-02,5452.00,USD,eBay,unknown,FALSE,,,2002 POKEMON NEO DESTINY 1ST EDITION #8 DARK PORYGON2-HOLO PSA 10 #8,https://www.ebay.es/itm/117213690160,PriceCharting
Neo Destiny,Dark Porygon2,8/105,1st Edition,PSA 10,2026-05-15,6200.00,USD,eBay,unknown,FALSE,,,Pokemon Dark Porygon2 Neo Destiny 1st Edition Holo Rare #8 PSA 10 Gem Mint,https://www.ebay.es/itm/287235318577,PriceCharting
Neo Destiny,Dark Porygon2,8/105,1st Edition,PSA 10,2026-05-11,7320,USD,Goldin Auctions,auction,FALSE,,48571793,,https://goldin.co/item/2002-pokemon-neo-destiny-1st-edition-holo-8-dark-porygon2-psa-gem-mt-1kpkxg,PSA APR
Neo Destiny,Dark Porygon2,8/105,1st Edition,PSA 10,2026-04-20,5280,USD,Fanatics Collect,auction,FALSE,,20993522,,https://www.fanaticscollect.com/weekly/5015f2f0-32af-11f1-91ad-0a58a9feac02,PSA APR
Neo Destiny,Dark Porygon2,8/105,1st Edition,PSA 10,2026-04-06,5520,USD,Fanatics Collect,auction,FALSE,,41579335,,https://www.fanaticscollect.com/weekly/dcf4ed80-1eef-11f1-b48f-0a58a9feac02,PSA APR
Neo Destiny,Dark Porygon2,8/105,1st Edition,PSA 10,2026-04-06,5400,USD,Fanatics Collect,auction,FALSE,,43130354,,https://www.fanaticscollect.com/weekly/fb011420-1733-11f1-9a1f-0a58a9feac02,PSA APR
Neo Destiny,Dark Porygon2,8/105,1st Edition,PSA 10,2026-03-13,5800.00,USD,eBay,best offer,TRUE,,,2002 POKEMON NEO DESTINY 1ST ED #8 DARK PORYGON2-HOLO PSA 10 #8,https://www.ebay.es/itm/406739643637,PriceCharting
Neo Destiny,Dark Porygon2,8/105,1st Edition,PSA 10,2026-03-05,7000.00,USD,eBay,best offer,TRUE,7000.00,,2002 POKEMON NEO DESTINY 1ST ED #8 DARK PORYGON2-HOLO PSA 10 #8,https://www.ebay.es/itm/298089897183,PriceCharting
Neo Destiny,Dark Porygon2,8/105,1st Edition,PSA 10,2026-02-09,3050,USD,eBay,auction,FALSE,,28814374,,https://www.ebay.com/itm/389551314158,PSA APR
Neo Destiny,Dark Porygon2,8/105,1st Edition,PSA 10,2026-02-05,1750.00,USD,eBay,unknown,FALSE,,,Pokemon PSA 10 1ST EDITION NEO DESTINY DARK PORYGON2 8/105 - GEM MINT 8/105,https://www.ebay.es/itm/177554392495,PriceCharting
Neo Destiny,Dark Porygon2,8/105,1st Edition,PSA 10,2025-12-08,1850.00,USD,eBay,unknown,FALSE,,,Pokemon Dark Porygon2 Neo Destiny 1st Edition Holo Rare #8 PSA 10 Gem Mint,https://www.ebay.es/itm/286976087272,PriceCharting
Neo Destiny,Dark Porygon2,8/105,1st Edition,PSA 10,2025-11-10,1625.00,USD,eBay,unknown,FALSE,,,2002 POKEMON NEO DESTINY 1ST EDITION #8 DARK PORYGON2-HOLO PSA 10 #8,https://www.ebay.es/itm/306579574234,PriceCharting
Neo Destiny,Dark Porygon2,8/105,1st Edition,PSA 10,2025-10-26,1050,USD,eBay,auction,FALSE,,51608663,,https://www.ebay.com/itm/336241270430,PSA APR
Neo Destiny,Dark Porygon2,8/105,1st Edition,PSA 10,2025-10-06,1230,USD,Fanatics Collect,auction,FALSE,,41579335,,https://www.fanaticscollect.com/weekly/81bf9b24-9801-11f0-8ff3-02d93b7d50ab,PSA APR
Neo Destiny,Dark Porygon2,8/105,1st Edition,PSA 10,2025-07-11,681.69,USD,eBay,unknown,FALSE,,,PSA 10 1st Edition Dark Porygon2 8/105 - Neo Destiny WOTC Pokemon Card 8/105,https://www.ebay.es/itm/296742233248,PriceCharting
Neo Destiny,Dark Porygon2,8/105,1st Edition,PSA 10,2025-07-05,1200.00,USD,eBay,unknown,FALSE,,,Pokemon Dark Porygon2 Neo Destiny 1st Edition Holo Rare #8 PSA 10 Gem Mint,https://www.ebay.es/itm/286574000633,PriceCharting
Neo Destiny,Dark Porygon2,8/105,1st Edition,PSA 10,2025-04-04,710.00,USD,eBay,unknown,FALSE,,,2002 Pokemon Neo Destiny 1st Edition RARE #8 Dark Porygon2 HOLO PSA 10 GEM MINT,https://www.ebay.es/itm/376102255237,PriceCharting
Neo Destiny,Dark Porygon2,8/105,1st Edition,PSA 10,2025-03-30,850,USD,Fanatics Collect,BIN,FALSE,,51608663,,https://www.fanaticscollect.com/fixed/bdfc21a2-f941-11ef-9422-0aafc359588f,PSA APR
Neo Destiny,Dark Porygon2,8/105,1st Edition,PSA 10,2025-03-19,979.99,USD,eBay,unknown,FALSE,,,Pokemon 2002 Neo Destiny #8 DARK PORYGON2 1st Edition Holo PSA 10 GEM MT LOW POP #8,https://www.ebay.es/itm/335826577306,PriceCharting
Neo Destiny,Dark Porygon2,8/105,1st Edition,PSA 10,2025-02-09,1050,USD,eBay,BIN,FALSE,,42482065,,https://www.ebay.com/itm/144157103760,PSA APR
Neo Destiny,Dark Porygon2,8/105,1st Edition,PSA 10,2024-08-11,441.29,USD,eBay,unknown,FALSE,,,Pokemon Neo Destiny 1st. Edition Dark Porygon2 Holo PSA 10 Gem Mint - WOTC 2002,https://www.ebay.es/itm/276579612739,PriceCharting
Neo Destiny,Dark Porygon2,8/105,1st Edition,PSA 10,2024-03-23,541.00,USD,eBay,unknown,FALSE,,,Pokemon Neo Destiny Dark Porygon2 [1st Edition] #8 PSA 10 #8,https://www.ebay.es/itm/315220077123,PriceCharting
Neo Destiny,Dark Porygon2,8/105,1st Edition,PSA 10,2024-02-01,542.89,USD,eBay,unknown,FALSE,,,Pokemon - PSA 10 1st Edition Neo Destiny Dark Porygon2 - Holo #8/105 #8,https://www.ebay.es/itm/235389238800,PriceCharting
Neo Destiny,Dark Porygon2,8/105,1st Edition,PSA 10,2023-11-22,360.00,USD,eBay,unknown,FALSE,,,2002 Pokemon Neo Destiny 1st Edition #8 Dark Porygon2 - Holo PSA 10 GEM MINT,https://www.ebay.es/itm/386283736974,PriceCharting
Neo Destiny,Dark Porygon2,8/105,1st Edition,PSA 10,2023-11-03,481.61,USD,eBay,unknown,FALSE,,,Pokemon - PSA 10 1st Edition Neo Destiny Dark Porygon2 - Holo #8/105 #8,https://www.ebay.es/itm/235229463539,PriceCharting
Neo Destiny,Dark Porygon2,8/105,1st Edition,PSA 10,2023-10-09,455,USD,eBay,auction,FALSE,,40987067,,https://www.ebay.com/itm/256236318663,PSA APR
Neo Destiny,Dark Porygon2,8/105,1st Edition,PSA 9,2026-09-10,599.00,USD,eBay,unknown,FALSE,,,Wizards Pokemon TCG Dark Porygon2 8/105 Neo Destiny Holo Rare 1st Ed PSA 9 8/105,https://www.ebay.es/itm/257583243748,PriceCharting
Neo Destiny,Dark Porygon2,8/105,1st Edition,PSA 9,2026-08-16,495.00,USD,eBay,unknown,FALSE,,,Pokemon Dark Porygon2 Holo Neo Destiny 8/105 1st Edition PSA 9 Mint 8/105,https://www.ebay.es/itm/287511104799,PriceCharting
Neo Destiny,Dark Porygon2,8/105,1st Edition,PSA 9,2026-08-10,482.20,USD,eBay,best offer,TRUE,472.43,,2002 Pokémon Neo Destiny #8 Dark Porygon2 – Holo – 1st Edition – PSA 9 MINT 8/105,https://www.ebay.es/itm/257672679813,PriceCharting
Neo Destiny,Dark Porygon2,8/105,1st Edition,PSA 9,2026-06-08,595.00,USD,eBay,best offer,TRUE,,,2002 POKEMON NEO DESTINY 1ST ED #8 DARK PORYGON2-HOLO PSA 9 MASSIVE SWIRL #8,https://www.ebay.es/itm/287296966245,PriceCharting
Neo Destiny,Dark Porygon2,8/105,1st Edition,PSA 9,2026-06-06,560.00,USD,eBay,unknown,FALSE,,,2002 POKEMON NEO DESTINY 1ST ED #8 DARK PORYGON2-HOLO PSA 9 SWIRL #8,https://www.ebay.es/itm/168281904722,PriceCharting
Neo Destiny,Dark Porygon2,8/105,1st Edition,PSA 9,2026-06-03,540.00,USD,eBay,best offer,TRUE,540.00,,2002 POKEMON NEO DESTINY 1ST EDITION #8 DARK PORYGON2-HOLO PSA 9 #8,https://www.ebay.es/itm/298310186639,PriceCharting
Neo Destiny,Dark Porygon2,8/105,1st Edition,PSA 9,2026-05-29,501.28,USD,eBay,best offer,TRUE,494.12,,Dark Porygon2 Holo 8/105 Pokemon 2002 Neo Destiny 1st Edition WOTC PSA 9 8/105,https://www.ebay.es/itm/298336210358,PriceCharting
Neo Destiny,Dark Porygon2,8/105,1st Edition,PSA 9,2026-04-20,404.00,USD,eBay,unknown,FALSE,,,Pokemon Dark Porygon2 Neo Destiny 1st Edition Holo Rare #8 PSA 9 Mint,https://www.ebay.es/itm/287264961113,PriceCharting
Neo Destiny,Dark Porygon2,8/105,1st Edition,PSA 9,2026-03-30,750.00,USD,eBay,best offer,TRUE,750.00,,2002 POKEMON NEO DESTINY 1ST ED #8 DARK PORYGON2-HOLO PSA 9 #8,https://www.ebay.es/itm/117115163568,PriceCharting
Neo Destiny,Dark Porygon2,8/105,1st Edition,PSA 9,2026-02-18,510.00,USD,eBay,unknown,FALSE,,,2002 POKEMON NEO DESTINY 1ST ED #8 DARK PORYGON2-HOLO PSA 9 #8,https://www.ebay.es/itm/298017483692,PriceCharting
Neo Destiny,Dark Porygon2,8/105,1st Edition,PSA 9,2026-02-08,186.47,USD,eBay,unknown,FALSE,,,Dark Porygon2 Holo 1st Edition Neo Destiny PSA 9 #8 Pokemon 2002,https://www.ebay.es/itm/137019423661,PriceCharting
Neo Destiny,Dark Porygon2,8/105,1st Edition,PSA 9,2026-02-01,600.00,USD,eBay,best offer,TRUE,600.00,,2002 POKEMON NEO DESTINY 1ST ED #8 DARK PORYGON2-HOLO PSA 9 #8,https://www.ebay.es/itm/306704588419,PriceCharting
Neo Destiny,Dark Porygon2,8/105,1st Edition,PSA 9,2025-12-25,198.65,USD,eBay,unknown,FALSE,,,VINTAGE POKEMON 1ST EDITION #8 DARK PORYGON2-HOLO PSA 9 NEO DESTINY #8,https://www.ebay.es/itm/205930587974,PriceCharting
Neo Destiny,Dark Porygon2,8/105,1st Edition,PSA 9,2025-11-03,305.00,USD,eBay,unknown,FALSE,,,2002 POKEMON NEO DESTINY 1ST EDITION #8 DARK PORYGON2-HOLO PSA 9 #8,https://www.ebay.es/itm/306558642970,PriceCharting
Neo Destiny,Dark Porygon2,8/105,1st Edition,PSA 9,2025-10-12,232.50,USD,eBay,unknown,FALSE,,,Pokemon Dark Porygon2 Neo Destiny 1st Edition Holo Rare #8 PSA 9 Mint,https://www.ebay.es/itm/286852291781,PriceCharting
Neo Destiny,Dark Porygon2,8/105,1st Edition,PSA 9,2025-08-29,250.00,USD,eBay,unknown,FALSE,,,Pokemon Dark Porygon2 Neo Destiny 1st Edition Holo Rare #8 PSA 9 Mint,https://www.ebay.es/itm/286742620433,PriceCharting
Neo Destiny,Dark Porygon2,8/105,1st Edition,PSA 9,2025-08-20,235.00,USD,eBay,unknown,FALSE,,,2002 Pokemon Neo Destiny #8 Dark Porygon2 Holo 1st Edition PSA 9 MINT #8,https://www.ebay.es/itm/177348943294,PriceCharting
Neo Destiny,Dark Porygon2,8/105,1st Edition,PSA 9,2025-08-10,250.00,USD,eBay,unknown,FALSE,,,"Pokemon Card - PSA 9: DARK PORYGON2 #8 - 1ST EDITION (NEO DESTINY) ""HOLO SWIRL"" 8/105",https://www.ebay.es/itm/296688582248,PriceCharting
Neo Destiny,Dark Porygon2,8/105,1st Edition,PSA 9,2025-08-03,265.00,USD,eBay,unknown,FALSE,,,2002 Pokémon Neo Destiny Dark Porygon2 Holo 1st Edition PSA 9,https://www.ebay.es/itm/146732571042,PriceCharting
Neo Destiny,Dark Porygon2,8/105,1st Edition,PSA 9,2025-07-17,250.00,USD,eBay,unknown,FALSE,,,Pokemon 1st Edition HOLO DARK PORYGON2 2002 Neo Destiny PSA 9 MINT,https://www.ebay.es/itm/267205941749,PriceCharting
Neo Destiny,Dark Porygon2,8/105,1st Edition,PSA 9,2025-05-25,250.00,USD,eBay,unknown,FALSE,,,PSA 9 Pokemon 2002 Neo Destiny 1st Edition Dark Porygon2 Holo #8 #8,https://www.ebay.es/itm/156258125126,PriceCharting
Neo Destiny,Dark Porygon2,8/105,1st Edition,PSA 8,2026-09-28,399.95,USD,eBay,unknown,FALSE,,,2002 POKEMON NEO DESTINY 1ST EDITION #8 DARK PORYGON2-HOLO PSA 8 #8,https://www.ebay.es/itm/117390840153,PriceCharting
Neo Destiny,Dark Porygon2,8/105,1st Edition,PSA 8,2026-09-13,401.09,USD,eBay,unknown,FALSE,,,2002 POKEMON NEO DESTINY #8 DARK PORYGON2-HOLO 1ST EDITION PSA 8 #8,https://www.ebay.es/itm/307158161185,PriceCharting
Neo Destiny,Dark Porygon2,8/105,1st Edition,PSA 8,2026-06-30,325.00,USD,eBay,unknown,FALSE,,,Pokemon PSA 8 1st Edition Dark Porygon2 8/105 Neo Destiny Holo Card Near Mint 8/105,https://www.ebay.es/itm/168431595999,PriceCharting
Neo Destiny,Dark Porygon2,8/105,1st Edition,PSA 8,2026-06-27,399.00,USD,eBay,unknown,FALSE,,,2002 POKEMON NEO DESTINY 1ST EDITION #8 DARK PORYGON2-HOLO PSA 8 #8,https://www.ebay.es/itm/307021046272,PriceCharting
Neo Destiny,Dark Porygon2,8/105,1st Edition,PSA 8,2026-06-22,285.00,USD,eBay,unknown,FALSE,,,2002 Pokemon Neo Destiny Dark Porygon2 Holo 1st Ed. #8 - PSA 8 NM-MINT CLEAN! #8,https://www.ebay.es/itm/178219103729,PriceCharting
Neo Destiny,Dark Porygon2,8/105,1st Edition,PSA 8,2026-06-13,339.58,USD,eBay,unknown,FALSE,,,2002 POKEMON NEO DESTINY 1ST EDITION #8/105 DARK PORYGON2 HOLO RARE SWIRL PSA 8 8/105,https://www.ebay.es/itm/206325525855,PriceCharting
Neo Destiny,Dark Porygon2,8/105,1st Edition,PSA 8,2026-05-12,429.99,USD,eBay,unknown,FALSE,,,2002 POKEMON NEO DESTINY 1ST EDITION #8 DARK PORYGON2-HOLO PSA 8 #8,https://www.ebay.es/itm/117175910650,PriceCharting
Neo Destiny,Dark Porygon2,8/105,1st Edition,PSA 8,2026-04-30,350.00,USD,eBay,unknown,FALSE,,,2002 POKEMON NEO DESTINY 1ST ED #8 DARK PORYGON2-HOLO PSA 8 #8,https://www.ebay.es/itm/306828670798,PriceCharting
Neo Destiny,Dark Porygon2,8/105,1st Edition,PSA 8,2026-04-15,239.00,USD,eBay,unknown,FALSE,,,2002 Pokémon Dark Porygon2 Holo 1st ED Neo Destiny #8 English PSA 8 🌀Swirl🌀 8/105,https://www.ebay.es/itm/397822218269,PriceCharting
Neo Destiny,Dark Porygon2,8/105,1st Edition,PSA 8,2025-12-24,349.99,USD,eBay,unknown,FALSE,,,2002 POKEMON NEO DESTINY 1ST ED #8 DARK PORYGON2-HOLO PSA 8 #8,https://www.ebay.es/itm/297712599783,PriceCharting
Neo Destiny,Dark Porygon2,8/105,1st Edition,PSA 8,2025-11-03,206.35,USD,eBay,unknown,FALSE,,,Pokemon Dark Porygon2 #8/105 Neo Destiny 1st Edition Holo PSA 8 NM-MT 8/105,https://www.ebay.es/itm/226920212313,PriceCharting
Neo Destiny,Dark Porygon2,8/105,1st Edition,PSA 8,2025-10-26,128.50,USD,eBay,unknown,FALSE,,,Pokemon Dark Porygon2 Neo Destiny 1st Edition Holo Rare #8 PSA 8,https://www.ebay.es/itm/286882113040,PriceCharting
Neo Destiny,Dark Porygon2,8/105,1st Edition,PSA 8,2025-09-05,169.69,USD,eBay,unknown,FALSE,,,2002 Pokemon Neo Destiny Dark Porygon2 1st Edition Holo PSA 8 NM-MT 🔥 8/105,https://www.ebay.es/itm/257085186946,PriceCharting
Neo Destiny,Dark Porygon2,8/105,1st Edition,PSA 8,2025-08-10,120.00,USD,eBay,unknown,FALSE,,,FRESHLY GRADED Pokemon Dark Porygon2 #8 Neo Destiny 1st Edition Holo PSA 8 NM-MT 8/105,https://www.ebay.es/itm/226905023858,PriceCharting
Neo Destiny,Dark Porygon2,8/105,1st Edition,PSA 8,2025-07-08,120.00,USD,eBay,unknown,FALSE,,,Pokemon TCG Dark Porygon2 #8/105 Neo Destiny 1st Edition PSA 8 8/105,https://www.ebay.es/itm/396834921701,PriceCharting
Neo Destiny,Dark Porygon2,8/105,1st Edition,PSA 8,2025-03-16,107.00,USD,eBay,unknown,FALSE,,,Pokemon Dark Porygon2 Neo Destiny 1st Edition Holo Rare #8 PSA 8,https://www.ebay.es/itm/286390938910,PriceCharting
Neo Destiny,Dark Porygon2,8/105,1st Edition,PSA 8,2025-02-23,129.50,USD,eBay,unknown,FALSE,,,2002 POKEMON NEO DESTINY 1ST EDITION HOLO #8 DARK PORYGON2 PSA 8 #8,https://www.ebay.es/itm/306113066083,PriceCharting
Neo Destiny,Dark Porygon2,8/105,1st Edition,PSA 8,2025-02-16,110.00,USD,eBay,unknown,FALSE,,,2002 POKEMON NEO DESTINY 1ST EDITION #8 DARK PORYGON2-HOLO PSA 8 #8,https://www.ebay.es/itm/226592610657,PriceCharting
Neo Destiny,Dark Porygon2,8/105,1st Edition,PSA 8,2024-12-30,102.57,USD,eBay,unknown,FALSE,,,2002 POKEMON NEO DESTINY 1ST EDITION #8 DARK PORYGON2-HOLO PSA 8 #8,https://www.ebay.es/itm/305989864205,PriceCharting
Neo Destiny,Dark Porygon2,8/105,1st Edition,PSA 8,2024-09-02,76.01,USD,eBay,unknown,FALSE,,,Pokemon 2002 Neo Destiny #8 DARK PORYGON2 1st Edition Holo PSA 8 Mint 8/105 #8,https://www.ebay.es/itm/335548738127,PriceCharting
Neo Destiny,Dark Porygon2,8/105,1st Edition,PSA 8,2024-07-21,76.77,USD,eBay,unknown,FALSE,,,2002 Pokémon 1ST EDITION DARK PORYGON2 HOLO - PSA 8 - Neo Destiny Rare 8/105 #105,https://www.ebay.es/itm/296567144443,PriceCharting
Neo Destiny,Dark Porygon2,8/105,1st Edition,PSA 8,2024-05-20,50.00,USD,eBay,unknown,FALSE,,,Pokemon PSA 8 1st Edition Dark Porygon2 8/105 Neo Destiny Holo Rare Mint 8/105,https://www.ebay.es/itm/335387750494,PriceCharting
Neo Destiny,Dark Porygon2,8/105,1st Edition,PSA 8,2024-02-25,95.09,USD,eBay,unknown,FALSE,,,Pokemon Cards: 1st Edition Neo Destiny Rare Holo: Dark Porygon2 8/105: PSA 8 #8,https://www.ebay.es/itm/315159718737,PriceCharting
Neo Destiny,Dark Porygon2,8/105,1st Edition,PSA 8,2024-02-01,124.95,USD,eBay,unknown,FALSE,,,Pokemon PSA 8 NM-MT Dark Porygon2 8/105 Neo Destiny 1st Edition Holofoil 2002,https://www.ebay.es/itm/266079155220,PriceCharting
Neo Destiny,Dark Porygon2,8/105,1st Edition,PSA 8,2024-01-11,72.00,USD,eBay,unknown,FALSE,,,Pokemon PSA 8 NM-MT Dark Porygon2 8/105 Neo Destiny 1st Edition Holofoil 2002,https://www.ebay.es/itm/315088064995,PriceCharting
Neo Destiny,Dark Porygon2,8/105,Unlimited,PSA 10,2026-09-23,3999.99,USD,eBay,unknown,FALSE,,,2002 POKEMON NEO DESTINY #8 DARK PORYGON2-HOLO PSA 10 #8,https://www.ebay.es/itm/307157151719,PriceCharting
Neo Destiny,Dark Porygon2,8/105,Unlimited,PSA 10,2026-09-20,2435.4,USD,eBay,best offer,TRUE,,28854922,,https://www.ebay.com/itm/407205211519,PSA APR
Neo Destiny,Dark Porygon2,8/105,Unlimited,PSA 10,2026-08-24,2280,USD,Fanatics Collect,auction,FALSE,,84635765,,https://www.fanaticscollect.com/weekly/2b946c2e-9266-11f1-94d3-0a58a9feac02,PSA APR
Neo Destiny,Dark Porygon2,8/105,Unlimited,PSA 10,2026-06-03,669.5,USD,eBay,BIN,FALSE,,19701007,,https://www.ebay.com/itm/297733898141,PSA APR
Neo Destiny,Dark Porygon2,8/105,Unlimited,PSA 10,2026-05-14,3250.00,USD,eBay,unknown,FALSE,,,Pokémon Dark Porygon2 Neo Destiny Holo PSA 10 Unlimited Stage 1 8/105 English 8/105,https://www.ebay.es/itm/389872956933,PriceCharting
Neo Destiny,Dark Porygon2,8/105,Unlimited,PSA 10,2026-04-05,2376.00,USD,eBay,unknown,FALSE,,,Pokemon Dark Porygon2 Neo Destiny Unlimited Holo Rare #8 PSA 10 Gem Mint,https://www.ebay.es/itm/287233337011,PriceCharting
Neo Destiny,Dark Porygon2,8/105,Unlimited,PSA 10,2026-02-25,2510.00,USD,eBay,best offer,TRUE,2510.00,,2002 POKEMON NEO DESTINY DARK PORYGON2 HOLO #8 PSA 10 SWIRL - POP 38 #8,https://www.ebay.es/itm/376988135037,PriceCharting
Neo Destiny,Dark Porygon2,8/105,Unlimited,PSA 10,2026-02-25,2500.00,USD,eBay,unknown,FALSE,,,2002 POKEMON NEO DESTINY #8 DARK PORYGON2-HOLO PSA 10 #8,https://www.ebay.es/itm/298058139630,PriceCharting
Neo Destiny,Dark Porygon2,8/105,Unlimited,PSA 10,2026-02-23,2000.00,USD,eBay,best offer,TRUE,2000.00,,2002 POKEMON NEO DESTINY #8 DARK PORYGON2-HOLO PSA 10 #8,https://www.ebay.es/itm/297991790946,PriceCharting
Neo Destiny,Dark Porygon2,8/105,Unlimited,PSA 10,2026-02-09,3050.00,USD,eBay,unknown,FALSE,,,POKEMON 2002 DARK PORYGON2 NEO DESTINY #8 PSA 10 #8,https://www.ebay.es/itm/389551314158,PriceCharting
Neo Destiny,Dark Porygon2,8/105,Unlimited,PSA 10,2026-02-02,970.00,USD,eBay,unknown,FALSE,,,2002 POKEMON NEO DESTINY #8 DARK PORYGON2-HOLO PSA 10 #8,https://www.ebay.es/itm/306728212490,PriceCharting
Neo Destiny,Dark Porygon2,8/105,Unlimited,PSA 10,2025-06-20,299.97,USD,eBay,unknown,FALSE,,,Dark Porygon2 Neo Destiny 8/105 Holo Pokemon Card 2002 PSA 10 POP 38 8/105,https://www.ebay.es/itm/236155500132,PriceCharting
Neo Destiny,Dark Porygon2,8/105,Unlimited,PSA 10,2025-04-10,217.93,USD,eBay,unknown,FALSE,,,PSA 10 - Dark Porygon2 - #8 - Holo - Neo Destiny - Pokemon Card,https://www.ebay.es/itm/146378366472,PriceCharting
Neo Destiny,Dark Porygon2,8/105,Unlimited,PSA 10,2025-04-04,228.50,USD,eBay,unknown,FALSE,,,2002 Pokemon Neo Destiny RARE Foil #8 Dark Porygon HOLO PSA 10 GEM MINT,https://www.ebay.es/itm/376102255228,PriceCharting
Neo Destiny,Dark Porygon2,8/105,Unlimited,PSA 10,2025-03-14,300.00,USD,eBay,unknown,FALSE,,,2002 POKEMON NEO DESTINY #8 DARK PORYGON2-HOLO PSA 10 #8,https://www.ebay.es/itm/306008763186,PriceCharting
Neo Destiny,Dark Porygon2,8/105,Unlimited,PSA 10,2025-03-05,220.00,USD,eBay,unknown,FALSE,,,Pokemon Dark Porygon2 Neo Destiny Unlimited Holo Rare #8 PSA 10 Gem Mint Swirl #233,https://www.ebay.es/itm/134399725462,PriceCharting
Neo Destiny,Dark Porygon2,8/105,Unlimited,PSA 10,2025-03-01,300,USD,eBay,BIN,FALSE,,22874885,,https://www.ebay.com/itm/306008763186,PSA APR
Neo Destiny,Dark Porygon2,8/105,Unlimited,PSA 10,2025-02-06,312.51,USD,eBay,best offer,TRUE,,28854922,,https://www.ebay.com/itm/326417096084,PSA APR
Neo Destiny,Dark Porygon2,8/105,Unlimited,PSA 10,2025-01-30,232.69,USD,eBay,unknown,FALSE,,,*SWIRL* PSA 10 GEM MINT Dark Porygon2 #8 Holo Neo Destiny Unlimited Pokemon Card,https://www.ebay.es/itm/396117779628,PriceCharting
Neo Destiny,Dark Porygon2,8/105,Unlimited,PSA 10,2024-10-24,278.62,USD,eBay,unknown,FALSE,,,Dark Porygon2 8/105 Neo Destiny HOLO Pokemon PSA 10,https://www.ebay.es/itm/196673238186,PriceCharting
Neo Destiny,Dark Porygon2,8/105,Unlimited,PSA 10,2024-10-19,225.00,USD,eBay,unknown,FALSE,,,PSA 10 - Dark Porygon2 - #8 - Holo - Neo Destiny - Pokemon Card #8,https://www.ebay.es/itm/305837192699,PriceCharting
Neo Destiny,Dark Porygon2,8/105,Unlimited,PSA 10,2024-10-06,232.50,USD,eBay,unknown,FALSE,,,PSA 10 - Dark Porygon2 - #8 - Holo - Neo Destiny - Pokemon Card #8,https://www.ebay.es/itm/305816609522,PriceCharting
Neo Destiny,Dark Porygon2,8/105,Unlimited,PSA 10,2024-05-27,171.50,USD,eBay,unknown,FALSE,,,2002 Neo Destiny 8/105 Dark Porygon2 Holo Rare Pokemon TCG Card PSA 10 8/105,https://www.ebay.es/itm/276465737764,PriceCharting
Neo Destiny,Dark Porygon2,8/105,Unlimited,PSA 10,2024-05-20,238.38,USD,eBay,unknown,FALSE,,,PSA 10 Dark Porygon2 2002 Pokemon Neo Destiny 8 Holo Rare Pokemon TCG Card #8,https://www.ebay.es/itm/355713349203,PriceCharting
Neo Destiny,Dark Porygon2,8/105,Unlimited,PSA 10,2024-05-18,393.65,USD,eBay,unknown,FALSE,,,Dark Porygon2 8/105 Neo Destiny Holo Pokemon Card PSA 10 Rare LOW POP,https://www.ebay.es/itm/305571694354,PriceCharting
Neo Destiny,Dark Porygon2,8/105,Unlimited,PSA 10,2024-04-12,270.00,USD,eBay,unknown,FALSE,,,2002 Pokemon Neo Destiny #8 Dark Porygon2 Holo PSA 10 GEM MINT,https://www.ebay.es/itm/375352601786,PriceCharting
Neo Destiny,Dark Porygon2,8/105,Unlimited,PSA 10,2024-03-04,290.00,USD,eBay,unknown,FALSE,,,2002 POKÉMON NEO DESTINY HOLO DARK PORYGON PSA 10 POP 36,https://www.ebay.es/itm/186315939291,PriceCharting
Neo Destiny,Dark Porygon2,8/105,Unlimited,PSA 10,2023-12-12,304.31,USD,eBay,unknown,FALSE,,,PSA 10 GEM MINT Dark Porygon2 8/105 Neo Destiny HOLO RARE Pokemon Card,https://www.ebay.es/itm/155758490865,PriceCharting
Neo Destiny,Dark Porygon2,8/105,Unlimited,PSA 9,2026-09-24,169.99,USD,eBay,unknown,FALSE,,,Dark Porygon2 Neo Destiny 8/105 Holo PSA 9 Pokemon 8/105,https://www.ebay.es/itm/820092723604,PriceCharting
Neo Destiny,Dark Porygon2,8/105,Unlimited,PSA 9,2026-06-10,110.00,USD,eBay,best offer,TRUE,110.00,,Pokemon TCG Neo Destiny Dark Porygon2 8/105 Holo Unlimited 2002 ENG PSA 9 SWIRL 8/105,https://www.ebay.es/itm/198414581647,PriceCharting
Neo Destiny,Dark Porygon2,8/105,Unlimited,PSA 9,2026-05-27,135.00,USD,eBay,best offer,TRUE,135.00,,2002 Pokemon Neo Destiny Dark Porygon2-Holo PSA 9 #8,https://www.ebay.es/itm/188397444692,PriceCharting
Neo Destiny,Dark Porygon2,8/105,Unlimited,PSA 9,2026-04-20,115.00,USD,eBay,best offer,TRUE,115.00,,2002 POKEMON NEO DESTINY #8 DARK PORYGON2-HOLO PSA 9 #8,https://www.ebay.es/itm/306885357927,PriceCharting
Neo Destiny,Dark Porygon2,8/105,Unlimited,PSA 9,2026-04-15,100.00,USD,eBay,best offer,TRUE,100.00,,Dark Porygon2 #8 Pokemon Neo Destiny Holo PSA 9 8/105,https://www.ebay.es/itm/377064127560,PriceCharting
Neo Destiny,Dark Porygon2,8/105,Unlimited,PSA 9,2026-02-14,125.00,USD,eBay,best offer,TRUE,125.00,,Dark Porygon2 #8 Pokemon Neo Destiny Holo PSA 9 8/105,https://www.ebay.es/itm/157678977556,PriceCharting
Neo Destiny,Dark Porygon2,8/105,Unlimited,PSA 9,2026-02-13,96.00,USD,eBay,best offer,TRUE,96.00,,2002 Pokemon Neo Destiny #8 Dark Porygon2-Holo PSA 9 #8,https://www.ebay.es/itm/177843206953,PriceCharting
Neo Destiny,Dark Porygon2,8/105,Unlimited,PSA 9,2025-12-23,114.38,USD,eBay,unknown,FALSE,,,2002 Pokemon Neo Destiny - Dark Porygon2 Holo PSA 9,https://www.ebay.es/itm/406403496749,PriceCharting
Neo Destiny,Dark Porygon2,8/105,Unlimited,PSA 9,2025-12-16,94.00,USD,eBay,unknown,FALSE,,,2002 POKEMON NEO DESTINY #8 DARK PORYGON2-HOLO PSA 9 #8,https://www.ebay.es/itm/116918795017,PriceCharting
Neo Destiny,Dark Porygon2,8/105,Unlimited,PSA 9,2025-11-24,92.00,USD,eBay,unknown,FALSE,,,Pokemon Dark Porygon2 Neo Destiny Unlimited Holo Rare #8 PSA 9 Mint,https://www.ebay.es/itm/286939902857,PriceCharting
Neo Destiny,Dark Porygon2,8/105,Unlimited,PSA 9,2025-11-17,86.05,USD,eBay,unknown,FALSE,,,Pokemon Dark Porygon2 Neo Destiny Unlimited Holo Rare #8 PSA 9 Mint,https://www.ebay.es/itm/286921881227,PriceCharting
Neo Destiny,Dark Porygon2,8/105,Unlimited,PSA 9,2025-10-30,120.00,USD,eBay,best offer,TRUE,120.00,,2002 Pokemon Neo Destiny #8 Dark Porygon2 Holo PSA 9 MINT NEWLY GRADED! #8,https://www.ebay.es/itm/177530501794,PriceCharting
Neo Destiny,Dark Porygon2,8/105,Unlimited,PSA 9,2025-10-21,87.00,USD,eBay,unknown,FALSE,,,2002 Pokemon Neo Destiny #8 Dark Porygon2 Holo PSA 9 MINT,https://www.ebay.es/itm/365924575300,PriceCharting
Neo Destiny,Dark Porygon2,8/105,Unlimited,PSA 9,2025-10-18,164.07,USD,eBay,unknown,FALSE,,,2002 POKEMON NEO DESTINY #8 DARK PORYGON2-HOLO PSA 9 #8,https://www.ebay.es/itm/116819373827,PriceCharting
Neo Destiny,Dark Porygon2,8/105,Unlimited,PSA 9,2025-07-15,78.90,USD,eBay,unknown,FALSE,,,2002 Pokemon Neo Destiny #8 Dark Porygon2 - Holo PSA 9 MINT,https://www.ebay.es/itm/376388921507,PriceCharting
Neo Destiny,Dark Porygon2,8/105,Unlimited,PSA 9,2025-07-07,121.50,USD,eBay,unknown,FALSE,,,2002 POKEMON NEO DESTINY #8 DARK PORYGON2-HOLO PSA 9 #8,https://www.ebay.es/itm/116668873660,PriceCharting
Neo Destiny,Dark Porygon2,8/105,Unlimited,PSA 9,2025-06-22,70.00,USD,eBay,unknown,FALSE,,,Pokemon 2002 Dark Porygon2 Holo PSA 9 Neo Destiny 8/105 8/105,https://www.ebay.es/itm/405978842491,PriceCharting
Neo Destiny,Dark Porygon2,8/105,Unlimited,PSA 9,2025-06-19,70.00,USD,eBay,unknown,FALSE,,,Dark Porygon2 Neo Destiny 8/105 Holo PSA 9 Pokemon 8/105,https://www.ebay.es/itm/306358110325,PriceCharting
Neo Destiny,Dark Porygon2,8/105,Unlimited,PSA 9,2025-04-06,69.99,USD,eBay,unknown,FALSE,,,Dark Porygon2 Neo Destiny 8/105 Holo PSA 9 Pokemon 8/105,https://www.ebay.es/itm/267211310489,PriceCharting
Neo Destiny,Dark Porygon2,8/105,Unlimited,PSA 8,2026-09-26,129.99,USD,eBay,unknown,FALSE,,,Dark Porygon2 - Holo PSA 8 2002 Pokemon Neo Destiny Card #8 #8,https://www.ebay.es/itm/168684420640,PriceCharting
Neo Destiny,Dark Porygon2,8/105,Unlimited,PSA 8,2026-08-10,175.00,USD,eBay,unknown,FALSE,,,PSA 8 Dark Porygon2 8/105 Neo Destiny Holo Mint vintage holo Neo Pokémon 8/105,https://www.ebay.es/itm/137287179989,PriceCharting
Neo Destiny,Dark Porygon2,8/105,Unlimited,PSA 8,2026-07-28,149.00,USD,eBay,unknown,FALSE,,,2002 Pokémon Dark Porygon2 8/105 Neo Destiny Holo PSA 8 8/105,https://www.ebay.es/itm/336712180780,PriceCharting
Neo Destiny,Dark Porygon2,8/105,Unlimited,PSA 8,2026-07-24,155.00,USD,eBay,unknown,FALSE,,,PSA 8 Dark Porygon2 8/105 Neo Destiny Holo Mint vintage holo Neo Pokémon 8/105,https://www.ebay.es/itm/178338306687,PriceCharting
Neo Destiny,Dark Porygon2,8/105,Unlimited,PSA 8,2026-07-09,150.00,USD,eBay,best offer,TRUE,150.00,,2002 Pokémon Dark Porygon2 8/105 Neo Destiny Holo PSA 8 8/105,https://www.ebay.es/itm/147373672247,PriceCharting
Neo Destiny,Dark Porygon2,8/105,Unlimited,PSA 8,2026-07-04,132.00,USD,eBay,best offer,TRUE,132.00,,2002 Pokémon Neo Destiny Dark Porygon2 Holo #8 PSA 8 NM-MT Vintage WOTC 8/105,https://www.ebay.es/itm/287436195244,PriceCharting
Neo Destiny,Dark Porygon2,8/105,Unlimited,PSA 8,2026-06-29,129.99,USD,eBay,unknown,FALSE,,,PSA 8 NM-MT Dark Porygon2 Neo Destiny Holo 2002 Pokemon 8/105 CORNER SWIRL #8,https://www.ebay.es/itm/206349952793,PriceCharting
Neo Destiny,Dark Porygon2,8/105,Unlimited,PSA 8,2026-06-09,103.50,USD,eBay,unknown,FALSE,,,2002 Pokemon Neo Destiny 8 Dark Porygon2 PSA 8 59654938 8/105,https://www.ebay.es/itm/157960448235,PriceCharting
Neo Destiny,Dark Porygon2,8/105,Unlimited,PSA 8,2026-06-08,167.50,USD,eBay,best offer,TRUE,167.50,,PSA 8 NM-MT Dark Porygon2 Neo Destiny Holo 2002 Pokemon 8/105 SWIRL #8,https://www.ebay.es/itm/157921124128,PriceCharting
Neo Destiny,Dark Porygon2,8/105,Unlimited,PSA 8,2026-06-01,135.00,USD,eBay,unknown,FALSE,,,2002 POKEMON NEO DESTINY #8 DARK PORYGON2-HOLO PSA 8 #8,https://www.ebay.es/itm/117225323216,PriceCharting
Neo Destiny,Dark Porygon2,8/105,Unlimited,PSA 8,2026-05-07,134.99,USD,eBay,unknown,FALSE,,,PSA 8 NM-MT Dark Porygon2 Neo Destiny Holo 2002 Pokemon 8/105 #8,https://www.ebay.es/itm/188078789785,PriceCharting
Neo Destiny,Dark Porygon2,8/105,Unlimited,PSA 8,2026-04-28,149.99,USD,eBay,unknown,FALSE,,,2002 POKEMON NEO DESTINY #8 DARK PORYGON2-HOLO PSA 8 #8,https://www.ebay.es/itm/116956699206,PriceCharting
Neo Destiny,Dark Porygon2,8/105,Unlimited,PSA 8,2026-03-17,125.95,USD,eBay,unknown,FALSE,,,Pokemon Neo Destiny Dark Porygon2 8/105 PSA 8,https://www.ebay.es/itm/397472535063,PriceCharting
Neo Destiny,Dark Porygon2,8/105,Unlimited,PSA 8,2026-03-15,83.90,USD,eBay,unknown,FALSE,,,2002 POKEMON NEO DESTINY #8 DARK PORYGON2-HOLO PSA 8 #8,https://www.ebay.es/itm/117073952834,PriceCharting
Neo Destiny,Dark Porygon2,8/105,Unlimited,PSA 8,2026-01-27,81.00,USD,eBay,unknown,FALSE,,,VINTAGE POKEMON CARD NEO DESTINY #8 DARK PORYGON2 HOLO PSA 8 2002 FIRE ONE OWNER #8,https://www.ebay.es/itm/376892580134,PriceCharting
Neo Destiny,Dark Porygon2,8/105,Unlimited,PSA 8,2026-01-24,122.00,USD,eBay,best offer,TRUE,122.00,,2002 Pokemon Neo Destiny #008/105 Dark Porygon2 PSA 8 008/105,https://www.ebay.es/itm/147112340986,PriceCharting
Neo Destiny,Dark Porygon2,8/105,Unlimited,PSA 8,2026-01-22,147.42,USD,eBay,unknown,FALSE,,,2002 Pokemon Neo Destiny Dark Porygon2 Holo PSA 8 NM-MT 🔥 P1 8/105,https://www.ebay.es/itm/167883243706,PriceCharting
Neo Destiny,Dark Porygon2,8/105,Unlimited,PSA 8,2025-10-23,97.01,USD,eBay,best offer,TRUE,96.16,,🌀SWIRL🌀 2002 Pokemon Neo Destiny Dark Porygon2 Holo 8/105 PSA 8 8/105,https://www.ebay.es/itm/226920214924,PriceCharting
Neo Destiny,Dark Porygon2,8/105,Unlimited,PSA 8,2025-10-20,115.00,USD,eBay,best offer,TRUE,,,2002 Pokemon Neo Destiny Dark Porygon2 Holo PSA 8 NM-MT 🔥 8/105,https://www.ebay.es/itm/277378184304,PriceCharting
Neo Destiny,Dark Porygon2,8/105,Unlimited,PSA 8,2025-09-27,90.00,USD,eBay,unknown,FALSE,,,2002 Pokemon Neo Destiny Dark Porygon2 Holo 8/105 PSA 8 NM-MT,https://www.ebay.es/itm/165599788285,PriceCharting
Neo Destiny,Dark Porygon2,8/105,Unlimited,PSA 8,2025-09-21,175.00,USD,eBay,unknown,FALSE,,,2002 POKEMON NEO DESTINY #8 DARK PORYGON2-HOLO PSA 8 #8,https://www.ebay.es/itm/306410164150,PriceCharting
Neo Destiny,Dark Porygon2,8/105,Unlimited,PSA 8,2025-08-24,75.00,USD,eBay,unknown,FALSE,,,2002 POKEMON NEO DESTINY #8 DARK PORYGON2-HOLO PSA 8 #8,https://www.ebay.es/itm/116736408049,PriceCharting
Neo Destiny,Dark Scizor,9/105,1st Edition,PSA 10,2026-09-19,15999.99,USD,eBay,unknown,FALSE,,,PSA 10 GEM MINT Dark Scizor 9/105 HOLO Neo Destiny 1ST EDITION Pokemon Card,https://www.ebay.es/itm/278246834611,PriceCharting
Neo Destiny,Dark Scizor,9/105,1st Edition,PSA 10,2026-08-24,7800,USD,Fanatics Collect,auction,FALSE,,45447180,,https://www.fanaticscollect.com/weekly/36538cc6-92e8-11f1-9a80-0a58ee75a6a5,PSA APR
Neo Destiny,Dark Scizor,9/105,1st Edition,PSA 10,2026-07-06,5300,USD,eBay,auction,FALSE,,41424507,,https://www.ebay.com/itm/800269707406,PSA APR
Neo Destiny,Dark Scizor,9/105,1st Edition,PSA 10,2026-06-29,8000.00,USD,eBay,unknown,FALSE,,,2002 POKEMON NEO DESTINY 1ST EDITION #9 DARK SCIZOR-HOLO PSA 10 #9,https://www.ebay.es/itm/117250698825,PriceCharting
Neo Destiny,Dark Scizor,9/105,1st Edition,PSA 10,2026-06-14,8622.00,USD,eBay,unknown,FALSE,,,Pokemon Dark Scizor Neo Destiny 1st Edition Holo Rare #9 PSA 10 Gem Mint,https://www.ebay.es/itm/287376208869,PriceCharting
Neo Destiny,Dark Scizor,9/105,1st Edition,PSA 10,2026-05-31,10300.00,USD,eBay,unknown,FALSE,,,Pokemon Dark Scizor Neo Destiny 1st Edition Holo Rare #9 PSA 10 Gem Mint,https://www.ebay.es/itm/287347449884,PriceCharting
Neo Destiny,Dark Scizor,9/105,1st Edition,PSA 10,2026-05-14,5000.00,USD,eBay,unknown,FALSE,,,Pokémon - Dark Scizor Holo Neo Destiny 1st Edition #9 PSA 10,https://www.ebay.es/itm/188369013959,PriceCharting
Neo Destiny,Dark Scizor,9/105,1st Edition,PSA 10,2026-05-11,8662,USD,Goldin Auctions,auction,FALSE,,45447180,,https://goldin.co/item/2002-pokemon-neo-destiny-1st-edition-holo-9-dark-scizor-psa-gem-mt-10g1ivr,PSA APR
Neo Destiny,Dark Scizor,9/105,1st Edition,PSA 10,2026-05-10,5000,USD,eBay,BIN,FALSE,,27765152,,https://www.ebay.com/itm/188369013959,PSA APR
Neo Destiny,Dark Scizor,9/105,1st Edition,PSA 10,2026-03-18,9975.00,USD,eBay,unknown,FALSE,,,Pokemon Dark Scizor Neo Destiny 1st Edition Holo Rare #9 PSA 10 Gem Mint,https://www.ebay.es/itm/287215053787,PriceCharting
Neo Destiny,Dark Scizor,9/105,1st Edition,PSA 10,2026-02-19,4555.00,USD,eBay,unknown,FALSE,,,Pokémon Neo Destiny Dark Scizor TCG Holo Card 9/105 PSA 10 Gem Mint 1st ED 9/105,https://www.ebay.es/itm/326998662751,PriceCharting
Neo Destiny,Dark Scizor,9/105,1st Edition,PSA 10,2025-10-06,3360,USD,Fanatics Collect,auction,FALSE,,42024022,,https://www.fanaticscollect.com/weekly/81bda56c-9801-11f0-9190-02d93b7d50ab,PSA APR
Neo Destiny,Dark Scizor,9/105,1st Edition,PSA 10,2025-08-05,1780.00,USD,eBay,unknown,FALSE,,,PSA 10 Dark Scizor Holo 1st Edition 2002 Pokémon Neo Destiny 9/105,https://www.ebay.es/itm/326707885947,PriceCharting
Neo Destiny,Dark Scizor,9/105,1st Edition,PSA 10,2025-07-13,2060.00,USD,eBay,unknown,FALSE,,,Pokemon Dark Scizor Neo Destiny 1st Edition Holo Rare #9 PSA 10 Gem Mint,https://www.ebay.es/itm/286690654721,PriceCharting
Neo Destiny,Dark Scizor,9/105,1st Edition,PSA 10,2025-05-03,1750.00,USD,eBay,unknown,FALSE,,,2002 Pokemon Neo Destiny 1st Edition Rare #9 Dark Scizor Holo PSA 10 Gem Mint #9,https://www.ebay.es/itm/167477774319,PriceCharting
Neo Destiny,Dark Scizor,9/105,1st Edition,PSA 10,2025-04-04,1276.00,USD,eBay,unknown,FALSE,,,2002 Pokemon Neo Destiny 1st Edition RARE #9 Dark Scizor HOLO PSA 10 GEM MINT,https://www.ebay.es/itm/365486005500,PriceCharting
Neo Destiny,Dark Scizor,9/105,1st Edition,PSA 10,2025-02-26,1500.00,USD,eBay,unknown,FALSE,,,Pokemon Dark Scizor Neo Destiny 1st Edition Holo Rare #9 PSA 10 Gem Mint #9,https://www.ebay.es/itm/116377930090,PriceCharting
Neo Destiny,Dark Scizor,9/105,1st Edition,PSA 10,2024-09-23,1000.00,USD,eBay,unknown,FALSE,,,Pokemon Dark Scizor Neo Destiny 1st Edition Holo Rare #9 PSA 10 Gem Mint,https://www.ebay.es/itm/286068703771,PriceCharting
Neo Destiny,Dark Scizor,9/105,1st Edition,PSA 10,2024-07-25,1000.00,USD,eBay,unknown,FALSE,,,Pokemon Card - 1st Edition Dark Scizor - Neo Destiny 9/105 Holo Rare PSA 10,https://www.ebay.es/itm/134916635035,PriceCharting
Neo Destiny,Dark Scizor,9/105,1st Edition,PSA 10,2023-10-09,990.00,USD,eBay,unknown,FALSE,,,2002 Pokémon Neo Destiny Dark Scizor Holo PSA 10 1st Edition #9/105,https://www.ebay.es/itm/256236320514,PriceCharting
Neo Destiny,Dark Scizor,9/105,1st Edition,PSA 9,2026-09-30,1500.00,USD,eBay,best offer,TRUE,,,2002 POKEMON NEO DESTINY 1ST EDITION #9 DARK SCIZOR-HOLO PSA 9 #9,https://www.ebay.es/itm/117373721542,PriceCharting
Neo Destiny,Dark Scizor,9/105,1st Edition,PSA 9,2026-08-17,885.00,USD,eBay,unknown,FALSE,,,Pokemon Dark Scizor Holo Neo Destiny 9/105 1st Edition PSA 9 Mint 9/105,https://www.ebay.es/itm/287511103162,PriceCharting
Neo Destiny,Dark Scizor,9/105,1st Edition,PSA 9,2026-08-10,1025.00,USD,eBay,unknown,FALSE,,,2002 POKEMON NEO DESTINY 1ST EDITION #9 DARK SCIZOR-HOLO PSA 9 #9,https://www.ebay.es/itm/307100280652,PriceCharting
Neo Destiny,Dark Scizor,9/105,1st Edition,PSA 9,2026-06-28,1201.54,USD,eBay,unknown,FALSE,,,Pokemon Dark Scizor Neo Destiny 1st Edition Holo Rare #9 PSA 9 Mint,https://www.ebay.es/itm/287408504873,PriceCharting
Neo Destiny,Dark Scizor,9/105,1st Edition,PSA 9,2026-06-28,2000.00,USD,eBay,unknown,FALSE,,,Pokemon Dark Scizor Neo Destiny 1st Edition Holo Rare #9 PSA 9 Mint w/Swirl,https://www.ebay.es/itm/298425531585,PriceCharting
Neo Destiny,Dark Scizor,9/105,1st Edition,PSA 9,2026-06-14,1525.00,USD,eBay,unknown,FALSE,,,Pokemon Dark Scizor Neo Destiny 1st Edition Holo Rare #9 PSA 9 Mint,https://www.ebay.es/itm/287372420395,PriceCharting
Neo Destiny,Dark Scizor,9/105,1st Edition,PSA 9,2026-05-19,1200.00,USD,eBay,best offer,TRUE,,,Pokemon 2002 Neo Destiny Dark Scizor 9/105 Holo 1st Edition PSA 9 9/105,https://www.ebay.es/itm/127873716480,PriceCharting
Neo Destiny,Dark Scizor,9/105,1st Edition,PSA 9,2026-05-03,1125.00,USD,eBay,unknown,FALSE,,,Pokemon Dark Scizor Neo Destiny 1st Edition Holo Rare #9 PSA 9 Mint,https://www.ebay.es/itm/287289907743,PriceCharting
Neo Destiny,Dark Scizor,9/105,1st Edition,PSA 9,2026-04-26,531.78,USD,eBay,unknown,FALSE,,,DARK SCIZOR HOLO 1ST EDITION POKEMON 9/105 2002 NEO DESTINY - ENGLISH PSA 9,https://www.ebay.es/itm/137239154422,PriceCharting
Neo Destiny,Dark Scizor,9/105,1st Edition,PSA 9,2026-04-20,1025.00,USD,eBay,unknown,FALSE,,,Pokemon Dark Scizor Neo Destiny 1st Edition Holo Rare #9 PSA 9 Mint,https://www.ebay.es/itm/287264961155,PriceCharting
Neo Destiny,Dark Scizor,9/105,1st Edition,PSA 9,2026-04-12,902.67,USD,eBay,unknown,FALSE,,,DARK SCIZOR HOLO 1ST EDITION POKEMON 9/105 2002 NEO DESTINY - ENGLISH PSA 9,https://www.ebay.es/itm/137179884154,PriceCharting
Neo Destiny,Dark Scizor,9/105,1st Edition,PSA 9,2026-03-24,1175.00,USD,eBay,unknown,FALSE,,,2002 Pokemon Neo Destiny 1st Edition #9 Dark Scizor Holo PSA 9 MINT,https://www.ebay.es/itm/389758100295,PriceCharting
Neo Destiny,Dark Scizor,9/105,1st Edition,PSA 9,2026-02-07,610.00,USD,eBay,best offer,TRUE,,,Pokémon Neo Destiny 1st Edition 2002 Dark Scizor Holo Card PSA 9 9/105 9/105,https://www.ebay.es/itm/358145368750,PriceCharting
Neo Destiny,Dark Scizor,9/105,1st Edition,PSA 9,2026-01-29,650.00,USD,eBay,best offer,TRUE,650.00,,Pokemon 1st Edition Dark Scizor 9/105 - PSA 9 MINT - Neo Destiny Holo Vintage 9/105,https://www.ebay.es/itm/157642326126,PriceCharting
Neo Destiny,Dark Scizor,9/105,1st Edition,PSA 9,2026-01-19,1499.99,USD,eBay,unknown,FALSE,,,2002 POKEMON NEO DESTINY 1ST ED #9 DARK SCIZOR-HOLO PSA 9 #9,https://www.ebay.es/itm/306559600173,PriceCharting
Neo Destiny,Dark Scizor,9/105,1st Edition,PSA 9,2025-12-27,650.00,USD,eBay,unknown,FALSE,,,2002 POKEMON NEO DESTINY 1ST ED #9 DARK SCIZOR-HOLO PSA 9 #9,https://www.ebay.es/itm/297837995542,PriceCharting
Neo Destiny,Dark Scizor,9/105,1st Edition,PSA 9,2025-11-01,405.00,USD,eBay,unknown,FALSE,,,2002 POKEMON NEO DESTINY 1ST ED #9 DARK SCIZOR-HOLO PSA 9 9/105,https://www.ebay.es/itm/127451057177,PriceCharting
Neo Destiny,Dark Scizor,9/105,1st Edition,PSA 9,2025-10-11,650.00,USD,eBay,best offer,TRUE,650.00,,2002 POKEMON NEO DESTINY 1ST ED #9 DARK SCIZOR-HOLO PSA 9 #9,https://www.ebay.es/itm/397082918125,PriceCharting
Neo Destiny,Dark Scizor,9/105,1st Edition,PSA 9,2025-10-08,443.06,USD,eBay,unknown,FALSE,,,2002 Pokemon Neo Destiny #9 Dark Scizor Holo 1st Edition PSA 9 #9,https://www.ebay.es/itm/406247830167,PriceCharting
Neo Destiny,Dark Scizor,9/105,1st Edition,PSA 9,2025-09-20,650.00,USD,eBay,unknown,FALSE,,,2002 Pokemon Neo Destiny #9 Dark Scizor Holo 1st Edition PSA 9 MINT #9,https://www.ebay.es/itm/177348943287,PriceCharting
Neo Destiny,Dark Scizor,9/105,1st Edition,PSA 9,2025-08-17,400.00,USD,eBay,unknown,FALSE,,,2002 POKEMON NEO DESTINY 1ST ED #9 DARK SCIZOR-HOLO PSA 9 #9,https://www.ebay.es/itm/116724001858,PriceCharting
Neo Destiny,Dark Scizor,9/105,1st Edition,PSA 9,2025-08-10,348.00,USD,eBay,unknown,FALSE,,,Pokemon GRADED Card - PSA 9: DARK SCIZOR #9 - HOLO 1ST EDITION (NEO DESTINY) 9/105,https://www.ebay.es/itm/295290333014,PriceCharting
Neo Destiny,Dark Scizor,9/105,1st Edition,PSA 9,2025-08-02,350.00,USD,eBay,unknown,FALSE,,,Pokemon Dark Scizor Neo Destiny 1st Edition Holo Rare #9 PSA 9 Mint,https://www.ebay.es/itm/286742619841,PriceCharting
Neo Destiny,Dark Scizor,9/105,1st Edition,PSA 8,2026-09-30,910.00,USD,eBay,unknown,FALSE,,,2001 Pokemon Neo Destiny 1st Edition #9 Dark Scizor Holo PSA 8 GEM MINT,https://www.ebay.es/itm/800633055897,PriceCharting
Neo Destiny,Dark Scizor,9/105,1st Edition,PSA 8,2026-09-13,721.20,USD,eBay,unknown,FALSE,,,2002 POKEMON NEO DESTINY #9 DARK SCIZOR-HOLO 1ST EDITION PSA 8 #9,https://www.ebay.es/itm/307158161162,PriceCharting
Neo Destiny,Dark Scizor,9/105,1st Edition,PSA 8,2026-08-26,910.00,USD,eBay,unknown,FALSE,,,2002 POKEMON NEO DESTINY 1ST EDITION #9 DARK SCIZOR-HOLO PSA 8 #9,https://www.ebay.es/itm/307132123616,PriceCharting
Neo Destiny,Dark Scizor,9/105,1st Edition,PSA 8,2026-08-13,741.00,USD,eBay,unknown,FALSE,,,POKEMON DARK SCIZOR-HOLO 2002 NEO DESTINY #9 1ST EDITION PSA 8 #9,https://www.ebay.es/itm/800468524479,PriceCharting
Neo Destiny,Dark Scizor,9/105,1st Edition,PSA 8,2026-07-21,1300.00,USD,eBay,unknown,FALSE,,,2002 POKEMON NEO DESTINY #9 DARK SCIZOR-HOLO 1ST EDITION PSA 8 #9,https://www.ebay.es/itm/287466462118,PriceCharting
Neo Destiny,Dark Scizor,9/105,1st Edition,PSA 8,2026-06-09,1499.99,USD,eBay,unknown,FALSE,,,2002 POKEMON NEO DESTINY 1ST ED #9 DARK SCIZOR-HOLO PSA 8 #9,https://www.ebay.es/itm/116837497391,PriceCharting
Neo Destiny,Dark Scizor,9/105,1st Edition,PSA 8,2026-05-01,725.00,USD,eBay,best offer,TRUE,725.00,,2002 POKEMON NEO DESTINY 1ST EDITION #9 DARK SCIZOR-HOLO PSA 8 #9,https://www.ebay.es/itm/117166635834,PriceCharting
Neo Destiny,Dark Scizor,9/105,1st Edition,PSA 8,2026-04-30,1577.77,USD,eBay,unknown,FALSE,,,2002 POKEMON NEO DESTINY 1ST ED #9 DARK SCIZOR-HOLO PSA 8 #9,https://www.ebay.es/itm/277820708738,PriceCharting
Neo Destiny,Dark Scizor,9/105,1st Edition,PSA 8,2026-02-23,710.00,USD,eBay,unknown,FALSE,,,1st Edition Pokemon Dark Scizor Neo Destiny #9 PSA 8 NM-Mint Rare Original Owner 9/105,https://www.ebay.es/itm/397613068399,PriceCharting
Neo Destiny,Dark Scizor,9/105,1st Edition,PSA 8,2026-02-08,469.99,USD,eBay,unknown,FALSE,,,2002 Pokemon Neo Destiny #9 Dark Scizor Holo 1st Edition PSA 8 NM-MT #9,https://www.ebay.es/itm/177582724430,PriceCharting
Neo Destiny,Dark Scizor,9/105,1st Edition,PSA 8,2026-01-08,344.00,USD,eBay,unknown,FALSE,,,123434457 Dark Scizor 2002 Pokemon Neo Destiny 1st Edition #9 Holo PSA 8 9/105,https://www.ebay.es/itm/157581742215,PriceCharting
Neo Destiny,Dark Scizor,9/105,1st Edition,PSA 8,2025-12-07,454.08,USD,eBay,unknown,FALSE,,,DARK SCIZOR HOLO 1ST EDITION POKEMON NEO DESTINY 2002 9 PSA 8,https://www.ebay.es/itm/136791135549,PriceCharting
Neo Destiny,Dark Scizor,9/105,1st Edition,PSA 8,2025-11-10,380.00,USD,eBay,unknown,FALSE,,,Pokemon Dark Scizor Neo Destiny 1st Edition Holo Rare #9 PSA 8,https://www.ebay.es/itm/286909476065,PriceCharting
Neo Destiny,Dark Scizor,9/105,1st Edition,PSA 8,2025-10-06,405.00,USD,eBay,unknown,FALSE,,,2002 Pokemon Neo Destiny #9 Dark Scizor Holo 1st Edition PSA 8 9/105,https://www.ebay.es/itm/277404226754,PriceCharting
Neo Destiny,Dark Scizor,9/105,1st Edition,PSA 8,2025-09-09,474.99,USD,eBay,unknown,FALSE,,,2002 Pokemon Neo Destiny #9 Dark Scizor Holo 1st Edition PSA 8 SWIRL #9,https://www.ebay.es/itm/257099979071,PriceCharting
Neo Destiny,Dark Scizor,9/105,1st Edition,PSA 8,2025-08-26,375.00,USD,eBay,unknown,FALSE,,,2002 Pokemon Neo Destiny #9 Dark Scizor Holo 1st Edition PSA 8 NM-MINT #9,https://www.ebay.es/itm/177348943302,PriceCharting
Neo Destiny,Dark Scizor,9/105,1st Edition,PSA 8,2025-08-03,253.63,USD,eBay,unknown,FALSE,,,Pokemon Cards: Neo Destiny 1st Edition Rare Holo: Dark Scizor 9/105 PSA 8 #9,https://www.ebay.es/itm/317107214219,PriceCharting
Neo Destiny,Dark Scizor,9/105,1st Edition,PSA 8,2025-03-25,217.50,USD,eBay,unknown,FALSE,,,2002 Pokemon Neo Destiny #9 Dark Scizor Holo 1st Edition PSA 8 NM-MT,https://www.ebay.es/itm/376077459178,PriceCharting
Neo Destiny,Dark Scizor,9/105,1st Edition,PSA 8,2025-02-19,214.99,USD,eBay,unknown,FALSE,,,Pokemon PSA 8 Dark Scizor 1st Edition 9/105 Neo Destiny Wing Holo Swirl 9/105,https://www.ebay.es/itm/306057739603,PriceCharting
Neo Destiny,Dark Scizor,9/105,1st Edition,PSA 8,2024-12-05,159.99,USD,eBay,unknown,FALSE,,,2002 POKEMON NEO DESTINY 1ST EDITION #9 DARK SCIZOR-HOLO PSA 8 SWIRL #9,https://www.ebay.es/itm/286166648975,PriceCharting
Neo Destiny,Dark Scizor,9/105,1st Edition,PSA 8,2024-11-15,132.50,USD,eBay,unknown,FALSE,,,2002 POKEMON NEO DESTINY 1ST EDITION #9 DARK SCIZOR-HOLO PSA 8,https://www.ebay.es/itm/305890447645,PriceCharting
Neo Destiny,Dark Scizor,9/105,1st Edition,PSA 8,2024-10-23,130.01,USD,eBay,unknown,FALSE,,,2002 Pokemon Neo Destiny 1St Edition Dark Scizor Holo Foil Rare #9 PSA 8,https://www.ebay.es/itm/375721588172,PriceCharting
Neo Destiny,Dark Scizor,9/105,1st Edition,PSA 8,2024-07-19,130.50,USD,eBay,unknown,FALSE,,,2002 Pokemon Neo Destiny 1st Edition #9 Dark Scizor - Holo PSA 8 NM-MT,https://www.ebay.es/itm/365004618466,PriceCharting
Neo Destiny,Dark Scizor,9/105,1st Edition,PSA 8,2024-06-28,166.49,USD,eBay,unknown,FALSE,,,2002 Pokemon Neo Destiny #9 Dark Scizor Holo 1st Edition PSA 8 #9,https://www.ebay.es/itm/315458414192,PriceCharting
Neo Destiny,Dark Scizor,9/105,1st Edition,PSA 8,2024-06-26,164.73,USD,eBay,unknown,FALSE,,,2002 Pokemon Neo Destiny 1st Edition #9 Dark Scizor - Holo PSA 8 NM-MT,https://www.ebay.es/itm/387097755465,PriceCharting
Neo Destiny,Dark Scizor,9/105,Unlimited,PSA 10,2026-09-07,5640,USD,Fanatics Collect,auction,FALSE,,49450296,,https://www.fanaticscollect.com/weekly/89f96fe8-a55e-11f1-8480-02ffc8b6893d,PSA APR
Neo Destiny,Dark Scizor,9/105,Unlimited,PSA 10,2026-07-27,4270,USD,Goldin Auctions,auction,FALSE,,51743839,,https://goldin.co/item/2002-pokemon-neo-destiny-holo-9-dark-scizor-psa-gem-mt-10o4pec,PSA APR
Neo Destiny,Dark Scizor,9/105,Unlimited,PSA 10,2026-05-10,4862.00,USD,eBay,unknown,FALSE,,,Pokemon Dark Scizor Neo Destiny Unlimited Holo Rare #9 PSA 10 Gem Mint,https://www.ebay.es/itm/287307688626,PriceCharting
Neo Destiny,Dark Scizor,9/105,Unlimited,PSA 10,2026-03-26,475.00,USD,eBay,unknown,FALSE,,,Pokemon Dark Scizor Neo Destiny Unlimited Holo Rare #9 PSA 10 Gem Mint,https://www.ebay.es/itm/287232988426,PriceCharting
Neo Destiny,Dark Scizor,9/105,Unlimited,PSA 10,2025-12-13,2500.00,USD,eBay,unknown,FALSE,,,Pokemon Dark Scizor Neo Destiny Unlimited Holo Rare #9 PSA 10 Gem Mint,https://www.ebay.es/itm/287007053623,PriceCharting
Neo Destiny,Dark Scizor,9/105,Unlimited,PSA 10,2025-10-03,1020,USD,eBay,best offer,TRUE,,40965672,,https://www.ebay.com/itm/397118846981,PSA APR
Neo Destiny,Dark Scizor,9/105,Unlimited,PSA 10,2024-03-01,499.99,USD,eBay,unknown,FALSE,,,2002 Pokemon Neo Destiny 9 Dark Scizor Holo Rare Pokemon TCG Card PSA 10 #9,https://www.ebay.es/itm/116036248253,PriceCharting
Neo Destiny,Dark Scizor,9/105,Unlimited,PSA 9,2026-09-26,463.63,USD,eBay,unknown,FALSE,,,Dark Scizor Holo 9/105 PSA 9 Neo Destiny Pokemon Card Game 9/105,https://www.ebay.es/itm/287526552938,PriceCharting
Neo Destiny,Dark Scizor,9/105,Unlimited,PSA 9,2026-08-17,405.00,USD,eBay,unknown,FALSE,,,Pokemon Dark Scizor Holo Neo Destiny Unlimited 9/105 PSA 9 Mint 9/105,https://www.ebay.es/itm/287511103691,PriceCharting
Neo Destiny,Dark Scizor,9/105,Unlimited,PSA 9,2026-07-02,449.99,USD,eBay,unknown,FALSE,,,Dark Scizor Pokemon 2002 Holo Neo 4 Destiny Unlimited English 9/105 PSA 9 #9,https://www.ebay.es/itm/406944913241,PriceCharting
Neo Destiny,Dark Scizor,9/105,Unlimited,PSA 9,2026-06-21,390.00,USD,eBay,best offer,TRUE,390.00,,Pokemon 2002 Neo Destiny Dark Scizor 9/105 Holo Rare English PSA 9 9/105,https://www.ebay.es/itm/236888592502,PriceCharting
Neo Destiny,Dark Scizor,9/105,Unlimited,PSA 9,2026-06-08,109.39,USD,eBay,unknown,FALSE,,,2002 Pokemon Dark Scizor 9/105 Neo Destiny Holo MINT PSA 9,https://www.ebay.es/itm/256735428226,PriceCharting
Neo Destiny,Dark Scizor,9/105,Unlimited,PSA 9,2026-04-09,1426.41,USD,eBay,unknown,FALSE,,,2002 POKEMON NEO DESTINY #9 DARK SCIZOR HOLO SWIRL PSA 9 #9,https://www.ebay.es/itm/306853162165,PriceCharting
Neo Destiny,Dark Scizor,9/105,Unlimited,PSA 9,2026-04-04,400.00,USD,eBay,best offer,TRUE,400.00,,2002 POKEMON TCG NEO DESTINY #9/105 DARK SCIZOR HOLO RARE PSA 9 MINT 9/105,https://www.ebay.es/itm/277861708897,PriceCharting
Neo Destiny,Dark Scizor,9/105,Unlimited,PSA 9,2026-03-05,235.08,USD,eBay,best offer,TRUE,233.44,,PSA 9 Pokémon Dark Scizor Neo Destiny 9/105 Holo Unlimited,https://www.ebay.es/itm/397621821259,PriceCharting
Neo Destiny,Dark Scizor,9/105,Unlimited,PSA 9,2026-02-17,387.15,USD,eBay,unknown,FALSE,,,2002 POKEMON TCG NEO DESTINY #9/105 DARK SCIZOR HOLO RARE PSA 9 MINT,https://www.ebay.es/itm/236627277131,PriceCharting
Neo Destiny,Dark Scizor,9/105,Unlimited,PSA 9,2026-02-02,240.00,USD,eBay,best offer,TRUE,240.00,,2002 POKEMON TCG NEO DESTINY #9/105 DARK SCIZOR HOLO RARE PSA 9 MINT 9/105,https://www.ebay.es/itm/168118134963,PriceCharting
Neo Destiny,Dark Scizor,9/105,Unlimited,PSA 9,2025-12-29,450.26,USD,eBay,best offer,TRUE,,,PSA 9 DARK SCIZOR 9/105 Holo Swirl Rare Neo Destiny 2002 WOTC - Pokemon Card 9/105,https://www.ebay.es/itm/205885039512,PriceCharting
Neo Destiny,Dark Scizor,9/105,Unlimited,PSA 9,2025-11-17,208.50,USD,eBay,unknown,FALSE,,,Pokemon Dark Scizor Neo Destiny Unlimited Holo Rare #9 PSA 9 Mint,https://www.ebay.es/itm/286921881195,PriceCharting
Neo Destiny,Dark Scizor,9/105,Unlimited,PSA 9,2025-10-31,255.00,USD,eBay,unknown,FALSE,,,2002 POKEMON TCG NEO DESTINY #9/105 DARK SCIZOR HOLO RARE PSA 9 MINT 9/105,https://www.ebay.es/itm/317459787588,PriceCharting
Neo Destiny,Dark Scizor,9/105,Unlimited,PSA 9,2025-09-28,371.91,USD,eBay,unknown,FALSE,,,2002 Pokemon Neo Destiny - Dark Scizor Holo #9 MINT PSA 9,https://www.ebay.es/itm/135175850739,PriceCharting
Neo Destiny,Dark Scizor,9/105,Unlimited,PSA 9,2025-08-25,379.99,USD,eBay,unknown,FALSE,,,2002 Pokemon Neo Destiny #9 Dark Scizor Holo PSA 9 MINT #9,https://www.ebay.es/itm/177348943297,PriceCharting
Neo Destiny,Dark Scizor,9/105,Unlimited,PSA 9,2025-07-15,167.50,USD,eBay,unknown,FALSE,,,2002 Pokemon Neo Destiny #9 Dark Scizor - Holo PSA 9 MINT,https://www.ebay.es/itm/365715911349,PriceCharting
Neo Destiny,Dark Scizor,9/105,Unlimited,PSA 9,2025-05-24,215.00,USD,eBay,unknown,FALSE,,,Dark Scizor - PSA 9 - 9/105 - Holo Rare - Unlimited - Pokemon Card - Neo Destiny 9/105,https://www.ebay.es/itm/167076745846,PriceCharting
Neo Destiny,Dark Scizor,9/105,Unlimited,PSA 9,2025-04-15,199.99,USD,eBay,unknown,FALSE,,,Pokemon Neo Destiny Dark Scizor Holo PSA 9 MINT!,https://www.ebay.es/itm/267196240242,PriceCharting
Neo Destiny,Dark Scizor,9/105,Unlimited,PSA 9,2025-04-05,189.99,USD,eBay,unknown,FALSE,,,Dark Scizor Neo Destiny 9/105 Holo PSA 9 Pokemon 9/105,https://www.ebay.es/itm/267211310255,PriceCharting
Neo Destiny,Dark Scizor,9/105,Unlimited,PSA 9,2025-03-20,199.99,USD,eBay,unknown,FALSE,,,Pokemon Neo Destiny Dark Scizor Holo PSA 9 MINT!,https://www.ebay.es/itm/267139664079,PriceCharting
Neo Destiny,Dark Scizor,9/105,Unlimited,PSA 9,2025-02-28,199.99,USD,eBay,unknown,FALSE,,,2002 DARK SCIZOR HOLO RARE NEO DESTINY POKEMON TCG PSA 9 MINT #9/105 #15,https://www.ebay.es/itm/126908771833,PriceCharting
Neo Destiny,Dark Scizor,9/105,Unlimited,PSA 8,2026-09-02,300.00,USD,eBay,best offer,TRUE,300.00,,Pokemon Dark Scizor Neo Destiny Unlimited Holo Rare #9 PSA 8 #9,https://www.ebay.es/itm/407170373935,PriceCharting
Neo Destiny,Dark Scizor,9/105,Unlimited,PSA 8,2026-08-08,315.00,USD,eBay,best offer,TRUE,315.00,,Pokemon Dark Scizor Neo Destiny Holo Rare #9 PSA 8 NM-MT | SWIRL On Wing WOTC,https://www.ebay.es/itm/147489184536,PriceCharting
Neo Destiny,Dark Scizor,9/105,Unlimited,PSA 8,2026-08-03,267.69,USD,eBay,unknown,FALSE,,,Pokemon Dark Scizor Holo Neo Destiny Unlimited 9/105 PSA 8 9/105,https://www.ebay.es/itm/287481976521,PriceCharting
Neo Destiny,Dark Scizor,9/105,Unlimited,PSA 8,2026-07-13,294.00,USD,eBay,unknown,FALSE,,,Pokemon Dark Scizor Holo Neo Destiny Unlimited 9/105 PSA 8 9/105,https://www.ebay.es/itm/287433884697,PriceCharting
Neo Destiny,Dark Scizor,9/105,Unlimited,PSA 8,2026-07-01,300.00,USD,eBay,best offer,TRUE,300.00,,2002 POKEMON NEO DESTINY #9 DARK SCIZOR-HOLO PSA 8 #9,https://www.ebay.es/itm/117233667054,PriceCharting
Neo Destiny,Dark Scizor,9/105,Unlimited,PSA 8,2026-06-15,274.00,USD,eBay,unknown,FALSE,,,2002 POKEMON NEO DESTINY #9 DARK SCIZOR-HOLO PSA 8 #9,https://www.ebay.es/itm/298385749269,PriceCharting
Neo Destiny,Dark Scizor,9/105,Unlimited,PSA 8,2026-06-08,345.00,USD,eBay,unknown,FALSE,,,Dark Scizor 2002 Pokemon Neo Destiny #9 SWIRL Holo PSA 8 9/105,https://www.ebay.es/itm/157957940012,PriceCharting
Neo Destiny,Dark Scizor,9/105,Unlimited,PSA 8,2026-05-25,227.50,USD,eBay,unknown,FALSE,,,2002 Pokemon Neo Destiny 9 Dark Scizor Holo Rare PSA 8 Near Mint 009/105,https://www.ebay.es/itm/406932966428,PriceCharting
Neo Destiny,Dark Scizor,9/105,Unlimited,PSA 8,2026-05-20,254.62,USD,eBay,best offer,TRUE,245.85,,PSA 8 Dark Scizor 9/105 Neo Destiny Unlimited Holo Rare Pokemon TCG NM-MT,https://www.ebay.es/itm/178031450573,PriceCharting
Neo Destiny,Dark Scizor,9/105,Unlimited,PSA 8,2026-05-14,280.00,USD,eBay,unknown,FALSE,,,2002 POKEMON NEO DESTINY #9 DARK SCIZOR-HOLO PSA 8 #9,https://www.ebay.es/itm/117168725565,PriceCharting
Neo Destiny,Dark Scizor,9/105,Unlimited,PSA 8,2026-04-24,379.95,USD,eBay,unknown,FALSE,,,PSA 8 2002 Pokemon Neo Destiny Dark Scizor Holo 9/105 New Cert Graded Card 9/105,https://www.ebay.es/itm/298151139339,PriceCharting
Neo Destiny,Dark Scizor,9/105,Unlimited,PSA 8,2026-03-31,235.50,USD,eBay,unknown,FALSE,,,2002 Pokemon Neo Destiny #9 Dark Scizor Holo PSA 8 NM-MT,https://www.ebay.es/itm/377057089597,PriceCharting
Neo Destiny,Dark Scizor,9/105,Unlimited,PSA 8,2026-02-24,280.00,USD,eBay,best offer,TRUE,,,2002 POKEMON NEO DESTINY #9 DARK SCIZOR-HOLO PSA 8 #9,https://www.ebay.es/itm/298035798538,PriceCharting
Neo Destiny,Dark Scizor,9/105,Unlimited,PSA 8,2026-02-22,369.69,USD,eBay,unknown,FALSE,,,2002 POKEMON NEO DESTINY #9 DARK SCIZOR-HOLO PSA 8 #9,https://www.ebay.es/itm/117029011454,PriceCharting
Neo Destiny,Dark Scizor,9/105,Unlimited,PSA 8,2026-01-27,215.00,USD,eBay,unknown,FALSE,,,2002 POKEMON NEO DESTINY #9 DARK SCIZOR-HOLO PSA 8 #9,https://www.ebay.es/itm/116999051105,PriceCharting
Neo Destiny,Dark Scizor,9/105,Unlimited,PSA 8,2026-01-22,195.00,USD,eBay,best offer,TRUE,195.00,,2002 POKEMON NEO DESTINY #9 DARK SCIZOR-HOLO PSA 8 9/105,https://www.ebay.es/itm/167880141947,PriceCharting
Neo Destiny,Dark Scizor,9/105,Unlimited,PSA 8,2025-12-21,143.00,USD,eBay,unknown,FALSE,,,2002 POKEMON NEO DESTINY #9 DARK SCIZOR-HOLO PSA 8 #9,https://www.ebay.es/itm/116925893471,PriceCharting
Neo Destiny,Dark Scizor,9/105,Unlimited,PSA 8,2025-11-03,170.00,USD,eBay,best offer,TRUE,,,2002 POKEMON NEO DESTINY #9 DARK SCIZOR-HOLO PSA 8 9/105,https://www.ebay.es/itm/297716661832,PriceCharting
Neo Destiny,Dark Scizor,9/105,Unlimited,PSA 8,2025-10-23,150.73,USD,eBay,unknown,FALSE,,,2002 POKEMON NEO DESTINY #9 DARK SCIZOR-HOLO PSA 8 #9,https://www.ebay.es/itm/116820498258,PriceCharting
Neo Destiny,Dark Scizor,9/105,Unlimited,PSA 8,2025-10-05,124.99,USD,eBay,unknown,FALSE,,,2002 POKEMON NEO DESTINY #9 DARK SCIZOR-HOLO PSA 8 #9,https://www.ebay.es/itm/397123537979,PriceCharting
Neo Destiny,Dark Typhlosion,10/105,1st Edition,PSA 10,2026-09-29,22000,USD,eBay,BIN,FALSE,,46543221,,https://www.ebay.com/itm/307192287141,PSA APR
Neo Destiny,Dark Typhlosion,10/105,1st Edition,PSA 10,2026-09-19,12999,USD,Fanatics Collect,best offer,TRUE,,28952845,,https://www.fanaticscollect.com/buy-now/3619ebfc-baea-4fdc-ae37-325c7a7f3b7d,PSA APR
Neo Destiny,Dark Typhlosion,10/105,1st Edition,PSA 10,2026-09-18,12000.00,USD,eBay,unknown,FALSE,,,2002 POKEMON NEO DESTINY 1ST EDITION #10 DARK TYPHLOSION-HOLO PSA 10 #10,https://www.ebay.es/itm/307162043127,PriceCharting
Neo Destiny,Dark Typhlosion,10/105,1st Edition,PSA 10,2026-09-18,11475.00,USD,eBay,unknown,FALSE,,,Pokemon Dark Typhlosion Neo Destiny 1st Edition Holo Rare #10 PSA 10 Gem Mint,https://www.ebay.es/itm/287215053803,PriceCharting
Neo Destiny,Dark Typhlosion,10/105,1st Edition,PSA 10,2026-08-31,6499.99,USD,eBay,unknown,FALSE,,,PSA 10 GEM MINT Dark Typhlosion 10/105 HOLO Neo Destiny 1ST EDITION Pokemon Card,https://www.ebay.es/itm/318677150837,PriceCharting
Neo Destiny,Dark Typhlosion,10/105,1st Edition,PSA 10,2026-08-30,6850.00,USD,eBay,unknown,FALSE,,,Pokemon Dark Typhlosion Holo Neo Destiny 10/105 1st Edition PSA 10 Gem Mint 10/105,https://www.ebay.es/itm/287541279273,PriceCharting
Neo Destiny,Dark Typhlosion,10/105,1st Edition,PSA 10,2026-08-29,6475.00,USD,eBay,unknown,FALSE,,,2002 POKEMON NEO DESTINY 1ST EDITION #10 DARK TYPHLOSION-HOLO PSA 10 #10,https://www.ebay.es/itm/307106956779,PriceCharting
Neo Destiny,Dark Typhlosion,10/105,1st Edition,PSA 10,2026-08-29,6500.00,USD,eBay,unknown,FALSE,,,Pokemon Dark Typhlosion Neo Destiny 1st Edition Holo Rare #10 PSA 10 Gem Mint,https://www.ebay.es/itm/287376134118,PriceCharting
Neo Destiny,Dark Typhlosion,10/105,1st Edition,PSA 10,2026-07-30,4910.00,USD,eBay,unknown,FALSE,,,POKEMON DARK TYPHLOSION 2002 NEO DESTINY #10 HOLO 1ST EDITION PSA 10 #10,https://www.ebay.es/itm/800391587985,PriceCharting
Neo Destiny,Dark Typhlosion,10/105,1st Edition,PSA 10,2026-07-27,5427.00,USD,eBay,unknown,FALSE,,,Pokemon 2002 Dark Typhlosion 10/105 Holo 1st Edition Neo Destiny GEM MINT PSA 10 10/105,https://www.ebay.es/itm/407078826886,PriceCharting
Neo Destiny,Dark Typhlosion,10/105,1st Edition,PSA 10,2026-07-19,5000.00,USD,eBay,unknown,FALSE,,,Pokémon - Dark Typhlosion Holo Neo Destiny 1st Edition #10 PSA 10,https://www.ebay.es/itm/188369013610,PriceCharting
Neo Destiny,Dark Typhlosion,10/105,1st Edition,PSA 10,2026-05-14,5125,USD,Heritage Auctions,auction,FALSE,,28952845,,https://comics.ha.com/itm/memorabilia/trading-cards/pokemon-dark-typhlosion-10-1st-edition-neo-destiny-psa-trading-card-game-gem-mint-10-wizards-of-the-coast-2002-rare-holo/a/43246-78113.s?type=DA-DMC-CardLadder-TradingCardGames-43246-05142026,PSA APR
Neo Destiny,Dark Typhlosion,10/105,1st Edition,PSA 10,2026-05-10,5000,USD,eBay,BIN,FALSE,,27867072,,https://www.ebay.com/itm/188369013610,PSA APR
Neo Destiny,Dark Typhlosion,10/105,1st Edition,PSA 10,2026-05-04,4800,USD,Fanatics Collect,auction,FALSE,,24742992,,https://www.fanaticscollect.com/weekly/29d33444-3daa-11f1-93ed-02d1f8f86e29,PSA APR
Neo Destiny,Dark Typhlosion,10/105,1st Edition,PSA 10,2026-04-13,6900,USD,Fanatics Collect,auction,FALSE,,40987070,,https://www.fanaticscollect.com/weekly/aa4c1752-31df-11f1-b504-0a58a9feac02,PSA APR
Neo Destiny,Dark Typhlosion,10/105,1st Edition,PSA 10,2026-04-06,5640,USD,Fanatics Collect,auction,FALSE,,41261593,,https://www.fanaticscollect.com/weekly/dcac22c6-1eef-11f1-a53f-0a58a9feac02,PSA APR
Neo Destiny,Dark Typhlosion,10/105,1st Edition,PSA 10,2026-03-22,5611.02,USD,eBay,unknown,FALSE,,,2002 POKEMON NEO DESTINY 1ST EDITION #10/105 DARK TYPHLOSION HOLO RARE PSA 10 10/105,https://www.ebay.es/itm/206136288956,PriceCharting
Neo Destiny,Dark Typhlosion,10/105,1st Edition,PSA 10,2025-12-01,4000,USD,eBay,best offer,TRUE,,25503484,,https://www.ebay.com/itm/406324290554,PSA APR
Neo Destiny,Dark Typhlosion,10/105,1st Edition,PSA 10,2025-10-06,2040,USD,Fanatics Collect,auction,FALSE,,41261593,,https://www.fanaticscollect.com/weekly/81c556ea-9801-11f0-8673-02d93b7d50ab,PSA APR
Neo Destiny,Dark Typhlosion,10/105,1st Edition,PSA 10,2025-09-07,2411.00,USD,eBay,unknown,FALSE,,,Pokemon Dark Typhlosion Neo Destiny 1st Edition Holo Rare #10 PSA 10 Gem Mint,https://www.ebay.es/itm/286791318529,PriceCharting
Neo Destiny,Dark Typhlosion,10/105,1st Edition,PSA 10,2025-08-14,1800.00,USD,eBay,unknown,FALSE,,,2002 Pokémon Dark Typhlosion Neo Destiny Holo Card #10/105 PSA 10 - 1st Edition 10/105,https://www.ebay.es/itm/297483390746,PriceCharting
Neo Destiny,Dark Typhlosion,10/105,1st Edition,PSA 10,2025-07-26,2125.3,USD,eBay,auction,FALSE,,49076570,,https://www.ebay.com/itm/286707972366,PSA APR
Neo Destiny,Dark Typhlosion,10/105,1st Edition,PSA 10,2025-07-23,1999.99,USD,eBay,unknown,FALSE,,,Pokemon Neo Destiny Dark Typhlosion 1st Edition Holo Rare #10 PSA 10 Gem Mint #10,https://www.ebay.es/itm/277253351082,PriceCharting
Neo Destiny,Dark Typhlosion,10/105,1st Edition,PSA 10,2025-06-18,2000.00,USD,eBay,unknown,FALSE,,,2002 POKEMON NEO DESTINY 1ST ED #10 DARK TYPHLOSION-HOLO PSA 10 #10,https://www.ebay.es/itm/306332401189,PriceCharting
Neo Destiny,Dark Typhlosion,10/105,1st Edition,PSA 10,2025-06-02,2000,USD,eBay,best offer,TRUE,,69976195,,https://www.ebay.com/itm/306332401189,PSA APR
Neo Destiny,Dark Typhlosion,10/105,1st Edition,PSA 10,2025-05-12,1480.00,USD,eBay,unknown,FALSE,,,2002 Pokemon Neo Destiny 1st Edition RARE #10 Dark Typhlosion HOLO PSA 10 GEM MT,https://www.ebay.es/itm/335957315347,PriceCharting
Neo Destiny,Dark Typhlosion,10/105,1st Edition,PSA 10,2025-05-11,1855,USD,eBay,auction,FALSE,,41402271,,https://www.ebay.com/itm/286538288400,PSA APR
Neo Destiny,Dark Typhlosion,10/105,1st Edition,PSA 10,2025-04-18,1839.99,USD,eBay,unknown,FALSE,,,2002 POKEMON NEO DESTINY 1ST ED #10 DARK TYPHLOSION-HOLO PSA 10 #10,https://www.ebay.es/itm/306002208059,PriceCharting
Neo Destiny,Dark Typhlosion,10/105,1st Edition,PSA 10,2025-04-17,1899.99,USD,eBay,unknown,FALSE,,,2002 POKEMON NEO DESTINY 1ST ED #10 DARK TYPHLOSION HOLO PSA 10 GRADED CARD #10,https://www.ebay.es/itm/267223009581,PriceCharting
Neo Destiny,Dark Typhlosion,10/105,1st Edition,PSA 10,2025-04-04,1536.00,USD,eBay,unknown,FALSE,,,2002 Pokemon Neo Destiny 1st Edition RARE #10 Dark Typhlosion HOLO PSA 10 GEM MT,https://www.ebay.es/itm/365486005508,PriceCharting
Neo Destiny,Dark Typhlosion,10/105,1st Edition,PSA 10,2025-03-16,1839.99,USD,eBay,BIN,FALSE,,92229050,,https://www.ebay.com/itm/306002208059,PSA APR
Neo Destiny,Dark Typhlosion,10/105,1st Edition,PSA 10,2025-02-20,1425,USD,Fanatics Collect,BIN,FALSE,,41265343,,https://www.fanaticscollect.com/fixed/59557edc-da93-11ef-87aa-0a58a9feac02,PSA APR
Neo Destiny,Dark Typhlosion,10/105,1st Edition,PSA 10,2024-11-12,775.13,USD,eBay,unknown,FALSE,,,Dark Typhlosion 1st Edition Holo Neo Destiny PSA 10 Pokemon,https://www.ebay.es/itm/405217406585,PriceCharting
Neo Destiny,Dark Typhlosion,10/105,1st Edition,PSA 10,2024-11-10,715.00,USD,eBay,unknown,FALSE,,,2002 POKEMON NEO DESTINY 1ST EDITION #10 DARK TYPHLOSION-HOLO PSA 10,https://www.ebay.es/itm/305877241336,PriceCharting
Neo Destiny,Dark Typhlosion,10/105,1st Edition,PSA 10,2024-11-08,777.69,USD,eBay,unknown,FALSE,,,Dark Typhlosion 1st Edition Holo Neo Destiny PSA 10 Pokemon,https://www.ebay.es/itm/405217405838,PriceCharting
Neo Destiny,Dark Typhlosion,10/105,1st Edition,PSA 10,2024-10-14,979.26,USD,eBay,unknown,FALSE,,,Pokemon Neo Destiny 1st. Edition Dark Typhlosion Holo PSA 10 Gem Mint -WOTC 2002,https://www.ebay.es/itm/276685182067,PriceCharting
Neo Destiny,Dark Typhlosion,10/105,1st Edition,PSA 10,2024-08-04,595.00,USD,eBay,unknown,FALSE,,,Pokemon Dark Typhlosion Neo Destiny 1st Edition Holo Rare #10 PSA 10 Gem Mint,https://www.ebay.es/itm/285983382370,PriceCharting
Neo Destiny,Dark Typhlosion,10/105,1st Edition,PSA 10,2024-07-21,609.00,USD,eBay,unknown,FALSE,,,Pokemon Dark Typhlosion Neo Destiny 1st Edition Holo Rare #10 PSA 10 Gem Mint,https://www.ebay.es/itm/285955532230,PriceCharting
Neo Destiny,Dark Typhlosion,10/105,1st Edition,PSA 10,2024-06-18,599.99,USD,eBay,unknown,FALSE,,,2002 Pokemon PSA 10 1st Edition Dark Typhlosion Holo - 10/105 Neo Destiny GEM 10/105,https://www.ebay.es/itm/335445755704,PriceCharting
Neo Destiny,Dark Typhlosion,10/105,1st Edition,PSA 10,2024-04-19,789.51,USD,eBay,unknown,FALSE,,,Dark Typhlosion 1st Edition Holo Neo Destiny PSA 10 Pokemon 2002 Trading Card,https://www.ebay.es/itm/156151068323,PriceCharting
Neo Destiny,Dark Typhlosion,10/105,1st Edition,PSA 10,2024-01-28,685.00,USD,eBay,unknown,FALSE,,,Pokemon Dark Typhlosion Neo Destiny 1st Edition Holo Rare #10 PSA 10 Gem Mint,https://www.ebay.es/itm/285659681796,PriceCharting
Neo Destiny,Dark Typhlosion,10/105,1st Edition,PSA 9,2026-09-29,1500.00,USD,eBay,unknown,FALSE,,,2002 POKEMON NEO DESTINY 1ST EDITION #10 DARK TYPHLOSION-HOLO PSA 9 #10,https://www.ebay.es/itm/117425667122,PriceCharting
Neo Destiny,Dark Typhlosion,10/105,1st Edition,PSA 9,2026-09-27,972.28,USD,eBay,best offer,TRUE,965.85,,PSA 9 Dark Typhlosion 1st Edition - 10/105 - Neo Destiny - Pokemon - Read Desc. 10/105,https://www.ebay.es/itm/407248379482,PriceCharting
Neo Destiny,Dark Typhlosion,10/105,1st Edition,PSA 9,2026-09-24,1199.99,USD,eBay,unknown,FALSE,,,Pokemon Dark Typhlosion Holo Neo Destiny 10/105 1st Edition PSA 9 10/105,https://www.ebay.es/itm/278300815677,PriceCharting
Neo Destiny,Dark Typhlosion,10/105,1st Edition,PSA 9,2026-09-18,999.99,USD,eBay,unknown,FALSE,,,2002 Pokemon TCG Neo Destiny Dark Typhlosion 10/105 Holo 1st Ed PSA 9 10/105,https://www.ebay.es/itm/198594538740,PriceCharting
Neo Destiny,Dark Typhlosion,10/105,1st Edition,PSA 9,2026-09-14,1050.00,USD,eBay,unknown,FALSE,,,2002 Pokemon Neo Destiny 1st Edition Dark Typhlosion Holo #10/105 PSA 9,https://www.ebay.es/itm/377480854896,PriceCharting
Neo Destiny,Dark Typhlosion,10/105,1st Edition,PSA 9,2026-09-14,1060.00,USD,eBay,unknown,FALSE,,,2002 POKEMON NEO DESTINY 1ST EDITION #10 DARK TYPHLOSION-HOLO PSA 9 #10,https://www.ebay.es/itm/117385266896,PriceCharting
Neo Destiny,Dark Typhlosion,10/105,1st Edition,PSA 9,2026-09-01,1219.41,USD,eBay,unknown,FALSE,,,Dark Typhlosion-Holo 1st Edition Pokemon Neo Destiny 10 PSA 9 #10,https://www.ebay.es/itm/206500818871,PriceCharting
Neo Destiny,Dark Typhlosion,10/105,1st Edition,PSA 9,2026-08-17,948.43,USD,eBay,best offer,TRUE,928.47,,Dark Typhlosion Holo 10/105 PSA 9 1st Edition Neo Destiny Pokemon 10/105,https://www.ebay.es/itm/168620996138,PriceCharting
Neo Destiny,Dark Typhlosion,10/105,1st Edition,PSA 9,2026-08-17,940.00,USD,eBay,unknown,FALSE,,,Pokemon Dark Typhlosion Holo Neo Destiny 10/105 1st Edition PSA 9 Mint 10/105,https://www.ebay.es/itm/287511103155,PriceCharting
Neo Destiny,Dark Typhlosion,10/105,1st Edition,PSA 9,2026-07-13,970.00,USD,eBay,unknown,FALSE,,,Pokemon Dark Typhlosion Holo Neo Destiny 10/105 1st Edition PSA 9 10/105,https://www.ebay.es/itm/287433885569,PriceCharting
Neo Destiny,Dark Typhlosion,10/105,1st Edition,PSA 9,2026-07-13,810.00,USD,eBay,unknown,FALSE,,,Pokemon Dark Typhlosion Holo Neo Destiny 10/105 1st Edition PSA 9 Mint 10/105,https://www.ebay.es/itm/287435737261,PriceCharting
Neo Destiny,Dark Typhlosion,10/105,1st Edition,PSA 9,2026-07-04,800.00,USD,eBay,unknown,FALSE,,,Nintendo 2002 Pokemon Neo Destiny Dark Typhlosion Holo 1st Ed 10/105 PSA 9 10/105,https://www.ebay.es/itm/236908170746,PriceCharting
Neo Destiny,Dark Typhlosion,10/105,1st Edition,PSA 9,2026-04-24,1217.88,USD,eBay,best offer,TRUE,1193.75,,PSA 9 Mint Dark Typhlosion 1st Edition 10/105 Holo Neo Destiny Pokemon SWIRL 10/105,https://www.ebay.es/itm/318168813422,PriceCharting
Neo Destiny,Dark Typhlosion,10/105,1st Edition,PSA 9,2026-04-12,650.00,USD,eBay,unknown,FALSE,,,Pokemon Dark Typhlosion Neo Destiny 1st Edition Holo Rare #10 PSA 9 Mint,https://www.ebay.es/itm/287247568648,PriceCharting
Neo Destiny,Dark Typhlosion,10/105,1st Edition,PSA 9,2026-03-25,599.98,USD,eBay,unknown,FALSE,,,2002 POKEMON NEO DESTINY 1ST ED #10 DARK TYPHLOSION-HOLO PSA 9 10/105,https://www.ebay.es/itm/298158713452,PriceCharting
Neo Destiny,Dark Typhlosion,10/105,1st Edition,PSA 9,2026-03-11,499.99,USD,eBay,unknown,FALSE,,,PSA 9 DARK TYPHLOSION 10/105 1st Edition Neo Destiny Pokémon Card Mint 10/105,https://www.ebay.es/itm/274755342687,PriceCharting
Neo Destiny,Dark Typhlosion,10/105,1st Edition,PSA 9,2026-03-10,599.99,USD,eBay,unknown,FALSE,,,2002 POKEMON NEO DESTINY 1ST ED #10 DARK TYPHLOSION-HOLO PSA 9 #10,https://www.ebay.es/itm/358244314213,PriceCharting
Neo Destiny,Dark Typhlosion,10/105,1st Edition,PSA 9,2026-01-17,431.22,USD,eBay,unknown,FALSE,,,PSA 9 1ST EDITION DARK TYPHLOSION 10/105 - POKEMON NEO DESTINY 2002,https://www.ebay.es/itm/234925488216,PriceCharting
Neo Destiny,Dark Typhlosion,10/105,1st Edition,PSA 9,2026-01-17,500.00,USD,eBay,unknown,FALSE,,,2002 POKEMON NEO DESTINY 1ST ED #10 DARK TYPHLOSION-HOLO PSA 9 #10,https://www.ebay.es/itm/306699141969,PriceCharting
Neo Destiny,Dark Typhlosion,10/105,1st Edition,PSA 9,2026-01-12,475.00,USD,eBay,best offer,TRUE,475.00,,2002 POKEMON NEO DESTINY DARK TYPHLOSION HOLO 1ST EDITION PSA 9,https://www.ebay.es/itm/116875817529,PriceCharting
Neo Destiny,Dark Typhlosion,10/105,1st Edition,PSA 9,2026-01-07,411.00,USD,eBay,unknown,FALSE,,,DARK TYPHLOSION 2002 POKEMON NEO DESTINY 1ST EDITION RARE HOLO PSA 9 Q1739,https://www.ebay.es/itm/277615514034,PriceCharting
Neo Destiny,Dark Typhlosion,10/105,1st Edition,PSA 9,2026-01-02,485.00,USD,eBay,unknown,FALSE,,,Pokémon Dark Typhlosion Neo Destiny Holo Mouth Swirl 1st Edition 10/105 PSA 9 10/105,https://www.ebay.es/itm/376758748727,PriceCharting
Neo Destiny,Dark Typhlosion,10/105,1st Edition,PSA 9,2025-11-26,475.00,USD,eBay,unknown,FALSE,,,Pokémon Dark Typhlosion Neo Destiny Holo Mouth Swirl 1st Edition 10/105 PSA 9 10/105,https://www.ebay.es/itm/157450644362,PriceCharting
Neo Destiny,Dark Typhlosion,10/105,1st Edition,PSA 9,2025-11-01,350.59,USD,eBay,best offer,TRUE,,,PSA 9 1st Edition Neo Destiny Dark Typhlosion 10/105 Holo Rare Pokemon TCG,https://www.ebay.es/itm/305522841675,PriceCharting
Neo Destiny,Dark Typhlosion,10/105,1st Edition,PSA 9,2025-10-04,500.00,USD,eBay,unknown,FALSE,,,Pokemon 1st Edition HOLO DARK TYPHLOSION 2002 Neo Destiny PSA 9 MINT,https://www.ebay.es/itm/267205941737,PriceCharting
Neo Destiny,Dark Typhlosion,10/105,1st Edition,PSA 8,2026-09-27,750.00,USD,eBay,best offer,TRUE,750.00,,Dark Typhlosion 10/105 2002 Pokémon Neo Destiny Holo 1st Edition PSA 8 10/105,https://www.ebay.es/itm/206533544350,PriceCharting
Neo Destiny,Dark Typhlosion,10/105,1st Edition,PSA 8,2026-09-13,590.00,USD,eBay,unknown,FALSE,,,Pokemon Dark Typhlosion Holo Neo Destiny 10/105 1st Edition PSA 8 10/105,https://www.ebay.es/itm/287565389488,PriceCharting
Neo Destiny,Dark Typhlosion,10/105,1st Edition,PSA 8,2026-08-15,699.99,USD,eBay,unknown,FALSE,,,Dark Typhlosion 10/105 2002 Pokémon Neo Destiny Holo 1st Edition PSA 8 10/105,https://www.ebay.es/itm/206466495908,PriceCharting
Neo Destiny,Dark Typhlosion,10/105,1st Edition,PSA 8,2026-08-09,655.00,USD,eBay,unknown,FALSE,,,Pokemon Dark Typhlosion Holo Neo Destiny 10/105 1st Edition PSA 8 10/105,https://www.ebay.es/itm/287495389209,PriceCharting
Neo Destiny,Dark Typhlosion,10/105,1st Edition,PSA 8,2026-07-02,749.99,USD,eBay,unknown,FALSE,,,Dark Typhlosion 10/105 2002 Pokémon Neo Destiny Holo 1st Edition PSA 8 10/105,https://www.ebay.es/itm/188583226543,PriceCharting
Neo Destiny,Dark Typhlosion,10/105,1st Edition,PSA 8,2026-07-02,646.00,USD,eBay,unknown,FALSE,,,POKEMON DARK TYPHLOSION-HOLO 2002 NEO DESTINY #10 1ST EDITION PSA 8 #10,https://www.ebay.es/itm/800238134658,PriceCharting
Neo Destiny,Dark Typhlosion,10/105,1st Edition,PSA 8,2026-06-15,610.00,USD,eBay,unknown,FALSE,,,2002 POKEMON NEO DESTINY 1ST EDITION #10 DARK TYPHLOSION-HOLO PSA 8 #10,https://www.ebay.es/itm/306975274179,PriceCharting
Neo Destiny,Dark Typhlosion,10/105,1st Edition,PSA 8,2026-04-17,400.00,USD,eBay,unknown,FALSE,,,PSA 8 Dark Typhlosion 1st Edition 10/105 Holo - Neo Destiny (2002) Pokemon 10/105,https://www.ebay.es/itm/257461860837,PriceCharting
Neo Destiny,Dark Typhlosion,10/105,1st Edition,PSA 8,2026-01-26,330.99,USD,eBay,unknown,FALSE,,,2002 POKEMON NEO DESTINY 1ST ED #10 DARK TYPHLOSION-HOLO PSA 8 #10,https://www.ebay.es/itm/397500625263,PriceCharting
Neo Destiny,Dark Typhlosion,10/105,1st Edition,PSA 8,2025-12-23,324.99,USD,eBay,unknown,FALSE,,,Pokemon Neo Destiny #10 Dark Typhlosion Holo 1st Edition PSA 8 WITH SWIRL 💫 #10,https://www.ebay.es/itm/397210265022,PriceCharting
Neo Destiny,Dark Typhlosion,10/105,1st Edition,PSA 8,2025-11-10,261.00,USD,eBay,unknown,FALSE,,,Pokemon Dark Typhlosion Neo Destiny 1st Edition Holo Rare #10 PSA 8,https://www.ebay.es/itm/286909476063,PriceCharting
Neo Destiny,Dark Typhlosion,10/105,1st Edition,PSA 8,2025-09-29,330.00,USD,eBay,unknown,FALSE,,,2002 Pokemon Neo Destiny #10 Dark Typhlosion Holo 1st Edition PSA 8 NM-MINT #10,https://www.ebay.es/itm/177348943293,PriceCharting
Neo Destiny,Dark Typhlosion,10/105,1st Edition,PSA 8,2025-08-31,300.00,USD,eBay,unknown,FALSE,,,Pokemon Dark Typhlosion Neo Destiny 1st Edition Holo Rare #10 PSA 8,https://www.ebay.es/itm/286779194351,PriceCharting
Neo Destiny,Dark Typhlosion,10/105,1st Edition,PSA 8,2025-07-24,206.75,USD,eBay,unknown,FALSE,,,2002 POKEMON NEO DESTINY 1ST EDITION #10/105 DARK TYPHLOSION HOLO PSA 8,https://www.ebay.es/itm/205620624484,PriceCharting
Neo Destiny,Dark Typhlosion,10/105,1st Edition,PSA 8,2025-06-22,283.93,USD,eBay,unknown,FALSE,,,PSA 8 NM-MT Pokemon Dark Typhlosion Neo Destiny 1st Edition Holo #10 2002,https://www.ebay.es/itm/196480170124,PriceCharting
Neo Destiny,Dark Typhlosion,10/105,1st Edition,PSA 8,2025-04-28,190.50,USD,eBay,unknown,FALSE,,,Pokemon Dark Typhlosion Neo Destiny 1st Edition Holo Rare #10 PSA 8,https://www.ebay.es/itm/286502145901,PriceCharting
Neo Destiny,Dark Typhlosion,10/105,1st Edition,PSA 8,2025-04-10,194.99,USD,eBay,unknown,FALSE,,,PSA 8 1ST EDITION Dark Typhlosion #10 Neo Destiny Holo Rare Pokemon 2002 Mint #10,https://www.ebay.es/itm/396425173638,PriceCharting
Neo Destiny,Dark Typhlosion,10/105,1st Edition,PSA 8,2025-01-25,197.50,USD,eBay,unknown,FALSE,,,PSA 8 Dark Typhlosion NM-MT 1st Edition Neo Destiny HOLO CLEAN 2002 Pokemon TCG,https://www.ebay.es/itm/396133381480,PriceCharting
Neo Destiny,Dark Typhlosion,10/105,1st Edition,PSA 8,2024-12-29,169.31,USD,eBay,unknown,FALSE,,,2002 POKEMON NEO DESTINY 10 DARK TYPHLOSION HOLO 1ST EDITION PSA 8,https://www.ebay.es/itm/135452420058,PriceCharting
Neo Destiny,Dark Typhlosion,10/105,1st Edition,PSA 8,2024-12-28,161.49,USD,eBay,unknown,FALSE,,,2002 Pokemon Neo Destiny 1st Edition Holo Dark Typhlosion #10 PSA 8 NM-MT CLEAN #10,https://www.ebay.es/itm/226503809955,PriceCharting
Neo Destiny,Dark Typhlosion,10/105,1st Edition,PSA 8,2024-11-28,163.50,USD,eBay,unknown,FALSE,,,2002 POKEMON NEO DESTINY 1ST EDITION #10 DARK TYPHLOSION-HOLO PSA 8,https://www.ebay.es/itm/305920769070,PriceCharting
Neo Destiny,Dark Typhlosion,10/105,1st Edition,PSA 8,2024-11-03,162.50,USD,eBay,unknown,FALSE,,,Vintage (2002) Pokémon TCG Neo Destiny 1st Edition Dark Typhlosion 10 Holo PSA 8 10/105,https://www.ebay.es/itm/335607365850,PriceCharting
Neo Destiny,Dark Typhlosion,10/105,1st Edition,PSA 8,2024-09-29,183.50,USD,eBay,unknown,FALSE,,,Vintage (2002) Pokémon TCG Neo Destiny 1st Edition Dark Typhlosion 10 Holo PSA 8 10/105,https://www.ebay.es/itm/395715391057,PriceCharting
Neo Destiny,Dark Typhlosion,10/105,1st Edition,PSA 8,2024-09-22,159.56,USD,eBay,unknown,FALSE,,,Pokemon Card PSA 8 NM-MT Dark Typhlosion Neo Destiny 1st Edition Holo 10/105,https://www.ebay.es/itm/156405880333,PriceCharting
Neo Destiny,Dark Typhlosion,10/105,1st Edition,PSA 8,2024-09-02,195.00,USD,eBay,unknown,FALSE,,,2002 Pokemon Neo Destiny 1st Edition Holo Dark Typhlosion #10 PSA 8 NM-MT SWIRL #10,https://www.ebay.es/itm/226321500446,PriceCharting
Neo Destiny,Dark Typhlosion,10/105,1st Edition,PSA 8,2024-08-20,155.00,USD,eBay,unknown,FALSE,,,2002 Pokemon Neo Destiny 1st Edition Holo Dark Typhlosion #10 PSA 8 NM-MT #10,https://www.ebay.es/itm/186644236923,PriceCharting
Neo Destiny,Dark Typhlosion,10/105,Unlimited,PSA 10,2026-09-11,3999.99,USD,eBay,unknown,FALSE,,,2002 POKEMON NEO DESTINY #10 DARK TYPHLOSION-HOLO PSA 10 #10,https://www.ebay.es/itm/298633347981,PriceCharting
Neo Destiny,Dark Typhlosion,10/105,Unlimited,PSA 10,2026-08-31,3500.00,USD,eBay,unknown,FALSE,,,Pokemon Dark Typhlosion Unlimited Holo #10 PSA 10 Gem Mint 10/105,https://www.ebay.es/itm/267771582288,PriceCharting
Neo Destiny,Dark Typhlosion,10/105,Unlimited,PSA 10,2026-08-13,3174.05,USD,eBay,BIN,FALSE,,48756587,,https://www.ebay.com/itm/358916186552,PSA APR
Neo Destiny,Dark Typhlosion,10/105,Unlimited,PSA 10,2026-07-27,2928,USD,Goldin Auctions,auction,FALSE,,51743840,,https://goldin.co/item/2002-pokemon-neo-destiny-holo-10-dark-typhlosion-psa-gem-mt-10vav72,PSA APR
Neo Destiny,Dark Typhlosion,10/105,Unlimited,PSA 10,2026-06-12,3500.00,USD,eBay,unknown,FALSE,,,PSA 10 GEM MINT Dark Typhlosion 10/105 HOLO Neo Destiny RARE Pokemon Card 10/105,https://www.ebay.es/itm/406871639182,PriceCharting
Neo Destiny,Dark Typhlosion,10/105,Unlimited,PSA 10,2026-05-19,2750.00,USD,eBay,unknown,FALSE,,,2002 POKEMON NEO DESTINY #10 DARK TYPHLOSION-HOLO PSA 10 #10,https://www.ebay.es/itm/117194370769,PriceCharting
Neo Destiny,Dark Typhlosion,10/105,Unlimited,PSA 10,2026-03-16,2391.00,USD,eBay,unknown,FALSE,,,Pokemon Dark Typhlosion Neo Destiny Unlimited Holo Rare #10 PSA 10 Gem Mint,https://www.ebay.es/itm/287182393691,PriceCharting
Neo Destiny,Dark Typhlosion,10/105,Unlimited,PSA 10,2026-02-28,1550.43,USD,eBay,unknown,FALSE,,,Pokemon 2002 Neo Destiny Dark Typhlosion holo #10 Gem MT PSA 10 POP 79 10/105,https://www.ebay.es/itm/206093868738,PriceCharting
Neo Destiny,Dark Typhlosion,10/105,Unlimited,PSA 10,2026-02-25,1693.92,USD,eBay,best offer,TRUE,,,Pokemon 2002 Neo Destiny Dark Typhlosion holo #10 Gem MT PSA 10 POP 79 10/105,https://www.ebay.es/itm/389662768055,PriceCharting
Neo Destiny,Dark Typhlosion,10/105,Unlimited,PSA 10,2026-02-21,1434.41,USD,eBay,auction,FALSE,,41470202,,https://www.ebay.com/itm/147153248329,PSA APR
Neo Destiny,Dark Typhlosion,10/105,Unlimited,PSA 10,2026-02-18,1619.66,USD,eBay,best offer,TRUE,,,Pokemon 2002 Neo Destiny Dark Typhlosion holo #10 Gem MT PSA 10 POP 79 10/105,https://www.ebay.es/itm/389605248121,PriceCharting
Neo Destiny,Dark Typhlosion,10/105,Unlimited,PSA 10,2026-02-11,1500.00,USD,eBay,unknown,FALSE,,,2002 Pokemon Neo Destiny Dark Typhlosion #10 Holo PSA 10 10/105,https://www.ebay.es/itm/267573040969,PriceCharting
Neo Destiny,Dark Typhlosion,10/105,Unlimited,PSA 10,2026-01-01,1092.98,USD,eBay,unknown,FALSE,,,POKEMON DARK TYPHLOSION HOLO NEO DESTINY #10/105 PSA 10 GEM MINT #10,https://www.ebay.es/itm/325359085175,PriceCharting
Neo Destiny,Dark Typhlosion,10/105,Unlimited,PSA 10,2025-12-29,1500.00,USD,eBay,best offer,TRUE,,,2002 Pokemon Dark Typhlosion 10/105 Neo Destiny Holo PSA 10 (POP 78) 10/105,https://www.ebay.es/itm/236468896305,PriceCharting
Neo Destiny,Dark Typhlosion,10/105,Unlimited,PSA 10,2025-12-22,1110,USD,Fanatics Collect,auction,FALSE,,44960817,,https://www.fanaticscollect.com/weekly/fb8665e6-d244-11f0-b87f-0a58a9feac02,PSA APR
Neo Destiny,Dark Typhlosion,10/105,Unlimited,PSA 10,2025-12-12,949.99,USD,eBay,unknown,FALSE,,,Pokémon Dark Typhlosion Holo Rare Card Neo Destiny Series 10/105 PSA 10 10/105,https://www.ebay.es/itm/157533330970,PriceCharting
Neo Destiny,Dark Typhlosion,10/105,Unlimited,PSA 10,2025-11-25,774.54,USD,eBay,best offer,TRUE,,28524441,,https://www.ebay.com/itm/205852145162,PSA APR
Neo Destiny,Dark Typhlosion,10/105,Unlimited,PSA 10,2025-07-30,781.84,USD,eBay,BIN,FALSE,,117086760,,https://www.ebay.com/itm/406085628642,PSA APR
Neo Destiny,Dark Typhlosion,10/105,Unlimited,PSA 10,2025-07-25,722.26,USD,eBay,unknown,FALSE,,,PSA 10 DARK TYPHLOSION 10/105 Holo Rare Neo Destiny WOTC - Pokemon Card 2002 10/105,https://www.ebay.es/itm/205607207635,PriceCharting
Neo Destiny,Dark Typhlosion,10/105,Unlimited,PSA 10,2025-07-16,759.93,USD,eBay,unknown,FALSE,,,PSA 10 DARK TYPHLOSION 10/105 Holo Rare Neo Destiny WOTC - Pokemon Card 2002 10/105,https://www.ebay.es/itm/306362765728,PriceCharting
Neo Destiny,Dark Typhlosion,10/105,Unlimited,PSA 10,2025-07-03,661.69,USD,eBay,unknown,FALSE,,,PSA 10 DARK TYPHLOSION 10/105 Holo Rare Neo Destiny WOTC - Pokemon Card 2002 10/105,https://www.ebay.es/itm/204680595340,PriceCharting
Neo Destiny,Dark Typhlosion,10/105,Unlimited,PSA 10,2025-06-24,720.00,USD,eBay,unknown,FALSE,,,PSA 10 DARK TYPHLOSION 10/105 Holo Rare Neo Destiny WOTC - Pokemon Card 2002 10/105,https://www.ebay.es/itm/405966855484,PriceCharting
Neo Destiny,Dark Typhlosion,10/105,Unlimited,PSA 10,2025-06-15,750.00,USD,eBay,unknown,FALSE,,,PSA 10 DARK TYPHLOSION 10/105 Holo Rare Neo Destiny WOTC - Pokemon Card 2002 10/105,https://www.ebay.es/itm/405903368302,PriceCharting
Neo Destiny,Dark Typhlosion,10/105,Unlimited,PSA 10,2025-05-23,555,USD,eBay,auction,FALSE,,41486520,,https://www.ebay.com/itm/376251521268,PSA APR
Neo Destiny,Dark Typhlosion,10/105,Unlimited,PSA 10,2025-02-19,459.00,USD,eBay,unknown,FALSE,,,PSA 10 - Dark Typhlosion #10 Holo - Pokemon Neo Destiny - Low pop: 75 - Vintage #10,https://www.ebay.es/itm/267160018334,PriceCharting
Neo Destiny,Dark Typhlosion,10/105,Unlimited,PSA 10,2025-02-12,580,USD,Fanatics Collect,BIN,FALSE,,27856660,,https://www.fanaticscollect.com/fixed/7173585c-7bbd-11ef-8cbe-060a2d0091fb,PSA APR
Neo Destiny,Dark Typhlosion,10/105,Unlimited,PSA 10,2025-02-06,356.82,USD,eBay,unknown,FALSE,,,2002 Pokemon Neo Destiny Dark Typhlosion Holo Unlimited PSA 10 GEM MINT!,https://www.ebay.es/itm/256793761026,PriceCharting
Neo Destiny,Dark Typhlosion,10/105,Unlimited,PSA 10,2024-12-08,355.00,USD,eBay,unknown,FALSE,,,🔥PSA 10 Pokemon 2002 Neo Destiny Dark Typhlosion Holo Rare #10 POP 75🔥 #10,https://www.ebay.es/itm/186826265863,PriceCharting
Neo Destiny,Dark Typhlosion,10/105,Unlimited,PSA 10,2024-10-09,325.74,USD,eBay,unknown,FALSE,,,Dark Typhlosion Holo 2002 Pokemon Neo Destiny TCG Card 10 PSA 10 GEM MT,https://www.ebay.es/itm/276321322548,PriceCharting
Neo Destiny,Dark Typhlosion,10/105,Unlimited,PSA 10,2024-10-07,499.99,USD,eBay,unknown,FALSE,,,2002 Pokemon Neo Destiny Dark Typhlosion 10/105 Holo Rare PSA 10 GEM,https://www.ebay.es/itm/176550534322,PriceCharting
Neo Destiny,Dark Typhlosion,10/105,Unlimited,PSA 10,2024-05-05,530.00,USD,eBay,unknown,FALSE,,,PSA 10 - Dark Typhlosion - #10 - Holo - Neo Destiny - Pokemon Card,https://www.ebay.es/itm/195922914883,PriceCharting
Neo Destiny,Dark Typhlosion,10/105,Unlimited,PSA 10,2024-04-15,227.50,USD,eBay,unknown,FALSE,,,2002 Pokemon Neo Destiny #10 Dark Typhlosion - Holo PSA 10 GEM MINT #10,https://www.ebay.es/itm/135010333681,PriceCharting
Neo Destiny,Dark Typhlosion,10/105,Unlimited,PSA 10,2024-04-07,321.00,USD,eBay,unknown,FALSE,,,Pokemon TCG Dark Typhlosion Neo Destiny 10/105 Holo Rare PSA 10 Gem Mint #10,https://www.ebay.es/itm/116126788959,PriceCharting
Neo Destiny,Dark Typhlosion,10/105,Unlimited,PSA 10,2024-02-21,240.50,USD,eBay,unknown,FALSE,,,2002 Pokemon Neo Destiny #10 Dark Typhlosion - Holo PSA 10 GEM MINT,https://www.ebay.es/itm/386772996462,PriceCharting
Neo Destiny,Dark Typhlosion,10/105,Unlimited,PSA 10,2024-01-08,525.00,USD,eBay,unknown,FALSE,,,Dark Typhlosion Holo 2002 Pokemon Neo Destiny TCG Card 10 PSA 10 GEM MT,https://www.ebay.es/itm/175413864140,PriceCharting
Neo Destiny,Dark Typhlosion,10/105,Unlimited,PSA 9,2026-09-30,356.00,USD,eBay,unknown,FALSE,,,DARK TYPHLOSION 2002 POKEMON NEO DESTINY 10/105 HOLO RARE PSA 9 Q3963-5 10/105,https://www.ebay.es/itm/278396046822,PriceCharting
Neo Destiny,Dark Typhlosion,10/105,Unlimited,PSA 9,2026-09-26,380.00,USD,eBay,best offer,TRUE,380.00,,Pokemon Dark Typhlosion Holo Neo Destiny Unlimited 10/105 PSA 9 Mint 10/105,https://www.ebay.es/itm/377440798769,PriceCharting
Neo Destiny,Dark Typhlosion,10/105,Unlimited,PSA 9,2026-09-20,400.51,USD,eBay,unknown,FALSE,,,2002 Pokemon DK. Dark Typhlosion Holo PSA 9 Mint Neo Destiny 10/105 Rare Card 10 #10,https://www.ebay.es/itm/402869021366,PriceCharting
Neo Destiny,Dark Typhlosion,10/105,Unlimited,PSA 9,2026-09-17,320.00,USD,eBay,unknown,FALSE,,,POKEMON DARK TYPHLOSION 2002 NEO DESTINY #10 HOLO PSA 9 #10,https://www.ebay.es/itm/800627715925,PriceCharting
Neo Destiny,Dark Typhlosion,10/105,Unlimited,PSA 9,2026-09-13,300.00,USD,eBay,unknown,FALSE,,,Pokemon Dark Typhlosion Holo Neo Destiny Unlimited 10/105 PSA 9 Mint 10/105,https://www.ebay.es/itm/298665011154,PriceCharting
Neo Destiny,Dark Typhlosion,10/105,Unlimited,PSA 9,2026-09-13,574.95,USD,eBay,unknown,FALSE,,,2002 POKEMON NEO DESTINY #10 DARK TYPHLOSION-HOLO PSA 9 #10,https://www.ebay.es/itm/117390821482,PriceCharting
Neo Destiny,Dark Typhlosion,10/105,Unlimited,PSA 9,2026-09-10,282.90,USD,eBay,unknown,FALSE,,,DARK TYPHLOSION 2002 POKEMON NEO DESTINY 10/105 HOLO RARE PSA 9 Q3963-3 10/105,https://www.ebay.es/itm/278337200095,PriceCharting
Neo Destiny,Dark Typhlosion,10/105,Unlimited,PSA 9,2026-08-30,305.00,USD,eBay,unknown,FALSE,,,Pokemon Dark Typhlosion Holo Neo Destiny Unlimited 10/105 PSA 9 Mint 10/105,https://www.ebay.es/itm/287538727688,PriceCharting
Neo Destiny,Dark Typhlosion,10/105,Unlimited,PSA 9,2026-08-17,405.00,USD,eBay,unknown,FALSE,,,Pokemon Dark Typhlosion Holo Neo Destiny Unlimited 10/105 PSA 9 Mint 10/105,https://www.ebay.es/itm/287511103696,PriceCharting
Neo Destiny,Dark Typhlosion,10/105,Unlimited,PSA 9,2026-08-15,375.00,USD,eBay,unknown,FALSE,,,Pokemon Dark Typhlosion Neo Destiny Unlimited Holo Rare #10 PSA 9 Mint #10,https://www.ebay.es/itm/287232988403,PriceCharting
Neo Destiny,Dark Typhlosion,10/105,Unlimited,PSA 9,2026-08-09,350.00,USD,eBay,unknown,FALSE,,,2002 POKEMON NEO DESTINY #10 DARK TYPHLOSION-HOLO PSA 9 #10,https://www.ebay.es/itm/398196691770,PriceCharting
Neo Destiny,Dark Typhlosion,10/105,Unlimited,PSA 9,2026-08-01,350.00,USD,eBay,unknown,FALSE,,,2002 POKEMON NEO DESTINY #10 DARK TYPHLOSION-HOLO PSA 9 #10,https://www.ebay.es/itm/117326974664,PriceCharting
Neo Destiny,Dark Typhlosion,10/105,Unlimited,PSA 9,2026-07-19,325.00,USD,eBay,best offer,TRUE,325.00,,2002 POKEMON NEO DESTINY #10 DARK TYPHLOSION-HOLO PSA 9 #10,https://www.ebay.es/itm/307062275396,PriceCharting
Neo Destiny,Dark Typhlosion,10/105,Unlimited,PSA 9,2026-07-17,325.00,USD,eBay,best offer,TRUE,325.00,,2002 POKEMON NEO DESTINY #10 DARK TYPHLOSION-HOLO PSA 9 #10,https://www.ebay.es/itm/307039334831,PriceCharting
Neo Destiny,Dark Typhlosion,10/105,Unlimited,PSA 9,2026-07-02,299.99,USD,eBay,unknown,FALSE,,,Pokemon PSA 9 Dark Typhlosion Holo 2002 10/105 Neo Destiny English 10/105,https://www.ebay.es/itm/206387869927,PriceCharting
Neo Destiny,Dark Typhlosion,10/105,Unlimited,PSA 9,2026-06-17,399.00,USD,eBay,unknown,FALSE,,,2002 POKEMON NEO DESTINY #10 DARK TYPHLOSION-HOLO PSA 9 #10,https://www.ebay.es/itm/117189117730,PriceCharting
Neo Destiny,Dark Typhlosion,10/105,Unlimited,PSA 9,2026-05-20,250.25,USD,eBay,unknown,FALSE,,,2002 Pokémon Neo Destiny Dark Typhlosion 10/105 🤩 HOLO PSA 9 🤩 #10,https://www.ebay.es/itm/206276617360,PriceCharting
Neo Destiny,Dark Typhlosion,10/105,Unlimited,PSA 9,2026-05-15,325.00,USD,eBay,unknown,FALSE,,,2002 Pokémon Neo Destiny Dark Typhlosion #10 Holo PSA 9 #10,https://www.ebay.es/itm/198342847281,PriceCharting
Neo Destiny,Dark Typhlosion,10/105,Unlimited,PSA 9,2026-05-13,321.00,USD,eBay,unknown,FALSE,,,2002 Pokemon Neo Destiny #10 Dark Typhlosion Holo PSA 9 MINT,https://www.ebay.es/itm/366390840523,PriceCharting
Neo Destiny,Dark Typhlosion,10/105,Unlimited,PSA 9,2026-05-08,350.00,USD,eBay,best offer,TRUE,350.00,,PSA 9 2002 Pokémon Neo Destiny Dark Typhlosion #10 Holo WOTC Mint NEW CERT #10,https://www.ebay.es/itm/147279596279,PriceCharting
Neo Destiny,Dark Typhlosion,10/105,Unlimited,PSA 9,2026-04-23,350.00,USD,eBay,unknown,FALSE,,,Pokemon Dark Typhlosion 10/105 Neo Destiny Holo PSA 9 10/105,https://www.ebay.es/itm/206154098398,PriceCharting
Neo Destiny,Dark Typhlosion,10/105,Unlimited,PSA 9,2026-03-21,200.39,USD,eBay,best offer,TRUE,193.17,,PSA 9 Dark Typhlosion 10/105 Pokemon Neo Destiny Unlimited Holo Rare,https://www.ebay.es/itm/127091877828,PriceCharting
Neo Destiny,Dark Typhlosion,10/105,Unlimited,PSA 8,2026-09-28,209.99,USD,eBay,unknown,FALSE,,,2002 Pokemon Neo Destiny Unlimited #10 Dark Typhlosion Holo PSA 8 NM-MT #10,https://www.ebay.es/itm/198484227250,PriceCharting
Neo Destiny,Dark Typhlosion,10/105,Unlimited,PSA 8,2026-09-28,134.17,USD,eBay,unknown,FALSE,,,Dark Typhlosion 10/105 PSA 8 Holo Rare Neo Destiny N4 Pokemon English 2002 10/105,https://www.ebay.es/itm/237074177217,PriceCharting
Neo Destiny,Dark Typhlosion,10/105,Unlimited,PSA 8,2026-09-17,133.67,USD,eBay,best offer,TRUE,132.64,,PSA 8 Holo Dark Typhlosion 10/105 Neo Destiny Pokémon Card 10/105,https://www.ebay.es/itm/287461105969,PriceCharting
Neo Destiny,Dark Typhlosion,10/105,Unlimited,PSA 8,2026-09-14,247.50,USD,eBay,unknown,FALSE,,,PSA 8 2002 Pokemon Neo Destiny Dark Typhlosion Holo 10/105,https://www.ebay.es/itm/333912664407,PriceCharting
Neo Destiny,Dark Typhlosion,10/105,Unlimited,PSA 8,2026-09-06,150.00,USD,eBay,unknown,FALSE,,,Pokemon TCG Dark Typhlosion 10/105 Neo Destiny Holo Rare PSA 8 English 2002 10/105,https://www.ebay.es/itm/158265110812,PriceCharting
Neo Destiny,Dark Typhlosion,10/105,Unlimited,PSA 8,2026-08-07,200.00,USD,eBay,unknown,FALSE,,,2002 Pokemon Neo Destiny Unlimited #10 Dark Typhlosion Holo PSA 8 NM-MT #10,https://www.ebay.es/itm/318573611260,PriceCharting
Neo Destiny,Dark Typhlosion,10/105,Unlimited,PSA 8,2026-07-31,204.99,USD,eBay,unknown,FALSE,,,2002 POKEMON NEO DESTINY #10 DARK TYPHLOSION-HOLO PSA 8 #10,https://www.ebay.es/itm/117291538261,PriceCharting
Neo Destiny,Dark Typhlosion,10/105,Unlimited,PSA 8,2026-07-20,239.00,USD,eBay,unknown,FALSE,,,Pokemon 2002 Dark Typhlosion 10/105 Holo Neo Destiny PSA 8 10/105,https://www.ebay.es/itm/407060771216,PriceCharting
Neo Destiny,Dark Typhlosion,10/105,Unlimited,PSA 8,2026-06-22,257.06,USD,eBay,best offer,TRUE,254.98,,Pokemon PSA 8 NM-MINT 2002 Dark Typhlosion Neo Destiny Holo Card,https://www.ebay.es/itm/117086762405,PriceCharting
Neo Destiny,Dark Typhlosion,10/105,Unlimited,PSA 8,2026-06-20,150.00,USD,eBay,best offer,TRUE,150.00,,Pokémon Neo Destiny 2002 Dark Typhlosion Holo Card 10/105 PSA 8 10/105,https://www.ebay.es/itm/227018354078,PriceCharting
Neo Destiny,Dark Typhlosion,10/105,Unlimited,PSA 8,2026-06-17,150.00,USD,eBay,best offer,TRUE,150.00,,Neo Destiny Unlimited Dark Typhlosion PSA 8 HOLO 10/105 Pokemon 10/105,https://www.ebay.es/itm/188415129347,PriceCharting
Neo Destiny,Dark Typhlosion,10/105,Unlimited,PSA 8,2026-06-16,149.99,USD,eBay,unknown,FALSE,,,2002 Pokemon Neo Destiny Dark Typhlosion Holo PSA 8 #10/105 10/105,https://www.ebay.es/itm/277965247320,PriceCharting
Neo Destiny,Dark Typhlosion,10/105,Unlimited,PSA 8,2026-06-14,180.00,USD,eBay,unknown,FALSE,,,PSA 8 NM-MINT 2002 Dark Typhlosion Neo Destiny Holo Pokemon Card,https://www.ebay.es/itm/358367557935,PriceCharting
Neo Destiny,Dark Typhlosion,10/105,Unlimited,PSA 8,2026-06-10,155.50,USD,eBay,unknown,FALSE,,,2002 Pokemon Neo Destiny #10 Dark Typhlosion Holo PSA 8 NM-MT,https://www.ebay.es/itm/366451242841,PriceCharting
Neo Destiny,Dark Typhlosion,10/105,Unlimited,PSA 8,2026-06-03,180.00,USD,eBay,unknown,FALSE,,,Dark Typhlosion 010/105 Neo Destiny PSA 8 - Vintage Pokémon TCG Holo Rare 10/105,https://www.ebay.es/itm/336607828724,PriceCharting
Neo Destiny,Dark Typhlosion,10/105,Unlimited,PSA 8,2026-05-24,149.99,USD,eBay,unknown,FALSE,,,Neo Destiny Unlimited Dark Typhlosion PSA 8 HOLO 10/105 Pokemon Clean! NM - MINT 10/105,https://www.ebay.es/itm/406939897748,PriceCharting
Neo Destiny,Dark Typhlosion,10/105,Unlimited,PSA 8,2026-05-16,181.82,USD,eBay,unknown,FALSE,,,PSA 8 NM-MT Dark Typhlosion Holo Neo Destiny 10/105 Pokemon Card TCG,https://www.ebay.es/itm/117194106513,PriceCharting
Neo Destiny,Dark Typhlosion,10/105,Unlimited,PSA 8,2026-05-14,169.91,USD,eBay,unknown,FALSE,,,PSA 8 Holo Dark Typhlosion 10/105 Neo Destiny Pokémon Card 10/105,https://www.ebay.es/itm/358548824273,PriceCharting
Neo Destiny,Dark Typhlosion,10/105,Unlimited,PSA 8,2026-05-14,155.00,USD,eBay,unknown,FALSE,,,Neo Destiny Unlimited Dark Typhlosion PSA 8 HOLO 10/105 Pokemon (0704) 10/105,https://www.ebay.es/itm/227325269123,PriceCharting
Neo Destiny,Dark Typhlosion,10/105,Unlimited,PSA 8,2026-05-09,125.00,USD,eBay,best offer,TRUE,125.00,,PSA 8 NM-MINT 2002 Dark Typhlosion Neo Destiny Holo Pokemon Card,https://www.ebay.es/itm/236805966662,PriceCharting
Neo Destiny,Dark Typhlosion,10/105,Unlimited,PSA 8,2026-05-05,150.00,USD,eBay,unknown,FALSE,,,2002 Pokemon Neo Destiny Dark Typhlosion Holo PSA 8 #10/105 10/105,https://www.ebay.es/itm/178105890094,PriceCharting
Neo Destiny,Dark Typhlosion,10/105,Unlimited,PSA 8,2026-05-02,125.00,USD,eBay,unknown,FALSE,,,2002 POKEMON NEO DESTINY #10 DARK TYPHLOSION-HOLO PSA 8 #10,https://www.ebay.es/itm/389902668643,PriceCharting
Neo Destiny,Dark Tyranitar,11/105,1st Edition,PSA 10,2026-09-28,33600,USD,Fanatics Collect,auction,FALSE,,42613143,,https://www.fanaticscollect.com/weekly/ce841054-b0a9-11f1-99ec-02ffe15eb3c3,PSA APR
Neo Destiny,Dark Tyranitar,11/105,1st Edition,PSA 10,2026-09-19,30000,USD,Fanatics Collect,best offer,TRUE,,25657528,,https://www.fanaticscollect.com/buy-now/ec74de58-41b0-4948-a035-16ed2096bf11,PSA APR
Neo Destiny,Dark Tyranitar,11/105,1st Edition,PSA 10,2026-09-18,26999.99,USD,eBay,best offer,TRUE,,42942245,,https://www.ebay.com/itm/318677156536,PSA APR
Neo Destiny,Dark Tyranitar,11/105,1st Edition,PSA 10,2026-09-07,20000.00,USD,eBay,unknown,FALSE,,,2002 POKEMON NEO DESTINY 1ST EDITION #11 DARK TYRANITAR-HOLO PSA 10 #11,https://www.ebay.es/itm/298563857655,PriceCharting
Neo Destiny,Dark Tyranitar,11/105,1st Edition,PSA 10,2026-09-07,21000,USD,Fanatics Collect,auction,FALSE,,41678743,,https://www.fanaticscollect.com/weekly/4107b0b4-a145-11f1-9075-0a26eb4886eb,PSA APR
Neo Destiny,Dark Tyranitar,11/105,1st Edition,PSA 10,2026-08-24,15000,USD,Fanatics Collect,auction,FALSE,,27147129,,https://www.fanaticscollect.com/weekly/d0699964-92e7-11f1-82ad-02ffe07bb5c9,PSA APR
Neo Destiny,Dark Tyranitar,11/105,1st Edition,PSA 10,2026-07-30,12099.00,USD,eBay,unknown,FALSE,,,POKEMON DARK TYRANITAR 2002 NEO DESTINY #11 1ST EDITION PSA 10 #11,https://www.ebay.es/itm/800391588040,PriceCharting
Neo Destiny,Dark Tyranitar,11/105,1st Edition,PSA 10,2026-06-21,12600.00,USD,eBay,unknown,FALSE,,,Pokemon Dark Tyranitar Neo Destiny 1st Edition Holo Rare #11 PSA 10 Gem Mint,https://www.ebay.es/itm/287384785237,PriceCharting
Neo Destiny,Dark Tyranitar,11/105,1st Edition,PSA 10,2026-05-25,16200,USD,Fanatics Collect,auction,FALSE,,41373582,,https://www.fanaticscollect.com/weekly/8dde133e-4fff-11f1-9872-0a58a9feac02,PSA APR
Neo Destiny,Dark Tyranitar,11/105,1st Edition,PSA 10,2026-05-18,10200,USD,Fanatics Collect,auction,FALSE,,27147129,,https://www.fanaticscollect.com/weekly/bda04c4a-499c-11f1-b1a0-0a58a9feac02,PSA APR
Neo Destiny,Dark Tyranitar,11/105,1st Edition,PSA 10,2026-05-11,11834,USD,Goldin Auctions,auction,FALSE,,45447181,,https://goldin.co/item/2002-pokemon-neo-destiny-1st-edition-holo-11-dark-tyranitar-psa-gem-mtuq6at,PSA APR
Neo Destiny,Dark Tyranitar,11/105,1st Edition,PSA 10,2026-04-27,13800,USD,Fanatics Collect,auction,FALSE,,62666335,,https://www.fanaticscollect.com/weekly/0280d9d4-394d-11f1-9709-0a58a9feac02,PSA APR
Neo Destiny,Dark Tyranitar,11/105,1st Edition,PSA 10,2026-04-27,13200,USD,Fanatics Collect,auction,FALSE,,41678743,,https://www.fanaticscollect.com/weekly/23b56816-3cf1-11f1-93c1-027aafb6d205,PSA APR
Neo Destiny,Dark Tyranitar,11/105,1st Edition,PSA 10,2026-03-23,15100.00,USD,eBay,unknown,FALSE,,,2002 Pokemon Neo Destiny 1st Edition #11 Dark Tyranitar Holo PSA 10 GEM MINT,https://www.ebay.es/itm/377029408357,PriceCharting
Neo Destiny,Dark Tyranitar,11/105,1st Edition,PSA 10,2026-02-21,10000,USD,eBay,BIN,FALSE,,25591694,,https://www.ebay.com/itm/177714207286,PSA APR
Neo Destiny,Dark Tyranitar,11/105,1st Edition,PSA 10,2025-11-20,5500.00,USD,eBay,best offer,TRUE,5500.00,,Pokemon PSA 10 1st Edition Neo Destiny Dark Tyranitar Holo Rare 11/105 GEM MINT 11/105,https://www.ebay.es/itm/157223089397,PriceCharting
Neo Destiny,Dark Tyranitar,11/105,1st Edition,PSA 10,2025-10-06,5880,USD,Fanatics Collect,auction,FALSE,,41678743,,https://www.fanaticscollect.com/weekly/81c4f506-9801-11f0-8c24-02d93b7d50ab,PSA APR
Neo Destiny,Dark Tyranitar,11/105,1st Edition,PSA 10,2025-09-10,5000,USD,Fanatics Collect,best offer,TRUE,,62666335,,https://www.fanaticscollect.com/fixed/2167863c-7656-11f0-bd95-0a4d3e7432eb,PSA APR
Neo Destiny,Dark Tyranitar,11/105,1st Edition,PSA 10,2025-07-28,4560,USD,Fanatics Collect,auction,FALSE,,27686537,,https://www.fanaticscollect.com/weekly/761896e0-6138-11f0-8664-0aa5e1454991,PSA APR
Neo Destiny,Dark Tyranitar,11/105,1st Edition,PSA 10,2025-04-04,3601.00,USD,eBay,unknown,FALSE,,,2002 Pokemon Neo Destiny 1st Edition RARE #11 Dark Tyranitar HOLO PSA 10 GEM MT,https://www.ebay.es/itm/205380283727,PriceCharting
Neo Destiny,Dark Tyranitar,11/105,1st Edition,PSA 10,2025-02-28,2000.00,USD,eBay,unknown,FALSE,,,Pokemon 2002 Neo Destiny #11 DARK TYRANITAR 1st Edition Holo PSA 10 SUPER SWIRL #11,https://www.ebay.es/itm/388005507248,PriceCharting
Neo Destiny,Dark Tyranitar,11/105,1st Edition,PSA 10,2024-08-24,1317,USD,eBay,auction,FALSE,,25500184,,https://www.ebay.com/itm/286011646760,PSA APR
Neo Destiny,Dark Tyranitar,11/105,1st Edition,PSA 10,2024-08-08,1700.00,USD,eBay,unknown,FALSE,,,Pokemon Neo Destiny 1ST EDITION Dark Tyranitar HOLO RARE 11/105 - PSA 10 #11,https://www.ebay.es/itm/276510605300,PriceCharting
Neo Destiny,Dark Tyranitar,11/105,1st Edition,PSA 10,2024-05-27,1800.00,USD,eBay,unknown,FALSE,,,2002 Pokemon Neo Destiny Dark Tyranitar 1st Edition Holo 11/105 PSA 10 Gem Mint 11/105,https://www.ebay.es/itm/266697246926,PriceCharting
Neo Destiny,Dark Tyranitar,11/105,1st Edition,PSA 10,2023-10-31,1433.81,USD,eBay,unknown,FALSE,,,Pokemon - PSA 10 1st Edition Neo Destiny Dark Tyranitar - Holo #11/105 #11,https://www.ebay.es/itm/235229463972,PriceCharting
Neo Destiny,Dark Tyranitar,11/105,1st Edition,PSA 9,2026-09-26,1874.45,USD,eBay,unknown,FALSE,,,Dark Tyranitar Holo 11/105 PSA 9 1st Edition Neo Destiny Pokemon 11/105,https://www.ebay.es/itm/307174404183,PriceCharting
Neo Destiny,Dark Tyranitar,11/105,1st Edition,PSA 9,2026-09-14,1650.00,USD,eBay,unknown,FALSE,,,2002 POKEMON NEO DESTINY 1ST EDITION #11 DARK TYRANITAR-HOLO PSA 9 #11,https://www.ebay.es/itm/117395835223,PriceCharting
Neo Destiny,Dark Tyranitar,11/105,1st Edition,PSA 9,2026-08-16,1557.00,USD,eBay,unknown,FALSE,,,Pokemon Dark Tyranitar Holo Neo Destiny 11/105 1st Edition PSA 9 Mint 11/105,https://www.ebay.es/itm/287511103128,PriceCharting
Neo Destiny,Dark Tyranitar,11/105,1st Edition,PSA 9,2026-08-16,1484.00,USD,eBay,unknown,FALSE,,,Pokemon Dark Tyranitar Holo Neo Destiny 11/105 1st Edition PSA 9 Mint 11/105,https://www.ebay.es/itm/287511100028,PriceCharting
Neo Destiny,Dark Tyranitar,11/105,1st Edition,PSA 9,2026-08-14,1800.00,USD,eBay,best offer,TRUE,1800.00,,2002 POKEMON NEO DESTINY 1ST EDITION #11 DARK TYRANITAR-HOLO PSA 9 #11,https://www.ebay.es/itm/117303934479,PriceCharting
Neo Destiny,Dark Tyranitar,11/105,1st Edition,PSA 9,2026-08-10,1664.00,USD,eBay,unknown,FALSE,,,2002 POKEMON NEO DESTINY 1ST EDITION #11 DARK TYRANITAR-HOLO PSA 9 #11,https://www.ebay.es/itm/117335513349,PriceCharting
Neo Destiny,Dark Tyranitar,11/105,1st Edition,PSA 9,2026-07-15,2150.00,USD,eBay,best offer,TRUE,2150.00,,2002 POKEMON NEO DESTINY 1ST EDITION #11 DARK TYRANITAR-HOLO PSA 9 #11,https://www.ebay.es/itm/298507506344,PriceCharting
Neo Destiny,Dark Tyranitar,11/105,1st Edition,PSA 9,2026-07-09,1383.72,USD,eBay,unknown,FALSE,,,2002 POKEMON NEO DESTINY 1ST EDITION #11 DARK TYRANITAR-HOLO PSA 9 #11,https://www.ebay.es/itm/336667914042,PriceCharting
Neo Destiny,Dark Tyranitar,11/105,1st Edition,PSA 9,2026-06-27,1825.00,USD,eBay,unknown,FALSE,,,2002 POKEMON NEO DESTINY 1ST EDITION #11 DARK TYRANITAR-HOLO PSA 9 #11,https://www.ebay.es/itm/336648169830,PriceCharting
Neo Destiny,Dark Tyranitar,11/105,1st Edition,PSA 9,2026-06-10,1375.02,USD,eBay,unknown,FALSE,,,DARK TYRANITAR 2002 POKEMON NEO DESTINY 1ST EDITION HOLO #11 PSA 9 Q0895 #11,https://www.ebay.es/itm/278055002271,PriceCharting
Neo Destiny,Dark Tyranitar,11/105,1st Edition,PSA 9,2026-06-05,1800.00,USD,eBay,best offer,TRUE,1800.00,,"2002 Pokémon Dark Tyranitar, 1st Edition Neo Destiny #11/105, PSA 9 Mint 11/105",https://www.ebay.es/itm/157970736080,PriceCharting
Neo Destiny,Dark Tyranitar,11/105,1st Edition,PSA 9,2026-05-02,1875.00,USD,eBay,unknown,FALSE,,,2002 POKEMON NEO DESTINY 1ST EDITION #11 DARK TYRANITAR-HOLO PSA 9 #11,https://www.ebay.es/itm/117159614178,PriceCharting
Neo Destiny,Dark Tyranitar,11/105,1st Edition,PSA 9,2026-03-30,1400.00,USD,eBay,unknown,FALSE,,,Pokémon Dark Tyranitar 11/105 Neo Destiny 1st Edition Holo Rare PSA 9 90 HP 11/105,https://www.ebay.es/itm/366314070339,PriceCharting
Neo Destiny,Dark Tyranitar,11/105,1st Edition,PSA 9,2026-03-28,1475.00,USD,eBay,unknown,FALSE,,,Pokemon Dark Tyranitar Neo Destiny 1st Edition Holo Rare #11 PSA 9 Mint,https://www.ebay.es/itm/287215053800,PriceCharting
Neo Destiny,Dark Tyranitar,11/105,1st Edition,PSA 9,2026-02-11,961.00,USD,eBay,unknown,FALSE,,,2002 Pokemon Neo Destiny 1st Edition Dark Tyranitar Holo #11/105 PSA 9,https://www.ebay.es/itm/376936432113,PriceCharting
Neo Destiny,Dark Tyranitar,11/105,1st Edition,PSA 9,2026-01-22,985.47,USD,eBay,unknown,FALSE,,,PSA 9 1st Edition Neo Destiny Dark Tyranitar 11/105 Holo Rare Pokemon TCG,https://www.ebay.es/itm/306642577723,PriceCharting
Neo Destiny,Dark Tyranitar,11/105,1st Edition,PSA 9,2026-01-09,836.69,USD,eBay,unknown,FALSE,,,Pokemon Dark Tyranitar 11/105 PSA 9 Mint Neo Destiny 1st Edition Holo Rare 2002,https://www.ebay.es/itm/406214148588,PriceCharting
Neo Destiny,Dark Tyranitar,11/105,1st Edition,PSA 9,2026-01-07,925.00,USD,eBay,unknown,FALSE,,,2002 POKEMON NEO DESTINY 1ST ED #11 DARK TYRANITAR-HOLO PSA 9 #11,https://www.ebay.es/itm/306697862842,PriceCharting
Neo Destiny,Dark Tyranitar,11/105,1st Edition,PSA 9,2026-01-05,1170.73,USD,eBay,unknown,FALSE,,,2002 Pokemon Dark Tyranitar 1st Edition Neo Destiny Holo #11 PSA 9 MINT,https://www.ebay.es/itm/205818508836,PriceCharting
Neo Destiny,Dark Tyranitar,11/105,1st Edition,PSA 9,2025-12-07,865.50,USD,eBay,unknown,FALSE,,,2002 POKEMON NEO DESTINY 1ST EDITION #11 DARK TYRANITAR-HOLO PSA 9 #11,https://www.ebay.es/itm/116899997334,PriceCharting
Neo Destiny,Dark Tyranitar,11/105,1st Edition,PSA 9,2025-09-28,820.00,USD,eBay,unknown,FALSE,,,Pokémon Dark Tyranitar 1st Edition Neo Destiny 11/105 Holo Rare PSA 9 NEW CERT 11/105,https://www.ebay.es/itm/197706030573,PriceCharting
Neo Destiny,Dark Tyranitar,11/105,1st Edition,PSA 9,2025-09-22,900.00,USD,eBay,unknown,FALSE,,,Pokemon Dark Tyranitar Neo Destiny 1st Edition Holo Rare #11 PSA 9 Mint,https://www.ebay.es/itm/286742619813,PriceCharting
Neo Destiny,Dark Tyranitar,11/105,1st Edition,PSA 9,2025-09-01,605.00,USD,eBay,unknown,FALSE,,,Pokemon 2002 Dark Tyranitar 11/105 1st Edition Holo Neo Destiny PSA 9 11/105,https://www.ebay.es/itm/406152341559,PriceCharting
Neo Destiny,Dark Tyranitar,11/105,1st Edition,PSA 8,2026-09-25,1075.00,USD,eBay,best offer,TRUE,1075.00,,2002 Pokemon Neo Destiny Dark Tyranitar Holo 1st Edition 11/105 PSA 8 11/105,https://www.ebay.es/itm/158306749540,PriceCharting
Neo Destiny,Dark Tyranitar,11/105,1st Edition,PSA 8,2026-09-13,1250.97,USD,eBay,unknown,FALSE,,,Dark Tyranitar-Holo 1st Edition Pokemon Neo Destiny 11 PSA 8 #11,https://www.ebay.es/itm/206500818876,PriceCharting
Neo Destiny,Dark Tyranitar,11/105,1st Edition,PSA 8,2026-09-12,1244.54,USD,eBay,unknown,FALSE,,,2002 POKEMON NEO DESTINY #11 DARK TYRANITAR-HOLO 1ST EDITION PSA 8 #11,https://www.ebay.es/itm/307158157273,PriceCharting
Neo Destiny,Dark Tyranitar,11/105,1st Edition,PSA 8,2026-08-16,1100.00,USD,eBay,unknown,FALSE,,,Nintendo Pokemon TCG Dark Tyranitar 11/105 Neo Destiny 1st Ed Holo PSA 8 (2002) 11/105,https://www.ebay.es/itm/407087074372,PriceCharting
Neo Destiny,Dark Tyranitar,11/105,1st Edition,PSA 8,2026-07-17,1250.00,USD,eBay,unknown,FALSE,,,2002 POKEMON NEO DESTINY 1ST EDITION #11 DARK TYRANITAR-HOLO PSA 8 #11,https://www.ebay.es/itm/298399956155,PriceCharting
Neo Destiny,Dark Tyranitar,11/105,1st Edition,PSA 8,2026-07-03,930.00,USD,eBay,unknown,FALSE,,,Pokemon Company 2002 Neo Destiny Dark Tyranitar 1st Ed Holo 11/105 PSA 8 11/105,https://www.ebay.es/itm/127943400709,PriceCharting
Neo Destiny,Dark Tyranitar,11/105,1st Edition,PSA 8,2026-06-15,1200.00,USD,eBay,unknown,FALSE,,,Pokemon Dark Tyranitar Neo Destiny 1st Edition Holo Rare #11 PSA 8,https://www.ebay.es/itm/287386777194,PriceCharting
Neo Destiny,Dark Tyranitar,11/105,1st Edition,PSA 8,2026-06-15,990.00,USD,eBay,unknown,FALSE,,,2002 POKEMON NEO DESTINY 1ST EDITION #11 DARK TYRANITAR-HOLO PSA 8 #11,https://www.ebay.es/itm/306975275775,PriceCharting
Neo Destiny,Dark Tyranitar,11/105,1st Edition,PSA 8,2026-05-05,840.00,USD,eBay,unknown,FALSE,,,2002 Pokemon Neo Destiny Dark Tyranitar Holo 1st Edition PSA 8 #11/105 11/105,https://www.ebay.es/itm/178105891982,PriceCharting
Neo Destiny,Dark Tyranitar,11/105,1st Edition,PSA 8,2026-04-07,650.00,USD,eBay,best offer,TRUE,650.00,,Pokémon TCG 2002 Neo Destiny Dark Tyranitar Holo 1st Edition #11/105 PSA 8 11/105,https://www.ebay.es/itm/389859118179,PriceCharting
Neo Destiny,Dark Tyranitar,11/105,1st Edition,PSA 8,2026-04-06,608.00,USD,eBay,unknown,FALSE,,,Pokémon Dark Tyranitar Neo Destiny 11/105 1st Edition Holo Rare PSA 8 11/105,https://www.ebay.es/itm/366315082725,PriceCharting
Neo Destiny,Dark Tyranitar,11/105,1st Edition,PSA 8,2026-03-08,750.00,USD,eBay,unknown,FALSE,,,2002 POKEMON NEO DESTINY 1ST ED #11 DARK TYRANITAR-HOLO PSA 8 #11,https://www.ebay.es/itm/117074009112,PriceCharting
Neo Destiny,Dark Tyranitar,11/105,1st Edition,PSA 8,2026-03-05,750.00,USD,eBay,unknown,FALSE,,,2002 POKEMON NEO DESTINY 1ST ED #11 DARK TYRANITAR-HOLO PSA 8 #11,https://www.ebay.es/itm/117059767505,PriceCharting
Neo Destiny,Dark Tyranitar,11/105,1st Edition,PSA 8,2026-01-30,725.00,USD,eBay,best offer,TRUE,725.00,,Pokemon Dark Tyranitar Neo Destiny 1st Edition Holo Rare #11 PSA 8 11/105,https://www.ebay.es/itm/287104739187,PriceCharting
Neo Destiny,Dark Tyranitar,11/105,1st Edition,PSA 8,2026-01-30,825.00,USD,eBay,unknown,FALSE,,,2002 POKEMON NEO DESTINY 1ST EDITION #11 DARK TYRANITAR-HOLO PSA 8 #11,https://www.ebay.es/itm/306713681194,PriceCharting
Neo Destiny,Dark Tyranitar,11/105,1st Edition,PSA 8,2025-11-17,430.00,USD,eBay,unknown,FALSE,,,Pokemon Dark Tyranitar Neo Destiny 1st Edition Holo Rare #11 PSA 8,https://www.ebay.es/itm/286922290866,PriceCharting
Neo Destiny,Dark Tyranitar,11/105,1st Edition,PSA 8,2025-11-14,415.00,USD,eBay,unknown,FALSE,,,2002 POKEMON NEO DESTINY 1ST EDITION #11 DARK TYRANITAR-HOLO PSA 8 #11,https://www.ebay.es/itm/116863965001,PriceCharting
Neo Destiny,Dark Tyranitar,11/105,1st Edition,PSA 8,2025-11-10,363.00,USD,eBay,unknown,FALSE,,,2002 POKEMON NEO DESTINY 1ST EDITION #11 DARK TYRANITAR-HOLO PSA 8 #11,https://www.ebay.es/itm/306578033597,PriceCharting
Neo Destiny,Dark Tyranitar,11/105,1st Edition,PSA 8,2025-09-28,385.00,USD,eBay,unknown,FALSE,,,2002 Pokémon Neo Destiny Dark Tyranitar Holo PSA 8 1st Edition #11 11/105,https://www.ebay.es/itm/336190452525,PriceCharting
Neo Destiny,Dark Tyranitar,11/105,1st Edition,PSA 8,2025-08-31,475.00,USD,eBay,unknown,FALSE,,,2002 POKEMON NEO DESTINY 1ST EDITION #11 DARK TYRANITAR-HOLO PSA 8 #11,https://www.ebay.es/itm/365809414918,PriceCharting
Neo Destiny,Dark Tyranitar,11/105,1st Edition,PSA 8,2025-07-14,425.00,USD,eBay,unknown,FALSE,,,2002 POKEMON NEO DESTINY 1ST EDITION #11 DARK TYRANITAR-HOLO PSA 8 #11,https://www.ebay.es/itm/306357827420,PriceCharting
Neo Destiny,Dark Tyranitar,11/105,1st Edition,PSA 8,2025-06-11,369.00,USD,eBay,unknown,FALSE,,,2002 Pokemon Neo Destiny 1st Edition #11 Dark Tyranitar Holo PSA 8 NM-MT,https://www.ebay.es/itm/376303877266,PriceCharting
Neo Destiny,Dark Tyranitar,11/105,1st Edition,PSA 8,2025-06-09,370.00,USD,eBay,unknown,FALSE,,,Pokemon Dark Tyranitar Neo Destiny 1st Edition Holo Rare #11 PSA 8,https://www.ebay.es/itm/286604148619,PriceCharting
Neo Destiny,Dark Tyranitar,11/105,Unlimited,PSA 10,2026-08-31,6400.00,USD,eBay,unknown,FALSE,,,Pokemon Dark Tyranitar Holo Neo Destiny Unlimited 11/105 PSA 10 Gem Mint 11/105,https://www.ebay.es/itm/287541277615,PriceCharting
Neo Destiny,Dark Tyranitar,11/105,Unlimited,PSA 10,2026-07-02,8800.8,USD,eBay,best offer,TRUE,,55974714,,https://www.ebay.com/itm/236770980880,PSA APR
Neo Destiny,Dark Tyranitar,11/105,Unlimited,PSA 10,2026-03-06,8050.00,USD,eBay,unknown,FALSE,,,Pokemon PSA 10 Holo Dark Tyranitar 11/105 Neo Destiny Gem Mint Pop 27 11/105,https://www.ebay.es/itm/389661114172,PriceCharting
Neo Destiny,Dark Tyranitar,11/105,Unlimited,PSA 10,2025-12-03,7500,USD,eBay,best offer,TRUE,,93634712,,https://www.ebay.com/itm/116859112171,PSA APR
Neo Destiny,Dark Tyranitar,11/105,Unlimited,PSA 10,2025-09-08,3000.00,USD,eBay,unknown,FALSE,,,Pokemon Dark Tyranitar Neo Destiny Unlimited Holo Rare #11 PSA 10 Gem Mint,https://www.ebay.es/itm/286786706663,PriceCharting
Neo Destiny,Dark Tyranitar,11/105,Unlimited,PSA 10,2025-03-03,975.00,USD,eBay,unknown,FALSE,,,Pokemon 2002 Neo Destiny #11 Dark Tyranitar Holo PSA 10 Gem Mint #11,https://www.ebay.es/itm/167079467169,PriceCharting
Neo Destiny,Dark Tyranitar,11/105,Unlimited,PSA 10,2024-12-03,1200.00,USD,eBay,unknown,FALSE,,,Pokemon PSA 10 Holo Dark Tyranitar 11/105 Neo Destiny Gem Mint 11/105,https://www.ebay.es/itm/235481148211,PriceCharting
Neo Destiny,Dark Tyranitar,11/105,Unlimited,PSA 10,2024-09-08,915.00,USD,eBay,unknown,FALSE,,,Pokemon Dark Tyranitar Neo Destiny Unlimited Holo Rare #11 PSA 10 Gem Mint,https://www.ebay.es/itm/286035918312,PriceCharting
Neo Destiny,Dark Tyranitar,11/105,Unlimited,PSA 9,2026-09-28,695.89,USD,eBay,best offer,TRUE,696.36,,(PSA 9) Dark Tyranitar 11/105 | Neo Destiny | Holo Pokemon Card 11/105,https://www.ebay.es/itm/168588891963,PriceCharting
Neo Destiny,Dark Tyranitar,11/105,Unlimited,PSA 9,2026-09-01,600.00,USD,eBay,best offer,TRUE,600.00,,Neo Destiny Dark Tyranitar 11/105 Holo 2002 Pokemon PSA 9 11/105,https://www.ebay.es/itm/206517512238,PriceCharting
Neo Destiny,Dark Tyranitar,11/105,Unlimited,PSA 9,2026-08-31,570.00,USD,eBay,unknown,FALSE,,,Pokemon 2002 Dark Tyranitar 11/105 Holo Rare Neo Destiny PSA 9 11/105,https://www.ebay.es/itm/407159965052,PriceCharting
Neo Destiny,Dark Tyranitar,11/105,Unlimited,PSA 9,2026-08-29,480.69,USD,eBay,unknown,FALSE,,,POKEMON DARK TYRANITAR-HOLO 2002 NEO DESTINY #11 PSA 9 #11,https://www.ebay.es/itm/800547410327,PriceCharting
Neo Destiny,Dark Tyranitar,11/105,Unlimited,PSA 9,2026-08-23,553.00,USD,eBay,best offer,TRUE,553.00,,2002 POKEMON NEO DESTINY #11 DARK TYRANITAR-HOLO PSA 9 #11,https://www.ebay.es/itm/287539487234,PriceCharting
Neo Destiny,Dark Tyranitar,11/105,Unlimited,PSA 9,2026-07-30,466.29,USD,eBay,best offer,TRUE,460.10,,2002 Pokémon Neo Destiny 11/105 Dark Tyranitar Holo PSA 9 Wow Look! 11/105,https://www.ebay.es/itm/298543205010,PriceCharting
Neo Destiny,Dark Tyranitar,11/105,Unlimited,PSA 9,2026-07-29,568.21,USD,eBay,unknown,FALSE,,,Dark Tyranitar Holo 11/105 PSA 9 Neo Destiny Pokemon 11/105,https://www.ebay.es/itm/168573475153,PriceCharting
Neo Destiny,Dark Tyranitar,11/105,Unlimited,PSA 9,2026-06-27,700.00,USD,eBay,unknown,FALSE,,,2002 Pokemon Neo Destiny Dark Tyranitar #11 PSA 9 Holo Mint #11,https://www.ebay.es/itm/398111691519,PriceCharting
Neo Destiny,Dark Tyranitar,11/105,Unlimited,PSA 9,2026-06-21,425.00,USD,eBay,best offer,TRUE,425.00,,Pokemon 2002 Neo Destiny Dark Tyranitar 11/105 Holo Rare English PSA 9 11/105,https://www.ebay.es/itm/236888596081,PriceCharting
Neo Destiny,Dark Tyranitar,11/105,Unlimited,PSA 9,2026-06-09,395.00,USD,eBay,unknown,FALSE,,,2002 POKEMON TCG NEO DESTINY UNLIMITED DARK TYRANITAR 11/105 HOLO RARE PSA 9 11/105,https://www.ebay.es/itm/358584287831,PriceCharting
Neo Destiny,Dark Tyranitar,11/105,Unlimited,PSA 9,2026-05-24,460.00,USD,eBay,unknown,FALSE,,,Pokemon Dark Tyranitar Neo Destiny Unlimited Holo Rare #11 PSA 9 Mint,https://www.ebay.es/itm/287331643711,PriceCharting
Neo Destiny,Dark Tyranitar,11/105,Unlimited,PSA 9,2026-05-24,490.00,USD,eBay,unknown,FALSE,,,Pokemon Dark Tyranitar Neo Destiny Unlimited Holo Rare #11 PSA 9 Mint,https://www.ebay.es/itm/287331593332,PriceCharting
Neo Destiny,Dark Tyranitar,11/105,Unlimited,PSA 9,2026-05-15,600.00,USD,eBay,unknown,FALSE,,,PSA 9 Dark Tyranitar Holo #11 Neo Destiny Pokemon 2002 Low Pop Swirl 🌀 11/105,https://www.ebay.es/itm/397799238641,PriceCharting
Neo Destiny,Dark Tyranitar,11/105,Unlimited,PSA 9,2026-04-24,450.00,USD,eBay,best offer,TRUE,,,Pokémon TCG Dark Tyranitar Neo Destiny Holo Rare PSA 9 Vintage Pokemon Card 11/105,https://www.ebay.es/itm/318194766124,PriceCharting
Neo Destiny,Dark Tyranitar,11/105,Unlimited,PSA 9,2026-01-18,439.99,USD,eBay,unknown,FALSE,,,2002 Pokemon Neo Destiny #11 Dark Tyranitar Holo PSA 9 #11,https://www.ebay.es/itm/187952547117,PriceCharting
Neo Destiny,Dark Tyranitar,11/105,Unlimited,PSA 9,2025-12-23,300.00,USD,eBay,best offer,TRUE,300.00,,2002 Pokemon Card Dark Tyranitar HOLO #11/105 PSA 9 MINT Neo Destiny 11/105,https://www.ebay.es/itm/197968345079,PriceCharting
Neo Destiny,Dark Tyranitar,11/105,Unlimited,PSA 9,2025-12-04,306.55,USD,eBay,unknown,FALSE,,,2002 POKEMON NEO DESTINY #11 DARK TYRANITAR-HOLO PSA 9 MINT,https://www.ebay.es/itm/376733532169,PriceCharting
Neo Destiny,Dark Tyranitar,11/105,Unlimited,PSA 9,2025-11-30,240.62,USD,eBay,unknown,FALSE,,,DARK TYRANITAR POKEMON 11/105 2002 NEO DESTINY HOLO ENGLISH PSA 9,https://www.ebay.es/itm/136767509788,PriceCharting
Neo Destiny,Dark Tyranitar,11/105,Unlimited,PSA 9,2025-11-25,450.00,USD,eBay,unknown,FALSE,,,2002 Pokemon Card Holo Dark Tyranitar 11/105 PSA 9 MINT Neo Destiny 11/105,https://www.ebay.es/itm/393004383257,PriceCharting
Neo Destiny,Dark Tyranitar,11/105,Unlimited,PSA 9,2025-11-09,324.41,USD,eBay,unknown,FALSE,,,DARK TYRANITAR POKEMON 11/105 2002 NEO DESTINY HOLO ENGLISH PSA 9,https://www.ebay.es/itm/136669703597,PriceCharting
Neo Destiny,Dark Tyranitar,11/105,Unlimited,PSA 9,2025-10-19,255.00,USD,eBay,unknown,FALSE,,,Pokemon Dark Tyranitar Neo Destiny Unlimited Holo Rare #11 PSA 9 Mint,https://www.ebay.es/itm/286870270583,PriceCharting
Neo Destiny,Dark Tyranitar,11/105,Unlimited,PSA 9,2025-10-09,225.40,USD,eBay,unknown,FALSE,,,Dark Tyranitar 11/105 Neo Destiny Pokemon TCG - PSA 9 Mint,https://www.ebay.es/itm/286832395307,PriceCharting
Neo Destiny,Dark Tyranitar,11/105,Unlimited,PSA 9,2025-09-28,440.00,USD,eBay,unknown,FALSE,,,2002 Pokemon Card Holo Dark Tyranitar 11/105 PSA 9 MINT Neo Destiny 11/105,https://www.ebay.es/itm/389026933580,PriceCharting
Neo Destiny,Dark Tyranitar,11/105,Unlimited,PSA 9,2025-09-16,444.00,USD,eBay,unknown,FALSE,,,2002 POKEMON NEO DESTINY #11 DARK TYRANITAR-HOLO PSA 9 #11,https://www.ebay.es/itm/297464042836,PriceCharting
Neo Destiny,Dark Tyranitar,11/105,Unlimited,PSA 9,2025-07-28,188.13,USD,eBay,unknown,FALSE,,,Dark Tyranitar 11/105 Neo Destiny Holo Rare PSA 9 Mint Pokemon Card 11/105,https://www.ebay.es/itm/286722484521,PriceCharting
Neo Destiny,Dark Tyranitar,11/105,Unlimited,PSA 9,2025-07-15,310.00,USD,eBay,unknown,FALSE,,,2002 Pokemon Neo Destiny #11 Dark Tyranitar - Holo PSA 9 MINT,https://www.ebay.es/itm/388680177309,PriceCharting
Neo Destiny,Dark Tyranitar,11/105,Unlimited,PSA 9,2025-06-29,296.72,USD,eBay,unknown,FALSE,,,Dark Tyranitar Neo Destiny 11/105 Holo Rare Pokemon PSA 9,https://www.ebay.es/itm/396629768110,PriceCharting
Neo Destiny,Dark Tyranitar,11/105,Unlimited,PSA 9,2025-06-04,242.50,USD,eBay,unknown,FALSE,,,Dark Tyranitar 11/105 Neo Destiny Holo Rare PSA 9 Mint Pokemon Card 11/105,https://www.ebay.es/itm/335990572578,PriceCharting
Neo Destiny,Dark Tyranitar,11/105,Unlimited,PSA 8,2026-09-22,480.00,USD,eBay,best offer,TRUE,,,Dark Tyranitar HOLO PSA 8 NM 2002 Pokemon Neo Destiny 11/105 RARE 11/105,https://www.ebay.es/itm/128083572540,PriceCharting
Neo Destiny,Dark Tyranitar,11/105,Unlimited,PSA 8,2026-09-12,425.00,USD,eBay,unknown,FALSE,,,Pokemon 2002 Neo Destiny Dark Tyranitar 11/105 Holo Rare English PSA 8 11/105,https://www.ebay.es/itm/377313864536,PriceCharting
Neo Destiny,Dark Tyranitar,11/105,Unlimited,PSA 8,2026-07-02,499.99,USD,eBay,best offer,TRUE,,,Dark Tyranitar HOLO PSA 8 NM 2002 Pokemon Neo Destiny 11/105 RARE 11/105,https://www.ebay.es/itm/178275915145,PriceCharting
Neo Destiny,Dark Tyranitar,11/105,Unlimited,PSA 8,2026-06-29,500.00,USD,eBay,unknown,FALSE,,,PSA 8 Dark Tyranitar Holo #11 Neo Destiny Pokemon 2002 Low Pop Swirl 🌀 11/105,https://www.ebay.es/itm/198317472062,PriceCharting
Neo Destiny,Dark Tyranitar,11/105,Unlimited,PSA 8,2026-06-20,404.00,USD,eBay,best offer,TRUE,404.00,,2002 POKEMON NEO DESTINY #11 DARK TYRANITAR-HOLO PSA 8 #11,https://www.ebay.es/itm/298399958562,PriceCharting
Neo Destiny,Dark Tyranitar,11/105,Unlimited,PSA 8,2026-06-03,319.00,USD,eBay,unknown,FALSE,,,2002 POKEMON NEO DESTINY #11 DARK TYRANITAR-HOLO PSA 8 #11,https://www.ebay.es/itm/298379040407,PriceCharting
Neo Destiny,Dark Tyranitar,11/105,Unlimited,PSA 8,2026-05-26,350.00,USD,eBay,best offer,TRUE,,,2002 Pokemon Neo Destiny Dark Tyranitar Holo PSA 8 #11/105 11/105,https://www.ebay.es/itm/397932518946,PriceCharting
Neo Destiny,Dark Tyranitar,11/105,Unlimited,PSA 8,2026-05-07,289.00,USD,eBay,unknown,FALSE,,,2002 Pokemon Neo Destiny #11 Dark Tyranitar Holo PSA 8 NM-MT,https://www.ebay.es/itm/366377797787,PriceCharting
Neo Destiny,Dark Tyranitar,11/105,Unlimited,PSA 8,2026-05-06,330.00,USD,eBay,unknown,FALSE,,,2002 Pokemon Neo Destiny Dark Tyranitar Holo PSA 8 #11/105 11/105,https://www.ebay.es/itm/178105886705,PriceCharting
Neo Destiny,Dark Tyranitar,11/105,Unlimited,PSA 8,2026-04-25,285.00,USD,eBay,unknown,FALSE,,,2002 Pokemon Neo Destiny #11 Dark Tyranitar Holo PSA 8 NM-MT Fresh Grade,https://www.ebay.es/itm/147276818620,PriceCharting
Neo Destiny,Dark Tyranitar,11/105,Unlimited,PSA 8,2026-04-22,255.00,USD,eBay,unknown,FALSE,,,2002 Pokemon Neo Destiny #11 Dark Tyranitar Holo PSA 8 NM-MT,https://www.ebay.es/itm/377113858142,PriceCharting
Neo Destiny,Dark Tyranitar,11/105,Unlimited,PSA 8,2026-03-30,275.00,USD,eBay,unknown,FALSE,,,Pokemon Dark Tyranitar Neo Destiny Unlimited Holo Rare #11 PSA 8,https://www.ebay.es/itm/287232988366,PriceCharting
Neo Destiny,Dark Tyranitar,11/105,Unlimited,PSA 8,2026-02-17,239.99,USD,eBay,unknown,FALSE,,,Dark Tyranitar Holo #11 2002 Pokemon Neo Destiny PSA 8 250001 #11,https://www.ebay.es/itm/198084694967,PriceCharting
Neo Destiny,Dark Tyranitar,11/105,Unlimited,PSA 8,2026-01-22,230.00,USD,eBay,unknown,FALSE,,,Pokémon TCG Dark Tyranitar Neo Destiny Holo Rare Card 11/105 PSA 8 NM-MT Swirl 11/105,https://www.ebay.es/itm/336388666388,PriceCharting
Neo Destiny,Dark Tyranitar,11/105,Unlimited,PSA 8,2026-01-21,229.99,USD,eBay,unknown,FALSE,,,Pokémon Dark Tyranitar Neo Destiny Holo Rare 11/105 PSA 8 NM-MT English WOTC 11/105,https://www.ebay.es/itm/187971618820,PriceCharting
Neo Destiny,Dark Tyranitar,11/105,Unlimited,PSA 8,2026-01-05,224.99,USD,eBay,unknown,FALSE,,,2002 Pokemon Neo Destiny Dark Tyranitar Holo Rare 11/105 PSA 8 NM-MT W/ Swirl 11/105,https://www.ebay.es/itm/236565324201,PriceCharting
Neo Destiny,Dark Tyranitar,11/105,Unlimited,PSA 8,2026-01-03,220.00,USD,eBay,unknown,FALSE,,,Pokemon Dark Tyranitar TCG #11/105 Holo Neo Destiny Rare Vintage Wotc PSA 8 11/105,https://www.ebay.es/itm/127591646970,PriceCharting
Neo Destiny,Dark Tyranitar,11/105,Unlimited,PSA 8,2025-12-14,201.42,USD,eBay,unknown,FALSE,,,2002 Dark Tyranitar 11/105 Neo Destiny Holo Rare PSA 8 Pokemon TCG,https://www.ebay.es/itm/226864384237,PriceCharting
Neo Destiny,Dark Tyranitar,11/105,Unlimited,PSA 8,2025-12-11,180.50,USD,eBay,unknown,FALSE,,,DARK TYRANITAR PSA 8 2002 POKEMON NEO DESTINY #11/105 HOLO 3699 11/105,https://www.ebay.es/itm/177641731323,PriceCharting
Neo Destiny,Light Arcanine,12/105,1st Edition,PSA 10,2026-09-18,25999.99,USD,eBay,BIN,FALSE,,28760998,,https://www.ebay.com/itm/168370545769,PSA APR
Neo Destiny,Light Arcanine,12/105,1st Edition,PSA 10,2026-07-18,20000.00,USD,eBay,unknown,FALSE,,,Pokémon - Light Arcanine Holo Neo Destiny 1st Edition #12 PSA 10,https://www.ebay.es/itm/188369016162,PriceCharting
Neo Destiny,Light Arcanine,12/105,1st Edition,PSA 10,2026-03-30,19200,USD,Fanatics Collect,auction,FALSE,,28988031,,https://www.fanaticscollect.com/weekly/88184814-1ef1-11f1-b2c5-0a58a9feac02,PSA APR
Neo Destiny,Light Arcanine,12/105,1st Edition,PSA 10,2026-03-06,10000,USD,eBay,BIN,FALSE,,43867598,,https://www.ebay.com/itm/188126622859,PSA APR
Neo Destiny,Light Arcanine,12/105,1st Edition,PSA 10,2026-02-27,10000,USD,eBay,BIN,FALSE,,43867598,,https://www.ebay.com/itm/187526182322,PSA APR
Neo Destiny,Light Arcanine,12/105,1st Edition,PSA 10,2026-02-18,8999.99,USD,eBay,unknown,FALSE,,,Pokemon Light Arcanine Neo Destiny 1st Edition Holo Rare #12 PSA 10 Gem Mint #12,https://www.ebay.es/itm/287111556017,PriceCharting
Neo Destiny,Light Arcanine,12/105,1st Edition,PSA 10,2025-12-08,6300,USD,Fanatics Collect,auction,FALSE,,78655501,,https://www.fanaticscollect.com/weekly/390f5e36-c6e7-11f0-a450-0a58a9feac02,PSA APR
Neo Destiny,Light Arcanine,12/105,1st Edition,PSA 10,2025-10-31,6200,USD,eBay,auction,FALSE,,28814375,,https://www.ebay.com/itm/205791334173,PSA APR
Neo Destiny,Light Arcanine,12/105,1st Edition,PSA 10,2025-10-13,7800,USD,Fanatics Collect,auction,FALSE,,47750790,,https://www.fanaticscollect.com/weekly/1437f356-93e4-11f0-a5cc-0275b5de122b,PSA APR
Neo Destiny,Light Arcanine,12/105,1st Edition,PSA 10,2025-10-06,8400,USD,Fanatics Collect,auction,FALSE,,28988031,,https://www.fanaticscollect.com/weekly/81c6c05c-9801-11f0-b44b-02d93b7d50ab,PSA APR
Neo Destiny,Light Arcanine,12/105,1st Edition,PSA 10,2025-10-04,7000,USD,eBay,BIN,FALSE,,50749161,,https://www.ebay.com/itm/388913082881,PSA APR
Neo Destiny,Light Arcanine,12/105,1st Edition,PSA 10,2025-08-10,6100.00,USD,eBay,unknown,FALSE,,,Pokemon Light Arcanine Neo Destiny 1st Edition Holo Rare #12 PSA 10 Gem Mint,https://www.ebay.es/itm/286740411979,PriceCharting
Neo Destiny,Light Arcanine,12/105,1st Edition,PSA 10,2025-08-04,6700.00,USD,eBay,unknown,FALSE,,,Pokemon Light Arcanine Neo Destiny 1st Edition Holo Rare #12 PSA 10 Gem Mint,https://www.ebay.es/itm/286726471165,PriceCharting
Neo Destiny,Light Arcanine,12/105,1st Edition,PSA 10,2025-06-16,6000,USD,eBay,auction,FALSE,,28814375,,https://www.ebay.com/itm/376306990693,PSA APR
Neo Destiny,Light Arcanine,12/105,1st Edition,PSA 10,2025-04-12,6768.43,USD,eBay,unknown,FALSE,,,PSA 10 Light Arcanine 1st Edition Neo Destiny 12/105 Pokemon Card GEM MINT Holo,https://www.ebay.es/itm/156704251603,PriceCharting
Neo Destiny,Light Arcanine,12/105,1st Edition,PSA 10,2025-03-02,6000.00,USD,eBay,unknown,FALSE,,,2002 Pokemon Neo Destiny Light Arcanine #12 1st Edition Holo PSA 10 GEM MINT #12,https://www.ebay.es/itm/135176270516,PriceCharting
Neo Destiny,Light Arcanine,12/105,1st Edition,PSA 10,2024-08-10,5000.00,USD,eBay,unknown,FALSE,,,2002 Pokemon Neo Destiny Light Arcanine #12 1st Edition Holo PSA 10 GEM MINT #12,https://www.ebay.es/itm/125777349425,PriceCharting
Neo Destiny,Light Arcanine,12/105,1st Edition,PSA 10,2024-02-08,2062.47,USD,eBay,unknown,FALSE,,,2002 Neo Destiny 12 Light Arcanine 1st Edition Holo Rare Pokemon TCG Card PSA 10 #12,https://www.ebay.es/itm/386736104844,PriceCharting
Neo Destiny,Light Arcanine,12/105,1st Edition,PSA 10,2024-01-14,2300.00,USD,eBay,unknown,FALSE,,,2002 Neo Destiny 12 Light Arcanine 1st Edition Holo Rare Pokemon TCG Card PSA 10 #12,https://www.ebay.es/itm/116014412645,PriceCharting
Neo Destiny,Light Arcanine,12/105,1st Edition,PSA 10,2023-10-12,2500.00,USD,eBay,unknown,FALSE,,,2002 Pokemon 1st Edition Neo Destiny #12 Light Arcanine - Holo PSA 10 GEM MINT #12,https://www.ebay.es/itm/374945943948,PriceCharting
Neo Destiny,Light Arcanine,12/105,1st Edition,PSA 9,2026-09-23,3000.00,USD,eBay,unknown,FALSE,,,2002 POKEMON NEO DESTINY 1ST EDITION #12 LIGHT ARCANINE-HOLO PSA 9 #12,https://www.ebay.es/itm/117297286158,PriceCharting
Neo Destiny,Light Arcanine,12/105,1st Edition,PSA 9,2026-07-19,2610.00,USD,eBay,unknown,FALSE,,,Pokemon Light Arcanine Holo Neo Destiny 12/105 1st Edition PSA 9 Mint 12/105,https://www.ebay.es/itm/287450316887,PriceCharting
Neo Destiny,Light Arcanine,12/105,1st Edition,PSA 9,2026-07-02,2099.00,USD,eBay,unknown,FALSE,,,2002 POKEMON NEO DESTINY 1ST EDITION #12 LIGHT ARCANINE-HOLO PSA 9 MINT #12,https://www.ebay.es/itm/366483940278,PriceCharting
Neo Destiny,Light Arcanine,12/105,1st Edition,PSA 9,2026-06-28,2125.00,USD,eBay,unknown,FALSE,,,Pokemon TCG 2002 Neo Destiny 1st Edition Holo Light Arcanine 12/105 PSA 9 12/105,https://www.ebay.es/itm/287408530449,PriceCharting
Neo Destiny,Light Arcanine,12/105,1st Edition,PSA 9,2026-06-22,1776.00,USD,eBay,unknown,FALSE,,,2002 Pokemon Neo Destiny 1st Edition Light Arcanine Holo #12/105 PSA 9,https://www.ebay.es/itm/127916612356,PriceCharting
Neo Destiny,Light Arcanine,12/105,1st Edition,PSA 9,2026-06-14,1913.00,USD,eBay,unknown,FALSE,,,Pokemon Light Arcanine Neo Destiny 1st Edition Holo Rare #12 PSA 9 Mint,https://www.ebay.es/itm/287372420384,PriceCharting
Neo Destiny,Light Arcanine,12/105,1st Edition,PSA 9,2026-06-12,2056.00,USD,eBay,unknown,FALSE,,,2002 POKEMON TCG NEO DESTINY 1ST EDITION LIGHT ARCANINE #12/105 HOLO RARE PSA 9 12/105,https://www.ebay.es/itm/358580112822,PriceCharting
Neo Destiny,Light Arcanine,12/105,1st Edition,PSA 9,2026-05-16,2700.00,USD,eBay,best offer,TRUE,2700.00,,2002 POKEMON NEO DESTINY 1ST ED #12 LIGHT ARCANINE-HOLO PSA 9 #12,https://www.ebay.es/itm/306841769360,PriceCharting
Neo Destiny,Light Arcanine,12/105,1st Edition,PSA 9,2026-05-03,2076.00,USD,eBay,unknown,FALSE,,,Pokemon Light Arcanine Neo Destiny 1st Edition Holo Rare #12 PSA 9 Mint,https://www.ebay.es/itm/287292262458,PriceCharting
Neo Destiny,Light Arcanine,12/105,1st Edition,PSA 9,2026-04-21,2095.00,USD,eBay,unknown,FALSE,,,2002 POKEMON NEO DESTINY 1ST EDITION #12 LIGHT ARCANINE-HOLO PSA 9 #12,https://www.ebay.es/itm/117142686318,PriceCharting
Neo Destiny,Light Arcanine,12/105,1st Edition,PSA 9,2026-04-12,2299.00,USD,eBay,unknown,FALSE,,,2002 POKEMON NEO DESTINY 1ST EDITION #12 LIGHT ARCANINE-HOLO PSA 9 #12,https://www.ebay.es/itm/298214078411,PriceCharting
Neo Destiny,Light Arcanine,12/105,1st Edition,PSA 9,2026-04-12,2550.00,USD,eBay,unknown,FALSE,,,Pokemon Light Arcanine Neo Destiny 1st Edition Holo Rare #12 PSA 9 Mint,https://www.ebay.es/itm/287247568649,PriceCharting
Neo Destiny,Light Arcanine,12/105,1st Edition,PSA 9,2026-03-25,2000.00,USD,eBay,unknown,FALSE,,,2002 POKEMON NEO DESTINY 1ST ED #12 LIGHT ARCANINE-HOLO PSA 9 #12,https://www.ebay.es/itm/117088427210,PriceCharting
Neo Destiny,Light Arcanine,12/105,1st Edition,PSA 9,2026-03-19,1475.00,USD,eBay,unknown,FALSE,,,Pokemon Light Arcanine Neo Destiny 1st Edition Holo Rare #12 PSA 9 Mint,https://www.ebay.es/itm/287215053757,PriceCharting
Neo Destiny,Light Arcanine,12/105,1st Edition,PSA 9,2026-02-26,1299.99,USD,eBay,unknown,FALSE,,,PSA 9 Pokemon Neo Destiny 1st Edition Holo Rare Light Arcanine 12/105 MINT!!,https://www.ebay.es/itm/336428473834,PriceCharting
Neo Destiny,Light Arcanine,12/105,1st Edition,PSA 9,2026-02-18,1050.00,USD,eBay,best offer,TRUE,1050.00,,1st Edition Light Arcanine Holo PSA 9 Pokemon Card 12/105 Neo Destiny 12/105,https://www.ebay.es/itm/206056592781,PriceCharting
Neo Destiny,Light Arcanine,12/105,1st Edition,PSA 9,2026-02-14,1300.00,USD,eBay,unknown,FALSE,,,2002 POKEMON NEO DESTINY 1ST ED #12 LIGHT ARCANINE-HOLO PSA 9 #12,https://www.ebay.es/itm/298028950375,PriceCharting
Neo Destiny,Light Arcanine,12/105,1st Edition,PSA 9,2026-01-29,1150.00,USD,eBay,best offer,TRUE,1150.00,,2002 POKEMON NEO DESTINY 1ST ED #12 LIGHT ARCANINE-HOLO PSA 9 #12,https://www.ebay.es/itm/297721679437,PriceCharting
Neo Destiny,Light Arcanine,12/105,1st Edition,PSA 9,2026-01-08,1100.00,USD,eBay,unknown,FALSE,,,2002 POKEMON NEO DESTINY 1ST ED #12 LIGHT ARCANINE-HOLO PSA 9 #12,https://www.ebay.es/itm/297916378108,PriceCharting
Neo Destiny,Light Arcanine,12/105,1st Edition,PSA 9,2025-12-21,900.00,USD,eBay,unknown,FALSE,,,Pokemon Light Arcanine Neo Destiny 1st Edition Holo Rare #12 PSA 9 Mint,https://www.ebay.es/itm/287006859360,PriceCharting
Neo Destiny,Light Arcanine,12/105,1st Edition,PSA 9,2025-12-06,885.00,USD,eBay,unknown,FALSE,,,2002 POKEMON NEO DESTINY 1ST EDITION LIGHT ARCANINE HOLO #12 PSA 9 MINT,https://www.ebay.es/itm/397334298353,PriceCharting
Neo Destiny,Light Arcanine,12/105,1st Edition,PSA 8,2026-09-23,1600.00,USD,eBay,unknown,FALSE,,,Pokemon Light Arcanine Holo Neo Destiny 12/105 1st Edition PSA 8 12/105,https://www.ebay.es/itm/287563279068,PriceCharting
Neo Destiny,Light Arcanine,12/105,1st Edition,PSA 8,2026-09-13,1308.34,USD,eBay,unknown,FALSE,,,2002 POKEMON NEO DESTINY #12 LIGHT ARCANINE-HOLO 1ST EDITION PSA 8 #12,https://www.ebay.es/itm/307158161564,PriceCharting
Neo Destiny,Light Arcanine,12/105,1st Edition,PSA 8,2026-09-02,1500.00,USD,eBay,best offer,TRUE,1500.00,,2002 POKEMON NEO DESTINY 1ST EDITION #12 LIGHT ARCANINE-HOLO PSA 8 #12,https://www.ebay.es/itm/298446619884,PriceCharting
Neo Destiny,Light Arcanine,12/105,1st Edition,PSA 8,2026-08-25,1299.00,USD,eBay,best offer,TRUE,1299.00,,2002 Pokemon Neo Destiny 12 Light Arcanine Holo 1st Edition PSA 8 12/105,https://www.ebay.es/itm/236900577594,PriceCharting
Neo Destiny,Light Arcanine,12/105,1st Edition,PSA 8,2026-08-15,1499.00,USD,eBay,unknown,FALSE,,,2002 POKEMON NEO DESTINY 1ST EDITION #12 LIGHT ARCANINE-HOLO PSA 8 #12,https://www.ebay.es/itm/307002253320,PriceCharting
Neo Destiny,Light Arcanine,12/105,1st Edition,PSA 8,2026-07-22,1250.00,USD,eBay,unknown,FALSE,,,Pokemon Light Arcanine Neo Destiny 1st Edition Holo Rare #12 PSA 8,https://www.ebay.es/itm/287386777262,PriceCharting
Neo Destiny,Light Arcanine,12/105,1st Edition,PSA 8,2026-06-16,1410.00,USD,eBay,best offer,TRUE,1410.00,,2002 POKEMON NEO DESTINY 1ST EDITION #12 LIGHT ARCANINE-HOLO PSA 8 #12,https://www.ebay.es/itm/306992493168,PriceCharting
Neo Destiny,Light Arcanine,12/105,1st Edition,PSA 8,2026-06-08,1100.00,USD,eBay,best offer,TRUE,,,"2002 Pokemon Neo Destiny #12 Light Arcanine Holo 1st Edition PSA 8 NM-MT, TBC",https://www.ebay.es/itm/198400260174,PriceCharting
Neo Destiny,Light Arcanine,12/105,1st Edition,PSA 8,2026-05-16,1400.00,USD,eBay,unknown,FALSE,,,Pokemon Light Arcanine Neo Destiny 1st Edition Holo Rare #12 PSA 8 12/105,https://www.ebay.es/itm/287315464166,PriceCharting
Neo Destiny,Light Arcanine,12/105,1st Edition,PSA 8,2026-05-13,1021.38,USD,eBay,best offer,TRUE,983.41,,Pokemon Light Arcanine Neo Destiny 1st Edition Holo Rare #12 PSA 8 MINT 12/105,https://www.ebay.es/itm/800011225660,PriceCharting
Neo Destiny,Light Arcanine,12/105,1st Edition,PSA 8,2026-03-05,812.77,USD,eBay,unknown,FALSE,,,2002 POKEMON NEO DESTINY 1ST ED #12 LIGHT ARCANINE-HOLO PSA 8 #12,https://www.ebay.es/itm/336452958428,PriceCharting
Neo Destiny,Light Arcanine,12/105,1st Edition,PSA 8,2026-02-28,830.00,USD,eBay,unknown,FALSE,,,2002 POKEMON NEO DESTINY 1ST ED #12 LIGHT ARCANINE-HOLO PSA 8 #12,https://www.ebay.es/itm/117057835013,PriceCharting
Neo Destiny,Light Arcanine,12/105,1st Edition,PSA 8,2026-02-08,800.00,USD,eBay,unknown,FALSE,,,2002 POKEMON NEO DESTINY 1ST ED #12 LIGHT ARCANINE-HOLO PSA 8 #12,https://www.ebay.es/itm/306727430422,PriceCharting
Neo Destiny,Light Arcanine,12/105,1st Edition,PSA 8,2026-01-16,690.00,USD,eBay,best offer,TRUE,690.00,,PSA 8 Light Arcanine 12/105 1st Edition Pokemon Neo Destiny Holo Modern Cert 12/105,https://www.ebay.es/itm/136950140670,PriceCharting
Neo Destiny,Light Arcanine,12/105,1st Edition,PSA 8,2025-12-20,600.00,USD,eBay,unknown,FALSE,,,SWIRL 💫 Pokemon Light Arcanine Neo Destiny 1st Edition Holo Rare #12 PSA 8 #12,https://www.ebay.es/itm/389360904592,PriceCharting
Neo Destiny,Light Arcanine,12/105,1st Edition,PSA 8,2025-12-01,561.69,USD,eBay,unknown,FALSE,,,Pokemon Light Arcanine Neo Destiny 1st Edition Holo Rare #12 PSA 8,https://www.ebay.es/itm/286958762138,PriceCharting
Neo Destiny,Light Arcanine,12/105,1st Edition,PSA 8,2025-11-10,600.00,USD,eBay,unknown,FALSE,,,2002 POKEMON NEO DESTINY 1ST EDITION #12 LIGHT ARCANINE-HOLO PSA 8 #12,https://www.ebay.es/itm/116855532874,PriceCharting
Neo Destiny,Light Arcanine,12/105,1st Edition,PSA 8,2025-08-27,355.00,USD,eBay,unknown,FALSE,,,2002 Pokemon Neo Destiny 1st Edition #12 Light Arcanine Holo PSA 8 NM-MT,https://www.ebay.es/itm/376493217916,PriceCharting
Neo Destiny,Light Arcanine,12/105,1st Edition,PSA 8,2025-08-24,499.99,USD,eBay,unknown,FALSE,,,2002 POKEMON NEO DESTINY 1ST ED #12 LIGHT ARCANINE-HOLO PSA 8 #12,https://www.ebay.es/itm/306320193625,PriceCharting
Neo Destiny,Light Arcanine,12/105,1st Edition,PSA 8,2025-08-03,430.00,USD,eBay,unknown,FALSE,,,Pokemon Light Arcanine Neo Destiny 1st Edition Holo Rare #12 PSA 8,https://www.ebay.es/itm/286729139803,PriceCharting
Neo Destiny,Light Arcanine,12/105,1st Edition,PSA 8,2025-07-23,449.95,USD,eBay,unknown,FALSE,,,PSA 8 Pokémon TCG Light Arcanine 12/105 1st Edition Neo Destiny Holo Rare SWIRL 12/105,https://www.ebay.es/itm/357300749603,PriceCharting
Neo Destiny,Light Arcanine,12/105,Unlimited,PSA 10,2026-09-23,25000,USD,eBay,best offer,TRUE,,48536384,,https://www.ebay.com/itm/188605244767,PSA APR
Neo Destiny,Light Arcanine,12/105,Unlimited,PSA 10,2025-12-01,3120,USD,Fanatics Collect,auction,FALSE,,84755034,,https://www.fanaticscollect.com/weekly/b8b957fa-c56a-11f0-aafc-0a58a9feac02,PSA APR
Neo Destiny,Light Arcanine,12/105,Unlimited,PSA 10,2025-11-03,3000,USD,eBay,best offer,TRUE,,75412993,,https://www.ebay.com/itm/306525896592,PSA APR
Neo Destiny,Light Arcanine,12/105,Unlimited,PSA 10,2025-08-25,2600.00,USD,eBay,unknown,FALSE,,,Pokemon Light Arcanine Neo Destiny Unlimited Holo Rare #12 PSA 10 Gem Mint,https://www.ebay.es/itm/286766001582,PriceCharting
Neo Destiny,Light Arcanine,12/105,Unlimited,PSA 10,2025-07-13,2800.00,USD,eBay,unknown,FALSE,,,Pokemon Light Arcanine Neo Destiny Unlimited Holo Rare #12 PSA 10 Gem Mint,https://www.ebay.es/itm/286690509511,PriceCharting
Neo Destiny,Light Arcanine,12/105,Unlimited,PSA 10,2025-06-13,3975.00,USD,eBay,unknown,FALSE,,,Pokemon - Light Arcanine #12 Holo - Neo Destiny - PSA 10 GEM MINT,https://www.ebay.es/itm/277186106091,PriceCharting
Neo Destiny,Light Arcanine,12/105,Unlimited,PSA 10,2025-05-23,1556.00,USD,eBay,unknown,FALSE,,,2002 Pokemon Neo Destiny #12 Light Arcanine Holo PSA 10 GEM MINT,https://www.ebay.es/itm/376251524196,PriceCharting
Neo Destiny,Light Arcanine,12/105,Unlimited,PSA 10,2025-03-13,1329.99,USD,eBay,unknown,FALSE,,,Pokemon Neo Destiny Light Arcanine PSA 10 Gem Mint WOTC Holo 2002 12/105 #12 #12,https://www.ebay.es/itm/267187546436,PriceCharting
Neo Destiny,Light Arcanine,12/105,Unlimited,PSA 10,2025-03-13,1319.99,USD,eBay,unknown,FALSE,,,Pokemon Neo Destiny Light Arcanine PSA 10 Gem Mint WOTC Holo 2002 12/105 #12 #12,https://www.ebay.es/itm/267170131533,PriceCharting
Neo Destiny,Light Arcanine,12/105,Unlimited,PSA 10,2025-02-25,1299.99,USD,eBay,BIN,FALSE,,68952492,,https://www.ebay.com/itm/267169211948,PSA APR
Neo Destiny,Light Arcanine,12/105,Unlimited,PSA 10,2025-02-23,1299.99,USD,eBay,unknown,FALSE,,,Pokemon Neo Destiny Light Arcanine PSA 10 Gem Mint WOTC Holo 2002 12/105 #12 #12,https://www.ebay.es/itm/267100550565,PriceCharting
Neo Destiny,Light Arcanine,12/105,Unlimited,PSA 10,2024-12-18,1299.99,USD,eBay,unknown,FALSE,,,Pokemon Neo Destiny Light Arcanine PSA 10 Gem Mint WOTC Holo 2002 12/105 #12 #12,https://www.ebay.es/itm/267099921084,PriceCharting
Neo Destiny,Light Arcanine,12/105,Unlimited,PSA 10,2024-12-17,1254.99,USD,eBay,unknown,FALSE,,,Pokemon Neo Destiny Light Arcanine PSA 10 Gem Mint WOTC Holo 2002 12/105 #12 #12,https://www.ebay.es/itm/266924527211,PriceCharting
Neo Destiny,Light Arcanine,12/105,Unlimited,PSA 10,2024-10-16,1200.00,USD,eBay,unknown,FALSE,,,Pokémon Neo Destiny Unlimited Light Arcanine Holo #12 - PSA 10 - Low POP #12,https://www.ebay.es/itm/305718522946,PriceCharting
Neo Destiny,Light Arcanine,12/105,Unlimited,PSA 10,2024-02-06,1000.00,USD,eBay,unknown,FALSE,,,2002 Neo Destiny Rare 12 Light Arcanine Holo Pokemon PSA 10 Gem Mint SWIRL A575 #12,https://www.ebay.es/itm/176226315398,PriceCharting
Neo Destiny,Light Arcanine,12/105,Unlimited,PSA 10,2024-02-05,900.00,USD,eBay,unknown,FALSE,,,2002 Pokemon Neo Destiny Light Arcanine Holo Rare #12/105 PSA 10 POP 34 w/ Swirl,https://www.ebay.es/itm/375088284336,PriceCharting
Neo Destiny,Light Arcanine,12/105,Unlimited,PSA 10,2024-02-04,780.00,USD,eBay,unknown,FALSE,,,2002 Neo Destiny 12 Light Arcanine Holo Rare Pokemon TCG Card PSA 10 Gem Mint #12,https://www.ebay.es/itm/364637842390,PriceCharting
Neo Destiny,Light Arcanine,12/105,Unlimited,PSA 10,2023-12-06,1100.00,USD,eBay,unknown,FALSE,,,2002 Neo Destiny 12 Light Arcanine Holo Rare Pokemon TCG Card PSA 10 Gem Mint #12,https://www.ebay.es/itm/364506125150,PriceCharting
Neo Destiny,Light Arcanine,12/105,Unlimited,PSA 9,2026-09-24,1199.99,USD,eBay,unknown,FALSE,,,2002 POKEMON NEO DESTINY #12 LIGHT ARCANINE-HOLO PSA 9 #12,https://www.ebay.es/itm/298562456798,PriceCharting
Neo Destiny,Light Arcanine,12/105,Unlimited,PSA 9,2026-07-18,842.00,USD,eBay,best offer,TRUE,842.00,,2002 POKEMON NEO DESTINY #12 LIGHT ARCANINE-HOLO PSA 9 #12,https://www.ebay.es/itm/358758514648,PriceCharting
Neo Destiny,Light Arcanine,12/105,Unlimited,PSA 9,2026-07-05,610.02,USD,eBay,unknown,FALSE,,,2002 POKEMON NEO DESTINY #12 LIGHT ARCANINE-HOLO PSA 9 #12,https://www.ebay.es/itm/307022811208,PriceCharting
Neo Destiny,Light Arcanine,12/105,Unlimited,PSA 9,2026-07-04,763.40,USD,eBay,unknown,FALSE,,,LIGHT ARCANINE HOLO 12/105 NEO DESTINY POKEMON PSA 9 12/105,https://www.ebay.es/itm/318367582107,PriceCharting
Neo Destiny,Light Arcanine,12/105,Unlimited,PSA 9,2026-06-27,699.99,USD,eBay,unknown,FALSE,,,LIGHT ARCANINE HOLO 12/105 NEO DESTINY POKEMON PSA 9 12/105,https://www.ebay.es/itm/206357453770,PriceCharting
Neo Destiny,Light Arcanine,12/105,Unlimited,PSA 9,2026-06-20,796.88,USD,eBay,best offer,TRUE,792.89,,Pokemon Light Arcanine Holo PSA 9 Neo Destiny 12/105 Vintage WOTC 2002,https://www.ebay.es/itm/298405017207,PriceCharting
Neo Destiny,Light Arcanine,12/105,Unlimited,PSA 9,2026-05-18,760.00,USD,eBay,unknown,FALSE,,,LIGHT ARCANINE HOLO 12/105 NEO DESTINY POKEMON PSA 9 12/105,https://www.ebay.es/itm/178128061851,PriceCharting
Neo Destiny,Light Arcanine,12/105,Unlimited,PSA 9,2026-04-29,716.00,USD,eBay,unknown,FALSE,,,2002 Pokemon Neo Destiny #12 Light Arcanine Holo PSA 9 MINT,https://www.ebay.es/itm/366361129613,PriceCharting
Neo Destiny,Light Arcanine,12/105,Unlimited,PSA 9,2026-04-02,554.24,USD,eBay,best offer,TRUE,,,PSA 9 LIGHT ARCANINE 12/105 Holo Rare Neo Destiny 2002 WOTC - Pokemon Card 12/105,https://www.ebay.es/itm/205885043673,PriceCharting
Neo Destiny,Light Arcanine,12/105,Unlimited,PSA 9,2026-04-01,580.00,USD,eBay,best offer,TRUE,580.00,,Pokémon Light Arcanine Neo Destiny Holo Rare 12/105 PSA 9 2002 English 12/105,https://www.ebay.es/itm/178011153423,PriceCharting
Neo Destiny,Light Arcanine,12/105,Unlimited,PSA 9,2026-03-27,654.17,USD,eBay,unknown,FALSE,,,Pokemon Card Light Arcanine 12/105 Neo Destiny Holo Rare Neo Destiny PSA 9 MINT,https://www.ebay.es/itm/336338502558,PriceCharting
Neo Destiny,Light Arcanine,12/105,Unlimited,PSA 9,2026-02-09,500.00,USD,eBay,best offer,TRUE,500.00,,Pokemon Neo Destiny Holo Card Light Arcanine 12/105 PSA 9 Mint 2002 12/105,https://www.ebay.es/itm/317829283368,PriceCharting
Neo Destiny,Light Arcanine,12/105,Unlimited,PSA 9,2026-01-14,400.00,USD,eBay,best offer,TRUE,400.00,,Pokemon Neo Destiny Holo Card Light Arcanine 12/105 PSA 9 Mint 2002 12/105,https://www.ebay.es/itm/157607702184,PriceCharting
Neo Destiny,Light Arcanine,12/105,Unlimited,PSA 9,2026-01-01,425.00,USD,eBay,unknown,FALSE,,,2002 POKEMON NEO DESTINY #12 LIGHT ARCANINE-HOLO PSA 9 #12,https://www.ebay.es/itm/306642898913,PriceCharting
Neo Destiny,Light Arcanine,12/105,Unlimited,PSA 9,2025-12-03,374.78,USD,eBay,best offer,TRUE,,,Pokemon Card Light Arcanine 12/105 Neo Destiny Holo Rare Neo Destiny PSA 9 MINT,https://www.ebay.es/itm/267498519141,PriceCharting
Neo Destiny,Light Arcanine,12/105,Unlimited,PSA 9,2025-11-07,375.00,USD,eBay,unknown,FALSE,,,2002 POKEMON NEO DESTINY LIGHT ARCANINE-HOLO PSA 9 SWIRL!!! 💫 #12,https://www.ebay.es/itm/187720266121,PriceCharting
Neo Destiny,Light Arcanine,12/105,Unlimited,PSA 9,2025-10-21,429.99,USD,eBay,unknown,FALSE,,,Light Arcanine 12/105 Neo Destiny Holo 2002 Pokémon Card PSA 9 MINT 12/105,https://www.ebay.es/itm/286888551356,PriceCharting
Neo Destiny,Light Arcanine,12/105,Unlimited,PSA 9,2025-10-10,400.00,USD,eBay,best offer,TRUE,310.00,,2002 Pokemon Neo Destiny #12 Light Arcanine Holo PSA 9 MINT #12,https://www.ebay.es/itm/177348943310,PriceCharting
Neo Destiny,Light Arcanine,12/105,Unlimited,PSA 9,2025-10-10,350.00,USD,eBay,unknown,FALSE,,,2002 Pokemon Neo Destiny #12 Light Arcanine Holo PSA 9 MINT #12,https://www.ebay.es/itm/326803416490,PriceCharting
Neo Destiny,Light Arcanine,12/105,Unlimited,PSA 9,2025-10-06,359.99,USD,eBay,unknown,FALSE,,,Light Arcanine 12/105 Neo Destiny Holo 2002 Pokémon Card PSA 9 MINT 12/105,https://www.ebay.es/itm/146672766278,PriceCharting
Neo Destiny,Light Arcanine,12/105,Unlimited,PSA 8,2026-09-29,662.74,USD,eBay,unknown,FALSE,,,Light Arcanine Holo 12/105 PSA 8 Neo Destiny Pokemon 12/105,https://www.ebay.es/itm/168682908656,PriceCharting
Neo Destiny,Light Arcanine,12/105,Unlimited,PSA 8,2026-09-22,525.00,USD,eBay,unknown,FALSE,,,Pokemon Light Arcanine Holo #12 Neo Destiny PSA 8 #12,https://www.ebay.es/itm/307150319819,PriceCharting
Neo Destiny,Light Arcanine,12/105,Unlimited,PSA 8,2026-08-30,502.00,USD,eBay,unknown,FALSE,,,Pokemon Light Arcanine Holo Neo Destiny Unlimited 12/105 PSA 8 12/105,https://www.ebay.es/itm/287541278854,PriceCharting
Neo Destiny,Light Arcanine,12/105,Unlimited,PSA 8,2026-08-03,591.04,USD,eBay,unknown,FALSE,,,2002 Pokemon Neo Destiny 12 Light Arcanine Holo PSA 8 Near Mint - Mint,https://www.ebay.es/itm/277946822776,PriceCharting
Neo Destiny,Light Arcanine,12/105,Unlimited,PSA 8,2026-07-14,505.00,USD,eBay,unknown,FALSE,,,2002 Pokemon Neo Destiny #12 Light Arcanine Holo PSA 8 NM-MT,https://www.ebay.es/itm/366525930087,PriceCharting
Neo Destiny,Light Arcanine,12/105,Unlimited,PSA 8,2026-07-07,484.00,USD,eBay,unknown,FALSE,,,2002 POKEMON NEO DESTINY #12 LIGHT ARCANINE-HOLO PSA 8 #12,https://www.ebay.es/itm/117274189100,PriceCharting
Neo Destiny,Light Arcanine,12/105,Unlimited,PSA 8,2026-07-05,510.00,USD,eBay,unknown,FALSE,,,2002 Pokémon Light Arcanine #12 Neo Destiny Holo Rare PSA 8 NM-MINT 12/105,https://www.ebay.es/itm/117254382932,PriceCharting
Neo Destiny,Light Arcanine,12/105,Unlimited,PSA 8,2026-06-18,522.00,USD,eBay,unknown,FALSE,,,2002 Pokemon Neo Destiny #12 Light Arcanine Holo PSA 8 NM-MT,https://www.ebay.es/itm/377251917380,PriceCharting
Neo Destiny,Light Arcanine,12/105,Unlimited,PSA 8,2026-05-31,520.00,USD,eBay,unknown,FALSE,,,2002 POKEMON NEO DESTINY #12 LIGHT ARCANINE-HOLO PSA 8 FART SWIRL #12,https://www.ebay.es/itm/318376533466,PriceCharting
Neo Destiny,Light Arcanine,12/105,Unlimited,PSA 8,2026-04-26,413.00,USD,eBay,unknown,FALSE,,,Pokémon Light Arcanine Neo Destiny Holo 12/105 PSA 8 🌀SWIRL 🌀 GUARD INCLUDED 12/105,https://www.ebay.es/itm/397843062842,PriceCharting
Neo Destiny,Light Arcanine,12/105,Unlimited,PSA 8,2026-04-12,470.00,USD,eBay,best offer,TRUE,470.00,,Pokemon Neo Destiny Light Arcanine Holo Rare Card 12/105 PSA 8 12/105,https://www.ebay.es/itm/188237738832,PriceCharting
Neo Destiny,Light Arcanine,12/105,Unlimited,PSA 8,2026-04-03,409.00,USD,eBay,unknown,FALSE,,,2002 Pokemon Neo Destiny 12 Light Arcanine Holo PSA 8 100211644 12/105,https://www.ebay.es/itm/298185185638,PriceCharting
Neo Destiny,Light Arcanine,12/105,Unlimited,PSA 8,2026-03-30,315.00,USD,eBay,best offer,TRUE,315.00,,Pokémon TCG Light Arcanine Neo Destiny Holo Card 12/105 PSA 8- Half Swirl #12,https://www.ebay.es/itm/117115675032,PriceCharting
Neo Destiny,Light Arcanine,12/105,Unlimited,PSA 8,2026-03-23,410.00,USD,eBay,unknown,FALSE,,,Pokémon TCG Light Arcanine Neo Destiny Holo Card 12/105 PSA 8 #12,https://www.ebay.es/itm/336487790848,PriceCharting
Neo Destiny,Light Arcanine,12/105,Unlimited,PSA 8,2026-03-11,240.00,USD,eBay,unknown,FALSE,,,Pokémon TCG Light Arcanine Neo Destiny Holo Rare 12/105 PSA 8 2002 Unlimited 12/105,https://www.ebay.es/itm/336471397131,PriceCharting
Neo Destiny,Light Arcanine,12/105,Unlimited,PSA 8,2026-03-06,330.00,USD,eBay,best offer,TRUE,,,Pokémon Light Arcanine 12/105 Neo Destiny Holo Rare ‘02 English PSA 8 💫SWIRL 💫 12/105,https://www.ebay.es/itm/257392713432,PriceCharting
Neo Destiny,Light Arcanine,12/105,Unlimited,PSA 8,2026-02-01,260.88,USD,eBay,unknown,FALSE,,,PSA 8 NEAR MINT LIGHT ARCANINE 12/105 POKÉMON NEO DESTINY HOLO 2002 12/105,https://www.ebay.es/itm/187974748472,PriceCharting
Neo Destiny,Light Arcanine,12/105,Unlimited,PSA 8,2026-01-23,250.00,USD,eBay,unknown,FALSE,,,Pokemon Neo Destiny Light Arcanine Holo Rare Card 12/105 PSA 8 12/105,https://www.ebay.es/itm/336388678164,PriceCharting
Neo Destiny,Light Arcanine,12/105,Unlimited,PSA 8,2026-01-22,290.00,USD,eBay,unknown,FALSE,,,2002 POKEMON NEO DESTINY #12 LIGHT ARCANINE-HOLO PSA 8 #12,https://www.ebay.es/itm/297931708227,PriceCharting
Neo Destiny,Light Arcanine,12/105,Unlimited,PSA 8,2026-01-20,208.13,USD,eBay,unknown,FALSE,,,Pokemon Cards PSA 8 Nm-Mt Light Arcanine Holo 2002 Neo Destiny 12/105,https://www.ebay.es/itm/116980674811,PriceCharting
Neo Destiny,Light Azumarill,13/105,1st Edition,PSA 10,2026-09-25,12000,USD,eBay,BIN,FALSE,,29055503,,https://www.ebay.com/itm/298697283984,PSA APR
Neo Destiny,Light Azumarill,13/105,1st Edition,PSA 10,2026-09-24,10000,USD,eBay,BIN,FALSE,,68584758,,https://www.ebay.com/itm/117425134649,PSA APR
Neo Destiny,Light Azumarill,13/105,1st Edition,PSA 10,2026-09-19,5999.99,USD,eBay,unknown,FALSE,,,2002 POKEMON NEO DESTINY 1ST EDITION #13 LIGHT AZUMARILL-HOLO PSA 10 #13,https://www.ebay.es/itm/117388582372,PriceCharting
Neo Destiny,Light Azumarill,13/105,1st Edition,PSA 10,2026-09-12,3950,USD,eBay,best offer,TRUE,,46980245,,https://www.ebay.com/itm/298399546464,PSA APR
Neo Destiny,Light Azumarill,13/105,1st Edition,PSA 10,2026-09-09,4000.00,USD,eBay,unknown,FALSE,,,Pokémon - Light Azumarill Holo Neo Destiny 1st Edition #13 PSA 10,https://www.ebay.es/itm/188369014852,PriceCharting
Neo Destiny,Light Azumarill,13/105,1st Edition,PSA 10,2026-09-09,4475.00,USD,eBay,unknown,FALSE,,,Pokemon Light Azumarill Neo Destiny 1st Edition Holo Rare #13 PSA 10 Gem Mint,https://www.ebay.es/itm/287232988591,PriceCharting
Neo Destiny,Light Azumarill,13/105,1st Edition,PSA 10,2026-09-09,4200,USD,Fanatics Collect,best offer,TRUE,,46816970,,https://www.fanaticscollect.com/buy-now/e39558a0-b0fc-4bcd-8140-4fbb0962fd3d,PSA APR
Neo Destiny,Light Azumarill,13/105,1st Edition,PSA 10,2026-09-01,3899.00,USD,eBay,unknown,FALSE,,,Pokemon Light Azumarill Holo Neo Destiny 13/105 1st Edition PSA 10 Gem Mint 13/105,https://www.ebay.es/itm/287449771356,PriceCharting
Neo Destiny,Light Azumarill,13/105,1st Edition,PSA 10,2026-08-31,3650.00,USD,eBay,unknown,FALSE,,,2002 POKEMON NEO DESTINY 1ST EDITION #13 LIGHT AZUMARILL-HOLO PSA 10 #13,https://www.ebay.es/itm/298602975680,PriceCharting
Neo Destiny,Light Azumarill,13/105,1st Edition,PSA 10,2026-08-30,3200.00,USD,eBay,best offer,TRUE,,,2002 POKEMON NEO DESTINY 1ST EDITION LIGHT AZUMARILL HOLO #13 PSA 10 GEM MINT #13,https://www.ebay.es/itm/188177460489,PriceCharting
Neo Destiny,Light Azumarill,13/105,1st Edition,PSA 10,2026-08-30,4550.00,USD,eBay,unknown,FALSE,,,2002 POKEMON NEO DESTINY 1ST ED. LIGHT AZUMARILL HOLO #13 PSA 10 GEM MINT SWIRL! #13,https://www.ebay.es/itm/257486472345,PriceCharting
Neo Destiny,Light Azumarill,13/105,1st Edition,PSA 10,2026-08-10,2532,USD,Goldin Auctions,auction,FALSE,,27765155,,https://goldin.co/item/2002-pokemon-neo-destiny-1st-edition-holo-13-light-azumarill-psa-gem-mgto3h,PSA APR
Neo Destiny,Light Azumarill,13/105,1st Edition,PSA 10,2026-07-20,3000,USD,Fanatics Collect,auction,FALSE,,28690415,,https://www.fanaticscollect.com/weekly/167b8be0-6f68-11f1-b7b4-0a58a9feac02,PSA APR
Neo Destiny,Light Azumarill,13/105,1st Edition,PSA 10,2026-07-13,3120,USD,Fanatics Collect,auction,FALSE,,28114969,,https://www.fanaticscollect.com/weekly/50960456-7588-11f1-80c1-0a58a9feac02,PSA APR
Neo Destiny,Light Azumarill,13/105,1st Edition,PSA 10,2026-05-11,3240,USD,Fanatics Collect,auction,FALSE,,46816970,,https://www.fanaticscollect.com/weekly/484a4ca4-429c-11f1-89cd-0a58a9feac02,PSA APR
Neo Destiny,Light Azumarill,13/105,1st Edition,PSA 10,2026-05-11,3965,USD,Goldin Auctions,auction,FALSE,,45447185,,https://goldin.co/item/2002-pokemon-neo-destiny-1st-edition-holo-13-light-azumarill-psa-gem-mlrred,PSA APR
Neo Destiny,Light Azumarill,13/105,1st Edition,PSA 10,2026-05-03,3999,USD,Fanatics Collect,best offer,TRUE,,43640023,,https://www.fanaticscollect.com/buy-now/5a8db621-c612-48e5-8495-aa65c92a1eec,PSA APR
Neo Destiny,Light Azumarill,13/105,1st Edition,PSA 10,2026-04-26,3077.00,USD,eBay,unknown,FALSE,,,Pokemon Light Azumarill Neo Destiny 1st Edition Holo Rare #13 PSA 10 Gem Mint,https://www.ebay.es/itm/287278224496,PriceCharting
Neo Destiny,Light Azumarill,13/105,1st Edition,PSA 10,2026-04-20,3360,USD,Fanatics Collect,auction,FALSE,,28789529,,https://www.fanaticscollect.com/weekly/50132f0c-32af-11f1-b7da-0a58a9feac02,PSA APR
Neo Destiny,Light Azumarill,13/105,1st Edition,PSA 10,2026-03-20,4550.00,USD,eBay,unknown,FALSE,,,2002 POKEMON NEO DESTINY 1ST EDITION #13 LIGHT AZUMARILL-HOLO PSA 10 #13,https://www.ebay.es/itm/298109351278,PriceCharting
Neo Destiny,Light Azumarill,13/105,1st Edition,PSA 10,2026-03-10,5000,USD,Fanatics Collect,best offer,TRUE,,41581458,,https://www.fanaticscollect.com/buy-now/5c5ccc7c-0424-4d5f-b775-c56f9a8fdbdd,PSA APR
Neo Destiny,Light Azumarill,13/105,1st Edition,PSA 10,2026-03-10,2600,USD,Fanatics Collect,best offer,TRUE,,28114969,,https://www.fanaticscollect.com/buy-now/0ce52cb4-2425-4315-a77f-753fa2eafe45,PSA APR
Neo Destiny,Light Azumarill,13/105,1st Edition,PSA 10,2026-03-08,5834.01,USD,eBay,auction,FALSE,,28789529,,https://www.ebay.com/itm/137054293654,PSA APR
Neo Destiny,Light Azumarill,13/105,1st Edition,PSA 10,2026-02-17,1240,USD,Fanatics Collect,best offer,TRUE,,46816970,,https://www.fanaticscollect.com/buy-now/ae3e3d51-cd59-4916-b65a-8a7863c7e2ac,PSA APR
Neo Destiny,Light Azumarill,13/105,1st Edition,PSA 10,2026-01-11,835.88,USD,eBay,unknown,FALSE,,,PSA 10 1st Edition Light Azumarill Holo 13/105 - 2002 Neo Destiny Rare Pokemon,https://www.ebay.es/itm/336053470121,PriceCharting
Neo Destiny,Light Azumarill,13/105,1st Edition,PSA 10,2025-12-23,1100.00,USD,eBay,best offer,TRUE,1100.00,,Pokemon 2002 Light Azumarill Holo #13 Neo Destiny 1st Edition PSA 10 13/105,https://www.ebay.es/itm/358043586120,PriceCharting
Neo Destiny,Light Azumarill,13/105,1st Edition,PSA 10,2025-12-22,1500.00,USD,eBay,unknown,FALSE,,,Pokemon 2002 Light Azumarill Holo #13 Neo Destiny 1st Edition PSA 10 13/105,https://www.ebay.es/itm/358043408241,PriceCharting
Neo Destiny,Light Azumarill,13/105,1st Edition,PSA 10,2025-11-08,1200.00,USD,eBay,unknown,FALSE,,,"2002 Pokemon Neo Destiny ""Light Azumarill"" 1st Edition Holo #13 PSA 10 Gem Mint #13",https://www.ebay.es/itm/286157609122,PriceCharting
Neo Destiny,Light Azumarill,13/105,1st Edition,PSA 10,2025-10-23,970,USD,Fanatics Collect,BIN,FALSE,,41581458,,https://www.fanaticscollect.com/fixed/f5ef0886-ad32-11f0-932a-0a58a9feac02,PSA APR
Neo Destiny,Light Azumarill,13/105,1st Edition,PSA 10,2025-10-20,812.44,USD,eBay,BIN,FALSE,,27319664,,https://www.ebay.com/itm/336053470121,PSA APR
Neo Destiny,Light Azumarill,13/105,1st Edition,PSA 10,2025-10-17,366.56,USD,eBay,unknown,FALSE,,,2002 POKEMON NEO DESTINY 1ST EDITION #13/105 LIGHT AZUMARILL HOLO PSA 10 13/105,https://www.ebay.es/itm/205773890514,PriceCharting
Neo Destiny,Light Azumarill,13/105,1st Edition,PSA 10,2025-10-06,1020,USD,Fanatics Collect,auction,FALSE,,41904032,,https://www.fanaticscollect.com/weekly/81c378d4-9801-11f0-abab-02d93b7d50ab,PSA APR
Neo Destiny,Light Azumarill,13/105,1st Edition,PSA 10,2025-06-16,435,USD,eBay,auction,FALSE,,40931177,,https://www.ebay.com/itm/365649785162,PSA APR
Neo Destiny,Light Azumarill,13/105,1st Edition,PSA 10,2025-05-29,445.00,USD,eBay,unknown,FALSE,,,"2002 Pokemon Neo Destiny ""Light Azumarill"" 1st Edition Holo #13 PSA 10 Gem Mint #13",https://www.ebay.es/itm/187246109528,PriceCharting
Neo Destiny,Light Azumarill,13/105,1st Edition,PSA 10,2025-03-09,322.37,USD,eBay,unknown,FALSE,,,Pokemon Light Azumarill 13/105 1st Edition Neo Destiny PSA 10 GEM MINT CH6,https://www.ebay.es/itm/286354997025,PriceCharting
Neo Destiny,Light Azumarill,13/105,1st Edition,PSA 10,2025-02-09,850,USD,eBay,best offer,TRUE,,41261590,,https://www.ebay.com/itm/226518871002,PSA APR
Neo Destiny,Light Azumarill,13/105,1st Edition,PSA 10,2024-09-15,350.00,USD,eBay,unknown,FALSE,,,Pokemon Light Azumarill Neo Destiny 1st Edition Holo Rare #13 PSA 10 Gem Mint,https://www.ebay.es/itm/286047411695,PriceCharting
Neo Destiny,Light Azumarill,13/105,1st Edition,PSA 10,2024-08-11,332.06,USD,eBay,unknown,FALSE,,,Pokemon Neo Destiny 1st. Edition Light Azumarill Holo PSA 10 Gem Mint -WOTC 2002,https://www.ebay.es/itm/276579613430,PriceCharting
Neo Destiny,Light Azumarill,13/105,1st Edition,PSA 10,2024-06-02,313.90,USD,eBay,unknown,FALSE,,,Pokémon Neo Destiny 1st. Edition Light Azumarill Holo PSA 10 Gem Mint -WOTC 2002,https://www.ebay.es/itm/276482191940,PriceCharting
Neo Destiny,Light Azumarill,13/105,1st Edition,PSA 10,2024-05-13,380.00,USD,eBay,unknown,FALSE,,,Light Azumarill 1st Edition Holo PSA 10 GEM MINT Pokemon Neo Destiny 13/105,https://www.ebay.es/itm/166596419743,PriceCharting
Neo Destiny,Light Azumarill,13/105,1st Edition,PSA 10,2024-03-01,358.00,USD,eBay,unknown,FALSE,,,Pokemon PSA 10 Gem Mint 1st Edition Neo Destiny Holo Light Azumarill 13/105 (JC) 13/105,https://www.ebay.es/itm/326016715733,PriceCharting
Neo Destiny,Light Azumarill,13/105,1st Edition,PSA 10,2024-01-28,480.00,USD,eBay,unknown,FALSE,,,Pokemon PSA 10 1st Edition Light Azumarill 13/105 Neo Destiny Holo Rare Mint,https://www.ebay.es/itm/134414975317,PriceCharting
Neo Destiny,Light Azumarill,13/105,1st Edition,PSA 10,2023-11-12,317.48,USD,eBay,unknown,FALSE,,,Pokemon - PSA 10 1st Edition Neo Destiny Light Azumarill - Holo #13/105 #13,https://www.ebay.es/itm/235229464943,PriceCharting
Neo Destiny,Light Azumarill,13/105,1st Edition,PSA 10,2023-10-25,265,USD,eBay,auction,FALSE,,42609435,,https://www.ebay.com/itm/285520877149,PSA APR
Neo Destiny,Light Azumarill,13/105,1st Edition,PSA 10,2023-10-09,261.69,USD,eBay,auction,FALSE,,29055503,,https://www.ebay.com/itm/256236321835,PSA APR
Neo Destiny,Light Azumarill,13/105,1st Edition,PSA 9,2026-09-24,500.00,USD,eBay,unknown,FALSE,,,2002 POKEMON NEO DESTINY 1ST EDITION #13 LIGHT AZUMARILL-HOLO PSA 9 #13,https://www.ebay.es/itm/306874262748,PriceCharting
Neo Destiny,Light Azumarill,13/105,1st Edition,PSA 9,2026-08-17,285.00,USD,eBay,unknown,FALSE,,,Pokemon Light Azumarill Holo Neo Destiny 13/105 1st Edition PSA 9 Mint 13/105,https://www.ebay.es/itm/287511104965,PriceCharting
Neo Destiny,Light Azumarill,13/105,1st Edition,PSA 9,2026-08-01,300.00,USD,eBay,best offer,TRUE,,,1st Edition Light Azumarill Holo 2002 Pokemon Neo Destiny- PSA 9 #13,https://www.ebay.es/itm/800324625092,PriceCharting
Neo Destiny,Light Azumarill,13/105,1st Edition,PSA 9,2026-07-03,315.00,USD,eBay,unknown,FALSE,,,Pokemon 2002 Neo Destiny 1st Ed. Light Azumarill Holo - PSA 9 MINT #13/105 13/105,https://www.ebay.es/itm/206373697759,PriceCharting
Neo Destiny,Light Azumarill,13/105,1st Edition,PSA 9,2026-06-27,350.00,USD,eBay,unknown,FALSE,,,2002 POKEMON NEO DESTINY 1ST EDITION #13 LIGHT AZUMARILL-HOLO PSA 9 #13,https://www.ebay.es/itm/147367727052,PriceCharting
Neo Destiny,Light Azumarill,13/105,1st Edition,PSA 9,2026-06-10,222.50,USD,eBay,unknown,FALSE,,,2002 Pokemon Neo Destiny 1st Ed. #13 Light Azumarill Holo PSA 9 MINT,https://www.ebay.es/itm/366451388976,PriceCharting
Neo Destiny,Light Azumarill,13/105,1st Edition,PSA 9,2026-04-08,275.00,USD,eBay,unknown,FALSE,,,Pokemon 2002 Neo Destiny 1st Ed. Light Azumarill Holo - PSA 9 MINT #13/105 Swirl 13/105,https://www.ebay.es/itm/175789885795,PriceCharting
Neo Destiny,Light Azumarill,13/105,1st Edition,PSA 9,2026-03-24,250.00,USD,eBay,unknown,FALSE,,,Pokemon 1st Edition Light Azumarill #13 Holo 2002 Neo Destiny PSA 9 MINT #13,https://www.ebay.es/itm/397752325905,PriceCharting
Neo Destiny,Light Azumarill,13/105,1st Edition,PSA 9,2026-03-15,200.00,USD,eBay,unknown,FALSE,,,Pokemon 1st Edition HOLO LIGHT AZUMARILL 2002 Neo Destiny PSA 9 MINT,https://www.ebay.es/itm/267205941754,PriceCharting
Neo Destiny,Light Azumarill,13/105,1st Edition,PSA 9,2026-03-03,200.00,USD,eBay,unknown,FALSE,,,Pokemon 1st Edition HOLO LIGHT AZUMARILL 2002 Neo Destiny PSA 9 MINT,https://www.ebay.es/itm/376957948622,PriceCharting
Neo Destiny,Light Azumarill,13/105,1st Edition,PSA 9,2026-02-11,175.00,USD,eBay,best offer,TRUE,175.00,,2002 POKEMON LIGHT AZUMARILL 1ST EDITION HOLO #13 NEO DESTINY PSA 9 WOTC VINTAGE #13,https://www.ebay.es/itm/388888398106,PriceCharting
Neo Destiny,Light Azumarill,13/105,1st Edition,PSA 9,2026-02-03,175.00,USD,eBay,best offer,TRUE,,,2002 POKEMON NEO DESTINY 1ST ED #13 LIGHT AZUMARILL-HOLO PSA 9 #13,https://www.ebay.es/itm/287117504349,PriceCharting
Neo Destiny,Light Azumarill,13/105,1st Edition,PSA 9,2026-01-30,138.50,USD,eBay,unknown,FALSE,,,2002 Pokemon Neo Destiny 1st Edition Light Azumarill Holo #13/105 PSA 9,https://www.ebay.es/itm/127643304622,PriceCharting
Neo Destiny,Light Azumarill,13/105,1st Edition,PSA 9,2026-01-07,185.00,USD,eBay,unknown,FALSE,,,2002 POKEMON NEO DESTINY 1ST ED #13 LIGHT AZUMARILL-HOLO PSA 9 #13,https://www.ebay.es/itm/116970357624,PriceCharting
Neo Destiny,Light Azumarill,13/105,1st Edition,PSA 9,2025-10-06,109.26,USD,eBay,unknown,FALSE,,,Pokémon TCG Light Azumarill Neo Destiny Holo Card 13/105 1st Edition Rare PSA 9 13/105,https://www.ebay.es/itm/277404229197,PriceCharting
Neo Destiny,Light Azumarill,13/105,1st Edition,PSA 9,2025-09-21,150.00,USD,eBay,unknown,FALSE,,,Pokémon TCG Light Azumarill Neo Destiny Holo Card 13/105 1st Edition Rare PSA 9 13/105,https://www.ebay.es/itm/297613389741,PriceCharting
Neo Destiny,Light Azumarill,13/105,1st Edition,PSA 9,2025-08-03,156.50,USD,eBay,unknown,FALSE,,,2002 Pokémon Neo Destiny Light Azumarill Holo - 1st Edition PSA 9 #13,https://www.ebay.es/itm/146732539845,PriceCharting
Neo Destiny,Light Azumarill,13/105,1st Edition,PSA 9,2025-07-27,146.95,USD,eBay,unknown,FALSE,,,LIGHT AZUMARILL HOLO 1ST EDITION POKEMON NEO DESTINY 2002 13 PSA 9,https://www.ebay.es/itm/136168950513,PriceCharting
Neo Destiny,Light Azumarill,13/105,1st Edition,PSA 9,2025-07-26,200.00,USD,eBay,unknown,FALSE,,,PSA 9 Pokemon 2002 Neo Destiny 1st Edition Light Azumarill Holo #13 #13,https://www.ebay.es/itm/156258121382,PriceCharting
Neo Destiny,Light Azumarill,13/105,1st Edition,PSA 9,2025-07-06,169.95,USD,eBay,unknown,FALSE,,,Pokemon 2002 Neo Destiny #13 LIGHT AZUMARILL 1st Edition Holo PSA 9 Mint 13/105 #13,https://www.ebay.es/itm/276046002600,PriceCharting
Neo Destiny,Light Azumarill,13/105,1st Edition,PSA 8,2026-09-20,255.00,USD,eBay,unknown,FALSE,,,Light Azumarill Holo Pokemon Neo Destiny 1st Edition PSA 8 NM-MT Original Owner 13/105,https://www.ebay.es/itm/398391241946,PriceCharting
Neo Destiny,Light Azumarill,13/105,1st Edition,PSA 8,2026-09-13,178.81,USD,eBay,unknown,FALSE,,,2002 POKEMON NEO DESTINY #13 LIGHT AZUMARILL-HOLO 1ST EDITION PSA 8 #13,https://www.ebay.es/itm/307158161746,PriceCharting
Neo Destiny,Light Azumarill,13/105,1st Edition,PSA 8,2026-08-23,182.94,USD,eBay,unknown,FALSE,,,2002 POKEMON NEO DESTINY 1ST EDITION #13 LIGHT AZUMARILL-HOLO PSA 8 #13,https://www.ebay.es/itm/298581521312,PriceCharting
Neo Destiny,Light Azumarill,13/105,1st Edition,PSA 8,2026-08-16,174.71,USD,eBay,unknown,FALSE,,,LIGHT AZUMARILL POKEMON 13 2002 NEO DESTINY 1st EDITION HOLO ENGLISH PSA 8,https://www.ebay.es/itm/137580945903,PriceCharting
Neo Destiny,Light Azumarill,13/105,1st Edition,PSA 8,2026-07-01,200.00,USD,eBay,unknown,FALSE,,,Pokemon PSA 8 1st Edition Light Azumarill 13/105 Neo Destiny Holo Card Near Mint 13/105,https://www.ebay.es/itm/168431587961,PriceCharting
Neo Destiny,Light Azumarill,13/105,1st Edition,PSA 8,2026-06-20,251.44,USD,eBay,best offer,TRUE,249.19,,Pokemon Light Azumarill 1st Edition Holo Neo Destiny PSA 8 NM-M 2002 13/105 Eng,https://www.ebay.es/itm/297727556350,PriceCharting
Neo Destiny,Light Azumarill,13/105,1st Edition,PSA 8,2026-04-25,175.59,USD,eBay,best offer,TRUE,168.58,,2002 Light Azumarill 13/105 1st Edition Neo Destiny Holo Rare PSA 8 Pokemon TCG,https://www.ebay.es/itm/335738822946,PriceCharting
Neo Destiny,Light Azumarill,13/105,1st Edition,PSA 8,2026-04-13,133.50,USD,eBay,unknown,FALSE,,,Pokemon Light Azumarill Neo Destiny 1st Edition Holo Rare #13 PSA 8,https://www.ebay.es/itm/287251552360,PriceCharting
Neo Destiny,Light Azumarill,13/105,1st Edition,PSA 8,2026-02-09,115.00,USD,eBay,unknown,FALSE,,,2002 POKEMON LIGHT AZUMARILL 1ST EDITION HOLO #13 NEO DESTINY PSA 8 VINTAGE #13,https://www.ebay.es/itm/376935128060,PriceCharting
Neo Destiny,Light Azumarill,13/105,1st Edition,PSA 8,2026-02-01,76.00,USD,eBay,unknown,FALSE,,,2002 Pokemon NEO Destiny Light Azumarill Holo 1st Edition PSA 8 13/105,https://www.ebay.es/itm/406641045620,PriceCharting
Neo Destiny,Light Azumarill,13/105,1st Edition,PSA 8,2025-10-26,128.50,USD,eBay,unknown,FALSE,,,Pokemon Light Azumarill Neo Destiny 1st Edition Holo Rare #13 PSA 8,https://www.ebay.es/itm/286882112950,PriceCharting
Neo Destiny,Light Azumarill,13/105,1st Edition,PSA 8,2025-10-17,149.99,USD,eBay,unknown,FALSE,,,2002 Pokemon Neo Destiny #13 Light Azumarill Holo 1st Edition PSA 8 NM-MINT #13,https://www.ebay.es/itm/177348943279,PriceCharting
Neo Destiny,Light Azumarill,13/105,1st Edition,PSA 8,2025-09-23,130.00,USD,eBay,unknown,FALSE,,,2002 Pokemon Neo Destiny #13 Light Azumarill Holo 1st Edition PSA 8 NM-MINT #13,https://www.ebay.es/itm/177348943281,PriceCharting
Neo Destiny,Light Azumarill,13/105,1st Edition,PSA 8,2025-08-19,75.00,USD,eBay,unknown,FALSE,,,Light Azumarill Holo 1st Edition - 2002 Pokémon Neo Destiny 13/105 PSA 8 #13,https://www.ebay.es/itm/317189802792,PriceCharting
Neo Destiny,Light Azumarill,13/105,1st Edition,PSA 8,2025-08-04,66.00,USD,eBay,unknown,FALSE,,,Pokemon Light Azumarill Neo Destiny 1st Edition Holo Rare #13 PSA 8,https://www.ebay.es/itm/286728739109,PriceCharting
Neo Destiny,Light Azumarill,13/105,1st Edition,PSA 8,2025-08-03,135.46,USD,eBay,unknown,FALSE,,,Pokemon Cards: Neo Destiny 1st Edition Rare Holo: Light Azumarill 13/105 PSA 8 #13,https://www.ebay.es/itm/317107225524,PriceCharting
Neo Destiny,Light Azumarill,13/105,1st Edition,PSA 8,2025-06-27,70.00,USD,eBay,unknown,FALSE,,,Light Azumarill Holo 1st Edition - 2002 Pokémon Neo Destiny 13/105 - PSA 8 #13,https://www.ebay.es/itm/167613351019,PriceCharting
Neo Destiny,Light Azumarill,13/105,1st Edition,PSA 8,2025-03-24,64.00,USD,eBay,unknown,FALSE,,,2002 POKEMON NEO DESTINY 1ST EDITION #13 LIGHT AZUMARILL-HOLO PSA 8 #13,https://www.ebay.es/itm/306171742147,PriceCharting
Neo Destiny,Light Azumarill,13/105,1st Edition,PSA 8,2025-03-20,31.00,USD,eBay,unknown,FALSE,,,Light Azumarill PSA 8 2002 Pokemon Neo Destiny 1st Edition #13/105 13/105,https://www.ebay.es/itm/197092337679,PriceCharting
Neo Destiny,Light Azumarill,13/105,1st Edition,PSA 8,2025-03-10,51.00,USD,eBay,unknown,FALSE,,,2002 Pokemon Neo Destiny 1st Edition Light Azumarill #13/105 PSA 8,https://www.ebay.es/itm/126975013381,PriceCharting
Neo Destiny,Light Azumarill,13/105,1st Edition,PSA 8,2025-03-07,59.99,USD,eBay,unknown,FALSE,,,Pokemon Light Azumarill 13/105 Neo Destiny 1st Edition Holo Vintage PSA 8 #13,https://www.ebay.es/itm/405619504918,PriceCharting
Neo Destiny,Light Azumarill,13/105,Unlimited,PSA 10,2026-09-23,3999.99,USD,eBay,BIN,FALSE,,41486532,,https://www.ebay.com/itm/307157351770,PSA APR
Neo Destiny,Light Azumarill,13/105,Unlimited,PSA 10,2026-09-08,2500.00,USD,eBay,best offer,TRUE,2500.00,,Pokemon PSA 10 Light Azumarill 13/105 Neo Destiny Holo Rare Unlimited 13/105,https://www.ebay.es/itm/168672369064,PriceCharting
Neo Destiny,Light Azumarill,13/105,Unlimited,PSA 10,2026-09-07,1764.74,USD,eBay,best offer,TRUE,1701.62,,Light Azumarill 13/105 Neo Destiny Holo SWIRL PSA 10 Gem Mint Pokemon TCG,https://www.ebay.es/itm/237000510875,PriceCharting
Neo Destiny,Light Azumarill,13/105,Unlimited,PSA 10,2026-06-22,450,USD,eBay,best offer,TRUE,,28109020,,https://www.ebay.com/itm/264948187278,PSA APR
Neo Destiny,Light Azumarill,13/105,Unlimited,PSA 10,2026-06-15,1495.69,USD,eBay,unknown,FALSE,,,Pokemon Light Azumarill Neo Destiny Unlimited Holo Rare #13 PSA 10 Gem Mint,https://www.ebay.es/itm/287375954079,PriceCharting
Neo Destiny,Light Azumarill,13/105,Unlimited,PSA 10,2026-05-11,1618.00,USD,eBay,unknown,FALSE,,,Pokemon Light Azumarill Neo Destiny Unlimited Holo Rare #13 PSA 10 Gem Mint,https://www.ebay.es/itm/287303905346,PriceCharting
Neo Destiny,Light Azumarill,13/105,Unlimited,PSA 10,2026-05-04,2375.00,USD,eBay,unknown,FALSE,,,Pokemon Light Azumarill Neo Destiny Unlimited Holo Rare #13 PSA 10 Gem Mint,https://www.ebay.es/itm/287292261768,PriceCharting
Neo Destiny,Light Azumarill,13/105,Unlimited,PSA 10,2026-03-31,1649.81,USD,eBay,BIN,FALSE,,27538630,,https://www.ebay.com/itm/318075439980,PSA APR
Neo Destiny,Light Azumarill,13/105,Unlimited,PSA 10,2026-03-30,1470,USD,Fanatics Collect,auction,FALSE,,55403679,,https://www.fanaticscollect.com/weekly/a90a440e-278f-11f1-a30c-024548c722f5,PSA APR
Neo Destiny,Light Azumarill,13/105,Unlimited,PSA 10,2026-03-29,1775,USD,eBay,BIN,FALSE,,49450298,,https://www.ebay.com/itm/287232988470,PSA APR
Neo Destiny,Light Azumarill,13/105,Unlimited,PSA 10,2026-01-05,450.00,USD,eBay,best offer,TRUE,,,PSA 10 GEM MINT Pokemon LIGHT AZUMARILL Holo Rare Neo Destiny 13/105 Unlimited,https://www.ebay.es/itm/264948187278,PriceCharting
Neo Destiny,Light Azumarill,13/105,Unlimited,PSA 10,2025-11-06,575.00,USD,eBay,best offer,TRUE,575.00,,2002 POKEMON NEO DESTINY #13 LIGHT AZUMARILL-HOLO PSA 10 #13,https://www.ebay.es/itm/297487379230,PriceCharting
Neo Destiny,Light Azumarill,13/105,Unlimited,PSA 10,2025-10-17,363.12,USD,eBay,auction,FALSE,,92157959,,https://www.ebay.com/itm/205773890514,PSA APR
Neo Destiny,Light Azumarill,13/105,Unlimited,PSA 10,2025-07-04,269.97,USD,eBay,unknown,FALSE,,,Light Azumarill Neo Destiny 13/105 Holo Pokemon Card 2002 PSA 10 GEM MINT POP 52 13/105,https://www.ebay.es/itm/236122785179,PriceCharting
Neo Destiny,Light Azumarill,13/105,Unlimited,PSA 10,2025-06-30,1020,USD,Fanatics Collect,auction,FALSE,,92157959,,https://www.fanaticscollect.com/weekly/8d44408e-4b22-11f0-ae1a-0a1d62e5a713,PSA APR
Neo Destiny,Light Azumarill,13/105,Unlimited,PSA 10,2025-04-04,192.50,USD,eBay,unknown,FALSE,,,2002 Pokemon Neo Destiny RARE Foil #13 Light Azumarill HOLO PSA 10 GEM MINT,https://www.ebay.es/itm/376102255256,PriceCharting
Neo Destiny,Light Azumarill,13/105,Unlimited,PSA 10,2025-03-01,295.00,USD,eBay,unknown,FALSE,,,Pokémon Light Azumarill Neo Destiny PSA 10 #13,https://www.ebay.es/itm/316319218751,PriceCharting
Neo Destiny,Light Azumarill,13/105,Unlimited,PSA 10,2025-02-21,180.00,USD,eBay,unknown,FALSE,,,2002 POKEMON NEO DESTINY #13 LIGHT AZUMARILL-HOLO PSA 10 #13,https://www.ebay.es/itm/197033403957,PriceCharting
Neo Destiny,Light Azumarill,13/105,Unlimited,PSA 10,2025-02-15,132.50,USD,eBay,unknown,FALSE,,,PSA 10 Pokemon LIGHT AZUMARILL Holo Neo Destiny 13/105 Unlimited LOW POP! 13/105,https://www.ebay.es/itm/205276346712,PriceCharting
Neo Destiny,Light Azumarill,13/105,Unlimited,PSA 10,2025-01-17,190.00,USD,eBay,unknown,FALSE,,,2002 POKEMON NEO DESTINY HOLO GEM MINT LIGHT AZUMARILL PSA 10 Q1940,https://www.ebay.es/itm/276813804150,PriceCharting
Neo Destiny,Light Azumarill,13/105,Unlimited,PSA 10,2024-12-15,155.19,USD,eBay,unknown,FALSE,,,Pokemon Light Azumarill Neo Destiny Unlimited Holo Rare #13 PSA 10 Gem Mint,https://www.ebay.es/itm/286202617350,PriceCharting
Neo Destiny,Light Azumarill,13/105,Unlimited,PSA 10,2024-08-26,182.50,USD,eBay,unknown,FALSE,,,Pokemon Light Azumarill Neo Destiny Unlimited Holo Rare #13 PSA 10 Gem Mint,https://www.ebay.es/itm/286013868502,PriceCharting
Neo Destiny,Light Azumarill,13/105,Unlimited,PSA 10,2024-07-13,162.5,USD,eBay,auction,FALSE,,91620718,,https://www.ebay.com/itm/395517233439,PSA APR
Neo Destiny,Light Azumarill,13/105,Unlimited,PSA 10,2024-04-12,197.50,USD,eBay,unknown,FALSE,,,2002 Pokemon Neo Destiny #13 Light Azumarill Holo PSA 10 GEM MINT,https://www.ebay.es/itm/386907449247,PriceCharting
Neo Destiny,Light Azumarill,13/105,Unlimited,PSA 9,2026-09-22,145.00,USD,eBay,unknown,FALSE,,,2002 Neo Destiny Light Azumarill Holo #13 PSA 9 Vintage Pokemon #13,https://www.ebay.es/itm/327125326060,PriceCharting
Neo Destiny,Light Azumarill,13/105,Unlimited,PSA 9,2026-07-14,113.03,USD,eBay,best offer,TRUE,,,2002 Pokemon Neo Destiny Light Azumarill Holo PSA 9 MINT,https://www.ebay.es/itm/398156019724,PriceCharting
Neo Destiny,Light Azumarill,13/105,Unlimited,PSA 9,2026-06-08,129.95,USD,eBay,unknown,FALSE,,,"Pokémon Card Light Azumarill Holo Rare PSA 9 Mint, Neo Destiny 13/105, WOTC 2002 13/105",https://www.ebay.es/itm/124506483883,PriceCharting
Neo Destiny,Light Azumarill,13/105,Unlimited,PSA 9,2026-06-02,115.00,USD,eBay,unknown,FALSE,,,2002 Neo Destiny Light Azumarill Holo #13 PSA 9 Vintage Pokemon #13,https://www.ebay.es/itm/406728701357,PriceCharting
Neo Destiny,Light Azumarill,13/105,Unlimited,PSA 9,2026-05-19,39.99,USD,eBay,unknown,FALSE,,,Light Azumarill 13/105 Neo Destiny Holo PSA 9 2001 Pokémon TCG 13/105,https://www.ebay.es/itm/236817030367,PriceCharting
Neo Destiny,Light Azumarill,13/105,Unlimited,PSA 9,2026-04-26,83.95,USD,eBay,unknown,FALSE,,,Pokemon Neo Destiny Light Azumarill 13/105 PSA 9,https://www.ebay.es/itm/397456381228,PriceCharting
Neo Destiny,Light Azumarill,13/105,Unlimited,PSA 9,2026-04-23,85.00,USD,eBay,best offer,TRUE,85.00,,2002 PSA 9 Light Azumarill #13 Holo Rare WOTC Pokemon Neo Destiny Unlimited #13,https://www.ebay.es/itm/358314074299,PriceCharting
Neo Destiny,Light Azumarill,13/105,Unlimited,PSA 9,2026-04-15,88.49,USD,eBay,best offer,TRUE,84.95,,PSA 9 - Neo Destiny Unlimited HOLO Light Azumarill Pokemon,https://www.ebay.es/itm/117128811716,PriceCharting
Neo Destiny,Light Azumarill,13/105,Unlimited,PSA 9,2026-02-20,65.00,USD,eBay,best offer,TRUE,65.00,,2002 PSA 9 Light Azumarill #13 Holo Rare WOTC Pokemon Neo Destiny Unlimited #13,https://www.ebay.es/itm/116540373004,PriceCharting
Neo Destiny,Light Azumarill,13/105,Unlimited,PSA 9,2025-11-17,51.00,USD,eBay,unknown,FALSE,,,Pokemon Light Azumarill Neo Destiny Unlimited Holo Rare #13 PSA 9 Mint,https://www.ebay.es/itm/286922256611,PriceCharting
Neo Destiny,Light Azumarill,13/105,Unlimited,PSA 9,2025-11-09,75.86,USD,eBay,unknown,FALSE,,,Pokemon Light Azumarill Neo Destiny Unlimited Holo Rare #13 PSA 9 Mint,https://www.ebay.es/itm/286909565188,PriceCharting
Neo Destiny,Light Azumarill,13/105,Unlimited,PSA 9,2025-11-09,99.99,USD,eBay,unknown,FALSE,,,Light Azumarill 13/105 PSA 9 Mint Pokemon Neo Destiny 13/105,https://www.ebay.es/itm/396170290294,PriceCharting
Neo Destiny,Light Azumarill,13/105,Unlimited,PSA 9,2025-10-10,85.58,USD,eBay,unknown,FALSE,,,2002 Pokemon Neo Destiny Light Azumarill Holo PSA 9 MINT,https://www.ebay.es/itm/397063730739,PriceCharting
Neo Destiny,Light Azumarill,13/105,Unlimited,PSA 9,2025-10-10,75.00,USD,eBay,best offer,TRUE,75.00,,Light Azumarill 13/105 PSA 9 Mint Pokemon Neo Destiny 2002 13/105,https://www.ebay.es/itm/146672770912,PriceCharting
Neo Destiny,Light Azumarill,13/105,Unlimited,PSA 9,2025-09-29,49.00,USD,eBay,unknown,FALSE,,,Pokemon Light Azumarill Neo Destiny Unlimited Holo Rare #13 PSA 9 Mint,https://www.ebay.es/itm/286828218262,PriceCharting
Neo Destiny,Light Azumarill,13/105,Unlimited,PSA 9,2025-09-16,79.99,USD,eBay,unknown,FALSE,,,Pokemon Light Azumarill Neo Destiny 2002 #13 Holo PSA 9 #13,https://www.ebay.es/itm/187318293931,PriceCharting
Neo Destiny,Light Azumarill,13/105,Unlimited,PSA 9,2025-09-08,40.00,USD,eBay,unknown,FALSE,,,Pokemon Light Azumarill Neo Destiny Unlimited Holo Rare #13 Cracked Case PSA 9,https://www.ebay.es/itm/286787187868,PriceCharting
Neo Destiny,Light Azumarill,13/105,Unlimited,PSA 9,2025-03-10,64.99,USD,eBay,unknown,FALSE,,,2002 Pokemon Light Azumarill PSA 9 Neo Destiny Holo Mint 13/105 WOTC 19/64 #13,https://www.ebay.es/itm/335837618151,PriceCharting
Neo Destiny,Light Azumarill,13/105,Unlimited,PSA 8,2026-08-12,70.00,USD,eBay,unknown,FALSE,,,PSA 8 Light Azumarill Neo Destiny Pokemon Holo 2002 WOTC NM - MINT #13,https://www.ebay.es/itm/184693171604,PriceCharting
Neo Destiny,Light Azumarill,13/105,Unlimited,PSA 8,2026-08-03,74.00,USD,eBay,unknown,FALSE,,,2002 Pokemon Light Azumarill Neo Destiny 13/105 Holo Rare PSA 8 NM/MINT 13/105,https://www.ebay.es/itm/267722846184,PriceCharting
Neo Destiny,Light Azumarill,13/105,Unlimited,PSA 8,2026-07-18,76.00,USD,eBay,unknown,FALSE,,,Pokemon 2002 Light Azumarill 13/105 Holo Neo Destiny PSA 8 13/105,https://www.ebay.es/itm/407064514498,PriceCharting
Neo Destiny,Light Azumarill,13/105,Unlimited,PSA 8,2026-07-09,110.00,USD,eBay,best offer,TRUE,110.00,,2002 POKEMON NEO DESTINY #13 LIGHT AZUMARILL HOLO PSA 8 13/105,https://www.ebay.es/itm/307035171910,PriceCharting
Neo Destiny,Light Azumarill,13/105,Unlimited,PSA 8,2026-07-09,66.00,USD,eBay,unknown,FALSE,,,Pokemon Neo Destiny Light Azumarill 13/105 Holo Rare Card PSA 8 NM-Mint 13/105,https://www.ebay.es/itm/188587403076,PriceCharting
Neo Destiny,Light Azumarill,13/105,Unlimited,PSA 8,2026-07-05,54.99,USD,eBay,unknown,FALSE,,,2002 Pokemon Neo Destiny Light Azumarill Holo #13 PSA 8 #13,https://www.ebay.es/itm/336591254067,PriceCharting
Neo Destiny,Light Azumarill,13/105,Unlimited,PSA 8,2026-07-03,70.00,USD,eBay,best offer,TRUE,,,Pokemon Neo Destiny Light Azumarill 13/105 Holo Rare Card PSA 8 NM-Mint 13/105,https://www.ebay.es/itm/358749337756,PriceCharting
Neo Destiny,Light Azumarill,13/105,Unlimited,PSA 8,2026-07-02,57.00,USD,eBay,best offer,TRUE,57.00,,Pokémon TCG Light Azumarill Neo Destiny 13 Holo Unlimited Holo Rare PSA 8 NM-MT 13/105,https://www.ebay.es/itm/165285679535,PriceCharting
Neo Destiny,Light Azumarill,13/105,Unlimited,PSA 8,2026-06-20,64.99,USD,eBay,unknown,FALSE,,,Pokemon PSA 8 Neo Destiny Light Azumarill Holo Rare 13/105 NM-MINT Yuka Morii 13/105,https://www.ebay.es/itm/158000484770,PriceCharting
Neo Destiny,Light Azumarill,13/105,Unlimited,PSA 8,2026-06-09,58.00,USD,eBay,unknown,FALSE,,,Pokemon Neo Destiny Light Azumarill 13/105 Holo Rare Card PSA 8 NM-Mint 13/105,https://www.ebay.es/itm/336388643372,PriceCharting
Neo Destiny,Light Azumarill,13/105,Unlimited,PSA 8,2026-05-31,51.00,USD,eBay,best offer,TRUE,51.00,,Pokémon TCG Light Azumarill Neo Destiny 13 Holo Unlimited Holo Rare PSA 8 NM-MT 13/105,https://www.ebay.es/itm/267684298412,PriceCharting
Neo Destiny,Light Azumarill,13/105,Unlimited,PSA 8,2026-05-18,60.00,USD,eBay,unknown,FALSE,,,Pokemon Light Azumarill Neo Destiny 13 Holo Unlimited Holo Rare PSA 8 NM-MT 13/105,https://www.ebay.es/itm/178125760261,PriceCharting
Neo Destiny,Light Azumarill,13/105,Unlimited,PSA 8,2026-05-07,54.51,USD,eBay,unknown,FALSE,,,Pokemon Light Azumarill Neo Destiny Unlimited Holo Rare #13 PSA 8,https://www.ebay.es/itm/226864335639,PriceCharting
Neo Destiny,Light Azumarill,13/105,Unlimited,PSA 8,2026-05-05,54.99,USD,eBay,unknown,FALSE,,,Pokemon Neo Destiny Light Azumarill 13/105 Holo Rare Card PSA 8 NM-Mint 13/105,https://www.ebay.es/itm/227330025598,PriceCharting
Neo Destiny,Light Azumarill,13/105,Unlimited,PSA 8,2026-04-14,57.00,USD,eBay,unknown,FALSE,,,Pokémon Light Azumarill Neo Destiny 13/105 Holo Rare Unlimited PSA 8 Card 13/105,https://www.ebay.es/itm/287261317687,PriceCharting
Neo Destiny,Light Azumarill,13/105,Unlimited,PSA 8,2026-04-06,40.00,USD,eBay,best offer,TRUE,40.00,,2002 Pokémon Light Azumarill Holo Card 13/105 Neo Destiny PSA 8,https://www.ebay.es/itm/157654999187,PriceCharting
Neo Destiny,Light Azumarill,13/105,Unlimited,PSA 8,2026-03-17,80.00,USD,eBay,unknown,FALSE,,,2002 POKEMON NEO DESTINY #13 LIGHT AZUMARILL-HOLO PSA 8 #13,https://www.ebay.es/itm/306751214052,PriceCharting
Neo Destiny,Light Azumarill,13/105,Unlimited,PSA 8,2026-03-04,40.00,USD,eBay,best offer,TRUE,40.00,,Light Azumarill 13/105 PSA 8 Holo Pokémon TCG Neo Destiny!,https://www.ebay.es/itm/396846553231,PriceCharting
Neo Destiny,Light Dragonite,14/105,1st Edition,PSA 10,2026-09-14,25000.00,USD,eBay,unknown,FALSE,,,Light Dragonite #14 Holo Rare 2002 Pokemon Neo Destiny 1st Edition PSA 10 14/105,https://www.ebay.es/itm/366650813165,PriceCharting
Neo Destiny,Light Dragonite,14/105,1st Edition,PSA 10,2026-09-05,25000,USD,eBay,BIN,FALSE,,28348391,,https://www.ebay.com/itm/366649819664,PSA APR
Neo Destiny,Light Dragonite,14/105,1st Edition,PSA 10,2026-09-02,16999.00,USD,eBay,unknown,FALSE,,,Pokemon Light Dragonite Holo Neo Destiny 14/105 1st Edition PSA 10 Gem Mint 14/105,https://www.ebay.es/itm/287449771380,PriceCharting
Neo Destiny,Light Dragonite,14/105,1st Edition,PSA 10,2026-06-30,16495.00,USD,eBay,unknown,FALSE,,,2002 Pokemon Neo Destiny Light Dragonite 1st Edition #14 Holo Card - PSA 10 #14,https://www.ebay.es/itm/377284343710,PriceCharting
Neo Destiny,Light Dragonite,14/105,1st Edition,PSA 10,2026-06-22,12000.00,USD,eBay,unknown,FALSE,,,Pokémon - Light Dragonite Holo Neo Destiny 1st Edition #14 PSA 10,https://www.ebay.es/itm/188369017727,PriceCharting
Neo Destiny,Light Dragonite,14/105,1st Edition,PSA 10,2026-06-22,15555.55,USD,eBay,unknown,FALSE,,,Pokemon 2002 Light Dragonite 14/105 Holo 1st Edition Neo Destiny GEM MINT PSA 10 14/105,https://www.ebay.es/itm/407009657154,PriceCharting
Neo Destiny,Light Dragonite,14/105,1st Edition,PSA 10,2026-06-22,15600,USD,Fanatics Collect,auction,FALSE,,28330334,,https://www.fanaticscollect.com/weekly/6ce32106-65c1-11f1-98ac-0aa70a100f53,PSA APR
Neo Destiny,Light Dragonite,14/105,1st Edition,PSA 10,2026-05-25,10600.00,USD,eBay,unknown,FALSE,,,Pokemon Light Dragonite Neo Destiny 1st Edition Holo Rare #14 PSA 10 Gem Mint,https://www.ebay.es/itm/287337253761,PriceCharting
Neo Destiny,Light Dragonite,14/105,1st Edition,PSA 10,2026-05-11,12000,USD,eBay,BIN,FALSE,,27165021,,https://www.ebay.com/itm/188369017727,PSA APR
Neo Destiny,Light Dragonite,14/105,1st Edition,PSA 10,2026-05-11,14640,USD,Goldin Auctions,auction,FALSE,,45447186,,https://goldin.co/item/2002-pokemon-neo-destiny-1st-edition-holo-14-light-dragonite-psa-gem-msohfj,PSA APR
Neo Destiny,Light Dragonite,14/105,1st Edition,PSA 10,2026-05-10,14300.00,USD,eBay,unknown,FALSE,,,Pokemon Light Dragonite Neo Destiny 1st Edition Holo Rare #14 PSA 10 Gem Mint,https://www.ebay.es/itm/287303904528,PriceCharting
Neo Destiny,Light Dragonite,14/105,1st Edition,PSA 10,2026-04-20,10500,USD,Fanatics Collect,auction,FALSE,,28554774,,https://www.fanaticscollect.com/weekly/f35b9fac-338e-11f1-81fd-02295daede57,PSA APR
Neo Destiny,Light Dragonite,14/105,1st Edition,PSA 10,2026-04-20,11400,USD,Fanatics Collect,auction,FALSE,,27811835,,https://www.fanaticscollect.com/weekly/50175528-32af-11f1-9bdc-0a58a9feac02,PSA APR
Neo Destiny,Light Dragonite,14/105,1st Edition,PSA 10,2026-04-06,16800,USD,Fanatics Collect,auction,FALSE,,28348391,,https://www.fanaticscollect.com/weekly/fafd7c8e-1733-11f1-b87f-0a58a9feac02,PSA APR
Neo Destiny,Light Dragonite,14/105,1st Edition,PSA 10,2026-04-05,5279.48,USD,eBay,unknown,FALSE,,,PSA 10 GEM MT Light Dragonite 14/105 1st Edition Neo Destiny Holo 2002 Pokémon,https://www.ebay.es/itm/397803294319,PriceCharting
Neo Destiny,Light Dragonite,14/105,1st Edition,PSA 10,2026-03-30,18600,USD,Fanatics Collect,auction,FALSE,,41949558,,https://www.fanaticscollect.com/weekly/dccf8f36-1eef-11f1-9a7e-06fcb4cec74f,PSA APR
Neo Destiny,Light Dragonite,14/105,1st Edition,PSA 10,2026-03-03,10000,USD,eBay,BIN,FALSE,,24742998,,https://www.ebay.com/itm/177713724520,PSA APR
Neo Destiny,Light Dragonite,14/105,1st Edition,PSA 10,2026-02-27,4250.00,USD,eBay,best offer,TRUE,4250.00,,Pokémon TCG Light Dragonite Neo Destiny Holo 1st Edition 14/105 PSA 10 14/105,https://www.ebay.es/itm/257381589552,PriceCharting
Neo Destiny,Light Dragonite,14/105,1st Edition,PSA 10,2026-02-20,7100.00,USD,eBay,unknown,FALSE,,,Pokemon TCG Light Dragonite Holo Rare Card 1st Edition Neo Destiny 14/105 PSA 10 14/105,https://www.ebay.es/itm/326994460471,PriceCharting
Neo Destiny,Light Dragonite,14/105,1st Edition,PSA 10,2026-01-26,4500,USD,eBay,best offer,TRUE,,26277914,,https://www.ebay.com/itm/227190082697,PSA APR
Neo Destiny,Light Dragonite,14/105,1st Edition,PSA 10,2025-12-01,4100.00,USD,eBay,unknown,FALSE,,,2002 POKEMON NEO DESTINY 1ST EDITION #14 LIGHT DRAGONITE-HOLO PSA 10 #14,https://www.ebay.es/itm/116885669325,PriceCharting
Neo Destiny,Light Dragonite,14/105,1st Edition,PSA 10,2025-10-06,4440,USD,Fanatics Collect,auction,FALSE,,41949558,,https://www.fanaticscollect.com/weekly/81c312ae-9801-11f0-b43f-02d93b7d50ab,PSA APR
Neo Destiny,Light Dragonite,14/105,1st Edition,PSA 10,2025-07-21,4057.00,USD,eBay,unknown,FALSE,,,Pokemon Light Dragonite Neo Destiny 1st Edition Holo Rare #14 PSA 10 Gem Mint,https://www.ebay.es/itm/286701426310,PriceCharting
Neo Destiny,Light Dragonite,14/105,1st Edition,PSA 10,2025-07-14,3720,USD,Fanatics Collect,auction,FALSE,,28819936,,https://www.fanaticscollect.com/weekly/3612ec04-3c6b-11f0-a72c-0a58a9feac02,PSA APR
Neo Destiny,Light Dragonite,14/105,1st Edition,PSA 10,2025-04-04,3408.00,USD,eBay,unknown,FALSE,,,2002 Pokemon Neo Destiny 1st Edition RARE #14 Light Dragonite HOLO PSA 10 GEM MT,https://www.ebay.es/itm/365486005498,PriceCharting
Neo Destiny,Light Dragonite,14/105,1st Edition,PSA 10,2025-03-31,3120,USD,Fanatics Collect,auction,FALSE,,42366580,,https://www.fanaticscollect.com/weekly/84177624-feb6-11ef-9417-0a58a9feac02,PSA APR
Neo Destiny,Light Dragonite,14/105,1st Edition,PSA 10,2025-02-16,2999.99,USD,eBay,unknown,FALSE,,,PSA 10 Pokemon 2002 1st Edition Neo Destiny Light Dragonite Holo #14 #14,https://www.ebay.es/itm/156254025693,PriceCharting
Neo Destiny,Light Dragonite,14/105,1st Edition,PSA 10,2025-02-15,1802,USD,eBay,auction,FALSE,,27312651,,https://www.ebay.com/itm/235954542285,PSA APR
Neo Destiny,Light Dragonite,14/105,1st Edition,PSA 10,2025-02-09,1998,USD,Fanatics Collect,BIN,FALSE,,27672236,,https://www.fanaticscollect.com/fixed/00dc29ac-d428-11ef-874c-0a58a9feac02,PSA APR
Neo Destiny,Light Dragonite,14/105,1st Edition,PSA 10,2025-02-04,1999.00,USD,eBay,unknown,FALSE,,,2002 Pokemon Neo Destiny Light Dragonite Holo First Edition PSA 10,https://www.ebay.es/itm/405463494875,PriceCharting
Neo Destiny,Light Dragonite,14/105,1st Edition,PSA 10,2024-11-20,1750.00,USD,eBay,unknown,FALSE,,,2002 LIGHT DRAGONITE 1ST EDITION HOLO NEO DESTINY POKEMON PSA 10 GEM MINT 14/105 #14,https://www.ebay.es/itm/276741972834,PriceCharting
Neo Destiny,Light Dragonite,14/105,1st Edition,PSA 10,2024-09-25,1300.00,USD,eBay,unknown,FALSE,,,PSA 10 Pokémon 2002 1st Edition Neo Destiny Light Dragonite,https://www.ebay.es/itm/116251790933,PriceCharting
Neo Destiny,Light Dragonite,14/105,1st Edition,PSA 10,2024-08-13,1899.99,USD,eBay,unknown,FALSE,,,Pokemon - 2002 Neo Destiny 1st - Light Dragonite Holo #14 - PSA 10 GEM MINT,https://www.ebay.es/itm/276579443252,PriceCharting
Neo Destiny,Light Dragonite,14/105,1st Edition,PSA 10,2024-05-27,1251.00,USD,eBay,unknown,FALSE,,,PSA 10 GEM Light Dragonite Neo Destiny 1st Edition Holo Pokemon Card 14/105 PI1 #14,https://www.ebay.es/itm/226149113811,PriceCharting
Neo Destiny,Light Dragonite,14/105,1st Edition,PSA 10,2023-12-28,2539.80,USD,eBay,unknown,FALSE,,,Light Dragonite Neo Destiny 1st Edition Holo Pokemon Card 14/105 PSA 10,https://www.ebay.es/itm/355325598483,PriceCharting
Neo Destiny,Light Dragonite,14/105,1st Edition,PSA 10,2023-10-26,1000.00,USD,eBay,unknown,FALSE,,,PSA 10 Light Dragonite Neo Destiny 1st Edition Holo Pokemon Card 14/105 #14,https://www.ebay.es/itm/386209809518,PriceCharting
Neo Destiny,Light Dragonite,14/105,1st Edition,PSA 10,2023-10-13,1122.89,USD,eBay,unknown,FALSE,,,Pokemon - PSA 10 1st Edition Neo Destiny Light Dragonite - Holo #14/105 #14,https://www.ebay.es/itm/235229463689,PriceCharting
Neo Destiny,Light Dragonite,14/105,1st Edition,PSA 9,2026-09-14,2600.00,USD,eBay,unknown,FALSE,,,Pokemon Light Dragonite Holo Neo Destiny 14/105 1st Edition PSA 9 Mint 14/105,https://www.ebay.es/itm/287508196016,PriceCharting
Neo Destiny,Light Dragonite,14/105,1st Edition,PSA 9,2026-09-14,2500.00,USD,eBay,best offer,TRUE,2500.00,,Pokemon Light Dragonite Holo Neo Destiny 14/105 1st Edition PSA 9 Mint 14/105,https://www.ebay.es/itm/298620186880,PriceCharting
Neo Destiny,Light Dragonite,14/105,1st Edition,PSA 9,2026-09-05,2450.00,USD,eBay,unknown,FALSE,,,2002 POKEMON NEO DESTINY 1ST EDITION #14 LIGHT DRAGONITE-HOLO PSA 9 #14,https://www.ebay.es/itm/307140206780,PriceCharting
Neo Destiny,Light Dragonite,14/105,1st Edition,PSA 9,2026-09-02,2432.88,USD,eBay,unknown,FALSE,,,Light Dragonite-Holo Pokemon Neo 1st Edition Destiny 14 PSA 9 #14,https://www.ebay.es/itm/206500818878,PriceCharting
Neo Destiny,Light Dragonite,14/105,1st Edition,PSA 9,2026-08-26,2637.36,USD,eBay,unknown,FALSE,,,Light Dragonite Holo 14/105 PSA 9 1st Edition Neo Destiny Pokemon 14/105,https://www.ebay.es/itm/168620996140,PriceCharting
Neo Destiny,Light Dragonite,14/105,1st Edition,PSA 9,2026-08-01,2292.11,USD,eBay,best offer,TRUE,2254.87,,Pokemon Neo Destiny 1st Edition 14/105 Light Dragonite Holo PSA 9 Mint SWIRL,https://www.ebay.es/itm/306984171122,PriceCharting
Neo Destiny,Light Dragonite,14/105,1st Edition,PSA 9,2026-06-29,2600.00,USD,eBay,unknown,FALSE,,,2002 POKEMON NEO DESTINY 1ST EDITION #14 LIGHT DRAGONITE-HOLO PSA 9 #14,https://www.ebay.es/itm/306920595834,PriceCharting
Neo Destiny,Light Dragonite,14/105,1st Edition,PSA 9,2026-06-18,2377.07,USD,eBay,unknown,FALSE,,,2002 Pokemon Neo Destiny 1st Edition 14 Light Dragonite Holo PSA 9 Mint,https://www.ebay.es/itm/287305396214,PriceCharting
Neo Destiny,Light Dragonite,14/105,1st Edition,PSA 9,2026-06-14,2000.00,USD,eBay,unknown,FALSE,,,Pokemon Light Dragonite Neo Destiny 1st Edition Holo Rare #14 PSA 9 Mint,https://www.ebay.es/itm/287372420397,PriceCharting
Neo Destiny,Light Dragonite,14/105,1st Edition,PSA 9,2026-06-02,2199.99,USD,eBay,unknown,FALSE,,,2002 POKEMON NEO DESTINY 1ST EDITION #14 LIGHT DRAGONITE-HOLO PSA 9 #14,https://www.ebay.es/itm/117204591022,PriceCharting
Neo Destiny,Light Dragonite,14/105,1st Edition,PSA 9,2026-05-30,1877.11,USD,eBay,unknown,FALSE,,,PSA 9 LIGHT DRAGONITE 14/105 | Neo Destiny 1st Ed Holo Pokemon Card 14/105,https://www.ebay.es/itm/327181044741,PriceCharting
Neo Destiny,Light Dragonite,14/105,1st Edition,PSA 9,2026-05-07,1875.00,USD,eBay,unknown,FALSE,,,POKEMON LIGHT DRAGONITE 2002 NEO DESTINY 1ST EDITION #14 HOLO PSA 9 #14,https://www.ebay.es/itm/389954929454,PriceCharting
Neo Destiny,Light Dragonite,14/105,1st Edition,PSA 9,2026-05-05,1805.00,USD,eBay,unknown,FALSE,,,2002 Pokemon Neo Destiny 1st Edition Light Dragonite Holo #14/105 PSA 9,https://www.ebay.es/itm/127836611541,PriceCharting
Neo Destiny,Light Dragonite,14/105,1st Edition,PSA 9,2026-05-03,2550.00,USD,eBay,unknown,FALSE,,,Pokemon Light Dragonite Neo Destiny 1st Edition Holo Rare #14 PSA 9 Mint,https://www.ebay.es/itm/287290032345,PriceCharting
Neo Destiny,Light Dragonite,14/105,1st Edition,PSA 9,2026-04-13,1925.00,USD,eBay,unknown,FALSE,,,Pokemon Light Dragonite Neo Destiny 1st Edition Holo Rare #14 PSA 9 Mint,https://www.ebay.es/itm/287251552561,PriceCharting
Neo Destiny,Light Dragonite,14/105,1st Edition,PSA 9,2026-04-12,2000.00,USD,eBay,best offer,TRUE,2000.00,,2002 Pokemon TCG Neo Destiny 1st Edition #14 Light Dragonite Holo PSA 9 MINT #14,https://www.ebay.es/itm/198274255633,PriceCharting
Neo Destiny,Light Dragonite,14/105,1st Edition,PSA 9,2026-04-11,999.99,USD,eBay,unknown,FALSE,,,PSA 9 LIGHT DRAGONITE 14/105 1st Edition Neo Destiny Pokémon Card Mint 14/105,https://www.ebay.es/itm/274755344509,PriceCharting
Neo Destiny,Light Dragonite,14/105,1st Edition,PSA 9,2026-04-02,2224.99,USD,eBay,unknown,FALSE,,,2002 Pokemon TCG Neo Destiny 1st Edition #14 Light Dragonite Holo PSA 9 MINT,https://www.ebay.es/itm/389798368382,PriceCharting
Neo Destiny,Light Dragonite,14/105,1st Edition,PSA 9,2026-03-01,1653.00,USD,eBay,unknown,FALSE,,,2002 POKEMON NEO DESTINY 1ST EDITION #14 LIGHT DRAGONITE-HOLO PSA 9 #14,https://www.ebay.es/itm/306782480404,PriceCharting
Neo Destiny,Light Dragonite,14/105,1st Edition,PSA 9,2026-02-23,1351.51,USD,eBay,unknown,FALSE,,,2002 Pokemon Neo Destiny 1st Edition Light Dragonite Holo #14/105 PSA 9,https://www.ebay.es/itm/376971775615,PriceCharting
Neo Destiny,Light Dragonite,14/105,1st Edition,PSA 8,2026-09-16,1250.00,USD,eBay,unknown,FALSE,,,PSA 8 2002 Pokemon Neo Destiny Light Dragonite Holo 1st Edition 14/105 English 14/105,https://www.ebay.es/itm/820127795703,PriceCharting
Neo Destiny,Light Dragonite,14/105,1st Edition,PSA 8,2026-08-25,1276.00,USD,eBay,unknown,FALSE,,,2002 POKEMON NEO DESTINY 1ST ED. #14 LIGHT DRAGONITE HOLO PSA 8 #14,https://www.ebay.es/itm/398300145442,PriceCharting
Neo Destiny,Light Dragonite,14/105,1st Edition,PSA 8,2026-08-07,1214.18,USD,eBay,unknown,FALSE,,,Light Dragonite Holo 14/105 PSA 8 1st Edition Neo Destiny Pokemon 14/105,https://www.ebay.es/itm/168565352201,PriceCharting
Neo Destiny,Light Dragonite,14/105,1st Edition,PSA 8,2026-07-20,1225.99,USD,eBay,unknown,FALSE,,,Pokemon 1st Edition Light Dragonite 14/105 Neo Destiny Holo PSA 8 14/105,https://www.ebay.es/itm/267703340877,PriceCharting
Neo Destiny,Light Dragonite,14/105,1st Edition,PSA 8,2026-07-11,989.09,USD,eBay,unknown,FALSE,,,2002 POKEMON NEO DESTINY #14 LIGHT DRAGONITE HOLO 1ST EDITION PSA 8 #14,https://www.ebay.es/itm/307033412539,PriceCharting
Neo Destiny,Light Dragonite,14/105,1st Edition,PSA 8,2026-06-15,1200.00,USD,eBay,unknown,FALSE,,,Pokemon Light Dragonite Neo Destiny 1st Edition Holo Rare #14 PSA 8,https://www.ebay.es/itm/287386777139,PriceCharting
Neo Destiny,Light Dragonite,14/105,1st Edition,PSA 8,2026-06-12,1288.66,USD,eBay,best offer,TRUE,,,Pokemon Light Dragonite Neo Destiny 1st Edition Holo Rare PSA 8 14/105,https://www.ebay.es/itm/366338635607,PriceCharting
Neo Destiny,Light Dragonite,14/105,1st Edition,PSA 8,2026-05-19,938.00,USD,eBay,unknown,FALSE,,,2002 POKEMON NEO DESTINY 1ST EDITION #14 LIGHT DRAGONITE-HOLO PSA 8 #14,https://www.ebay.es/itm/298305543362,PriceCharting
Neo Destiny,Light Dragonite,14/105,1st Edition,PSA 8,2026-05-13,975.00,USD,eBay,best offer,TRUE,975.00,,2002 POKEMON NEO DESTINY 1ST EDITION #14 LIGHT DRAGONITE-HOLO PSA 8 #14,https://www.ebay.es/itm/298312221626,PriceCharting
Neo Destiny,Light Dragonite,14/105,1st Edition,PSA 8,2026-04-16,952.80,USD,eBay,unknown,FALSE,,,Pokemon Light Dragonite Neo Destiny 1st Edition Holo Rare PSA 8 14/105,https://www.ebay.es/itm/366347526409,PriceCharting
Neo Destiny,Light Dragonite,14/105,1st Edition,PSA 8,2026-03-20,1850.00,USD,eBay,best offer,TRUE,1850.00,,Pokemon Light Dragonite Neo Destiny 1st Edition Holo Rare PSA 8 14/105,https://www.ebay.es/itm/318008601246,PriceCharting
Neo Destiny,Light Dragonite,14/105,1st Edition,PSA 8,2025-12-27,750.00,USD,eBay,unknown,FALSE,,,2002 POKEMON NEO DESTINY 1ST ED #14 LIGHT DRAGONITE-HOLO PSA 8 #14,https://www.ebay.es/itm/297856722966,PriceCharting
Neo Destiny,Light Dragonite,14/105,1st Edition,PSA 8,2025-12-21,639.00,USD,eBay,unknown,FALSE,,,2002 POKEMON NEO DESTINY 1ST EDITION #14 LIGHT DRAGONITE-HOLO PSA 8 #14,https://www.ebay.es/itm/306654861269,PriceCharting
Neo Destiny,Light Dragonite,14/105,1st Edition,PSA 8,2025-12-15,660.00,USD,eBay,unknown,FALSE,,,Pokemon Light Dragonite Neo Destiny 1st Edition Holo Rare #14 PSA 8,https://www.ebay.es/itm/286993678039,PriceCharting
Neo Destiny,Light Dragonite,14/105,1st Edition,PSA 8,2025-11-30,1025.00,USD,eBay,unknown,FALSE,,,Pokemon Light Dragonite Neo Destiny 1st Edition Holo Rare #14 PSA 8,https://www.ebay.es/itm/286958762125,PriceCharting
Neo Destiny,Light Dragonite,14/105,1st Edition,PSA 8,2025-11-24,599.00,USD,eBay,unknown,FALSE,,,2002 Pokemon Neo Destiny Light Dragonite Holo 1st Edition 14 PSA 8 #14,https://www.ebay.es/itm/336306900132,PriceCharting
Neo Destiny,Light Dragonite,14/105,1st Edition,PSA 8,2025-11-16,635.00,USD,eBay,unknown,FALSE,,,Pokemon Light Dragonite Neo Destiny 1st Edition Holo Rare #14 PSA 8,https://www.ebay.es/itm/286922258074,PriceCharting
Neo Destiny,Light Dragonite,14/105,1st Edition,PSA 8,2025-08-03,494.32,USD,eBay,unknown,FALSE,,,Pokemon Cards: Neo Destiny 1st Edition Rare Holo: Light Dragonite 14/105 PSA 8 #14,https://www.ebay.es/itm/317107231189,PriceCharting
Neo Destiny,Light Dragonite,14/105,1st Edition,PSA 8,2025-06-20,510.00,USD,eBay,unknown,FALSE,,,Pokemon Card - PSA 8: LIGHT DRAGONITE #14 - HOLO (NEO DESTINY / 1ST EDITION) 14/105,https://www.ebay.es/itm/267292376011,PriceCharting
Neo Destiny,Light Dragonite,14/105,1st Edition,PSA 8,2025-04-21,550.00,USD,eBay,unknown,FALSE,,,PSA 8 - Pokemon LIGHT DRAGONITE 14/105 - NEO DESTINY 1st EDITION - RARE Holo 14/105,https://www.ebay.es/itm/375599786390,PriceCharting
Neo Destiny,Light Dragonite,14/105,1st Edition,PSA 8,2025-04-20,469.41,USD,eBay,unknown,FALSE,,,2002 Pokemon Neo Destiny 14/105 Light Dragonite Holo 1st Edition - PSA 8 #14,https://www.ebay.es/itm/186799828997,PriceCharting
Neo Destiny,Light Dragonite,14/105,1st Edition,PSA 8,2025-04-18,425.00,USD,eBay,unknown,FALSE,,,PSA 8 - Pokemon LIGHT DRAGONITE 14/105 - NEO DESTINY 1st EDITION - RARE Holo 14/105,https://www.ebay.es/itm/405777829102,PriceCharting
Neo Destiny,Light Dragonite,14/105,Unlimited,PSA 10,2026-09-10,11100.00,USD,eBay,unknown,FALSE,,,2002 POKEMON LIGHT DRAGONITE-HOLO NEO DESTINY #14 PSA 10 *POP 91* #14,https://www.ebay.es/itm/800603546430,PriceCharting
Neo Destiny,Light Dragonite,14/105,Unlimited,PSA 10,2026-03-28,5000.00,USD,eBay,unknown,FALSE,,,2002 Pokemon Light Dragonite 14/105 Neo Destiny Holo PSA 10 Low Pop! 14/105,https://www.ebay.es/itm/297853901236,PriceCharting
Neo Destiny,Light Dragonite,14/105,Unlimited,PSA 10,2026-02-09,2586.32,USD,eBay,best offer,TRUE,,62913834,,https://www.ebay.com/itm/336289955770,PSA APR
Neo Destiny,Light Dragonite,14/105,Unlimited,PSA 10,2025-09-18,1896.00,USD,eBay,unknown,FALSE,,,2002 POKEMON NEO DESTINY #14 LIGHT DRAGONITE-HOLO PSA 10 #14,https://www.ebay.es/itm/116771873806,PriceCharting
Neo Destiny,Light Dragonite,14/105,Unlimited,PSA 10,2025-09-09,2089.97,USD,eBay,unknown,FALSE,,,2002 Pokemon Neo Destiny # 14 Light Dragonite Holo PSA 10 Card LOW POP GEM MINT! #14,https://www.ebay.es/itm/157231582225,PriceCharting
Neo Destiny,Light Dragonite,14/105,Unlimited,PSA 10,2025-07-10,882.64,USD,eBay,unknown,FALSE,,,[Population 90] 2002 Pokemon Neo Destiny Light Dragonite #14 Holo PSA 10,https://www.ebay.es/itm/197479735382,PriceCharting
Neo Destiny,Light Dragonite,14/105,Unlimited,PSA 10,2025-07-09,1325,USD,eBay,best offer,TRUE,,61998660,,https://www.ebay.com/itm/365692224632,PSA APR
Neo Destiny,Light Dragonite,14/105,Unlimited,PSA 10,2025-07-03,1213.69,USD,eBay,best offer,TRUE,,28114961,,https://www.ebay.com/itm/126852349548,PSA APR
Neo Destiny,Light Dragonite,14/105,Unlimited,PSA 10,2025-06-16,1470,USD,Fanatics Collect,auction,FALSE,,69974114,,https://www.fanaticscollect.com/weekly/987699b0-42c2-11f0-b60f-0a58a9feac02,PSA APR
Neo Destiny,Light Dragonite,14/105,Unlimited,PSA 10,2025-05-23,935.85,USD,eBay,auction,FALSE,,28100190,,https://www.ebay.com/itm/365604598274,PSA APR
Neo Destiny,Light Dragonite,14/105,Unlimited,PSA 10,2025-05-18,613.97,USD,eBay,BIN,FALSE,,57383661,,https://www.ebay.com/itm/374869790771,PSA APR
Neo Destiny,Light Dragonite,14/105,Unlimited,PSA 10,2025-04-01,780.00,USD,eBay,unknown,FALSE,,,Light Dragonite Neo Destiny Holo Swirl Rare #14 PSA 10 Gem Mint Pokémon 2002 #14,https://www.ebay.es/itm/356726932854,PriceCharting
Neo Destiny,Light Dragonite,14/105,Unlimited,PSA 10,2025-02-09,640.00,USD,eBay,unknown,FALSE,,,Pokemon Light Dragonite Neo Destiny Unlimited Holo Rare #14 PSA 10 Gem Mint,https://www.ebay.es/itm/286294260653,PriceCharting
Neo Destiny,Light Dragonite,14/105,Unlimited,PSA 10,2025-01-07,609.00,USD,eBay,unknown,FALSE,,,2002 Pokemon Neo Destiny No 14 Light Dragonite Holo PSA 10,https://www.ebay.es/itm/186493036773,PriceCharting
Neo Destiny,Light Dragonite,14/105,Unlimited,PSA 10,2024-12-30,599.99,USD,eBay,unknown,FALSE,,,PSA 10 Light Dragonite - 2002 Pokemon Neo Destiny Unlimited 14/105 - Holo 14/105,https://www.ebay.es/itm/186672615855,PriceCharting
Neo Destiny,Light Dragonite,14/105,Unlimited,PSA 10,2024-11-03,1999.00,USD,eBay,unknown,FALSE,,,2002 Pokemon Light Dragonite Holo Rare PSA 10 Gem Mint Neo Destiny Set #14 #14,https://www.ebay.es/itm/145640989851,PriceCharting
Neo Destiny,Light Dragonite,14/105,Unlimited,PSA 10,2024-11-02,672.56,USD,eBay,unknown,FALSE,,,Pokemon - PSA 10 - Light Dragonite - Holo - #14 Neo Destiny 14/105,https://www.ebay.es/itm/375639934199,PriceCharting
Neo Destiny,Light Dragonite,14/105,Unlimited,PSA 10,2024-09-15,589.09,USD,eBay,unknown,FALSE,,,2002 Pokemon Neo Destiny No 14 Light Dragonite Holo PSA 10,https://www.ebay.es/itm/204972143808,PriceCharting
Neo Destiny,Light Dragonite,14/105,Unlimited,PSA 10,2024-08-10,649.99,USD,eBay,unknown,FALSE,,,Light Dragonite 14/105 Holo PSA 10 2002 Neo Destiny Graded Pokemon Card #14,https://www.ebay.es/itm/126420692533,PriceCharting
Neo Destiny,Light Dragonite,14/105,Unlimited,PSA 10,2024-08-04,415.06,USD,eBay,unknown,FALSE,,,Pokemon Light Dragonite Neo Destiny Unlimited PSA 10 2002,https://www.ebay.es/itm/256585817656,PriceCharting
Neo Destiny,Light Dragonite,14/105,Unlimited,PSA 10,2024-06-10,605.00,USD,eBay,unknown,FALSE,,,2002 Light Dragonite Neo Destiny 14/105 Holo Rare Pokemon Card PSA 10 Gem Mint #14,https://www.ebay.es/itm/126511934292,PriceCharting
Neo Destiny,Light Dragonite,14/105,Unlimited,PSA 10,2024-05-13,645.00,USD,eBay,unknown,FALSE,,,PSA 10 Gem Mint 2002 Light Dragonite 14/105 Holo Rare Neo Destiny Pokemon Card 14/105,https://www.ebay.es/itm/126462572049,PriceCharting
Neo Destiny,Light Dragonite,14/105,Unlimited,PSA 10,2023-11-08,450.00,USD,eBay,unknown,FALSE,,,Light Dragonite Holographic Neo Destiny 14/105 PSA 10 Pokemon TCG!,https://www.ebay.es/itm/394493310610,PriceCharting
Neo Destiny,Light Dragonite,14/105,Unlimited,PSA 10,2023-10-28,417.15,USD,eBay,unknown,FALSE,,,Light Dragonite 14/105 PSA 10 Gem Mint | Neo Destiny Holo Pokemon Card TCG,https://www.ebay.es/itm/325858693531,PriceCharting
Neo Destiny,Light Dragonite,14/105,Unlimited,PSA 9,2026-09-25,991.43,USD,eBay,unknown,FALSE,,,Pokémon TCG Light Dragonite Neo Destiny Holo PSA 9,https://www.ebay.es/itm/307185727393,PriceCharting
Neo Destiny,Light Dragonite,14/105,Unlimited,PSA 9,2026-09-24,910.00,USD,eBay,unknown,FALSE,,,PSA 9 Pokemon TCG Light Dragonite 14/105 Neo Destiny Holo Rare 2002 ENG 14/105,https://www.ebay.es/itm/820146771226,PriceCharting
Neo Destiny,Light Dragonite,14/105,Unlimited,PSA 9,2026-09-24,920.00,USD,eBay,unknown,FALSE,,,Pokemon Neo Destiny 2002 Light Dragonite Holo PSA 9 14/105,https://www.ebay.es/itm/389876575243,PriceCharting
Neo Destiny,Light Dragonite,14/105,Unlimited,PSA 9,2026-09-02,710.00,USD,eBay,unknown,FALSE,,,Pokémon TCG Light Dragonite Neo Destiny Holo PSA 9,https://www.ebay.es/itm/237015804906,PriceCharting
Neo Destiny,Light Dragonite,14/105,Unlimited,PSA 9,2026-08-27,754.23,USD,eBay,best offer,TRUE,727.46,,PSA 9 2002 Pokemon Light Dragonite Neo Destiny Holo Rare #14/105 English 14/105,https://www.ebay.es/itm/278281884772,PriceCharting
Neo Destiny,Light Dragonite,14/105,Unlimited,PSA 9,2026-08-21,719.38,USD,eBay,unknown,FALSE,,,2002 Pokemon Light Dragonite Holo Neo Destiny #14 PSA 9 #14,https://www.ebay.es/itm/128032865299,PriceCharting
Neo Destiny,Light Dragonite,14/105,Unlimited,PSA 9,2026-08-03,645.00,USD,eBay,unknown,FALSE,,,2002 Pokemon TCG Neo Destiny #14 Light Dragonite Holo PSA 9 MINT,https://www.ebay.es/itm/377371665008,PriceCharting
Neo Destiny,Light Dragonite,14/105,Unlimited,PSA 9,2026-07-29,750.00,USD,eBay,best offer,TRUE,750.00,,2002 POKEMON NEO DESTINY #14 LIGHT DRAGONITE-HOLO PSA 9 14/105,https://www.ebay.es/itm/366544683111,PriceCharting
Neo Destiny,Light Dragonite,14/105,Unlimited,PSA 9,2026-07-27,710.00,USD,eBay,unknown,FALSE,,,"PSA 9 Pokemon Neo Destiny Unlimited Light Dragonite Holo 14/105 ""Mint"" 14/105",https://www.ebay.es/itm/800127852081,PriceCharting
Neo Destiny,Light Dragonite,14/105,Unlimited,PSA 9,2026-07-21,710.00,USD,eBay,unknown,FALSE,,,2002 Pokemon TCG Neo Destiny #14 Light Dragonite Holo PSA 9 MINT,https://www.ebay.es/itm/800334381922,PriceCharting
Neo Destiny,Light Dragonite,14/105,Unlimited,PSA 9,2026-07-16,780.00,USD,eBay,unknown,FALSE,,,2002 Pokemon TCG Neo Destiny #14 Light Dragonite Holo PSA 9 MINT,https://www.ebay.es/itm/800309101793,PriceCharting
Neo Destiny,Light Dragonite,14/105,Unlimited,PSA 9,2026-07-14,791.11,USD,eBay,best offer,TRUE,794.25,,Pokemon Neo Destiny 2002 Light Dragonite Holo PSA 9 14/105,https://www.ebay.es/itm/227423261573,PriceCharting
Neo Destiny,Light Dragonite,14/105,Unlimited,PSA 9,2026-06-30,770.00,USD,eBay,unknown,FALSE,,,2002 Pokemon TCG Neo Destiny #14 Light Dragonite Holo PSA 9 MINT,https://www.ebay.es/itm/366497491163,PriceCharting
Neo Destiny,Light Dragonite,14/105,Unlimited,PSA 9,2026-05-19,1007.61,USD,eBay,unknown,FALSE,,,2002 Pokemon Neo Destiny 14 Light Dragonite Holo PSA 9 Mint,https://www.ebay.es/itm/277946824510,PriceCharting
Neo Destiny,Light Dragonite,14/105,Unlimited,PSA 9,2026-04-28,875.00,USD,eBay,unknown,FALSE,,,Pokémon Light Dragonite Neo Destiny Holo Rare Unlimited PSA 9 #14/105 14/105,https://www.ebay.es/itm/227250263087,PriceCharting
Neo Destiny,Light Dragonite,14/105,Unlimited,PSA 9,2026-04-16,900.00,USD,eBay,unknown,FALSE,,,2002 POKEMON NEO DESTINY #14 LIGHT DRAGONITE-HOLO PSA 9 14/105,https://www.ebay.es/itm/157818461279,PriceCharting
Neo Destiny,Light Dragonite,14/105,Unlimited,PSA 9,2026-04-15,900.00,USD,eBay,best offer,TRUE,900.00,,2002 POKEMON NEO DESTINY #14 LIGHT DRAGONITE-HOLO PSA 9 #14,https://www.ebay.es/itm/306880748979,PriceCharting
Neo Destiny,Light Dragonite,14/105,Unlimited,PSA 9,2026-04-09,675.00,USD,eBay,unknown,FALSE,,,POKEMON LIGHT DRAGONITE 2002 NEO DESTINY #14 HOLO PSA 9 #14,https://www.ebay.es/itm/389827355532,PriceCharting
Neo Destiny,Light Dragonite,14/105,Unlimited,PSA 9,2026-03-30,711.05,USD,eBay,unknown,FALSE,,,2002 POKEMON NEO DESTINY #14 LIGHT DRAGONITE-HOLO PSA 9 #14,https://www.ebay.es/itm/117104428855,PriceCharting
Neo Destiny,Light Dragonite,14/105,Unlimited,PSA 9,2026-03-27,699.99,USD,eBay,unknown,FALSE,,,2002 POKEMON NEO DESTINY #14 LIGHT DRAGONITE - HOLO PSA 9 #14 Swirl #14,https://www.ebay.es/itm/267615241569,PriceCharting
Neo Destiny,Light Dragonite,14/105,Unlimited,PSA 9,2026-03-20,699.99,USD,eBay,unknown,FALSE,,,2002 POKEMON NEO DESTINY #14 LIGHT DRAGONITE - HOLO PSA 9 #14 Swirl #14,https://www.ebay.es/itm/267613085089,PriceCharting
Neo Destiny,Light Dragonite,14/105,Unlimited,PSA 9,2026-03-18,485.00,USD,eBay,unknown,FALSE,,,2002 POKEMON NEO DESTINY #14 LIGHT DRAGONITE-HOLO PSA 9 #14,https://www.ebay.es/itm/287213528650,PriceCharting
Neo Destiny,Light Dragonite,14/105,Unlimited,PSA 9,2026-03-17,650.00,USD,eBay,best offer,TRUE,650.00,,2002 POKEMON NEO DESTINY #14 LIGHT DRAGONITE-HOLO PSA 9 #14,https://www.ebay.es/itm/267596297453,PriceCharting
Neo Destiny,Light Dragonite,14/105,Unlimited,PSA 9,2026-03-06,695.00,USD,eBay,unknown,FALSE,,,2002 POKEMON NEO DESTINY #14 LIGHT DRAGONITE-HOLO PSA 9 #14,https://www.ebay.es/itm/306790813001,PriceCharting
Neo Destiny,Light Dragonite,14/105,Unlimited,PSA 8,2026-09-24,899.99,USD,eBay,unknown,FALSE,,,Pokemon Company Light Dragonite 14/105 Neo Destiny Holo PSA 8 2002 14/105,https://www.ebay.es/itm/407240521700,PriceCharting
Neo Destiny,Light Dragonite,14/105,Unlimited,PSA 8,2026-09-12,468.83,USD,eBay,best offer,TRUE,464.24,,2002 POKEMON NEO DESTINY #14 LIGHT DRAGONITE-HOLO PSA 8 #14,https://www.ebay.es/itm/158135045132,PriceCharting
Neo Destiny,Light Dragonite,14/105,Unlimited,PSA 8,2026-09-12,610.04,USD,eBay,unknown,FALSE,,,2002 POKEMON NEO DESTINY #14 LIGHT DRAGONITE-HOLO PSA 8 #14,https://www.ebay.es/itm/307158157108,PriceCharting
Neo Destiny,Light Dragonite,14/105,Unlimited,PSA 8,2026-09-06,400.00,USD,eBay,unknown,FALSE,,,Pokemon Company Light Dragonite 14/105 Neo Destiny Holo PSA 8 2002 14/105,https://www.ebay.es/itm/287563861052,PriceCharting
Neo Destiny,Light Dragonite,14/105,Unlimited,PSA 8,2026-09-04,495.00,USD,eBay,best offer,TRUE,495.00,,2002 POKEMON NEO DESTINY #14 LIGHT DRAGONITE-HOLO PSA 8 #14,https://www.ebay.es/itm/307152033624,PriceCharting
Neo Destiny,Light Dragonite,14/105,Unlimited,PSA 8,2026-08-27,529.99,USD,eBay,unknown,FALSE,,,2002 POKEMON NEO DESTINY #14 LIGHT DRAGONITE-HOLO PSA 8 #14,https://www.ebay.es/itm/307120757983,PriceCharting
Neo Destiny,Light Dragonite,14/105,Unlimited,PSA 8,2026-08-21,473.36,USD,eBay,unknown,FALSE,,,2002 Pokemon Neo Destiny 14 Light Dragonite Holo PSA 8 Near Mint - Mint,https://www.ebay.es/itm/287305445861,PriceCharting
Neo Destiny,Light Dragonite,14/105,Unlimited,PSA 8,2026-08-13,415.00,USD,eBay,unknown,FALSE,,,Pokemon Neo Destiny 2002 Light Dragonite Holo Card #14 PSA 8 English 14/105,https://www.ebay.es/itm/800468464531,PriceCharting
Neo Destiny,Light Dragonite,14/105,Unlimited,PSA 8,2026-08-08,400.00,USD,eBay,best offer,TRUE,400.00,,Pokemon Company Light Dragonite 14/105 Neo Destiny Holo PSA 8 2002 14/105,https://www.ebay.es/itm/168589166012,PriceCharting
Neo Destiny,Light Dragonite,14/105,Unlimited,PSA 8,2026-07-28,480.00,USD,eBay,unknown,FALSE,,,2002 POKEMON NEO DESTINY #14 LIGHT DRAGONITE-HOLO PSA 8 #14,https://www.ebay.es/itm/298517550298,PriceCharting
Neo Destiny,Light Dragonite,14/105,Unlimited,PSA 8,2026-07-24,450.00,USD,eBay,best offer,TRUE,,,2002 Pokemon Neo Destiny 14 Light Dragonite Holo PSA 8 Near Mint - Mint,https://www.ebay.es/itm/407087587556,PriceCharting
Neo Destiny,Light Dragonite,14/105,Unlimited,PSA 8,2026-07-15,427.00,USD,eBay,unknown,FALSE,,,2002 Pokemon Neo Destiny #14 Light Dragonite Holo PSA 8 NM-MT,https://www.ebay.es/itm/377326475899,PriceCharting
Neo Destiny,Light Dragonite,14/105,Unlimited,PSA 8,2026-07-01,417.02,USD,eBay,unknown,FALSE,,,Light Dragonite Holo 14/105 Neo Destiny Pokemon PSA 8 14/105,https://www.ebay.es/itm/198463738609,PriceCharting
Neo Destiny,Light Dragonite,14/105,Unlimited,PSA 8,2026-06-28,374.00,USD,eBay,unknown,FALSE,,,Pokemon Light Dragonite Neo Destiny Unlimited Holo Rare #14 DAMAGED SLAB PSA 8,https://www.ebay.es/itm/287408504872,PriceCharting
Neo Destiny,Light Dragonite,14/105,Unlimited,PSA 8,2026-06-28,380.00,USD,eBay,unknown,FALSE,,,Pokemon Light Dragonite Neo Destiny Unlimited Holo Rare #14 PSA 8,https://www.ebay.es/itm/287408504905,PriceCharting
Neo Destiny,Light Dragonite,14/105,Unlimited,PSA 8,2026-06-18,442.00,USD,eBay,unknown,FALSE,,,2002 Pokemon Neo Destiny #14 Light Dragonite Holo PSA 8 NM-MT,https://www.ebay.es/itm/800157571074,PriceCharting
Neo Destiny,Light Dragonite,14/105,Unlimited,PSA 8,2026-06-18,382.00,USD,eBay,unknown,FALSE,,,Light Dragonite Holo #14 Pokemon Neo Destiny Unlimited English Near Mint PSA 8 #14,https://www.ebay.es/itm/298403535012,PriceCharting
Neo Destiny,Light Dragonite,14/105,Unlimited,PSA 8,2026-06-14,272.00,USD,eBay,unknown,FALSE,,,Pokemon Light Dragonite Neo Destiny Unlimited Holo Rare #14 DAMAGED SLAB PSA 8,https://www.ebay.es/itm/287372420857,PriceCharting
Neo Destiny,Light Togetic,15/105,1st Edition,PSA 10,2026-09-08,16999.99,USD,eBay,best offer,TRUE,,47954413,,https://www.ebay.com/itm/278246862195,PSA APR
Neo Destiny,Light Togetic,15/105,1st Edition,PSA 10,2026-08-24,13800,USD,Fanatics Collect,auction,FALSE,,42371273,,https://www.fanaticscollect.com/weekly/3655191a-92e8-11f1-b031-0a58a9feac02,PSA APR
Neo Destiny,Light Togetic,15/105,1st Edition,PSA 10,2026-08-10,9455,USD,Goldin Auctions,auction,FALSE,,40916469,,https://goldin.co/item/2002-pokemon-neo-destiny-1st-edition-holo-15-light-togetic-psa-gem-mt5n151,PSA APR
Neo Destiny,Light Togetic,15/105,1st Edition,PSA 10,2026-08-03,8400,USD,Fanatics Collect,auction,FALSE,,68631999,,https://www.fanaticscollect.com/weekly/c870cfa2-8612-11f1-9e11-0a58a9feac02,PSA APR
Neo Destiny,Light Togetic,15/105,1st Edition,PSA 10,2026-05-25,6000,USD,Fanatics Collect,auction,FALSE,,27319665,,https://www.fanaticscollect.com/weekly/a6693026-5218-11f1-8268-06cd273ee921,PSA APR
Neo Destiny,Light Togetic,15/105,1st Edition,PSA 10,2026-05-18,6650.00,USD,eBay,unknown,FALSE,,,2002 Pokemon Light Togetic Neo Destiny 1st Edition Holo Rare #15 PSA 10 Gem Mint #15,https://www.ebay.es/itm/298306689199,PriceCharting
Neo Destiny,Light Togetic,15/105,1st Edition,PSA 10,2026-05-11,5800.00,USD,eBay,unknown,FALSE,,,Pokémon - Light Togetic Holo Neo Destiny 1st Edition #15 PSA 10,https://www.ebay.es/itm/188369015473,PriceCharting
Neo Destiny,Light Togetic,15/105,1st Edition,PSA 10,2026-05-04,5760,USD,Fanatics Collect,auction,FALSE,,46816991,,https://www.fanaticscollect.com/weekly/4030e7f8-3dab-11f1-8f88-02d1f8f86e29,PSA APR
Neo Destiny,Light Togetic,15/105,1st Edition,PSA 10,2026-03-30,10500,USD,Fanatics Collect,auction,FALSE,,40916469,,https://www.fanaticscollect.com/weekly/dd072338-1eef-11f1-9cfb-0a58a9feac02,PSA APR
Neo Destiny,Light Togetic,15/105,1st Edition,PSA 10,2026-02-19,4750.00,USD,eBay,unknown,FALSE,,,2002 Pokemon Light Togetic Neo Destiny 1st Edition Holo Rare #15 PSA 10 Gem Mint #15,https://www.ebay.es/itm/168157582887,PriceCharting
Neo Destiny,Light Togetic,15/105,1st Edition,PSA 10,2026-02-19,5000.00,USD,eBay,unknown,FALSE,,,2002 POKEMON NEO DESTINY 1ST ED #15 LIGHT TOGETIC-HOLO PSA 10 #15,https://www.ebay.es/itm/297991726302,PriceCharting
Neo Destiny,Light Togetic,15/105,1st Edition,PSA 10,2026-01-19,4000.00,USD,eBay,unknown,FALSE,,,Pokemon Light Togetic Neo Destiny 1st Edition Holo Rare #15 PSA 10 Gem Mint,https://www.ebay.es/itm/287061434278,PriceCharting
Neo Destiny,Light Togetic,15/105,1st Edition,PSA 10,2025-12-01,2625.69,USD,eBay,unknown,FALSE,,,2002 Pokemon Light Togetic 1st Edition Neo Destiny #15 Holo Rare PSA 10 GEM MINT #15,https://www.ebay.es/itm/177617654226,PriceCharting
Neo Destiny,Light Togetic,15/105,1st Edition,PSA 10,2025-10-06,4560,USD,Fanatics Collect,auction,FALSE,,27342493,,https://www.fanaticscollect.com/weekly/7fbc1bca-9b0f-11f0-988b-0a58a9feac02,PSA APR
Neo Destiny,Light Togetic,15/105,1st Edition,PSA 10,2025-10-06,4560,USD,Fanatics Collect,auction,FALSE,,40916469,,https://www.fanaticscollect.com/weekly/81c2b0d4-9801-11f0-a46e-02d93b7d50ab,PSA APR
Neo Destiny,Light Togetic,15/105,1st Edition,PSA 10,2025-09-20,3400.00,USD,eBay,unknown,FALSE,,,Pokemon Light Togetic Neo Destiny 1st Edition Holo Rare #15 PSA 10 Gem Mint,https://www.ebay.es/itm/286779194370,PriceCharting
Neo Destiny,Light Togetic,15/105,1st Edition,PSA 10,2025-08-04,2930.00,USD,eBay,unknown,FALSE,,,Pokemon Light Togetic Neo Destiny 1st Edition Holo Rare #15 PSA 10 Gem Mint,https://www.ebay.es/itm/286726471180,PriceCharting
Neo Destiny,Light Togetic,15/105,1st Edition,PSA 10,2025-06-16,1975,USD,eBay,auction,FALSE,,20993523,,https://www.ebay.com/itm/376306990688,PSA APR
Neo Destiny,Light Togetic,15/105,1st Edition,PSA 10,2025-03-16,2000,USD,eBay,BIN,FALSE,,28670178,,https://www.ebay.com/itm/116329042852,PSA APR
Neo Destiny,Light Togetic,15/105,1st Edition,PSA 10,2025-03-15,2299.99,USD,eBay,unknown,FALSE,,,2002 Pokemon Light Togetic 1st Edition Neo Destiny #15 Holo Rare PSA 10 GEM MINT #15,https://www.ebay.es/itm/116464563275,PriceCharting
Neo Destiny,Light Togetic,15/105,1st Edition,PSA 10,2025-02-26,2000.00,USD,eBay,unknown,FALSE,,,2002 Pokemon Light Togetic 1st Edition Neo Destiny #15 Holo Rare PSA 10 GEM MINT #15,https://www.ebay.es/itm/116329042852,PriceCharting
Neo Destiny,Light Togetic,15/105,1st Edition,PSA 10,2024-03-01,1232.00,USD,eBay,unknown,FALSE,,,Pokemon PSA 10 Gem Mint 1st Ed. Neo Destiny Holo Light Togetic 15/105 (JC) #15,https://www.ebay.es/itm/326009324878,PriceCharting
Neo Destiny,Light Togetic,15/105,1st Edition,PSA 10,2024-01-16,1480.00,USD,eBay,unknown,FALSE,,,2002 Pokemon Neo Destiny 1st Edition #15 Light Togetic - Holo PSA 10 GEM MINT,https://www.ebay.es/itm/386596774850,PriceCharting
Neo Destiny,Light Togetic,15/105,1st Edition,PSA 10,2023-12-12,1731.69,USD,eBay,unknown,FALSE,,,2002 Pokemon Neo Destiny 1st Edition #15 Light Togetic - Holo PSA 10 GEM MINT,https://www.ebay.es/itm/364614432310,PriceCharting
Neo Destiny,Light Togetic,15/105,1st Edition,PSA 10,2023-11-22,2000.00,USD,eBay,unknown,FALSE,,,2002 Pokemon Neo Destiny 1st Edition #15 Light Togetic - Holo PSA 10 GEM MINT,https://www.ebay.es/itm/386283740273,PriceCharting
Neo Destiny,Light Togetic,15/105,1st Edition,PSA 9,2026-09-02,1757.08,USD,eBay,best offer,TRUE,,,Light Togetic-Holo 1st Edition Pokemon Neo Destiny 15 PSA 9 #15,https://www.ebay.es/itm/206500496717,PriceCharting
Neo Destiny,Light Togetic,15/105,1st Edition,PSA 9,2026-09-01,830.00,USD,eBay,unknown,FALSE,,,2002 Pokemon Neo Destiny 1st Edition Light Togetic Holo #15/105 PSA 9,https://www.ebay.es/itm/128046260143,PriceCharting
Neo Destiny,Light Togetic,15/105,1st Edition,PSA 9,2026-08-31,833.00,USD,eBay,unknown,FALSE,,,Pokemon Light Togetic Holo Neo Destiny 15/105 1st Edition PSA 9 Mint 15/105,https://www.ebay.es/itm/287538830751,PriceCharting
Neo Destiny,Light Togetic,15/105,1st Edition,PSA 9,2026-08-31,848.00,USD,eBay,unknown,FALSE,,,Pokemon Light Togetic Holo Neo Destiny 15/105 1st Edition PSA 9 Mint 15/105,https://www.ebay.es/itm/287538830749,PriceCharting
Neo Destiny,Light Togetic,15/105,1st Edition,PSA 9,2026-08-17,2375.00,USD,eBay,unknown,FALSE,,,Pokemon Light Togetic Holo Neo Destiny 15/105 1st Edition PSA 9 Mint 15/105,https://www.ebay.es/itm/287511103174,PriceCharting
Neo Destiny,Light Togetic,15/105,1st Edition,PSA 9,2026-06-03,1000.00,USD,eBay,unknown,FALSE,,,Pokemon Light Togetic Neo Destiny 1st Edition Holo Rare #15 PSA 9 Mint,https://www.ebay.es/itm/287305589425,PriceCharting
Neo Destiny,Light Togetic,15/105,1st Edition,PSA 9,2026-04-25,799.00,USD,eBay,unknown,FALSE,,,Pokemon Light Togetic Neo Destiny 1st Edition Holo Rare #15 PSA 9 Mint,https://www.ebay.es/itm/287292342590,PriceCharting
Neo Destiny,Light Togetic,15/105,1st Edition,PSA 9,2026-04-12,850.00,USD,eBay,unknown,FALSE,,,2002 POKEMON NEO DESTINY 1ST ED #15 LIGHT TOGETIC-HOLO PSA 9💫 #15,https://www.ebay.es/itm/198271959073,PriceCharting
Neo Destiny,Light Togetic,15/105,1st Edition,PSA 9,2026-04-04,800.00,USD,eBay,unknown,FALSE,,,2002 Pokemon Neo Destiny Light Togetic #15 Holo 1st Edition PSA 9 #15,https://www.ebay.es/itm/397799844195,PriceCharting
Neo Destiny,Light Togetic,15/105,1st Edition,PSA 9,2026-03-28,799.99,USD,eBay,unknown,FALSE,,,2002 POKEMON NEO DESTINY 1ST ED #15 LIGHT TOGETIC-HOLO PSA 9 #15,https://www.ebay.es/itm/298133817836,PriceCharting
Neo Destiny,Light Togetic,15/105,1st Edition,PSA 9,2026-03-17,629.00,USD,eBay,unknown,FALSE,,,2002 POKEMON NEO DESTINY 1ST ED #15 LIGHT TOGETIC-HOLO PSA 9 #15,https://www.ebay.es/itm/306790695225,PriceCharting
Neo Destiny,Light Togetic,15/105,1st Edition,PSA 9,2026-03-13,625.00,USD,eBay,unknown,FALSE,,,2002 POKEMON NEO DESTINY 1ST ED #15 LIGHT TOGETIC-HOLO PSA 9 #15,https://www.ebay.es/itm/317937576702,PriceCharting
Neo Destiny,Light Togetic,15/105,1st Edition,PSA 9,2026-03-02,560.00,USD,eBay,unknown,FALSE,,,2002 Pokemon Neo Destiny #15 Light Togetic Holo 1st Edition PSA 9 #15,https://www.ebay.es/itm/277748388152,PriceCharting
Neo Destiny,Light Togetic,15/105,1st Edition,PSA 9,2026-02-24,449.00,USD,eBay,unknown,FALSE,,,Pokemon Light Togetic Neo Destiny 1st Edition Holo Rare #15 PSA 9 Mint,https://www.ebay.es/itm/287126834488,PriceCharting
Neo Destiny,Light Togetic,15/105,1st Edition,PSA 9,2026-02-20,450.00,USD,eBay,best offer,TRUE,450.00,,2002 Pokemon Neo Destiny #15 Light Togetic Holo 1st Edition PSA 9 #15,https://www.ebay.es/itm/177858802445,PriceCharting
Neo Destiny,Light Togetic,15/105,1st Edition,PSA 9,2026-02-06,374.31,USD,eBay,unknown,FALSE,,,Light Togetic - 15/105 - Neo Destiny - 1st Edition Holo - PSA 9 - Pokemon Card,https://www.ebay.es/itm/376666490236,PriceCharting
Neo Destiny,Light Togetic,15/105,1st Edition,PSA 9,2026-02-02,455.00,USD,eBay,unknown,FALSE,,,Pokemon Light Togetic Neo Destiny 1st Edition Holo Rare #15 PSA 9 Mint,https://www.ebay.es/itm/287093275386,PriceCharting
Neo Destiny,Light Togetic,15/105,1st Edition,PSA 9,2026-01-28,695.00,USD,eBay,best offer,TRUE,695.00,,💫 LIGHT TOGETIC HOLO 1ST EDITION PSA 9 2002 POKEMON NEO DESTINY #15 MINT 🦄📈 #9323,https://www.ebay.es/itm/167011017333,PriceCharting
Neo Destiny,Light Togetic,15/105,1st Edition,PSA 9,2026-01-26,399.00,USD,eBay,unknown,FALSE,,,2002 POKEMON NEO DESTINY 1ST ED #15 LIGHT TOGETIC-HOLO PSA 9 #15,https://www.ebay.es/itm/297916604881,PriceCharting
Neo Destiny,Light Togetic,15/105,1st Edition,PSA 9,2025-12-27,330.00,USD,eBay,unknown,FALSE,,,Pokemon Light Togetic Neo Destiny 1st Edition Holo Rare #15 PSA 9 Mint #15,https://www.ebay.es/itm/317189789107,PriceCharting
Neo Destiny,Light Togetic,15/105,1st Edition,PSA 9,2025-12-22,350.00,USD,eBay,unknown,FALSE,,,"Pokemon Neo Destiny 1st Edition Light Togetic #15 - PSA 9, Swirl #15",https://www.ebay.es/itm/389145051971,PriceCharting
Neo Destiny,Light Togetic,15/105,1st Edition,PSA 8,2026-09-13,467.65,USD,eBay,unknown,FALSE,,,2002 POKEMON NEO DESTINY #15 LIGHT TOGETIC-HOLO 1ST EDITION PSA 8 #15,https://www.ebay.es/itm/307158161733,PriceCharting
Neo Destiny,Light Togetic,15/105,1st Edition,PSA 8,2026-08-16,500.00,USD,eBay,unknown,FALSE,,,2002 Pokemon Neo Destiny Light Togetic Holo 1st Edition PSA 8 15/105 Swirl #15,https://www.ebay.es/itm/267749244487,PriceCharting
Neo Destiny,Light Togetic,15/105,1st Edition,PSA 8,2026-08-16,400.32,USD,eBay,unknown,FALSE,,,LIGHT TOGETIC POKEMON 15 2002 NEO DESTINY 1st EDITION HOLO ENGLISH PSA 8,https://www.ebay.es/itm/137580945905,PriceCharting
Neo Destiny,Light Togetic,15/105,1st Edition,PSA 8,2026-07-09,449.95,USD,eBay,unknown,FALSE,,,2002 POKEMON NEO DESTINY 1ST EDITION #15 LIGHT TOGETIC-HOLO PSA 8 #15,https://www.ebay.es/itm/117279250785,PriceCharting
Neo Destiny,Light Togetic,15/105,1st Edition,PSA 8,2026-07-07,450.00,USD,eBay,unknown,FALSE,,,2002 POKEMON NEO DESTINY 1ST EDITION #15 LIGHT TOGETIC-HOLO PSA 8 #15,https://www.ebay.es/itm/117265292283,PriceCharting
Neo Destiny,Light Togetic,15/105,1st Edition,PSA 8,2026-06-15,406.79,USD,eBay,unknown,FALSE,,,Pokemon Light Togetic Neo Destiny 1st Edition Holo Rare #15 PSA 8,https://www.ebay.es/itm/287372395836,PriceCharting
Neo Destiny,Light Togetic,15/105,1st Edition,PSA 8,2026-04-12,450.00,USD,eBay,unknown,FALSE,,,2002 POKEMON NEO DESTINY 1ST ED #15 LIGHT TOGETIC-HOLO PSA 8 #15,https://www.ebay.es/itm/287252497608,PriceCharting
Neo Destiny,Light Togetic,15/105,1st Edition,PSA 8,2026-02-09,211.49,USD,eBay,unknown,FALSE,,,Pokemon Light Togetic Neo Destiny 1st Edition Holo Rare #15 PSA 8,https://www.ebay.es/itm/287106327451,PriceCharting
Neo Destiny,Light Togetic,15/105,1st Edition,PSA 8,2026-02-08,235.00,USD,eBay,unknown,FALSE,,,Pokemon Light Togetic Neo Destiny 1st Edition Holo Rare #15 PSA 8 #15,https://www.ebay.es/itm/366136825775,PriceCharting
Neo Destiny,Light Togetic,15/105,1st Edition,PSA 8,2025-10-26,177.50,USD,eBay,unknown,FALSE,,,Pokemon Light Togetic Neo Destiny 1st Edition Holo Rare #15 PSA 8,https://www.ebay.es/itm/286882113001,PriceCharting
Neo Destiny,Light Togetic,15/105,1st Edition,PSA 8,2025-10-17,249.99,USD,eBay,unknown,FALSE,,,2002 POKEMON NEO DESTINY 1ST ED #15 LIGHT TOGETIC-HOLO PSA 8 #15,https://www.ebay.es/itm/116824577949,PriceCharting
Neo Destiny,Light Togetic,15/105,1st Edition,PSA 8,2025-09-22,180.37,USD,eBay,unknown,FALSE,,,LIGHT TOGETIC Neo Destiny 1st Edition Holo #15 PSA 8 Vintage Pokemon,https://www.ebay.es/itm/306462186859,PriceCharting
Neo Destiny,Light Togetic,15/105,1st Edition,PSA 8,2025-09-05,201.69,USD,eBay,unknown,FALSE,,,Pokemon Light Togetic Neo Destiny 1st Edition Holo Rare #15 PSA 8 15/105,https://www.ebay.es/itm/136381110935,PriceCharting
Neo Destiny,Light Togetic,15/105,1st Edition,PSA 8,2025-08-19,199.99,USD,eBay,unknown,FALSE,,,LIGHT TOGETIC Neo Destiny 1st Edition Holo #15 PSA 8 Vintage Pokemon,https://www.ebay.es/itm/336113661139,PriceCharting
Neo Destiny,Light Togetic,15/105,1st Edition,PSA 8,2025-08-18,110.43,USD,eBay,unknown,FALSE,,,Pokémon Card PSA 8 NM-MT Light Togetic 1st Edition Holo Neo Destiny 2002 15/105,https://www.ebay.es/itm/116729496873,PriceCharting
Neo Destiny,Light Togetic,15/105,1st Edition,PSA 8,2025-08-03,195.82,USD,eBay,unknown,FALSE,,,Pokemon Cards: Neo Destiny 1st Edition Rare Holo: Light Togetic 15/105 PSA 8 #15,https://www.ebay.es/itm/317107233492,PriceCharting
Neo Destiny,Light Togetic,15/105,1st Edition,PSA 8,2025-05-01,171.51,USD,eBay,unknown,FALSE,,,Pokemon Light Togetic Neo Destiny 1st Edition Holo Rare #15 PSA 8 #15,https://www.ebay.es/itm/156925378170,PriceCharting
Neo Destiny,Light Togetic,15/105,1st Edition,PSA 8,2025-03-24,162.50,USD,eBay,unknown,FALSE,,,Pokemon Light Togetic Neo Destiny 1st Edition Holo Rare #15 PSA 8,https://www.ebay.es/itm/286409459812,PriceCharting
Neo Destiny,Light Togetic,15/105,1st Edition,PSA 8,2025-03-17,169.38,USD,eBay,unknown,FALSE,,,Pokemon Light Togetic Neo Destiny 1st Edition Holo Rare #15 PSA 8,https://www.ebay.es/itm/286390938885,PriceCharting
Neo Destiny,Light Togetic,15/105,1st Edition,PSA 8,2025-03-09,111.11,USD,eBay,unknown,FALSE,,,Pokemon Light Togetic 15/105 1st Edition Neo Destiny PSA 8 NM-MT CH6,https://www.ebay.es/itm/286355001835,PriceCharting
Neo Destiny,Light Togetic,15/105,1st Edition,PSA 8,2025-01-20,150.00,USD,eBay,unknown,FALSE,,,2002 POKEMON NEO DESTINY 1ST EDITION #15 LIGHT TOGETIC-HOLO PSA 8 WOTC TCG,https://www.ebay.es/itm/176785350125,PriceCharting
Neo Destiny,Light Togetic,15/105,1st Edition,PSA 8,2024-12-23,166.73,USD,eBay,unknown,FALSE,,,Light Togetic 15/105 1st Edition Neo Destiny PSA 8 Pokémon Holo Rare WOTC 2002,https://www.ebay.es/itm/167192322246,PriceCharting
Neo Destiny,Light Togetic,15/105,1st Edition,PSA 8,2024-12-05,150.00,USD,eBay,unknown,FALSE,,,2002 POKEMON NEO DESTINY 1ST EDITION #15 LIGHT TOGETIC-HOLO PSA 8,https://www.ebay.es/itm/375822851843,PriceCharting
Neo Destiny,Light Togetic,15/105,Unlimited,PSA 10,2026-04-06,8400,USD,Fanatics Collect,auction,FALSE,,123527707,,https://www.fanaticscollect.com/weekly/50af3cb4-2074-11f1-8347-0a58a9feac02,PSA APR
Neo Destiny,Light Togetic,15/105,Unlimited,PSA 10,2026-03-09,12000,USD,Fanatics Collect,auction,FALSE,,123527707,,https://www.fanaticscollect.com/weekly/42d22c54-1279-11f1-ada2-0aceb2285a87,PSA APR
Neo Destiny,Light Togetic,15/105,Unlimited,PSA 9,2026-07-27,255.00,USD,eBay,best offer,TRUE,,,Light Togetic Holo 15/105 Neo Destiny Pokemon PSA 9 15/105,https://www.ebay.es/itm/188604603621,PriceCharting
Neo Destiny,Light Togetic,15/105,Unlimited,PSA 9,2026-07-27,336.28,USD,eBay,unknown,FALSE,,,Light Togetic Holo 15/105 Neo Destiny Pokemon PSA 9 15/105,https://www.ebay.es/itm/257624986333,PriceCharting
Neo Destiny,Light Togetic,15/105,Unlimited,PSA 9,2026-07-21,334.38,USD,eBay,best offer,TRUE,331.60,,Light Togetic PSA 9 - 15/105 - Holo - 2002 Neo Destiny - Pokemon #15,https://www.ebay.es/itm/227326922411,PriceCharting
Neo Destiny,Light Togetic,15/105,Unlimited,PSA 9,2026-06-22,217.50,USD,eBay,unknown,FALSE,,,LIGHT TOGETIC 2002 POKEMON NEO DESTINY HOLO #15 PSA 9 Q0895 #15,https://www.ebay.es/itm/278071480167,PriceCharting
Neo Destiny,Light Togetic,15/105,Unlimited,PSA 9,2026-06-02,449.95,USD,eBay,unknown,FALSE,,,2002 Pokémon Neo Destiny #15 Light Togetic - Holo PSA 9 #15,https://www.ebay.es/itm/137191974738,PriceCharting
Neo Destiny,Light Togetic,15/105,Unlimited,PSA 9,2026-05-10,211.50,USD,eBay,unknown,FALSE,,,Pokemon Light Togetic Neo Destiny Unlimited Holo Rare #15 PSA 9 Mint,https://www.ebay.es/itm/287301555906,PriceCharting
Neo Destiny,Light Togetic,15/105,Unlimited,PSA 9,2026-04-18,199.99,USD,eBay,unknown,FALSE,,,2002 POKEMON NEO DESTINY #15 LIGHT TOGETIC-HOLO PSA 9 #15,https://www.ebay.es/itm/117149999719,PriceCharting
Neo Destiny,Light Togetic,15/105,Unlimited,PSA 9,2026-03-28,142.50,USD,eBay,unknown,FALSE,,,2002 POKEMON NEO DESTINY #15 LIGHT TOGETIC-HOLO PSA 9 #15,https://www.ebay.es/itm/406781284553,PriceCharting
Neo Destiny,Light Togetic,15/105,Unlimited,PSA 9,2026-03-15,162.50,USD,eBay,unknown,FALSE,,,2002 Pokemon Neo Destiny Light Togetic Holo #15/105 PSA 9,https://www.ebay.es/itm/127729190046,PriceCharting
Neo Destiny,Light Togetic,15/105,Unlimited,PSA 9,2026-02-01,160.00,USD,eBay,unknown,FALSE,,,2002 POKEMON NEO DESTINY #15 LIGHT TOGETIC-HOLO PSA 9 W/ Swirl #15,https://www.ebay.es/itm/177825237819,PriceCharting
Neo Destiny,Light Togetic,15/105,Unlimited,PSA 9,2025-12-22,147.99,USD,eBay,unknown,FALSE,,,"Pokemon Neo Destiny Light Togetic #15 - PSA 9, HOLO RARE Vintage #15",https://www.ebay.es/itm/326877476579,PriceCharting
Neo Destiny,Light Togetic,15/105,Unlimited,PSA 9,2025-12-18,165.00,USD,eBay,best offer,TRUE,165.00,,2002 Pokemon Neo Destiny #15 Light Togetic Holo PSA 9 MINT #15,https://www.ebay.es/itm/177530501792,PriceCharting
Neo Destiny,Light Togetic,15/105,Unlimited,PSA 9,2025-12-16,95.26,USD,eBay,unknown,FALSE,,,2002 POKEMON NEO DESTINY #15 LIGHT TOGETIC-HOLO PSA 9 #15,https://www.ebay.es/itm/306647453995,PriceCharting
Neo Destiny,Light Togetic,15/105,Unlimited,PSA 9,2025-11-15,109.99,USD,eBay,unknown,FALSE,,,PSA 9 Pokemon Neo Destiny Light Togetic Holo Mint 2001 15/105,https://www.ebay.es/itm/257209926956,PriceCharting
Neo Destiny,Light Togetic,15/105,Unlimited,PSA 9,2025-11-15,107.28,USD,eBay,unknown,FALSE,,,2002 Pokémon Neo Destiny Light Togetic Holo PSA 9 Mint 15/105,https://www.ebay.es/itm/257201091266,PriceCharting
Neo Destiny,Light Togetic,15/105,Unlimited,PSA 9,2025-11-10,127.50,USD,eBay,unknown,FALSE,,,Pokemon Light Togetic Neo Destiny Unlimited Holo Rare #15 PSA 9 Mint,https://www.ebay.es/itm/286909565191,PriceCharting
Neo Destiny,Light Togetic,15/105,Unlimited,PSA 9,2025-11-05,119.99,USD,eBay,unknown,FALSE,,,2002 POKEMON NEO DESTINY #15/105 LIGHT TOGETIC HOLO PSA 9 15/105,https://www.ebay.es/itm/205826973257,PriceCharting
Neo Destiny,Light Togetic,15/105,Unlimited,PSA 9,2025-10-03,120.20,USD,eBay,unknown,FALSE,,,2002 POKEMON NEO DESTINY #15/105 LIGHT TOGETIC HOLO PSA 9,https://www.ebay.es/itm/205746196024,PriceCharting
Neo Destiny,Light Togetic,15/105,Unlimited,PSA 9,2025-09-12,107.00,USD,eBay,unknown,FALSE,,,2002 POKEMON NEO DESTINY #15/105 LIGHT TOGETIC HOLO PSA 9,https://www.ebay.es/itm/205707694112,PriceCharting
Neo Destiny,Light Togetic,15/105,Unlimited,PSA 9,2025-09-01,105.00,USD,eBay,unknown,FALSE,,,PSA 9 Light Togetic 15/105 Pokemon Neo Destiny Holo Rare TCG Mint 15/105,https://www.ebay.es/itm/236287717072,PriceCharting
Neo Destiny,Light Togetic,15/105,Unlimited,PSA 9,2025-08-25,168.85,USD,eBay,unknown,FALSE,,,Pokemon Light Togetic Neo Destiny Unlimited Holo Rare #15 PSA 9 Mint,https://www.ebay.es/itm/226864378378,PriceCharting
Neo Destiny,Light Togetic,15/105,Unlimited,PSA 9,2025-07-29,80.00,USD,eBay,unknown,FALSE,,,Pokemon TCG Light Togetic #15/105 Neo Destiny Holo Rare PSA 9 15/105,https://www.ebay.es/itm/396849781680,PriceCharting
Neo Destiny,Light Togetic,15/105,Unlimited,PSA 9,2025-06-29,133.49,USD,eBay,unknown,FALSE,,,2002 LIGHT TOGETIC HOLO RARE NEO DESTINY POKEMON TCG PSA 9 MINT #15/105 #15,https://www.ebay.es/itm/126908766502,PriceCharting
Neo Destiny,Light Togetic,15/105,Unlimited,PSA 9,2025-06-01,126.00,USD,eBay,unknown,FALSE,,,Pokemon Light Togetic Neo Destiny Unlimited Holo Rare #15 PSA 9 Mint,https://www.ebay.es/itm/286590119261,PriceCharting
Neo Destiny,Light Togetic,15/105,Unlimited,PSA 9,2025-04-20,130.00,USD,eBay,unknown,FALSE,,,2002 Pokemon Neo Destiny Light Togetic #15/105 Holo PSA 9 Mint 15/105,https://www.ebay.es/itm/205135370781,PriceCharting
Neo Destiny,Light Togetic,15/105,Unlimited,PSA 8,2026-09-04,250.00,USD,eBay,best offer,TRUE,250.00,,2002 POKEMON NEO DESTINY #15 LIGHT TOGETIC HOLO PSA 8 15/105,https://www.ebay.es/itm/307036503258,PriceCharting
Neo Destiny,Light Togetic,15/105,Unlimited,PSA 8,2026-09-02,210.00,USD,eBay,best offer,TRUE,210.00,,Pokemon TCG: Light Togetic - Neo Destiny Holo #15 [NM-MT PSA 8] #15,https://www.ebay.es/itm/287517585347,PriceCharting
Neo Destiny,Light Togetic,15/105,Unlimited,PSA 8,2026-07-23,250.00,USD,eBay,unknown,FALSE,,,2002 Pokemon Neo Destiny Light Togetic 15/105 Holo Unlimited English PSA 8 15/105,https://www.ebay.es/itm/287435381610,PriceCharting
Neo Destiny,Light Togetic,15/105,Unlimited,PSA 8,2026-07-13,177.50,USD,eBay,unknown,FALSE,,,The Pokémon Company Light Togetic 15/105 Neo Destiny Holo PSA 8 EN 2002 15/105,https://www.ebay.es/itm/298485178196,PriceCharting
Neo Destiny,Light Togetic,15/105,Unlimited,PSA 8,2026-07-08,230.00,USD,eBay,unknown,FALSE,,,2002 Pokémon Light Togetic #15 Neo Destiny Holo Rare PSA 8 NM-MINT #15,https://www.ebay.es/itm/117254447890,PriceCharting
Neo Destiny,Light Togetic,15/105,Unlimited,PSA 8,2026-07-02,215.00,USD,eBay,best offer,TRUE,215.00,,2002 Pokemon Neo Destiny Light Togetic 15/105 Holo Unlimited English PSA 8 15/105,https://www.ebay.es/itm/287369842449,PriceCharting
Neo Destiny,Light Togetic,15/105,Unlimited,PSA 8,2026-06-30,238.70,USD,eBay,unknown,FALSE,,,2002 Pokemon Neo Destiny 15 Light Togetic Holo PSA 8 Near Mint - Mint,https://www.ebay.es/itm/287305443738,PriceCharting
Neo Destiny,Light Togetic,15/105,Unlimited,PSA 8,2026-06-22,299.00,USD,eBay,unknown,FALSE,,,2002 POKEMON NEO DESTINY #15 LIGHT TOGETIC-HOLO PSA 8 SWIRL 15/105,https://www.ebay.es/itm/318308818482,PriceCharting
Neo Destiny,Light Togetic,15/105,Unlimited,PSA 8,2026-05-16,205.00,USD,eBay,best offer,TRUE,205.00,,Light Togetic Holo 15/105 Neo Destiny Pokemon PSA 8 15/105,https://www.ebay.es/itm/198350945792,PriceCharting
Neo Destiny,Light Togetic,15/105,Unlimited,PSA 8,2026-05-06,199.00,USD,eBay,unknown,FALSE,,,2002 POKEMON NEO DESTINY #15 LIGHT TOGETIC-HOLO PSA 8 15/105,https://www.ebay.es/itm/167885124547,PriceCharting
Neo Destiny,Light Togetic,15/105,Unlimited,PSA 8,2026-04-03,200.00,USD,eBay,unknown,FALSE,,,Pokemon Neo Destiny 2002 Light Togetic Holo Rare Card #15/105 PSA 8 15/105,https://www.ebay.es/itm/188043510011,PriceCharting
Neo Destiny,Light Togetic,15/105,Unlimited,PSA 8,2026-04-03,274.00,USD,eBay,unknown,FALSE,,,2002 Pokemon Neo Destiny #15 Light Togetic Holo PSA 8 NM-MT,https://www.ebay.es/itm/366306385374,PriceCharting
Neo Destiny,Light Togetic,15/105,Unlimited,PSA 8,2026-03-25,190.00,USD,eBay,unknown,FALSE,,,2002 POKEMON NEO DESTINY #15 LIGHT TOGETIC-HOLO PSA 8 #15,https://www.ebay.es/itm/306771514146,PriceCharting
Neo Destiny,Light Togetic,15/105,Unlimited,PSA 8,2026-02-22,225.00,USD,eBay,unknown,FALSE,,,2002 POKEMON NEO DESTINY #15 LIGHT TOGETIC-HOLO PSA 8 #15,https://www.ebay.es/itm/376935147736,PriceCharting
Neo Destiny,Light Togetic,15/105,Unlimited,PSA 8,2026-02-08,141.50,USD,eBay,unknown,FALSE,,,2002 POKEMON NEO DESTINY #15 LIGHT TOGETIC-HOLO PSA 8 #15,https://www.ebay.es/itm/306738274905,PriceCharting
Neo Destiny,Light Togetic,15/105,Unlimited,PSA 8,2025-12-25,199.00,USD,eBay,unknown,FALSE,,,2002 Light Togetic Pokémon Neo Destiny Holo *SWIRL* #15/105 PSA 8 NM - MT CRPDST 15/105,https://www.ebay.es/itm/157535820813,PriceCharting
Neo Destiny,Light Togetic,15/105,Unlimited,PSA 8,2025-12-21,104.00,USD,eBay,best offer,TRUE,,,PSA 8 Near Mint Light Togetic 15/105 Holo Rare Neo Destiny 2002 Pokemon 15/105 #15,https://www.ebay.es/itm/177516222942,PriceCharting
Neo Destiny,Light Togetic,15/105,Unlimited,PSA 8,2025-12-10,190.00,USD,eBay,unknown,FALSE,,,2002 Light Togetic Pokémon Neo Destiny Holo *SWIRL* #15/105 PSA 8 NM - MT CRPDST 15/105,https://www.ebay.es/itm/157007580812,PriceCharting
Neo Destiny,Light Togetic,15/105,Unlimited,PSA 8,2025-11-29,115.00,USD,eBay,best offer,TRUE,115.00,,Pokemon 2002 Light Togetic 15/105 Neo Destiny Holo Rare Swirl PSA 8 15/105,https://www.ebay.es/itm/267183646141,PriceCharting
Neo Destiny,Light Togetic,15/105,Unlimited,PSA 8,2025-11-08,189.95,USD,eBay,unknown,FALSE,,,2002 POKEMON NEO DESTINY #15 LIGHT TOGETIC-HOLO PSA 8 #15,https://www.ebay.es/itm/306559678393,PriceCharting
Neo Destiny,Miracle Energy,16/105,1st Edition,PSA 10,2026-09-20,799,USD,eBay,BIN,FALSE,,28504847,,https://www.ebay.com/itm/287550930591,PSA APR
Neo Destiny,Miracle Energy,16/105,1st Edition,PSA 10,2026-09-20,1499.99,USD,eBay,BIN,FALSE,,28107375,,https://www.ebay.com/itm/117325498182,PSA APR
Neo Destiny,Miracle Energy,16/105,1st Edition,PSA 10,2026-09-19,625,USD,Heritage Auctions,auction,FALSE,,28548859,,https://comics.ha.com/itm/memorabilia/trading-cards/pokemon-miracle-energy-16-1st-edition-neo-destiny-psa-trading-card-game-gem-mint-10-wizards-of-the-coast-2002-rare-holo/p/7459-74005.s?type=DA-DMC-CardLadder-TradingCardGames-7459-09182026,PSA APR
Neo Destiny,Miracle Energy,16/105,1st Edition,PSA 10,2026-07-20,468,USD,Fanatics Collect,auction,FALSE,,28107375,,https://www.fanaticscollect.com/weekly/1663118c-6f68-11f1-9329-0a58a9feac02,PSA APR
Neo Destiny,Miracle Energy,16/105,1st Edition,PSA 10,2026-07-06,739,USD,Goldin Auctions,auction,FALSE,,48571801,,https://goldin.co/item/2002-pokemon-neo-destiny-1st-edition-holo-16-miracle-energy-psa-gem-mt81vmz,PSA APR
Neo Destiny,Miracle Energy,16/105,1st Edition,PSA 10,2026-05-14,1875,USD,Heritage Auctions,auction,FALSE,,28548859,,https://comics.ha.com/itm/memorabilia/trading-cards/pokemon-miracle-energy-16-1st-edition-neo-destiny-psa-trading-card-game-gem-mint-10-wizards-of-the-coast-2002-rare-holo/a/43246-78114.s?type=DA-DMC-CardLadder-TradingCardGames-43246-05142026,PSA APR
Neo Destiny,Miracle Energy,16/105,1st Edition,PSA 10,2026-05-11,650.00,USD,eBay,unknown,FALSE,,,Pokémon - Miracle Energy Holo Neo Destiny 1st Edition #16 PSA 10,https://www.ebay.es/itm/188369018251,PriceCharting
Neo Destiny,Miracle Energy,16/105,1st Edition,PSA 10,2026-04-20,516,USD,Fanatics Collect,auction,FALSE,,45835971,,https://www.fanaticscollect.com/weekly/50127f44-32af-11f1-a0a0-0a58a9feac02,PSA APR
Neo Destiny,Miracle Energy,16/105,1st Edition,PSA 10,2026-04-17,676.34,USD,eBay,unknown,FALSE,,,Pokemon Cards - PSA 10 1st Edition Miracle Energy 16/105 - Neo Destiny - GEM MT 101/102,https://www.ebay.es/itm/287175104350,PriceCharting
Neo Destiny,Miracle Energy,16/105,1st Edition,PSA 10,2026-03-30,552,USD,Fanatics Collect,auction,FALSE,,41373578,,https://www.fanaticscollect.com/weekly/9dfe551a-1eec-11f1-b1eb-0a58a9feac02,PSA APR
Neo Destiny,Miracle Energy,16/105,1st Edition,PSA 10,2026-03-16,599.95,USD,eBay,unknown,FALSE,,,Pokemon Miracle Energy Neo Destiny 1st Edition Holo Rare #16 PSA 10 Gem Mint 16/105,https://www.ebay.es/itm/187978966523,PriceCharting
Neo Destiny,Miracle Energy,16/105,1st Edition,PSA 10,2026-03-16,650.00,USD,eBay,unknown,FALSE,,,Pokemon Miracle Energy Neo Destiny 1st Edition Holo Rare #16 PSA 10 Gem Mint,https://www.ebay.es/itm/286523659682,PriceCharting
Neo Destiny,Miracle Energy,16/105,1st Edition,PSA 10,2026-03-01,1800,USD,Fanatics Collect,best offer,TRUE,,45835971,,https://www.fanaticscollect.com/buy-now/e7dea0c8-28b6-4ce0-9e08-5a497cb9424d,PSA APR
Neo Destiny,Miracle Energy,16/105,1st Edition,PSA 10,2025-12-31,332.32,USD,eBay,unknown,FALSE,,,Neo Destiny Miracle Energy 1st Edition Holo 16/105 PSA 10 Gem Mint Pokemon TCG,https://www.ebay.es/itm/236489613002,PriceCharting
Neo Destiny,Miracle Energy,16/105,1st Edition,PSA 10,2025-10-26,393.00,USD,eBay,unknown,FALSE,,,Pokemon Miracle Energy Neo Destiny 1st Edition Holo Rare #16 PSA 10 Gem Mint,https://www.ebay.es/itm/286882150635,PriceCharting
Neo Destiny,Miracle Energy,16/105,1st Edition,PSA 10,2025-10-06,209.19,USD,eBay,unknown,FALSE,,,Pokemon Miracle Energy 1st Edition PSA 10 Gem Mint Holo Neo Destiny 16/105 16/105,https://www.ebay.es/itm/226997830841,PriceCharting
Neo Destiny,Miracle Energy,16/105,1st Edition,PSA 10,2025-10-06,690,USD,Fanatics Collect,auction,FALSE,,41373578,,https://www.fanaticscollect.com/weekly/81c254b8-9801-11f0-a32d-02d93b7d50ab,PSA APR
Neo Destiny,Miracle Energy,16/105,1st Edition,PSA 10,2025-09-14,599,USD,Fanatics Collect,BIN,FALSE,,43422162,,https://www.fanaticscollect.com/fixed/54d40956-901d-11f0-9356-0a58a9feac02,PSA APR
Neo Destiny,Miracle Energy,16/105,1st Edition,PSA 10,2025-08-10,237.50,USD,eBay,unknown,FALSE,,,Pokemon Miracle Energy Neo Destiny 1st Edition Holo Rare #16 PSA 10 Gem Mint,https://www.ebay.es/itm/286739114464,PriceCharting
Neo Destiny,Miracle Energy,16/105,1st Edition,PSA 10,2025-08-10,343.03,USD,eBay,unknown,FALSE,,,2002 POKEMON NEO DESTINY 1ST EDITION MIRACLE ENERGY HOLO PSA 10 #16 LOW POP #16,https://www.ebay.es/itm/388779619407,PriceCharting
Neo Destiny,Miracle Energy,16/105,1st Edition,PSA 10,2025-06-16,234.39,USD,eBay,auction,FALSE,,65533321,,https://www.ebay.com/itm/365649785160,PSA APR
Neo Destiny,Miracle Energy,16/105,1st Edition,PSA 10,2025-02-23,500.00,USD,eBay,unknown,FALSE,,,2002 POKEMON NEO DESTINY 1ST ED #16 MIRACLE ENERGY-HOLO PSA 10 #16,https://www.ebay.es/itm/306009291200,PriceCharting
Neo Destiny,Miracle Energy,16/105,1st Edition,PSA 10,2025-02-18,500,USD,eBay,BIN,FALSE,,28455866,,https://www.ebay.com/itm/306009291200,PSA APR
Neo Destiny,Miracle Energy,16/105,1st Edition,PSA 10,2024-09-19,200.00,USD,eBay,unknown,FALSE,,,2002 MIRACLE ENERGY 1ST EDITION HOLO NEO DESTINY POKEMON PSA 10 GEM MINT #16/105 #16,https://www.ebay.es/itm/126444993140,PriceCharting
Neo Destiny,Miracle Energy,16/105,1st Edition,PSA 10,2024-09-09,195.00,USD,eBay,unknown,FALSE,,,2002 Pokémon Neo Destiny Miracle Energy #16 Holo 1st Edition PSA 10 16/105,https://www.ebay.es/itm/275542574221,PriceCharting
Neo Destiny,Miracle Energy,16/105,1st Edition,PSA 10,2024-09-01,167.14,USD,eBay,unknown,FALSE,,,Pokémon Neo Destiny 1st. Edition Miracle Energy Holo PSA 10 Gem Mint - WOTC 2002,https://www.ebay.es/itm/226313584082,PriceCharting
Neo Destiny,Miracle Energy,16/105,1st Edition,PSA 10,2024-06-02,163.92,USD,eBay,unknown,FALSE,,,Pokémon Neo Destiny 1st. Edition Miracle Energy Holo PSA 10 Gem Mint - WOTC 2002,https://www.ebay.es/itm/276482194483,PriceCharting
Neo Destiny,Miracle Energy,16/105,1st Edition,PSA 10,2024-03-29,205.50,USD,eBay,unknown,FALSE,,,Pokemon Neo Destiny Miracle Energy [1st Edition] #16 PSA 10 #16,https://www.ebay.es/itm/315234257772,PriceCharting
Neo Destiny,Miracle Energy,16/105,1st Edition,PSA 10,2023-11-22,154.19,USD,eBay,unknown,FALSE,,,2002 Pokemon Neo Destiny 1st Edition #16 Miracle Energy - Holo PSA 10 GEM MINT,https://www.ebay.es/itm/375056758511,PriceCharting
Neo Destiny,Miracle Energy,16/105,1st Edition,PSA 10,2023-11-13,285.73,USD,eBay,unknown,FALSE,,,Pokemon - PSA 10 1st Edition Neo Destiny Miracle Energy - Holo #16/105 #16,https://www.ebay.es/itm/235229464183,PriceCharting
Neo Destiny,Miracle Energy,16/105,1st Edition,PSA 10,2023-10-09,242.5,USD,eBay,auction,FALSE,,40987078,,https://www.ebay.com/itm/256236325764,PSA APR
Neo Destiny,Miracle Energy,16/105,1st Edition,PSA 9,2026-08-16,104.27,USD,eBay,unknown,FALSE,,,Pokemon Miracle Energy Holo Neo Destiny 16/105 1st Edition PSA 9 Mint 16/105,https://www.ebay.es/itm/287511098743,PriceCharting
Neo Destiny,Miracle Energy,16/105,1st Edition,PSA 9,2026-03-24,150.00,USD,eBay,unknown,FALSE,,,Pokemon 1st Edition HOLO MIRACLE ENERGY 2002 Neo Destiny PSA 9 MINT,https://www.ebay.es/itm/267205941740,PriceCharting
Neo Destiny,Miracle Energy,16/105,1st Edition,PSA 9,2026-03-23,138.86,USD,eBay,unknown,FALSE,,,Pokemon Miracle Energy 1st Edition Neo Destiny 16/105 Holo PSA 9 MINT 2002 ENG,https://www.ebay.es/itm/198196474168,PriceCharting
Neo Destiny,Miracle Energy,16/105,1st Edition,PSA 9,2026-03-08,104.50,USD,eBay,unknown,FALSE,,,2002 POKEMON NEO DESTINY 1ST EDITION #16 MIRACLE ENERGY-HOLO PSA 9 #16,https://www.ebay.es/itm/306793568010,PriceCharting
Neo Destiny,Miracle Energy,16/105,1st Edition,PSA 9,2026-02-26,119.00,USD,eBay,unknown,FALSE,,,Pokemon 1st Edition HOLO MIRACLE ENERGY 2002 Neo Destiny PSA 9 MINT #16,https://www.ebay.es/itm/267544775400,PriceCharting
Neo Destiny,Miracle Energy,16/105,1st Edition,PSA 9,2026-02-02,135.00,USD,eBay,unknown,FALSE,,,2002 POKEMON NEO DESTINY 1ST ED #16 MIRACLE ENERGY-HOLO PSA 9 #16,https://www.ebay.es/itm/306521407069,PriceCharting
Neo Destiny,Miracle Energy,16/105,1st Edition,PSA 9,2025-12-30,108.69,USD,eBay,best offer,TRUE,103.96,,Pokemon Neo Destiny 1st Edition Holo Rare Miracle Energy PSA 9 MINT!!,https://www.ebay.es/itm/277536471034,PriceCharting
Neo Destiny,Miracle Energy,16/105,1st Edition,PSA 9,2025-12-27,90.00,USD,eBay,best offer,TRUE,90.00,,2002 Pokemon Neo Destiny 1st Edition Miracle Energy Holo PSA 9 #16,https://www.ebay.es/itm/116898916549,PriceCharting
Neo Destiny,Miracle Energy,16/105,1st Edition,PSA 9,2025-10-26,102.50,USD,eBay,unknown,FALSE,,,Pokemon Miracle Energy Neo Destiny 1st Edition Holo Rare #16 PSA 9 Mint,https://www.ebay.es/itm/286882113172,PriceCharting
Neo Destiny,Miracle Energy,16/105,1st Edition,PSA 9,2025-09-22,119.99,USD,eBay,unknown,FALSE,,,2002 POKEMON NEO DESTINY 1ST ED #16 MIRACLE ENERGY-HOLO PSA 9 #16,https://www.ebay.es/itm/116740306575,PriceCharting
Neo Destiny,Miracle Energy,16/105,1st Edition,PSA 9,2025-08-29,120.00,USD,eBay,unknown,FALSE,,,Pokemon Neo Destiny 1st Edition Holo Rare Miracle Energy PSA 9 MINT!!,https://www.ebay.es/itm/134145436903,PriceCharting
Neo Destiny,Miracle Energy,16/105,1st Edition,PSA 9,2025-03-04,115.00,USD,eBay,unknown,FALSE,,,Pokemon 1st Edition HOLO MIRACLE ENERGY 2002 Neo Destiny PSA 9 MINT,https://www.ebay.es/itm/266435217596,PriceCharting
Neo Destiny,Miracle Energy,16/105,1st Edition,PSA 9,2025-03-03,91.00,USD,eBay,unknown,FALSE,,,Pokemon 1st Edition Neo Destiny Miracle Energy Holo #16 - PSA 9 #16,https://www.ebay.es/itm/387990091371,PriceCharting
Neo Destiny,Miracle Energy,16/105,1st Edition,PSA 9,2024-12-20,80.00,USD,eBay,unknown,FALSE,,,2002 Pokemon Neo Destiny 1st Edition #16 Miracle Energy HOLO PSA 9 MINT,https://www.ebay.es/itm/126696216939,PriceCharting
Neo Destiny,Miracle Energy,16/105,1st Edition,PSA 9,2024-12-19,51.00,USD,eBay,unknown,FALSE,,,2002 POKEMON NEO DESTINY 1ST EDITION #16 MIRACLE ENERGY-HOLO PSA 9 #16,https://www.ebay.es/itm/305965453029,PriceCharting
Neo Destiny,Miracle Energy,16/105,1st Edition,PSA 9,2024-12-09,66.00,USD,eBay,unknown,FALSE,,,2002 POKEMON NEO DESTINY 1ST EDITION #16 MIRACLE ENERGY-HOLO PSA 9,https://www.ebay.es/itm/305936169321,PriceCharting
Neo Destiny,Miracle Energy,16/105,1st Edition,PSA 9,2024-12-01,41.02,USD,eBay,unknown,FALSE,,,2002 POKEMON NEO DESTINY 1ST EDITION #16 MIRACLE ENERGY-HOLO PSA 9,https://www.ebay.es/itm/305926403623,PriceCharting
Neo Destiny,Miracle Energy,16/105,1st Edition,PSA 9,2024-10-16,31.90,USD,eBay,unknown,FALSE,,,2002 Pokemon Neo Destiny 1st Edition #16 Miracle Energy HOLO PSA 9 MINT,https://www.ebay.es/itm/235778694683,PriceCharting
Neo Destiny,Miracle Energy,16/105,1st Edition,PSA 9,2024-10-09,41.00,USD,eBay,unknown,FALSE,,,2002 Pokemon Neo Destiny 1st Edition #16 Miracle Energy HOLO PSA 9 MINT,https://www.ebay.es/itm/176610023358,PriceCharting
Neo Destiny,Miracle Energy,16/105,1st Edition,PSA 9,2024-08-14,82.00,USD,eBay,unknown,FALSE,,,Pokemon PSA 9 Miracle Energy Neo Destiny 1st edition Holo Mint 16/105 SK 16/105,https://www.ebay.es/itm/375525457332,PriceCharting
Neo Destiny,Miracle Energy,16/105,1st Edition,PSA 9,2024-01-31,115.00,USD,eBay,unknown,FALSE,,,PSA 9 MINT 1st Edtion Miracle Energy Holo Neo Destiny 2002 Pokemon Card 16/105,https://www.ebay.es/itm/176086225820,PriceCharting
Neo Destiny,Miracle Energy,16/105,1st Edition,PSA 9,2024-01-14,99.00,USD,eBay,unknown,FALSE,,,Pokemon 1st Edition HOLO MIRACLE ENERGY 2002 Neo Destiny PSA 9 MINT,https://www.ebay.es/itm/374952471188,PriceCharting
Neo Destiny,Miracle Energy,16/105,1st Edition,PSA 9,2023-12-13,34.00,USD,eBay,unknown,FALSE,,,PSA 9 MINT Miracle Energy Neo Destiny 1st Edition Holo Pokemon Card 16/105,https://www.ebay.es/itm/126222800177,PriceCharting
Neo Destiny,Miracle Energy,16/105,1st Edition,PSA 9,2023-11-11,37.58,USD,eBay,unknown,FALSE,,,2002 Pokemon Neo Destiny 1st Edition #16 Miracle Energy Holo PSA 9 MINT #14,https://www.ebay.es/itm/204528576008,PriceCharting
Neo Destiny,Miracle Energy,16/105,1st Edition,PSA 9,2023-10-19,41.00,USD,eBay,unknown,FALSE,,,2002 Pokemon Neo Destiny 1st Edition #16 Miracle Energy Holo PSA 9 MINT #14,https://www.ebay.es/itm/115940313491,PriceCharting
Neo Destiny,Miracle Energy,16/105,1st Edition,PSA 8,2026-09-13,63.81,USD,eBay,unknown,FALSE,,,2002 POKEMON NEO DESTINY #16 MIRACLE ENERGY-HOLO 1ST EDITION PSA 8 #16,https://www.ebay.es/itm/307158161720,PriceCharting
Neo Destiny,Miracle Energy,16/105,1st Edition,PSA 8,2026-07-03,85.00,USD,eBay,unknown,FALSE,,,Pokemon PSA 8 1st Edition Miracle Energy 16/105 Neo Destiny Holo Card Near Mint 16/105,https://www.ebay.es/itm/168431584321,PriceCharting
Neo Destiny,Miracle Energy,16/105,1st Edition,PSA 8,2026-06-18,65.00,USD,eBay,best offer,TRUE,,,PSA 8 - 2002 Pokemon Neo Destiny Miracle Energy - Holo 1st Edition 16/105,https://www.ebay.es/itm/397881362420,PriceCharting
Neo Destiny,Miracle Energy,16/105,1st Edition,PSA 8,2026-04-03,76.00,USD,eBay,unknown,FALSE,,,2002 POKEMON NEO DESTINY 1ST ED #16 MIRACLE ENERGY-HOLO PSA 8 #16,https://www.ebay.es/itm/306577301372,PriceCharting
Neo Destiny,Miracle Energy,16/105,1st Edition,PSA 8,2026-03-28,80.00,USD,eBay,unknown,FALSE,,,"Pokemon 2002 Neo Destiny 1st Edition Miracle Energy holo card, PSA 8",https://www.ebay.es/itm/177941186068,PriceCharting
Neo Destiny,Miracle Energy,16/105,1st Edition,PSA 8,2025-08-03,45.60,USD,eBay,unknown,FALSE,,,Pokemon Cards: Neo Destiny 1st Edition Rare Holo: Miracle Energy 16/105 PSA 8 #16,https://www.ebay.es/itm/317107241409,PriceCharting
Neo Destiny,Miracle Energy,16/105,1st Edition,PSA 8,2025-04-11,28.75,USD,eBay,unknown,FALSE,,,2002 Pokemon Neo Destiny Miracle Energy-Holo 1st Edition PSA 8 #16,https://www.ebay.es/itm/186725851821,PriceCharting
Neo Destiny,Miracle Energy,16/105,1st Edition,PSA 8,2025-01-09,45.80,USD,eBay,unknown,FALSE,,,Pokemon Miracle Energy 16/105 Neo Destiny 1st Edition Holo PSA 8 16/105,https://www.ebay.es/itm/176780259834,PriceCharting
Neo Destiny,Miracle Energy,16/105,1st Edition,PSA 8,2024-11-10,44.00,USD,eBay,unknown,FALSE,,,2002 POKEMON NEO DESTINY 1ST EDITION #16 MIRACLE ENERGY-HOLO PSA 8,https://www.ebay.es/itm/305877241634,PriceCharting
Neo Destiny,Miracle Energy,16/105,1st Edition,PSA 8,2023-12-30,35.00,USD,eBay,unknown,FALSE,,,Pokémon TCG Miracle Energy Neo Destiny 2002 16 Holo rare 1st Edition PSA 8 NM-MT #16,https://www.ebay.es/itm/134870947194,PriceCharting
Neo Destiny,Miracle Energy,16/105,Unlimited,PSA 10,2026-09-28,660,USD,Fanatics Collect,auction,FALSE,,48140941,,https://www.fanaticscollect.com/weekly/ce873590-b0a9-11f1-9144-0affd16d0739,PSA APR
Neo Destiny,Miracle Energy,16/105,Unlimited,PSA 10,2026-05-11,503.00,USD,eBay,unknown,FALSE,,,Pokemon Miracle Energy Neo Destiny Unlimited Holo Rare #16 PSA 10 Gem Mint,https://www.ebay.es/itm/287304463770,PriceCharting
Neo Destiny,Miracle Energy,16/105,Unlimited,PSA 10,2026-02-04,333.95,USD,eBay,BIN,FALSE,,67307089,,https://www.ebay.com/itm/125618094358,PSA APR
Neo Destiny,Miracle Energy,16/105,Unlimited,PSA 10,2025-12-18,300.00,USD,eBay,best offer,TRUE,300.00,,2002 Pokemon Neo Destiny Miracle Energy #16 Holo Rare PSA 10 GEM MINT LOW POP #16,https://www.ebay.es/itm/116739853341,PriceCharting
Neo Destiny,Miracle Energy,16/105,Unlimited,PSA 10,2025-11-25,375,USD,eBay,BIN,FALSE,,52427079,,https://www.ebay.com/itm/157367038391,PSA APR
Neo Destiny,Miracle Energy,16/105,Unlimited,PSA 10,2025-07-28,108,USD,Fanatics Collect,auction,FALSE,,26596633,,https://www.fanaticscollect.com/weekly/9320a980-60f2-11f0-bdc9-0aa5e1454991,PSA APR
Neo Destiny,Miracle Energy,16/105,Unlimited,PSA 10,2025-05-31,141.32,USD,eBay,unknown,FALSE,,,2002 POKEMON NEO DESTINY #16 MIRACLE ENERGY-HOLO PSA 10 #16,https://www.ebay.es/itm/396649086424,PriceCharting
Neo Destiny,Miracle Energy,16/105,Unlimited,PSA 10,2024-09-29,167.69,USD,eBay,unknown,FALSE,,,Pokemon Miracle Energy Neo Destiny Unlimited PSA 10 2002,https://www.ebay.es/itm/256650634889,PriceCharting
Neo Destiny,Miracle Energy,16/105,Unlimited,PSA 9,2026-07-18,56.00,USD,eBay,unknown,FALSE,,,Pokemon 2002 Miracle Energy 16/105 Holo Neo Destiny PSA 9 16/105,https://www.ebay.es/itm/407064516039,PriceCharting
Neo Destiny,Miracle Energy,16/105,Unlimited,PSA 9,2026-04-26,46.00,USD,eBay,unknown,FALSE,,,Pokemon Miracle Energy Neo Destiny Unlimited Holo Rare #16 PSA 9 Mint,https://www.ebay.es/itm/287278112639,PriceCharting
Neo Destiny,Miracle Energy,16/105,Unlimited,PSA 9,2026-04-13,80.00,USD,eBay,best offer,TRUE,80.00,,2002 Miracle Energy 16/105 Pokemon Neo Destiny Holo foil unlimited rare PSA 9 16/105,https://www.ebay.es/itm/146864902019,PriceCharting
Neo Destiny,Miracle Energy,16/105,Unlimited,PSA 9,2026-01-12,65.00,USD,eBay,best offer,TRUE,65.00,,2002 Pokémon Neo Destiny Miracle Energy Holo PSA 9,https://www.ebay.es/itm/157505434428,PriceCharting
Neo Destiny,Miracle Energy,16/105,Unlimited,PSA 9,2026-01-12,40.00,USD,eBay,best offer,TRUE,40.00,,2002 POKEMON NEO DESTINY #16 MIRACLE ENERGY-HOLO PSA 9 #16,https://www.ebay.es/itm/376852855588,PriceCharting
Neo Destiny,Miracle Energy,16/105,Unlimited,PSA 9,2025-12-15,40.00,USD,eBay,unknown,FALSE,,,2002 POKEMON NEO DESTINY #16 MIRACLE ENERGY-HOLO PSA 9 #16,https://www.ebay.es/itm/116929242040,PriceCharting
Neo Destiny,Miracle Energy,16/105,Unlimited,PSA 9,2025-11-28,75.00,USD,eBay,best offer,TRUE,75.00,,2002 Pokémon Neo Destiny Miracle Energy Holo PSA 9,https://www.ebay.es/itm/157396148830,PriceCharting
Neo Destiny,Miracle Energy,16/105,Unlimited,PSA 9,2025-11-17,19.50,USD,eBay,unknown,FALSE,,,Pokemon Miracle Energy Neo Destiny Unlimited Holo Rare #16 PSA 9 Mint,https://www.ebay.es/itm/286922256521,PriceCharting
Neo Destiny,Miracle Energy,16/105,Unlimited,PSA 9,2025-08-28,101.45,USD,eBay,unknown,FALSE,,,Pokemon Card Miracle Energy 16/105 Neo Destiny Holo Graded PSA 9 Mint,https://www.ebay.es/itm/267381013920,PriceCharting
Neo Destiny,Miracle Energy,16/105,Unlimited,PSA 9,2025-08-26,94.68,USD,eBay,unknown,FALSE,,,Pokemon Card Miracle Energy 16/105 Neo Destiny Holo Graded PSA 9 Mint,https://www.ebay.es/itm/267196060302,PriceCharting
Neo Destiny,Miracle Energy,16/105,Unlimited,PSA 9,2025-07-28,30.00,USD,eBay,unknown,FALSE,,,Pokemon TCG Miracle Energy #16/105 Neo Destiny Holo Rare PSA 9 16/105,https://www.ebay.es/itm/396849790262,PriceCharting
Neo Destiny,Miracle Energy,16/105,Unlimited,PSA 9,2025-04-26,50.00,USD,eBay,unknown,FALSE,,,2002 POKEMON NEO DESTINY #16 MIRACLE ENERGY-HOLO PSA 9 #16,https://www.ebay.es/itm/306266228708,PriceCharting
Neo Destiny,Miracle Energy,16/105,Unlimited,PSA 9,2024-12-02,29.99,USD,eBay,unknown,FALSE,,,PSA 9 Miracle Energy HOLO Unlimited Neo Destiny #16 Rare Pokemon Mint 2002 #16,https://www.ebay.es/itm/395962053533,PriceCharting
Neo Destiny,Miracle Energy,16/105,Unlimited,PSA 9,2024-09-26,25.00,USD,eBay,unknown,FALSE,,,PSA 9 Miracle Energy HOLO Unlimited Neo Destiny #16 Rare Pokemon Mint 2002 #16,https://www.ebay.es/itm/395641452212,PriceCharting
Neo Destiny,Miracle Energy,16/105,Unlimited,PSA 9,2024-09-16,40.00,USD,eBay,unknown,FALSE,,,PSA 9 2002 Neo Destiny Miracle Energy 16/105 HOLO Pokemon Card 16/105,https://www.ebay.es/itm/176507590730,PriceCharting
Neo Destiny,Miracle Energy,16/105,Unlimited,PSA 9,2024-07-07,49.91,USD,eBay,unknown,FALSE,,,PSA 9 Miracle Energy 16/105 Neo Destiny Rare Holo Pokemon Card WotC,https://www.ebay.es/itm/116234267792,PriceCharting
Neo Destiny,Miracle Energy,16/105,Unlimited,PSA 9,2024-04-18,60.00,USD,eBay,unknown,FALSE,,,Pokemon Neo Destiny Miracle Energy 16/105 PSA 9,https://www.ebay.es/itm/375285901884,PriceCharting
Neo Destiny,Miracle Energy,16/105,Unlimited,PSA 9,2024-01-04,32.00,USD,eBay,unknown,FALSE,,,PSA 9 - 2002 Pokemon Neo Destiny MIRACLE ENERGY Holofoil Rare #16,https://www.ebay.es/itm/186227823739,PriceCharting
Neo Destiny,Miracle Energy,16/105,Unlimited,PSA 9,2024-01-04,50.00,USD,eBay,unknown,FALSE,,,PSA 9 MINT Miracle Energy 2002 Neo Destiny #16/105 HOLO SWIRL Pokemon Card,https://www.ebay.es/itm/325800256158,PriceCharting
Neo Destiny,Miracle Energy,16/105,Unlimited,PSA 9,2023-11-11,52.32,USD,eBay,unknown,FALSE,,,Miracle Energy 16/105 PSA 9 Neo Destiny Pokemon Holo,https://www.ebay.es/itm/235283395885,PriceCharting
Neo Destiny,Miracle Energy,16/105,Unlimited,PSA 8,2026-07-04,58.00,USD,eBay,unknown,FALSE,,,2002 Pokemon Neo Destiny Miracle Energy Holo Rare PSA 8 NM/MINT SWIRL #16,https://www.ebay.es/itm/267689091970,PriceCharting
Neo Destiny,Miracle Energy,16/105,Unlimited,PSA 8,2026-06-16,75.00,USD,eBay,best offer,TRUE,75.00,,2002 POKEMON NEO DESTINY #16 MIRACLE ENERGY-HOLO PSA 8 #16,https://www.ebay.es/itm/306714790510,PriceCharting
Neo Destiny,Miracle Energy,16/105,Unlimited,PSA 8,2026-05-19,49.99,USD,eBay,unknown,FALSE,,,2002 Pokemon Neo Destiny Miracle Energy Holo #16 PSA 8 #16,https://www.ebay.es/itm/336591244714,PriceCharting
Neo Destiny,Miracle Energy,16/105,Unlimited,PSA 8,2026-04-24,45.00,USD,eBay,unknown,FALSE,,,2002 POKEMON NEO DESTINY #16 MIRACLE ENERGY-HOLO PSA 8 #16,https://www.ebay.es/itm/117149804585,PriceCharting
Neo Destiny,Miracle Energy,16/105,Unlimited,PSA 8,2026-03-19,45.00,USD,eBay,best offer,TRUE,45.00,,2002 Pokemon Neo Destiny #16 Miracle Energy Holo PSA 8 NM-MT #16,https://www.ebay.es/itm/177777461874,PriceCharting
Neo Destiny,Miracle Energy,16/105,Unlimited,PSA 8,2026-01-22,40.00,USD,eBay,best offer,TRUE,40.00,,2002 Pokemon Neo Destiny Miracle Energy Holo 16/105 - PSA 8 16/105,https://www.ebay.es/itm/286668081299,PriceCharting
Neo Destiny,Miracle Energy,16/105,Unlimited,PSA 8,2025-11-24,30.00,USD,eBay,best offer,TRUE,,,2002 POKEMON NEO DESTINY #16 MIRACLE ENERGY-HOLO PSA 8 #16,https://www.ebay.es/itm/116863788414,PriceCharting
Neo Destiny,Miracle Energy,16/105,Unlimited,PSA 8,2025-11-10,26.90,USD,eBay,unknown,FALSE,,,Pokemon Miracle Energy Neo Destiny Unlimited Holo Rare #16 PSA 8,https://www.ebay.es/itm/286909565234,PriceCharting
Neo Destiny,Miracle Energy,16/105,Unlimited,PSA 8,2025-11-05,27.90,USD,eBay,unknown,FALSE,,,2002 POKEMON NEO DESTINY #16 MIRACLE ENERGY-HOLO PSA 8 #16,https://www.ebay.es/itm/306570313476,PriceCharting
Neo Destiny,Miracle Energy,16/105,Unlimited,PSA 8,2025-10-10,20.00,USD,eBay,best offer,TRUE,,,2002 Pokemon Neo Destiny 16 Miracle Energy Holo PSA 8 NM-MT 16/105,https://www.ebay.es/itm/397123503258,PriceCharting
Neo Destiny,Miracle Energy,16/105,Unlimited,PSA 8,2025-08-19,26.00,USD,eBay,unknown,FALSE,,,2002 Pokemon Neo Destiny 16 Miracle Energy Holo PSA 8 NM-MT 16/105,https://www.ebay.es/itm/116730531706,PriceCharting
Neo Destiny,Miracle Energy,16/105,Unlimited,PSA 8,2025-05-30,50.00,USD,eBay,unknown,FALSE,,,2002 POKEMON NEO DESTINY #16 MIRACLE ENERGY-HOLO PSA 8 #16,https://www.ebay.es/itm/306195461059,PriceCharting
Neo Destiny,Miracle Energy,16/105,Unlimited,PSA 8,2025-05-29,49.00,USD,eBay,unknown,FALSE,,,2002 POKEMON NEO DESTINY #16 MIRACLE ENERGY-HOLO PSA 8 #16,https://www.ebay.es/itm/306312470504,PriceCharting
Neo Destiny,Miracle Energy,16/105,Unlimited,PSA 8,2025-03-30,40.00,USD,eBay,unknown,FALSE,,,🔥2002 Pokemon Neo Destiny Miracle Energy HOLO #16 PSA 8 NM-MT🔥 #16,https://www.ebay.es/itm/396345256758,PriceCharting
Neo Destiny,Miracle Energy,16/105,Unlimited,PSA 8,2025-02-21,39.99,USD,eBay,unknown,FALSE,,,2002 Pokemon Neo Destiny Unlimited Miracle Energy Holo #16 PSA 8 y1y #16,https://www.ebay.es/itm/205115804833,PriceCharting
Neo Destiny,Miracle Energy,16/105,Unlimited,PSA 8,2024-12-02,23.50,USD,eBay,unknown,FALSE,,,Pokémon Neo Destiny MIRACLE ENERGY Holo PSA 8 (0707),https://www.ebay.es/itm/226460556011,PriceCharting
Neo Destiny,Miracle Energy,16/105,Unlimited,PSA 8,2024-10-09,35.90,USD,eBay,unknown,FALSE,,,2002 Pokemon Neo Destiny Unlimited Miracle Energy Holo #16 PSA 8 y1y,https://www.ebay.es/itm/335605482569,PriceCharting
Neo Destiny,Miracle Energy,16/105,Unlimited,PSA 8,2024-09-05,9.51,USD,eBay,unknown,FALSE,,,2002 Pokemon Neo Destiny Miracle Energy Holo Rare #16 PSA 8,https://www.ebay.es/itm/126651169031,PriceCharting
Neo Destiny,Miracle Energy,16/105,Unlimited,PSA 8,2024-02-14,44.99,USD,eBay,unknown,FALSE,,,2002 POKEMON NEO DESTINY MIRACLE ENERGY HOLO #16 PSA 8,https://www.ebay.es/itm/116055588729,PriceCharting
Neo Destiny,Miracle Energy,16/105,Unlimited,PSA 8,2024-01-15,25.00,USD,eBay,unknown,FALSE,,,2002 Pokémon Neo Destiny Miracle Energy-Holo #16 PSA 8 NM-MT,https://www.ebay.es/itm/315015331852,PriceCharting
Neo Destiny,Shining Celebi,106/105,1st Edition,PSA 10,2026-09-23,22420,USD,eBay,best offer,TRUE,,63928940,,https://www.ebay.com/itm/298698787638,PSA APR
Neo Destiny,Shining Celebi,106/105,1st Edition,PSA 10,2026-09-17,12900,USD,Fanatics Collect,best offer,TRUE,,24669355,,https://www.fanaticscollect.com/buy-now/cfa8504f-a0fb-4c46-9956-ae16db383676,PSA APR
Neo Destiny,Shining Celebi,106/105,1st Edition,PSA 10,2026-09-14,13400.00,USD,eBay,unknown,FALSE,,,Pokemon Shining Celebi Neo Destiny 106/105 1st Edition PSA 10 Gem Mint 106/105,https://www.ebay.es/itm/287508195985,PriceCharting
Neo Destiny,Shining Celebi,106/105,1st Edition,PSA 10,2026-08-10,10500.00,USD,eBay,best offer,TRUE,10500.00,,2002 POKEMON NEO DESTINY 1ST EDITION #106 SHINING CELEBI PSA 10 #106,https://www.ebay.es/itm/117349716730,PriceCharting
Neo Destiny,Shining Celebi,106/105,1st Edition,PSA 10,2026-08-03,9900,USD,Fanatics Collect,auction,FALSE,,47734998,,https://www.fanaticscollect.com/weekly/f4eaf320-859d-11f1-8e02-0a0f8b986c27,PSA APR
Neo Destiny,Shining Celebi,106/105,1st Edition,PSA 10,2026-07-27,10200,USD,Fanatics Collect,auction,FALSE,,63087656,,https://www.fanaticscollect.com/weekly/e5688d96-8213-11f1-9802-02ba9858bad3,PSA APR
Neo Destiny,Shining Celebi,106/105,1st Edition,PSA 10,2026-05-28,10600.00,USD,eBay,unknown,FALSE,,,POKEMON SHINING CELEBI 2002 NEO DESTINY 1ST EDITION #106 PSA 10 #106,https://www.ebay.es/itm/800045904801,PriceCharting
Neo Destiny,Shining Celebi,106/105,1st Edition,PSA 10,2026-05-04,9900,USD,Fanatics Collect,auction,FALSE,,26261115,,https://www.fanaticscollect.com/weekly/48d5364c-3f23-11f1-b983-027aafb6d205,PSA APR
Neo Destiny,Shining Celebi,106/105,1st Edition,PSA 10,2026-04-20,9300,USD,Fanatics Collect,auction,FALSE,,27210525,,https://www.fanaticscollect.com/weekly/bfa54962-3837-11f1-8352-06b9999a61d5,PSA APR
Neo Destiny,Shining Celebi,106/105,1st Edition,PSA 10,2026-04-20,9900,USD,Fanatics Collect,auction,FALSE,,47734998,,https://www.fanaticscollect.com/weekly/79928d50-31bf-11f1-bbba-0a58a9feac02,PSA APR
Neo Destiny,Shining Celebi,106/105,1st Edition,PSA 10,2026-04-13,9000,USD,Fanatics Collect,auction,FALSE,,85113256,,https://www.fanaticscollect.com/weekly/d04eed3c-2477-11f1-9126-0a58a9feac02,PSA APR
Neo Destiny,Shining Celebi,106/105,1st Edition,PSA 10,2026-04-13,11621,USD,Goldin Auctions,auction,FALSE,,55919099,,https://goldin.co/item/2002-pokemon-neo-destiny-1st-edition-holo-106-shining-celebi-psa-gem-mc1xng,PSA APR
Neo Destiny,Shining Celebi,106/105,1st Edition,PSA 10,2026-04-07,9155.00,USD,eBay,unknown,FALSE,,,2002 Pokemon Neo Destiny 1st Edition Shining Celebi Holo #106/105 PSA 10,https://www.ebay.es/itm/377079579811,PriceCharting
Neo Destiny,Shining Celebi,106/105,1st Edition,PSA 10,2026-03-30,9600.00,USD,eBay,unknown,FALSE,,,Pokemon Shining Celebi Neo Destiny 1st Edition Holo Secret Rare #106 PSA 10,https://www.ebay.es/itm/287220077815,PriceCharting
Neo Destiny,Shining Celebi,106/105,1st Edition,PSA 10,2026-03-30,10500,USD,Fanatics Collect,auction,FALSE,,27871811,,https://www.fanaticscollect.com/weekly/97252ea4-1ef0-11f1-bc2e-0a58a9feac02,PSA APR
Neo Destiny,Shining Celebi,106/105,1st Edition,PSA 10,2026-03-19,12499.99,USD,eBay,unknown,FALSE,,,2002 Pokemon Neo Destiny Shining Celebi 1st Edition #106 PSA 10 - New Cert!,https://www.ebay.es/itm/227243887153,PriceCharting
Neo Destiny,Shining Celebi,106/105,1st Edition,PSA 10,2026-03-09,8100,USD,Fanatics Collect,auction,FALSE,,42870132,,https://www.fanaticscollect.com/weekly/ce2f32fa-11c6-11f1-a95c-0a58a9feac02,PSA APR
Neo Destiny,Shining Celebi,106/105,1st Edition,PSA 10,2026-03-02,10625,USD,eBay,best offer,TRUE,,24669355,,https://www.ebay.com/itm/317928955942,PSA APR
Neo Destiny,Shining Celebi,106/105,1st Edition,PSA 10,2026-02-24,6200.00,USD,eBay,best offer,TRUE,,,2002 POKEMON NEO DESTINY 1ST ED #106 SHINING CELEBI PSA 10 #106,https://www.ebay.es/itm/306774954502,PriceCharting
Neo Destiny,Shining Celebi,106/105,1st Edition,PSA 10,2026-02-09,5311.00,USD,eBay,unknown,FALSE,,,Pokemon Shining Celebi Neo Destiny 1st Edition Holo Secret Rare #106 PSA 10,https://www.ebay.es/itm/287111408984,PriceCharting
Neo Destiny,Shining Celebi,106/105,1st Edition,PSA 10,2026-02-09,4920,USD,Fanatics Collect,auction,FALSE,,24916672,,https://www.fanaticscollect.com/weekly/bae380aa-f02b-11f0-81e8-0a58a9feac02,PSA APR
Neo Destiny,Shining Celebi,106/105,1st Edition,PSA 10,2026-01-28,6000.00,USD,eBay,best offer,TRUE,6000.00,,2002 Pokemon Neo Destiny 1st Edition Shining Celebi #106 PSA 10 GEM MINT #106,https://www.ebay.es/itm/317779738730,PriceCharting
Neo Destiny,Shining Celebi,106/105,1st Edition,PSA 10,2026-01-14,5200,USD,Fanatics Collect,best offer,TRUE,,121644135,,https://www.fanaticscollect.com/buy-now/5ccffcaa-ea43-4e91-99ec-b9b6493fb6c3,PSA APR
Neo Destiny,Shining Celebi,106/105,1st Edition,PSA 10,2026-01-12,5000.00,USD,eBay,unknown,FALSE,,,2002 POKEMON NEO DESTINY 1ST ED #106 SHINING CELEBI PSA 10 #106,https://www.ebay.es/itm/306706451243,PriceCharting
Neo Destiny,Shining Celebi,106/105,1st Edition,PSA 10,2026-01-12,5400,USD,Fanatics Collect,auction,FALSE,,27285230,,https://www.fanaticscollect.com/weekly/17e85e82-d246-11f0-82af-0a58a9feac02,PSA APR
Neo Destiny,Shining Celebi,106/105,1st Edition,PSA 10,2026-01-07,4012.20,USD,eBay,unknown,FALSE,,,PSA 10 1st Edition Shining Celebi 106/105 - 2002 Neo Destiny Secret Rare Pokemon,https://www.ebay.es/itm/336053463805,PriceCharting
Neo Destiny,Shining Celebi,106/105,1st Edition,PSA 10,2025-11-22,5000.00,USD,eBay,best offer,TRUE,5000.00,,2002 PSA 10 Shining Celebi 1st Edition ~ Neo Destiny Holo #106 English Pokémon #106,https://www.ebay.es/itm/336129335726,PriceCharting
Neo Destiny,Shining Celebi,106/105,1st Edition,PSA 10,2025-11-17,4200,USD,Fanatics Collect,auction,FALSE,,63400094,,https://www.fanaticscollect.com/weekly/d822a06e-b8e1-11f0-be8e-0a58a9feac02,PSA APR
Neo Destiny,Shining Celebi,106/105,1st Edition,PSA 10,2025-10-06,5760,USD,Fanatics Collect,auction,FALSE,,27871811,,https://www.fanaticscollect.com/weekly/81c7f12a-9801-11f0-9b8c-02d93b7d50ab,PSA APR
Neo Destiny,Shining Celebi,106/105,1st Edition,PSA 10,2025-10-05,5699.99,USD,eBay,unknown,FALSE,,,2002 Shining Celebi 1st Edition Neo Destiny - PSA 10 - Pokemon - Graded,https://www.ebay.es/itm/406028518557,PriceCharting
Neo Destiny,Shining Celebi,106/105,1st Edition,PSA 10,2025-09-22,5160,USD,Fanatics Collect,auction,FALSE,,47734998,,https://www.fanaticscollect.com/weekly/72537252-8d96-11f0-9ceb-0a26ad63ce85,PSA APR
Neo Destiny,Shining Celebi,106/105,1st Edition,PSA 10,2025-09-09,4000.00,USD,eBay,unknown,FALSE,,,2002 PSA 10 Shining Celebi 1st Edition Neo Destiny Holo #106/105 English Pokémon #106,https://www.ebay.es/itm/336168260117,PriceCharting
Neo Destiny,Shining Celebi,106/105,1st Edition,PSA 10,2025-09-08,4680,USD,Fanatics Collect,auction,FALSE,,41860194,,https://www.fanaticscollect.com/weekly/75d2e33c-8255-11f0-9599-02c6bcfbd167,PSA APR
Neo Destiny,Shining Celebi,106/105,1st Edition,PSA 10,2025-07-26,3797.87,USD,eBay,unknown,FALSE,,,2002 PSA 10 Shining Celebi 1st Edition ~ Neo Destiny Holo #106 English Pokemon,https://www.ebay.es/itm/286707982500,PriceCharting
Neo Destiny,Shining Celebi,106/105,1st Edition,PSA 10,2025-07-14,3960,USD,Fanatics Collect,auction,FALSE,,23213317,,https://www.fanaticscollect.com/weekly/3d5e96f0-55ae-11f0-8d81-0a58a9feac02,PSA APR
Neo Destiny,Shining Celebi,106/105,1st Edition,PSA 10,2025-07-07,3840,USD,Fanatics Collect,auction,FALSE,,27593661,,https://www.fanaticscollect.com/weekly/514a0c8e-560e-11f0-8a68-0a58a9feac02,PSA APR
Neo Destiny,Shining Celebi,106/105,1st Edition,PSA 10,2025-07-02,4050.00,USD,eBay,unknown,FALSE,,,2002 POKEMON NEO DESTINY 1ST ED #106 SHINING CELEBI PSA 10 #106,https://www.ebay.es/itm/116665600292,PriceCharting
Neo Destiny,Shining Celebi,106/105,1st Edition,PSA 10,2025-06-16,3600,USD,Fanatics Collect,best offer,TRUE,,21429110,,https://www.fanaticscollect.com/fixed/955d209e-a6ac-11ef-ae4d-0ad9530d7061,PSA APR
Neo Destiny,Shining Celebi,106/105,1st Edition,PSA 10,2025-06-08,3650.69,USD,eBay,unknown,FALSE,,,Shining Celebi 106/105 Neo Destiny 1st Edition Pokemon PSA 10 GEM MINT,https://www.ebay.es/itm/225503924100,PriceCharting
Neo Destiny,Shining Celebi,106/105,1st Edition,PSA 10,2025-06-02,3500.00,USD,eBay,unknown,FALSE,,,2002 Pokemon Neo Destiny Shining Celebi 1st Edition PSA 10,https://www.ebay.es/itm/376261623112,PriceCharting
Neo Destiny,Shining Celebi,106/105,1st Edition,PSA 10,2025-06-02,3025.00,USD,eBay,unknown,FALSE,,,Pokemon Shining Celebi Neo Destiny 1st Edition Secret Rare Holo #106 PSA 10,https://www.ebay.es/itm/286590233148,PriceCharting
Neo Destiny,Shining Celebi,106/105,1st Edition,PSA 10,2025-05-24,2500,USD,Fanatics Collect,best offer,TRUE,,23213317,,https://www.fanaticscollect.com/fixed/71db46d4-a119-11ef-96db-0a58a9feac02,PSA APR
Neo Destiny,Shining Celebi,106/105,1st Edition,PSA 10,2025-04-10,2099.00,USD,eBay,unknown,FALSE,,,Shining Celebi 106/105 Neo Destiny Holo 1st Edition PSA 10 Gem Mint Pokemon TCG 106/105,https://www.ebay.es/itm/236013496974,PriceCharting
Neo Destiny,Shining Celebi,106/105,1st Edition,PSA 10,2025-03-20,2250.00,USD,eBay,unknown,FALSE,,,2002 Pokemon Neo Destiny Shining Celebi 1st Edition PSA 10,https://www.ebay.es/itm/396218507018,PriceCharting
Neo Destiny,Shining Celebi,106/105,1st Edition,PSA 10,2025-03-16,2055.30,USD,eBay,unknown,FALSE,,,Pokemon Neo Destiny 1st Edition Shining Celebi PSA 10 Gem Mint #106,https://www.ebay.es/itm/176771440435,PriceCharting
Neo Destiny,Shining Celebi,106/105,1st Edition,PSA 10,2025-03-08,1750.00,USD,eBay,unknown,FALSE,,,Shining Celebi 106/105 Neo Destiny Holo 1st Edition PSA 10 Gem Mint Pokemon TCG 106/105,https://www.ebay.es/itm/176900526284,PriceCharting
Neo Destiny,Shining Celebi,106/105,1st Edition,PSA 10,2025-02-23,1725.00,USD,eBay,unknown,FALSE,,,Pokemon Shining Celebi Neo Destiny 1st Edition Secret Rare Holo #106 PSA 10,https://www.ebay.es/itm/286330316044,PriceCharting
Neo Destiny,Shining Celebi,106/105,1st Edition,PSA 10,2025-01-27,1470,USD,Fanatics Collect,auction,FALSE,,43154912,,https://www.fanaticscollect.com/weekly/256ea816-d532-11ef-bbb3-02e551cee58b,PSA APR
Neo Destiny,Shining Celebi,106/105,1st Edition,PSA 10,2025-01-03,1709.40,USD,eBay,unknown,FALSE,,,Pokemon Neo Destiny 1st Edition Shining Celebi PSA 10 Gem Mint #106,https://www.ebay.es/itm/175895006065,PriceCharting
Neo Destiny,Shining Celebi,106/105,1st Edition,PSA 10,2024-09-27,1649.95,USD,eBay,unknown,FALSE,,,Pokemon 2002 Neo Destiny #106 SHINING CELEBI 1st Edition Holo PSA 10 Gem Mint #106,https://www.ebay.es/itm/275750160751,PriceCharting
Neo Destiny,Shining Celebi,106/105,1st Edition,PSA 10,2024-05-27,1525,USD,eBay,auction,FALSE,,63928940,,https://www.ebay.com/itm/204790158751,PSA APR
Neo Destiny,Shining Celebi,106/105,1st Edition,PSA 10,2024-05-17,1625,USD,eBay,auction,FALSE,,70336146,,https://www.ebay.com/itm/375420503626,PSA APR
Neo Destiny,Shining Celebi,106/105,1st Edition,PSA 9,2026-09-29,3711.40,USD,eBay,unknown,FALSE,,,Shining Celebi Pokemon 1st Edition Neo Destiny 106 PSA 9 #106,https://www.ebay.es/itm/206500818875,PriceCharting
Neo Destiny,Shining Celebi,106/105,1st Edition,PSA 9,2026-09-26,3350.00,USD,eBay,unknown,FALSE,,,Pokemon Shining Celebi Neo Destiny 106/105 1st Edition PSA 9 Mint 106/105,https://www.ebay.es/itm/168669427767,PriceCharting
Neo Destiny,Shining Celebi,106/105,1st Edition,PSA 9,2026-09-26,3850.00,USD,eBay,unknown,FALSE,,,2002 POKEMON NEO DESTINY 1ST EDITION #106 SHINING CELEBI PSA 9 #106,https://www.ebay.es/itm/307196421645,PriceCharting
Neo Destiny,Shining Celebi,106/105,1st Edition,PSA 9,2026-09-24,3400.00,USD,eBay,unknown,FALSE,,,Pokemon Shining Celebi Neo Destiny 106/105 1st Edition PSA 9 Mint 106/105,https://www.ebay.es/itm/287504893917,PriceCharting
Neo Destiny,Shining Celebi,106/105,1st Edition,PSA 9,2026-09-16,3000.00,USD,eBay,best offer,TRUE,,,Pokemon TCG 2002 Neo Destiny Shining Celebi Holo 1st Ed PSA 9 106/105 NEW CERT 106/105,https://www.ebay.es/itm/820120364390,PriceCharting
Neo Destiny,Shining Celebi,106/105,1st Edition,PSA 9,2026-09-10,2444.00,USD,eBay,unknown,FALSE,,,POKEMON SHINING CELEBI 2002 NEO DESTINY #106 1ST ED PSA 9 #106,https://www.ebay.es/itm/800603646672,PriceCharting
Neo Destiny,Shining Celebi,106/105,1st Edition,PSA 9,2026-07-26,3499.00,USD,eBay,unknown,FALSE,,,2002 POKEMON NEO DESTINY 1ST EDITION #106 SHINING CELEBI PSA 9 #106,https://www.ebay.es/itm/306974996862,PriceCharting
Neo Destiny,Shining Celebi,106/105,1st Edition,PSA 9,2026-07-19,2250.00,USD,eBay,unknown,FALSE,,,Pokemon Shining Celebi Neo Destiny 106/105 1st Edition PSA 9 Mint 106/105,https://www.ebay.es/itm/287456192380,PriceCharting
Neo Destiny,Shining Celebi,106/105,1st Edition,PSA 9,2026-07-15,2601.00,USD,eBay,unknown,FALSE,,,2002 Pokemon Neo Destiny 1st Edition Shining Celebi Holo #106/105 PSA 9,https://www.ebay.es/itm/127957584897,PriceCharting
Neo Destiny,Shining Celebi,106/105,1st Edition,PSA 9,2026-07-12,2950.00,USD,eBay,unknown,FALSE,,,2002 Pokemon Neo Destiny 1st Edition Shining Celebi Holo #106/105 PSA 9,https://www.ebay.es/itm/198485428361,PriceCharting
Neo Destiny,Shining Celebi,106/105,1st Edition,PSA 9,2026-07-05,2850.00,USD,eBay,unknown,FALSE,,,Pokemon Shining Celebi Neo Destiny 106/105 1st Edition PSA 9 Mint 106/105,https://www.ebay.es/itm/287424705430,PriceCharting
Neo Destiny,Shining Celebi,106/105,1st Edition,PSA 9,2026-06-25,2999.99,USD,eBay,unknown,FALSE,,,2002 POKEMON NEO DESTINY 1ST EDITION #106 SHINING CELEBI PSA 9 #106,https://www.ebay.es/itm/298450821242,PriceCharting
Neo Destiny,Shining Celebi,106/105,1st Edition,PSA 9,2026-06-22,2800.00,USD,eBay,unknown,FALSE,,,Pokemon 2002 Shining Celebi 106/105 Holo SR Neo Destiny 1st Edition PSA 9 106/105,https://www.ebay.es/itm/406994359580,PriceCharting
Neo Destiny,Shining Celebi,106/105,1st Edition,PSA 9,2026-06-22,3040.00,USD,eBay,unknown,FALSE,,,2002 Pokemon Neo Destiny 1st Edition Shining Celebi Holo #106/105 PSA 9,https://www.ebay.es/itm/377253753411,PriceCharting
Neo Destiny,Shining Celebi,106/105,1st Edition,PSA 9,2026-06-04,3300.00,USD,eBay,best offer,TRUE,3300.00,,2002 Pokémon NEO DESTINY 1ST EDITION SHINING CELEBI #106 -NEW CERT- PSA 9 #106,https://www.ebay.es/itm/298382188562,PriceCharting
Neo Destiny,Shining Celebi,106/105,1st Edition,PSA 9,2026-06-03,3250.00,USD,eBay,unknown,FALSE,,,Pokemon Shining Celebi Neo Destiny 1st Edition Holo Secret Rare #106 PSA 9 Mint,https://www.ebay.es/itm/287359598756,PriceCharting
Neo Destiny,Shining Celebi,106/105,1st Edition,PSA 9,2026-05-31,2809.82,USD,eBay,unknown,FALSE,,,SHINING CELEBI 1ST EDITION POKEMON NEO DESTINY 2002 106 PSA 9,https://www.ebay.es/itm/137330990879,PriceCharting
Neo Destiny,Shining Celebi,106/105,1st Edition,PSA 9,2026-05-26,2250.00,USD,eBay,best offer,TRUE,2250.00,,PSA 9 MINT Shining Celebi 106/105 1st Edition Neo Destiny Holo Rare Pokemon Card 106/105,https://www.ebay.es/itm/397962294185,PriceCharting
Neo Destiny,Shining Celebi,106/105,1st Edition,PSA 9,2026-05-02,1925.00,USD,eBay,best offer,TRUE,1925.00,,Shining Celebi 1st Edition 2002 Neo Destiny #106 English Pokemon Card PSA 9 #106,https://www.ebay.es/itm/257485840048,PriceCharting
Neo Destiny,Shining Celebi,106/105,1st Edition,PSA 9,2026-04-11,1750.00,USD,eBay,unknown,FALSE,,,2002 POKEMON NEO DESTINY 1ST EDITION #106 SHINING CELEBI PSA 9 #106,https://www.ebay.es/itm/358434233099,PriceCharting
Neo Destiny,Shining Celebi,106/105,1st Edition,PSA 9,2026-03-29,2056.00,USD,eBay,unknown,FALSE,,,Pokemon Shining Celebi Neo Destiny 1st Edition Holo Secret Rare #106 PSA 9 Mint,https://www.ebay.es/itm/287214952273,PriceCharting
Neo Destiny,Shining Celebi,106/105,1st Edition,PSA 9,2026-03-20,1725.01,USD,eBay,unknown,FALSE,,,2002 Pokemon Neo Destiny 1st Edition #106 Shining Celebi PSA 9 MINT,https://www.ebay.es/itm/377029275254,PriceCharting
Neo Destiny,Shining Celebi,106/105,1st Edition,PSA 9,2026-03-04,2000.00,USD,eBay,best offer,TRUE,,,Pokemon Neo Destiny 1ST Ed. #106 Shining Celebi - CLEAN PSA 9 - NEW CERT! #106,https://www.ebay.es/itm/267591491123,PriceCharting
Neo Destiny,Shining Celebi,106/105,1st Edition,PSA 9,2026-02-26,2200.00,USD,eBay,unknown,FALSE,,,2002 Pokemon Neo Destiny Shining Celebi 106/105 1st Edition PSA 9 Mint,https://www.ebay.es/itm/374371979921,PriceCharting
Neo Destiny,Shining Celebi,106/105,1st Edition,PSA 9,2026-02-20,1824.00,USD,eBay,unknown,FALSE,,,2002 Pokemon Neo Destiny Shining Celebi 106/105 1st Edition PSA 9 Mint 106/105,https://www.ebay.es/itm/147150295098,PriceCharting
Neo Destiny,Shining Celebi,106/105,1st Edition,PSA 8,2026-09-27,1850.01,USD,eBay,unknown,FALSE,,,2002 POKEMON NEO DESTINY 1ST EDITION #106 SHINING CELEBI PSA 8 #106,https://www.ebay.es/itm/298686375067,PriceCharting
Neo Destiny,Shining Celebi,106/105,1st Edition,PSA 8,2026-09-10,1575.00,USD,eBay,unknown,FALSE,,,2002 POKEMON NEO DESTINY 1ST EDITION #106 SHINING CELEBI PSA 8 #106,https://www.ebay.es/itm/117380943987,PriceCharting
Neo Destiny,Shining Celebi,106/105,1st Edition,PSA 8,2026-08-12,1900.00,USD,eBay,unknown,FALSE,,,Pokemon Shining Celebi Neo Destiny 1st Edition Holo Secret Rare #106 PSA 8,https://www.ebay.es/itm/287386777206,PriceCharting
Neo Destiny,Shining Celebi,106/105,1st Edition,PSA 8,2026-07-20,1925.00,USD,eBay,unknown,FALSE,,,Shining Celebi 2002 Pokemon Neo Destiny 1st Edition #106 Holo PSA 8 106/105,https://www.ebay.es/itm/158071337502,PriceCharting
Neo Destiny,Shining Celebi,106/105,1st Edition,PSA 8,2026-07-11,1874.95,USD,eBay,unknown,FALSE,,,2002 POKEMON NEO DESTINY 1ST EDITION #106 SHINING CELEBI PSA 8 #106,https://www.ebay.es/itm/307036879029,PriceCharting
Neo Destiny,Shining Celebi,106/105,1st Edition,PSA 8,2026-06-20,1530.00,USD,eBay,unknown,FALSE,,,2002 POKEMON NEO DESTINY 1ST EDITION #106 SHINING CELEBI PSA 8 #106,https://www.ebay.es/itm/306995304476,PriceCharting
Neo Destiny,Shining Celebi,106/105,1st Edition,PSA 8,2026-06-15,1409.40,USD,eBay,unknown,FALSE,,,2002 POKEMON NEO DESTINY #106 SHINING CELEBI 1ST EDITION PSA 8 #106,https://www.ebay.es/itm/306989029118,PriceCharting
Neo Destiny,Shining Celebi,106/105,1st Edition,PSA 8,2026-06-08,2400.00,USD,eBay,unknown,FALSE,,,2002 POKEMON NEO DESTINY 1ST EDITION #106 SHINING CELEBI PSA 8 #106,https://www.ebay.es/itm/306977324124,PriceCharting
Neo Destiny,Shining Celebi,106/105,1st Edition,PSA 8,2026-06-08,1800.00,USD,eBay,unknown,FALSE,,,2002 POKEMON NEO DESTINY 1ST EDITION #106 SHINING CELEBI PSA 8 #106,https://www.ebay.es/itm/137377313015,PriceCharting
Neo Destiny,Shining Celebi,106/105,1st Edition,PSA 8,2026-05-21,1250.00,USD,eBay,unknown,FALSE,,,Shining Celebi #106 2002 Pokemon Neo Destiny 1st Edition PSA 8 NM-Mint L1 #106,https://www.ebay.es/itm/366349464783,PriceCharting
Neo Destiny,Shining Celebi,106/105,1st Edition,PSA 8,2026-05-05,1100.00,USD,eBay,unknown,FALSE,,,Pokémon 1st Edition Shining Celebi PSA 8 2002 Neo Destiny NM-Mint #106,https://www.ebay.es/itm/257487388627,PriceCharting
Neo Destiny,Shining Celebi,106/105,1st Edition,PSA 8,2026-05-04,1150.00,USD,eBay,best offer,TRUE,1150.00,,2002 POKEMON NEO DESTINY 1ST EDITION #106 SHINING CELEBI PSA 8 #106,https://www.ebay.es/itm/298288760197,PriceCharting
Neo Destiny,Shining Celebi,106/105,1st Edition,PSA 8,2026-04-01,1499.00,USD,eBay,unknown,FALSE,,,2002 POKEMON NEO DESTINY 1ST ED #106 SHINING CELEBI PSA 8 #106,https://www.ebay.es/itm/177978674339,PriceCharting
Neo Destiny,Shining Celebi,106/105,1st Edition,PSA 8,2026-03-04,1249.00,USD,eBay,unknown,FALSE,,,2002 POKEMON NEO DESTINY 1ST ED #106 SHINING CELEBI PSA 8 #106,https://www.ebay.es/itm/298050062990,PriceCharting
Neo Destiny,Shining Celebi,106/105,1st Edition,PSA 8,2026-02-07,1100.00,USD,eBay,best offer,TRUE,1100.00,,2002 POKEMON NEO DESTINY 1ST ED #106 SHINING CELEBI PSA 8 #106,https://www.ebay.es/itm/306739205511,PriceCharting
Neo Destiny,Shining Celebi,106/105,1st Edition,PSA 8,2025-12-21,1050.00,USD,eBay,unknown,FALSE,,,2002 POKEMON NEO DESTINY 1ST ED #106 SHINING CELEBI PSA 8 #106,https://www.ebay.es/itm/116939944669,PriceCharting
Neo Destiny,Shining Celebi,106/105,1st Edition,PSA 8,2025-12-14,1032.00,USD,eBay,unknown,FALSE,,,2002 POKEMON NEO DESTINY 1ST EDITION #106 SHINING CELEBI PSA 8 #106,https://www.ebay.es/itm/297820358661,PriceCharting
Neo Destiny,Shining Celebi,106/105,1st Edition,PSA 8,2025-11-06,1150.00,USD,eBay,unknown,FALSE,,,2002 POKEMON NEO DESTINY 1ST ED #106 SHINING CELEBI PSA 8 #106,https://www.ebay.es/itm/306553257662,PriceCharting
Neo Destiny,Shining Celebi,106/105,1st Edition,PSA 8,2025-09-03,402.50,USD,eBay,unknown,FALSE,,,Pokemon Neo Destiny 2002 Shining Celebi 106/105 PSA 8 Near-Mint To Mint 106/105,https://www.ebay.es/itm/177386328407,PriceCharting
Neo Destiny,Shining Celebi,106/105,1st Edition,PSA 8,2025-06-15,600.00,USD,eBay,unknown,FALSE,,,2002 Pokemon Neo Destiny 1st Edition Shining Celebi #106 PSA 8 106/105,https://www.ebay.es/itm/277198430728,PriceCharting
Neo Destiny,Shining Celebi,106/105,1st Edition,PSA 8,2024-11-10,355.00,USD,eBay,unknown,FALSE,,,2002 POKEMON NEO DESTINY 1ST EDITION #106 SHINING CELEBI PSA 8,https://www.ebay.es/itm/305867676659,PriceCharting
Neo Destiny,Shining Celebi,106/105,1st Edition,PSA 8,2024-11-02,455.00,USD,eBay,unknown,FALSE,,,2002 POKEMON NEO DESTINY 1ST EDITION #106 SHINING CELEBI PSA 8,https://www.ebay.es/itm/305859714114,PriceCharting
Neo Destiny,Shining Celebi,106/105,1st Edition,PSA 8,2024-10-26,430.00,USD,eBay,unknown,FALSE,,,2002 POKEMON NEO DESTINY 1ST EDITION #106 SHINING CELEBI PSA 8,https://www.ebay.es/itm/305844746237,PriceCharting
Neo Destiny,Shining Celebi,106/105,Unlimited,PSA 10,2026-09-27,6000.00,USD,eBay,unknown,FALSE,,,2002 POKEMON NEO DESTINY #106 SHINING CELEBI PSA 10 #106,https://www.ebay.es/itm/307076555589,PriceCharting
Neo Destiny,Shining Celebi,106/105,Unlimited,PSA 10,2026-09-27,5500.00,USD,eBay,unknown,FALSE,,,2002 POKEMON NEO DESTINY #106 SHINING CELEBI PSA 10 #106,https://www.ebay.es/itm/298698426766,PriceCharting
Neo Destiny,Shining Celebi,106/105,Unlimited,PSA 10,2026-09-17,5249.99,USD,eBay,unknown,FALSE,,,Pokemon Shining Celebi Neo Destiny Unlimited Holo 106/105 PSA 10 Gem Mint 106/105,https://www.ebay.es/itm/287563279040,PriceCharting
Neo Destiny,Shining Celebi,106/105,Unlimited,PSA 10,2026-09-09,5000,USD,Fanatics Collect,best offer,TRUE,,70425907,,https://www.fanaticscollect.com/buy-now/f70de404-ac75-485d-9317-76dcf92353c8,PSA APR
Neo Destiny,Shining Celebi,106/105,Unlimited,PSA 10,2026-08-20,4650.00,USD,eBay,unknown,FALSE,,,2002 POKEMON NEO DESTINY #106 SHINING CELEBI PSA 10 #106,https://www.ebay.es/itm/307121311760,PriceCharting
Neo Destiny,Shining Celebi,106/105,Unlimited,PSA 10,2026-07-14,4550.00,USD,eBay,unknown,FALSE,,,2002 Pokemon Neo Destiny #106 Shining Celebi PSA 10 GEM MINT,https://www.ebay.es/itm/377322521866,PriceCharting
Neo Destiny,Shining Celebi,106/105,Unlimited,PSA 10,2026-07-14,4548.4,USD,eBay,best offer,TRUE,,67602784,,https://www.ebay.com/itm/800260962103,PSA APR
Neo Destiny,Shining Celebi,106/105,Unlimited,PSA 10,2026-06-23,4752,USD,Fanatics Collect,best offer,TRUE,,70425907,,https://www.fanaticscollect.com/buy-now/b0094697-04c5-4042-8f8b-d9274bddf74b,PSA APR
Neo Destiny,Shining Celebi,106/105,Unlimited,PSA 10,2026-06-03,5000.00,USD,eBay,best offer,TRUE,,,Pokemon 2002 Shining Celebi Neo Destiny Unlimited Holo Secret Rare #106 PSA 10 #106,https://www.ebay.es/itm/168417801984,PriceCharting
Neo Destiny,Shining Celebi,106/105,Unlimited,PSA 10,2026-05-31,3697.53,USD,eBay,unknown,FALSE,,,2002 POKEMON NEO DESTINY #106/105 SHINING CELEBI HOLO RARE PSA 10 106/105,https://www.ebay.es/itm/206292938554,PriceCharting
Neo Destiny,Shining Celebi,106/105,Unlimited,PSA 10,2026-05-19,4200.00,USD,eBay,best offer,TRUE,4200.00,,Pokemon Shining Celebi Neo Destiny Unlimited Holo Secret Rare #106 PSA 10 #106,https://www.ebay.es/itm/127868617456,PriceCharting
Neo Destiny,Shining Celebi,106/105,Unlimited,PSA 10,2026-05-13,4000.00,USD,eBay,unknown,FALSE,,,2002 POKEMON NEO DESTINY #106 SHINING CELEBI PSA 10 #106,https://www.ebay.es/itm/117151799834,PriceCharting
Neo Destiny,Shining Celebi,106/105,Unlimited,PSA 10,2026-04-12,3250.00,USD,eBay,unknown,FALSE,,,Pokemon Shining Celebi Neo Destiny Unlimited Holo Secret Rare #106 PSA 10,https://www.ebay.es/itm/287251411846,PriceCharting
Neo Destiny,Shining Celebi,106/105,Unlimited,PSA 10,2026-04-01,3200.00,USD,eBay,unknown,FALSE,,,2002 Pokemon Neo Destiny Shining Celebi #106 PSA 10 #106,https://www.ebay.es/itm/397748588649,PriceCharting
Neo Destiny,Shining Celebi,106/105,Unlimited,PSA 10,2026-03-15,2672.77,USD,eBay,unknown,FALSE,,,PSA 10 - Pokemon Neo Destiny - #106 Shining Celebi Holo - GEM MINT,https://www.ebay.es/itm/198160851095,PriceCharting
Neo Destiny,Shining Celebi,106/105,Unlimited,PSA 10,2026-02-13,2999.00,USD,eBay,unknown,FALSE,,,2002 POKEMON NEO DESTINY #106 SHINING CELEBI PSA 10 #106,https://www.ebay.es/itm/297938409054,PriceCharting
Neo Destiny,Shining Celebi,106/105,Unlimited,PSA 10,2026-02-05,2225.00,USD,eBay,unknown,FALSE,,,2002 Pokemon Neo Destiny #106 Shining Celebi PSA 10 GEM MINT,https://www.ebay.es/itm/389550255464,PriceCharting
Neo Destiny,Shining Celebi,106/105,Unlimited,PSA 10,2026-01-24,1800.00,USD,eBay,best offer,TRUE,1800.00,,2002 POKEMON NEO DESTINY #106 SHINING CELEBI PSA 10 #106,https://www.ebay.es/itm/297963506930,PriceCharting
Neo Destiny,Shining Celebi,106/105,Unlimited,PSA 10,2026-01-10,2000.00,USD,eBay,unknown,FALSE,,,2002 POKEMON NEO DESTINY #106 SHINING CELEBI PSA 10 #106,https://www.ebay.es/itm/116830013010,PriceCharting
Neo Destiny,Shining Celebi,106/105,Unlimited,PSA 10,2026-01-06,2000.00,USD,eBay,unknown,FALSE,,,2002 POKEMON NEO DESTINY #106 SHINING CELEBI PSA 10 #106,https://www.ebay.es/itm/306536583122,PriceCharting
Neo Destiny,Shining Celebi,106/105,Unlimited,PSA 10,2026-01-03,1800.00,USD,eBay,best offer,TRUE,1800.00,,2002 POKEMON NEO DESTINY #106 SHINING CELEBI PSA 10 #106,https://www.ebay.es/itm/127595752936,PriceCharting
Neo Destiny,Shining Celebi,106/105,Unlimited,PSA 10,2025-12-04,1525,USD,eBay,best offer,TRUE,,60531696,,https://www.ebay.com/itm/177635975065,PSA APR
Neo Destiny,Shining Celebi,106/105,Unlimited,PSA 10,2025-11-28,1613.09,USD,eBay,unknown,FALSE,,,PSA 10 Shining Celebi ~ 2002 Neo Destiny Unlimited English ~ Pokemon Shiny #106,https://www.ebay.es/itm/406199300964,PriceCharting
Neo Destiny,Shining Celebi,106/105,Unlimited,PSA 10,2025-11-02,1242.09,USD,eBay,unknown,FALSE,,,Pokemon Cards - PSA 10 Shining Celebi 106/105 - Neo Destiny - GEM MT - PSA10,https://www.ebay.es/itm/286893470667,PriceCharting
Neo Destiny,Shining Celebi,106/105,Unlimited,PSA 10,2025-10-19,1220,USD,Goldin Auctions,auction,FALSE,,26952826,,https://goldin.co/item/2002-pokemon-neo-destiny-106-shining-celebi-psa-gem-mt-10bodlm,PSA APR
Neo Destiny,Shining Celebi,106/105,Unlimited,PSA 10,2025-10-16,1495.00,USD,eBay,unknown,FALSE,,,2002 POKEMON NEO DESTINY #106 SHINING CELEBI PSA 10 #106,https://www.ebay.es/itm/116829994104,PriceCharting
Neo Destiny,Shining Celebi,106/105,Unlimited,PSA 10,2025-10-13,1380,USD,Fanatics Collect,auction,FALSE,,23131987,,https://www.fanaticscollect.com/weekly/61608e00-9ef6-11f0-a815-0a58a9feac02,PSA APR
Neo Destiny,Shining Celebi,106/105,Unlimited,PSA 10,2025-10-06,880.11,USD,eBay,BIN,FALSE,,44945811,,https://www.ebay.com/itm/296614651621,PSA APR
Neo Destiny,Shining Celebi,106/105,Unlimited,PSA 10,2025-09-25,1800.00,USD,eBay,unknown,FALSE,,,2002 POKEMON NEO DESTINY #106 SHINING CELEBI PSA 10 #106,https://www.ebay.es/itm/306506959389,PriceCharting
Neo Destiny,Shining Celebi,106/105,Unlimited,PSA 10,2025-09-23,1802.77,USD,eBay,unknown,FALSE,,,Pokemon Shining Celebi Neo Destiny Secret Rare Holo #106 PSA 10 Gem Mint #106,https://www.ebay.es/itm/317293458850,PriceCharting
Neo Destiny,Shining Celebi,106/105,Unlimited,PSA 10,2025-08-18,1440,USD,Fanatics Collect,auction,FALSE,,42829569,,https://www.fanaticscollect.com/weekly/986175e8-7211-11f0-988b-0a58a9feac02,PSA APR
Neo Destiny,Shining Celebi,106/105,Unlimited,PSA 10,2025-08-17,1423.01,USD,eBay,BIN,FALSE,,43144426,,https://www.ebay.com/itm/396939914895,PSA APR
Neo Destiny,Shining Celebi,106/105,Unlimited,PSA 10,2025-08-10,1685.00,USD,eBay,unknown,FALSE,,,Pokemon Shining Celebi Neo Destiny Secret Rare Holo #106 PSA 10 Gem Mint,https://www.ebay.es/itm/286742537100,PriceCharting
Neo Destiny,Shining Celebi,106/105,Unlimited,PSA 10,2025-07-26,1204.86,USD,eBay,unknown,FALSE,,,2002 PSA 10 Shining Celebi ~ Neo Destiny #106 Unlimited Holo ~ Pokemon English,https://www.ebay.es/itm/286708000019,PriceCharting
Neo Destiny,Shining Celebi,106/105,Unlimited,PSA 10,2025-07-26,820.75,USD,eBay,unknown,FALSE,,,PSA 10 Shining Celebi 106/105 - 2002 Neo Destiny Unlimited Secret Rare Pokemon #20,https://www.ebay.es/itm/335590694849,PriceCharting
Neo Destiny,Shining Celebi,106/105,Unlimited,PSA 10,2025-07-23,1531.00,USD,eBay,unknown,FALSE,,,Pokemon Neo Destiny Shining Celebi #106 PSA 10,https://www.ebay.es/itm/388721197623,PriceCharting
Neo Destiny,Shining Celebi,106/105,Unlimited,PSA 10,2025-05-23,1151.00,USD,eBay,unknown,FALSE,,,2002 Pokemon Neo Destiny #106 Shining Celebi PSA 10 GEM MINT,https://www.ebay.es/itm/376251004062,PriceCharting
Neo Destiny,Shining Celebi,106/105,Unlimited,PSA 10,2025-05-23,939.21,USD,eBay,unknown,FALSE,,,Pokemon Neo Destiny Shining Celebi PSA 10 Gem Mint #106,https://www.ebay.es/itm/175895004751,PriceCharting
Neo Destiny,Shining Celebi,106/105,Unlimited,PSA 10,2025-04-18,950,USD,eBay,best offer,TRUE,,60723693,,https://www.ebay.com/itm/225359296220,PSA APR
Neo Destiny,Shining Celebi,106/105,Unlimited,PSA 10,2025-04-14,854.99,USD,eBay,BIN,FALSE,,28659567,,https://www.ebay.com/itm/267194165614,PSA APR
Neo Destiny,Shining Celebi,106/105,Unlimited,PSA 10,2025-04-13,1048,USD,eBay,auction,FALSE,,43360754,,https://www.ebay.com/itm/286467150523,PSA APR
Neo Destiny,Shining Celebi,106/105,Unlimited,PSA 10,2025-04-04,850,USD,eBay,BIN,FALSE,,49237641,,https://www.ebay.com/itm/396354685769,PSA APR
Neo Destiny,Shining Celebi,106/105,Unlimited,PSA 10,2025-03-27,999,USD,eBay,BIN,FALSE,,28938261,,https://www.ebay.com/itm/156376093345,PSA APR
Neo Destiny,Shining Celebi,106/105,Unlimited,PSA 10,2025-03-19,850,USD,eBay,BIN,FALSE,,28659567,,https://www.ebay.com/itm/256792870293,PSA APR
Neo Destiny,Shining Celebi,106/105,Unlimited,PSA 10,2025-03-10,1020,USD,Fanatics Collect,auction,FALSE,,28348415,,https://www.fanaticscollect.com/weekly/7561fa9a-f2dc-11ef-aa1a-0a58a9feac02,PSA APR
Neo Destiny,Shining Celebi,106/105,Unlimited,PSA 10,2025-02-26,849.99,USD,eBay,BIN,FALSE,,41481994,,https://www.ebay.com/itm/156692512410,PSA APR
Neo Destiny,Shining Celebi,106/105,Unlimited,PSA 10,2025-01-24,810,USD,eBay,auction,FALSE,,64784065,,https://www.ebay.com/itm/375928023472,PSA APR
Neo Destiny,Shining Celebi,106/105,Unlimited,PSA 10,2025-01-13,700,USD,eBay,best offer,TRUE,,68759148,,https://www.ebay.com/itm/356462502730,PSA APR
Neo Destiny,Shining Celebi,106/105,Unlimited,PSA 10,2025-01-09,707.74,USD,eBay,best offer,TRUE,,79953149,,https://www.ebay.com/itm/205110937064,PSA APR
Neo Destiny,Shining Celebi,106/105,Unlimited,PSA 10,2024-06-09,665,USD,eBay,auction,FALSE,,68759148,,https://www.ebay.com/itm/285884939555,PSA APR
Neo Destiny,Shining Celebi,106/105,Unlimited,PSA 10,2024-05-23,588.58,USD,eBay,auction,FALSE,,27194708,,https://www.ebay.com/itm/296429488115,PSA APR
Neo Destiny,Shining Celebi,106/105,Unlimited,PSA 10,2024-05-17,620,USD,eBay,auction,FALSE,,53366178,,https://www.ebay.com/itm/364884728833,PSA APR
Neo Destiny,Shining Celebi,106/105,Unlimited,PSA 10,2024-04-04,588,USD,eBay,auction,FALSE,,88696033,,https://www.ebay.com/itm/186365212944,PSA APR
Neo Destiny,Shining Celebi,106/105,Unlimited,PSA 10,2023-12-20,540.96,USD,eBay,auction,FALSE,,83330969,,https://www.ebay.com/itm/116010742414,PSA APR
Neo Destiny,Shining Celebi,106/105,Unlimited,PSA 10,2023-12-05,610,USD,eBay,auction,FALSE,,26452900,,https://www.ebay.com/itm/395021064991,PSA APR
Neo Destiny,Shining Celebi,106/105,Unlimited,PSA 9,2026-09-09,1599.00,USD,eBay,unknown,FALSE,,,Pokemon Shining Celebi Neo Destiny Unlimited 106/105 PSA 9 Mint 106/105,https://www.ebay.es/itm/287490151357,PriceCharting
Neo Destiny,Shining Celebi,106/105,Unlimited,PSA 9,2026-09-01,1422.63,USD,eBay,unknown,FALSE,,,Shining Celebi 106/105 PSA 9 Neo Destiny Pokemon 106/105,https://www.ebay.es/itm/168656043200,PriceCharting
Neo Destiny,Shining Celebi,106/105,Unlimited,PSA 9,2026-09-01,1422.63,USD,eBay,unknown,FALSE,,,Shining Celebi 106/105 PSA 9 Neo Destiny Pokemon 106/105,https://www.ebay.es/itm/168652663133,PriceCharting
Neo Destiny,Shining Celebi,106/105,Unlimited,PSA 9,2026-08-14,1226.00,USD,eBay,unknown,FALSE,,,Pokemon 2002 Shining Celebi 106/105 Holo Neo Destiny PSA 9 106/105,https://www.ebay.es/itm/407125814168,PriceCharting
Neo Destiny,Shining Celebi,106/105,Unlimited,PSA 9,2026-08-01,1425.37,USD,eBay,unknown,FALSE,,,PSA 9 Shining Celebi 106/105 Holo Secret Rare Neo Destiny Pokemon Card 2002 106/105,https://www.ebay.es/itm/358830102728,PriceCharting
Neo Destiny,Shining Celebi,106/105,Unlimited,PSA 9,2026-07-28,1500.00,USD,eBay,unknown,FALSE,,,Pokemon Neo Destiny 2002 Shining Celebi PSA 9 Mint Secret Rare Card 106/105 106/105,https://www.ebay.es/itm/127963074187,PriceCharting
Neo Destiny,Shining Celebi,106/105,Unlimited,PSA 9,2026-07-27,1618.26,USD,eBay,best offer,TRUE,1585.77,,2001 Pokemon Shining Celebi Neo Destiny Unlimited Holo #106 PSA 9 MINT,https://www.ebay.es/itm/206350940131,PriceCharting
Neo Destiny,Shining Celebi,106/105,Unlimited,PSA 9,2026-07-18,1391.66,USD,eBay,unknown,FALSE,,,Pokemon 2002 Shining Celebi 106/105 Neo Destiny PSA 9 106/105,https://www.ebay.es/itm/358782323586,PriceCharting
Neo Destiny,Shining Celebi,106/105,Unlimited,PSA 9,2026-07-17,1308.00,USD,eBay,unknown,FALSE,,,Pokemon 2002 Shining Celebi 106/105 Neo Destiny PSA 9 106/105,https://www.ebay.es/itm/407063300795,PriceCharting
Neo Destiny,Shining Celebi,106/105,Unlimited,PSA 9,2026-07-01,1500.00,USD,eBay,best offer,TRUE,1500.00,,Pokemon 2002 Neo Destiny Shining Celebi Secret Rare Holo 106/105 PSA 9 106/105,https://www.ebay.es/itm/198414262562,PriceCharting
Neo Destiny,Shining Celebi,106/105,Unlimited,PSA 9,2026-06-28,1583.99,USD,eBay,unknown,FALSE,,,Shining Celebi 106/105 PSA 9 Neo Destiny Pokemon 106/105,https://www.ebay.es/itm/168430732525,PriceCharting
Neo Destiny,Shining Celebi,106/105,Unlimited,PSA 9,2026-06-07,1549.99,USD,eBay,unknown,FALSE,,,PSA 9 Unlimited Shining Celebi 106 Neo Destiny Pokemon 2002 106/105,https://www.ebay.es/itm/168433384776,PriceCharting
Neo Destiny,Shining Celebi,106/105,Unlimited,PSA 9,2026-06-05,1599.00,USD,eBay,unknown,FALSE,,,Pokemon Neo Destiny 2002 Shining Celebi Card 106/105 PSA 9 Mint #106,https://www.ebay.es/itm/157949595053,PriceCharting
Neo Destiny,Shining Celebi,106/105,Unlimited,PSA 9,2026-06-04,1148.88,USD,eBay,unknown,FALSE,,,2002 Pokemon Neo Destiny # 106 Shining Celebi PSA 9 Card MINT! Trusted Seller! #106,https://www.ebay.es/itm/157066244102,PriceCharting
Neo Destiny,Shining Celebi,106/105,Unlimited,PSA 9,2026-06-03,1299.99,USD,eBay,unknown,FALSE,,,2002 Pokemon Neo Destiny # 106 Shining Celebi PSA 9 Card MINT! Trusted Seller! #106,https://www.ebay.es/itm/198356222854,PriceCharting
Neo Destiny,Shining Celebi,106/105,Unlimited,PSA 9,2026-06-01,1372.45,USD,eBay,unknown,FALSE,,,Pokémon TCG Shining Celebi Neo Destiny 106 Holo PSA 9 #106,https://www.ebay.es/itm/327142106797,PriceCharting
Neo Destiny,Shining Celebi,106/105,Unlimited,PSA 9,2026-06-01,1072.57,USD,eBay,unknown,FALSE,,,2002 Pokemon Neo Destiny Shining Celebi PSA 9 MINT #106 English,https://www.ebay.es/itm/267681386750,PriceCharting
Neo Destiny,Shining Celebi,106/105,Unlimited,PSA 9,2026-06-01,842.00,USD,eBay,unknown,FALSE,,,Pokemon Neo Destiny 2002 Shining Celebi Card 106/105 PSA 9 Mint #106,https://www.ebay.es/itm/206297216397,PriceCharting
Neo Destiny,Shining Celebi,106/105,Unlimited,PSA 9,2026-05-26,940.00,USD,eBay,unknown,FALSE,,,2002 Pokemon Neo Destiny #106 Shining Celebi PSA 9 MINT,https://www.ebay.es/itm/377193805905,PriceCharting
Neo Destiny,Shining Celebi,106/105,Unlimited,PSA 9,2026-05-26,980.00,USD,eBay,best offer,TRUE,980.00,,2002 POKEMON NEO DESTINY #106 SHINING CELEBI PSA 9 #106,https://www.ebay.es/itm/306953948596,PriceCharting
Neo Destiny,Shining Celebi,106/105,Unlimited,PSA 9,2026-05-24,899.00,USD,eBay,best offer,TRUE,,,2002 Pokemon Neo Destiny #106 Shining Celebi PSA 9 MINT,https://www.ebay.es/itm/206229190145,PriceCharting
Neo Destiny,Shining Celebi,106/105,Unlimited,PSA 9,2026-05-03,830.00,USD,eBay,unknown,FALSE,,,Pokemon Shining Celebi Neo Destiny Unlimited Holo Secret Rare #106 PSA 9 Mint,https://www.ebay.es/itm/287290031901,PriceCharting
Neo Destiny,Shining Celebi,106/105,Unlimited,PSA 9,2026-04-29,820.00,USD,eBay,unknown,FALSE,,,2002 Pokémon Shining Celebi Neo Destiny #106/105 Holo PSA 9 MINT,https://www.ebay.es/itm/389920701299,PriceCharting
Neo Destiny,Shining Celebi,106/105,Unlimited,PSA 9,2026-04-24,786.00,USD,eBay,unknown,FALSE,,,2002 Pokemon Neo Destiny #106 Shining Celebi PSA 9 MINT,https://www.ebay.es/itm/366350924375,PriceCharting
Neo Destiny,Shining Celebi,106/105,Unlimited,PSA 9,2026-04-12,750.00,USD,eBay,unknown,FALSE,,,Pokemon Shining Celebi Neo Destiny Unlimited Holo Secret Rare #106 PSA 9 Mint,https://www.ebay.es/itm/287251627072,PriceCharting
Neo Destiny,Shining Celebi,106/105,Unlimited,PSA 9,2026-04-01,785.00,USD,eBay,unknown,FALSE,,,Pokémon Neo Destiny Shining Celebi 106/105 Holo Secret Rare PSA 9 106/105,https://www.ebay.es/itm/397781462989,PriceCharting
Neo Destiny,Shining Celebi,106/105,Unlimited,PSA 8,2026-09-27,850.00,USD,eBay,best offer,TRUE,850.00,,Pokemon TCG Shining Celebi 106/105 Neo Destiny Holo English 2002 PSA 8 106/105,https://www.ebay.es/itm/800513128852,PriceCharting
Neo Destiny,Shining Celebi,106/105,Unlimited,PSA 8,2026-09-25,849.99,USD,eBay,unknown,FALSE,,,Pokemon TCG 2002 Neo Destiny Shining Celebi 106/105 Holo PSA 8 Unlimited 106/105,https://www.ebay.es/itm/336795830970,PriceCharting
Neo Destiny,Shining Celebi,106/105,Unlimited,PSA 8,2026-09-21,849.99,USD,eBay,best offer,TRUE,849.99,,2002 Pokemon Neo Destiny Shining Celebi #106/105 (PSA 8) 106/105,https://www.ebay.es/itm/820088697215,PriceCharting
Neo Destiny,Shining Celebi,106/105,Unlimited,PSA 8,2026-09-11,795.00,USD,eBay,best offer,TRUE,795.00,,2002 Pokemon 106/105 Shining Celebi Neo Destiny PSA 8 Unlimited 106/105,https://www.ebay.es/itm/227509168475,PriceCharting
Neo Destiny,Shining Celebi,106/105,Unlimited,PSA 8,2026-09-10,829.00,USD,eBay,unknown,FALSE,,,2002 POKEMON NEO DESTINY #106 SHINING CELEBI PSA 8 #106,https://www.ebay.es/itm/117405922032,PriceCharting
Neo Destiny,Shining Celebi,106/105,Unlimited,PSA 8,2026-09-06,850.00,USD,eBay,best offer,TRUE,850.00,,Pokémon TCG Shining Celebi Neo Destiny 106 Holo Unlimited Shiny Holo Rare PSA 8 106/105,https://www.ebay.es/itm/188804039917,PriceCharting
Neo Destiny,Shining Celebi,106/105,Unlimited,PSA 8,2026-09-04,850.00,USD,eBay,best offer,TRUE,,,2002 Pokemon 106/105 Shining Celebi Neo Destiny PSA 8 106/105,https://www.ebay.es/itm/117390591906,PriceCharting
Neo Destiny,Shining Celebi,106/105,Unlimited,PSA 8,2026-08-28,869.00,USD,eBay,unknown,FALSE,,,Pokemon TCG Shining Celebi 106/105 Neo Destiny 2002 PSA 8 106/105,https://www.ebay.es/itm/298546517987,PriceCharting
Neo Destiny,Shining Celebi,106/105,Unlimited,PSA 8,2026-07-26,850.00,USD,eBay,unknown,FALSE,,,2002 POKEMON NEO DESTINY #106 SHINING CELEBI PSA 8 #106,https://www.ebay.es/itm/117318378337,PriceCharting
Neo Destiny,Shining Celebi,106/105,Unlimited,PSA 8,2026-07-23,635.00,USD,eBay,unknown,FALSE,,,2002 POKEMON SHINING CELEBI NEO DESTINY #106 PSA 8 #106,https://www.ebay.es/itm/800342027096,PriceCharting
Neo Destiny,Shining Celebi,106/105,Unlimited,PSA 8,2026-06-26,965.00,USD,eBay,unknown,FALSE,,,🍃 SHINING CELEBI PSA 8 2002 POKEMON NEO DESTINY #106 #106,https://www.ebay.es/itm/178205427869,PriceCharting
Neo Destiny,Shining Celebi,106/105,Unlimited,PSA 8,2026-06-08,1000.00,USD,eBay,unknown,FALSE,,,2002 POKEMON NEO DESTINY #106 SHINING CELEBI PSA 8 #106,https://www.ebay.es/itm/306453084929,PriceCharting
Neo Destiny,Shining Celebi,106/105,Unlimited,PSA 8,2026-06-04,800.00,USD,eBay,unknown,FALSE,,,2002 POKEMON NEO DESTINY #106 SHINING CELEBI PSA 8 #106,https://www.ebay.es/itm/306945435813,PriceCharting
Neo Destiny,Shining Celebi,106/105,Unlimited,PSA 8,2026-06-02,680.00,USD,eBay,best offer,TRUE,680.00,,2002 Pokemon Shining Celebi 106/105 PSA 8 Neo Destiny Holo Secret Rare TCG WOTC 106/105,https://www.ebay.es/itm/206263532917,PriceCharting
Neo Destiny,Shining Celebi,106/105,Unlimited,PSA 8,2026-06-01,670.29,USD,eBay,unknown,FALSE,,,2002 POKEMON NEO DESTINY #106 SHINING CELEBI PSA 8 - New Cert,https://www.ebay.es/itm/227329548160,PriceCharting
Neo Destiny,Shining Celebi,106/105,Unlimited,PSA 8,2026-05-18,560.00,USD,eBay,unknown,FALSE,,,2002 POKEMON NEO DESTINY #106 SHINING CELEBI PSA 8 #106,https://www.ebay.es/itm/298303376143,PriceCharting
Neo Destiny,Shining Celebi,106/105,Unlimited,PSA 8,2026-05-13,600.00,USD,eBay,best offer,TRUE,600.00,,2002 POKEMON NEO DESTINY #106 SHINING CELEBI TRIPLE STAR RARE PSA 8 FRESH SLAB #106,https://www.ebay.es/itm/306907676367,PriceCharting
Neo Destiny,Shining Celebi,106/105,Unlimited,PSA 8,2026-05-11,775.76,USD,eBay,unknown,FALSE,,,2002 Pokemon Neo Destiny 106 Shining Celebi PSA 8 NEW CERT,https://www.ebay.es/itm/287305632990,PriceCharting
Neo Destiny,Shining Celebi,106/105,Unlimited,PSA 8,2026-05-10,592.00,USD,eBay,unknown,FALSE,,,Pokemon Shining Celebi Neo Destiny Unlimited Holo Secret Rare #106 PSA 8,https://www.ebay.es/itm/287304460315,PriceCharting
Neo Destiny,Shining Celebi,106/105,Unlimited,PSA 8,2026-05-03,530.00,USD,eBay,unknown,FALSE,,,Shining Celebi Pokemon Card PSA 8 2002 Neo Destiny Holo Foil Rare Mint #106 NMMT #106,https://www.ebay.es/itm/389929218390,PriceCharting
Neo Destiny,Shining Celebi,106/105,Unlimited,PSA 8,2026-05-01,638.00,USD,eBay,unknown,FALSE,,,2002 POKEMON NEO DESTINY #106 SHINING CELEBI PSA 8 #106,https://www.ebay.es/itm/117157240217,PriceCharting
Neo Destiny,Shining Charizard,107/105,1st Edition,PSA 10,2026-09-27,85000.00,USD,eBay,best offer,TRUE,85000.00,,2002 POKEMON NEO DESTINY 1ST EDITION #107 SHINING CHARIZARD PSA 10 #107,https://www.ebay.es/itm/307049704016,PriceCharting
Neo Destiny,Shining Charizard,107/105,1st Edition,PSA 10,2026-09-25,80000.00,USD,eBay,unknown,FALSE,,,2002 POKEMON NEO DESTINY 1ST EDITION #107 SHINING CHARIZARD PSA 10 #107,https://www.ebay.es/itm/307195190416,PriceCharting
Neo Destiny,Shining Charizard,107/105,1st Edition,PSA 10,2026-09-17,62500,USD,Fanatics Collect,best offer,TRUE,,79122311,,https://www.fanaticscollect.com/buy-now/e2fd5e28-5ab6-4946-bbd7-53f9f96d33ef,PSA APR
Neo Destiny,Shining Charizard,107/105,1st Edition,PSA 10,2026-08-14,54900,USD,Fanatics Collect,best offer,TRUE,,28443513,,https://www.fanaticscollect.com/buy-now/b67bd786-e565-461f-ab1a-5b6e493324ae,PSA APR
Neo Destiny,Shining Charizard,107/105,1st Edition,PSA 10,2026-08-10,48676,USD,Goldin Auctions,auction,FALSE,,42930783,,https://goldin.co/item/2002-pokemon-neo-destiny-1st-edition-107-shining-charizard-psa-gem-mt5yx1p,PSA APR
Neo Destiny,Shining Charizard,107/105,1st Edition,PSA 10,2026-08-06,25000.00,USD,eBay,unknown,FALSE,,,2002 Pokemon Neo Destiny Shining Charizard 107/105 1st Edition Graded PSA 10 107/105,https://www.ebay.es/itm/198550475915,PriceCharting
Neo Destiny,Shining Charizard,107/105,1st Edition,PSA 10,2026-08-06,14999.99,USD,eBay,best offer,TRUE,,28443513,,https://www.ebay.com/itm/287502325296,PSA APR
Neo Destiny,Shining Charizard,107/105,1st Edition,PSA 10,2026-08-06,16900,USD,eBay,BIN,FALSE,,63950614,,https://www.ebay.com/itm/198550682697,PSA APR
Neo Destiny,Shining Charizard,107/105,1st Edition,PSA 10,2026-07-27,51240,USD,Goldin Auctions,auction,FALSE,,17669904,,https://goldin.co/item/2002-pokemon-neo-destiny-1st-edition-107-shining-charizard-psa-gem-mt5h35v,PSA APR
Neo Destiny,Shining Charizard,107/105,1st Edition,PSA 10,2026-07-24,51600,USD,Fanatics Collect,auction,FALSE,,100202263,,https://www.fanaticscollect.com/premier/e0355cc6-7987-11f1-ab70-0a488fc7b005,PSA APR
Neo Destiny,Shining Charizard,107/105,1st Edition,PSA 10,2026-07-23,12500,USD,eBay,BIN,FALSE,,63950614,,https://www.ebay.com/itm/800391830228,PSA APR
Neo Destiny,Shining Charizard,107/105,1st Edition,PSA 10,2026-07-22,10000,USD,eBay,BIN,FALSE,,63950614,,https://www.ebay.com/itm/800386353395,PSA APR
Neo Destiny,Shining Charizard,107/105,1st Edition,PSA 10,2026-07-13,55000.00,USD,eBay,best offer,TRUE,,,2002 Pokemon Shining Charizard 1st Edition 107/105 Neo Destiny Holo PSA 10 107/105,https://www.ebay.es/itm/336460234620,PriceCharting
Neo Destiny,Shining Charizard,107/105,1st Edition,PSA 10,2026-07-13,56120,USD,Goldin Auctions,auction,FALSE,,27241015,,https://goldin.co/item/2002-pokemon-neo-destiny-1st-edition-holo-107-shining-charizard-psa-ge9d4tm,PSA APR
Neo Destiny,Shining Charizard,107/105,1st Edition,PSA 10,2026-07-06,49900.00,USD,eBay,unknown,FALSE,,,Pokemon Shining Charizard Neo Destiny 107/105 1st Edition PSA 10 Gem Mint 107/105,https://www.ebay.es/itm/287424619499,PriceCharting
Neo Destiny,Shining Charizard,107/105,1st Edition,PSA 10,2026-06-19,51600,USD,Fanatics Collect,auction,FALSE,,47734999,,https://www.fanaticscollect.com/premier/036deafe-3799-11f1-a7c7-02ac6321cc89,PSA APR
Neo Destiny,Shining Charizard,107/105,1st Edition,PSA 10,2026-06-18,69999.99,USD,eBay,unknown,FALSE,,,2002 Pokemon Shining Charizard 1st Edition 107/105 Neo Destiny Holo PSA 10 107/105,https://www.ebay.es/itm/267701429178,PriceCharting
Neo Destiny,Shining Charizard,107/105,1st Edition,PSA 10,2026-06-18,69541,USD,Goldin Auctions,auction,FALSE,,41314903,,https://goldin.co/item/2002-pokemon-neo-destiny-1st-edition-107-shining-charizard-psa-gem-mt23cje,PSA APR
Neo Destiny,Shining Charizard,107/105,1st Edition,PSA 10,2026-06-15,57600,USD,Fanatics Collect,auction,FALSE,,25248170,,https://www.fanaticscollect.com/weekly/3564c77a-5eb4-11f1-a8fc-0a58a9feac02,PSA APR
Neo Destiny,Shining Charizard,107/105,1st Edition,PSA 10,2026-06-05,40000.00,USD,eBay,best offer,TRUE,40000.00,,2002 Pokemon Shining Charizard 1st Edition 107/105 Neo Destiny Holo PSA 10 107/105,https://www.ebay.es/itm/227373218484,PriceCharting
Neo Destiny,Shining Charizard,107/105,1st Edition,PSA 10,2026-05-22,49200,USD,Fanatics Collect,auction,FALSE,,46296749,,https://www.fanaticscollect.com/premier/f9798508-3798-11f1-b994-0a9f10da5533,PSA APR
Neo Destiny,Shining Charizard,107/105,1st Edition,PSA 10,2026-05-18,51850,USD,Goldin Auctions,auction,FALSE,,43701777,,https://goldin.co/item/2002-pokemon-neo-destiny-1st-edition-holo-107-shining-charizard-psa-ge9uwd0,PSA APR
Neo Destiny,Shining Charizard,107/105,1st Edition,PSA 10,2026-05-04,52800,USD,Fanatics Collect,auction,FALSE,,43690513,,https://www.fanaticscollect.com/weekly/48d730be-3f23-11f1-80fd-027aafb6d205,PSA APR
Neo Destiny,Shining Charizard,107/105,1st Edition,PSA 10,2026-04-13,55971,USD,Goldin Auctions,auction,FALSE,,42083200,,https://goldin.co/item/2002-pokemon-neo-destiny-1st-edition-holo-107-shining-charizard-psa-geyyjbn,PSA APR
Neo Destiny,Shining Charizard,107/105,1st Edition,PSA 10,2026-04-06,60000,USD,Fanatics Collect,auction,FALSE,,45062014,,https://www.fanaticscollect.com/weekly/4c867bea-1ef1-11f1-8a05-0a58a9feac02,PSA APR
Neo Destiny,Shining Charizard,107/105,1st Edition,PSA 10,2026-03-09,43200,USD,Fanatics Collect,auction,FALSE,,28443513,,https://www.fanaticscollect.com/weekly/ce40508a-11c6-11f1-8ed5-0a58a9feac02,PSA APR
Neo Destiny,Shining Charizard,107/105,1st Edition,PSA 10,2026-02-09,34200,USD,Fanatics Collect,auction,FALSE,,49300403,,https://www.fanaticscollect.com/weekly/e02dbb7e-fba1-11f0-b768-0a58a9feac02,PSA APR
Neo Destiny,Shining Charizard,107/105,1st Edition,PSA 10,2026-01-26,30000.00,USD,eBay,best offer,TRUE,30000.00,,PSA 10 Gem Mint 2002 Pokemon Shining Charizard 1st Edition 107 Neo Destiny Holo 107/105,https://www.ebay.es/itm/136926813094,PriceCharting
Neo Destiny,Shining Charizard,107/105,1st Edition,PSA 10,2026-01-10,5000,USD,eBay,BIN,FALSE,,63950614,,https://www.ebay.com/itm/366115684293,PSA APR
Neo Destiny,Shining Charizard,107/105,1st Edition,PSA 10,2026-01-06,5407.6,USD,eBay,BIN,FALSE,,63950614,,https://www.ebay.com/itm/366106028998,PSA APR
Neo Destiny,Shining Charizard,107/105,1st Edition,PSA 10,2026-01-05,26000,USD,eBay,best offer,TRUE,,27878022,,https://www.ebay.com/itm/297889702824,PSA APR
Neo Destiny,Shining Charizard,107/105,1st Edition,PSA 10,2025-12-29,22800,USD,Fanatics Collect,auction,FALSE,,27850246,,https://www.fanaticscollect.com/weekly/15701440-db58-11f0-b8b9-02becc8672ed,PSA APR
Neo Destiny,Shining Charizard,107/105,1st Edition,PSA 10,2025-12-22,20157,USD,eBay,auction,FALSE,,28312591,,https://www.ebay.com/itm/306650492334,PSA APR
Neo Destiny,Shining Charizard,107/105,1st Edition,PSA 10,2025-12-20,24000.00,USD,eBay,best offer,TRUE,,,2002 POKEMON NEO DESTINY 1ST ED #107 SHINING CHARIZARD PSA 10 #107,https://www.ebay.es/itm/306666115416,PriceCharting
Neo Destiny,Shining Charizard,107/105,1st Edition,PSA 10,2025-12-19,9360.05,USD,eBay,best offer,TRUE,,63950614,,https://www.ebay.com/itm/366067237407,PSA APR
Neo Destiny,Shining Charizard,107/105,1st Edition,PSA 10,2025-12-14,23998.00,USD,eBay,unknown,FALSE,,,2002 POKEMON NEO DESTINY 1ST ED #107 SHINING CHARIZARD PSA 10 #107,https://www.ebay.es/itm/297834332847,PriceCharting
Neo Destiny,Shining Charizard,107/105,1st Edition,PSA 10,2025-11-26,19400.00,USD,eBay,unknown,FALSE,,,2002 POKEMON NEO DESTINY 1ST ED #107 SHINING CHARIZARD PSA 10 #107,https://www.ebay.es/itm/116884412174,PriceCharting
Neo Destiny,Shining Charizard,107/105,1st Edition,PSA 10,2025-10-16,24000.00,USD,eBay,best offer,TRUE,24000.00,,2002 Pokemon Shining Charizard 1st Edition 107/105 Neo Destiny Holo PSA 10 #107,https://www.ebay.es/itm/389073547885,PriceCharting
Neo Destiny,Shining Charizard,107/105,1st Edition,PSA 10,2025-10-13,21600,USD,Fanatics Collect,auction,FALSE,,46296749,,https://www.fanaticscollect.com/weekly/6183da4a-9ef6-11f0-aeec-0a58a9feac02,PSA APR
Neo Destiny,Shining Charizard,107/105,1st Edition,PSA 10,2025-10-13,22200,USD,Fanatics Collect,auction,FALSE,,47734999,,https://www.fanaticscollect.com/weekly/28ddb8c2-9d5d-11f0-83c8-029126d9f1cb,PSA APR
Neo Destiny,Shining Charizard,107/105,1st Edition,PSA 10,2025-10-07,26500.00,USD,eBay,unknown,FALSE,,,Pokemon Shining Charizard Neo Destiny 1st Edition Holo Secret Rare #107 PSA 10,https://www.ebay.es/itm/286840547515,PriceCharting
Neo Destiny,Shining Charizard,107/105,1st Edition,PSA 10,2025-10-07,23000.00,USD,eBay,unknown,FALSE,,,2002 POKEMON NEO DESTINY 1ST ED #107 SHINING CHARIZARD PSA 10 #107,https://www.ebay.es/itm/306495950592,PriceCharting
Neo Destiny,Shining Charizard,107/105,1st Edition,PSA 10,2025-09-26,21600,USD,Fanatics Collect,auction,FALSE,,45062014,,https://www.fanaticscollect.com/premier/13dec42c-8e97-11f0-b6e9-06dabf61fb8b,PSA APR
Neo Destiny,Shining Charizard,107/105,1st Edition,PSA 10,2025-09-09,18433,USD,eBay,auction,FALSE,,28206108,,https://www.ebay.com/itm/236307406691,PSA APR
Neo Destiny,Shining Charizard,107/105,1st Edition,PSA 10,2025-09-06,24666.60,USD,eBay,unknown,FALSE,,,Pokemon 2002 PSA 10 GEM MINT Shining Charizard Neo Destiny 1st ed. #107 - (T),https://www.ebay.es/itm/285028531101,PriceCharting
Neo Destiny,Shining Charizard,107/105,1st Edition,PSA 10,2025-08-03,19492.10,USD,eBay,unknown,FALSE,,,Pokemon Shining Charizard Neo Destiny 1st Edition Secret Rare Holo #107 PSA 10,https://www.ebay.es/itm/286728633211,PriceCharting
Neo Destiny,Shining Charizard,107/105,1st Edition,PSA 10,2025-07-28,19100,USD,eBay,auction,FALSE,,27761765,,https://www.ebay.com/itm/286715579767,PSA APR
Neo Destiny,Shining Charizard,107/105,1st Edition,PSA 10,2025-06-26,20000.00,USD,eBay,unknown,FALSE,,,2002 Pokemon 1st Edition Neo Destiny Shining Charizard #107/105 PSA 10 GEM-MINT #107,https://www.ebay.es/itm/135993426184,PriceCharting
Neo Destiny,Shining Charizard,107/105,1st Edition,PSA 10,2025-06-11,23690.00,USD,eBay,unknown,FALSE,,,2002 Pokemon Neo Destiny Shining Charizard 1st Edition #107 PSA 10 #107,https://www.ebay.es/itm/356903149065,PriceCharting
Neo Destiny,Shining Charizard,107/105,1st Edition,PSA 10,2025-06-01,17250.00,USD,eBay,unknown,FALSE,,,Pokemon Shining Charizard Neo Destiny 1st Edition Secret Rare Holo #107 PSA 10,https://www.ebay.es/itm/286594199926,PriceCharting
Neo Destiny,Shining Charizard,107/105,1st Edition,PSA 10,2025-05-19,17000.00,USD,eBay,unknown,FALSE,,,Pokemon Shining Charizard Neo Destiny 1st Edition Secret Rare Holo #107 PSA 10,https://www.ebay.es/itm/286555988795,PriceCharting
Neo Destiny,Shining Charizard,107/105,1st Edition,PSA 10,2025-05-17,23690,USD,eBay,BIN,FALSE,,27285231,,https://www.ebay.com/itm/356903149065,PSA APR
Neo Destiny,Shining Charizard,107/105,1st Edition,PSA 10,2025-04-22,17000.00,USD,eBay,unknown,FALSE,,,Pokemon Shining Charizard Neo Destiny 1st Edition Secret Rare Holo #107 PSA 10 #107,https://www.ebay.es/itm/116482676390,PriceCharting
Neo Destiny,Shining Charizard,107/105,1st Edition,PSA 10,2025-04-14,16601.00,USD,eBay,unknown,FALSE,,,Pokemon Shining Charizard Neo Destiny 1st Edition Secret Rare Holo #107 PSA 10,https://www.ebay.es/itm/286461314873,PriceCharting
Neo Destiny,Shining Charizard,107/105,1st Edition,PSA 10,2025-04-01,14225.00,USD,eBay,unknown,FALSE,,,2002 Pokemon Neo Destiny #107 Shining Charizard 1st Edition PSA 10 GEM MINT,https://www.ebay.es/itm/365480755093,PriceCharting
Neo Destiny,Shining Charizard,107/105,1st Edition,PSA 10,2025-03-30,9500,USD,eBay,BIN,FALSE,,28206108,,https://www.ebay.com/itm/146140123859,PSA APR
Neo Destiny,Shining Charizard,107/105,1st Edition,PSA 10,2025-01-20,11400,USD,eBay,auction,FALSE,,28549725,,https://www.ebay.com/itm/286258005906,PSA APR
Neo Destiny,Shining Charizard,107/105,1st Edition,PSA 10,2025-01-05,11900,USD,eBay,best offer,TRUE,,25265104,,https://www.ebay.com/itm/296912419208,PSA APR
Neo Destiny,Shining Charizard,107/105,1st Edition,PSA 10,2025-01-02,15000.00,USD,eBay,unknown,FALSE,,,Pokemon 1st Edition Neo Destiny Shining Charizard #107/105 PSA 10 #107,https://www.ebay.es/itm/375369055411,PriceCharting
Neo Destiny,Shining Charizard,107/105,1st Edition,PSA 10,2024-12-25,12851.68,USD,eBay,unknown,FALSE,,,2002 Pokemon Neo Destiny #107 Shining Charizard 1st Edition PSA 10,https://www.ebay.es/itm/256731868681,PriceCharting
Neo Destiny,Shining Charizard,107/105,1st Edition,PSA 9,2026-09-28,17699.00,USD,eBay,unknown,FALSE,,,2002 Pokemon Neo Destiny 1st Edition Shining Charizard Holo #107/105 PSA 9,https://www.ebay.es/itm/128088977675,PriceCharting
Neo Destiny,Shining Charizard,107/105,1st Edition,PSA 9,2026-09-25,17900.00,USD,eBay,unknown,FALSE,,,2002 POKEMON NEO DESTINY 1ST EDITION #107 SHINING CHARIZARD PSA 9 #107,https://www.ebay.es/itm/298607616147,PriceCharting
Neo Destiny,Shining Charizard,107/105,1st Edition,PSA 9,2026-08-30,16922.50,USD,eBay,best offer,TRUE,16579.90,,Pokemon: 1st Edition Neo Destiny Rare Holo: Shining Charizard 107/105: PSA 9 #107,https://www.ebay.es/itm/318473175692,PriceCharting
Neo Destiny,Shining Charizard,107/105,1st Edition,PSA 9,2026-08-12,14250.00,USD,eBay,unknown,FALSE,,,Pokemon Shining Charizard Neo Destiny 1st Edition Secret Rare Holo #107 PSA 9 107/105,https://www.ebay.es/itm/267740148520,PriceCharting
Neo Destiny,Shining Charizard,107/105,1st Edition,PSA 9,2026-07-20,16500.00,USD,eBay,unknown,FALSE,,,2002 Pokémon Neo Destiny 1st Edition Shining Charizard PSA 9 107/105,https://www.ebay.es/itm/358723373601,PriceCharting
Neo Destiny,Shining Charizard,107/105,1st Edition,PSA 9,2026-07-14,12301.00,USD,eBay,unknown,FALSE,,,2002 Pokemon Neo Destiny Shining Charizard 1st Edition Secret Rare PSA 9 107/105,https://www.ebay.es/itm/287445701398,PriceCharting
Neo Destiny,Shining Charizard,107/105,1st Edition,PSA 9,2026-07-07,15653.00,USD,eBay,best offer,TRUE,15653.00,,2002 Pokemon Neo Destiny Shining Charizard 1st Edition Secret Rare PSA 9 107/105,https://www.ebay.es/itm/398090892451,PriceCharting
Neo Destiny,Shining Charizard,107/105,1st Edition,PSA 9,2026-06-11,15995.00,USD,eBay,unknown,FALSE,,,2002 Pokemon Neo Destiny Shining Charizard 1st Edition Secret Rare PSA 9,https://www.ebay.es/itm/306946272051,PriceCharting
Neo Destiny,Shining Charizard,107/105,1st Edition,PSA 9,2026-06-07,14655.00,USD,eBay,unknown,FALSE,,,Pokemon Shining Charizard Neo Destiny 1st Edition Holo Secret Rare #107 PSA 9,https://www.ebay.es/itm/287359316402,PriceCharting
Neo Destiny,Shining Charizard,107/105,1st Edition,PSA 9,2026-05-03,12000.00,USD,eBay,best offer,TRUE,12000.00,,2002 POKEMON NEO DESTINY 1ST EDITION #107 SHINING CHARIZARD PSA 9 #107,https://www.ebay.es/itm/306909094652,PriceCharting
Neo Destiny,Shining Charizard,107/105,1st Edition,PSA 9,2026-04-07,13995.00,USD,eBay,unknown,FALSE,,,Pokemon Shining Charizard Neo Destiny 1st Edition Holo Secret Rare #107 PSA 9,https://www.ebay.es/itm/287247791703,PriceCharting
Neo Destiny,Shining Charizard,107/105,1st Edition,PSA 9,2026-04-04,13000.00,USD,eBay,best offer,TRUE,13000.00,,2002 POKEMON NEO DESTINY 1ST ED #107 SHINING CHARIZARD PSA 9 #107,https://www.ebay.es/itm/117068309423,PriceCharting
Neo Destiny,Shining Charizard,107/105,1st Edition,PSA 8,2026-09-27,8900.00,USD,eBay,unknown,FALSE,,,2002 POKEMON NEO DESTINY 1ST EDITION #107 SHINING CHARIZARD PSA 8 #107,https://www.ebay.es/itm/298530240840,PriceCharting
Neo Destiny,Shining Charizard,107/105,1st Edition,PSA 8,2026-07-23,8001.00,USD,eBay,unknown,FALSE,,,POKEMON SHINING CHARIZARD 2002 NEO DESTINY #107 1ST EDITION PSA 8 #107,https://www.ebay.es/itm/800349524176,PriceCharting
Neo Destiny,Shining Charizard,107/105,1st Edition,PSA 8,2026-07-18,8100.00,USD,eBay,unknown,FALSE,,,2002 POKEMON NEO DESTINY 1ST EDITION #107 SHINING CHARIZARD PSA 8 #107,https://www.ebay.es/itm/298493950161,PriceCharting
Neo Destiny,Shining Charizard,107/105,1st Edition,PSA 8,2026-07-18,7987.00,USD,eBay,unknown,FALSE,,,POKEMON SHINING CHARIZARD 2002 NEO DESTINY #107 1ST EDITION PSA 8 #107,https://www.ebay.es/itm/800321139923,PriceCharting
Neo Destiny,Shining Charizard,107/105,1st Edition,PSA 8,2026-07-02,9800.00,USD,eBay,unknown,FALSE,,,Pokemon PSA 8 1st Edition Shining Charizard 107/105 Neo Destiny Holo Card NM 107/105,https://www.ebay.es/itm/168411188332,PriceCharting
Neo Destiny,Shining Charizard,107/105,1st Edition,PSA 8,2026-07-02,9700.00,USD,eBay,unknown,FALSE,,,POKEMON SHINING CHARIZARD 2002 NEO DESTINY #107 1ST EDITION PSA 8 #107,https://www.ebay.es/itm/800238134331,PriceCharting
Neo Destiny,Shining Charizard,107/105,1st Edition,PSA 8,2026-06-28,9320.00,USD,eBay,unknown,FALSE,,,2002 Pokemon Neo Destiny Shining Charizard #107 NM-MT PSA 8 1st Edition #107,https://www.ebay.es/itm/188525520624,PriceCharting
Neo Destiny,Shining Charizard,107/105,1st Edition,PSA 8,2026-06-09,8950.00,USD,eBay,unknown,FALSE,,,POKEMON SHINING CHARIZARD 2002 NEO DESTINY 1ST EDITION #107 PSA 8 #107,https://www.ebay.es/itm/327176320092,PriceCharting
Neo Destiny,Shining Charizard,107/105,1st Edition,PSA 8,2026-06-04,9056.56,USD,eBay,unknown,FALSE,,,POKEMON SHINING CHARIZARD 2002 NEO DESTINY 1ST ED PSA 8/MBA SILVER DIAMOND #107,https://www.ebay.es/itm/800080778533,PriceCharting
Neo Destiny,Shining Charizard,107/105,1st Edition,PSA 8,2026-05-30,9000.00,USD,eBay,best offer,TRUE,9000.00,,⭐️🔥2002 Pokemon Neo Destiny 1st Edition #107/105 Shining Charizard PSA 8🔥⭐️,https://www.ebay.es/itm/188437744145,PriceCharting
Neo Destiny,Shining Charizard,107/105,1st Edition,PSA 8,2026-05-28,8100.00,USD,eBay,unknown,FALSE,,,POKEMON SHINING CHARIZARD 2002 NEO DESTINY 1ST EDITION #107 PSA 8 #107,https://www.ebay.es/itm/800045571872,PriceCharting
Neo Destiny,Shining Charizard,107/105,1st Edition,PSA 8,2026-02-16,8000.00,USD,eBay,unknown,FALSE,,,2002 POKEMON NEO DESTINY 1ST ED #107 SHINING CHARIZARD PSA 8 #107,https://www.ebay.es/itm/306762257877,PriceCharting
Neo Destiny,Shining Charizard,107/105,1st Edition,PSA 8,2026-02-10,6500.00,USD,eBay,unknown,FALSE,,,2002 Pokemon Neo Destiny 1st Edition #107 Shining Charizard HOLO PSA 8 NM-MT,https://www.ebay.es/itm/147127081051,PriceCharting
Neo Destiny,Shining Charizard,107/105,1st Edition,PSA 8,2026-01-22,4700.00,USD,eBay,unknown,FALSE,,,2002 Pokemon Neo Destiny 1st Edition #107 Shining Charizard HOLO PSA 8 NM-MT,https://www.ebay.es/itm/147093678081,PriceCharting
Neo Destiny,Shining Charizard,107/105,1st Edition,PSA 8,2026-01-17,4668.00,USD,eBay,unknown,FALSE,,,Pokémon TCG Shining Charizard Card 107/105 Neo Destiny 1st Edition PSA 8 107/105,https://www.ebay.es/itm/147077967502,PriceCharting
Neo Destiny,Shining Charizard,107/105,1st Edition,PSA 8,2026-01-03,6000.00,USD,eBay,unknown,FALSE,,,2002 POKEMON NEO DESTINY 1ST ED #107 SHINING CHARIZARD PSA 8 #107,https://www.ebay.es/itm/306690288067,PriceCharting
Neo Destiny,Shining Charizard,107/105,1st Edition,PSA 8,2025-12-28,4250.00,USD,eBay,unknown,FALSE,,,2002 POKEMON NEO DESTINY 1ST ED #107 SHINING CHARIZARD PSA 8 #107,https://www.ebay.es/itm/297884036132,PriceCharting
Neo Destiny,Shining Charizard,107/105,1st Edition,PSA 8,2025-10-31,4200.00,USD,eBay,best offer,TRUE,4200.00,,2002 Pokemon Neo Destiny 1st Edition Shining Charizard #107 PSA 8 #107,https://www.ebay.es/itm/406330636253,PriceCharting
Neo Destiny,Shining Charizard,107/105,Unlimited,PSA 10,2026-09-21,26000,USD,Fanatics Collect,best offer,TRUE,,20645918,,https://www.fanaticscollect.com/buy-now/b274df19-b6d1-40ce-a882-cf468054326e,PSA APR
Neo Destiny,Shining Charizard,107/105,Unlimited,PSA 10,2026-09-21,26400,USD,Fanatics Collect,auction,FALSE,,44179265,,https://www.fanaticscollect.com/weekly/32eb81f8-ae20-11f1-b223-0affd6657125,PSA APR
Neo Destiny,Shining Charizard,107/105,Unlimited,PSA 10,2026-09-10,21960,USD,Goldin Auctions,auction,FALSE,,28454791,,https://goldin.co/item/2002-pokemon-neo-destiny-holo-107-shining-charizard-psa-gem-mt-10yayuo,PSA APR
Neo Destiny,Shining Charizard,107/105,Unlimited,PSA 10,2026-08-04,21350,USD,Goldin Auctions,auction,FALSE,,41117988,,https://goldin.co/item/2002-pokemon-neo-destiny-107-shining-charizard-psa-gem-mt-10y6a2e,PSA APR
Neo Destiny,Shining Charizard,107/105,Unlimited,PSA 10,2026-07-13,23999.00,USD,eBay,unknown,FALSE,,,2002 POKEMON NEO DESTINY #107 SHINING CHARIZARD PSA 10 #107,https://www.ebay.es/itm/298391837609,PriceCharting
Neo Destiny,Shining Charizard,107/105,Unlimited,PSA 10,2026-07-13,23900.00,USD,eBay,unknown,FALSE,,,2002 POKEMON NEO DESTINY #107 SHINING CHARIZARD PSA 10 #107,https://www.ebay.es/itm/117014043392,PriceCharting
Neo Destiny,Shining Charizard,107/105,Unlimited,PSA 10,2026-06-22,25800,USD,Fanatics Collect,auction,FALSE,,25843753,,https://www.fanaticscollect.com/weekly/7a0ac32a-6044-11f1-9e4a-0a58a9feac02,PSA APR
Neo Destiny,Shining Charizard,107/105,Unlimited,PSA 10,2026-06-15,20000.00,USD,eBay,unknown,FALSE,,,2002 POKEMON NEO DESTINY #107 SHINING CHARIZARD PSA 10 #107,https://www.ebay.es/itm/198393520081,PriceCharting
Neo Destiny,Shining Charizard,107/105,Unlimited,PSA 10,2026-05-18,14640,USD,Goldin Auctions,auction,FALSE,,51616256,,https://goldin.co/item/2002-pokemon-neo-destiny-107-shining-charizard-psa-gem-mt-109xaaw,PSA APR
Neo Destiny,Shining Charizard,107/105,Unlimited,PSA 10,2026-04-27,18000.00,USD,eBay,best offer,TRUE,18000.00,,Shining Charizard PSA 10 Pokémon Neo Destiny 107/105 Holo 2002 Low Pop 🔥 107/105,https://www.ebay.es/itm/227306434535,PriceCharting
Neo Destiny,Shining Charizard,107/105,Unlimited,PSA 10,2026-04-18,21150.00,USD,eBay,best offer,TRUE,21150.00,,Shining Charizard PSA 10 Pokémon Neo Destiny 107/105 Holo 2002 Low Pop 🔥 107/105,https://www.ebay.es/itm/227297898165,PriceCharting
Neo Destiny,Shining Charizard,107/105,Unlimited,PSA 10,2026-03-09,16209.9,USD,eBay,best offer,TRUE,,20645918,,https://www.ebay.com/itm/287135566852,PSA APR
Neo Destiny,Shining Charizard,107/105,Unlimited,PSA 10,2026-03-02,9800,USD,eBay,BIN,FALSE,,83555899,,https://www.ebay.com/itm/188113972915,PSA APR
Neo Destiny,Shining Charizard,107/105,Unlimited,PSA 10,2026-03-02,16200,USD,Fanatics Collect,auction,FALSE,,47731397,,https://www.fanaticscollect.com/weekly/7cfc0ebe-0ce7-11f1-b570-0a9dcf241f19,PSA APR
Neo Destiny,Shining Charizard,107/105,Unlimited,PSA 10,2026-02-24,16000,USD,eBay,best offer,TRUE,,83555899,,https://www.ebay.com/itm/406705878673,PSA APR
Neo Destiny,Shining Charizard,107/105,Unlimited,PSA 10,2026-02-23,14700,USD,eBay,auction,FALSE,,65154600,,https://www.ebay.com/itm/287142098317,PSA APR
Neo Destiny,Shining Charizard,107/105,Unlimited,PSA 10,2026-02-09,14900.00,USD,eBay,unknown,FALSE,,,Pokemon Shining Charizard Neo Destiny Unlimited Holo Secret Rare #107 PSA 10,https://www.ebay.es/itm/287111411522,PriceCharting
Neo Destiny,Shining Charizard,107/105,Unlimited,PSA 10,2026-01-22,14777.77,USD,eBay,unknown,FALSE,,,2002 Pokemon Neo Destiny #107 Shining Charizard PSA 10 Card GEM MINT NEW HOLDER! #107,https://www.ebay.es/itm/157612310801,PriceCharting
Neo Destiny,Shining Charizard,107/105,Unlimited,PSA 10,2026-01-19,13574.00,USD,eBay,unknown,FALSE,,,2002 POKEMON NEO DESTINY #107 SHINING CHARIZARD PSA 10 #107,https://www.ebay.es/itm/297923804644,PriceCharting
Neo Destiny,Shining Charizard,107/105,Unlimited,PSA 10,2026-01-19,13788.00,USD,eBay,unknown,FALSE,,,2002 POKEMON NEO DESTINY #107 SHINING CHARIZARD PSA 10 #107,https://www.ebay.es/itm/297925097275,PriceCharting
Neo Destiny,Shining Charizard,107/105,Unlimited,PSA 10,2025-12-22,10199.00,USD,eBay,unknown,FALSE,,,2002 POKEMON NEO DESTINY #107 SHINING CHARIZARD PSA 10 #107,https://www.ebay.es/itm/116921862660,PriceCharting
Neo Destiny,Shining Charizard,107/105,Unlimited,PSA 10,2025-12-06,12416.8,USD,eBay,auction,FALSE,,45892894,,https://www.ebay.com/itm/297802761300,PSA APR
Neo Destiny,Shining Charizard,107/105,Unlimited,PSA 10,2025-12-01,7450.00,USD,eBay,unknown,FALSE,,,Pokemon Shining Charizard Neo Destiny Unlimited Holo Secret Rare #107 PSA 10,https://www.ebay.es/itm/286965392922,PriceCharting
Neo Destiny,Shining Charizard,107/105,Unlimited,PSA 10,2025-11-19,3200,USD,eBay,auction,FALSE,,27005494,,https://www.ebay.com/itm/317539440514,PSA APR
Neo Destiny,Shining Charizard,107/105,Unlimited,PSA 10,2025-11-02,6188.61,USD,eBay,auction,FALSE,,27005494,,https://www.ebay.com/itm/286892654370,PSA APR
Neo Destiny,Shining Charizard,107/105,Unlimited,PSA 10,2025-10-19,7381,USD,Goldin Auctions,auction,FALSE,,79146588,,https://goldin.co/item/2002-pokemon-neo-destiny-107-shining-charizard-psa-gem-mt-102abdq,PSA APR
Neo Destiny,Shining Charizard,107/105,Unlimited,PSA 10,2025-10-05,6862.05,USD,eBay,unknown,FALSE,,,Pokemon Cards - PSA 10 Shining Charizard 107/105 - Neo Destiny - GEM MT - PSA10,https://www.ebay.es/itm/286838231145,PriceCharting
Neo Destiny,Shining Charizard,107/105,Unlimited,PSA 10,2025-09-11,8241.25,USD,eBay,unknown,FALSE,,,Pokemon Neo Destiny Shining Charizard PSA 10 Gem Mint #107,https://www.ebay.es/itm/175894916279,PriceCharting
Neo Destiny,Shining Charizard,107/105,Unlimited,PSA 10,2025-09-10,7700.00,USD,eBay,unknown,FALSE,,,2002 Pokemon Shining Charizard Neo Destiny #107 PSA 10 GEM MINT,https://www.ebay.es/itm/376523626179,PriceCharting
Neo Destiny,Shining Charizard,107/105,Unlimited,PSA 10,2025-09-08,7100.00,USD,eBay,unknown,FALSE,,,Pokemon Shining Charizard Neo Destiny Unlimited Secret Rare #107 PSA 10 Gem Mint,https://www.ebay.es/itm/286791499118,PriceCharting
Neo Destiny,Shining Charizard,107/105,Unlimited,PSA 10,2025-08-08,6000,USD,Heritage Auctions,auction,FALSE,,44179265,,https://comics.ha.com/itm/memorabilia/trading-cards/pokemon-shining-charizard-107-unlimited-neo-destiny-psa-trading-card-game-gem-mint-10-wizards-of-the-coast-2002-secret-rar/a/7442-36132.s?type=DA-DMC-CardLadder-TradingCardGames-7442-08082025,PSA APR
Neo Destiny,Shining Charizard,107/105,Unlimited,PSA 10,2025-08-01,7499.00,USD,eBay,unknown,FALSE,,,POKEMON PSA 10 GEM MINT SHINING CHARIZARD 107/105 NEO DESTINY 107/105,https://www.ebay.es/itm/306169613137,PriceCharting
Neo Destiny,Shining Charizard,107/105,Unlimited,PSA 10,2025-07-31,6500,USD,eBay,best offer,TRUE,,27284333,,https://www.ebay.com/itm/396915446452,PSA APR
Neo Destiny,Shining Charizard,107/105,Unlimited,PSA 10,2025-07-01,4750,USD,eBay,best offer,TRUE,,47981892,,https://www.ebay.com/itm/276984615919,PSA APR
Neo Destiny,Shining Charizard,107/105,Unlimited,PSA 10,2025-06-19,5850,USD,eBay,BIN,FALSE,,43052853,,https://www.ebay.com/itm/316644538129,PSA APR
Neo Destiny,Shining Charizard,107/105,Unlimited,PSA 10,2025-06-08,3895.8,USD,eBay,BIN,FALSE,,45892894,,https://www.ebay.com/itm/335662324050,PSA APR
Neo Destiny,Shining Charizard,107/105,Unlimited,PSA 10,2025-06-01,4988.00,USD,eBay,unknown,FALSE,,,Pokemon Shining Charizard Neo Destiny Unlimited Secret Rare Holo #107 PSA 10,https://www.ebay.es/itm/286595019012,PriceCharting
Neo Destiny,Shining Charizard,107/105,Unlimited,PSA 10,2025-05-26,5640,USD,Fanatics Collect,auction,FALSE,,40963678,,https://www.fanaticscollect.com/weekly/3419d306-303e-11f0-a872-0a5789ab3939,PSA APR
Neo Destiny,Shining Charizard,107/105,Unlimited,PSA 10,2025-05-23,5122.66,USD,eBay,auction,FALSE,,65595625,,https://www.ebay.com/itm/156987660887,PSA APR
Neo Destiny,Shining Charizard,107/105,Unlimited,PSA 10,2025-05-18,5200.00,USD,eBay,unknown,FALSE,,,Pokemon Shining Charizard Neo Destiny Unlimited Secret Rare Holo #107 PSA 10,https://www.ebay.es/itm/286555904671,PriceCharting
Neo Destiny,Shining Charizard,107/105,Unlimited,PSA 10,2025-05-14,5450.00,USD,eBay,unknown,FALSE,,,2002 Pokemon Neo Destiny #107 Shining Charizard PSA 10 GEM MT,https://www.ebay.es/itm/365586155323,PriceCharting
Neo Destiny,Shining Charizard,107/105,Unlimited,PSA 10,2025-05-12,5350,USD,eBay,auction,FALSE,,87843536,,https://www.ebay.com/itm/286539392189,PSA APR
Neo Destiny,Shining Charizard,107/105,Unlimited,PSA 10,2025-05-10,5099.99,USD,eBay,unknown,FALSE,,,2002 Pokemon Neo Destiny Unlimited #107 Shining Charizard Secret PSA 10 Gem Mint 107/105,https://www.ebay.es/itm/267134016142,PriceCharting
Neo Destiny,Shining Charizard,107/105,Unlimited,PSA 10,2025-05-09,5086.99,USD,eBay,unknown,FALSE,,,2002 Pokemon Neo Destiny Shining Charizard PSA 10 #107/105 107/105,https://www.ebay.es/itm/156945875854,PriceCharting
Neo Destiny,Shining Charizard,107/105,Unlimited,PSA 10,2025-04-23,4650.00,USD,eBay,unknown,FALSE,,,2002 Pokemon Neo Destiny Unlimited #107 Shining Charizard Secret PSA 10 Gem Mint 107/105,https://www.ebay.es/itm/396523694862,PriceCharting
Neo Destiny,Shining Charizard,107/105,Unlimited,PSA 10,2025-04-12,5450.00,USD,eBay,unknown,FALSE,,,POKEMON PSA 10 GEM MINT SHINING CHARIZARD 107/105 NEO DESTINY 107/105,https://www.ebay.es/itm/405317667302,PriceCharting
Neo Destiny,Shining Charizard,107/105,Unlimited,PSA 10,2025-04-09,6383.00,USD,eBay,unknown,FALSE,,,Pokemon Neo Destiny Shining Charizard PSA 10 Gem Mint #107,https://www.ebay.es/itm/197055977205,PriceCharting
Neo Destiny,Shining Charizard,107/105,Unlimited,PSA 10,2025-03-24,1725,USD,eBay,auction,FALSE,,27783442,,https://www.ebay.com/itm/316533415333,PSA APR
Neo Destiny,Shining Charizard,107/105,Unlimited,PSA 10,2025-03-23,5230.00,USD,eBay,unknown,FALSE,,,Pokemon Shining Charizard Neo Destiny Unlimited Secret Rare Holo #107 PSA 10,https://www.ebay.es/itm/286409493255,PriceCharting
Neo Destiny,Shining Charizard,107/105,Unlimited,PSA 10,2025-03-10,6300,USD,Fanatics Collect,auction,FALSE,,44179265,,https://www.fanaticscollect.com/weekly/75688676-f2dc-11ef-867f-0a58a9feac02,PSA APR
Neo Destiny,Shining Charizard,107/105,Unlimited,PSA 10,2025-03-05,3900,USD,eBay,best offer,TRUE,,27494027,,https://www.ebay.com/itm/156761570367,PSA APR
Neo Destiny,Shining Charizard,107/105,Unlimited,PSA 10,2025-03-04,5051.28,USD,eBay,unknown,FALSE,,,2002 POKEMON NEO DESTINY #107 SHINING CHARIZARD PSA 10 #107,https://www.ebay.es/itm/356599085579,PriceCharting
Neo Destiny,Shining Charizard,107/105,Unlimited,PSA 10,2025-02-27,4999.99,USD,eBay,unknown,FALSE,,,2002 POKEMON NEO DESTINY #107 SHINING CHARIZARD PSA 10 #107,https://www.ebay.es/itm/306046052049,PriceCharting
Neo Destiny,Shining Charizard,107/105,Unlimited,PSA 10,2025-02-26,3950,USD,eBay,auction,FALSE,,28487961,,https://www.ebay.com/itm/316300898973,PSA APR
Neo Destiny,Shining Charizard,107/105,Unlimited,PSA 10,2025-02-18,4999.99,USD,eBay,BIN,FALSE,,23388453,,https://www.ebay.com/itm/306046052049,PSA APR
Neo Destiny,Shining Charizard,107/105,Unlimited,PSA 10,2025-02-16,4150,USD,eBay,auction,FALSE,,45759514,,https://www.ebay.com/itm/286306379970,PSA APR
Neo Destiny,Shining Charizard,107/105,Unlimited,PSA 10,2025-01-25,5683.04,USD,eBay,best offer,TRUE,,83330970,,https://www.ebay.com/itm/286268517166,PSA APR
Neo Destiny,Shining Charizard,107/105,Unlimited,PSA 10,2025-01-10,3000,USD,eBay,best offer,TRUE,,27799946,,https://www.ebay.com/itm/156629919002,PSA APR
Neo Destiny,Shining Charizard,107/105,Unlimited,PSA 10,2025-01-06,4200,USD,Fanatics Collect,auction,FALSE,,95314757,,https://www.fanaticscollect.com/weekly/7bd5df6c-b73c-11ef-aac8-0283542e0aa7,PSA APR
Neo Destiny,Shining Charizard,107/105,Unlimited,PSA 10,2024-07-28,3461.99,USD,eBay,auction,FALSE,,57607273,,https://www.ebay.com/itm/135153311728,PSA APR
Neo Destiny,Shining Charizard,107/105,Unlimited,PSA 9,2026-09-29,6000.00,USD,eBay,best offer,TRUE,,,SHINING CHARIZARD PSA 9 2002 POKEMON NEO DESTINY #107 MINT 107/105 107/105,https://www.ebay.es/itm/227543670189,PriceCharting
Neo Destiny,Shining Charizard,107/105,Unlimited,PSA 9,2026-09-23,5222.00,USD,eBay,unknown,FALSE,,,2002 Pokemon Neo Destiny Shining Charizard Holo #107/105 PSA 9,https://www.ebay.es/itm/128084894204,PriceCharting
Neo Destiny,Shining Charizard,107/105,Unlimited,PSA 9,2026-09-22,6304.60,USD,eBay,unknown,FALSE,,,2002 Pokemon Shining Charizard Neo Destiny Unlimited Holo G #107 PSA 9 MINT,https://www.ebay.es/itm/206569938893,PriceCharting
Neo Destiny,Shining Charizard,107/105,Unlimited,PSA 9,2026-09-18,5000.00,USD,eBay,best offer,TRUE,5000.00,,2002 POKEMON NEO DESTINY #107 SHINING CHARIZARD PSA 9 107/105,https://www.ebay.es/itm/407204753002,PriceCharting
Neo Destiny,Shining Charizard,107/105,Unlimited,PSA 9,2026-09-17,6500.00,USD,eBay,unknown,FALSE,,,Pokemon Shining Charizard Neo Destiny Holo PSA 9 107/105,https://www.ebay.es/itm/127964199101,PriceCharting
Neo Destiny,Shining Charizard,107/105,Unlimited,PSA 9,2026-09-05,5923.14,USD,eBay,best offer,TRUE,,,[Pokemon PSA 9] 2002 Neo Destiny Shining Charizard Glurak English #107 + Case,https://www.ebay.es/itm/298306136254,PriceCharting
Neo Destiny,Shining Charizard,107/105,Unlimited,PSA 9,2026-09-03,5500.00,USD,eBay,unknown,FALSE,,,Pokémon Neo Destiny 2002 Shining Charizard PSA 9 WOTC Mint 107/105,https://www.ebay.es/itm/147545668819,PriceCharting
Neo Destiny,Shining Charizard,107/105,Unlimited,PSA 9,2026-08-17,5900.00,USD,eBay,unknown,FALSE,,,Pokemon 2002 Shining Charizard 107/105 Holo Neo Destiny PSA 9 107/105,https://www.ebay.es/itm/407126009630,PriceCharting
Neo Destiny,Shining Charizard,107/105,Unlimited,PSA 9,2026-08-02,6000.00,USD,eBay,unknown,FALSE,,,2002 POKEMON NEO DESTINY #107 SHINING CHARIZARD PSA 9 #107,https://www.ebay.es/itm/298539563240,PriceCharting
Neo Destiny,Shining Charizard,107/105,Unlimited,PSA 9,2026-07-30,5100.00,USD,eBay,unknown,FALSE,,,2002 POKEMON NEO DESTINY #107 SHINING CHARIZARD PSA 9 #107,https://www.ebay.es/itm/117329503723,PriceCharting
Neo Destiny,Shining Charizard,107/105,Unlimited,PSA 9,2026-07-17,5400.00,USD,eBay,unknown,FALSE,,,Pokemon 2002 Shining Charizard 107/105 Holo Neo Destiny PSA 9 107/105,https://www.ebay.es/itm/407062188663,PriceCharting
Neo Destiny,Shining Charizard,107/105,Unlimited,PSA 9,2026-07-16,5300.00,USD,eBay,unknown,FALSE,,,2002 Pokemon Shining Charizard #107 Neo Destiny PSA 9 107/105,https://www.ebay.es/itm/800311764994,PriceCharting
Neo Destiny,Shining Charizard,107/105,Unlimited,PSA 9,2026-07-13,4750.00,USD,eBay,unknown,FALSE,,,Pokemon Shining Charizard 107/105 Neo Destiny Holo Secret Rare PSA 9 107/105,https://www.ebay.es/itm/287452707041,PriceCharting
Neo Destiny,Shining Charizard,107/105,Unlimited,PSA 9,2026-07-05,5500.00,USD,eBay,unknown,FALSE,,,2002 Pokemon Shining Charizard #107 Neo Destiny PSA 9 107/105,https://www.ebay.es/itm/168490235440,PriceCharting
Neo Destiny,Shining Charizard,107/105,Unlimited,PSA 9,2026-07-02,7100.00,USD,eBay,unknown,FALSE,,,2002 Pokemon Shining Charizard #107 Neo Destiny PSA 9 107/105,https://www.ebay.es/itm/800238474369,PriceCharting
Neo Destiny,Shining Charizard,107/105,Unlimited,PSA 9,2026-06-26,4844.76,USD,eBay,unknown,FALSE,,,SHINING CHARIZARD POKEMON NEO DESTINY 2002 107 PSA 9,https://www.ebay.es/itm/137432141217,PriceCharting
Neo Destiny,Shining Charizard,107/105,Unlimited,PSA 9,2026-06-21,5522.11,USD,eBay,best offer,TRUE,5535.43,,Shining Charizard Neo Destiny Secret Rare Card 107/105 PSA 9 Mint Pokemon Card 107/105,https://www.ebay.es/itm/157804605659,PriceCharting
Neo Destiny,Shining Charizard,107/105,Unlimited,PSA 9,2026-06-21,5350.00,USD,eBay,unknown,FALSE,,,2002 POKEMON NEO DESTINY #107 SHINING CHARIZARD PSA 9 #107,https://www.ebay.es/itm/298400325255,PriceCharting
Neo Destiny,Shining Charizard,107/105,Unlimited,PSA 9,2026-06-20,5154.56,USD,eBay,unknown,FALSE,,,2002 POKEMON NEO DESTINY #107 SHINING CHARIZARD PSA 9 #107,https://www.ebay.es/itm/306995099971,PriceCharting
Neo Destiny,Shining Charizard,107/105,Unlimited,PSA 9,2026-06-16,4999.00,USD,eBay,unknown,FALSE,,,SHINING CHARIZARD POKEMON NEO DESTINY 2002 107 PSA 9 #107,https://www.ebay.es/itm/407005715256,PriceCharting
Neo Destiny,Shining Charizard,107/105,Unlimited,PSA 9,2026-06-14,4870.13,USD,eBay,unknown,FALSE,,,SHINING CHARIZARD POKEMON NEO DESTINY 2002 107 PSA 9,https://www.ebay.es/itm/137381526277,PriceCharting
Neo Destiny,Shining Charizard,107/105,Unlimited,PSA 9,2026-06-14,5077.21,USD,eBay,unknown,FALSE,,,2002 POKEMON NEO DESTINY #107/105 SHINING CHARIZARD HOLO PSA 9 107/105,https://www.ebay.es/itm/206325526235,PriceCharting
Neo Destiny,Shining Charizard,107/105,Unlimited,PSA 9,2026-06-11,5050.00,USD,eBay,best offer,TRUE,,,2002 POKEMON NEO DESTINY #107 SHINING CHARIZARD PSA 9 #107,https://www.ebay.es/itm/298400512350,PriceCharting
Neo Destiny,Shining Charizard,107/105,Unlimited,PSA 9,2026-06-11,5702.00,USD,eBay,unknown,FALSE,,,POP 1 MBA SILVER DIAMOND POKEMON SHINING CHARIZARD 2002 NEO DESTINY #107 PSA 9 107/105,https://www.ebay.es/itm/800118644550,PriceCharting
Neo Destiny,Shining Charizard,107/105,Unlimited,PSA 9,2026-05-31,6237.57,USD,eBay,unknown,FALSE,,,SHINING CHARIZARD POKEMON NEO DESTINY 2002 107 PSA 9,https://www.ebay.es/itm/137323737996,PriceCharting
Neo Destiny,Shining Charizard,107/105,Unlimited,PSA 8,2026-09-13,4750.00,USD,eBay,unknown,FALSE,,,2002 POKEMON NEO DESTINY #107 SHINING CHARIZARD PSA 8 #107,https://www.ebay.es/itm/307163624171,PriceCharting
Neo Destiny,Shining Charizard,107/105,Unlimited,PSA 8,2026-09-12,3816.28,USD,eBay,best offer,TRUE,3742.89,,Pokémon Shining Charizard Neo Destiny Holo Card Unlimited Rare 107/105 PSA 8 107/105,https://www.ebay.es/itm/188919696904,PriceCharting
Neo Destiny,Shining Charizard,107/105,Unlimited,PSA 8,2026-09-09,3650.00,USD,eBay,unknown,FALSE,,,POKEMON SHINING CHARIZARD 2002 NEO DESTINY #107 PSA 8 #107,https://www.ebay.es/itm/800603070492,PriceCharting
Neo Destiny,Shining Charizard,107/105,Unlimited,PSA 8,2026-09-07,3000.00,USD,eBay,unknown,FALSE,,,Pokemon Shining Charizard Neo Destiny Unlimited Holo Secret Rare #107 PSA 8,https://www.ebay.es/itm/287292342722,PriceCharting
Neo Destiny,Shining Charizard,107/105,Unlimited,PSA 8,2026-09-03,4000.00,USD,eBay,unknown,FALSE,,,Pokemon Shining Charizard Neo Destiny Unlimited 107/105 PSA 8 107/105,https://www.ebay.es/itm/287549808632,PriceCharting
Neo Destiny,Shining Charizard,107/105,Unlimited,PSA 8,2026-08-24,4050.00,USD,eBay,unknown,FALSE,,,2002 Pokemon Neo Destiny #107 Shining Charizard PSA 8 NM-MT,https://www.ebay.es/itm/366609954006,PriceCharting
Neo Destiny,Shining Charizard,107/105,Unlimited,PSA 8,2026-08-17,3700.00,USD,eBay,best offer,TRUE,,,Pokemon Shining Charizard Neo Destiny #107 - PSA 8 107/105,https://www.ebay.es/itm/278265977188,PriceCharting
Neo Destiny,Shining Charizard,107/105,Unlimited,PSA 8,2026-08-13,4000.00,USD,eBay,unknown,FALSE,,,2002 POKEMON NEO DESTINY #107 SHINING CHARIZARD PSA 8 #107,https://www.ebay.es/itm/117355543158,PriceCharting
Neo Destiny,Shining Charizard,107/105,Unlimited,PSA 8,2026-08-12,4400.00,USD,eBay,unknown,FALSE,,,POKEMON SHINING CHARIZARD 2002 NEO DESTINY #107 PSA 8 107/105,https://www.ebay.es/itm/127983026418,PriceCharting
Neo Destiny,Shining Charizard,107/105,Unlimited,PSA 8,2026-08-09,3742.86,USD,eBay,unknown,FALSE,,,Nintendo 2002 Pokemon Neo Destiny Shining Charizard 107/105 Holo PSA 8 107/105,https://www.ebay.es/itm/800463892171,PriceCharting
Neo Destiny,Shining Charizard,107/105,Unlimited,PSA 8,2026-08-09,4000.00,USD,eBay,unknown,FALSE,,,Pokemon Shining Charizard Neo Destiny #107 - PSA 8 107/105,https://www.ebay.es/itm/407118553733,PriceCharting
Neo Destiny,Shining Charizard,107/105,Unlimited,PSA 8,2026-08-06,3975.00,USD,eBay,unknown,FALSE,,,2002 Pokemon Neo Destiny #107 Shining Charizard PSA 8 NM-MT,https://www.ebay.es/itm/377379697976,PriceCharting
Neo Destiny,Shining Charizard,107/105,Unlimited,PSA 8,2026-08-06,3950.00,USD,eBay,unknown,FALSE,,,POKEMON SHINING CHARIZARD 2002 NEO DESTINY #107 PSA 8 SUPER CLEAN! 107/105,https://www.ebay.es/itm/318470301050,PriceCharting
Neo Destiny,Shining Charizard,107/105,Unlimited,PSA 8,2026-08-05,3556.74,USD,eBay,unknown,FALSE,,,Nintendo 2002 Pokemon Neo Destiny Shining Charizard 107/105 Holo PSA 8 107/105,https://www.ebay.es/itm/800462991901,PriceCharting
Neo Destiny,Shining Charizard,107/105,Unlimited,PSA 8,2026-07-30,3700.00,USD,eBay,best offer,TRUE,3700.00,,Pokemon Shining Charizard Neo Destiny #107 - PSA 8 107/105,https://www.ebay.es/itm/278201591255,PriceCharting
Neo Destiny,Shining Charizard,107/105,Unlimited,PSA 8,2026-07-19,3900.00,USD,eBay,unknown,FALSE,,,2002 POKEMON NEO DESTINY #107 SHINING CHARIZARD PSA 8 #107,https://www.ebay.es/itm/307070954409,PriceCharting
Neo Destiny,Shining Charizard,107/105,Unlimited,PSA 8,2026-07-16,3350.00,USD,eBay,unknown,FALSE,,,POKEMON SHINING CHARIZARD 2002 NEO DESTINY #107 PSA 8 #107,https://www.ebay.es/itm/800311363417,PriceCharting
Neo Destiny,Shining Charizard,107/105,Unlimited,PSA 8,2026-07-13,3799.99,USD,eBay,unknown,FALSE,,,2002 POKEMON NEO DESTINY #107 SHINING CHARIZARD PSA 8 #107,https://www.ebay.es/itm/117283493852,PriceCharting
Neo Destiny,Shining Charizard,107/105,Unlimited,PSA 8,2026-07-11,3500.00,USD,eBay,unknown,FALSE,,,2002 POKEMON NEO DESTINY #107 SHINING CHARIZARD PSA 8 #107,https://www.ebay.es/itm/407051299382,PriceCharting
Neo Destiny,Shining Charizard,107/105,Unlimited,PSA 8,2026-07-06,3450.00,USD,eBay,unknown,FALSE,,,2002 POKEMON NEO DESTINY #107 SHINING CHARIZARD PSA 8 #107,https://www.ebay.es/itm/298458954090,PriceCharting
Neo Destiny,Shining Charizard,107/105,Unlimited,PSA 8,2026-06-28,3699.99,USD,eBay,unknown,FALSE,,,2002 POKEMON NEO DESTINY #107 SHINING CHARIZARD PSA 8 #107,https://www.ebay.es/itm/307020802233,PriceCharting
Neo Destiny,Shining Charizard,107/105,Unlimited,PSA 8,2026-06-25,3250.00,USD,eBay,unknown,FALSE,,,POKEMON SHINING CHARIZARD 2002 NEO DESTINY #107 PSA 8 #107,https://www.ebay.es/itm/800198057175,PriceCharting
Neo Destiny,Shining Charizard,107/105,Unlimited,PSA 8,2026-06-22,3250.00,USD,eBay,unknown,FALSE,,,2002 Pokemon TCG Neo Destiny Shining Charizard Holo Secret Rare 107/105 PSA 8 107/105,https://www.ebay.es/itm/137427614385,PriceCharting
Neo Destiny,Shining Kabutops,108/105,1st Edition,PSA 10,2026-09-28,19200,USD,Fanatics Collect,auction,FALSE,,111584736,,https://www.fanaticscollect.com/weekly/efe81996-b1ff-11f1-ac82-0a58a9feac02,PSA APR
Neo Destiny,Shining Kabutops,108/105,1st Edition,PSA 10,2026-09-24,19999,USD,eBay,auction,FALSE,,103919892,,https://www.ebay.com/itm/298701294365,PSA APR
Neo Destiny,Shining Kabutops,108/105,1st Edition,PSA 10,2026-09-23,17111.99,USD,eBay,best offer,TRUE,,49530618,,https://www.ebay.com/itm/318525558033,PSA APR
Neo Destiny,Shining Kabutops,108/105,1st Edition,PSA 10,2026-09-22,10693.59,USD,eBay,unknown,FALSE,,,Shining Kabutops 108/105 PSA 10 1st edition Neo Destiny Pokemon Card Game 108/105,https://www.ebay.es/itm/287600465184,PriceCharting
Neo Destiny,Shining Kabutops,108/105,1st Edition,PSA 10,2026-09-17,9791,USD,Fanatics Collect,best offer,TRUE,,86500564,,https://www.fanaticscollect.com/buy-now/9b508b1d-3a10-407d-8631-8aa0a5151d29,PSA APR
Neo Destiny,Shining Kabutops,108/105,1st Edition,PSA 10,2026-09-13,8500.00,USD,eBay,unknown,FALSE,,,Pokemon Shining Kabutops Neo Destiny 108/105 1st Edition Holo PSA 10 Gem Mint 108/105,https://www.ebay.es/itm/287519693668,PriceCharting
Neo Destiny,Shining Kabutops,108/105,1st Edition,PSA 10,2026-08-24,7800,USD,Fanatics Collect,auction,FALSE,,62412727,,https://www.fanaticscollect.com/weekly/f788a946-94cb-11f1-89c9-0a58a9feac02,PSA APR
Neo Destiny,Shining Kabutops,108/105,1st Edition,PSA 10,2026-08-11,6600.00,USD,eBay,unknown,FALSE,,,2002 Pokemon Neo Destiny 1st Edition #108 Shining Kabutops PSA 10 GEM MINT,https://www.ebay.es/itm/366584049790,PriceCharting
Neo Destiny,Shining Kabutops,108/105,1st Edition,PSA 10,2026-08-07,7300.00,USD,eBay,unknown,FALSE,,,POKEMON SHINING KABUTOPS 2002 NEO DESTINY #108 1st EDITION PSA 10 #108,https://www.ebay.es/itm/800434392086,PriceCharting
Neo Destiny,Shining Kabutops,108/105,1st Edition,PSA 10,2026-06-01,8700,USD,Fanatics Collect,auction,FALSE,,27285232,,https://www.fanaticscollect.com/weekly/5d11a8c4-4807-11f1-a272-0a58a9feac02,PSA APR
Neo Destiny,Shining Kabutops,108/105,1st Edition,PSA 10,2026-05-18,7320,USD,Goldin Auctions,auction,FALSE,,21364172,,https://goldin.co/item/2002-pokemon-neo-destiny-1st-edition-108-shining-kabutops-psa-gem-mt-10p3sy,PSA APR
Neo Destiny,Shining Kabutops,108/105,1st Edition,PSA 10,2026-04-13,13250.00,USD,eBay,best offer,TRUE,13250.00,,PSA 10 Shining Kabutops Neo Destiny First Edition 1st Holo Pokemon Gem Mint,https://www.ebay.es/itm/188196688201,PriceCharting
Neo Destiny,Shining Kabutops,108/105,1st Edition,PSA 10,2026-04-13,10370,USD,Goldin Auctions,auction,FALSE,,27819433,,https://goldin.co/item/2002-pokemon-neo-destiny-1st-edition-holo-108-shining-kabutops-psa-gemjar15,PSA APR
Neo Destiny,Shining Kabutops,108/105,1st Edition,PSA 10,2026-03-17,9995.00,USD,eBay,unknown,FALSE,,,Pokemon Shining Kabutops Neo Destiny 1st Edition Holo #108 PSA 10 Gem Mint #108,https://www.ebay.es/itm/366280366464,PriceCharting
Neo Destiny,Shining Kabutops,108/105,1st Edition,PSA 10,2026-03-02,6428.40,USD,eBay,unknown,FALSE,,,Pokemon Shining Kabutops Neo Destiny 1st Edition Holo Secret Rare #108 PSA 10,https://www.ebay.es/itm/298044447700,PriceCharting
Neo Destiny,Shining Kabutops,108/105,1st Edition,PSA 10,2026-02-24,4250.00,USD,eBay,unknown,FALSE,,,2002 Shining Kabutops 1st Edition PSA 10 Gem MT 108/105 Neo Destiny Pokemon Card 108/105,https://www.ebay.es/itm/227212507318,PriceCharting
Neo Destiny,Shining Kabutops,108/105,1st Edition,PSA 10,2026-02-24,4250.00,USD,eBay,unknown,FALSE,,,2002 Shining Kabutops 1st Edition PSA 10 Gem MT 108/105 Neo Destiny Pokemon Card 108/105,https://www.ebay.es/itm/227191234447,PriceCharting
Neo Destiny,Shining Kabutops,108/105,1st Edition,PSA 10,2026-02-16,4320,USD,Fanatics Collect,auction,FALSE,,42870128,,https://www.fanaticscollect.com/weekly/860bb6b6-018a-11f1-a6e0-0642102a015b,PSA APR
Neo Destiny,Shining Kabutops,108/105,1st Edition,PSA 10,2026-02-10,3500.00,USD,eBay,best offer,TRUE,3500.00,,2002 POKEMON NEO DESTINY 1ST ED #108 SHINING KABUTOPS PSA 10 #108,https://www.ebay.es/itm/298017215696,PriceCharting
Neo Destiny,Shining Kabutops,108/105,1st Edition,PSA 10,2026-02-09,3255.00,USD,eBay,unknown,FALSE,,,Pokemon Shining Kabutops Neo Destiny 1st Edition Holo Secret Rare #108 PSA 10,https://www.ebay.es/itm/287111408979,PriceCharting
Neo Destiny,Shining Kabutops,108/105,1st Edition,PSA 10,2026-02-02,3600.00,USD,eBay,best offer,TRUE,,,2002 POKEMON NEO DESTINY 1ST ED #108 SHINING KABUTOPS PSA 10 #108,https://www.ebay.es/itm/117006741620,PriceCharting
Neo Destiny,Shining Kabutops,108/105,1st Edition,PSA 10,2026-01-06,3200.00,USD,eBay,unknown,FALSE,,,2002 POKEMON NEO DESTINY 1ST ED #108 SHINING KABUTOPS PSA 10 #108,https://www.ebay.es/itm/306695879584,PriceCharting
Neo Destiny,Shining Kabutops,108/105,1st Edition,PSA 10,2025-12-24,3499.99,USD,eBay,unknown,FALSE,,,Pokemon Shining Kabutops Neo Destiny 1st Edition Secret Rare Holo #108 PSA 10,https://www.ebay.es/itm/286715832000,PriceCharting
Neo Destiny,Shining Kabutops,108/105,1st Edition,PSA 10,2025-11-23,3599.99,USD,eBay,best offer,TRUE,3599.99,,Pokemon Shining Kabutops Neo Destiny 1st Edition Secret Rare Holo #108 PSA 10 #108,https://www.ebay.es/itm/286934241595,PriceCharting
Neo Destiny,Shining Kabutops,108/105,1st Edition,PSA 10,2025-11-16,2550.00,USD,eBay,unknown,FALSE,,,Pokemon Shining Kabutops Neo Destiny 1st Edition Holo Secret Rare #108 PSA 10,https://www.ebay.es/itm/286921625009,PriceCharting
Neo Destiny,Shining Kabutops,108/105,1st Edition,PSA 10,2025-10-06,3360,USD,Fanatics Collect,auction,FALSE,,27216801,,https://www.fanaticscollect.com/weekly/81c8eb66-9801-11f0-9674-02d93b7d50ab,PSA APR
Neo Destiny,Shining Kabutops,108/105,1st Edition,PSA 10,2025-10-05,2904,USD,eBay,best offer,TRUE,,40825011,,https://www.ebay.com/itm/116801454129,PSA APR
Neo Destiny,Shining Kabutops,108/105,1st Edition,PSA 10,2025-10-04,3311.00,USD,eBay,unknown,FALSE,,,2002 POKEMON NEO DESTINY 1ST EDITION #108 SHINING KABUTOPS PSA 10 MINT 108/105 #108,https://www.ebay.es/itm/267414579314,PriceCharting
Neo Destiny,Shining Kabutops,108/105,1st Edition,PSA 10,2025-07-19,1400.00,USD,eBay,unknown,FALSE,,,2002 POKEMON NEO DESTINY 1ST ED #108 SHINING KABUTOPS PSA 10 #108,https://www.ebay.es/itm/306402125078,PriceCharting
Neo Destiny,Shining Kabutops,108/105,1st Edition,PSA 10,2025-03-20,1954.62,USD,eBay,unknown,FALSE,,,Pokemon Shining Kabutops 2002 Neo Destiny 1st Edition #108 PSA 10 Gem Mint,https://www.ebay.es/itm/297083780466,PriceCharting
Neo Destiny,Shining Kabutops,108/105,1st Edition,PSA 10,2025-02-24,1825.00,USD,eBay,unknown,FALSE,,,Pokemon Shining Kabutops Neo Destiny 1st Edition Secret Rare Holo #108 PSA 10,https://www.ebay.es/itm/286330316120,PriceCharting
Neo Destiny,Shining Kabutops,108/105,1st Edition,PSA 10,2025-02-09,1600.00,USD,eBay,unknown,FALSE,,,Pokemon Shining Kabutops Neo Destiny 1st Edition Secret Rare Holo #108 PSA 10,https://www.ebay.es/itm/286294610298,PriceCharting
Neo Destiny,Shining Kabutops,108/105,1st Edition,PSA 10,2025-02-09,1690.00,USD,eBay,unknown,FALSE,,,Pokemon Shining Kabutops Neo Destiny 1st Edition Secret Rare Holo #108 PSA 10,https://www.ebay.es/itm/286293054269,PriceCharting
Neo Destiny,Shining Kabutops,108/105,1st Edition,PSA 10,2025-01-27,1350,USD,Fanatics Collect,auction,FALSE,,43478766,,https://www.fanaticscollect.com/weekly/2556e316-d532-11ef-aec4-029b448409ed,PSA APR
Neo Destiny,Shining Kabutops,108/105,1st Edition,PSA 10,2024-07-12,1047.76,USD,eBay,unknown,FALSE,,,2002 POKEMON NEO DESTINY SHINING KABUTOPS HOLO 1ST EDITION #108 PSA 10,https://www.ebay.es/itm/204869065580,PriceCharting
Neo Destiny,Shining Kabutops,108/105,1st Edition,PSA 10,2024-03-31,864.43,USD,eBay,unknown,FALSE,,,Pokemon - PSA 10 1st Edition Neo Destiny Shining Kabutops #108/105 #108,https://www.ebay.es/itm/235273106403,PriceCharting
Neo Destiny,Shining Kabutops,108/105,1st Edition,PSA 10,2023-12-12,816.00,USD,eBay,unknown,FALSE,,,2002 Pokemon Neo Destiny 1st Edition #108 Shining Kabutops PSA 10 GEM MINT,https://www.ebay.es/itm/375100266707,PriceCharting
Neo Destiny,Shining Kabutops,108/105,1st Edition,PSA 10,2023-11-22,910.00,USD,eBay,unknown,FALSE,,,2002 Pokemon Neo Destiny 1st Edition #108 Shining Kabutops PSA 10 GEM MINT,https://www.ebay.es/itm/386283740636,PriceCharting
Neo Destiny,Shining Kabutops,108/105,1st Edition,PSA 9,2026-09-14,3250.00,USD,eBay,unknown,FALSE,,,2002 POKEMON NEO DESTINY 1ST EDITION #108 SHINING KABUTOPS PSA 9 #108,https://www.ebay.es/itm/366609637242,PriceCharting
Neo Destiny,Shining Kabutops,108/105,1st Edition,PSA 9,2026-07-21,2111.59,USD,eBay,best offer,TRUE,,,Pokemon PSA 9 Shining Kabutops #108 1St Edition Neo Destiny 2002 English,https://www.ebay.es/itm/287458518443,PriceCharting
Neo Destiny,Shining Kabutops,108/105,1st Edition,PSA 9,2026-06-22,2000.00,USD,eBay,unknown,FALSE,,,Pokemon 2002 Shining Kabutops 108/105 1st Edition Secret Rare Neo Destiny PSA 9 108/105,https://www.ebay.es/itm/406994360260,PriceCharting
Neo Destiny,Shining Kabutops,108/105,1st Edition,PSA 9,2026-06-14,1700.00,USD,eBay,unknown,FALSE,,,Pokemon Shining Kabutops Neo Destiny 1st Edition Holo Secret Rare #108 PSA 9,https://www.ebay.es/itm/287372420404,PriceCharting
Neo Destiny,Shining Kabutops,108/105,1st Edition,PSA 9,2026-05-31,2641.65,USD,eBay,unknown,FALSE,,,SHINING KABUTOPS 1ST EDITION POKEMON NEO DESTINY 2002 108 PSA 9,https://www.ebay.es/itm/137330990860,PriceCharting
Neo Destiny,Shining Kabutops,108/105,1st Edition,PSA 9,2026-04-08,1500.00,USD,eBay,unknown,FALSE,,,2002 POKEMON NEO DESTINY 1ST ED #108 SHINING KABUTOPS PSA 9 #108,https://www.ebay.es/itm/117131147241,PriceCharting
Neo Destiny,Shining Kabutops,108/105,1st Edition,PSA 9,2026-03-20,1425.00,USD,eBay,unknown,FALSE,,,2002 Pokemon Neo Destiny 1st Edition #108 Shining Kabutops PSA 9 MINT,https://www.ebay.es/itm/377029257260,PriceCharting
Neo Destiny,Shining Kabutops,108/105,1st Edition,PSA 9,2026-03-19,1425.00,USD,eBay,unknown,FALSE,,,2002 Pokemon Neo Destiny 1st Edition Shining Kabutops Holo #108/105 PSA 9,https://www.ebay.es/itm/127740059231,PriceCharting
Neo Destiny,Shining Kabutops,108/105,1st Edition,PSA 9,2026-02-18,1409.90,USD,eBay,unknown,FALSE,,,2002 Pokemon Neo Destiny 1st Edition Shining Kabutops Holo #108/105 PSA 9 108/105,https://www.ebay.es/itm/267579233080,PriceCharting
Neo Destiny,Shining Kabutops,108/105,1st Edition,PSA 9,2026-01-19,1400.00,USD,eBay,unknown,FALSE,,,2002 Pokemon Neo Destiny 1st Edition Shining Kabutops Holo #108/105 PSA 9 108/105,https://www.ebay.es/itm/187938551894,PriceCharting
Neo Destiny,Shining Kabutops,108/105,1st Edition,PSA 9,2026-01-18,1300.00,USD,eBay,unknown,FALSE,,,2002 Pokemon Neo Destiny 1st Edition Shining Kabutops Holo #108/105 PSA 9 108/105,https://www.ebay.es/itm/397485657146,PriceCharting
Neo Destiny,Shining Kabutops,108/105,1st Edition,PSA 9,2026-01-15,1330.00,USD,eBay,unknown,FALSE,,,2002 POKEMON NEO DESTINY 1ST EDITION #108 SHINING KABUTOPS PSA 9 #108,https://www.ebay.es/itm/306697803425,PriceCharting
Neo Destiny,Shining Kabutops,108/105,1st Edition,PSA 9,2026-01-05,1300.00,USD,eBay,best offer,TRUE,1300.00,,PSA 9 Shining Kabutops 1st Edition Neo Destiny Holo Pokemon #108 Mint #108,https://www.ebay.es/itm/236335406027,PriceCharting
Neo Destiny,Shining Kabutops,108/105,1st Edition,PSA 9,2025-12-21,1262.88,USD,eBay,unknown,FALSE,,,Pokemon PSA 9 Shining Kabutops #108 1St Edition Neo Destiny 2002 English,https://www.ebay.es/itm/287001177218,PriceCharting
Neo Destiny,Shining Kabutops,108/105,1st Edition,PSA 9,2025-12-15,1400.00,USD,eBay,unknown,FALSE,,,Pokemon Shining Kabutops Neo Destiny 1st Edition Holo Secret Rare #108 PSA 9,https://www.ebay.es/itm/286991394484,PriceCharting
Neo Destiny,Shining Kabutops,108/105,1st Edition,PSA 9,2025-12-10,1312.53,USD,eBay,best offer,TRUE,,,Pokemon PSA 9 Shining Kabutops #108 1St Edition Neo Destiny 2002 English,https://www.ebay.es/itm/286708496417,PriceCharting
Neo Destiny,Shining Kabutops,108/105,1st Edition,PSA 9,2025-11-21,1199.00,USD,eBay,unknown,FALSE,,,2002 POKEMON NEO DESTINY 1ST ED #108 SHINING KABUTOPS PSA 9 #108,https://www.ebay.es/itm/297770135022,PriceCharting
Neo Destiny,Shining Kabutops,108/105,1st Edition,PSA 9,2025-10-23,1175.00,USD,eBay,unknown,FALSE,,,Shining Kabutops Holo 1st Edition - Neo Destiny - PSA 9 - Pokemon TCG 108/105,https://www.ebay.es/itm/297699141887,PriceCharting
Neo Destiny,Shining Kabutops,108/105,1st Edition,PSA 9,2025-09-26,1350.00,USD,eBay,unknown,FALSE,,,2002 POKEMON NEO DESTINY 1ST ED #108 SHINING KABUTOPS PSA 9 #108,https://www.ebay.es/itm/187598006275,PriceCharting
Neo Destiny,Shining Kabutops,108/105,1st Edition,PSA 9,2025-08-25,1085.54,USD,eBay,unknown,FALSE,,,Pokemon HOLO SHINING KABUTOPS 1st Edition 2002 Neo Destiny PSA 9 MINT,https://www.ebay.es/itm/127087473083,PriceCharting
Neo Destiny,Shining Kabutops,108/105,1st Edition,PSA 9,2025-08-07,1100.00,USD,eBay,unknown,FALSE,,,Shining Kabutops [1st Edition] #108 Pokemon Neo Destiny PSA 9 #113,https://www.ebay.es/itm/388808263851,PriceCharting
Neo Destiny,Shining Kabutops,108/105,1st Edition,PSA 8,2026-09-27,1881.07,USD,eBay,unknown,FALSE,,,Shining Kabutops #108 1st Edition Neo Destiny Holo Pokemon 2002 PSA 8,https://www.ebay.es/itm/267790933289,PriceCharting
Neo Destiny,Shining Kabutops,108/105,1st Edition,PSA 8,2026-09-13,1883.72,USD,eBay,unknown,FALSE,,,Shining Kabutops #108 1st Edition Neo Destiny Holo Pokemon 2002 PSA 8,https://www.ebay.es/itm/267775099962,PriceCharting
Neo Destiny,Shining Kabutops,108/105,1st Edition,PSA 8,2026-09-13,1354.02,USD,eBay,unknown,FALSE,,,2002 POKEMON NEO DESTINY #108 SHINING KABUTOPS 1ST EDITION PSA 8 #108,https://www.ebay.es/itm/307158162345,PriceCharting
Neo Destiny,Shining Kabutops,108/105,1st Edition,PSA 8,2026-08-07,1362.27,USD,eBay,unknown,FALSE,,,PSA 8 Shining Kabutops 1st Edition Neo Destiny 108/105 Pokemon Holo Secret Rare 108/105,https://www.ebay.es/itm/206274948367,PriceCharting
Neo Destiny,Shining Kabutops,108/105,1st Edition,PSA 8,2026-07-31,1750.00,USD,eBay,unknown,FALSE,,,Pokemon Shining Kabutops 108/105 Neo Destiny 1st Ed Holo English 2002 PSA 8 108/105,https://www.ebay.es/itm/336683715206,PriceCharting
Neo Destiny,Shining Kabutops,108/105,1st Edition,PSA 8,2026-07-23,1200.00,USD,eBay,unknown,FALSE,,,Pokemon Shining Kabutops Neo Destiny 1st Edition Holo Secret Rare #108 PSA 8,https://www.ebay.es/itm/287386777126,PriceCharting
Neo Destiny,Shining Kabutops,108/105,1st Edition,PSA 8,2026-06-30,455.00,USD,eBay,unknown,FALSE,,,2002 POKEMON NEO DESTINY 1ST EDITION #108 SHINING KABUTOPS PSA 8 108/105,https://www.ebay.es/itm/257587231238,PriceCharting
Neo Destiny,Shining Kabutops,108/105,1st Edition,PSA 8,2026-06-27,1225.00,USD,eBay,unknown,FALSE,,,2002 POKEMON NEO DESTINY 1ST EDITION #108 SHINING KABUTOPS PSA 8 #108,https://www.ebay.es/itm/307010818480,PriceCharting
Neo Destiny,Shining Kabutops,108/105,1st Edition,PSA 8,2026-06-22,959.00,USD,eBay,best offer,TRUE,,,2002 POKEMON NEO DESTINY 1ST EDITION #108 SHINING KABUTOPS PSA 8 #108,https://www.ebay.es/itm/298435999413,PriceCharting
Neo Destiny,Shining Kabutops,108/105,1st Edition,PSA 8,2026-06-16,1150.00,USD,eBay,best offer,TRUE,1150.00,,2002 Pokemon TCG Neo Destiny Shining Kabutops 108/105 Holo 1st Ed PSA 8 108/105,https://www.ebay.es/itm/406985328615,PriceCharting
Neo Destiny,Shining Kabutops,108/105,1st Edition,PSA 8,2026-06-14,1400.93,USD,eBay,unknown,FALSE,,,Pokemon Cards: Neo Destiny 1st Edition Rare Holo: Shining Kabutops 108/105 PSA 8 #108,https://www.ebay.es/itm/318399996845,PriceCharting
Neo Destiny,Shining Kabutops,108/105,1st Edition,PSA 8,2026-05-17,1175.00,USD,eBay,unknown,FALSE,,,Pokemon Shining Kabutops Neo Destiny 1st Edition Holo Secret Rare #108 PSA 8,https://www.ebay.es/itm/287318134008,PriceCharting
Neo Destiny,Shining Kabutops,108/105,1st Edition,PSA 8,2026-05-03,1225.00,USD,eBay,unknown,FALSE,,,2002 POKEMON NEO DESTINY 1ST ED #108 SHINING KABUTOPS PSA 8 Original Buyer #108,https://www.ebay.es/itm/397883475395,PriceCharting
Neo Destiny,Shining Kabutops,108/105,1st Edition,PSA 8,2026-04-06,1100.00,USD,eBay,unknown,FALSE,,,2002 POKEMON NEO DESTINY 1ST ED #108 SHINING KABUTOPS PSA 8 #108,https://www.ebay.es/itm/306864855431,PriceCharting
Neo Destiny,Shining Kabutops,108/105,1st Edition,PSA 8,2026-04-04,1500.00,USD,eBay,best offer,TRUE,1500.00,,2002 POKEMON NEO DESTINY 1ST ED #108 SHINING KABUTOPS PSA 8 #108,https://www.ebay.es/itm/358404570641,PriceCharting
Neo Destiny,Shining Kabutops,108/105,1st Edition,PSA 8,2026-03-29,1025.00,USD,eBay,unknown,FALSE,,,Pokemon Shining Kabutops Neo Destiny 1st Edition Holo Secret Rare #108 PSA 8,https://www.ebay.es/itm/287220019625,PriceCharting
Neo Destiny,Shining Kabutops,108/105,1st Edition,PSA 8,2026-03-10,1325.00,USD,eBay,best offer,TRUE,,,2002 Pokemon Neo Destiny Shining Kabutops 1st Edition #108 PSA 8 #108,https://www.ebay.es/itm/358246968586,PriceCharting
Neo Destiny,Shining Kabutops,108/105,1st Edition,PSA 8,2026-03-06,1150.00,USD,eBay,best offer,TRUE,,,NEW CERT! - Pokemon Neo Destiny 1st Edition Shining Kabutops Holo - CLEAN PSA 8,https://www.ebay.es/itm/267595938264,PriceCharting
Neo Destiny,Shining Kabutops,108/105,1st Edition,PSA 8,2026-02-19,969.00,USD,eBay,unknown,FALSE,,,2002 Pokemon Neo Destiny 1st Edition Shining Kabutops Holo #108/105 PSA 8,https://www.ebay.es/itm/376962559585,PriceCharting
Neo Destiny,Shining Kabutops,108/105,1st Edition,PSA 8,2026-01-15,830.00,USD,eBay,unknown,FALSE,,,2002 Pokemon Neo Destiny 1st Edition Shining Kabutops Holo #108/105 PSA 8,https://www.ebay.es/itm/376850908569,PriceCharting
Neo Destiny,Shining Kabutops,108/105,1st Edition,PSA 8,2026-01-10,925.00,USD,eBay,best offer,TRUE,925.00,,2002 POKEMON NEO DESTINY 1ST EDITION # 108 SHINING KABUTOPS PSA 8 #108,https://www.ebay.es/itm/136937786908,PriceCharting
Neo Destiny,Shining Kabutops,108/105,1st Edition,PSA 8,2025-12-21,743.00,USD,eBay,unknown,FALSE,,,2002 POKEMON NEO DESTINY 1ST EDITION #108 SHINING KABUTOPS PSA 8 #108,https://www.ebay.es/itm/297839189616,PriceCharting
Neo Destiny,Shining Kabutops,108/105,1st Edition,PSA 8,2025-11-17,710.00,USD,eBay,unknown,FALSE,,,Pokemon Shining Kabutops Neo Destiny 1st Edition Holo Secret Rare #108 PSA 8,https://www.ebay.es/itm/286922290710,PriceCharting
Neo Destiny,Shining Kabutops,108/105,1st Edition,PSA 8,2025-10-12,800.00,USD,eBay,unknown,FALSE,,,2002 Pokemon Neo Destiny 1st Edition Shining Kabutops Holo #108/105 PSA 8,https://www.ebay.es/itm/376604300835,PriceCharting
Neo Destiny,Shining Kabutops,108/105,Unlimited,PSA 10,2026-09-23,4400,USD,eBay,best offer,TRUE,,113398066,,https://www.ebay.com/itm/336739240617,PSA APR
Neo Destiny,Shining Kabutops,108/105,Unlimited,PSA 10,2026-09-22,3850.15,USD,eBay,unknown,FALSE,,,Shining Kabutops 108 Neo Destiny Pokemon Card 2002 Graded PSA 10 GEM MINT ENG 108/105,https://www.ebay.es/itm/820110025065,PriceCharting
Neo Destiny,Shining Kabutops,108/105,Unlimited,PSA 10,2026-09-22,4750,USD,Fanatics Collect,best offer,TRUE,,27342906,,https://www.fanaticscollect.com/buy-now/75e1b5a6-f83f-4867-8ab1-dec6d3637db2,PSA APR
Neo Destiny,Shining Kabutops,108/105,Unlimited,PSA 10,2026-08-31,3000,USD,Fanatics Collect,auction,FALSE,,28348400,,https://www.fanaticscollect.com/weekly/3b26945c-9aa2-11f1-9b27-02fff86c1deb,PSA APR
Neo Destiny,Shining Kabutops,108/105,Unlimited,PSA 10,2026-08-24,3360,USD,Fanatics Collect,auction,FALSE,,28750784,,https://www.fanaticscollect.com/weekly/1fee3018-9b43-11f1-80b1-0a58a9feac02,PSA APR
Neo Destiny,Shining Kabutops,108/105,Unlimited,PSA 10,2026-08-23,4000.00,USD,eBay,best offer,TRUE,4000.00,,Pokemon Shining Kabutops #108 Neo Destiny Unlimited PSA 10 Gem Mint,https://www.ebay.es/itm/188708055894,PriceCharting
Neo Destiny,Shining Kabutops,108/105,Unlimited,PSA 10,2026-08-06,1264.6,USD,eBay,best offer,TRUE,,29092567,,https://www.ebay.com/itm/157222758464,PSA APR
Neo Destiny,Shining Kabutops,108/105,Unlimited,PSA 10,2026-07-30,3710.00,USD,eBay,unknown,FALSE,,,POKEMON SHINING KABUTOPS 2002 NEO DESTINY #108 PSA 10 #108,https://www.ebay.es/itm/800391674473,PriceCharting
Neo Destiny,Shining Kabutops,108/105,Unlimited,PSA 10,2026-07-22,4750.00,USD,eBay,unknown,FALSE,,,Pokemon Shining Kabutops Neo Destiny Unlimited 108/105 PSA 10 Gem Mint 108/105,https://www.ebay.es/itm/287478122385,PriceCharting
Neo Destiny,Shining Kabutops,108/105,Unlimited,PSA 10,2026-07-15,3500,USD,Heritage Auctions,auction,FALSE,,50852606,,https://comics.ha.com/itm/memorabilia/trading-cards/pokemon-shining-kabutops-108-unlimited-neo-destiny-psa-trading-card-game-gem-mint-10-wizards-of-the-coast-2002-secret-rare-holo/p/332628-25002.s?type=DA-DMC-CardLadder-TradingCardGames-332628-07082026,PSA APR
Neo Destiny,Shining Kabutops,108/105,Unlimited,PSA 10,2026-07-14,4000.00,USD,eBay,unknown,FALSE,,,Pokemon Shining Kabutops Neo Destiny Unlimited 108/105 PSA 10 108/105,https://www.ebay.es/itm/287433351292,PriceCharting
Neo Destiny,Shining Kabutops,108/105,Unlimited,PSA 10,2026-06-29,3120,USD,Fanatics Collect,auction,FALSE,,50138442,,https://www.fanaticscollect.com/weekly/a56330dc-6b54-11f1-ba2a-0aa77b4138c1,PSA APR
Neo Destiny,Shining Kabutops,108/105,Unlimited,PSA 10,2026-06-22,3000,USD,Fanatics Collect,auction,FALSE,,27342906,,https://www.fanaticscollect.com/weekly/93436c62-64f3-11f1-87b3-0a58a9feac02,PSA APR
Neo Destiny,Shining Kabutops,108/105,Unlimited,PSA 10,2026-06-13,3150.41,USD,eBay,best offer,TRUE,3117.02,,Shining Kabutops 108/105 Neo Destiny Pokemon Card WOTC TCG 2002 Graded PSA 10 108/105,https://www.ebay.es/itm/206179819950,PriceCharting
Neo Destiny,Shining Kabutops,108/105,Unlimited,PSA 10,2026-06-11,4050.00,USD,eBay,unknown,FALSE,,,2002 POKEMON SHINING KABUTOPS NEO DESTINY #108 PSA 10 108/105,https://www.ebay.es/itm/800119494262,PriceCharting
Neo Destiny,Shining Kabutops,108/105,Unlimited,PSA 10,2026-04-19,2999.99,USD,eBay,unknown,FALSE,,,2002 POKEMON NEO DESTINY #108 SHINING KABUTOPS PSA 10 #108,https://www.ebay.es/itm/306878979829,PriceCharting
Neo Destiny,Shining Kabutops,108/105,Unlimited,PSA 10,2026-04-13,3050.00,USD,eBay,unknown,FALSE,,,Pokemon Card Shining Kabutops 108/105 PSA 10 GEM MINT Neo Destiny 108/105,https://www.ebay.es/itm/168291624595,PriceCharting
Neo Destiny,Shining Kabutops,108/105,Unlimited,PSA 10,2026-04-12,2700.00,USD,eBay,unknown,FALSE,,,Pokémon Shining Kabutops Neo Destiny Secret Rare Holo PSA 10 108/105,https://www.ebay.es/itm/397811138283,PriceCharting
Neo Destiny,Shining Kabutops,108/105,Unlimited,PSA 10,2026-04-06,3059.00,USD,eBay,unknown,FALSE,,,Pokémon Shining Kabutops Neo Destiny Secret Rare Holo PSA 10 108/105,https://www.ebay.es/itm/397775904293,PriceCharting
Neo Destiny,Shining Kabutops,108/105,Unlimited,PSA 10,2026-03-22,3400.00,USD,eBay,best offer,TRUE,3400.00,,2002 POKEMON NEO DESTINY #108 SHINING KABUTOPS PSA 10 #108,https://www.ebay.es/itm/298138336963,PriceCharting
Neo Destiny,Shining Kabutops,108/105,Unlimited,PSA 10,2026-03-09,2000.00,USD,eBay,unknown,FALSE,,,Pokémon Shining Kabutops Neo Destiny 108/105 Secret Rare Holo PSA 10 GEM MT 108/105,https://www.ebay.es/itm/206110935070,PriceCharting
Neo Destiny,Shining Kabutops,108/105,Unlimited,PSA 10,2026-03-03,1736.27,USD,eBay,unknown,FALSE,,,Shining Kabutops 108/105 Neo Destiny 2002 Pokémon Trading Card GEM MINT PSA 10 #108,https://www.ebay.es/itm/127702436561,PriceCharting
Neo Destiny,Shining Kabutops,108/105,Unlimited,PSA 10,2026-03-02,1600,USD,Fanatics Collect,best offer,TRUE,,41481998,,https://www.fanaticscollect.com/buy-now/e49ecba0-00f8-4295-873d-f3ae065d9c68,PSA APR
Neo Destiny,Shining Kabutops,108/105,Unlimited,PSA 10,2026-02-23,1550,USD,Fanatics Collect,best offer,TRUE,,40987085,,https://www.fanaticscollect.com/buy-now/ea49d1f6-bb00-40cb-8766-1d744fac688f,PSA APR
Neo Destiny,Shining Kabutops,108/105,Unlimited,PSA 10,2026-02-16,1519,USD,Goldin Auctions,auction,FALSE,,28520662,,https://goldin.co/item/2002-pokemon-neo-destiny-108-shining-kabutops-psa-gem-mt-10kaok2,PSA APR
Neo Destiny,Shining Kabutops,108/105,Unlimited,PSA 10,2026-02-16,1585,USD,Goldin Auctions,auction,FALSE,,28348402,,https://goldin.co/item/2002-pokemon-neo-destiny-108-shining-kabutops-psa-gem-mt-103ojuw,PSA APR
Neo Destiny,Shining Kabutops,108/105,Unlimited,PSA 10,2026-02-10,1925,USD,Fanatics Collect,best offer,TRUE,,72372533,,https://www.fanaticscollect.com/buy-now/18006fcc-2727-4314-b8d8-a00877b8760c,PSA APR
Neo Destiny,Shining Kabutops,108/105,Unlimited,PSA 10,2026-02-05,1925.00,USD,eBay,unknown,FALSE,,,2002 Pokemon Neo Destiny #108 Shining Kabutops PSA 10 GEM MINT,https://www.ebay.es/itm/376909315618,PriceCharting
Neo Destiny,Shining Kabutops,108/105,Unlimited,PSA 10,2026-02-02,2548.88,USD,eBay,unknown,FALSE,,,2002 Pokemon Neo Destiny # 108 Shining Kabutops PSA 10 GEM MINT! Trusted Seller! #108,https://www.ebay.es/itm/157222758464,PriceCharting
Neo Destiny,Shining Kabutops,108/105,Unlimited,PSA 10,2025-12-22,1625.00,USD,eBay,unknown,FALSE,,,Pokemon Shining Kabutops Neo Destiny Unlimited Holo Secret Rare #108 PSA 10,https://www.ebay.es/itm/287006867826,PriceCharting
Neo Destiny,Shining Kabutops,108/105,Unlimited,PSA 10,2025-12-21,1695.00,USD,eBay,unknown,FALSE,,,2002 POKEMON NEO DESTINY #108 SHINING KABUTOPS PSA 10 #108,https://www.ebay.es/itm/297723833101,PriceCharting
Neo Destiny,Shining Kabutops,108/105,Unlimited,PSA 10,2025-12-20,1250.00,USD,eBay,best offer,TRUE,1250.00,,2002 POKEMON NEO DESTINY #108 SHINING KABUTOPS PSA 10 #108,https://www.ebay.es/itm/306665004952,PriceCharting
Neo Destiny,Shining Kabutops,108/105,Unlimited,PSA 10,2025-11-16,1200.00,USD,eBay,unknown,FALSE,,,2002 POKEMON NEO DESTINY #108 SHINING KABUTOPS PSA 10 #108,https://www.ebay.es/itm/306590070131,PriceCharting
Neo Destiny,Shining Kabutops,108/105,Unlimited,PSA 10,2025-11-10,1225.00,USD,eBay,unknown,FALSE,,,Pokemon Shining Kabutops Neo Destiny Unlimited Holo Secret Rare #108 PSA 10,https://www.ebay.es/itm/286909617593,PriceCharting
Neo Destiny,Shining Kabutops,108/105,Unlimited,PSA 10,2025-11-02,1204.20,USD,eBay,unknown,FALSE,,,Pokemon Cards - PSA 10 Shining Kabutops 108/105 - Neo Destiny - GEM MT - PSA10,https://www.ebay.es/itm/286893470662,PriceCharting
Neo Destiny,Shining Kabutops,108/105,Unlimited,PSA 10,2025-10-30,1375.00,USD,eBay,unknown,FALSE,,,2002 POKEMON NEO DESTINY #108 SHINING KABUTOPS PSA 10 #108,https://www.ebay.es/itm/297702545910,PriceCharting
Neo Destiny,Shining Kabutops,108/105,Unlimited,PSA 10,2025-10-29,801.28,USD,eBay,BIN,FALSE,,29092567,,https://www.ebay.com/itm/296614648401,PSA APR
Neo Destiny,Shining Kabutops,108/105,Unlimited,PSA 10,2025-10-26,1500.00,USD,eBay,unknown,FALSE,,,Pokemon Shining Kabutops Neo Destiny Unlimited Holo Secret Rare #108 PSA 10,https://www.ebay.es/itm/286882114696,PriceCharting
Neo Destiny,Shining Kabutops,108/105,Unlimited,PSA 10,2025-10-21,1350.00,USD,eBay,best offer,TRUE,,,Shining Kabutops Holo Pokemon Card Unlimited Neo Destiny 108/105 PSA 10 108/105,https://www.ebay.es/itm/146695403234,PriceCharting
Neo Destiny,Shining Kabutops,108/105,Unlimited,PSA 10,2025-10-19,1401.69,USD,eBay,unknown,FALSE,,,Pokemon Shining Kabutops Neo Destiny Unlimited Holo Secret Rare #108 PSA 10,https://www.ebay.es/itm/286870198400,PriceCharting
Neo Destiny,Shining Kabutops,108/105,Unlimited,PSA 10,2025-10-19,1342,USD,Goldin Auctions,auction,FALSE,,50138442,,https://goldin.co/item/2002-pokemon-neo-destiny-108-shining-kabutops-psa-gem-mt-108u8df,PSA APR
Neo Destiny,Shining Kabutops,108/105,Unlimited,PSA 10,2025-10-13,1260,USD,Fanatics Collect,auction,FALSE,,42203695,,https://www.fanaticscollect.com/weekly/6169cec0-9ef6-11f0-96b8-0a58a9feac02,PSA APR
Neo Destiny,Shining Kabutops,108/105,Unlimited,PSA 10,2025-09-16,2000,USD,eBay,BIN,FALSE,,28938256,,https://www.ebay.com/itm/156478810288,PSA APR
Neo Destiny,Shining Kabutops,108/105,Unlimited,PSA 10,2025-09-14,1331,USD,eBay,auction,FALSE,,119631234,,https://www.ebay.com/itm/297591455356,PSA APR
Neo Destiny,Shining Kabutops,108/105,Unlimited,PSA 10,2025-08-24,1125,USD,eBay,auction,FALSE,,101358842,,https://www.ebay.com/itm/286766410828,PSA APR
Neo Destiny,Shining Kabutops,108/105,Unlimited,PSA 10,2025-08-12,1200,USD,eBay,BIN,FALSE,,76574153,,https://www.ebay.com/itm/357403140530,PSA APR
Neo Destiny,Shining Kabutops,108/105,Unlimited,PSA 10,2025-08-02,1115.88,USD,eBay,auction,FALSE,,83180534,,https://www.ebay.com/itm/187441811223,PSA APR
Neo Destiny,Shining Kabutops,108/105,Unlimited,PSA 10,2025-07-28,1325,USD,eBay,auction,FALSE,,27853941,,https://www.ebay.com/itm/286715657548,PSA APR
Neo Destiny,Shining Kabutops,108/105,Unlimited,PSA 10,2025-06-15,877.43,USD,eBay,BIN,FALSE,,27838742,,https://www.ebay.com/itm/175895009175,PSA APR
Neo Destiny,Shining Kabutops,108/105,Unlimited,PSA 10,2025-06-08,952.49,USD,eBay,best offer,TRUE,,52389145,,https://www.ebay.com/itm/306307726208,PSA APR
Neo Destiny,Shining Kabutops,108/105,Unlimited,PSA 10,2025-06-05,863.85,USD,eBay,BIN,FALSE,,52434232,,https://www.ebay.com/itm/197156343140,PSA APR
Neo Destiny,Shining Kabutops,108/105,Unlimited,PSA 10,2025-06-04,1099.99,USD,eBay,best offer,TRUE,,50556829,,https://www.ebay.com/itm/306255696094,PSA APR
Neo Destiny,Shining Kabutops,108/105,Unlimited,PSA 10,2025-05-27,900,USD,eBay,BIN,FALSE,,57532028,,https://www.ebay.com/itm/335964760653,PSA APR
Neo Destiny,Shining Kabutops,108/105,Unlimited,PSA 10,2025-05-16,879.54,USD,eBay,best offer,TRUE,,52389145,,https://www.ebay.com/itm/306273934625,PSA APR
Neo Destiny,Shining Kabutops,108/105,Unlimited,PSA 10,2025-05-10,999,USD,eBay,best offer,TRUE,,103567265,,https://www.ebay.com/itm/127098620657,PSA APR
Neo Destiny,Shining Kabutops,108/105,Unlimited,PSA 10,2025-05-03,899.99,USD,eBay,BIN,FALSE,,102113310,,https://www.ebay.com/itm/177021067373,PSA APR
Neo Destiny,Shining Kabutops,108/105,Unlimited,PSA 10,2025-04-18,854.99,USD,eBay,BIN,FALSE,,41837602,,https://www.ebay.com/itm/267134012125,PSA APR
Neo Destiny,Shining Kabutops,108/105,Unlimited,PSA 10,2025-04-17,711.52,USD,eBay,BIN,FALSE,,27985149,,https://www.ebay.com/itm/196809722409,PSA APR
Neo Destiny,Shining Kabutops,108/105,Unlimited,PSA 10,2025-04-14,790,USD,eBay,auction,FALSE,,42822017,,https://www.ebay.com/itm/286467150548,PSA APR
Neo Destiny,Shining Kabutops,108/105,Unlimited,PSA 10,2025-03-22,750,USD,Heritage Auctions,auction,FALSE,,50852606,,https://comics.ha.com/itm/memorabilia/trading-cards/pokemon-shining-kabutops-108-unlimited-neo-destiny-psa-trading-card-game-gem-mint-10-wizards-of-the-coast-2002-secret-rare/p/7410-58004.s?type=DA-DMC-CardLadder-TradingCardGames-7410-03212025,PSA APR
Neo Destiny,Shining Kabutops,108/105,Unlimited,PSA 9,2026-09-29,1133.07,USD,eBay,unknown,FALSE,,,2002 Pokemon Shining Kabutops Neo Destiny Unlimited Holo #108 PSA 9 MINT,https://www.ebay.es/itm/206350868786,PriceCharting
Neo Destiny,Shining Kabutops,108/105,Unlimited,PSA 9,2026-09-22,1050.00,USD,eBay,unknown,FALSE,,,2002 POKEMON NEO DESTINY #108 SHINING KABUTOPS PSA 9 HOLO MINT #108,https://www.ebay.es/itm/178516019515,PriceCharting
Neo Destiny,Shining Kabutops,108/105,Unlimited,PSA 9,2026-09-18,800.00,USD,eBay,best offer,TRUE,800.00,,Pokemon TCG Neo Destiny Shining Kabutops Holo Secret Rare 108/105 PSA 9 English 108/105,https://www.ebay.es/itm/168623919128,PriceCharting
Neo Destiny,Shining Kabutops,108/105,Unlimited,PSA 9,2026-09-07,835.00,USD,eBay,best offer,TRUE,,,2002 Pokemon TCG Neo Destiny Shining Kabutops 108/105 Holo PSA 9 English 108/105,https://www.ebay.es/itm/287559289760,PriceCharting
Neo Destiny,Shining Kabutops,108/105,Unlimited,PSA 9,2026-08-28,1199.99,USD,eBay,unknown,FALSE,,,2002 POKEMON NEO DESTINY #108 SHINING KABUTOPS PSA 9 #108,https://www.ebay.es/itm/298622263353,PriceCharting
Neo Destiny,Shining Kabutops,108/105,Unlimited,PSA 9,2026-08-11,1044.00,USD,eBay,best offer,TRUE,1044.00,,2002 POKEMON NEO DESTINY #108 SHINING KABUTOPS PSA 9 #108,https://www.ebay.es/itm/307094528721,PriceCharting
Neo Destiny,Shining Kabutops,108/105,Unlimited,PSA 9,2026-08-04,1311.53,USD,eBay,unknown,FALSE,,,2002 POKEMON NEO DESTINY #108 SHINING KABUTOPS PSA 9 - New Cert 108/105,https://www.ebay.es/itm/227439238930,PriceCharting
Neo Destiny,Shining Kabutops,108/105,Unlimited,PSA 9,2026-08-01,1000.00,USD,eBay,unknown,FALSE,,,Pokemon Shining Kabutops Neo Destiny EN Holo Secret Rare 108/105 PSA 9 2002 108/105,https://www.ebay.es/itm/398194513557,PriceCharting
Neo Destiny,Shining Kabutops,108/105,Unlimited,PSA 9,2026-07-25,1199.24,USD,eBay,unknown,FALSE,,,PSA 9 Shining Kabutops 108/105 Neo Destiny Secret Rare Holo Pokemon WOTC 2002 108/105,https://www.ebay.es/itm/137539292759,PriceCharting
Neo Destiny,Shining Kabutops,108/105,Unlimited,PSA 9,2026-07-25,1099.00,USD,eBay,unknown,FALSE,,,Pokemon 2002 Shining Kabutops 108/105 Holo Secret Rare Neo Destiny PSA 9 108/105,https://www.ebay.es/itm/407060780706,PriceCharting
Neo Destiny,Shining Kabutops,108/105,Unlimited,PSA 9,2026-07-24,1000.00,USD,eBay,unknown,FALSE,,,2002 Pokemon Neo Destiny #108 Shining Kabutops PSA 9 MINT 108/105,https://www.ebay.es/itm/206154897751,PriceCharting
Neo Destiny,Shining Kabutops,108/105,Unlimited,PSA 9,2026-07-23,947.00,USD,eBay,unknown,FALSE,,,2002 POKEMON SHINING KABUTOPS NEO DESTINY #108 PSA 9 #108,https://www.ebay.es/itm/800342027009,PriceCharting
Neo Destiny,Shining Kabutops,108/105,Unlimited,PSA 9,2026-07-15,1200.00,USD,eBay,best offer,TRUE,1200.00,,2002 POKEMON NEO DESTINY #108 SHINING KABUTOPS PSA 9 #108,https://www.ebay.es/itm/117300049222,PriceCharting
Neo Destiny,Shining Kabutops,108/105,Unlimited,PSA 9,2026-06-09,945.00,USD,eBay,unknown,FALSE,,,2002 POKEMON NEO DESTINY #108 SHINING KABUTOPS PSA 9 #108,https://www.ebay.es/itm/298394916750,PriceCharting
Neo Destiny,Shining Kabutops,108/105,Unlimited,PSA 9,2026-06-04,1100.00,USD,eBay,unknown,FALSE,,,Pokémon Shining Kabutops Neo Destiny Secret Rare Holo Mint PSA 9 2002 #108 108/105,https://www.ebay.es/itm/157796203648,PriceCharting
Neo Destiny,Shining Kabutops,108/105,Unlimited,PSA 9,2026-06-04,1001.77,USD,eBay,unknown,FALSE,,,2002 POKEMON NEO DESTINY #108 SHINING KABUTOPS PSA 9 #108,https://www.ebay.es/itm/306964438610,PriceCharting
Neo Destiny,Shining Kabutops,108/105,Unlimited,PSA 9,2026-05-26,875.00,USD,eBay,best offer,TRUE,875.00,,2002 Pokemon Neo Destiny #108 Shining Kabutops PSA 9 108/105,https://www.ebay.es/itm/277967647133,PriceCharting
Neo Destiny,Shining Kabutops,108/105,Unlimited,PSA 9,2026-05-17,890.00,USD,eBay,unknown,FALSE,,,Pokemon Shining Kabutops Neo Destiny Unlimited Holo Secret Rare #108 PSA 9 Mint,https://www.ebay.es/itm/287320383402,PriceCharting
Neo Destiny,Shining Kabutops,108/105,Unlimited,PSA 9,2026-05-04,999.00,USD,eBay,unknown,FALSE,,,2002 POKEMON NEO DESTINY #108 SHINING KABUTOPS PSA 9 (Closer to PSA10 look!) #108,https://www.ebay.es/itm/147279736921,PriceCharting
Neo Destiny,Shining Kabutops,108/105,Unlimited,PSA 9,2026-05-03,760.00,USD,eBay,unknown,FALSE,,,Pokemon Shining Kabutops Neo Destiny Unlimited Holo Secret Rare #108 PSA 9 Mint,https://www.ebay.es/itm/287290031893,PriceCharting
Neo Destiny,Shining Kabutops,108/105,Unlimited,PSA 9,2026-04-30,700.00,USD,eBay,best offer,TRUE,,,2002 POKEMON NEO DESTINY #108 SHINING KABUTOPS PSA 9 #108,https://www.ebay.es/itm/298270437715,PriceCharting
Neo Destiny,Shining Kabutops,108/105,Unlimited,PSA 9,2026-04-28,879.99,USD,eBay,unknown,FALSE,,,2002 POKEMON NEO DESTINY #108 SHINING KABUTOPS PSA 9 #108,https://www.ebay.es/itm/117162494442,PriceCharting
Neo Destiny,Shining Kabutops,108/105,Unlimited,PSA 8,2026-09-28,900.00,USD,eBay,unknown,FALSE,,,2002 POKEMON NEO DESTINY #108 SHINING KABUTOPS PSA 8 #108,https://www.ebay.es/itm/307122797427,PriceCharting
Neo Destiny,Shining Kabutops,108/105,Unlimited,PSA 8,2026-09-07,810.00,USD,eBay,unknown,FALSE,,,2002 POKEMON NEO DESTINY #108 SHINING KABUTOPS PSA 8 #108,https://www.ebay.es/itm/298625584629,PriceCharting
Neo Destiny,Shining Kabutops,108/105,Unlimited,PSA 8,2026-09-05,850.00,USD,eBay,unknown,FALSE,,,2002 POKEMON NEO DESTINY #108 SHINING KABUTOPS PSA 8 #108,https://www.ebay.es/itm/307163796070,PriceCharting
Neo Destiny,Shining Kabutops,108/105,Unlimited,PSA 8,2026-08-16,830.00,USD,eBay,unknown,FALSE,,,PSA 8 - Shining Kabutops #108 - Pokémon Neo Destiny (2002) - Holo - New Cert 108/105,https://www.ebay.es/itm/127989365363,PriceCharting
Neo Destiny,Shining Kabutops,108/105,Unlimited,PSA 8,2026-08-03,943.81,USD,eBay,best offer,TRUE,928.47,,"Pokemon Shining Kabutops, 108/105, Neo Destiny, Holo Secret Rare, PSA 8, 2002 #108",https://www.ebay.es/itm/147472083621,PriceCharting
Neo Destiny,Shining Kabutops,108/105,Unlimited,PSA 8,2026-07-21,725.00,USD,eBay,best offer,TRUE,725.00,,Pokemon TCG Shining Kabutops 108/105 Neo Destiny Secret Rare Holo PSA 8 2002 108/105,https://www.ebay.es/itm/227428639373,PriceCharting
Neo Destiny,Shining Kabutops,108/105,Unlimited,PSA 8,2026-07-17,1000.00,USD,eBay,unknown,FALSE,,,2002 POKEMON NEO DESTINY #108 SHINING KABUTOPS PSA 8 #108,https://www.ebay.es/itm/307039308610,PriceCharting
Neo Destiny,Shining Kabutops,108/105,Unlimited,PSA 8,2026-07-15,900.00,USD,eBay,best offer,TRUE,900.00,,2002 POKEMON NEO DESTINY #108 SHINING KABUTOPS PSA 8 108/105,https://www.ebay.es/itm/307036427494,PriceCharting
Neo Destiny,Shining Kabutops,108/105,Unlimited,PSA 8,2026-07-13,750.00,USD,eBay,unknown,FALSE,,,2002 POKEMON NEO DESTINY #108 SHINING KABUTOPS PSA 8 #108,https://www.ebay.es/itm/117280736391,PriceCharting
Neo Destiny,Shining Kabutops,108/105,Unlimited,PSA 8,2026-07-11,810.99,USD,eBay,unknown,FALSE,,,2002 POKEMON NEO DESTINY #108 SHINING KABUTOPS PSA 8 #108,https://www.ebay.es/itm/117280616349,PriceCharting
Neo Destiny,Shining Kabutops,108/105,Unlimited,PSA 8,2026-06-18,900.00,USD,eBay,unknown,FALSE,,,2002 POKEMON NEO DESTINY #108 SHINING KABUTOPS PSA 8 #108,https://www.ebay.es/itm/306954577183,PriceCharting
Neo Destiny,Shining Kabutops,108/105,Unlimited,PSA 8,2026-06-18,973.87,USD,eBay,unknown,FALSE,,,2002 Pokemon Neo Destiny Shining Kabutops PSA 8 MINT #108 English,https://www.ebay.es/itm/267691696346,PriceCharting
Neo Destiny,Shining Kabutops,108/105,Unlimited,PSA 8,2026-06-04,750.00,USD,eBay,best offer,TRUE,750.00,,Pokémon Shining Kabutops 108/105 Holo Neo Destiny Secret Rare PSA 8 2002 ENG 108/105,https://www.ebay.es/itm/287373998470,PriceCharting
Neo Destiny,Shining Kabutops,108/105,Unlimited,PSA 8,2026-06-02,941.77,USD,eBay,unknown,FALSE,,,2002 Pokemon Neo Destiny 108 Shining Kabutops PSA 8 NEW CERT,https://www.ebay.es/itm/277947160810,PriceCharting
Neo Destiny,Shining Kabutops,108/105,Unlimited,PSA 8,2026-06-02,800.00,USD,eBay,unknown,FALSE,,,2002 POKEMON NEO DESTINY #108 SHINING KABUTOPS PSA 8 #108,https://www.ebay.es/itm/257512722069,PriceCharting
Neo Destiny,Shining Kabutops,108/105,Unlimited,PSA 8,2026-06-02,999.00,USD,eBay,unknown,FALSE,,,2002 POKEMON NEO DESTINY #108 SHINING KABUTOPS PSA 8 #108,https://www.ebay.es/itm/267653026435,PriceCharting
Neo Destiny,Shining Kabutops,108/105,Unlimited,PSA 8,2026-05-27,813.82,USD,eBay,best offer,TRUE,792.89,,Pokemon Shining Kabutops Unlimited Neo Destiny #108 PSA 8 NM/MINT 2002 ENG,https://www.ebay.es/itm/127843180045,PriceCharting
Neo Destiny,Shining Kabutops,108/105,Unlimited,PSA 8,2026-05-21,950.00,USD,eBay,unknown,FALSE,,,2002 Pokemon Neo Destiny Shining Kabutops PSA 8,https://www.ebay.es/itm/206281128232,PriceCharting
Neo Destiny,Shining Kabutops,108/105,Unlimited,PSA 8,2026-05-03,735.00,USD,eBay,best offer,TRUE,735.00,,Pokémon Shining Kabutops Neo Destiny Secret Rare Holo 108/105 PSA 8 Unlimited 108/105,https://www.ebay.es/itm/168272803062,PriceCharting
Neo Destiny,Shining Kabutops,108/105,Unlimited,PSA 8,2026-04-20,700.00,USD,eBay,best offer,TRUE,700.00,,2002 POKEMON NEO DESTINY #108 SHINING KABUTOPS PSA 8 #108,https://www.ebay.es/itm/117151730169,PriceCharting
Neo Destiny,Shining Kabutops,108/105,Unlimited,PSA 8,2026-04-13,765.00,USD,eBay,best offer,TRUE,765.00,,2002 POKEMON NEO DESTINY #108 SHINING KABUTOPS PSA 8 #108,https://www.ebay.es/itm/306765460100,PriceCharting
Neo Destiny,Shining Mewtwo,109/105,1st Edition,PSA 10,2026-09-30,65000,USD,eBay,best offer,TRUE,,27987616,,https://www.ebay.com/itm/189020425312,PSA APR
Neo Destiny,Shining Mewtwo,109/105,1st Edition,PSA 10,2026-09-08,39800,USD,Fanatics Collect,best offer,TRUE,,95814581,,https://www.fanaticscollect.com/buy-now/f4b80b89-4d11-492c-b639-9ac8e995ac49,PSA APR
Neo Destiny,Shining Mewtwo,109/105,1st Edition,PSA 10,2026-09-07,40000.00,USD,eBay,best offer,TRUE,40000.00,,2002 POKEMON NEO DESTINY 1ST EDITION #109 SHINING MEWTWO PSA 10 #109,https://www.ebay.es/itm/298630723929,PriceCharting
Neo Destiny,Shining Mewtwo,109/105,1st Edition,PSA 10,2026-08-10,33550,USD,Goldin Auctions,auction,FALSE,,42024051,,https://goldin.co/item/2002-pokemon-neo-destiny-1st-edition-holo-109-shining-mewtwo-psa-gem-ml7ur4,PSA APR
Neo Destiny,Shining Mewtwo,109/105,1st Edition,PSA 10,2026-08-10,35990,USD,Goldin Auctions,auction,FALSE,,117650778,,https://goldin.co/item/2002-pokemon-neo-destiny-1st-edition-109-shining-mewtwo-psa-gem-mt-106q7qv,PSA APR
Neo Destiny,Shining Mewtwo,109/105,1st Edition,PSA 10,2026-06-22,45600,USD,Fanatics Collect,auction,FALSE,,122321865,,https://www.fanaticscollect.com/weekly/8dfc3dc4-63a4-11f1-aa6c-0a58a9feac02,PSA APR
Neo Destiny,Shining Mewtwo,109/105,1st Edition,PSA 10,2026-06-08,38400,USD,Fanatics Collect,auction,FALSE,,24786817,,https://www.fanaticscollect.com/weekly/19359d48-59a2-11f1-90e1-06d7a8c4cba5,PSA APR
Neo Destiny,Shining Mewtwo,109/105,1st Edition,PSA 10,2026-05-25,37350.00,USD,eBay,unknown,FALSE,,,2002 Pokemon Neo Destiny 1st Edition Shining Mewtwo Holo #109/105 PSA 10,https://www.ebay.es/itm/127869171758,PriceCharting
Neo Destiny,Shining Mewtwo,109/105,1st Edition,PSA 10,2026-05-20,10000.00,USD,eBay,unknown,FALSE,,,2002 Pokémon Shining Mewtwo Neo Destiny 109/105 1st Ed Holo PSA 10 109/105,https://www.ebay.es/itm/188403371520,PriceCharting
Neo Destiny,Shining Mewtwo,109/105,1st Edition,PSA 10,2026-05-18,33211,USD,Goldin Auctions,auction,FALSE,,28984105,,https://goldin.co/item/2002-pokemon-neo-destiny-1st-edition-109-shining-mewtwo-psa-gem-mt-10ahmz4,PSA APR
Neo Destiny,Shining Mewtwo,109/105,1st Edition,PSA 10,2026-05-11,36999.00,USD,eBay,best offer,TRUE,36999.00,,Pokemon - 1st Edition Neo Destiny Shining Mewtwo #109 - PSA 10 GEM MINT,https://www.ebay.es/itm/277944382152,PriceCharting
Neo Destiny,Shining Mewtwo,109/105,1st Edition,PSA 10,2026-05-11,38400,USD,Fanatics Collect,auction,FALSE,,47860579,,https://www.fanaticscollect.com/weekly/50108dd8-40b5-11f1-ad3f-0a58a9feac02,PSA APR
Neo Destiny,Shining Mewtwo,109/105,1st Edition,PSA 10,2026-05-07,36500.00,USD,eBay,unknown,FALSE,,,PSA 10 Shining Mewtwo #109 Neo Destiny 1st Edition Pokemon Card #109,https://www.ebay.es/itm/366306809308,PriceCharting
Neo Destiny,Shining Mewtwo,109/105,1st Edition,PSA 10,2026-04-29,36500,USD,eBay,BIN,FALSE,,28487993,,https://www.ebay.com/itm/366306809308,PSA APR
Neo Destiny,Shining Mewtwo,109/105,1st Edition,PSA 10,2026-04-20,43200,USD,Fanatics Collect,auction,FALSE,,79220292,,https://www.fanaticscollect.com/weekly/9250c312-338a-11f1-8208-02295daede57,PSA APR
Neo Destiny,Shining Mewtwo,109/105,1st Edition,PSA 10,2026-04-13,36600,USD,Goldin Auctions,auction,FALSE,,23257284,,https://goldin.co/item/2002-pokemon-neo-destiny-1st-edition-109-shining-mewtwo-psa-gem-mt-10qp968,PSA APR
Neo Destiny,Shining Mewtwo,109/105,1st Edition,PSA 10,2026-03-30,25200,USD,Fanatics Collect,auction,FALSE,,41904012,,https://www.fanaticscollect.com/weekly/1c18920e-1ef1-11f1-a3e4-0a58a9feac02,PSA APR
Neo Destiny,Shining Mewtwo,109/105,1st Edition,PSA 10,2026-03-18,22500.00,USD,eBay,unknown,FALSE,,,PSA 10 First 1st edition Pokemon Neo Destiny Shining mewtwo PSA 10,https://www.ebay.es/itm/187340227608,PriceCharting
Neo Destiny,Shining Mewtwo,109/105,1st Edition,PSA 10,2026-01-26,13200,USD,Fanatics Collect,auction,FALSE,,28899033,,https://www.fanaticscollect.com/weekly/d1d87d6a-f0c1-11f0-8948-0a58a9feac02,PSA APR
Neo Destiny,Shining Mewtwo,109/105,1st Edition,PSA 10,2026-01-12,12600,USD,Fanatics Collect,auction,FALSE,,44179269,,https://www.fanaticscollect.com/weekly/e3316194-ea4f-11f0-b747-06f05a2a46f9,PSA APR
Neo Destiny,Shining Mewtwo,109/105,1st Edition,PSA 10,2026-01-05,11000.00,USD,eBay,unknown,FALSE,,,PSA 10 Pokemon Neo Destiny 1st Edition Shining Mewtwo #109 #109,https://www.ebay.es/itm/187792330495,PriceCharting
Neo Destiny,Shining Mewtwo,109/105,1st Edition,PSA 10,2026-01-01,11899.00,USD,eBay,best offer,TRUE,,,2002 POKEMON NEO DESTINY 1ST ED #109 SHINING MEWTWO PSA 10 #109,https://www.ebay.es/itm/306648837947,PriceCharting
Neo Destiny,Shining Mewtwo,109/105,1st Edition,PSA 10,2025-12-22,9869.00,USD,eBay,unknown,FALSE,,,2002 Pokemon SHINING MEWTWO #109/105 Neo Destiny 1st Edition Secret Rare PSA 10 109/105,https://www.ebay.es/itm/257260602728,PriceCharting
Neo Destiny,Shining Mewtwo,109/105,1st Edition,PSA 10,2025-12-15,7484.06,USD,eBay,best offer,TRUE,,52249315,,https://www.ebay.com/itm/389360008283,PSA APR
Neo Destiny,Shining Mewtwo,109/105,1st Edition,PSA 10,2025-12-03,12850,USD,Fanatics Collect,best offer,TRUE,,43900017,,https://www.fanaticscollect.com/buy-now/04fcc4b4-647d-4f94-b7e6-3b5d24e631fb,PSA APR
Neo Destiny,Shining Mewtwo,109/105,1st Edition,PSA 10,2025-11-26,12850,USD,Fanatics Collect,best offer,TRUE,,43900017,,https://www.fanaticscollect.com/fixed/b63530a6-7210-11f0-82fe-0a58a9feac02,PSA APR
Neo Destiny,Shining Mewtwo,109/105,1st Edition,PSA 10,2025-11-24,10800.00,USD,eBay,best offer,TRUE,10800.00,,2002 Pokemon Neo Destiny Shining Mewtwo 1st Edition Holo #109 - PSA 10,https://www.ebay.es/itm/376719829870,PriceCharting
Neo Destiny,Shining Mewtwo,109/105,1st Edition,PSA 10,2025-11-18,10726.00,USD,eBay,unknown,FALSE,,,2002 POKEMON NEO DESTINY #109 SHINING MEWTWO 1ST EDITION PSA 10 GEM MINT RARE,https://www.ebay.es/itm/177556601711,PriceCharting
Neo Destiny,Shining Mewtwo,109/105,1st Edition,PSA 10,2025-11-17,11111.00,USD,eBay,unknown,FALSE,,,Pokemon Shining Mewtwo Neo Destiny 1st Edition Holo Secret Rare #109 PSA 10,https://www.ebay.es/itm/286923782539,PriceCharting
Neo Destiny,Shining Mewtwo,109/105,1st Edition,PSA 10,2025-11-14,10077.00,USD,eBay,unknown,FALSE,,,2002 Pokemon SHINING MEWTWO #109/105 Neo Destiny 1st Edition Secret Rare PSA 10,https://www.ebay.es/itm/306583416801,PriceCharting
Neo Destiny,Shining Mewtwo,109/105,1st Edition,PSA 10,2025-10-11,9800,USD,eBay,auction,FALSE,,123000421,,https://www.ebay.com/itm/389040941628,PSA APR
Neo Destiny,Shining Mewtwo,109/105,1st Edition,PSA 10,2025-10-06,12000,USD,Fanatics Collect,auction,FALSE,,47860579,,https://www.fanaticscollect.com/weekly/81c85732-9801-11f0-b639-02d93b7d50ab,PSA APR
Neo Destiny,Shining Mewtwo,109/105,1st Edition,PSA 10,2025-10-04,10000.00,USD,eBay,unknown,FALSE,,,2002 POKEMON NEO DESTINY 1ST ED #109 SHINING MEWTWO PSA 10 #109,https://www.ebay.es/itm/116780588203,PriceCharting
Neo Destiny,Shining Mewtwo,109/105,1st Edition,PSA 10,2025-10-02,8799.00,USD,eBay,unknown,FALSE,,,Pokemon Shining Mewtwo 1st Edition PSA 10 Neo Destiny 2002,https://www.ebay.es/itm/257009469121,PriceCharting
Neo Destiny,Shining Mewtwo,109/105,1st Edition,PSA 10,2025-09-29,12600,USD,Fanatics Collect,auction,FALSE,,41904012,,https://www.fanaticscollect.com/weekly/e7b93cac-93d1-11f0-acf4-0a58a9feac02,PSA APR
Neo Destiny,Shining Mewtwo,109/105,1st Edition,PSA 10,2025-09-28,12600.00,USD,Fanatics,unknown,FALSE,,,2002 Pokemon Neo Destiny 1st Edition Shining Mewtwo #109 PSA 10 GEM MINT,,PriceCharting
Neo Destiny,Shining Mewtwo,109/105,1st Edition,PSA 10,2025-08-25,7500,USD,Fanatics Collect,auction,FALSE,,18556093,,https://www.fanaticscollect.com/weekly/444209ee-7669-11f0-a68e-024f8f1c0d41,PSA APR
Neo Destiny,Shining Mewtwo,109/105,1st Edition,PSA 10,2025-08-11,9000,USD,Fanatics Collect,auction,FALSE,,26359625,,https://www.fanaticscollect.com/weekly/55e8ea98-6bae-11f0-b85a-0a58a9feac02,PSA APR
Neo Destiny,Shining Mewtwo,109/105,1st Edition,PSA 10,2025-08-10,7500.00,USD,Fanatics,unknown,FALSE,,,2002 Pokemon Neo Destiny 1st Edition Shining Mewtwo #109 PSA 10 GEM MINT,,PriceCharting
Neo Destiny,Shining Mewtwo,109/105,1st Edition,PSA 10,2025-07-30,8750.00,USD,Fanatics,unknown,FALSE,,,2002 Pokemon Neo Destiny 1st Edition Shining Mewtwo #109 PSA 10 GEM MINT,,PriceCharting
Neo Destiny,Shining Mewtwo,109/105,1st Edition,PSA 10,2025-07-28,10500,USD,Fanatics Collect,auction,FALSE,,100372905,,https://www.fanaticscollect.com/weekly/6344e688-624e-11f0-98c2-02afd2a02dab,PSA APR
Neo Destiny,Shining Mewtwo,109/105,1st Edition,PSA 10,2025-05-22,7052.00,USD,eBay,unknown,FALSE,,,2002 Pokemon Neo Destiny #109 Shining Mewtwo 1st Edition PSA 10 GEM MINT,https://www.ebay.es/itm/365602307343,PriceCharting
Neo Destiny,Shining Mewtwo,109/105,1st Edition,PSA 10,2025-05-19,6200.00,USD,eBay,unknown,FALSE,,,Pokemon Shining Mewtwo Neo Destiny 1st Edition Secret Rare Holo #109 PSA 10,https://www.ebay.es/itm/286555988806,PriceCharting
Neo Destiny,Shining Mewtwo,109/105,1st Edition,PSA 10,2025-05-14,8500.00,USD,eBay,unknown,FALSE,,,PSA 10 Pokemon Neo Destiny 1st Edition Shining Mewtwo #109 #109,https://www.ebay.es/itm/135613048984,PriceCharting
Neo Destiny,Shining Mewtwo,109/105,1st Edition,PSA 10,2025-05-01,6500.00,USD,eBay,unknown,FALSE,,,PSA 10 GEM MT 2002 Shining Mewtwo Holo Neo Destiny #109 #109,https://www.ebay.es/itm/396344577528,PriceCharting
Neo Destiny,Shining Mewtwo,109/105,1st Edition,PSA 10,2025-04-03,4888.00,USD,eBay,unknown,FALSE,,,GEM MINT Shining Mewtwo PSA 10 1st Edition Neo Destiny 2002 Pokemon TCG FRESH,https://www.ebay.es/itm/396395475090,PriceCharting
Neo Destiny,Shining Mewtwo,109/105,1st Edition,PSA 10,2025-03-17,5800.00,USD,eBay,unknown,FALSE,,,Pokemon Shining Mewtwo Neo Destiny 1st Edition Secret Rare Holo #109 PSA 10,https://www.ebay.es/itm/286390937103,PriceCharting
Neo Destiny,Shining Mewtwo,109/105,1st Edition,PSA 10,2025-03-10,9800.00,USD,eBay,unknown,FALSE,,,Shining Mewtwo 109/105 Neo Destiny 1st Edition Pokemon Card PSA 10 GEM MINT 109/105,https://www.ebay.es/itm/205317626837,PriceCharting
Neo Destiny,Shining Mewtwo,109/105,1st Edition,PSA 10,2025-02-10,4560,USD,Fanatics Collect,auction,FALSE,,41896816,,https://www.fanaticscollect.com/weekly/961844d6-e3f7-11ef-8bd8-0a58a9feac02,PSA APR
Neo Destiny,Shining Mewtwo,109/105,1st Edition,PSA 10,2025-01-01,5000.00,USD,eBay,unknown,FALSE,,,Pokemon Shining Mewtwo Neo Destiny 1st Edition Secret Rare Holo #109 PSA 10,https://www.ebay.es/itm/286225190277,PriceCharting
Neo Destiny,Shining Mewtwo,109/105,1st Edition,PSA 10,2024-11-25,3281,USD,eBay,auction,FALSE,,26735906,,https://www.ebay.com/itm/305916226408,PSA APR
Neo Destiny,Shining Mewtwo,109/105,1st Edition,PSA 10,2024-05-26,3200,USD,eBay,auction,FALSE,,52948004,,https://www.ebay.com/itm/395406763858,PSA APR
Neo Destiny,Shining Mewtwo,109/105,1st Edition,PSA 10,2024-01-23,3800,USD,eBay,auction,FALSE,,27692126,,https://www.ebay.com/itm/235389692534,PSA APR
Neo Destiny,Shining Mewtwo,109/105,1st Edition,PSA 10,2023-12-18,2950,USD,eBay,auction,FALSE,,27692126,,https://www.ebay.com/itm/285592163026,PSA APR
Neo Destiny,Shining Mewtwo,109/105,1st Edition,PSA 9,2026-09-24,17549.00,USD,eBay,unknown,FALSE,,,2002 Pokemon- Shining Mewtwo 1st Edition - Neo Destiny #109 - PSA 9 #109,https://www.ebay.es/itm/800691776546,PriceCharting
Neo Destiny,Shining Mewtwo,109/105,1st Edition,PSA 9,2026-08-30,8500.00,USD,eBay,unknown,FALSE,,,The Pokémon Company 2002 Neo Destiny Shining Mewtwo 1st Ed #109/105 PSA 9 109/105,https://www.ebay.es/itm/257710950579,PriceCharting
Neo Destiny,Shining Mewtwo,109/105,1st Edition,PSA 9,2026-08-29,9815.05,USD,eBay,best offer,TRUE,,,Shining Mewtwo 109/105 PSA 9 1st Edition Neo Destiny Pokemon 109/105,https://www.ebay.es/itm/168633924303,PriceCharting
Neo Destiny,Shining Mewtwo,109/105,1st Edition,PSA 9,2026-08-23,9129.38,USD,eBay,best offer,TRUE,8953.15,,Shining Mewtwo 109/105 PSA 9 1st Edition Neo Destiny Pokemon 109/105,https://www.ebay.es/itm/168632642596,PriceCharting
Neo Destiny,Shining Mewtwo,109/105,1st Edition,PSA 9,2026-08-19,8640.48,USD,eBay,unknown,FALSE,,,2002 Pokemon Shining Mewtwo Neo Destiny 1st Edition #109 PSA 9 #109,https://www.ebay.es/itm/128032865263,PriceCharting
Neo Destiny,Shining Mewtwo,109/105,1st Edition,PSA 9,2026-07-23,9986.24,USD,eBay,unknown,FALSE,,,Shining Mewtwo 109/105 PSA 9 1st Edition Neo Destiny Pokemon 109/105,https://www.ebay.es/itm/168515848047,PriceCharting
Neo Destiny,Shining Mewtwo,109/105,1st Edition,PSA 9,2026-06-25,8000.00,USD,eBay,unknown,FALSE,,,2002 POKEMON NEO DESTINY 1ST EDITION #109 SHINING MEWTWO PSA 9 #109,https://www.ebay.es/itm/307023434373,PriceCharting
Neo Destiny,Shining Mewtwo,109/105,1st Edition,PSA 9,2026-06-14,8172.79,USD,eBay,unknown,FALSE,,,SHINING MEWTWO 1ST EDITION POKEMON NEO DESTINY 2002 109 PSA 9,https://www.ebay.es/itm/137381523830,PriceCharting
Neo Destiny,Shining Mewtwo,109/105,1st Edition,PSA 9,2026-06-01,8452.78,USD,eBay,best offer,TRUE,,,2002 Pokemon Shining Mewtwo 1st Edition Neo Destiny Holo #109 PSA 9 MINT,https://www.ebay.es/itm/206287766412,PriceCharting
Neo Destiny,Shining Mewtwo,109/105,1st Edition,PSA 9,2026-06-01,10001.00,USD,eBay,unknown,FALSE,,,Pokemon Shining Mewtwo Neo Destiny 1st Edition Holo Secret Rare #109 PSA 9 Mint,https://www.ebay.es/itm/287344972629,PriceCharting
Neo Destiny,Shining Mewtwo,109/105,1st Edition,PSA 9,2026-05-31,9384.33,USD,eBay,unknown,FALSE,,,SHINING MEWTWO 1ST EDITION POKEMON NEO DESTINY 2002 109 PSA 9,https://www.ebay.es/itm/137330990869,PriceCharting
Neo Destiny,Shining Mewtwo,109/105,1st Edition,PSA 9,2026-05-31,7867.58,USD,eBay,unknown,FALSE,,,2002 POKEMON NEO DESTINY #109 SHINING MEWTWO 1ST EDITION PSA 9 #109,https://www.ebay.es/itm/306958657770,PriceCharting
Neo Destiny,Shining Mewtwo,109/105,1st Edition,PSA 9,2026-05-07,7500.00,USD,eBay,best offer,TRUE,7500.00,,2002 Pokemon Neo Destiny Shining Mewtwo 1st Edition Holo Card #109 - PSA 9 #109,https://www.ebay.es/itm/168354924090,PriceCharting
Neo Destiny,Shining Mewtwo,109/105,1st Edition,PSA 9,2026-04-16,7500.00,USD,eBay,best offer,TRUE,7500.00,,2002 POKEMON NEO DESTINY 1ST EDITION #109 SHINING MEWTWO PSA 9 #109,https://www.ebay.es/itm/267639117641,PriceCharting
Neo Destiny,Shining Mewtwo,109/105,1st Edition,PSA 9,2026-04-15,7000.00,USD,eBay,unknown,FALSE,,,2002 POKEMON NEO DESTINY 1ST EDITION #109 SHINING MEWTWO PSA 9 #109,https://www.ebay.es/itm/298222823518,PriceCharting
Neo Destiny,Shining Mewtwo,109/105,1st Edition,PSA 9,2026-04-14,7850.00,USD,eBay,best offer,TRUE,7850.00,,Pokémon Shining Mewtwo Neo Destiny 109 Holo 1st Edition PSA 9 109/105,https://www.ebay.es/itm/188257959921,PriceCharting
Neo Destiny,Shining Mewtwo,109/105,1st Edition,PSA 9,2026-04-06,6200.00,USD,eBay,unknown,FALSE,,,Pokemon Shining Mewtwo Neo Destiny 1st Edition Holo Secret Rare #109 PSA 9 Mint,https://www.ebay.es/itm/287233280841,PriceCharting
Neo Destiny,Shining Mewtwo,109/105,1st Edition,PSA 9,2026-02-27,7000.00,USD,eBay,unknown,FALSE,,,2002 POKEMON NEO DESTINY 1ST ED #109 SHINING MEWTWO PSA 9 #109,https://www.ebay.es/itm/298072806760,PriceCharting
Neo Destiny,Shining Mewtwo,109/105,1st Edition,PSA 9,2026-02-24,5950.00,USD,eBay,best offer,TRUE,5950.00,,2002 POKEMON NEO DESTINY 1ST ED #109 SHINING MEWTWO PSA 9 #109,https://www.ebay.es/itm/306786465399,PriceCharting
Neo Destiny,Shining Mewtwo,109/105,1st Edition,PSA 9,2026-02-23,5400.00,USD,eBay,unknown,FALSE,,,Pokemon Shining Mewtwo Neo Destiny 1st Edition Holo Secret Rare #109 PSA 9 Mint,https://www.ebay.es/itm/287139217836,PriceCharting
Neo Destiny,Shining Mewtwo,109/105,1st Edition,PSA 9,2026-02-14,5500.00,USD,eBay,best offer,TRUE,5500.00,,2002 POKEMON NEO DESTINY 1ST EDITION #109 SHINING MEWTWO PSA 9 #109,https://www.ebay.es/itm/306716081171,PriceCharting
Neo Destiny,Shining Mewtwo,109/105,1st Edition,PSA 8,2026-09-05,5692.71,USD,eBay,unknown,FALSE,,,2002 POKEMON NEO DESTINY 1ST EDITION #109/105 SHINING MEWTWO HOLO PSA 8 109/105,https://www.ebay.es/itm/206522078819,PriceCharting
Neo Destiny,Shining Mewtwo,109/105,1st Edition,PSA 8,2026-08-02,5300.00,USD,eBay,unknown,FALSE,,,Pokemon Shining Mewtwo Neo Destiny 1st Edition Holo Secret Rare #109 PSA 8,https://www.ebay.es/itm/287386777191,PriceCharting
Neo Destiny,Shining Mewtwo,109/105,1st Edition,PSA 8,2026-06-30,4900.00,USD,eBay,unknown,FALSE,,,109 P2002 Pokemon Neo Destiny 1st Edition #109 Shining Mewtwo PSA 8 NM-MT,https://www.ebay.es/itm/800209348030,PriceCharting
Neo Destiny,Shining Mewtwo,109/105,1st Edition,PSA 8,2026-06-22,4000.00,USD,eBay,unknown,FALSE,,,2002 Pokemon Neo Destiny 1st Edition Shining Mewtwo Holo #109/105 PSA 8,https://www.ebay.es/itm/377260763698,PriceCharting
Neo Destiny,Shining Mewtwo,109/105,1st Edition,PSA 8,2026-06-14,4692.10,USD,eBay,unknown,FALSE,,,Pokemon Cards: Neo Destiny 1st Edition Rare Holo: Shining Mewtwo 109/105 PSA 8 #109,https://www.ebay.es/itm/318399999551,PriceCharting
Neo Destiny,Shining Mewtwo,109/105,1st Edition,PSA 8,2026-05-25,4500.00,USD,eBay,unknown,FALSE,,,Pokemon Co. 2002 Neo Destiny Shining Mewtwo 109/105 1st Ed Holo PSA 8 English 109/105,https://www.ebay.es/itm/406951277588,PriceCharting
Neo Destiny,Shining Mewtwo,109/105,1st Edition,PSA 8,2026-05-18,5500.00,USD,eBay,best offer,TRUE,5500.00,,2002 POKEMON NEO DESTINY 1ST EDITION #109 SHINING MEWTWO PSA 8 #109,https://www.ebay.es/itm/117199125167,PriceCharting
Neo Destiny,Shining Mewtwo,109/105,1st Edition,PSA 8,2026-05-04,4900.00,USD,eBay,unknown,FALSE,,,Pokemon Neo Destiny 1st Edition Shining Mewtwo PSA 8 #109,https://www.ebay.es/itm/267643147101,PriceCharting
Neo Destiny,Shining Mewtwo,109/105,1st Edition,PSA 8,2026-03-07,2751.00,USD,eBay,best offer,TRUE,,,2002 POKEMON NEO DESTINY 1ST ED #109 SHINING MEWTWO PSA 8 #109,https://www.ebay.es/itm/117073991045,PriceCharting
Neo Destiny,Shining Mewtwo,109/105,1st Edition,PSA 8,2026-02-17,3075.00,USD,eBay,best offer,TRUE,3075.00,,2002 POKEMON NEO DESTINY 1ST ED #109 SHINING MEWTWO PSA 8 109/105,https://www.ebay.es/itm/206028561928,PriceCharting
Neo Destiny,Shining Mewtwo,109/105,1st Edition,PSA 8,2026-02-10,2690.00,USD,eBay,best offer,TRUE,2690.00,,1st Edition Shining Mewtwo Holo PSA 8 Ultra Rare Card 109 Pokemon Neo Destiny 109/105,https://www.ebay.es/itm/206056574850,PriceCharting
Neo Destiny,Shining Mewtwo,109/105,1st Edition,PSA 8,2026-02-08,2690.00,USD,eBay,unknown,FALSE,,,2002 Pokemon Neo Destiny 1st Edition Shining Mewtwo #109 PSA 8 NM-MT #109,https://www.ebay.es/itm/157665235778,PriceCharting
Neo Destiny,Shining Mewtwo,109/105,1st Edition,PSA 8,2025-11-02,2550.00,USD,eBay,unknown,FALSE,,,Pokemon Shining Mewtwo Neo Destiny 1st Edition Holo Secret Rare #109 PSA 8,https://www.ebay.es/itm/286892910348,PriceCharting
Neo Destiny,Shining Mewtwo,109/105,Unlimited,PSA 10,2026-09-28,19200,USD,Fanatics Collect,auction,FALSE,,66088869,,https://www.fanaticscollect.com/weekly/301ade00-b141-11f1-8ea4-0a58a9feac02,PSA APR
Neo Destiny,Shining Mewtwo,109/105,Unlimited,PSA 10,2026-09-19,16750.00,USD,eBay,best offer,TRUE,,,PSA 10 Shining Mewtwo 109/105 2002 Neo Destiny Secret Rare Holo Pokemon Card 109/105,https://www.ebay.es/itm/227516237028,PriceCharting
Neo Destiny,Shining Mewtwo,109/105,Unlimited,PSA 10,2026-09-17,15000,USD,Fanatics Collect,best offer,TRUE,,20416134,,https://www.fanaticscollect.com/buy-now/3f773c19-33b5-4b78-ab98-5055f436256d,PSA APR
Neo Destiny,Shining Mewtwo,109/105,Unlimited,PSA 10,2026-08-31,13200,USD,Fanatics Collect,auction,FALSE,,88526277,,https://www.fanaticscollect.com/weekly/524f08be-9c0d-11f1-9797-0a58a9feac02,PSA APR
Neo Destiny,Shining Mewtwo,109/105,Unlimited,PSA 10,2026-08-24,14400,USD,Fanatics Collect,auction,FALSE,,44242034,,https://www.fanaticscollect.com/weekly/d83c21b8-9826-11f1-a1c2-060336ee47a5,PSA APR
Neo Destiny,Shining Mewtwo,109/105,Unlimited,PSA 10,2026-08-12,15050.00,USD,eBay,unknown,FALSE,,,2002 Pokemon Neo Destiny #109 Shining Mewtwo PSA 10 GEM MINT,https://www.ebay.es/itm/800462450127,PriceCharting
Neo Destiny,Shining Mewtwo,109/105,Unlimited,PSA 10,2026-07-27,16800,USD,Fanatics Collect,auction,FALSE,,27274766,,https://www.fanaticscollect.com/weekly/1be6b724-8617-11f1-bfc5-02ba9858bad3,PSA APR
Neo Destiny,Shining Mewtwo,109/105,Unlimited,PSA 10,2026-07-13,13500.00,USD,eBay,unknown,FALSE,,,Pokemon Shining Mewtwo Neo Destiny 109/105 PSA 10 109/105,https://www.ebay.es/itm/287436026614,PriceCharting
Neo Destiny,Shining Mewtwo,109/105,Unlimited,PSA 10,2026-06-29,15000.00,USD,eBay,unknown,FALSE,,,Pokemon Shining Mewtwo Neo Destiny Unlimited Holo Rare #109/105 PSA 10 #109,https://www.ebay.es/itm/188542132646,PriceCharting
Neo Destiny,Shining Mewtwo,109/105,Unlimited,PSA 10,2026-06-01,10980,USD,Goldin Auctions,auction,FALSE,,43072041,,https://goldin.co/item/2002-pokemon-neo-destiny-109-shining-mewtwo-psa-gem-mt-10dfxml,PSA APR
Neo Destiny,Shining Mewtwo,109/105,Unlimited,PSA 10,2026-04-30,9349.00,USD,eBay,best offer,TRUE,9349.00,,Pokemon Shining Mewtwo Neo Destiny Unlimited Holo Rare #109 PSA 10 #109,https://www.ebay.es/itm/206161599213,PriceCharting
Neo Destiny,Shining Mewtwo,109/105,Unlimited,PSA 10,2026-04-18,9500.00,USD,eBay,best offer,TRUE,9500.00,,Pokémon PSA 10 Shining Mewtwo Neo Destiny,https://www.ebay.es/itm/306887365436,PriceCharting
Neo Destiny,Shining Mewtwo,109/105,Unlimited,PSA 10,2026-04-15,9850.00,USD,eBay,unknown,FALSE,,,Pokemon Shining Mewtwo Neo Destiny Unlimited Holo Secret Rare #109 PSA 10,https://www.ebay.es/itm/336530120959,PriceCharting
Neo Destiny,Shining Mewtwo,109/105,Unlimited,PSA 10,2026-04-07,10000.00,USD,eBay,unknown,FALSE,,,Pokemon Shining Mewtwo Neo Destiny Unlimited Holo Rare #109 PSA 10 #109,https://www.ebay.es/itm/286691151815,PriceCharting
Neo Destiny,Shining Mewtwo,109/105,Unlimited,PSA 10,2026-03-12,7985,USD,eBay,BIN,FALSE,,30333689,,https://www.ebay.com/itm/206075632875,PSA APR
Neo Destiny,Shining Mewtwo,109/105,Unlimited,PSA 10,2026-02-16,7441.24,USD,Goldin Auctions,auction,FALSE,,52733565,,https://goldin.co/item/2002-pokemon-neo-destiny-109-shining-mewtwo-psa-gem-mt-101fer4,PSA APR
Neo Destiny,Shining Mewtwo,109/105,Unlimited,PSA 10,2026-02-07,7450.00,USD,eBay,unknown,FALSE,,,Pokemon Shining Mewtwo Neo Destiny Unlimited Holo Secret Rare #109 PSA 10,https://www.ebay.es/itm/287106693615,PriceCharting
Neo Destiny,Shining Mewtwo,109/105,Unlimited,PSA 10,2025-12-15,4800,USD,Fanatics Collect,auction,FALSE,,27617540,,https://www.fanaticscollect.com/weekly/aaf9a2b2-d129-11f0-95db-0a58a9feac02,PSA APR
Neo Destiny,Shining Mewtwo,109/105,Unlimited,PSA 10,2025-10-19,4270,USD,Goldin Auctions,auction,FALSE,,42306290,,https://goldin.co/item/2002-pokemon-neo-destiny-109-shining-mewtwo-psa-gem-mt-10el7j3,PSA APR
Neo Destiny,Shining Mewtwo,109/105,Unlimited,PSA 10,2025-10-05,4845.96,USD,eBay,unknown,FALSE,,,Pokemon Cards - PSA 10 Shining Mewtwo 109/105 - Neo Destiny - GEM MT - PSA10,https://www.ebay.es/itm/286838231088,PriceCharting
Neo Destiny,Shining Mewtwo,109/105,Unlimited,PSA 10,2025-09-10,4800.00,USD,eBay,unknown,FALSE,,,2002 Pokemon Neo Destiny #109 Shining Mewtwo PSA 10 GEM MINT,https://www.ebay.es/itm/365840628637,PriceCharting
Neo Destiny,Shining Mewtwo,109/105,Unlimited,PSA 10,2025-08-23,6497.77,USD,eBay,BIN,FALSE,,50721863,,https://www.ebay.com/itm/157222774036,PSA APR
Neo Destiny,Shining Mewtwo,109/105,Unlimited,PSA 10,2025-08-22,4500.00,USD,eBay,unknown,FALSE,,,2002 POKEMON NEO DESTINY #109 SHINING MEWTWO PSA 10 #109,https://www.ebay.es/itm/116743643702,PriceCharting
Neo Destiny,Shining Mewtwo,109/105,Unlimited,PSA 10,2025-07-22,4000.00,USD,eBay,unknown,FALSE,,,2002 Pokemon Neo Destiny #109 Shining Mewtwo PSA 10 GEM MINT,https://www.ebay.es/itm/376404789089,PriceCharting
Neo Destiny,Shining Mewtwo,109/105,Unlimited,PSA 10,2025-07-15,4450.00,USD,eBay,unknown,FALSE,,,2002 Pokemon Neo Destiny #109 Shining Mewtwo PSA 10 GEM MINT,https://www.ebay.es/itm/376389132606,PriceCharting
Neo Destiny,Shining Mewtwo,109/105,Unlimited,PSA 10,2025-07-15,4000,USD,eBay,best offer,TRUE,,65529873,,https://www.ebay.com/itm/406044949169,PSA APR
Neo Destiny,Shining Mewtwo,109/105,Unlimited,PSA 10,2025-07-03,3100.00,USD,eBay,unknown,FALSE,,,2002 POKEMON NEO DESTINY #109 SHINING MEWTWO PSA 10 #109,https://www.ebay.es/itm/297442324613,PriceCharting
Neo Destiny,Shining Mewtwo,109/105,Unlimited,PSA 10,2025-06-09,3299.00,USD,eBay,unknown,FALSE,,,2002 POKEMON NEO DESTINY #109 SHINING MEWTWO PSA 10 #109,https://www.ebay.es/itm/205373891060,PriceCharting
Neo Destiny,Shining Mewtwo,109/105,Unlimited,PSA 10,2025-06-03,2799.99,USD,eBay,unknown,FALSE,,,2002 Pokemon Neo Destiny Unlimited #109 Shining Mewtwo Secret PSA 10 Gem Mint #109,https://www.ebay.es/itm/256792876018,PriceCharting
Neo Destiny,Shining Mewtwo,109/105,Unlimited,PSA 10,2025-06-02,2500.00,USD,eBay,unknown,FALSE,,,2002 Pokémon Neo Destiny Shining Mewtwo #109 PSA 10 GEM MINT Holo Vintage Rare 109/105,https://www.ebay.es/itm/297358393786,PriceCharting
Neo Destiny,Shining Mewtwo,109/105,Unlimited,PSA 10,2025-05-28,2700.00,USD,eBay,unknown,FALSE,,,2002 POKEMON NEO DESTINY #109 SHINING MEWTWO PSA 10 #109,https://www.ebay.es/itm/297322147987,PriceCharting
Neo Destiny,Shining Mewtwo,109/105,Unlimited,PSA 10,2025-05-26,2550.00,USD,eBay,unknown,FALSE,,,2002 Pokemon Shining Mewtwo Neo Destiny PSA 10 GEM MT #109,https://www.ebay.es/itm/256933900882,PriceCharting
Neo Destiny,Shining Mewtwo,109/105,Unlimited,PSA 10,2025-05-24,3400.00,USD,eBay,unknown,FALSE,,,2002 POKEMON NEO DESTINY #109 SHINING MEWTWO PSA 10 #109,https://www.ebay.es/itm/297288294380,PriceCharting
Neo Destiny,Shining Mewtwo,109/105,Unlimited,PSA 10,2025-05-15,3400,USD,eBay,best offer,TRUE,,102113311,,https://www.ebay.com/itm/297288294380,PSA APR
Neo Destiny,Shining Mewtwo,109/105,Unlimited,PSA 10,2025-05-12,2700.00,USD,eBay,unknown,FALSE,,,2002 Pokemon Shining Mewtwo Neo Destiny PSA 10 GEM MT #109,https://www.ebay.es/itm/256917392305,PriceCharting
Neo Destiny,Shining Mewtwo,109/105,Unlimited,PSA 10,2025-05-01,2600.00,USD,eBay,unknown,FALSE,,,Shining Mewtwo PSA 10 GEM MINT 109/105 Pokemon Card Neo Destiny,https://www.ebay.es/itm/405791863446,PriceCharting
Neo Destiny,Shining Mewtwo,109/105,Unlimited,PSA 10,2025-04-30,2499.99,USD,eBay,BIN,FALSE,,27617540,,https://www.ebay.com/itm/156692633032,PSA APR
Neo Destiny,Shining Mewtwo,109/105,Unlimited,PSA 10,2025-04-20,2599.99,USD,eBay,unknown,FALSE,,,2002 Pokemon Neo Destiny #109 Shining Mewtwo PSA 10 Gem Mint #109,https://www.ebay.es/itm/177017960499,PriceCharting
Neo Destiny,Shining Mewtwo,109/105,Unlimited,PSA 10,2025-03-23,2199,USD,eBay,best offer,TRUE,,93024304,,https://www.ebay.com/itm/396276747952,PSA APR
Neo Destiny,Shining Mewtwo,109/105,Unlimited,PSA 10,2025-03-10,2220,USD,Fanatics Collect,auction,FALSE,,27593683,,https://www.fanaticscollect.com/weekly/75625d32-f2dc-11ef-be1f-0a58a9feac02,PSA APR
Neo Destiny,Shining Mewtwo,109/105,Unlimited,PSA 10,2025-03-08,3000.00,USD,eBay,unknown,FALSE,,,2002 POKEMON NEO DESTINY #109 SHINING MEWTWO PSA 10 #109,https://www.ebay.es/itm/306106588191,PriceCharting
Neo Destiny,Shining Mewtwo,109/105,Unlimited,PSA 10,2025-02-19,3000,USD,eBay,BIN,FALSE,,70777262,,https://www.ebay.com/itm/306106588191,PSA APR
Neo Destiny,Shining Mewtwo,109/105,Unlimited,PSA 10,2025-01-25,1950,USD,eBay,best offer,TRUE,,61429208,,https://www.ebay.com/itm/135517585973,PSA APR
Neo Destiny,Shining Mewtwo,109/105,Unlimited,PSA 10,2025-01-20,1856.81,USD,eBay,unknown,FALSE,,,2002 Pokemon Neo Destiny Shining Mewtwo PSA 10 Gem Mint English,https://www.ebay.es/itm/396129832828,PriceCharting
Neo Destiny,Shining Mewtwo,109/105,Unlimited,PSA 10,2025-01-07,2079.95,USD,eBay,unknown,FALSE,,,2002 Pokémon Neo Destiny Shining Mewtwo 109/105 PSA 10 109/105,https://www.ebay.es/itm/205110915505,PriceCharting
Neo Destiny,Shining Mewtwo,109/105,Unlimited,PSA 10,2024-07-31,1165,USD,eBay,auction,FALSE,,91168669,,https://www.ebay.com/itm/315599805849,PSA APR
Neo Destiny,Shining Mewtwo,109/105,Unlimited,PSA 10,2024-06-14,1335,USD,eBay,auction,FALSE,,47827933,,https://www.ebay.com/itm/375471282864,PSA APR
Neo Destiny,Shining Mewtwo,109/105,Unlimited,PSA 10,2024-05-28,1357,USD,eBay,auction,FALSE,,47827933,,https://www.ebay.com/itm/387020454383,PSA APR
Neo Destiny,Shining Mewtwo,109/105,Unlimited,PSA 10,2023-12-20,1207.8,USD,eBay,auction,FALSE,,83330972,,https://www.ebay.com/itm/155950835937,PSA APR
Neo Destiny,Shining Mewtwo,109/105,Unlimited,PSA 10,2023-10-17,1082,USD,eBay,auction,FALSE,,41626843,,https://www.ebay.com/itm/335064667733,PSA APR
Neo Destiny,Shining Mewtwo,109/105,Unlimited,PSA 9,2026-09-28,4175.01,USD,eBay,unknown,FALSE,,,2002 Pokemon Neo Destiny Shining Mewtwo Holo #109/105 PSA 9,https://www.ebay.es/itm/377515388930,PriceCharting
Neo Destiny,Shining Mewtwo,109/105,Unlimited,PSA 9,2026-09-28,4250.00,USD,eBay,unknown,FALSE,,,Pokemon Shining Mewtwo Neo Destiny Unlimited 109/105 PSA 9 Mint 109/105,https://www.ebay.es/itm/287594620722,PriceCharting
Neo Destiny,Shining Mewtwo,109/105,Unlimited,PSA 9,2026-09-20,3950.00,USD,eBay,best offer,TRUE,3950.00,,Pokemon Shining Mewtwo Neo Destiny Unlimited Holo #109 PSA 9 Mint #109,https://www.ebay.es/itm/278192624028,PriceCharting
Neo Destiny,Shining Mewtwo,109/105,Unlimited,PSA 9,2026-09-18,4286.40,USD,eBay,best offer,TRUE,4244.45,,PSA 9 Pokémon TCG Neo Destiny Shining Mewtwo Secret Rare Unlimited MINT 109/105,https://www.ebay.es/itm/398408509544,PriceCharting
Neo Destiny,Shining Mewtwo,109/105,Unlimited,PSA 9,2026-09-14,4400.00,USD,eBay,unknown,FALSE,,,Pokemon 2002 Shining Mewtwo 109/105 Secret Rare Neo Destiny PSA 9 109/105,https://www.ebay.es/itm/407191566391,PriceCharting
Neo Destiny,Shining Mewtwo,109/105,Unlimited,PSA 9,2026-09-08,4075.00,USD,eBay,unknown,FALSE,,,Pokemon Shining Mewtwo Neo Destiny Unlimited Holo 109/105 PSA 9 Mint 109/105,https://www.ebay.es/itm/287519680139,PriceCharting
Neo Destiny,Shining Mewtwo,109/105,Unlimited,PSA 9,2026-08-27,4125.00,USD,eBay,unknown,FALSE,,,2002 Pokemon Neo Destiny Shining Mewtwo Holo #109/105 PSA 9,https://www.ebay.es/itm/128038566254,PriceCharting
Neo Destiny,Shining Mewtwo,109/105,Unlimited,PSA 9,2026-08-24,4500.00,USD,eBay,unknown,FALSE,,,2002 POKEMON NEO DESTINY #109 SHINING MEWTWO PSA 9 #109,https://www.ebay.es/itm/117353667669,PriceCharting
Neo Destiny,Shining Mewtwo,109/105,Unlimited,PSA 9,2026-08-17,4050.00,USD,eBay,unknown,FALSE,,,Pokemon 2002 Shining Mewtwo 109/105 Secret Rare Neo Destiny PSA 9 109/105,https://www.ebay.es/itm/407126010682,PriceCharting
Neo Destiny,Shining Mewtwo,109/105,Unlimited,PSA 9,2026-07-21,4550.00,USD,eBay,unknown,FALSE,,,SHINING MEWTWO PSA 9 2002 POKEMON NEO DESTINY #109/105 HOLO MINT RARE 5322 109/105,https://www.ebay.es/itm/188627007670,PriceCharting
Neo Destiny,Shining Mewtwo,109/105,Unlimited,PSA 9,2026-07-17,4550.00,USD,eBay,unknown,FALSE,,,Pokemon 2002 Shining Mewtwo 109/105 Secret Rare Neo Destiny PSA 9 109/105,https://www.ebay.es/itm/407063300487,PriceCharting
Neo Destiny,Shining Mewtwo,109/105,Unlimited,PSA 9,2026-06-29,3800.00,USD,eBay,unknown,FALSE,,,2002 POKEMON NEO DESTINY #109 SHINING MEWTWO PSA 9 #109,https://www.ebay.es/itm/298242894286,PriceCharting
Neo Destiny,Shining Mewtwo,109/105,Unlimited,PSA 9,2026-06-29,3350.00,USD,eBay,unknown,FALSE,,,2002 POKEMON NEO DESTINY #109 SHINING MEWTWO PSA 9 #109,https://www.ebay.es/itm/298432565306,PriceCharting
Neo Destiny,Shining Mewtwo,109/105,Unlimited,PSA 9,2026-06-27,3450.00,USD,eBay,unknown,FALSE,,,Pokemon Shining Mewtwo Neo Destiny Unlimited Holo #109 PSA 9 Mint #109,https://www.ebay.es/itm/188568594065,PriceCharting
Neo Destiny,Shining Mewtwo,109/105,Unlimited,PSA 9,2026-06-26,3696.00,USD,eBay,unknown,FALSE,,,Shining Mewtwo - Holo PSA 9 - Neo Destiny - 2002 - #109/105 - Pokemon - Vintage 109/105,https://www.ebay.es/itm/198323014641,PriceCharting
Neo Destiny,Shining Mewtwo,109/105,Unlimited,PSA 9,2026-06-20,3599.99,USD,eBay,unknown,FALSE,,,Shining Mewtwo #109 - 2002 Pokemon Neo Destiny - PSA 9 #109,https://www.ebay.es/itm/137408110713,PriceCharting
Neo Destiny,Shining Mewtwo,109/105,Unlimited,PSA 9,2026-06-12,3400.00,USD,eBay,unknown,FALSE,,,Shining Mewtwo - Holo PSA 9 - Neo Destiny - 2002 - #109/105 - Pokemon - Vintage 109/105,https://www.ebay.es/itm/227377226252,PriceCharting
Neo Destiny,Shining Mewtwo,109/105,Unlimited,PSA 9,2026-06-11,3350.00,USD,eBay,unknown,FALSE,,,2002 POKEMON NEO DESTINY #109 SHINING MEWTWO PSA 9 #109,https://www.ebay.es/itm/306978906575,PriceCharting
Neo Destiny,Shining Mewtwo,109/105,Unlimited,PSA 9,2026-06-03,3499.00,USD,eBay,unknown,FALSE,,,2002 POKEMON NEO DESTINY #109 SHINING MEWTWO PSA 9 #109,https://www.ebay.es/itm/306974790710,PriceCharting
Neo Destiny,Shining Mewtwo,109/105,Unlimited,PSA 9,2026-05-29,3200.00,USD,eBay,unknown,FALSE,,,2002 Pokemon Neo Destiny Unlimited #109 Shining Mewtwo Holo PSA 9 MINT,https://www.ebay.es/itm/377200762629,PriceCharting
Neo Destiny,Shining Mewtwo,109/105,Unlimited,PSA 9,2026-05-12,3250.00,USD,eBay,unknown,FALSE,,,Pokemon 2002 Shining Mewtwo 109/105 Neo Destiny Guard Included PSA 9 109/105,https://www.ebay.es/itm/406847120433,PriceCharting
Neo Destiny,Shining Mewtwo,109/105,Unlimited,PSA 8,2026-09-29,2982.38,USD,eBay,best offer,TRUE,2984.38,,Pokémon Shining Mewtwo Neo Destiny 109/105 PSA 8 Holo rare Card WOTC Vintage 109/105,https://www.ebay.es/itm/157823593906,PriceCharting
Neo Destiny,Shining Mewtwo,109/105,Unlimited,PSA 8,2026-09-26,2900.00,USD,eBay,best offer,TRUE,2900.00,,2002 POKEMON NEO DESTINY #109 SHINING MEWTWO PSA 8 #109,https://www.ebay.es/itm/117427369602,PriceCharting
Neo Destiny,Shining Mewtwo,109/105,Unlimited,PSA 8,2026-09-06,2332.00,USD,eBay,unknown,FALSE,,,Pokemon Shining Mewtwo Neo Destiny Unlimited 109/105 PSA 8 109/105,https://www.ebay.es/itm/287552953839,PriceCharting
Neo Destiny,Shining Mewtwo,109/105,Unlimited,PSA 8,2026-09-04,2475.99,USD,eBay,unknown,FALSE,,,Pokemon 2002 Neo Destiny Shining Mewtwo 109/105 Holo Secret Rare PSA 8 109/105,https://www.ebay.es/itm/318792932738,PriceCharting
Neo Destiny,Shining Mewtwo,109/105,Unlimited,PSA 8,2026-08-24,2600.00,USD,eBay,unknown,FALSE,,,2002 POKEMON NEO DESTINY #109 SHINING MEWTWO PSA 8 #109,https://www.ebay.es/itm/287537244983,PriceCharting
Neo Destiny,Shining Mewtwo,109/105,Unlimited,PSA 8,2026-08-16,2125.00,USD,eBay,unknown,FALSE,,,Pokemon Shining Mewtwo Neo Destiny Unlimited 109/105 PSA 8 109/105,https://www.ebay.es/itm/287511110523,PriceCharting
Neo Destiny,Shining Mewtwo,109/105,Unlimited,PSA 8,2026-08-07,2251.00,USD,eBay,unknown,FALSE,,,2002 Pokemon Neo Destiny #109 Shining Mewtwo PSA 8 NM-MT,https://www.ebay.es/itm/377382688034,PriceCharting
Neo Destiny,Shining Mewtwo,109/105,Unlimited,PSA 8,2026-08-04,2250.00,USD,eBay,unknown,FALSE,,,2002 Pokemon Neo Destiny #109 Shining Mewtwo PSA 8 NM-MT FRESH NEW CERT #109,https://www.ebay.es/itm/198545003796,PriceCharting
Neo Destiny,Shining Mewtwo,109/105,Unlimited,PSA 8,2026-07-25,3149.99,USD,eBay,unknown,FALSE,,,2002 POKEMON NEO DESTINY #109 SHINING MEWTWO PSA 8 #109,https://www.ebay.es/itm/236962912256,PriceCharting
Neo Destiny,Shining Mewtwo,109/105,Unlimited,PSA 8,2026-07-22,2600.00,USD,eBay,unknown,FALSE,,,2002 POKEMON NEO DESTINY #109 SHINING MEWTWO PSA 8 #109,https://www.ebay.es/itm/398186482028,PriceCharting
Neo Destiny,Shining Mewtwo,109/105,Unlimited,PSA 8,2026-07-21,3150.00,USD,eBay,unknown,FALSE,,,2002 Pokemon Neo Destiny #109 Shining Mewtwo PSA 8 NM-MT,https://www.ebay.es/itm/800321297485,PriceCharting
Neo Destiny,Shining Mewtwo,109/105,Unlimited,PSA 8,2026-07-20,2228.00,USD,eBay,unknown,FALSE,,,Pokemon Shining Mewtwo Neo Destiny Unlimited 109/105 PSA 8 109/105,https://www.ebay.es/itm/287450315055,PriceCharting
Neo Destiny,Shining Mewtwo,109/105,Unlimited,PSA 8,2026-07-19,2500.00,USD,eBay,unknown,FALSE,,,Pokemon Neo Destiny 2002 Shining Mewtwo 109/105 PSA 8 109/105,https://www.ebay.es/itm/358812026209,PriceCharting
Neo Destiny,Shining Mewtwo,109/105,Unlimited,PSA 8,2026-07-17,2101.28,USD,eBay,best offer,TRUE,2071.90,,PSA 8 SHINING MEWTWO 109/105 | Neo Destiny WOTC Holo Pokemon Card 109/105,https://www.ebay.es/itm/198465311955,PriceCharting
Neo Destiny,Shining Mewtwo,109/105,Unlimited,PSA 8,2026-07-13,2700.00,USD,eBay,best offer,TRUE,2700.00,,2002 POKEMON NEO DESTINY #109 SHINING MEWTWO PSA 8 109/105,https://www.ebay.es/itm/336665796993,PriceCharting
Neo Destiny,Shining Mewtwo,109/105,Unlimited,PSA 8,2026-07-06,2225.00,USD,eBay,unknown,FALSE,,,2002 POKEMON NEO DESTINY #109 SHINING MEWTWO PSA 8 #109,https://www.ebay.es/itm/307029481277,PriceCharting
Neo Destiny,Shining Mewtwo,109/105,Unlimited,PSA 8,2026-07-05,2250.00,USD,eBay,unknown,FALSE,,,Pokemon Shining Mewtwo Neo Destiny Unlimited 109/105 PSA 8 109/105,https://www.ebay.es/itm/287424632073,PriceCharting
Neo Destiny,Shining Mewtwo,109/105,Unlimited,PSA 8,2026-06-21,2400.00,USD,eBay,best offer,TRUE,2400.00,,2002 POKEMON NEO DESTINY #109 SHINING MEWTWO PSA 8 #109,https://www.ebay.es/itm/298111274258,PriceCharting
Neo Destiny,Shining Mewtwo,109/105,Unlimited,PSA 8,2026-06-17,2153.30,USD,eBay,unknown,FALSE,,,2002 POKEMON NEO DESTINY #109 SHINING MEWTWO PSA 8,https://www.ebay.es/itm/267700943053,PriceCharting
Neo Destiny,Shining Mewtwo,109/105,Unlimited,PSA 8,2026-06-02,2035.00,USD,eBay,unknown,FALSE,,,2002 POKEMON NEO DESTINY #109 SHINING MEWTWO PSA 8 #109,https://www.ebay.es/itm/117212885214,PriceCharting
Neo Destiny,Shining Mewtwo,109/105,Unlimited,PSA 8,2026-06-01,1900.00,USD,eBay,best offer,TRUE,1900.00,,2002 POKEMON NEO DESTINY #109 SHINING MEWTWO PSA 8 #109,https://www.ebay.es/itm/306972423982,PriceCharting
Neo Destiny,Shining Mewtwo,109/105,Unlimited,PSA 8,2026-05-27,2026.01,USD,eBay,unknown,FALSE,,,2002 Pokemon Neo Destiny Shining Mewtwo Holo #109/105 PSA 8,https://www.ebay.es/itm/377201168502,PriceCharting
Neo Destiny,Shining Noctowl,110/105,1st Edition,PSA 10,2026-09-17,10000.00,USD,eBay,best offer,TRUE,,,2002 POKEMON NEO DESTINY 1ST EDITION #110 SHINING NOCTOWL PSA 10 #110,https://www.ebay.es/itm/117251935638,PriceCharting
Neo Destiny,Shining Noctowl,110/105,1st Edition,PSA 10,2026-09-17,7800.00,USD,eBay,best offer,TRUE,,,2002 POKEMON NEO DESTINY 1ST EDITION #110 SHINING NOCTOWL PSA 10 #110,https://www.ebay.es/itm/307048081583,PriceCharting
Neo Destiny,Shining Noctowl,110/105,1st Edition,PSA 10,2026-09-17,9750,USD,Fanatics Collect,best offer,TRUE,,21445997,,https://www.fanaticscollect.com/buy-now/55d05491-dcd5-4a22-9912-0ca81dadfa69,PSA APR
Neo Destiny,Shining Noctowl,110/105,1st Edition,PSA 10,2026-08-16,6000.00,USD,eBay,unknown,FALSE,,,2002 POKEMON NEO DESTINY 1ST EDITION #110 SHINING NOCTOWL PSA 10 #110,https://www.ebay.es/itm/307126836750,PriceCharting
Neo Destiny,Shining Noctowl,110/105,1st Edition,PSA 10,2026-07-29,5650.00,USD,eBay,unknown,FALSE,,,POKEMON SHINING NOCTOWL 2002 NEO DESTINY #110 1ST ED PSA 10 #110,https://www.ebay.es/itm/800389194007,PriceCharting
Neo Destiny,Shining Noctowl,110/105,1st Edition,PSA 10,2026-06-28,5748.92,USD,eBay,unknown,FALSE,,,SHINING NOCTOWL POKEMON NEO DESTINY 1ST EDITION 110 2002 ENGLISH PSA 10,https://www.ebay.es/itm/137406706957,PriceCharting
Neo Destiny,Shining Noctowl,110/105,1st Edition,PSA 10,2026-06-05,7777.00,USD,eBay,best offer,TRUE,7777.00,,2002 POKEMON NEO DESTINY 1ST EDITION #110 SHINING NOCTOWL PSA 10 #110,https://www.ebay.es/itm/306957174973,PriceCharting
Neo Destiny,Shining Noctowl,110/105,1st Edition,PSA 10,2026-06-02,3000.00,USD,eBay,best offer,TRUE,3000.00,,Pokemon TCG Shining Noctowl 110/105 Neo Destiny 1st Edition Holo PSA 10 110/105,https://www.ebay.es/itm/406965701458,PriceCharting
Neo Destiny,Shining Noctowl,110/105,1st Edition,PSA 10,2026-05-14,4875,USD,Heritage Auctions,auction,FALSE,,51712182,,https://comics.ha.com/itm/memorabilia/trading-cards/pokemon-shining-noctowl-110-1st-edition-neo-destiny-psa-trading-card-game-gem-mint-10-wizards-of-the-coast-2002-secret-rar/a/43246-78115.s?type=DA-DMC-CardLadder-TradingCardGames-43246-05142026,PSA APR
Neo Destiny,Shining Noctowl,110/105,1st Edition,PSA 10,2026-04-23,10200.00,USD,eBay,best offer,TRUE,,,2002 POKEMON NEO DESTINY 1ST ED #110 SHINING NOCTOWL PSA 10 #110,https://www.ebay.es/itm/306808565181,PriceCharting
Neo Destiny,Shining Noctowl,110/105,1st Edition,PSA 10,2026-04-13,5490,USD,Goldin Auctions,auction,FALSE,,41153801,,https://goldin.co/item/2002-pokemon-neo-destiny-1st-edition-110-shining-noctowl-psa-gem-mt-10jbzpw,PSA APR
Neo Destiny,Shining Noctowl,110/105,1st Edition,PSA 10,2026-03-23,5160,USD,Fanatics Collect,auction,FALSE,,22581851,,https://www.fanaticscollect.com/weekly/dcd6e754-1eef-11f1-8a55-0a1ba430ff4b,PSA APR
Neo Destiny,Shining Noctowl,110/105,1st Edition,PSA 10,2026-03-09,4800,USD,Fanatics Collect,auction,FALSE,,69150826,,https://www.fanaticscollect.com/weekly/ce2cd604-11c6-11f1-8d9d-0a58a9feac02,PSA APR
Neo Destiny,Shining Noctowl,110/105,1st Edition,PSA 10,2026-03-02,5500.00,USD,eBay,best offer,TRUE,,,2002 POKEMON NEO DESTINY 1ST ED #110 SHINING NOCTOWL PSA 10 #110,https://www.ebay.es/itm/117046245957,PriceCharting
Neo Destiny,Shining Noctowl,110/105,1st Edition,PSA 10,2026-02-16,5499.00,USD,eBay,unknown,FALSE,,,2002 POKEMON NEO DESTINY 1ST ED #110 SHINING NOCTOWL PSA 10 #110,https://www.ebay.es/itm/127681618743,PriceCharting
Neo Destiny,Shining Noctowl,110/105,1st Edition,PSA 10,2026-02-16,4650,USD,Goldin Auctions,auction,FALSE,,43404928,,https://goldin.co/item/2002-pokemon-neo-destiny-1st-edition-holo-110-shining-noctowl-psa-gem5a5cl,PSA APR
Neo Destiny,Shining Noctowl,110/105,1st Edition,PSA 10,2026-02-09,3025.00,USD,eBay,unknown,FALSE,,,Pokemon Shining Noctowl Neo Destiny 1st Edition Holo Secret Rare #110 PSA 10,https://www.ebay.es/itm/287111408977,PriceCharting
Neo Destiny,Shining Noctowl,110/105,1st Edition,PSA 10,2025-12-05,3200,USD,Fanatics Collect,BIN,FALSE,,21345605,,https://www.fanaticscollect.com/buy-now/df2d695d-4e1f-41c4-ae16-478f8d7c7f5f,PSA APR
Neo Destiny,Shining Noctowl,110/105,1st Edition,PSA 10,2025-11-28,2861.00,USD,eBay,unknown,FALSE,,,Shining Noctowl [1st Edition] #110 Pokemon Neo Destiny Holo PSA 10 110/105,https://www.ebay.es/itm/227092569455,PriceCharting
Neo Destiny,Shining Noctowl,110/105,1st Edition,PSA 10,2025-11-23,3546.49,USD,eBay,unknown,FALSE,,,Pokemon Card - PSA 10 1st Edition Shining Noctowl - Neo Destiny - 110/105,https://www.ebay.es/itm/284591808589,PriceCharting
Neo Destiny,Shining Noctowl,110/105,1st Edition,PSA 10,2025-10-06,2640,USD,Fanatics Collect,auction,FALSE,,22581851,,https://www.fanaticscollect.com/weekly/81c959c0-9801-11f0-95b6-02d93b7d50ab,PSA APR
Neo Destiny,Shining Noctowl,110/105,1st Edition,PSA 10,2025-09-16,2499.99,USD,eBay,unknown,FALSE,,,Pokemon Shining Noctowl Neo Destiny 1st Edition Secret Rare Holo #110 PSA 10,https://www.ebay.es/itm/286715832019,PriceCharting
Neo Destiny,Shining Noctowl,110/105,1st Edition,PSA 10,2025-09-08,1800,USD,Fanatics Collect,auction,FALSE,,27764423,,https://www.fanaticscollect.com/weekly/6bd7c58a-83ec-11f0-b313-062ea38a136d,PSA APR
Neo Destiny,Shining Noctowl,110/105,1st Edition,PSA 10,2025-09-06,2000.00,USD,eBay,unknown,FALSE,,,2002 POKEMON NEO DESTINY 1ST ED #110 SHINING NOCTOWL PSA 10 #110,https://www.ebay.es/itm/116745294965,PriceCharting
Neo Destiny,Shining Noctowl,110/105,1st Edition,PSA 10,2025-08-23,2000,USD,eBay,BIN,FALSE,,27594364,,https://www.ebay.com/itm/116745294965,PSA APR
Neo Destiny,Shining Noctowl,110/105,1st Edition,PSA 10,2025-07-27,2000.00,USD,eBay,unknown,FALSE,,,Pokemon Shining Noctowl Neo Destiny 1st Edition Secret Rare Holo #110 PSA 10 #110,https://www.ebay.es/itm/376261640112,PriceCharting
Neo Destiny,Shining Noctowl,110/105,1st Edition,PSA 10,2025-06-02,1620,USD,Fanatics Collect,auction,FALSE,,43455186,,https://www.fanaticscollect.com/weekly/2fa114a2-3a74-11f0-80a2-0a58a9feac02,PSA APR
Neo Destiny,Shining Noctowl,110/105,1st Edition,PSA 10,2025-04-08,1435.00,USD,eBay,unknown,FALSE,,,2002 Pokemon Neo Destiny 1st Edition #110 Shining Noctowl PSA 10 GEM MINT,https://www.ebay.es/itm/388162152299,PriceCharting
Neo Destiny,Shining Noctowl,110/105,1st Edition,PSA 10,2025-04-07,1636.80,USD,eBay,unknown,FALSE,,,Pokemon Shining Noctowl 1st Edition 110/105 Neo Destiny PSA 10 MINT,https://www.ebay.es/itm/356747105841,PriceCharting
Neo Destiny,Shining Noctowl,110/105,1st Edition,PSA 10,2025-04-07,1400.00,USD,eBay,unknown,FALSE,,,2002 Pokémon Neo Destiny 1st Edition #110 Shining Noctowl PSA 10 Gem mint,https://www.ebay.es/itm/256881904653,PriceCharting
Neo Destiny,Shining Noctowl,110/105,1st Edition,PSA 10,2025-03-26,1505.56,USD,eBay,unknown,FALSE,,,PSA 10 Shining Noctowl 1st Edition Neo Destiny Holo Pokemon Card #110 GEM MINT! #110,https://www.ebay.es/itm/226591481425,PriceCharting
Neo Destiny,Shining Noctowl,110/105,1st Edition,PSA 10,2025-03-17,1500.00,USD,eBay,unknown,FALSE,,,Pokemon Shining Noctowl Neo Destiny 1st Edition Secret Rare Holo #110 PSA 10,https://www.ebay.es/itm/286391204385,PriceCharting
Neo Destiny,Shining Noctowl,110/105,1st Edition,PSA 10,2025-01-02,1399.99,USD,eBay,unknown,FALSE,,,PSA 10 Shining Noctowl 1st Edition Neo Destiny Holo Pokemon Card #110 GEM MINT! #110,https://www.ebay.es/itm/387772280512,PriceCharting
Neo Destiny,Shining Noctowl,110/105,1st Edition,PSA 10,2024-12-31,1569.99,USD,eBay,unknown,FALSE,,,2002 SHINING NOCTOWL 1ST EDITION NEO DESTINY POKEMON PSA 10 GEM MINT #110/105 #110,https://www.ebay.es/itm/126445150386,PriceCharting
Neo Destiny,Shining Noctowl,110/105,1st Edition,PSA 10,2024-09-25,1000.00,USD,eBay,unknown,FALSE,,,2002 Pokemon Neo Destiny #110 Shining Noctowl 1st Edition Gem Mint PSA 10 #110,https://www.ebay.es/itm/225169101947,PriceCharting
Neo Destiny,Shining Noctowl,110/105,1st Edition,PSA 10,2024-07-12,1050.00,USD,eBay,unknown,FALSE,,,PSA 10 Shining Noctowl Neo Destiny 1st Edition # 110 Pokemon 2002 Gem Mint #110,https://www.ebay.es/itm/335074759073,PriceCharting
Neo Destiny,Shining Noctowl,110/105,1st Edition,PSA 10,2024-07-05,1026,USD,eBay,auction,FALSE,,28213889,,https://www.ebay.com/itm/387127173591,PSA APR
Neo Destiny,Shining Noctowl,110/105,1st Edition,PSA 10,2024-05-30,988,USD,eBay,auction,FALSE,,41227366,,https://www.ebay.com/itm/285867410257,PSA APR
Neo Destiny,Shining Noctowl,110/105,1st Edition,PSA 10,2023-12-18,990,USD,eBay,auction,FALSE,,64060918,,https://www.ebay.com/itm/285600910611,PSA APR
Neo Destiny,Shining Noctowl,110/105,1st Edition,PSA 9,2026-09-28,2121.00,USD,eBay,best offer,TRUE,2121.00,,2002 POKEMON NEO DESTINY 1ST EDITION #110 SHINING NOCTOWL PSA 9 #110,https://www.ebay.es/itm/298239496559,PriceCharting
Neo Destiny,Shining Noctowl,110/105,1st Edition,PSA 9,2026-09-12,2002.00,USD,eBay,unknown,FALSE,,,2002 POKEMON NEO DESTINY 1ST EDITION #110 SHINING NOCTOWL PSA 9 #110,https://www.ebay.es/itm/307173122334,PriceCharting
Neo Destiny,Shining Noctowl,110/105,1st Edition,PSA 9,2026-08-09,1800.00,USD,eBay,unknown,FALSE,,,2002 POKEMON NEO DESTINY 1ST EDITION #110 SHINING NOCTOWL PSA 9 #110,https://www.ebay.es/itm/307113852600,PriceCharting
Neo Destiny,Shining Noctowl,110/105,1st Edition,PSA 9,2026-07-26,1271.00,USD,eBay,unknown,FALSE,,,Pokemon Shining Noctowl Neo Destiny Holo Secret Rare 110/105 1st Edition PSA 9 110/105,https://www.ebay.es/itm/287468653015,PriceCharting
Neo Destiny,Shining Noctowl,110/105,1st Edition,PSA 9,2026-07-13,2138.00,USD,eBay,unknown,FALSE,,,2002 POKEMON NEO DESTINY 1ST EDITION #110 SHINING NOCTOWL PSA 9 #110,https://www.ebay.es/itm/117300128816,PriceCharting
Neo Destiny,Shining Noctowl,110/105,1st Edition,PSA 9,2026-07-05,1400.00,USD,eBay,unknown,FALSE,,,Pokemon Shining Noctowl Neo Destiny 110/105 1st Edition PSA 9 Mint 110/105,https://www.ebay.es/itm/287424705428,PriceCharting
Neo Destiny,Shining Noctowl,110/105,1st Edition,PSA 9,2026-06-23,1330.00,USD,eBay,unknown,FALSE,,,2002 POKEMON NEO DESTINY 1ST EDITION #110 SHINING NOCTOWL PSA 9 #110,https://www.ebay.es/itm/307000166251,PriceCharting
Neo Destiny,Shining Noctowl,110/105,1st Edition,PSA 9,2026-05-31,1772.17,USD,eBay,unknown,FALSE,,,SHINING NOCTOWL 1ST EDITION POKEMON NEO DESTINY 2002 110 PSA 9,https://www.ebay.es/itm/137330990888,PriceCharting
Neo Destiny,Shining Noctowl,110/105,1st Edition,PSA 9,2026-05-19,1500.00,USD,eBay,unknown,FALSE,,,2002 POKEMON NEO DESTINY 1ST EDITION #110 SHINING NOCTOWL PSA 9 #110,https://www.ebay.es/itm/306943548623,PriceCharting
Neo Destiny,Shining Noctowl,110/105,1st Edition,PSA 9,2026-05-11,1450.00,USD,eBay,unknown,FALSE,,,2002 POKEMON NEO DESTINY 1ST EDITION #110 SHINING NOCTOWL PSA 9 #110,https://www.ebay.es/itm/298305348796,PriceCharting
Neo Destiny,Shining Noctowl,110/105,1st Edition,PSA 9,2026-05-02,1319.00,USD,eBay,unknown,FALSE,,,Pokémon Neo Destiny Shining Noctowl 1st Edition Secret Rare Holo PSA 9 110/105 110/105,https://www.ebay.es/itm/206226351770,PriceCharting
Neo Destiny,Shining Noctowl,110/105,1st Edition,PSA 9,2026-04-24,1400.00,USD,eBay,unknown,FALSE,,,PSA 9 Shining Noctowl 1st Edition #110 Pokemon Neo Destiny,https://www.ebay.es/itm/397844604581,PriceCharting
Neo Destiny,Shining Noctowl,110/105,1st Edition,PSA 9,2026-04-20,899.99,USD,eBay,unknown,FALSE,,,PSA 9 2002 Shining Noctowl 1st Edition Pokemon Neo Destiny #110 110/105,https://www.ebay.es/itm/365874420908,PriceCharting
Neo Destiny,Shining Noctowl,110/105,1st Edition,PSA 9,2026-03-23,1395.00,USD,eBay,unknown,FALSE,,,2002 Pokemon Neo Destiny 1st Edition #110 Shining Noctowl PSA 9 MINT,https://www.ebay.es/itm/389736911985,PriceCharting
Neo Destiny,Shining Noctowl,110/105,1st Edition,PSA 9,2026-03-20,1225.00,USD,eBay,unknown,FALSE,,,2002 Pokemon Neo Destiny 1st Edition #110 Shining Noctowl PSA 9 MINT,https://www.ebay.es/itm/377029260904,PriceCharting
Neo Destiny,Shining Noctowl,110/105,1st Edition,PSA 9,2026-03-08,1375.00,USD,eBay,unknown,FALSE,,,Pokemon Shining Noctowl Neo Destiny 1st Edition Holo Secret Rare #110 PSA 9 Mint,https://www.ebay.es/itm/287168709015,PriceCharting
Neo Destiny,Shining Noctowl,110/105,1st Edition,PSA 9,2026-03-07,1240.97,USD,eBay,unknown,FALSE,,,Shining Noctowl #110 Pokemon 1st Edition Neo Destiny 2002 PSA 9 #110,https://www.ebay.es/itm/376999318477,PriceCharting
Neo Destiny,Shining Noctowl,110/105,1st Edition,PSA 9,2026-02-21,1399.97,USD,eBay,unknown,FALSE,,,Pokemon Neo Destiny 1st Edition Secret Rare Holo #110 PSA 9 Mint Shining Noctowl 110/105,https://www.ebay.es/itm/168130951536,PriceCharting
Neo Destiny,Shining Noctowl,110/105,1st Edition,PSA 9,2026-02-17,1000.00,USD,eBay,unknown,FALSE,,,2002 POKEMON NEO DESTINY SHINING NOCTOWL 1ST EDITION 110/105 PSA 9 Q1887 110/105,https://www.ebay.es/itm/277662086808,PriceCharting
Neo Destiny,Shining Noctowl,110/105,1st Edition,PSA 9,2026-02-17,1175.00,USD,eBay,unknown,FALSE,,,2002 POKEMON NEO DESTINY 1ST EDITION #110 SHINING NOCTOWL PSA 9 #110,https://www.ebay.es/itm/117027228295,PriceCharting
Neo Destiny,Shining Noctowl,110/105,1st Edition,PSA 9,2026-01-15,869.85,USD,eBay,best offer,TRUE,,,Pokemon PSA 9 Shining Noctowl #110 1St Edition Neo Destiny 2002 English,https://www.ebay.es/itm/286708489064,PriceCharting
Neo Destiny,Shining Noctowl,110/105,1st Edition,PSA 9,2025-12-21,875.00,USD,eBay,best offer,TRUE,875.00,,2002 Pokemon Neo Destiny Shining Noctowl 1st Edition #110 PSA 9 #110,https://www.ebay.es/itm/357822564199,PriceCharting
Neo Destiny,Shining Noctowl,110/105,1st Edition,PSA 9,2025-10-09,900.00,USD,eBay,unknown,FALSE,,,Shining Noctowl [1st Edition] #110 Pokemon Neo Destiny PSA 9,https://www.ebay.es/itm/388996200044,PriceCharting
Neo Destiny,Shining Noctowl,110/105,1st Edition,PSA 9,2025-09-29,1000.00,USD,eBay,unknown,FALSE,,,2002 Pokemon Neo Destiny 1st Edition Shining Noctowl 110/105 PSA 9 Mint 110/105,https://www.ebay.es/itm/157353130867,PriceCharting
Neo Destiny,Shining Noctowl,110/105,1st Edition,PSA 8,2026-09-13,758.00,USD,eBay,unknown,FALSE,,,2002 POKEMON NEO DESTINY #110 SHINING NOCTOWL 1ST EDITION PSA 8 #110,https://www.ebay.es/itm/307158162307,PriceCharting
Neo Destiny,Shining Noctowl,110/105,1st Edition,PSA 8,2026-07-29,1076.00,USD,eBay,unknown,FALSE,,,2002 POKEMON NEO DESTINY 1ST EDITION #110 SHINING NOCTOWL PSA 8 #110,https://www.ebay.es/itm/307075153980,PriceCharting
Neo Destiny,Shining Noctowl,110/105,1st Edition,PSA 8,2026-07-01,1100.00,USD,eBay,unknown,FALSE,,,Pokemon TCG Neo Destiny Shining Noctowl 110/105 Secret Rare Holo 1st Ed PSA 8 110/105,https://www.ebay.es/itm/407041118135,PriceCharting
Neo Destiny,Shining Noctowl,110/105,1st Edition,PSA 8,2026-06-19,1200.00,USD,eBay,best offer,TRUE,1200.00,,2002 POKEMON NEO DESTINY 1ST EDITION #110 SHINING NOCTOWL PSA 8 #110,https://www.ebay.es/itm/117250513861,PriceCharting
Neo Destiny,Shining Noctowl,110/105,1st Edition,PSA 8,2026-06-15,1300.00,USD,eBay,unknown,FALSE,,,Pokemon Shining Noctowl Neo Destiny 1st Edition Holo Secret Rare #110 PSA 8,https://www.ebay.es/itm/287386777187,PriceCharting
Neo Destiny,Shining Noctowl,110/105,1st Edition,PSA 8,2026-06-07,1200.00,USD,eBay,unknown,FALSE,,,Pokemon Shining Noctowl Neo Destiny 1st Edition Holo Secret Rare #110 PSA 8,https://www.ebay.es/itm/287359314187,PriceCharting
Neo Destiny,Shining Noctowl,110/105,1st Edition,PSA 8,2026-05-19,1075.00,USD,eBay,best offer,TRUE,,,PSA 8 NM-MT Shining Noctowl 110/105 1st Edition Neo Destiny Holo Pokemon Card 110/105,https://www.ebay.es/itm/397962539823,PriceCharting
Neo Destiny,Shining Noctowl,110/105,1st Edition,PSA 8,2026-02-19,835.76,USD,eBay,unknown,FALSE,,,PSA 8 - Pokemon 1st EDITION SHINING NOCTOWL - Neo Destiny - 110/105,https://www.ebay.es/itm/266041209171,PriceCharting
Neo Destiny,Shining Noctowl,110/105,1st Edition,PSA 8,2026-02-06,690.00,USD,eBay,unknown,FALSE,,,"Pokémon TCG Neo Destiny Shining Noctowl Holo 1st Edition PSA 8, NEW CERT 110/105",https://www.ebay.es/itm/358094349891,PriceCharting
Neo Destiny,Shining Noctowl,110/105,1st Edition,PSA 8,2025-12-14,705.00,USD,eBay,unknown,FALSE,,,2002 POKEMON NEO DESTINY 1ST EDITION #110 SHINING NOCTOWL PSA 8 #110,https://www.ebay.es/itm/116914658165,PriceCharting
Neo Destiny,Shining Noctowl,110/105,1st Edition,PSA 8,2025-12-01,730.00,USD,eBay,unknown,FALSE,,,2002 POKEMON NEO DESTINY 1ST EDITION #110 SHINING NOCTOWL PSA 8 #110,https://www.ebay.es/itm/116894294342,PriceCharting
Neo Destiny,Shining Noctowl,110/105,1st Edition,PSA 8,2025-10-24,700.00,USD,eBay,unknown,FALSE,,,"Pokemon 1st Edition Neo Destiny Shining Noctowl rare holo card, PSA 8",https://www.ebay.es/itm/177517296617,PriceCharting
Neo Destiny,Shining Noctowl,110/105,1st Edition,PSA 8,2025-10-22,826.51,USD,eBay,unknown,FALSE,,,PSA 8 NEW CERT Pokemon Neo Destiny 1st Edition Shining Noctowl 110/105,https://www.ebay.es/itm/177382679646,PriceCharting
Neo Destiny,Shining Noctowl,110/105,1st Edition,PSA 8,2025-08-03,510.99,USD,eBay,unknown,FALSE,,,2002 POKEMON NEO DESTINY SHINING NOCTOWL 1ST EDITION - PSA 8 (English),https://www.ebay.es/itm/236233448341,PriceCharting
Neo Destiny,Shining Noctowl,110/105,1st Edition,PSA 8,2025-03-10,488.80,USD,eBay,unknown,FALSE,,,Pokémon Shining Noctowl Neo Destiny 110 1st Edition Shiny Holo Rare PSA 8 NM-MT 110/105,https://www.ebay.es/itm/405105559663,PriceCharting
Neo Destiny,Shining Noctowl,110/105,1st Edition,PSA 8,2025-02-17,379.98,USD,eBay,unknown,FALSE,,,Pokémon Shining Noctowl Neo Destiny 110 1st Edition Shiny Holo Rare PSA 8 NM-MT 110/105,https://www.ebay.es/itm/167307251000,PriceCharting
Neo Destiny,Shining Noctowl,110/105,1st Edition,PSA 8,2024-12-18,525.00,USD,eBay,unknown,FALSE,,,Pokémon Shining Noctowl Neo Destiny 110 1st Edition Shiny Holo Rare PSA 8 NM-MT 110/105,https://www.ebay.es/itm/286146382405,PriceCharting
Neo Destiny,Shining Noctowl,110/105,1st Edition,PSA 8,2024-11-04,450.00,USD,eBay,unknown,FALSE,,,Pokémon Shining Noctowl Neo Destiny 110 1st Edition Shiny Holo Rare PSA 8 NM-MT 110/105,https://www.ebay.es/itm/285470356787,PriceCharting
Neo Destiny,Shining Noctowl,110/105,1st Edition,PSA 8,2024-10-26,385.00,USD,eBay,unknown,FALSE,,,2002 POKEMON NEO DESTINY 1ST EDITION #110 SHINING NOCTOWL PSA 8,https://www.ebay.es/itm/305844746297,PriceCharting
Neo Destiny,Shining Noctowl,110/105,Unlimited,PSA 10,2026-09-13,2600.00,USD,eBay,best offer,TRUE,,,The Pokémon Company Shining Noctowl 110/105 Neo Destiny Holo PSA 10 EN NEW CERT 110/105,https://www.ebay.es/itm/227517384438,PriceCharting
Neo Destiny,Shining Noctowl,110/105,Unlimited,PSA 10,2026-09-12,2875.00,USD,eBay,unknown,FALSE,,,2002 POKEMON NEO DESTINY #110 SHINING NOCTOWL PSA 10 #110,https://www.ebay.es/itm/307130010942,PriceCharting
Neo Destiny,Shining Noctowl,110/105,Unlimited,PSA 10,2026-09-12,2799.00,USD,eBay,unknown,FALSE,,,2002 POKEMON NEO DESTINY #110 SHINING NOCTOWL PSA 10 #110,https://www.ebay.es/itm/117365015930,PriceCharting
Neo Destiny,Shining Noctowl,110/105,Unlimited,PSA 10,2026-09-11,3800.00,USD,eBay,best offer,TRUE,3800.00,,The Pokémon Company Shining Noctowl 110/105 Neo Destiny Holo PSA 10 EN NEW CERT 110/105,https://www.ebay.es/itm/227504590497,PriceCharting
Neo Destiny,Shining Noctowl,110/105,Unlimited,PSA 10,2026-09-10,2550.00,USD,eBay,unknown,FALSE,,,POKEMON SHINING NOCTOWL 2002 NEO DESTINY #110 PSA 10 #110,https://www.ebay.es/itm/800603546392,PriceCharting
Neo Destiny,Shining Noctowl,110/105,Unlimited,PSA 10,2026-08-17,2190,USD,Fanatics Collect,auction,FALSE,,26959788,,https://www.fanaticscollect.com/weekly/c8c52246-9459-11f1-bc8f-02ffe07bb5c9,PSA APR
Neo Destiny,Shining Noctowl,110/105,Unlimited,PSA 10,2026-08-13,2700.00,USD,eBay,best offer,TRUE,2700.00,,Pokemon Shining Noctowl #110 Neo Destiny Unlimited PSA 10 Gem Mint,https://www.ebay.es/itm/188787215865,PriceCharting
Neo Destiny,Shining Noctowl,110/105,Unlimited,PSA 10,2026-08-11,2600.00,USD,eBay,unknown,FALSE,,,2002 POKEMON NEO DESTINY #110 SHINING NOCTOWL PSA 10 #110,https://www.ebay.es/itm/117337423377,PriceCharting
Neo Destiny,Shining Noctowl,110/105,Unlimited,PSA 10,2026-07-27,2190,USD,Fanatics Collect,auction,FALSE,,27780254,,https://www.fanaticscollect.com/weekly/f9818268-8161-11f1-877c-0a58a9feac02,PSA APR
Neo Destiny,Shining Noctowl,110/105,Unlimited,PSA 10,2026-07-22,2750.00,USD,eBay,unknown,FALSE,,,2002 POKEMON NEO DESTINY #110 SHINING NOCTOWL PSA 10 #110,https://www.ebay.es/itm/117299833322,PriceCharting
Neo Destiny,Shining Noctowl,110/105,Unlimited,PSA 10,2026-07-14,3350.00,USD,eBay,unknown,FALSE,,,2002 Pokemon Neo Destiny #110 Shining Noctowl PSA 10 GEM MINT,https://www.ebay.es/itm/800298233499,PriceCharting
Neo Destiny,Shining Noctowl,110/105,Unlimited,PSA 10,2026-07-11,4234.01,USD,eBay,unknown,FALSE,,,2002 POKEMON NEO DESTINY #110 SHINING NOCTOWL PSA 10 #110,https://www.ebay.es/itm/307033739905,PriceCharting
Neo Destiny,Shining Noctowl,110/105,Unlimited,PSA 10,2026-06-29,4320,USD,Fanatics Collect,auction,FALSE,,73055051,,https://www.fanaticscollect.com/weekly/99140d42-6b54-11f1-8e22-02237833c7a7,PSA APR
Neo Destiny,Shining Noctowl,110/105,Unlimited,PSA 10,2026-06-23,5100.00,USD,eBay,unknown,FALSE,,,2002 POKEMON NEO DESTINY #110 SHINING NOCTOWL PSA 10 #110,https://www.ebay.es/itm/298417009288,PriceCharting
Neo Destiny,Shining Noctowl,110/105,Unlimited,PSA 10,2026-06-16,5845.2,USD,eBay,best offer,TRUE,,28761909,,https://www.ebay.com/itm/800182071075,PSA APR
Neo Destiny,Shining Noctowl,110/105,Unlimited,PSA 10,2026-06-04,3600.00,USD,eBay,unknown,FALSE,,,2002 POKEMON NEO DESTINY #110 SHINING NOCTOWL PSA 10 #110,https://www.ebay.es/itm/306963725494,PriceCharting
Neo Destiny,Shining Noctowl,110/105,Unlimited,PSA 10,2026-05-30,5000.00,USD,eBay,unknown,FALSE,,,2002 Pokemon Neo Destiny 110 Shining Noctowl PSA 10 #106,https://www.ebay.es/itm/156478900251,PriceCharting
Neo Destiny,Shining Noctowl,110/105,Unlimited,PSA 10,2026-05-17,2700.00,USD,eBay,unknown,FALSE,,,2002 POKEMON NEO DESTINY #110 SHINING NOCTOWL PSA 10 #110,https://www.ebay.es/itm/306926849327,PriceCharting
Neo Destiny,Shining Noctowl,110/105,Unlimited,PSA 10,2026-05-13,3000.00,USD,eBay,unknown,FALSE,,,2002 POKEMON NEO DESTINY #110 SHINING NOCTOWL PSA 10 #110,https://www.ebay.es/itm/117122416913,PriceCharting
Neo Destiny,Shining Noctowl,110/105,Unlimited,PSA 10,2026-05-09,2888.88,USD,eBay,unknown,FALSE,,,2002 Pokemon Neo Destiny # 110 Shining Noctowl PSA 10 GEM MINT! Trusted Seller! #110,https://www.ebay.es/itm/157716518846,PriceCharting
Neo Destiny,Shining Noctowl,110/105,Unlimited,PSA 10,2026-05-05,2600.00,USD,eBay,unknown,FALSE,,,2002 Pokemon Neo Destiny #110 Shining Noctowl PSA 10 GEM MINT,https://www.ebay.es/itm/366372926885,PriceCharting
Neo Destiny,Shining Noctowl,110/105,Unlimited,PSA 10,2026-03-19,1272.80,USD,eBay,unknown,FALSE,,,Pokemon TCG Card - Shining Noctowl English 110/105 Neo Destiny PSA 10 MINT,https://www.ebay.es/itm/406145460196,PriceCharting
Neo Destiny,Shining Noctowl,110/105,Unlimited,PSA 10,2026-02-23,1800.00,USD,eBay,best offer,TRUE,1800.00,,2002 Pokemon Neo Destiny 110 Shining Noctowl PSA 10! LOWEST PRICE ON EBAY! #106,https://www.ebay.es/itm/206075617711,PriceCharting
Neo Destiny,Shining Noctowl,110/105,Unlimited,PSA 10,2026-02-23,1950,USD,Fanatics Collect,auction,FALSE,,85917797,,https://www.fanaticscollect.com/weekly/67b3fd5e-038d-11f1-bd5b-02bd27e8fac1,PSA APR
Neo Destiny,Shining Noctowl,110/105,Unlimited,PSA 10,2026-02-16,1517,USD,Goldin Auctions,auction,FALSE,,26959788,,https://goldin.co/item/2002-pokemon-neo-destiny-110-shining-noctowl-psa-gem-mt-10u74r0,PSA APR
Neo Destiny,Shining Noctowl,110/105,Unlimited,PSA 10,2026-02-16,1745,USD,Goldin Auctions,auction,FALSE,,28348421,,https://goldin.co/item/2002-pokemon-neo-destiny-110-shining-noctowl-psa-gem-mt-10a8lj4,PSA APR
Neo Destiny,Shining Noctowl,110/105,Unlimited,PSA 10,2026-02-03,1735,USD,eBay,best offer,TRUE,,60771204,,https://www.ebay.com/itm/317722422821,PSA APR
Neo Destiny,Shining Noctowl,110/105,Unlimited,PSA 10,2025-12-28,1998.53,USD,eBay,best offer,TRUE,1941.86,,PSA 10 Shining Noctowl 110/105 Neo Destiny Holo Pokemon Card 2002 - Gem Mint #106,https://www.ebay.es/itm/227115002028,PriceCharting
Neo Destiny,Shining Noctowl,110/105,Unlimited,PSA 10,2025-11-29,995.48,USD,eBay,best offer,TRUE,,,2002 Pokemon Neo Destiny 110 Shining Noctowl PSA 10 #106,https://www.ebay.es/itm/236493622986,PriceCharting
Neo Destiny,Shining Noctowl,110/105,Unlimited,PSA 10,2025-11-21,970.00,USD,eBay,unknown,FALSE,,,2002 POKEMON NEO DESTINY #110 SHINING NOCTOWL PSA 10 #110,https://www.ebay.es/itm/116875526266,PriceCharting
Neo Destiny,Shining Noctowl,110/105,Unlimited,PSA 10,2025-11-02,968.65,USD,eBay,unknown,FALSE,,,Pokemon Cards - PSA 10 Shining Noctowl 110/105 - Neo Destiny - GEM MT - PSA10,https://www.ebay.es/itm/286893470668,PriceCharting
Neo Destiny,Shining Noctowl,110/105,Unlimited,PSA 10,2025-10-19,1043.1,USD,Goldin Auctions,auction,FALSE,,73055051,,https://goldin.co/item/2002-pokemon-neo-destiny-110-shining-noctowl-psa-gem-mt-10nhita,PSA APR
Neo Destiny,Shining Noctowl,110/105,Unlimited,PSA 10,2025-10-13,1110,USD,Fanatics Collect,auction,FALSE,,42306293,,https://www.fanaticscollect.com/weekly/61650520-9ef6-11f0-ba33-0a58a9feac02,PSA APR
Neo Destiny,Shining Noctowl,110/105,Unlimited,PSA 10,2025-10-05,1172.76,USD,eBay,unknown,FALSE,,,Pokemon Cards - PSA 10 Shining Noctowl 110/105 - Neo Destiny - GEM MT - PSA10,https://www.ebay.es/itm/286838231146,PriceCharting
Neo Destiny,Shining Noctowl,110/105,Unlimited,PSA 10,2025-08-26,499.08,USD,eBay,BIN,FALSE,,28899277,,https://www.ebay.com/itm/335590693174,PSA APR
Neo Destiny,Shining Noctowl,110/105,Unlimited,PSA 10,2025-07-28,1000.00,USD,eBay,unknown,FALSE,,,2002 POKEMON NEO DESTINY #110 SHINING NOCTOWL PSA 10 #110,https://www.ebay.es/itm/297486099500,PriceCharting
Neo Destiny,Shining Noctowl,110/105,Unlimited,PSA 10,2025-07-27,1000.99,USD,eBay,unknown,FALSE,,,2002 Pokemon Neo Destiny #110 Shining Noctowl PSA 10 Gem Mint #110,https://www.ebay.es/itm/177021067371,PriceCharting
Neo Destiny,Shining Noctowl,110/105,Unlimited,PSA 10,2025-05-29,725,USD,eBay,best offer,TRUE,,45207674,,https://www.ebay.com/itm/326591254525,PSA APR
Neo Destiny,Shining Noctowl,110/105,Unlimited,PSA 10,2025-05-18,787.43,USD,eBay,best offer,TRUE,,82881421,,https://www.ebay.com/itm/396552946742,PSA APR
Neo Destiny,Shining Noctowl,110/105,Unlimited,PSA 10,2025-05-12,603,USD,eBay,best offer,TRUE,,40781424,,https://www.ebay.com/itm/297295884583,PSA APR
Neo Destiny,Shining Noctowl,110/105,Unlimited,PSA 10,2025-05-10,950,USD,eBay,best offer,TRUE,,28899277,,https://www.ebay.com/itm/376227654097,PSA APR
Neo Destiny,Shining Noctowl,110/105,Unlimited,PSA 10,2025-04-23,680,USD,eBay,best offer,TRUE,,28659570,,https://www.ebay.com/itm/256792871694,PSA APR
Neo Destiny,Shining Noctowl,110/105,Unlimited,PSA 10,2025-04-20,750,USD,eBay,auction,FALSE,,28712223,,https://www.ebay.com/itm/376171540489,PSA APR
Neo Destiny,Shining Noctowl,110/105,Unlimited,PSA 10,2025-04-14,622,USD,eBay,auction,FALSE,,49398752,,https://www.ebay.com/itm/286467150553,PSA APR
Neo Destiny,Shining Noctowl,110/105,Unlimited,PSA 10,2025-04-13,750,USD,eBay,best offer,TRUE,,95707222,,https://www.ebay.com/itm/196962826120,PSA APR
Neo Destiny,Shining Noctowl,110/105,Unlimited,PSA 10,2025-03-17,626.13,USD,eBay,best offer,TRUE,,85917797,,https://www.ebay.com/itm/167354717458,PSA APR
Neo Destiny,Shining Noctowl,110/105,Unlimited,PSA 10,2025-03-10,720,USD,Fanatics Collect,auction,FALSE,,28348421,,https://www.fanaticscollect.com/weekly/75612c3c-f2dc-11ef-822e-0a58a9feac02,PSA APR
Neo Destiny,Shining Noctowl,110/105,Unlimited,PSA 10,2025-02-26,549.99,USD,eBay,BIN,FALSE,,27701751,,https://www.ebay.com/itm/156671002169,PSA APR
Neo Destiny,Shining Noctowl,110/105,Unlimited,PSA 10,2025-02-26,599.95,USD,eBay,BIN,FALSE,,75020347,,https://www.ebay.com/itm/276024285609,PSA APR
Neo Destiny,Shining Noctowl,110/105,Unlimited,PSA 10,2025-02-24,515,USD,eBay,BIN,FALSE,,93633966,,https://www.ebay.com/itm/186968235032,PSA APR
Neo Destiny,Shining Noctowl,110/105,Unlimited,PSA 10,2025-01-22,550,USD,eBay,best offer,TRUE,,48722626,,https://www.ebay.com/itm/374677546476,PSA APR
Neo Destiny,Shining Noctowl,110/105,Unlimited,PSA 10,2024-10-14,420,USD,eBay,auction,FALSE,,41130455,,https://www.ebay.com/itm/335610155540,PSA APR
Neo Destiny,Shining Noctowl,110/105,Unlimited,PSA 10,2024-09-23,405,USD,eBay,auction,FALSE,,92901407,,https://www.ebay.com/itm/256636545565,PSA APR
Neo Destiny,Shining Noctowl,110/105,Unlimited,PSA 10,2024-09-13,410.98,USD,eBay,auction,FALSE,,68916986,,https://www.ebay.com/itm/305765872186,PSA APR
Neo Destiny,Shining Noctowl,110/105,Unlimited,PSA 10,2024-06-08,479.27,USD,eBay,auction,FALSE,,73439817,,https://www.ebay.com/itm/235588961339,PSA APR
Neo Destiny,Shining Noctowl,110/105,Unlimited,PSA 10,2024-05-23,489.91,USD,eBay,auction,FALSE,,26959788,,https://www.ebay.com/itm/296429481604,PSA APR
Neo Destiny,Shining Noctowl,110/105,Unlimited,PSA 10,2024-03-19,455,USD,eBay,auction,FALSE,,40987091,,https://www.ebay.com/itm/375305721472,PSA APR
Neo Destiny,Shining Noctowl,110/105,Unlimited,PSA 10,2024-02-05,412.99,USD,eBay,auction,FALSE,,29074459,,https://www.ebay.com/itm/395157904313,PSA APR
Neo Destiny,Shining Noctowl,110/105,Unlimited,PSA 10,2024-01-11,405,USD,eBay,auction,FALSE,,83854236,,https://www.ebay.com/itm/395123983767,PSA APR
Neo Destiny,Shining Noctowl,110/105,Unlimited,PSA 10,2023-10-17,362,USD,eBay,auction,FALSE,,65746188,,https://www.ebay.com/itm/335064663378,PSA APR
Neo Destiny,Shining Noctowl,110/105,Unlimited,PSA 9,2026-09-25,965.34,USD,eBay,unknown,FALSE,,,Pokemon Shining Noctowl Neo Destiny Unlimited Holo #110 PSA 9 Mint - New Cert,https://www.ebay.es/itm/227329552870,PriceCharting
Neo Destiny,Shining Noctowl,110/105,Unlimited,PSA 9,2026-09-24,855.00,USD,eBay,unknown,FALSE,,,Shining Noctowl 2002 Pokemon Neo Destiny #110 Holo PSA 9 110/105,https://www.ebay.es/itm/128084824078,PriceCharting
Neo Destiny,Shining Noctowl,110/105,Unlimited,PSA 9,2026-09-24,849.00,USD,eBay,best offer,TRUE,849.00,,2002 POKEMON NEO DESTINY #110 SHINING NOCTOWL PSA 9 #110,https://www.ebay.es/itm/117329630474,PriceCharting
Neo Destiny,Shining Noctowl,110/105,Unlimited,PSA 9,2026-09-22,767.00,USD,eBay,best offer,TRUE,767.00,,The Pokémon Company 2002 Neo Destiny Shining Noctowl 110/105 Holo PSA 9 110/105,https://www.ebay.es/itm/377513199235,PriceCharting
Neo Destiny,Shining Noctowl,110/105,Unlimited,PSA 9,2026-09-20,950.00,USD,eBay,best offer,TRUE,815.00,,2002 POKEMON NEO DESTINY #110 SHINING NOCTOWL PSA 9 #110,https://www.ebay.es/itm/298678157599,PriceCharting
Neo Destiny,Shining Noctowl,110/105,Unlimited,PSA 9,2026-09-20,825.00,USD,eBay,unknown,FALSE,,,2002 POKEMON NEO DESTINY #110 SHINING NOCTOWL PSA 9 110/105,https://www.ebay.es/itm/188859064042,PriceCharting
Neo Destiny,Shining Noctowl,110/105,Unlimited,PSA 9,2026-09-03,903.55,USD,eBay,unknown,FALSE,,,Shining Noctowl 110/105 PSA 9 Neo Destiny Pokemon Card Game 110/105,https://www.ebay.es/itm/287526552933,PriceCharting
Neo Destiny,Shining Noctowl,110/105,Unlimited,PSA 9,2026-08-30,850.00,USD,eBay,unknown,FALSE,,,Shining Noctowl 2002 Pokemon Neo Destiny #110 Holo PSA 9 110/105,https://www.ebay.es/itm/158160850996,PriceCharting
Neo Destiny,Shining Noctowl,110/105,Unlimited,PSA 9,2026-08-17,800.00,USD,eBay,best offer,TRUE,800.00,,Pokemon Shining Noctowl Neo Destiny Unlimited Holo #110 PSA 9 Mint Card #110,https://www.ebay.es/itm/117347778569,PriceCharting
Neo Destiny,Shining Noctowl,110/105,Unlimited,PSA 9,2026-08-10,499.99,USD,eBay,unknown,FALSE,,,Pokemon 2002 Shining Noctowl 110/105 Neo Destiny PSA 9 110/105,https://www.ebay.es/itm/398255160046,PriceCharting
Neo Destiny,Shining Noctowl,110/105,Unlimited,PSA 9,2026-08-05,710.69,USD,eBay,unknown,FALSE,,,Pokemon 2002 Shining Noctowl 110/105 Neo Destiny PSA 9 110/105,https://www.ebay.es/itm/407107019583,PriceCharting
Neo Destiny,Shining Noctowl,110/105,Unlimited,PSA 9,2026-07-26,848.00,USD,eBay,unknown,FALSE,,,Pokemon Shining Noctowl Neo Destiny Holo Secret Rare 110/105 PSA 9 Mint 110/105,https://www.ebay.es/itm/287468639514,PriceCharting
Neo Destiny,Shining Noctowl,110/105,Unlimited,PSA 9,2026-06-13,680.00,USD,eBay,unknown,FALSE,,,2002 POKEMON NEO DESTINY #110 SHINING NOCTOWL PSA 9 graded rare for collectors #110,https://www.ebay.es/itm/406979795197,PriceCharting
Neo Destiny,Shining Noctowl,110/105,Unlimited,PSA 9,2026-06-09,850.00,USD,eBay,best offer,TRUE,850.00,,2002 POKEMON NEO DESTINY #110 SHINING NOCTOWL PSA 9 #110,https://www.ebay.es/itm/306832490369,PriceCharting
Neo Destiny,Shining Noctowl,110/105,Unlimited,PSA 9,2026-06-08,800.00,USD,eBay,best offer,TRUE,800.00,,2002 POKEMON NEO DESTINY #110 SHINING NOCTOWL PSA 9 110/105,https://www.ebay.es/itm/366458455070,PriceCharting
Neo Destiny,Shining Noctowl,110/105,Unlimited,PSA 9,2026-06-08,630.00,USD,eBay,unknown,FALSE,,,Pokemon Shining Noctowl Neo Destiny Unlimited Holo Secret Rare #110 PSA 9 Mint,https://www.ebay.es/itm/287361530302,PriceCharting
Neo Destiny,Shining Noctowl,110/105,Unlimited,PSA 9,2026-05-31,756.67,USD,eBay,unknown,FALSE,,,SHINING NOCTOWL POKEMON NEO DESTINY 2002 110 PSA 9,https://www.ebay.es/itm/137323729255,PriceCharting
Neo Destiny,Shining Noctowl,110/105,Unlimited,PSA 9,2026-05-31,800.00,USD,eBay,unknown,FALSE,,,2002 POKEMON NEO DESTINY #110 SHINING NOCTOWL PSA 9 #110,https://www.ebay.es/itm/117107773225,PriceCharting
Neo Destiny,Shining Noctowl,110/105,Unlimited,PSA 9,2026-05-17,850.00,USD,eBay,unknown,FALSE,,,Pokemon Shining Noctowl Neo Destiny Unlimited Holo Secret Rare #110 PSA 9 Mint,https://www.ebay.es/itm/287320383609,PriceCharting
Neo Destiny,Shining Noctowl,110/105,Unlimited,PSA 9,2026-05-16,685.00,USD,eBay,best offer,TRUE,685.00,,2002 POKEMON NEO DESTINY #110 SHINING NOCTOWL PSA 9 #110,https://www.ebay.es/itm/277967614204,PriceCharting
Neo Destiny,Shining Noctowl,110/105,Unlimited,PSA 9,2026-05-13,775.00,USD,eBay,unknown,FALSE,,,2002 POKEMON NEO DESTINY #110 SHINING NOCTOWL PSA 9 MINT #110,https://www.ebay.es/itm/127834655676,PriceCharting
Neo Destiny,Shining Noctowl,110/105,Unlimited,PSA 9,2026-05-05,749.95,USD,eBay,unknown,FALSE,,,2002 POKEMON NEO DESTINY #110 SHINING NOCTOWL PSA 9 #110,https://www.ebay.es/itm/306859457677,PriceCharting
Neo Destiny,Shining Noctowl,110/105,Unlimited,PSA 9,2026-05-03,643.00,USD,eBay,unknown,FALSE,,,Pokemon Shining Noctowl Neo Destiny Unlimited Holo Secret Rare #110 PSA 9 Mint,https://www.ebay.es/itm/287290031889,PriceCharting
Neo Destiny,Shining Noctowl,110/105,Unlimited,PSA 8,2026-09-19,475.00,USD,eBay,unknown,FALSE,,,2002 POKEMON NEO DESTINY #110 SHINING NOCTOWL PSA 8 #110,https://www.ebay.es/itm/307172786968,PriceCharting
Neo Destiny,Shining Noctowl,110/105,Unlimited,PSA 8,2026-09-10,500.00,USD,eBay,unknown,FALSE,,,2002 POKEMON NEO DESTINY #110 SHINING NOCTOWL PSA 8 #110,https://www.ebay.es/itm/117396161723,PriceCharting
Neo Destiny,Shining Noctowl,110/105,Unlimited,PSA 8,2026-08-28,550.00,USD,eBay,unknown,FALSE,,,Pokemon TCG PSA 8 Shining Noctowl 110/105 Neo Destiny Holo (2002) 110/105,https://www.ebay.es/itm/398189998991,PriceCharting
Neo Destiny,Shining Noctowl,110/105,Unlimited,PSA 8,2026-08-28,500.00,USD,eBay,best offer,TRUE,500.00,,Shining Noctowl 2002 Pokemon Neo Destiny PSA 8 #110,https://www.ebay.es/itm/236907919078,PriceCharting
Neo Destiny,Shining Noctowl,110/105,Unlimited,PSA 8,2026-08-13,428.00,USD,eBay,best offer,TRUE,428.00,,2002 Pokémon Shining Noctowl #110/105 Neo Destiny Secret Rare PSA 8 NM-MT 110/105,https://www.ebay.es/itm/117342881540,PriceCharting
Neo Destiny,Shining Noctowl,110/105,Unlimited,PSA 8,2026-07-21,430.00,USD,eBay,unknown,FALSE,,,Shining Noctowl Neo Destiny Holo PSA 8 NM 110/105 Pokemon Card Vintage 110/105,https://www.ebay.es/itm/298505327788,PriceCharting
Neo Destiny,Shining Noctowl,110/105,Unlimited,PSA 8,2026-07-14,425.00,USD,eBay,unknown,FALSE,,,Pokémon TCG Shining Noctowl Neo Destiny #110 PSA 8 #110,https://www.ebay.es/itm/236925689940,PriceCharting
Neo Destiny,Shining Noctowl,110/105,Unlimited,PSA 8,2026-06-28,509.00,USD,eBay,unknown,FALSE,,,2002 POKEMON NEO DESTINY #110 SHINING NOCTOWL PSA 8 #110,https://www.ebay.es/itm/298457765092,PriceCharting
Neo Destiny,Shining Noctowl,110/105,Unlimited,PSA 8,2026-06-07,480.00,USD,eBay,unknown,FALSE,,,2002 Pokemon Neo Destiny #110 Shining Noctowl PSA 8 NM-MT #110,https://www.ebay.es/itm/327188160602,PriceCharting
Neo Destiny,Shining Noctowl,110/105,Unlimited,PSA 8,2026-06-04,677.73,USD,eBay,unknown,FALSE,,,2002 POKEMON NEO DESTINY #110 SHINING NOCTOWL PSA 8,https://www.ebay.es/itm/800099540838,PriceCharting
Neo Destiny,Shining Noctowl,110/105,Unlimited,PSA 8,2026-05-23,743.00,USD,eBay,unknown,FALSE,,,2002 POKEMON NEO DESTINY #110 SHINING NOCTOWL PSA 8 #110,https://www.ebay.es/itm/298299961552,PriceCharting
Neo Destiny,Shining Noctowl,110/105,Unlimited,PSA 8,2026-05-03,549.99,USD,eBay,unknown,FALSE,,,Shining Noctowl 110/105 2000 Neo Destiny Pokemon English WOTC PSA 8 NM 110/105,https://www.ebay.es/itm/188333224674,PriceCharting
Neo Destiny,Shining Noctowl,110/105,Unlimited,PSA 8,2026-04-16,505.00,USD,eBay,unknown,FALSE,,,PSA 8 Shining Noctowl 110/105 Neo Destiny Unlimited Secret Rare Pokémon 2002 110/105,https://www.ebay.es/itm/306867115329,PriceCharting
Neo Destiny,Shining Noctowl,110/105,Unlimited,PSA 8,2026-04-01,490.00,USD,eBay,unknown,FALSE,,,2002 POKEMON NEO DESTINY #110 SHINING NOCTOWL PSA 8 #110,https://www.ebay.es/itm/306852997568,PriceCharting
Neo Destiny,Shining Noctowl,110/105,Unlimited,PSA 8,2026-03-22,542.00,USD,eBay,unknown,FALSE,,,Pokemon Shining Noctowl Neo Destiny Unlimited Holo Secret Rare #110 PSA 8,https://www.ebay.es/itm/287197976588,PriceCharting
Neo Destiny,Shining Noctowl,110/105,Unlimited,PSA 8,2026-03-21,395.00,USD,eBay,unknown,FALSE,,,2002 POKEMON NEO DESTINY #110 SHINING NOCTOWL PSA 8 #110,https://www.ebay.es/itm/298116221491,PriceCharting
Neo Destiny,Shining Raichu,111/105,1st Edition,PSA 10,2026-09-17,13900.00,USD,eBay,unknown,FALSE,,,2002 POKEMON NEO DESTINY 1ST EDITION #111 SHINING RAICHU PSA 10 #111,https://www.ebay.es/itm/307139747873,PriceCharting
Neo Destiny,Shining Raichu,111/105,1st Edition,PSA 10,2026-09-16,14250,USD,Fanatics Collect,best offer,TRUE,,40840946,,https://www.fanaticscollect.com/buy-now/b7d62f47-b8bc-40d8-9e7d-d127b03ace6a,PSA APR
Neo Destiny,Shining Raichu,111/105,1st Edition,PSA 10,2026-09-03,13300.00,USD,eBay,unknown,FALSE,,,Pokemon Shining Raichu Neo Destiny 111/105 1st Edition PSA 10 Gem Mint 111/105,https://www.ebay.es/itm/287508195991,PriceCharting
Neo Destiny,Shining Raichu,111/105,1st Edition,PSA 10,2026-08-17,12300.00,USD,eBay,unknown,FALSE,,,Pokemon Shining Raichu Neo Destiny 111/105 1st Edition PSA 10 Gem Mint 111/105,https://www.ebay.es/itm/128026623298,PriceCharting
Neo Destiny,Shining Raichu,111/105,1st Edition,PSA 10,2026-08-10,10980,USD,Goldin Auctions,auction,FALSE,,117650777,,https://goldin.co/item/2002-pokemon-neo-destiny-1st-edition-111-shining-raichu-psa-gem-mt-107r875,PSA APR
Neo Destiny,Shining Raichu,111/105,1st Edition,PSA 10,2026-08-07,9001.01,USD,eBay,unknown,FALSE,,,POKEMON SHINING RAICHU 2002 NEO DESTINY #111 1ST EDITION PSA 10 *CORNER CHIP* #111,https://www.ebay.es/itm/800434505026,PriceCharting
Neo Destiny,Shining Raichu,111/105,1st Edition,PSA 10,2026-05-18,8845,USD,Goldin Auctions,auction,FALSE,,20600309,,https://goldin.co/item/2002-pokemon-neo-destiny-1st-edition-111-shining-raichu-psa-gem-mt-101rk5y,PSA APR
Neo Destiny,Shining Raichu,111/105,1st Edition,PSA 10,2026-04-27,15000,USD,Fanatics Collect,auction,FALSE,,42870114,,https://www.fanaticscollect.com/weekly/904a6e72-38d7-11f1-a4b3-06b9999a61d5,PSA APR
Neo Destiny,Shining Raichu,111/105,1st Edition,PSA 10,2026-04-13,100,USD,eBay,best offer,TRUE,,65982336,,https://www.ebay.com/itm/366343969145,PSA APR
Neo Destiny,Shining Raichu,111/105,1st Edition,PSA 10,2026-04-13,11895,USD,Goldin Auctions,auction,FALSE,,55049035,,https://goldin.co/item/2002-pokemon-neo-destiny-1st-edition-holo-111-shining-raichu-psa-gem-m34aue,PSA APR
Neo Destiny,Shining Raichu,111/105,1st Edition,PSA 10,2026-03-30,13200,USD,Fanatics Collect,auction,FALSE,,27871808,,https://www.fanaticscollect.com/weekly/9722e59a-1ef0-11f1-93f0-0a58a9feac02,PSA APR
Neo Destiny,Shining Raichu,111/105,1st Edition,PSA 10,2026-03-23,15000,USD,Fanatics Collect,auction,FALSE,,46923840,,https://www.fanaticscollect.com/weekly/96fcc234-1ef0-11f1-83c4-0a58a9feac02,PSA APR
Neo Destiny,Shining Raichu,111/105,1st Edition,PSA 10,2026-03-02,17157.00,USD,eBay,best offer,TRUE,,,2002 Pokemon Neo Destiny Shining Raichu 1st Edition #111 PSA 10 #111,https://www.ebay.es/itm/358114785635,PriceCharting
Neo Destiny,Shining Raichu,111/105,1st Edition,PSA 10,2026-02-25,12500,USD,eBay,best offer,TRUE,,45863640,,https://www.ebay.com/itm/146911720610,PSA APR
Neo Destiny,Shining Raichu,111/105,1st Edition,PSA 10,2026-02-09,8000.00,USD,eBay,unknown,FALSE,,,Pokemon Shining Raichu Neo Destiny 1st Edition Holo Secret Rare #111 PSA 10,https://www.ebay.es/itm/287111408982,PriceCharting
Neo Destiny,Shining Raichu,111/105,1st Edition,PSA 10,2026-01-29,2988,USD,eBay,best offer,TRUE,,79937582,,https://www.ebay.com/itm/127650924790,PSA APR
Neo Destiny,Shining Raichu,111/105,1st Edition,PSA 10,2026-01-18,8156.00,USD,eBay,unknown,FALSE,,,Pokemon Shining Raichu Neo Destiny 1st Edition Holo Secret Rare #111 PSA 10,https://www.ebay.es/itm/287061432902,PriceCharting
Neo Destiny,Shining Raichu,111/105,1st Edition,PSA 10,2025-12-30,7950.00,USD,eBay,unknown,FALSE,,,2002 Pokemon SHINING RAICHU #111/105 Neo Destiny 1st Edition Secret Rare PSA 10 111/105,https://www.ebay.es/itm/306670854252,PriceCharting
Neo Destiny,Shining Raichu,111/105,1st Edition,PSA 10,2025-12-16,13999.00,USD,eBay,unknown,FALSE,,,2002 POKEMON NEO DESTINY 1ST EDITION #111 SHINING RAICHU PSA 10 #111,https://www.ebay.es/itm/306639462460,PriceCharting
Neo Destiny,Shining Raichu,111/105,1st Edition,PSA 10,2025-12-12,8400.00,USD,eBay,unknown,FALSE,,,2002 Pokemon SHINING RAICHU #111/105 Neo Destiny 1st Edition Secret Rare PSA 10 111/105,https://www.ebay.es/itm/306638294407,PriceCharting
Neo Destiny,Shining Raichu,111/105,1st Edition,PSA 10,2025-12-12,7188,USD,Heritage Auctions,auction,FALSE,,28409776,,https://comics.ha.com/itm/memorabilia/trading-cards/pokemon-shining-raichu-111-1st-edition-neo-destiny-psa-trading-card-game-gem-mint-10-wizards-of-the-coast-2002-secret-rare/p/7431-21002.s?type=DA-DMC-CardLadder-TradingCardGames-7431-12122025,PSA APR
Neo Destiny,Shining Raichu,111/105,1st Edition,PSA 10,2025-11-29,12000.00,USD,eBay,unknown,FALSE,,,2002 POKEMON NEO DESTINY 1ST EDITION #111 SHINING RAICHU PSA 10 LOW POP 111/105,https://www.ebay.es/itm/267464952125,PriceCharting
Neo Destiny,Shining Raichu,111/105,1st Edition,PSA 10,2025-11-03,8500.00,USD,eBay,unknown,FALSE,,,Pokemon Shining Raichu Neo Destiny 1st Edition Holo Secret Rare #111 PSA 10,https://www.ebay.es/itm/286883067983,PriceCharting
Neo Destiny,Shining Raichu,111/105,1st Edition,PSA 10,2025-10-06,7500,USD,Fanatics Collect,auction,FALSE,,46923840,,https://www.fanaticscollect.com/weekly/81c9d8c8-9801-11f0-af63-02d93b7d50ab,PSA APR
Neo Destiny,Shining Raichu,111/105,1st Edition,PSA 10,2025-09-22,6000,USD,Fanatics Collect,auction,FALSE,,27871808,,https://www.fanaticscollect.com/weekly/7237642c-8d96-11f0-9bae-0a26ad63ce85,PSA APR
Neo Destiny,Shining Raichu,111/105,1st Edition,PSA 10,2025-09-01,6000.00,USD,eBay,unknown,FALSE,,,Pokemon Shining Raichu Neo Destiny 1st Edition Secret Rare Holo #111 PSA 10,https://www.ebay.es/itm/286787769618,PriceCharting
Neo Destiny,Shining Raichu,111/105,1st Edition,PSA 10,2025-08-25,4440,USD,Fanatics Collect,auction,FALSE,,40891199,,https://www.fanaticscollect.com/weekly/5c118e9e-767f-11f0-972b-02740541d3e7,PSA APR
Neo Destiny,Shining Raichu,111/105,1st Edition,PSA 10,2025-08-11,5280,USD,Fanatics Collect,auction,FALSE,,79937582,,https://www.fanaticscollect.com/weekly/7a86fa98-6bae-11f0-8c7a-0a5394c12597,PSA APR
Neo Destiny,Shining Raichu,111/105,1st Edition,PSA 10,2025-08-06,5080.00,USD,eBay,unknown,FALSE,,,2002 Pokemon Neo Destiny #111 Shining Raichu 1st Edition PSA 10 GEM MINT,https://www.ebay.es/itm/376441729111,PriceCharting
Neo Destiny,Shining Raichu,111/105,1st Edition,PSA 10,2025-07-07,5000.00,USD,eBay,unknown,FALSE,,,Pokemon Shining Raichu Neo Destiny 1st Edition Holo Rare #111 PSA 10 Gem Mint,https://www.ebay.es/itm/286691151955,PriceCharting
Neo Destiny,Shining Raichu,111/105,1st Edition,PSA 10,2025-07-07,4800,USD,Fanatics Collect,auction,FALSE,,23465384,,https://www.fanaticscollect.com/weekly/34b0649e-5080-11f0-8b3e-0a58a9feac02,PSA APR
Neo Destiny,Shining Raichu,111/105,1st Edition,PSA 10,2025-06-20,4200.00,USD,eBay,unknown,FALSE,,,Pokemon Shining Raichu Neo Destiny 1st Edition Holo Rare #111 PSA 10 Gem Mint,https://www.ebay.es/itm/286574000469,PriceCharting
Neo Destiny,Shining Raichu,111/105,1st Edition,PSA 10,2025-06-20,4200.00,USD,eBay,unknown,FALSE,,,PSA 10 - Pokemon SHINING RAICHU 1st Edition - Neo Destiny - 111/105 Secret Rare 111/105,https://www.ebay.es/itm/353273552420,PriceCharting
Neo Destiny,Shining Raichu,111/105,1st Edition,PSA 10,2025-05-16,4450.00,USD,eBay,unknown,FALSE,,,Pokemon Neo Destiny 1st Edition Shining Raichu Secret Rare Holo #111 PSA 10 #111,https://www.ebay.es/itm/365582693013,PriceCharting
Neo Destiny,Shining Raichu,111/105,1st Edition,PSA 10,2025-04-28,3840,USD,Fanatics Collect,auction,FALSE,,23465384,,https://www.fanaticscollect.com/weekly/ab21ced2-1b20-11f0-b805-0a58a9feac02,PSA APR
Neo Destiny,Shining Raichu,111/105,1st Edition,PSA 10,2025-04-08,3700.00,USD,eBay,unknown,FALSE,,,2002 Pokemon Neo Desiny 1st Edition #111 Shining Raichu PSA 10 GEM MINT,https://www.ebay.es/itm/388162166349,PriceCharting
Neo Destiny,Shining Raichu,111/105,1st Edition,PSA 10,2025-02-25,3000,USD,eBay,BIN,FALSE,,21445998,,https://www.ebay.com/itm/133850125728,PSA APR
Neo Destiny,Shining Raichu,111/105,1st Edition,PSA 10,2025-02-24,3716.00,USD,eBay,unknown,FALSE,,,Pokemon Shining Raichu Neo Destiny 1st Edition Secret Rare Holo #111 PSA 10,https://www.ebay.es/itm/286330316005,PriceCharting
Neo Destiny,Shining Raichu,111/105,1st Edition,PSA 10,2025-01-27,2880,USD,Fanatics Collect,auction,FALSE,,43154914,,https://www.fanaticscollect.com/weekly/2559f538-d532-11ef-9aa4-0a61c2e29fd5,PSA APR
Neo Destiny,Shining Raichu,111/105,1st Edition,PSA 10,2024-12-27,2750.00,USD,eBay,unknown,FALSE,,,2002 Pokemon Neo Destiny 1st Edition #111 Shining Raichu PSA 10 GEM MINT,https://www.ebay.es/itm/365296123320,PriceCharting
Neo Destiny,Shining Raichu,111/105,1st Edition,PSA 10,2024-12-03,2675.00,USD,eBay,unknown,FALSE,,,2002 Pokemon Neo Destiny 1st Edition #111 Shining Raichu PSA 10 GEM MINT,https://www.ebay.es/itm/375810112337,PriceCharting
Neo Destiny,Shining Raichu,111/105,1st Edition,PSA 10,2024-10-25,2500.00,USD,eBay,unknown,FALSE,,,2002 Pokemon Neo Destiny 1st Edition Holo Shining Raichu #111 PSA 10 GEM MINT #111,https://www.ebay.es/itm/275536900755,PriceCharting
Neo Destiny,Shining Raichu,111/105,1st Edition,PSA 10,2024-07-14,2700.00,USD,eBay,unknown,FALSE,,,2002 Pokemon Neo Destiny 1st Edition Shining Raichu English #111 PSA 10 GEM MINT #111,https://www.ebay.es/itm/166853065686,PriceCharting
Neo Destiny,Shining Raichu,111/105,1st Edition,PSA 10,2024-04-18,2539.39,USD,eBay,unknown,FALSE,,,POKEMON TCG - SHINING RAICHU -1ST EDITION 2002 NEO DESTINY #111 GEM MINT PSA 10 #111,https://www.ebay.es/itm/315263216579,PriceCharting
Neo Destiny,Shining Raichu,111/105,1st Edition,PSA 10,2024-04-04,2271.42,USD,eBay,unknown,FALSE,,,POKEMON TCG - SHINING RAICHU - 1ST EDITION NEO DESTINY - PSA 10 GEM MINT #111,https://www.ebay.es/itm/116118579996,PriceCharting
Neo Destiny,Shining Raichu,111/105,1st Edition,PSA 10,2024-03-04,1985.00,USD,eBay,unknown,FALSE,,,Pokemon 1st Edition Shining Raichu 111/105 Secret Neo Destiny PSA 10 GEM MINT 111/105,https://www.ebay.es/itm/285744765041,PriceCharting
Neo Destiny,Shining Raichu,111/105,1st Edition,PSA 9,2026-09-26,2900.00,USD,eBay,best offer,TRUE,2900.00,,2002 POKEMON NEO DESTINY 1ST EDITION #111 SHINING RAICHU PSA 9 #111,https://www.ebay.es/itm/298585352856,PriceCharting
Neo Destiny,Shining Raichu,111/105,1st Edition,PSA 9,2026-09-21,3099.00,USD,eBay,unknown,FALSE,,,2002 POKEMON NEO DESTINY 1ST EDITION #111 SHINING RAICHU PSA 9 #111,https://www.ebay.es/itm/298677120106,PriceCharting
Neo Destiny,Shining Raichu,111/105,1st Edition,PSA 9,2026-09-21,3150.00,USD,eBay,best offer,TRUE,3150.00,,Pokemon Shining Raichu Neo Destiny 111/105 1st Edition PSA 9 Mint 111/105,https://www.ebay.es/itm/168664563723,PriceCharting
Neo Destiny,Shining Raichu,111/105,1st Edition,PSA 9,2026-09-14,2867.95,USD,eBay,unknown,FALSE,,,2002 Pokemon Neo Destiny Shining Raichu 1st Edition #111 PSA 9,https://www.ebay.es/itm/398393953652,PriceCharting
Neo Destiny,Shining Raichu,111/105,1st Edition,PSA 9,2026-08-24,2900.00,USD,eBay,best offer,TRUE,2900.00,,2002 POKEMON NEO DESTINY 1ST EDITION #111 SHINING RAICHU PSA 9 #111,https://www.ebay.es/itm/307125390134,PriceCharting
Neo Destiny,Shining Raichu,111/105,1st Edition,PSA 9,2026-08-16,2950.00,USD,eBay,unknown,FALSE,,,Shining Raichu #111 1st Edition 2002 Pokemon Neo Destiny Holo PSA 9 MINT 111/105,https://www.ebay.es/itm/128016732445,PriceCharting
Neo Destiny,Shining Raichu,111/105,1st Edition,PSA 9,2026-07-31,1799.00,USD,eBay,unknown,FALSE,,,2002 POKEMON NEO DESTINY 1ST EDITION #111 SHINING RAICHU PSA 9 Holo #111,https://www.ebay.es/itm/377382227529,PriceCharting
Neo Destiny,Shining Raichu,111/105,1st Edition,PSA 9,2026-07-27,2750.00,USD,eBay,unknown,FALSE,,,2002 POKEMON NEO DESTINY 1ST EDITION #111 SHINING RAICHU PSA 9 #111,https://www.ebay.es/itm/307072119207,PriceCharting
Neo Destiny,Shining Raichu,111/105,1st Edition,PSA 9,2026-07-13,3100.00,USD,eBay,unknown,FALSE,,,Pokemon Shining Raichu Neo Destiny 111/105 1st Edition PSA 9 Mint 111/105,https://www.ebay.es/itm/287435737291,PriceCharting
Neo Destiny,Shining Raichu,111/105,1st Edition,PSA 9,2026-06-22,2922.00,USD,eBay,unknown,FALSE,,,2002 POKEMON NEO DESTINY 1ST EDITION #111 SHINING RAICHU PSA 9 #111,https://www.ebay.es/itm/306993829932,PriceCharting
Neo Destiny,Shining Raichu,111/105,1st Edition,PSA 9,2026-06-22,2589.00,USD,eBay,unknown,FALSE,,,2002 Pokemon Neo Destiny 1st Edition Shining Raichu Holo #111/105 PSA 9,https://www.ebay.es/itm/127916611915,PriceCharting
Neo Destiny,Shining Raichu,111/105,1st Edition,PSA 9,2026-06-14,3400.00,USD,eBay,unknown,FALSE,,,Pokemon Shining Raichu Neo Destiny 1st Edition Holo Secret Rare #111 PSA 9 Mint,https://www.ebay.es/itm/287372420393,PriceCharting
Neo Destiny,Shining Raichu,111/105,1st Edition,PSA 9,2026-05-31,3391.60,USD,eBay,unknown,FALSE,,,SHINING RAICHU 1ST EDITION POKEMON NEO DESTINY 2002 111 PSA 9,https://www.ebay.es/itm/137330990853,PriceCharting
Neo Destiny,Shining Raichu,111/105,1st Edition,PSA 9,2026-04-09,3599.00,USD,eBay,unknown,FALSE,,,2002 Pokemon Neo Destiny 1st Edition #111 Shining Raichu PSA 9 MINT #111,https://www.ebay.es/itm/257415688646,PriceCharting
Neo Destiny,Shining Raichu,111/105,1st Edition,PSA 9,2026-03-20,3100.00,USD,eBay,unknown,FALSE,,,2002 Pokemon Neo Destiny 1st Edition #111 Shining Raichu PSA 9 MINT,https://www.ebay.es/itm/366267467471,PriceCharting
Neo Destiny,Shining Raichu,111/105,1st Edition,PSA 9,2026-03-16,2452.00,USD,eBay,unknown,FALSE,,,Shining Raichu 2002 Pokemon 1st Edition Neo Destiny #111 PSA 9 #111,https://www.ebay.es/itm/157736137048,PriceCharting
Neo Destiny,Shining Raichu,111/105,1st Edition,PSA 9,2026-03-15,5000.00,USD,eBay,unknown,FALSE,,,Pokemon Neo Destiny 1st Edition Shining Raichu #111 PSA 9,https://www.ebay.es/itm/147202770227,PriceCharting
Neo Destiny,Shining Raichu,111/105,1st Edition,PSA 9,2026-03-07,3480.67,USD,eBay,unknown,FALSE,,,Shining Raichu 2002 Pokemon 1st Edition Neo Destiny #111 PSA 9,https://www.ebay.es/itm/277622411424,PriceCharting
Neo Destiny,Shining Raichu,111/105,1st Edition,PSA 9,2026-02-26,2850.00,USD,eBay,unknown,FALSE,,,POKEMON 2002 SHINING RAICHU 1ST ED. NEO DESTINY #111 PSA 9 #111,https://www.ebay.es/itm/389641350608,PriceCharting
Neo Destiny,Shining Raichu,111/105,1st Edition,PSA 9,2026-01-28,2550.00,USD,eBay,best offer,TRUE,2550.00,,PSA 9 Shining Raichu 111/105 1st Edition Neo Destiny Holo Foil Pokemon Card WOTC 111/105,https://www.ebay.es/itm/396869130818,PriceCharting
Neo Destiny,Shining Raichu,111/105,1st Edition,PSA 9,2026-01-15,2029.65,USD,eBay,best offer,TRUE,,,Pokemon PSA 9 Shining Raichu #111 1St Edition Neo Destiny 2002 English,https://www.ebay.es/itm/286708493664,PriceCharting
Neo Destiny,Shining Raichu,111/105,1st Edition,PSA 9,2026-01-04,1799.00,USD,eBay,unknown,FALSE,,,2002 POKEMON NEO DESTINY 1ST EDITION #111 SHINING RAICHU PSA 9 #111,https://www.ebay.es/itm/297879932141,PriceCharting
Neo Destiny,Shining Raichu,111/105,1st Edition,PSA 9,2025-12-27,1849.99,USD,eBay,unknown,FALSE,,,Pokémon TCG Shining Raichu Card Neo Destiny 111/105 1st Edition PSA 9 111/105,https://www.ebay.es/itm/136848687103,PriceCharting
Neo Destiny,Shining Raichu,111/105,1st Edition,PSA 9,2025-12-17,1775.00,USD,eBay,unknown,FALSE,,,2002 POKEMON NEO DESTINY 1ST EDITION #111 SHINING RAICHU PSA 9 #111,https://www.ebay.es/itm/297829001081,PriceCharting
Neo Destiny,Shining Raichu,111/105,1st Edition,PSA 9,2025-12-16,1491.00,USD,eBay,unknown,FALSE,,,SHINING RAICHU HOLO 1ST EDITION PSA 9 2002 POKEMON NEO DESTINY #111/105 MINT 111/105,https://www.ebay.es/itm/187813307511,PriceCharting
Neo Destiny,Shining Raichu,111/105,1st Edition,PSA 9,2025-11-28,1595.46,USD,eBay,unknown,FALSE,,,2002 POKEMON NEO DESTINY 1ST EDITION 111/105 SHINING RAICHU PSA 9 111/105,https://www.ebay.es/itm/205860703878,PriceCharting
Neo Destiny,Shining Raichu,111/105,1st Edition,PSA 8,2026-09-27,2000.00,USD,eBay,best offer,TRUE,2000.00,,Pokémon 2002 Neo Destiny Shining Raichu 111/105 1st Ed Holo Secret PSA 8 111/105,https://www.ebay.es/itm/336747739736,PriceCharting
Neo Destiny,Shining Raichu,111/105,1st Edition,PSA 8,2026-08-31,2436.84,USD,eBay,unknown,FALSE,,,Shining Raichu Pokemon 1st Edition Neo Destiny 111 PSA 8 #111,https://www.ebay.es/itm/198579948816,PriceCharting
Neo Destiny,Shining Raichu,111/105,1st Edition,PSA 8,2026-08-18,1500.00,USD,eBay,unknown,FALSE,,,2002 POKEMON NEO DESTINYSHINING RAICHU 111 PSA 8 111/105,https://www.ebay.es/itm/188758381470,PriceCharting
Neo Destiny,Shining Raichu,111/105,1st Edition,PSA 8,2026-07-14,2000.00,USD,eBay,unknown,FALSE,,,2002 POKEMON NEO DESTINY 1ST EDITION #111 SHINING RAICHU PSA 8 #111,https://www.ebay.es/itm/117286602023,PriceCharting
Neo Destiny,Shining Raichu,111/105,1st Edition,PSA 8,2026-07-04,1200.00,USD,eBay,unknown,FALSE,,,2002 POKEMON NEO DESTINY #111 SHINIG RAICHU PSA 8 111/105,https://www.ebay.es/itm/336664761062,PriceCharting
Neo Destiny,Shining Raichu,111/105,1st Edition,PSA 8,2026-07-03,2300.00,USD,eBay,unknown,FALSE,,,Pokemon Shining Raichu Neo Destiny 1st Edition Holo Secret Rare #111 PSA 8,https://www.ebay.es/itm/287386777167,PriceCharting
Neo Destiny,Shining Raichu,111/105,1st Edition,PSA 8,2026-06-18,2000.00,USD,eBay,unknown,FALSE,,,2002 POKEMON NEO DESTINY 1ST EDITION #111 SHINING RAICHU PSA 8 #111,https://www.ebay.es/itm/306992941736,PriceCharting
Neo Destiny,Shining Raichu,111/105,1st Edition,PSA 8,2026-05-25,1900.00,USD,eBay,best offer,TRUE,1900.00,,Pokemon Co. 2002 Neo Destiny Shining Raichu 111/105 1st Ed Holo PSA 8 English 111/105,https://www.ebay.es/itm/406951290688,PriceCharting
Neo Destiny,Shining Raichu,111/105,1st Edition,PSA 8,2026-05-17,2380.00,USD,eBay,unknown,FALSE,,,Pokemon Shining Raichu 2002 Neo Destiny 1st Edition PSA 8 NM-MT Original Buyer 111/105,https://www.ebay.es/itm/397933602431,PriceCharting
Neo Destiny,Shining Raichu,111/105,1st Edition,PSA 8,2026-05-13,2125.00,USD,eBay,best offer,TRUE,2125.00,,2002 POKEMON NEO DESTINY 1ST EDITION #111 SHINING RAICHU PSA 8 #111,https://www.ebay.es/itm/298292736733,PriceCharting
Neo Destiny,Shining Raichu,111/105,1st Edition,PSA 8,2026-04-19,1800.00,USD,eBay,unknown,FALSE,,,Pokemon Shining Raichu Neo Destiny 1st Edition Holo Secret Rare #111 PSA 8,https://www.ebay.es/itm/178059371978,PriceCharting
Neo Destiny,Shining Raichu,111/105,1st Edition,PSA 8,2026-04-15,2000.00,USD,eBay,best offer,TRUE,2000.00,,2002 POKEMON NEO DESTINY 1ST ED #111 SHINING RAICHU PSA 8 #111,https://www.ebay.es/itm/306846494729,PriceCharting
Neo Destiny,Shining Raichu,111/105,1st Edition,PSA 8,2026-03-31,1595.00,USD,eBay,unknown,FALSE,,,2002 Pokemon Neo Destiny 1st Edition #111 Shining Raichu PSA 8 NM-MT,https://www.ebay.es/itm/389789675788,PriceCharting
Neo Destiny,Shining Raichu,111/105,1st Edition,PSA 8,2026-03-08,1700.00,USD,eBay,unknown,FALSE,,,Pokemon Shining Raichu Neo Destiny 1st Edition Holo Secret Rare #111 PSA 8,https://www.ebay.es/itm/287182249676,PriceCharting
Neo Destiny,Shining Raichu,111/105,1st Edition,PSA 8,2026-01-07,1300.00,USD,eBay,unknown,FALSE,,,Pokemon Shining Raichu Neo Destiny 1st Edition Holo Secret Rare #111 PSA 8,https://www.ebay.es/itm/187922880248,PriceCharting
Neo Destiny,Shining Raichu,111/105,1st Edition,PSA 8,2025-11-30,998.00,USD,eBay,unknown,FALSE,,,Pokemon Shining Raichu Neo Destiny 1st Edition Holo Secret Rare #111 PSA 8,https://www.ebay.es/itm/286958762130,PriceCharting
Neo Destiny,Shining Raichu,111/105,1st Edition,PSA 8,2025-08-03,1381.02,USD,eBay,unknown,FALSE,,,Pokemon: Neo Destiny 1st Ed. Secret Rare Holo: Shining Raichu 111/105 PSA 8 #111,https://www.ebay.es/itm/317107279869,PriceCharting
Neo Destiny,Shining Raichu,111/105,1st Edition,PSA 8,2025-08-03,1150.00,USD,eBay,unknown,FALSE,,,Pokemon Neo Destiny 1st Edition Secret Rare Holo #111 PSA 8 Shining RaichU,https://www.ebay.es/itm/406099294147,PriceCharting
Neo Destiny,Shining Raichu,111/105,1st Edition,PSA 8,2025-06-01,775.00,USD,eBay,unknown,FALSE,,,Pokemon Shining Raichu Neo Destiny 1st Edition Secret Holo #111 PSA 8,https://www.ebay.es/itm/286590231997,PriceCharting
Neo Destiny,Shining Raichu,111/105,1st Edition,PSA 8,2025-05-15,899.99,USD,eBay,unknown,FALSE,,,SHINING RAICHU Neo Destiny 1st Edition Holo Rare #111 PSA 8 Vintage Pokemon,https://www.ebay.es/itm/335962843836,PriceCharting
Neo Destiny,Shining Raichu,111/105,Unlimited,PSA 10,2026-09-28,6600,USD,Fanatics Collect,auction,FALSE,,28824186,,https://www.fanaticscollect.com/weekly/a8555f54-b2b2-11f1-a595-0affdeff6541,PSA APR
Neo Destiny,Shining Raichu,111/105,Unlimited,PSA 10,2026-09-26,6999.99,USD,eBay,unknown,FALSE,,,Shining Raichu Pokemon 2002 Neo 4 Destiny Unlimited English #111/105 PSA 10 #111,https://www.ebay.es/itm/407086545216,PriceCharting
Neo Destiny,Shining Raichu,111/105,Unlimited,PSA 10,2026-09-25,5287.60,USD,eBay,unknown,FALSE,,,Shining Raichu 111/105 PSA 10 Pokemon Neo Destiny Unlimited Holo Pristine Grade 111/105,https://www.ebay.es/itm/198664562339,PriceCharting
Neo Destiny,Shining Raichu,111/105,Unlimited,PSA 10,2026-09-24,8000.00,USD,eBay,unknown,FALSE,,,2002 Pokemon Neo Destiny #111 Shining Raichu PSA 10 GEM MINT 111/105,https://www.ebay.es/itm/188622562772,PriceCharting
Neo Destiny,Shining Raichu,111/105,Unlimited,PSA 10,2026-09-08,4950.00,USD,eBay,unknown,FALSE,,,2002 Pokemon Neo Destiny Shining Raichu Holo #111/105 PSA 10 GEM MINT,https://www.ebay.es/itm/128057828962,PriceCharting
Neo Destiny,Shining Raichu,111/105,Unlimited,PSA 10,2026-08-24,4920,USD,Fanatics Collect,auction,FALSE,,41230618,,https://www.fanaticscollect.com/weekly/e992e488-9826-11f1-9eec-0636437ee633,PSA APR
Neo Destiny,Shining Raichu,111/105,Unlimited,PSA 10,2026-08-16,5201.99,USD,eBay,unknown,FALSE,,,Pokemon Shining Raichu Neo Destiny Unlimited 111/105 PSA 10 Gem Mint 111/105,https://www.ebay.es/itm/287511093944,PriceCharting
Neo Destiny,Shining Raichu,111/105,Unlimited,PSA 10,2026-08-02,5600.00,USD,eBay,unknown,FALSE,,,2002 POKEMON NEO DESTINY #111 SHINING RAICHU PSA 10 #111,https://www.ebay.es/itm/117320222784,PriceCharting
Neo Destiny,Shining Raichu,111/105,Unlimited,PSA 10,2026-07-20,5520,USD,Fanatics Collect,auction,FALSE,,46332781,,https://www.fanaticscollect.com/weekly/5628eeb8-7bac-11f1-85c9-0a58a9feac02,PSA APR
Neo Destiny,Shining Raichu,111/105,Unlimited,PSA 10,2026-07-14,5100.00,USD,eBay,unknown,FALSE,,,2002 Pokemon Neo Destiny #111 Shining Raichu PSA 10 GEM MINT,https://www.ebay.es/itm/377322497997,PriceCharting
Neo Destiny,Shining Raichu,111/105,Unlimited,PSA 10,2026-06-28,8463.64,USD,eBay,unknown,FALSE,,,Raichu Pokemon 2002 Neo 4 Destiny Unlimited English #111/105 PSA 10 #111,https://www.ebay.es/itm/158009031659,PriceCharting
Neo Destiny,Shining Raichu,111/105,Unlimited,PSA 10,2026-06-18,6600.00,USD,eBay,unknown,FALSE,,,2002 POKEMON SHINING RAICHU NEO DESTINY #111 PSA 10/MBA SILVER DIAMOND #111,https://www.ebay.es/itm/800158022988,PriceCharting
Neo Destiny,Shining Raichu,111/105,Unlimited,PSA 10,2026-06-04,7850.00,USD,eBay,unknown,FALSE,,,2002 POKEMON SHINING RAICHU NEO DESTINY #111 PSA 10/MBA SILVER DIAMOND #111,https://www.ebay.es/itm/800080778668,PriceCharting
Neo Destiny,Shining Raichu,111/105,Unlimited,PSA 10,2026-05-25,5795,USD,Goldin Auctions,auction,FALSE,,73313994,,https://goldin.co/item/2002-pokemon-neo-destiny-111-shining-raichu-psa-gem-mt-109m97l,PSA APR
Neo Destiny,Shining Raichu,111/105,Unlimited,PSA 10,2026-05-18,5760,USD,Fanatics Collect,auction,FALSE,,28197528,,https://www.fanaticscollect.com/weekly/15eca7a6-4a86-11f1-bc40-027004a3c7d9,PSA APR
Neo Destiny,Shining Raichu,111/105,Unlimited,PSA 10,2026-05-17,6300.00,USD,eBay,unknown,FALSE,,,2002 POKEMON NEO DESTINY #111 SHINING RAICHU PSA 10 #111,https://www.ebay.es/itm/117186150975,PriceCharting
Neo Destiny,Shining Raichu,111/105,Unlimited,PSA 10,2026-05-05,6500.00,USD,eBay,unknown,FALSE,,,2002 Pokemon Neo Destiny Shining Raichu Holo #111/105 PSA 10 GEM MINT,https://www.ebay.es/itm/377151347704,PriceCharting
Neo Destiny,Shining Raichu,111/105,Unlimited,PSA 10,2026-05-01,7900.00,USD,eBay,unknown,FALSE,,,2002 POKEMON NEO DESTINY #111 SHINING RAICHU PSA 10 #111,https://www.ebay.es/itm/298251601944,PriceCharting
Neo Destiny,Shining Raichu,111/105,Unlimited,PSA 10,2026-04-29,8000.00,USD,eBay,best offer,TRUE,8000.00,,2002 Pokemon Neo Destiny Shining Raichu #111 Holo Secret Rare PSA 10 #111,https://www.ebay.es/itm/277881826603,PriceCharting
Neo Destiny,Shining Raichu,111/105,Unlimited,PSA 10,2026-04-19,7100.00,USD,eBay,unknown,FALSE,,,2002 Pokemon Neo Destiny Shining Raichu Holo #111/105 PSA 10 GEM MINT,https://www.ebay.es/itm/377111043042,PriceCharting
Neo Destiny,Shining Raichu,111/105,Unlimited,PSA 10,2026-04-10,8500,USD,eBay,best offer,TRUE,,64870007,,https://www.ebay.com/itm/397797774157,PSA APR
Neo Destiny,Shining Raichu,111/105,Unlimited,PSA 10,2026-04-02,5000.00,USD,eBay,unknown,FALSE,,,2002 Pokemon Neo Destiny Shining Raichu #111 Holo Secret Rare PSA 10 #111,https://www.ebay.es/itm/397781384397,PriceCharting
Neo Destiny,Shining Raichu,111/105,Unlimited,PSA 10,2026-03-09,4700.00,USD,eBay,unknown,FALSE,,,Pokemon Shining Raichu Neo Destiny Unlimited Holo Secret Rare #111 PSA 10,https://www.ebay.es/itm/287168687420,PriceCharting
Neo Destiny,Shining Raichu,111/105,Unlimited,PSA 10,2026-02-16,2619,USD,Goldin Auctions,auction,FALSE,,43548511,,https://goldin.co/item/2002-pokemon-neo-destiny-111-shining-raichu-psa-gem-mt-10aoa4a,PSA APR
Neo Destiny,Shining Raichu,111/105,Unlimited,PSA 10,2026-02-10,3146.08,USD,eBay,best offer,TRUE,,,Pokemon Neo Destiny Shining Raichu PSA 10 Gem Mint English #111,https://www.ebay.es/itm/267538758826,PriceCharting
Neo Destiny,Shining Raichu,111/105,Unlimited,PSA 10,2026-01-29,2962.75,USD,eBay,unknown,FALSE,,,Shining Raichu PSA 10 Gem Mint 111/105 Neo Destiny Pokemon ENG,https://www.ebay.es/itm/127650924790,PriceCharting
Neo Destiny,Shining Raichu,111/105,Unlimited,PSA 10,2026-01-29,2700,USD,Fanatics Collect,best offer,TRUE,,28370060,,https://www.fanaticscollect.com/buy-now/a161d6af-0795-43ed-ad55-e8806ac16d56,PSA APR
Neo Destiny,Shining Raichu,111/105,Unlimited,PSA 10,2026-01-28,2271.26,USD,eBay,best offer,TRUE,,,Shining Raichu PSA 10 Gem Mint 111/105 Neo Destiny Pokemon ENG,https://www.ebay.es/itm/127650200402,PriceCharting
Neo Destiny,Shining Raichu,111/105,Unlimited,PSA 10,2026-01-27,2988.50,USD,eBay,unknown,FALSE,,,Shining Raichu PSA 10 Gem Mint 111/105 Neo Destiny Pokemon ENG,https://www.ebay.es/itm/127649486137,PriceCharting
Neo Destiny,Shining Raichu,111/105,Unlimited,PSA 10,2025-12-24,2200.00,USD,eBay,best offer,TRUE,2200.00,,2002 POKEMON NEO DESTINY #111 SHINING RAICHU PSA 10 #111,https://www.ebay.es/itm/306664771556,PriceCharting
Neo Destiny,Shining Raichu,111/105,Unlimited,PSA 10,2025-12-14,2292.00,USD,eBay,unknown,FALSE,,,Pokemon Shining Raichu Neo Destiny Unlimited Holo Secret Rare #111 PSA 10,https://www.ebay.es/itm/286989953804,PriceCharting
Neo Destiny,Shining Raichu,111/105,Unlimited,PSA 10,2025-11-29,2200.00,USD,eBay,best offer,TRUE,2200.00,,2002 POKEMON NEO DESTINY #111 SHINING RAICHU PSA 10 #111,https://www.ebay.es/itm/297770135889,PriceCharting
Neo Destiny,Shining Raichu,111/105,Unlimited,PSA 10,2025-11-16,2175.00,USD,eBay,unknown,FALSE,,,2002 POKEMON NEO DESTINY #111 SHINING RAICHU PSA 10 #111,https://www.ebay.es/itm/116867551639,PriceCharting
Neo Destiny,Shining Raichu,111/105,Unlimited,PSA 10,2025-11-03,2400,USD,Fanatics Collect,auction,FALSE,,45828377,,https://www.fanaticscollect.com/weekly/99c561e0-93e7-11f0-ae93-0a2d0d2c4357,PSA APR
Neo Destiny,Shining Raichu,111/105,Unlimited,PSA 10,2025-10-19,2318,USD,Goldin Auctions,auction,FALSE,,55706161,,https://goldin.co/item/2002-pokemon-neo-destiny-111-shining-raichu-psa-gem-mt-10p416z,PSA APR
Neo Destiny,Shining Raichu,111/105,Unlimited,PSA 10,2025-10-13,2400,USD,Fanatics Collect,auction,FALSE,,28197528,,https://www.fanaticscollect.com/weekly/6176d03e-9ef6-11f0-b31a-0a58a9feac02,PSA APR
Neo Destiny,Shining Raichu,111/105,Unlimited,PSA 10,2025-10-05,2656.26,USD,eBay,unknown,FALSE,,,Pokemon Cards - PSA 10 Shining Raichu 111/105 - Neo Destiny - GEM MT - PSA10,https://www.ebay.es/itm/286838231154,PriceCharting
Neo Destiny,Shining Raichu,111/105,Unlimited,PSA 10,2025-09-28,2175.00,USD,eBay,unknown,FALSE,,,Pokemon Shining Raichu Neo Destiny Unlimited Secret #111 Scratched Slab PSA 10,https://www.ebay.es/itm/286829399756,PriceCharting
Neo Destiny,Shining Raichu,111/105,Unlimited,PSA 10,2025-09-14,2325,USD,eBay,auction,FALSE,,28316467,,https://www.ebay.com/itm/286804287583,PSA APR
Neo Destiny,Shining Raichu,111/105,Unlimited,PSA 10,2025-08-10,2026,USD,eBay,auction,FALSE,,53731140,,https://www.ebay.com/itm/286742537109,PSA APR
Neo Destiny,Shining Raichu,111/105,Unlimited,PSA 10,2025-07-18,1775,USD,eBay,BIN,FALSE,,43748350,,https://www.ebay.com/itm/167646687874,PSA APR
Neo Destiny,Shining Raichu,111/105,Unlimited,PSA 10,2025-07-15,1798.32,USD,eBay,best offer,TRUE,,27216695,,https://www.ebay.com/itm/267161055688,PSA APR
Neo Destiny,Shining Raichu,111/105,Unlimited,PSA 10,2025-07-01,1548.42,USD,eBay,BIN,FALSE,,28386688,,https://www.ebay.com/itm/175895002208,PSA APR
Neo Destiny,Shining Raichu,111/105,Unlimited,PSA 10,2025-06-01,1305,USD,eBay,best offer,TRUE,,109319744,,https://www.ebay.com/itm/197374442767,PSA APR
Neo Destiny,Shining Raichu,111/105,Unlimited,PSA 10,2025-04-14,1347,USD,eBay,auction,FALSE,,53731140,,https://www.ebay.com/itm/286467150530,PSA APR
Neo Destiny,Shining Raichu,111/105,Unlimited,PSA 10,2025-04-04,1025.99,USD,eBay,BIN,FALSE,,28659571,,https://www.ebay.com/itm/256792874160,PSA APR
Neo Destiny,Shining Raichu,111/105,Unlimited,PSA 10,2025-03-10,1290,USD,Fanatics Collect,auction,FALSE,,28348412,,https://www.fanaticscollect.com/weekly/75606144-f2dc-11ef-9efc-0a58a9feac02,PSA APR
Neo Destiny,Shining Raichu,111/105,Unlimited,PSA 10,2025-03-04,1100,USD,eBay,auction,FALSE,,101217921,,https://www.ebay.com/itm/365420981949,PSA APR
Neo Destiny,Shining Raichu,111/105,Unlimited,PSA 10,2025-02-20,999.99,USD,eBay,BIN,FALSE,,28370060,,https://www.ebay.com/itm/156692604875,PSA APR
Neo Destiny,Shining Raichu,111/105,Unlimited,PSA 10,2025-02-03,875,USD,eBay,auction,FALSE,,101217921,,https://www.ebay.com/itm/286282665636,PSA APR
Neo Destiny,Shining Raichu,111/105,Unlimited,PSA 10,2025-02-01,820,USD,eBay,auction,FALSE,,27874024,,https://www.ebay.com/itm/186913055355,PSA APR
Neo Destiny,Shining Raichu,111/105,Unlimited,PSA 10,2025-01-24,1059,USD,eBay,auction,FALSE,,27172547,,https://www.ebay.com/itm/387831340732,PSA APR
Neo Destiny,Shining Raichu,111/105,Unlimited,PSA 10,2025-01-11,850,USD,eBay,best offer,TRUE,,42501941,,https://www.ebay.com/itm/226529668439,PSA APR
Neo Destiny,Shining Raichu,111/105,Unlimited,PSA 10,2023-10-08,658.16,USD,eBay,auction,FALSE,,41494034,,https://www.ebay.com/itm/134747375203,PSA APR
Neo Destiny,Shining Raichu,111/105,Unlimited,PSA 9,2026-09-26,2231.59,USD,eBay,unknown,FALSE,,,Pokemon 2002 Shining Raichu 111/105 Holo Neo Destiny PSA 9 - New Cert 111/105,https://www.ebay.es/itm/227439237403,PriceCharting
Neo Destiny,Shining Raichu,111/105,Unlimited,PSA 9,2026-09-19,2000.00,USD,eBay,best offer,TRUE,,,2002 Pokémon Shining Raichu Neo Destiny Holo 111/105 Secret Rare PSA 9 111/105,https://www.ebay.es/itm/398356244899,PriceCharting
Neo Destiny,Shining Raichu,111/105,Unlimited,PSA 9,2026-09-17,1580.60,USD,eBay,unknown,FALSE,,,Shining Raichu 111/105 Neo Destiny Pokemon PSA 9 111/105,https://www.ebay.es/itm/377493192839,PriceCharting
Neo Destiny,Shining Raichu,111/105,Unlimited,PSA 9,2026-09-03,1575.00,USD,eBay,unknown,FALSE,,,POKEMON SHINING RAICHU 2002 NEO DESTINY #111 PSA 9 #111,https://www.ebay.es/itm/800567993606,PriceCharting
Neo Destiny,Shining Raichu,111/105,Unlimited,PSA 9,2026-08-31,2250.00,USD,eBay,unknown,FALSE,,,2002 Pokémon Shining Raichu Neo Destiny Holo 111/105 Secret Rare PSA 9 New Cert 111/105,https://www.ebay.es/itm/128037153186,PriceCharting
Neo Destiny,Shining Raichu,111/105,Unlimited,PSA 9,2026-08-16,1225.00,USD,eBay,unknown,FALSE,,,Pokemon Shining Raichu Neo Destiny Unlimited 111/105 PSA 9 Mint 111/105,https://www.ebay.es/itm/287511110503,PriceCharting
Neo Destiny,Shining Raichu,111/105,Unlimited,PSA 9,2026-08-09,1273.41,USD,eBay,unknown,FALSE,,,2002 POKEMON NEO DESTINY #111/105 SHINING RAICHU HOLO PSA 9 111/105,https://www.ebay.es/itm/206456400905,PriceCharting
Neo Destiny,Shining Raichu,111/105,Unlimited,PSA 9,2026-07-31,1564.03,USD,eBay,best offer,TRUE,1538.61,,Shining Raichu 111/105 Neo Destiny Rare Pokémon Card WOTC TCG 2002 Vintage PSA 9 111/105,https://www.ebay.es/itm/398223338406,PriceCharting
Neo Destiny,Shining Raichu,111/105,Unlimited,PSA 9,2026-07-28,1488.88,USD,eBay,unknown,FALSE,,,2002 Pokemon Unlimited Neo Destiny #111 Shining Raichu PSA 9 MINT Trusted Seller #111,https://www.ebay.es/itm/157632651628,PriceCharting
Neo Destiny,Shining Raichu,111/105,Unlimited,PSA 9,2026-07-23,1370.00,USD,eBay,unknown,FALSE,,,2002 POKEMON SHINING RAICHU NEO DESTINY #111 PSA 9 #111,https://www.ebay.es/itm/800342027015,PriceCharting
Neo Destiny,Shining Raichu,111/105,Unlimited,PSA 9,2026-07-17,1423.00,USD,eBay,unknown,FALSE,,,Pokemon 2002 Shining Raichu 111/105 Holo Neo Destiny PSA 9 111/105,https://www.ebay.es/itm/407063301002,PriceCharting
Neo Destiny,Shining Raichu,111/105,Unlimited,PSA 9,2026-06-23,1500.00,USD,eBay,unknown,FALSE,,,SHINING RAICHU 2002 POKEMON NEO DESTINY 111/105 PSA 9 Q1887 #111,https://www.ebay.es/itm/278091830629,PriceCharting
Neo Destiny,Shining Raichu,111/105,Unlimited,PSA 9,2026-06-19,1450.00,USD,eBay,best offer,TRUE,1450.00,,2002 POKEMON NEO DESTINY #111 SHINING RAICHU PSA 9 #111,https://www.ebay.es/itm/117254494817,PriceCharting
Neo Destiny,Shining Raichu,111/105,Unlimited,PSA 9,2026-06-08,1500.00,USD,eBay,unknown,FALSE,,,2002 POKEMON NEO DESTINY #111 SHINING RAICHU PSA 9 #111,https://www.ebay.es/itm/298368879956,PriceCharting
Neo Destiny,Shining Raichu,111/105,Unlimited,PSA 9,2026-06-01,1465.00,USD,eBay,best offer,TRUE,1465.00,,Pokemon Shining Raichu Neo Destiny Unlimited Holo Secret #111 PSA 9 #111,https://www.ebay.es/itm/277970691972,PriceCharting
Neo Destiny,Shining Raichu,111/105,Unlimited,PSA 9,2026-05-18,1600.00,USD,eBay,best offer,TRUE,1600.00,,Shining Raichu 2002 Pokemon Neo Destiny PSA 9 PERFECT HOLO - GRAIL 111/105,https://www.ebay.es/itm/147302047835,PriceCharting
Neo Destiny,Shining Raichu,111/105,Unlimited,PSA 9,2026-05-17,1446.97,USD,eBay,unknown,FALSE,,,Pokémon TCG Shining Raichu PSA 9 Neo Destiny Holo 2002 111/105,https://www.ebay.es/itm/277975902354,PriceCharting
Neo Destiny,Shining Raichu,111/105,Unlimited,PSA 9,2026-05-05,1125.00,USD,eBay,unknown,FALSE,,,2002 Pokemon Neo Destiny Shining Raichu Holo #111/105 PSA 9,https://www.ebay.es/itm/127836611575,PriceCharting
Neo Destiny,Shining Raichu,111/105,Unlimited,PSA 9,2026-05-04,1492.00,USD,eBay,unknown,FALSE,,,Pokemon Shining Raichu Neo Destiny Unlimited Holo Secret Rare #111 PSA 9 Mint,https://www.ebay.es/itm/287290031897,PriceCharting
Neo Destiny,Shining Raichu,111/105,Unlimited,PSA 9,2026-04-29,1460.00,USD,eBay,best offer,TRUE,1460.00,,Shining Raichu 111/105 PSA 9 Neo Destiny Pokemon Card Graded,https://www.ebay.es/itm/188324041140,PriceCharting
Neo Destiny,Shining Raichu,111/105,Unlimited,PSA 9,2026-04-26,1375.00,USD,eBay,unknown,FALSE,,,Pokemon Shining Raichu Neo Destiny Unlimited Holo Secret Rare #111 PSA 9 Mint,https://www.ebay.es/itm/287278224697,PriceCharting
Neo Destiny,Shining Raichu,111/105,Unlimited,PSA 9,2026-04-11,1750.00,USD,eBay,best offer,TRUE,,,Pokemon Shining Raichu Neo Destiny Unlimited Holo Secret #111 PSA 9 New Cert,https://www.ebay.es/itm/366327423690,PriceCharting
Neo Destiny,Shining Raichu,111/105,Unlimited,PSA 9,2026-04-05,1100.00,USD,eBay,unknown,FALSE,,,Pokemon Shining Raichu Neo Destiny Unlimited Holo Secret Rare #111 PSA 9 Mint,https://www.ebay.es/itm/287240391532,PriceCharting
Neo Destiny,Shining Raichu,111/105,Unlimited,PSA 8,2026-09-19,950.00,USD,eBay,unknown,FALSE,,,2002 POKEMON NEO DESTINY #111 SHINING RAICHU PSA 8 #111,https://www.ebay.es/itm/307171515263,PriceCharting
Neo Destiny,Shining Raichu,111/105,Unlimited,PSA 8,2026-09-18,1025.00,USD,eBay,unknown,FALSE,,,2002 POKEMON NEO DESTINY #111 SHINING RAICHU PSA 8 #111,https://www.ebay.es/itm/117405165528,PriceCharting
Neo Destiny,Shining Raichu,111/105,Unlimited,PSA 8,2026-09-15,867.67,USD,eBay,unknown,FALSE,,,2002 POKEMON NEO DESTINY #111 SHINING RAICHU PSA 8 NM-MT,https://www.ebay.es/itm/366654815795,PriceCharting
Neo Destiny,Shining Raichu,111/105,Unlimited,PSA 8,2026-09-14,1000.02,USD,eBay,unknown,FALSE,,,Pokemon Shining Raichu Neo Destiny Unlimited Holo Secret Rare 111/105 PSA 8 111/105,https://www.ebay.es/itm/287565390009,PriceCharting
Neo Destiny,Shining Raichu,111/105,Unlimited,PSA 8,2026-09-08,999.00,USD,eBay,unknown,FALSE,,,2002 POKEMON NEO DESTINY #111 SHINING RAICHU PSA 8 #111,https://www.ebay.es/itm/307165431779,PriceCharting
Neo Destiny,Shining Raichu,111/105,Unlimited,PSA 8,2026-09-07,950.00,USD,eBay,unknown,FALSE,,,2002 Pokemon Neo Destiny Shining Raichu Holo #111/105 PSA 8,https://www.ebay.es/itm/128055805443,PriceCharting
Neo Destiny,Shining Raichu,111/105,Unlimited,PSA 8,2026-08-30,1005.00,USD,eBay,unknown,FALSE,,,Pokemon Shining Raichu Neo Destiny Unlimited 111/105 PSA 8 111/105,https://www.ebay.es/itm/287541280332,PriceCharting
Neo Destiny,Shining Raichu,111/105,Unlimited,PSA 8,2026-08-30,932.59,USD,eBay,unknown,FALSE,,,SHINING RAICHU POKEMON NEO DESTINY 2002 111 PSA 8,https://www.ebay.es/itm/137631931718,PriceCharting
Neo Destiny,Shining Raichu,111/105,Unlimited,PSA 8,2026-08-22,1075.65,USD,eBay,unknown,FALSE,,,Pokemon Shining Raichu Unlimited 2002 Neo Destiny #111 Card PSA 8 #111,https://www.ebay.es/itm/318733090063,PriceCharting
Neo Destiny,Shining Raichu,111/105,Unlimited,PSA 8,2026-08-14,1318.34,USD,eBay,unknown,FALSE,,,Shining Raichu 111/105 Neo Destiny Rare Pokémon Card WOTC TCG 2002 Vintage PSA 8 111/105,https://www.ebay.es/itm/398257389898,PriceCharting
Neo Destiny,Shining Raichu,111/105,Unlimited,PSA 8,2026-08-07,1199.99,USD,eBay,unknown,FALSE,,,Pokemon Shining Raichu Unlimited 2002 Neo Destiny #111 Card PSA 8 #111,https://www.ebay.es/itm/377395017571,PriceCharting
Neo Destiny,Shining Raichu,111/105,Unlimited,PSA 8,2026-08-04,999.00,USD,eBay,unknown,FALSE,,,Pokemon 2002 Neo Destiny #111 Shining Raichu Card PSA 8 #111,https://www.ebay.es/itm/327293925541,PriceCharting
Neo Destiny,Shining Raichu,111/105,Unlimited,PSA 8,2026-07-21,1150.00,USD,eBay,unknown,FALSE,,,Pokemon Shining Raichu Neo Destiny Unlimited Holo #111 PSA 8,https://www.ebay.es/itm/257552731132,PriceCharting
Neo Destiny,Shining Raichu,111/105,Unlimited,PSA 8,2026-06-24,960.00,USD,eBay,unknown,FALSE,,,Pokemon Shining Raichu Neo Destiny Unlimited Holo #111 PSA 8,https://www.ebay.es/itm/257570707263,PriceCharting
Neo Destiny,Shining Raichu,111/105,Unlimited,PSA 8,2026-06-09,950.00,USD,eBay,unknown,FALSE,,,2002 Pokemon Neo Destiny Shining Raichu #111 PSA 8 #111,https://www.ebay.es/itm/117240605643,PriceCharting
Neo Destiny,Shining Raichu,111/105,Unlimited,PSA 8,2026-06-01,999.99,USD,eBay,unknown,FALSE,,,Pokemon 2002 Neo Destiny #111 Shining Raichu Card PSA 8 #111,https://www.ebay.es/itm/800088754010,PriceCharting
Neo Destiny,Shining Raichu,111/105,Unlimited,PSA 8,2026-05-14,1025.00,USD,eBay,best offer,TRUE,1025.00,,2002 POKEMON NEO DESTINY #111 SHINING RAICHU PSA 8 #111,https://www.ebay.es/itm/117192035553,PriceCharting
Neo Destiny,Shining Raichu,111/105,Unlimited,PSA 8,2026-05-11,1224.89,USD,eBay,unknown,FALSE,,,2002 Pokemon Neo Destiny 111 Shining Raichu PSA 8 NEW CERT,https://www.ebay.es/itm/277947158847,PriceCharting
Neo Destiny,Shining Raichu,111/105,Unlimited,PSA 8,2026-05-05,965.00,USD,eBay,unknown,FALSE,,,2002 Pokemon Neo Destiny #111 Shining Raichu PSA 8 NM-MT,https://www.ebay.es/itm/389933790050,PriceCharting
Neo Destiny,Shining Raichu,111/105,Unlimited,PSA 8,2026-05-02,919.86,USD,eBay,best offer,TRUE,878.04,,Pokemon TCG - Shining Raichu 111/105 Neo Destiny PSA 8,https://www.ebay.es/itm/377065053955,PriceCharting
Neo Destiny,Shining Steelix,112/105,1st Edition,PSA 10,2026-09-13,8655,USD,Fanatics Collect,best offer,TRUE,,67103774,,https://www.fanaticscollect.com/buy-now/244fa3fd-010a-42ad-9d8e-7507c825041c,PSA APR
Neo Destiny,Shining Steelix,112/105,1st Edition,PSA 10,2026-07-28,6600.00,USD,eBay,unknown,FALSE,,,2002 Pokemon Neo Destiny 1st Edition #112 Shining Steelix PSA 10 GEM MINT,https://www.ebay.es/itm/800378086677,PriceCharting
Neo Destiny,Shining Steelix,112/105,1st Edition,PSA 10,2026-07-27,7800,USD,Fanatics Collect,auction,FALSE,,50543132,,https://www.fanaticscollect.com/weekly/e514244a-8213-11f1-8e1e-02ba9858bad3,PSA APR
Neo Destiny,Shining Steelix,112/105,1st Edition,PSA 10,2026-07-12,6508.26,USD,eBay,unknown,FALSE,,,SHINING STEELIX POKEMON NEO DESTINY 1ST EDITION 112 2002 ENGLISH PSA 10,https://www.ebay.es/itm/137463791731,PriceCharting
Neo Destiny,Shining Steelix,112/105,1st Edition,PSA 10,2026-07-07,7500.00,USD,eBay,unknown,FALSE,,,Pokemon Shining Steelix Neo Destiny 1st Edition Holo Secret Rare #112 PSA 10,https://www.ebay.es/itm/287292342588,PriceCharting
Neo Destiny,Shining Steelix,112/105,1st Edition,PSA 10,2026-04-22,8937.50,USD,eBay,best offer,TRUE,8665.12,,Pokemon Neo Destiny 112/105 Shining Steelix 1st Edition PSA 10,https://www.ebay.es/itm/168217608499,PriceCharting
Neo Destiny,Shining Steelix,112/105,1st Edition,PSA 10,2026-04-13,6146,USD,Goldin Auctions,auction,FALSE,,66510052,,https://goldin.co/item/2002-pokemon-neo-destiny-1st-edition-holo-112-shining-steelix-psa-gem8z1f7,PSA APR
Neo Destiny,Shining Steelix,112/105,1st Edition,PSA 10,2026-03-31,6000.00,USD,eBay,unknown,FALSE,,,Pokemon Neo Destiny Shining Steelix 112/105 1st Edition PSA 10 112/105,https://www.ebay.es/itm/397781408926,PriceCharting
Neo Destiny,Shining Steelix,112/105,1st Edition,PSA 10,2026-03-09,6000,USD,Fanatics Collect,auction,FALSE,,26146596,,https://www.fanaticscollect.com/weekly/f57e359c-0e7c-11f1-b592-0a58a9feac02,PSA APR
Neo Destiny,Shining Steelix,112/105,1st Edition,PSA 10,2026-03-02,5875.00,USD,eBay,unknown,FALSE,,,2002 POKEMON NEO DESTINY 1ST ED #112 SHINING STEELIX PSA 10 #112,https://www.ebay.es/itm/117008253118,PriceCharting
Neo Destiny,Shining Steelix,112/105,1st Edition,PSA 10,2026-02-09,4258.00,USD,eBay,unknown,FALSE,,,Pokemon Shining Steelix Neo Destiny 1st Edition Holo Secret Rare #112 PSA 10,https://www.ebay.es/itm/287111408997,PriceCharting
Neo Destiny,Shining Steelix,112/105,1st Edition,PSA 10,2026-01-20,4111.00,USD,eBay,unknown,FALSE,,,2002 Pokemon Neo Destiny #112 Shining Steelix 1st Edition PSA 10 GEM MINT,https://www.ebay.es/itm/366119639395,PriceCharting
Neo Destiny,Shining Steelix,112/105,1st Edition,PSA 10,2026-01-20,4000.00,USD,eBay,unknown,FALSE,,,Pokemon Shining Steelix Neo Destiny 1st Edition Holo Secret Rare #112 PSA 10,https://www.ebay.es/itm/287020903938,PriceCharting
Neo Destiny,Shining Steelix,112/105,1st Edition,PSA 10,2025-12-31,4100.00,USD,eBay,best offer,TRUE,4100.00,,2002 POKEMON NEO DESTINY 1ST EDITION #112 SHINING STEELIX PSA 10 #112,https://www.ebay.es/itm/306639462866,PriceCharting
Neo Destiny,Shining Steelix,112/105,1st Edition,PSA 10,2025-11-24,4000.00,USD,eBay,unknown,FALSE,,,Pokemon PSA 10 GEM MINT Shining Steelix 1st Edition 112/105 Neo Destiny 2002,https://www.ebay.es/itm/374334517534,PriceCharting
Neo Destiny,Shining Steelix,112/105,1st Edition,PSA 10,2025-11-07,3050.00,USD,eBay,unknown,FALSE,,,Pokemon PSA 10 GEM MINT Shining Steelix 1st Edition 112/105 Neo Destiny 2002 112/105,https://www.ebay.es/itm/127463323472,PriceCharting
Neo Destiny,Shining Steelix,112/105,1st Edition,PSA 10,2025-09-13,3000,USD,eBay,BIN,FALSE,,87502367,,https://www.ebay.com/itm/135569174115,PSA APR
Neo Destiny,Shining Steelix,112/105,1st Edition,PSA 10,2025-09-08,2760,USD,Fanatics Collect,auction,FALSE,,57583844,,https://www.fanaticscollect.com/weekly/6ba6400a-83ec-11f0-8dff-0a58a9feac02,PSA APR
Neo Destiny,Shining Steelix,112/105,1st Edition,PSA 10,2025-08-28,2600,USD,Fanatics Collect,best offer,TRUE,,41104548,,https://www.fanaticscollect.com/fixed/f16675fc-7f4b-11f0-a12b-0607d546de93,PSA APR
Neo Destiny,Shining Steelix,112/105,1st Edition,PSA 10,2025-08-05,2300.00,USD,eBay,unknown,FALSE,,,Pokemon 1st Edition SHINING STEELIX 2002 Neo Destiny PSA 10 GEM MINT,https://www.ebay.es/itm/267208410676,PriceCharting
Neo Destiny,Shining Steelix,112/105,1st Edition,PSA 10,2025-06-16,1900.00,USD,eBay,unknown,FALSE,,,Pokemon PSA 10 GEM MINT Shining Steelix 1st Edition 112/105 Neo Destiny 2002 112/105,https://www.ebay.es/itm/226815771984,PriceCharting
Neo Destiny,Shining Steelix,112/105,1st Edition,PSA 10,2025-06-12,2200.00,USD,eBay,unknown,FALSE,,,Pokemon PSA 10 GEM MINT Shining Steelix 1st Edition 112/105 Neo Destiny 2002 112/105,https://www.ebay.es/itm/376261603964,PriceCharting
Neo Destiny,Shining Steelix,112/105,1st Edition,PSA 10,2025-05-19,2046.96,USD,eBay,unknown,FALSE,,,Pokemon 1st Edition SHINING STEELIX 2002 Neo Destiny PSA 10 GEM MINT,https://www.ebay.es/itm/226732885211,PriceCharting
Neo Destiny,Shining Steelix,112/105,1st Edition,PSA 10,2025-04-20,2213.00,USD,eBay,unknown,FALSE,,,Pokemon Shining Steelix Neo Destiny 1st Edition Secret Rare Holo #112 PSA 10,https://www.ebay.es/itm/286479449538,PriceCharting
Neo Destiny,Shining Steelix,112/105,1st Edition,PSA 10,2025-02-23,2075.00,USD,eBay,unknown,FALSE,,,Pokemon Shining Steelix Neo Destiny 1st Edition Secret Rare Holo #112 PSA 10,https://www.ebay.es/itm/286330315893,PriceCharting
Neo Destiny,Shining Steelix,112/105,1st Edition,PSA 10,2025-02-19,1800,USD,Fanatics Collect,best offer,TRUE,,41281001,,https://www.fanaticscollect.com/fixed/387fa1a2-9528-11ef-8271-0a58a9feac02,PSA APR
Neo Destiny,Shining Steelix,112/105,1st Edition,PSA 10,2025-02-02,1500.00,USD,eBay,unknown,FALSE,,,Pokemon Shining Steelix Neo Destiny 1st Edition Secret Rare Holo #112 PSA 10,https://www.ebay.es/itm/286294610319,PriceCharting
Neo Destiny,Shining Steelix,112/105,1st Edition,PSA 10,2025-01-27,1290,USD,Fanatics Collect,auction,FALSE,,43478770,,https://www.fanaticscollect.com/weekly/255e219e-d532-11ef-95fc-0a61c2e29fd5,PSA APR
Neo Destiny,Shining Steelix,112/105,1st Edition,PSA 10,2025-01-23,1599.00,USD,eBay,unknown,FALSE,,,Shining Steelix 1st Edition Holo Neo Destiny PSA 10 GEM MINT Pokemon,https://www.ebay.es/itm/186756899238,PriceCharting
Neo Destiny,Shining Steelix,112/105,1st Edition,PSA 10,2025-01-14,1685.95,USD,eBay,unknown,FALSE,,,Pokemon Neo Destiny 1st Edition Shining Steelix 112/105 PSA 10 GEM MINT,https://www.ebay.es/itm/335740064067,PriceCharting
Neo Destiny,Shining Steelix,112/105,1st Edition,PSA 10,2025-01-06,1501.14,USD,eBay,unknown,FALSE,,,Shining Steelix 1st Edition Holo Neo Destiny PSA 10 Pokemon,https://www.ebay.es/itm/405217401416,PriceCharting
Neo Destiny,Shining Steelix,112/105,1st Edition,PSA 10,2024-12-15,1300.00,USD,eBay,unknown,FALSE,,,2002 POKEMON NEO DESTINY 1ST EDITION #112 SHINING STEELIX PSA 10,https://www.ebay.es/itm/305945944905,PriceCharting
Neo Destiny,Shining Steelix,112/105,1st Edition,PSA 10,2024-10-22,1516.90,USD,eBay,unknown,FALSE,,,Pokemon Neo Destiny 1st. Edition Shining Steelix Holo PSA 10 Gem Mint - WOTC,https://www.ebay.es/itm/276689111501,PriceCharting
Neo Destiny,Shining Steelix,112/105,1st Edition,PSA 10,2024-10-17,1400.00,USD,eBay,unknown,FALSE,,,2002 Pokemon Neo Destiny #112 Shining Steelix Card 1st Edition GEM MINT PSA 10 #112,https://www.ebay.es/itm/186418536604,PriceCharting
Neo Destiny,Shining Steelix,112/105,1st Edition,PSA 10,2024-10-16,1471.91,USD,eBay,unknown,FALSE,,,Pokemon Neo Destiny 1st. Edition Shining Steelix Holo PSA 10 Gem Mint - WOTC,https://www.ebay.es/itm/276685184615,PriceCharting
Neo Destiny,Shining Steelix,112/105,1st Edition,PSA 10,2024-10-15,1200.00,USD,eBay,unknown,FALSE,,,Pokemon Shining Steelix Neo Destiny 1st Edition Secret Rare Holo #112 PSA 10,https://www.ebay.es/itm/286068703746,PriceCharting
Neo Destiny,Shining Steelix,112/105,1st Edition,PSA 10,2024-10-03,1749.95,USD,eBay,unknown,FALSE,,,Pokemon PSA 10 GEM MT Shining Steelix 112/105 Neo Destiny 1st Edition Holo #3774,https://www.ebay.es/itm/266423647521,PriceCharting
Neo Destiny,Shining Steelix,112/105,1st Edition,PSA 10,2024-08-19,960.77,USD,eBay,unknown,FALSE,,,2002 Pokemon Neo Destiny 1st Edition 112/105 Shining Steelix PSA 10 GEM MINT #112,https://www.ebay.es/itm/296627057529,PriceCharting
Neo Destiny,Shining Steelix,112/105,1st Edition,PSA 10,2024-05-27,1225,USD,eBay,auction,FALSE,,41067392,,https://www.ebay.com/itm/226149117384,PSA APR
Neo Destiny,Shining Steelix,112/105,1st Edition,PSA 10,2024-03-31,1094.69,USD,eBay,auction,FALSE,,66898572,,https://www.ebay.com/itm/285779368689,PSA APR
Neo Destiny,Shining Steelix,112/105,1st Edition,PSA 10,2024-03-06,1305,USD,eBay,auction,FALSE,,74062061,,https://www.ebay.com/itm/364757516690,PSA APR
Neo Destiny,Shining Steelix,112/105,1st Edition,PSA 10,2024-01-21,843.51,USD,eBay,auction,FALSE,,26359626,,https://www.ebay.com/itm/256378610809,PSA APR
Neo Destiny,Shining Steelix,112/105,1st Edition,PSA 9,2026-09-25,2431.00,USD,eBay,unknown,FALSE,,,2002 Pokemon Neo Destiny 1st Edition #112 Shining Steelix PSA 9 MINT,https://www.ebay.es/itm/377504140819,PriceCharting
Neo Destiny,Shining Steelix,112/105,1st Edition,PSA 9,2026-08-29,1759.94,USD,eBay,best offer,TRUE,1724.31,,Shining Steelix PSA 9 1st Edition Neo Destiny Holo 112/105 2002 Vintage Pokemon 112/105,https://www.ebay.es/itm/358916815263,PriceCharting
Neo Destiny,Shining Steelix,112/105,1st Edition,PSA 9,2026-07-29,1550.00,USD,eBay,best offer,TRUE,1550.00,,2002 POKEMON NEO DESTINY 1ST EDITION #112 SHINING STEELIX PSA 9 #112,https://www.ebay.es/itm/307079769667,PriceCharting
Neo Destiny,Shining Steelix,112/105,1st Edition,PSA 9,2026-06-23,1525.00,USD,eBay,unknown,FALSE,,,2002 POKEMON NEO DESTINY 1ST EDITION #112 SHINING STEELIX PSA 9 #112,https://www.ebay.es/itm/307000165295,PriceCharting
Neo Destiny,Shining Steelix,112/105,1st Edition,PSA 9,2026-06-21,1400.00,USD,eBay,unknown,FALSE,,,Pokemon TCG Neo Destiny Shining Steelix 112/105 Secret Rare Holo 1st Ed PSA 9 112/105,https://www.ebay.es/itm/407017236907,PriceCharting
Neo Destiny,Shining Steelix,112/105,1st Edition,PSA 9,2026-06-15,2250.00,USD,eBay,best offer,TRUE,2250.00,,2002 POKEMON NEO DESTINY 1ST EDITION #112 SHINING STEELIX PSA 9 #112,https://www.ebay.es/itm/117152597766,PriceCharting
Neo Destiny,Shining Steelix,112/105,1st Edition,PSA 9,2026-06-14,1472.00,USD,eBay,unknown,FALSE,,,Pokemon Shining Steelix Neo Destiny 1st Edition Holo Secret Rare #112 PSA 9 Mint,https://www.ebay.es/itm/287372420396,PriceCharting
Neo Destiny,Shining Steelix,112/105,1st Edition,PSA 9,2026-05-31,1853.78,USD,eBay,unknown,FALSE,,,SHINING STEELIX 1ST EDITION POKEMON NEO DESTINY 2002 112 PSA 9,https://www.ebay.es/itm/137330991395,PriceCharting
Neo Destiny,Shining Steelix,112/105,1st Edition,PSA 9,2026-05-28,1400.00,USD,eBay,best offer,TRUE,1400.00,,2002 POKEMON NEO DESTINY 1ST EDITION #112 SHINING STEELIX PSA 9 #112,https://www.ebay.es/itm/306966924827,PriceCharting
Neo Destiny,Shining Steelix,112/105,1st Edition,PSA 9,2026-05-19,1425.00,USD,eBay,best offer,TRUE,1425.00,,2002 POKEMON NEO DESTINY 1ST EDITION #112 SHINING STEELIX PSA 9 #112,https://www.ebay.es/itm/298322392897,PriceCharting
Neo Destiny,Shining Steelix,112/105,1st Edition,PSA 9,2026-04-24,1500.00,USD,eBay,best offer,TRUE,1500.00,,2002 Pokemon Neo Destiny Shining Steelix 1st Edition PSA 9 #112,https://www.ebay.es/itm/188260279656,PriceCharting
Neo Destiny,Shining Steelix,112/105,1st Edition,PSA 9,2026-04-14,1400.00,USD,eBay,unknown,FALSE,,,2002 POKEMON NEO DESTINY 1ST EDITION #112 SHINING STEELIX PSA 9 #112,https://www.ebay.es/itm/117138259249,PriceCharting
Neo Destiny,Shining Steelix,112/105,1st Edition,PSA 9,2026-03-23,1200.00,USD,eBay,unknown,FALSE,,,2002 POKEMON NEO DESTINY 1ST ED #112 SHINING STEELIX PSA 9 #112,https://www.ebay.es/itm/298036419570,PriceCharting
Neo Destiny,Shining Steelix,112/105,1st Edition,PSA 9,2026-03-09,1200.00,USD,eBay,best offer,TRUE,1200.00,,2002 POKEMON NEO DESTINY 1ST EDITION # 112 SHINING STEELIX PSA 9 #112,https://www.ebay.es/itm/306812362388,PriceCharting
Neo Destiny,Shining Steelix,112/105,1st Edition,PSA 9,2026-03-08,1175.00,USD,eBay,unknown,FALSE,,,Pokemon Shining Steelix Neo Destiny 1st Edition Holo Secret Rare #112 PSA 9 Mint,https://www.ebay.es/itm/287168709020,PriceCharting
Neo Destiny,Shining Steelix,112/105,1st Edition,PSA 9,2026-03-06,1400.00,USD,eBay,unknown,FALSE,,,2002 POKEMON NEO DESTINY 1ST EDITION #112 SHINING STEELIX PSA 9 #112,https://www.ebay.es/itm/297826894825,PriceCharting
Neo Destiny,Shining Steelix,112/105,1st Edition,PSA 9,2026-03-02,1300.00,USD,eBay,best offer,TRUE,1300.00,,2002 POKEMON NEO DESTINY 1ST EDITION # 112 SHINING STEELIX PSA 9 #112,https://www.ebay.es/itm/136937776045,PriceCharting
Neo Destiny,Shining Steelix,112/105,1st Edition,PSA 9,2026-02-24,1115.00,USD,eBay,unknown,FALSE,,,2002 POKEMON NEO DESTINY 1ST ED #112 SHINING STEELIX PSA 9 #112,https://www.ebay.es/itm/298053930267,PriceCharting
Neo Destiny,Shining Steelix,112/105,1st Edition,PSA 9,2026-02-18,1200.00,USD,eBay,unknown,FALSE,,,2002 POKEMON NEO DESTINY 1ST EDITION #112 SHINING STEELIX PSA 9 #112,https://www.ebay.es/itm/267579234904,PriceCharting
Neo Destiny,Shining Steelix,112/105,1st Edition,PSA 9,2026-02-04,1100.00,USD,eBay,unknown,FALSE,,,2002 POKEMON NEO DESTINY 1ST EDITION #112 SHINING STEELIX PSA 9 #112,https://www.ebay.es/itm/277632738081,PriceCharting
Neo Destiny,Shining Steelix,112/105,1st Edition,PSA 9,2026-01-21,1200.00,USD,eBay,unknown,FALSE,,,2002 POKEMON NEO DESTINY 1ST EDITION #112 SHINING STEELIX PSA 9 #112,https://www.ebay.es/itm/267536428488,PriceCharting
Neo Destiny,Shining Steelix,112/105,1st Edition,PSA 9,2025-12-21,1139.33,USD,eBay,unknown,FALSE,,,Pokemon PSA 9 Shining Steelix #112 1St Edition Neo Destiny 2002 English,https://www.ebay.es/itm/287001173781,PriceCharting
Neo Destiny,Shining Steelix,112/105,1st Edition,PSA 9,2025-12-10,1316.56,USD,eBay,best offer,TRUE,,,Pokemon PSA 9 Shining Steelix #112 1St Edition Neo Destiny 2002 English,https://www.ebay.es/itm/286708481826,PriceCharting
Neo Destiny,Shining Steelix,112/105,1st Edition,PSA 9,2025-12-09,1396.28,USD,eBay,best offer,TRUE,,,Pokemon Neo Destiny 1st Edition Shining Steelix Holo PSA 9,https://www.ebay.es/itm/376694000376,PriceCharting
Neo Destiny,Shining Steelix,112/105,1st Edition,PSA 9,2025-12-08,1155.00,USD,eBay,unknown,FALSE,,,2002 POKEMON NEO DESTINY 1ST EDITION #112 SHINING STEELIX PSA 9 #112,https://www.ebay.es/itm/306634716572,PriceCharting
Neo Destiny,Shining Steelix,112/105,1st Edition,PSA 8,2026-09-02,1475.00,USD,eBay,best offer,TRUE,1475.00,,2002 Pokemon Neo Destiny Shining Steelix #112 1st Edition PSA 8 #112,https://www.ebay.es/itm/398279444312,PriceCharting
Neo Destiny,Shining Steelix,112/105,1st Edition,PSA 8,2026-06-16,1250.00,USD,eBay,unknown,FALSE,,,Pokemon Shining Steelix Neo Destiny 1st Edition Holo Secret Rare #112 PSA 8,https://www.ebay.es/itm/287386777149,PriceCharting
Neo Destiny,Shining Steelix,112/105,1st Edition,PSA 8,2026-06-14,1349.99,USD,eBay,unknown,FALSE,,,PSA 8 Pokemon 1st edition Neo Destiny Shining Steelix 112/105 Holo NEW CERT 112/105,https://www.ebay.es/itm/198284613972,PriceCharting
Neo Destiny,Shining Steelix,112/105,1st Edition,PSA 8,2026-06-14,1110.12,USD,eBay,unknown,FALSE,,,Pokemon Cards: Neo Destiny 1st Edition Rare Holo: Shining Steelix 112/105 PSA 8 #112,https://www.ebay.es/itm/318400006748,PriceCharting
Neo Destiny,Shining Steelix,112/105,1st Edition,PSA 8,2026-05-12,1184.75,USD,eBay,best offer,TRUE,1160.59,,PSA 8 Pokemon 1st edition Neo Destiny Vintage Shining Steelix 112/105 Holo 112/105,https://www.ebay.es/itm/389743041414,PriceCharting
Neo Destiny,Shining Steelix,112/105,1st Edition,PSA 8,2026-04-01,1050.00,USD,eBay,best offer,TRUE,1050.00,,2002 POKEMON NEO DESTINY 1ST ED #112 SHINING STEELIX PSA 8 #112,https://www.ebay.es/itm/397783732427,PriceCharting
Neo Destiny,Shining Steelix,112/105,1st Edition,PSA 8,2025-12-24,949.99,USD,eBay,unknown,FALSE,,,2002 Pokémon Neo Destiny Shining Steelix 1st Edition PSA 8 #112/105 112/105,https://www.ebay.es/itm/306673826650,PriceCharting
Neo Destiny,Shining Steelix,112/105,1st Edition,PSA 8,2025-12-06,550.00,USD,eBay,best offer,TRUE,550.00,,PSA 8 Shining Steelix 112/105 1st Edition Pokémon Card Neo Destiny WOTC NM-MT 112/105,https://www.ebay.es/itm/277555675458,PriceCharting
Neo Destiny,Shining Steelix,112/105,1st Edition,PSA 8,2025-12-04,630.00,USD,eBay,best offer,TRUE,,,Shining Steelix Holo Pokemon Card Neo Destiny 112/105 First Edition PSA 8 112/105,https://www.ebay.es/itm/397339770061,PriceCharting
Neo Destiny,Shining Steelix,112/105,1st Edition,PSA 8,2025-08-03,443.00,USD,eBay,unknown,FALSE,,,2002 POKEMON NEO DESTINY SHINING STEELIX HOLO #112 1ST EDITION PSA 8 #112,https://www.ebay.es/itm/146732644501,PriceCharting
Neo Destiny,Shining Steelix,112/105,1st Edition,PSA 8,2025-07-30,449.99,USD,eBay,unknown,FALSE,,,2002 POKEMON NEO DESTINY SHINING STEELIX HOLO #112 1ST EDITION PSA 8 #112,https://www.ebay.es/itm/406090316818,PriceCharting
Neo Destiny,Shining Steelix,112/105,1st Edition,PSA 8,2025-06-09,372.00,USD,eBay,unknown,FALSE,,,Pokemon Shining Steelix Neo Destiny 1st Edition Secret Rare Holo #112 PSA 8,https://www.ebay.es/itm/286604151989,PriceCharting
Neo Destiny,Shining Steelix,112/105,1st Edition,PSA 8,2025-04-19,600.00,USD,eBay,unknown,FALSE,,,Pokemon Shining Steelix Neo Destiny 1st Edition Secret Rare Holo #112 PSA 8 NM #112,https://www.ebay.es/itm/388274946562,PriceCharting
Neo Destiny,Shining Steelix,112/105,1st Edition,PSA 8,2024-12-11,385.00,USD,eBay,unknown,FALSE,,,2002 POKEMON NEO DESTINY 1ST EDITION #112 SHINING STEELIX PSA 8,https://www.ebay.es/itm/305949186296,PriceCharting
Neo Destiny,Shining Steelix,112/105,1st Edition,PSA 8,2024-10-26,560.00,USD,eBay,unknown,FALSE,,,2002 POKEMON NEO DESTINY 1ST EDITION #112 SHINING STEELIX PSA 8,https://www.ebay.es/itm/305844746574,PriceCharting
Neo Destiny,Shining Steelix,112/105,1st Edition,PSA 8,2024-09-12,385.00,USD,eBay,unknown,FALSE,,,2002 POKEMON NEO DESTINY SHINING STEELIX 1ST EDITION #112 PSA 8 NM-MT #112,https://www.ebay.es/itm/356030815547,PriceCharting
Neo Destiny,Shining Steelix,112/105,1st Edition,PSA 8,2024-04-27,390.00,USD,eBay,unknown,FALSE,,,2002 POKEMON NEO DESTINY 1ST EDITION #112 SHINING STEELIX PSA 8 #112,https://www.ebay.es/itm/285821207959,PriceCharting
Neo Destiny,Shining Steelix,112/105,1st Edition,PSA 8,2024-02-10,175.50,USD,eBay,unknown,FALSE,,,2002 POKEMON NEO DESTINY 1ST EDITION #112 SHINING STEELIX PSA 8 #112,https://www.ebay.es/itm/266643212776,PriceCharting
Neo Destiny,Shining Steelix,112/105,1st Edition,PSA 8,2024-01-22,306.00,USD,eBay,unknown,FALSE,,,2002 POKEMON NEO DESTINY 1ST EDITION #112 SHINING STEELIX PSA 8 #112,https://www.ebay.es/itm/386608756803,PriceCharting
Neo Destiny,Shining Steelix,112/105,1st Edition,PSA 8,2024-01-22,306.00,USD,eBay,unknown,FALSE,,,2002 POKEMON NEO DESTINY 1ST EDITION #112 SHINING STEELIX PSA 8 #112,https://www.ebay.es/itm/364672756318,PriceCharting
Neo Destiny,Shining Steelix,112/105,Unlimited,PSA 10,2026-09-28,3400.00,USD,eBay,unknown,FALSE,,,2002 Pokemon Neo Destiny Shining Steelix Holo #112/105 PSA 10 GEM MINT,https://www.ebay.es/itm/377514729228,PriceCharting
Neo Destiny,Shining Steelix,112/105,Unlimited,PSA 10,2026-09-22,3750.00,USD,eBay,unknown,FALSE,,,Pokemon Card SHINING STEELIX Neo Destiny 2002 PSA 10 GEM MINT 112/105,https://www.ebay.es/itm/267752049242,PriceCharting
Neo Destiny,Shining Steelix,112/105,Unlimited,PSA 10,2026-09-22,4000.00,USD,eBay,unknown,FALSE,,,Pokemon Shining Steelix #112 Neo Destiny Unlimited PSA 10 Gem Mint,https://www.ebay.es/itm/188708055902,PriceCharting
Neo Destiny,Shining Steelix,112/105,Unlimited,PSA 10,2026-09-21,2800.00,USD,eBay,unknown,FALSE,,,Pokemon TCG Shining Steelix Neo Destiny 2002 Secret Rare Holo PSA 10 #112 112/105,https://www.ebay.es/itm/128056272103,PriceCharting
Neo Destiny,Shining Steelix,112/105,Unlimited,PSA 10,2026-09-10,2549.00,USD,eBay,best offer,TRUE,2549.00,,Neo Destiny Shining Steelix 2002 112/105 Pokemon PSA 10 112/105,https://www.ebay.es/itm/206394119477,PriceCharting
Neo Destiny,Shining Steelix,112/105,Unlimited,PSA 10,2026-08-26,2500.00,USD,eBay,unknown,FALSE,,,Pokemon TCG Shining Steelix Neo Destiny 2002 Secret Rare Holo PSA 10 #112 112/105,https://www.ebay.es/itm/128036812414,PriceCharting
Neo Destiny,Shining Steelix,112/105,Unlimited,PSA 10,2026-07-14,2550.00,USD,eBay,unknown,FALSE,,,2002 Pokemon Neo Destiny #112 Shining Steelix PSA 10 GEM MINT,https://www.ebay.es/itm/377322634086,PriceCharting
Neo Destiny,Shining Steelix,112/105,Unlimited,PSA 10,2026-06-29,3720,USD,Fanatics Collect,auction,FALSE,,51808268,,https://www.fanaticscollect.com/weekly/ba154d4e-6b54-11f1-baf1-0a58a9feac02,PSA APR
Neo Destiny,Shining Steelix,112/105,Unlimited,PSA 10,2026-06-16,2750.00,USD,eBay,unknown,FALSE,,,2002 POKEMON NEO DESTINY #112 SHINING STEELIX PSA 10 #112,https://www.ebay.es/itm/306984975164,PriceCharting
Neo Destiny,Shining Steelix,112/105,Unlimited,PSA 10,2026-06-01,2600,USD,eBay,auction,FALSE,,68235286,,https://www.ebay.com/itm/287344972263,PSA APR
Neo Destiny,Shining Steelix,112/105,Unlimited,PSA 10,2026-04-13,1800,USD,eBay,best offer,TRUE,,27255072,,https://www.ebay.com/itm/168298506078,PSA APR
Neo Destiny,Shining Steelix,112/105,Unlimited,PSA 10,2026-03-28,1726.35,USD,eBay,best offer,TRUE,,,Pokemon Shining Steelix Neo Destiny 112/105 PSA 10 Gem Mint Holo,https://www.ebay.es/itm/117079558941,PriceCharting
Neo Destiny,Shining Steelix,112/105,Unlimited,PSA 10,2026-03-27,1800,USD,Fanatics Collect,best offer,TRUE,,43690538,,https://www.fanaticscollect.com/buy-now/46802eb0-5d58-40f6-b4ee-31e5213a9bc6,PSA APR
Neo Destiny,Shining Steelix,112/105,Unlimited,PSA 10,2026-03-16,2000.00,USD,eBay,unknown,FALSE,,,Shining Steelix 2002 Pokemon Neo Destiny PSA 10 #112 112/105,https://www.ebay.es/itm/236687668705,PriceCharting
Neo Destiny,Shining Steelix,112/105,Unlimited,PSA 10,2026-03-12,1700.00,USD,eBay,best offer,TRUE,,,Shining Steelix 2002 Pokemon Neo Destiny PSA 10 #112 112/105,https://www.ebay.es/itm/236660610239,PriceCharting
Neo Destiny,Shining Steelix,112/105,Unlimited,PSA 10,2026-03-10,1176.22,USD,eBay,best offer,TRUE,,42499055,,https://www.ebay.com/itm/116802121792,PSA APR
Neo Destiny,Shining Steelix,112/105,Unlimited,PSA 10,2026-02-08,1736.74,USD,eBay,unknown,FALSE,,,Pokemon Shining Steelix Neo Destiny Unlimited Holo Secret Rare #112 PSA 10,https://www.ebay.es/itm/397547530527,PriceCharting
Neo Destiny,Shining Steelix,112/105,Unlimited,PSA 10,2026-02-04,1200,USD,eBay,best offer,TRUE,,55201506,,https://www.ebay.com/itm/198076846670,PSA APR
Neo Destiny,Shining Steelix,112/105,Unlimited,PSA 10,2026-01-26,1525.00,USD,eBay,unknown,FALSE,,,Pokemon Shining Steelix Neo Destiny Unlimited Holo Secret Rare #112 PSA 10,https://www.ebay.es/itm/287075536478,PriceCharting
Neo Destiny,Shining Steelix,112/105,Unlimited,PSA 10,2026-01-25,1450,USD,eBay,auction,FALSE,,64870000,,https://www.ebay.com/itm/389504878369,PSA APR
Neo Destiny,Shining Steelix,112/105,Unlimited,PSA 10,2026-01-19,1325.00,USD,eBay,unknown,FALSE,,,Pokemon (2002) Shining Steelix Neo Destiny 112 PSA 10 #112,https://www.ebay.es/itm/389470198732,PriceCharting
Neo Destiny,Shining Steelix,112/105,Unlimited,PSA 10,2026-01-02,1173.43,USD,eBay,best offer,TRUE,,,Pokemon Shining Steelix Neo Destiny 112/105 PSA 10 Gem Mint Holo,https://www.ebay.es/itm/116802121792,PriceCharting
Neo Destiny,Shining Steelix,112/105,Unlimited,PSA 10,2025-12-04,1350,USD,Fanatics Collect,BIN,FALSE,,42829571,,https://www.fanaticscollect.com/buy-now/846c2ec1-b984-48de-b40f-2b64d45d3c33,PSA APR
Neo Destiny,Shining Steelix,112/105,Unlimited,PSA 10,2025-12-01,1250.00,USD,eBay,unknown,FALSE,,,Pokemon 2002 Neo Destiny #112 Shining Steelix PSA 10 112/105,https://www.ebay.es/itm/397315752484,PriceCharting
Neo Destiny,Shining Steelix,112/105,Unlimited,PSA 10,2025-11-15,1360.00,USD,eBay,unknown,FALSE,,,2002 POKEMON NEO DESTINY #112 SHINING STEELIX PSA 10 #112,https://www.ebay.es/itm/297742261869,PriceCharting
Neo Destiny,Shining Steelix,112/105,Unlimited,PSA 10,2025-11-07,1140.00,USD,eBay,best offer,TRUE,1140.00,,Pokemon Shining Steelix 2002 Neo Destiny # 112/105 Secret Rare PSA 10 #112,https://www.ebay.es/itm/116861567238,PriceCharting
Neo Destiny,Shining Steelix,112/105,Unlimited,PSA 10,2025-11-02,1350.10,USD,eBay,unknown,FALSE,,,Pokemon Cards - PSA 10 Shining Steelix 112/105 - Neo Destiny - GEM MT - PSA10,https://www.ebay.es/itm/286893470670,PriceCharting
Neo Destiny,Shining Steelix,112/105,Unlimited,PSA 10,2025-10-29,1049.83,USD,eBay,BIN,FALSE,,27912615,,https://www.ebay.com/itm/296614648398,PSA APR
Neo Destiny,Shining Steelix,112/105,Unlimited,PSA 10,2025-10-28,1187.82,USD,eBay,unknown,FALSE,,,Pokemon Shining Steelix Holo 2002 Neo Destiny Unlimited #112 PSA 10 Gem Mint,https://www.ebay.es/itm/297656270498,PriceCharting
Neo Destiny,Shining Steelix,112/105,Unlimited,PSA 10,2025-10-19,977.22,USD,Goldin Auctions,auction,FALSE,,43600598,,https://goldin.co/item/2002-pokemon-neo-destiny-112-shining-steelix-psa-gem-mt-10z4h43,PSA APR
Neo Destiny,Shining Steelix,112/105,Unlimited,PSA 10,2025-10-13,1110,USD,Fanatics Collect,auction,FALSE,,26786091,,https://www.fanaticscollect.com/weekly/616e379e-9ef6-11f0-bac0-0a58a9feac02,PSA APR
Neo Destiny,Shining Steelix,112/105,Unlimited,PSA 10,2025-10-08,2000.00,USD,eBay,unknown,FALSE,,,2002 POKEMON NEO DESTINY #112 SHINING STEELIX PSA 10 #112,https://www.ebay.es/itm/297613868940,PriceCharting
Neo Destiny,Shining Steelix,112/105,Unlimited,PSA 10,2025-10-05,1132.32,USD,eBay,unknown,FALSE,,,Pokemon Cards - PSA 10 Shining Steelix 112/105 - Neo Destiny - GEM MT - PSA10,https://www.ebay.es/itm/286838231099,PriceCharting
Neo Destiny,Shining Steelix,112/105,Unlimited,PSA 10,2025-09-25,745.74,USD,eBay,best offer,TRUE,,88454462,,https://www.ebay.com/itm/176873457345,PSA APR
Neo Destiny,Shining Steelix,112/105,Unlimited,PSA 10,2025-09-22,1450.00,USD,eBay,unknown,FALSE,,,2002 POKEMON NEO DESTINY #112 SHINING STEELIX PSA 10 #112,https://www.ebay.es/itm/306498590735,PriceCharting
Neo Destiny,Shining Steelix,112/105,Unlimited,PSA 10,2025-09-15,1000.00,USD,eBay,unknown,FALSE,,,Pokemon Shining Steelix Neo Destiny Unlimited Secret Rare Holo #112 PSA 10,https://www.ebay.es/itm/286804287608,PriceCharting
Neo Destiny,Shining Steelix,112/105,Unlimited,PSA 10,2025-09-14,1075.69,USD,eBay,unknown,FALSE,,,2002 POKEMON NEO DESTINY #112 SHINING STEELIX PSA 10 #112,https://www.ebay.es/itm/306485403103,PriceCharting
Neo Destiny,Shining Steelix,112/105,Unlimited,PSA 10,2025-09-11,1221.69,USD,eBay,unknown,FALSE,,,Pokemon Shining Steelix Holo Rare Neo Destiny 112/105 PSA 10 Gem Mint 112/105,https://www.ebay.es/itm/286801274771,PriceCharting
Neo Destiny,Shining Steelix,112/105,Unlimited,PSA 10,2025-09-04,1550.00,USD,eBay,unknown,FALSE,,,2002 POKEMON NEO DESTINY #112 SHINING STEELIX PSA 10 #112,https://www.ebay.es/itm/297567932825,PriceCharting
Neo Destiny,Shining Steelix,112/105,Unlimited,PSA 10,2025-08-18,990,USD,Fanatics Collect,auction,FALSE,,42829571,,https://www.fanaticscollect.com/weekly/985fd152-7211-11f0-885e-0a58a9feac02,PSA APR
Neo Destiny,Shining Steelix,112/105,Unlimited,PSA 10,2025-07-21,800,USD,eBay,best offer,TRUE,,113285848,,https://www.ebay.com/itm/277275844169,PSA APR
Neo Destiny,Shining Steelix,112/105,Unlimited,PSA 10,2025-07-01,799.99,USD,eBay,BIN,FALSE,,22798556,,https://www.ebay.com/itm/396346296420,PSA APR
Neo Destiny,Shining Steelix,112/105,Unlimited,PSA 10,2025-06-23,750,USD,Fanatics Collect,auction,FALSE,,30218937,,https://www.fanaticscollect.com/weekly/42422dd8-4642-11f0-b8d8-020a9b0b0301,PSA APR
Neo Destiny,Shining Steelix,112/105,Unlimited,PSA 10,2025-06-20,760,USD,eBay,best offer,TRUE,,80243545,,https://www.ebay.com/itm/157106440555,PSA APR
Neo Destiny,Shining Steelix,112/105,Unlimited,PSA 10,2025-06-04,798,USD,eBay,auction,FALSE,,27194707,,https://www.ebay.com/itm/376284640567,PSA APR
Neo Destiny,Shining Steelix,112/105,Unlimited,PSA 10,2025-06-03,890,USD,eBay,BIN,FALSE,,57532027,,https://www.ebay.com/itm/335964777590,PSA APR
Neo Destiny,Shining Steelix,112/105,Unlimited,PSA 10,2025-05-30,835.99,USD,eBay,BIN,FALSE,,52171456,,https://www.ebay.com/itm/125052547898,PSA APR
Neo Destiny,Shining Steelix,112/105,Unlimited,PSA 10,2025-05-24,700,USD,eBay,best offer,TRUE,,42087346,,https://www.ebay.com/itm/326591270277,PSA APR
Neo Destiny,Shining Steelix,112/105,Unlimited,PSA 10,2025-05-13,750,USD,eBay,BIN,FALSE,,96651368,,https://www.ebay.com/itm/405572002532,PSA APR
Neo Destiny,Shining Steelix,112/105,Unlimited,PSA 10,2025-04-28,710,USD,eBay,auction,FALSE,,27770752,,https://www.ebay.com/itm/286506400151,PSA APR
Neo Destiny,Shining Steelix,112/105,Unlimited,PSA 10,2025-03-31,720,USD,Fanatics Collect,auction,FALSE,,51808268,,https://www.fanaticscollect.com/weekly/840e211e-feb6-11ef-931b-0a58a9feac02,PSA APR
Neo Destiny,Shining Steelix,112/105,Unlimited,PSA 10,2025-03-24,775,USD,eBay,BIN,FALSE,,86380527,,https://www.ebay.com/itm/306164133415,PSA APR
Neo Destiny,Shining Steelix,112/105,Unlimited,PSA 10,2025-03-10,840,USD,Fanatics Collect,auction,FALSE,,28348406,,https://www.fanaticscollect.com/weekly/7560c256-f2dc-11ef-89d0-0a58a9feac02,PSA APR
Neo Destiny,Shining Steelix,112/105,Unlimited,PSA 10,2025-02-25,635,USD,eBay,auction,FALSE,,80194804,,https://www.ebay.com/itm/267163257953,PSA APR
Neo Destiny,Shining Steelix,112/105,Unlimited,PSA 10,2025-02-20,849.99,USD,eBay,BIN,FALSE,,28659572,,https://www.ebay.com/itm/267134014042,PSA APR
Neo Destiny,Shining Steelix,112/105,Unlimited,PSA 10,2025-01-28,640,USD,eBay,best offer,TRUE,,77120695,,https://www.ebay.com/itm/375929284535,PSA APR
Neo Destiny,Shining Steelix,112/105,Unlimited,PSA 10,2025-01-24,711,USD,eBay,auction,FALSE,,53732093,,https://www.ebay.com/itm/387831338577,PSA APR
Neo Destiny,Shining Steelix,112/105,Unlimited,PSA 10,2025-01-04,599,USD,eBay,best offer,TRUE,,86380527,,https://www.ebay.com/itm/316104544487,PSA APR
Neo Destiny,Shining Steelix,112/105,Unlimited,PSA 10,2024-05-23,445.38,USD,eBay,auction,FALSE,,27838746,,https://www.ebay.com/itm/296429480989,PSA APR
Neo Destiny,Shining Steelix,112/105,Unlimited,PSA 10,2024-03-29,469.24,USD,eBay,auction,FALSE,,87048792,,https://www.ebay.com/itm/204704723996,PSA APR
Neo Destiny,Shining Steelix,112/105,Unlimited,PSA 9,2026-09-28,1275.00,USD,eBay,unknown,FALSE,,,Pokemon Shining Steelix Neo Destiny Unlimited 112/105 PSA 9 Mint 112/105,https://www.ebay.es/itm/287594635582,PriceCharting
Neo Destiny,Shining Steelix,112/105,Unlimited,PSA 9,2026-09-22,1024.05,USD,eBay,unknown,FALSE,,,2002 Pokemon Shining Steelix Neo Destiny Unlimited G #112 PSA 9 MINT,https://www.ebay.es/itm/206519763100,PriceCharting
Neo Destiny,Shining Steelix,112/105,Unlimited,PSA 9,2026-09-22,1050.00,USD,eBay,unknown,FALSE,,,2002 POKEMON NEO DESTINY #112 SHINING STEELIX PSA 9 New Cert with Guard #112,https://www.ebay.es/itm/336744355755,PriceCharting
Neo Destiny,Shining Steelix,112/105,Unlimited,PSA 9,2026-09-12,1049.95,USD,eBay,unknown,FALSE,,,2002 Pokemon Neo Destiny Shining Steelix #112 PSA 9 #112,https://www.ebay.es/itm/267780061075,PriceCharting
Neo Destiny,Shining Steelix,112/105,Unlimited,PSA 9,2026-09-07,800.00,USD,eBay,unknown,FALSE,,,Pokemon Shining Steelix Neo Destiny Unlimited 112/105 PSA 9 Mint 112/105,https://www.ebay.es/itm/287569950005,PriceCharting
Neo Destiny,Shining Steelix,112/105,Unlimited,PSA 9,2026-08-30,1000.00,USD,eBay,unknown,FALSE,,,Pokemon Shining Steelix Neo Destiny Unlimited 112/105 PSA 9 Mint 112/105,https://www.ebay.es/itm/287433351384,PriceCharting
Neo Destiny,Shining Steelix,112/105,Unlimited,PSA 9,2026-08-18,1002.03,USD,eBay,unknown,FALSE,,,Shining Steelix 112/105 Neo Destiny Rare Pokémon Card WOTC TCG 2002 PSA 9 112/105,https://www.ebay.es/itm/398253240492,PriceCharting
Neo Destiny,Shining Steelix,112/105,Unlimited,PSA 9,2026-08-10,925.00,USD,eBay,best offer,TRUE,,,Pokemon Shining Steelix 112/105 - PSA 9 - Neo Destiny Holo Rare Vintage WOTC 112/105,https://www.ebay.es/itm/158171446621,PriceCharting
Neo Destiny,Shining Steelix,112/105,Unlimited,PSA 9,2026-08-08,760.00,USD,eBay,unknown,FALSE,,,Pokemon 2002 Shining Steelix 112 Holo Neo Destiny PSA 9 #112,https://www.ebay.es/itm/407111855246,PriceCharting
Neo Destiny,Shining Steelix,112/105,Unlimited,PSA 9,2026-08-02,889.86,USD,eBay,unknown,FALSE,,,Shining Steelix 112/105 PSA 9 Neo Destiny Pokemon 112/105,https://www.ebay.es/itm/168570327374,PriceCharting
Neo Destiny,Shining Steelix,112/105,Unlimited,PSA 9,2026-07-22,711.00,USD,eBay,unknown,FALSE,,,2002 POKEMON SHINING STEELIX NEO DESTINY #112 PSA 9 #112,https://www.ebay.es/itm/800342027021,PriceCharting
Neo Destiny,Shining Steelix,112/105,Unlimited,PSA 9,2026-07-20,832.00,USD,eBay,unknown,FALSE,,,Pokemon Shining Steelix Neo Destiny Unlimited 112/105 PSA 9 Mint 112/105,https://www.ebay.es/itm/287450318220,PriceCharting
Neo Destiny,Shining Steelix,112/105,Unlimited,PSA 9,2026-06-16,1000.22,USD,eBay,unknown,FALSE,,,Shining Steelix 112/105 PSA 9 Neo Destiny Pokemon 112/105,https://www.ebay.es/itm/168438110617,PriceCharting
Neo Destiny,Shining Steelix,112/105,Unlimited,PSA 9,2026-06-15,535.88,USD,eBay,unknown,FALSE,,,Pokemon Shining Steelix Neo Destiny Unlimited Holo #112 DAMAGED SLAB PSA 9,https://www.ebay.es/itm/287375955081,PriceCharting
Neo Destiny,Shining Steelix,112/105,Unlimited,PSA 9,2026-06-03,880.00,USD,eBay,best offer,TRUE,880.00,,Pokémon Shining Steelix Neo Destiny 112/105 Secret Rare Holo PSA 9 112/105,https://www.ebay.es/itm/147321851965,PriceCharting
Neo Destiny,Shining Steelix,112/105,Unlimited,PSA 9,2026-05-25,875.00,USD,eBay,best offer,TRUE,875.00,,Pokémon Shining Steelix Neo Destiny Secret Rare Holo 112/105 PSA 9 112/105,https://www.ebay.es/itm/277967573082,PriceCharting
Neo Destiny,Shining Steelix,112/105,Unlimited,PSA 9,2026-05-24,950.00,USD,eBay,unknown,FALSE,,,Pokémon Shining Steelix Neo Destiny Secret Rare Holo 112/105 PSA 9 112/105,https://www.ebay.es/itm/389902566125,PriceCharting
Neo Destiny,Shining Steelix,112/105,Unlimited,PSA 9,2026-05-17,810.00,USD,eBay,unknown,FALSE,,,Pokemon Shining Steelix Neo Destiny Unlimited Holo Secret Rare #112 PSA 9 Mint,https://www.ebay.es/itm/287320383388,PriceCharting
Neo Destiny,Shining Steelix,112/105,Unlimited,PSA 9,2026-05-12,810.00,USD,eBay,unknown,FALSE,,,Pokémon Shining Steelix Neo Destiny Secret Rare Holo 112/105 PSA 9 112/105,https://www.ebay.es/itm/168368481058,PriceCharting
Neo Destiny,Shining Steelix,112/105,Unlimited,PSA 9,2026-05-03,761.00,USD,eBay,unknown,FALSE,,,Pokemon Shining Steelix Neo Destiny Unlimited Holo Secret Rare #112 PSA 9 Mint,https://www.ebay.es/itm/287290031899,PriceCharting
Neo Destiny,Shining Steelix,112/105,Unlimited,PSA 9,2026-04-20,802.00,USD,eBay,unknown,FALSE,,,Pokemon Shining Steelix Neo Destiny Unlimited Holo Secret Rare #112 PSA 9 Mint,https://www.ebay.es/itm/287265323524,PriceCharting
Neo Destiny,Shining Steelix,112/105,Unlimited,PSA 9,2026-04-14,899.56,USD,eBay,unknown,FALSE,,,PSA 9 MINT Pokemon 112/105 Shining Steelix SR Neo Destiny 2002 Shiny,https://www.ebay.es/itm/127796817138,PriceCharting
Neo Destiny,Shining Steelix,112/105,Unlimited,PSA 8,2026-09-28,850.00,USD,eBay,unknown,FALSE,,,2002 POKEMON NEO DESTINY SHINING STEELIX PSA 8 ENGLISH 112/105,https://www.ebay.es/itm/398399503284,PriceCharting
Neo Destiny,Shining Steelix,112/105,Unlimited,PSA 8,2026-09-26,850.00,USD,eBay,best offer,TRUE,,,2002 POKEMON NEO DESTINY #112 SHINING STEELIX PSA 8 #112,https://www.ebay.es/itm/298662895405,PriceCharting
Neo Destiny,Shining Steelix,112/105,Unlimited,PSA 8,2026-09-05,849.00,USD,eBay,unknown,FALSE,,,2002 POKEMON NEO DESTINY #112 SHINING STEELIX PSA 8 #112,https://www.ebay.es/itm/227503179361,PriceCharting
Neo Destiny,Shining Steelix,112/105,Unlimited,PSA 8,2026-09-01,775.00,USD,eBay,unknown,FALSE,,,2002 POKEMON NEO DESTINY 112/105 SHINING STEELIX #112 PSA 8 #112,https://www.ebay.es/itm/178400493367,PriceCharting
Neo Destiny,Shining Steelix,112/105,Unlimited,PSA 8,2026-08-16,640.00,USD,eBay,unknown,FALSE,,,2002 POKEMON SHINING STEELIX NEO DESTINY #112 NM-MT PSA 8 CLEAN #112,https://www.ebay.es/itm/237002424711,PriceCharting
Neo Destiny,Shining Steelix,112/105,Unlimited,PSA 8,2026-08-13,700.00,USD,eBay,unknown,FALSE,,,2002 POKEMON SHINING STEELIX NEO DESTINY #112 PSA 8 #112,https://www.ebay.es/itm/800468589287,PriceCharting
Neo Destiny,Shining Steelix,112/105,Unlimited,PSA 8,2026-08-04,750.00,USD,eBay,unknown,FALSE,,,PSA POKEMON SHINING STEELIX 2002 NEO DESTINY #112 PSA 8 #112,https://www.ebay.es/itm/358875494943,PriceCharting
Neo Destiny,Shining Steelix,112/105,Unlimited,PSA 8,2026-07-17,800.00,USD,eBay,best offer,TRUE,800.00,,2002 POKEMON NEO DESTINY #112 SHINING STEELIX PSA 8 #112,https://www.ebay.es/itm/298342908703,PriceCharting
Neo Destiny,Shining Steelix,112/105,Unlimited,PSA 8,2026-07-09,691.83,USD,eBay,unknown,FALSE,,,PSA POKEMON SHINING STEELIX 2002 NEO DESTINY #112 PSA 8 #112,https://www.ebay.es/itm/800273626881,PriceCharting
Neo Destiny,Shining Steelix,112/105,Unlimited,PSA 8,2026-07-07,690.00,USD,eBay,unknown,FALSE,,,2002 POKEMON NEO DESTINY #112 SHINING STEELIX PSA 8 #112,https://www.ebay.es/itm/307031422044,PriceCharting
Neo Destiny,Shining Steelix,112/105,Unlimited,PSA 8,2026-07-01,663.74,USD,eBay,unknown,FALSE,,,Shining Steelix 112/105 PSA 8 Neo Destiny Pokemon 112/105,https://www.ebay.es/itm/168461918846,PriceCharting
Neo Destiny,Shining Steelix,112/105,Unlimited,PSA 8,2026-06-23,875.00,USD,eBay,best offer,TRUE,875.00,,2002 POKEMON NEO DESTINY #112 SHINING STEELIX PSA 8 #112,https://www.ebay.es/itm/318463554671,PriceCharting
Neo Destiny,Shining Steelix,112/105,Unlimited,PSA 8,2026-06-22,750.00,USD,eBay,unknown,FALSE,,,2002 POKEMON NEO DESTINY #112 SHINING STEELIX PSA 8 #112,https://www.ebay.es/itm/278115407980,PriceCharting
Neo Destiny,Shining Steelix,112/105,Unlimited,PSA 8,2026-06-15,640.00,USD,eBay,unknown,FALSE,,,Shining Steelix 2002 Pokemon Neo Destiny #112 Holo PSA 8 112/105,https://www.ebay.es/itm/157970937944,PriceCharting
Neo Destiny,Shining Steelix,112/105,Unlimited,PSA 8,2026-06-11,700.00,USD,eBay,unknown,FALSE,,,Pokemon 2002 Neo Destiny #112 Shining Steelix PSA 8,https://www.ebay.es/itm/257518071619,PriceCharting
Neo Destiny,Shining Steelix,112/105,Unlimited,PSA 8,2026-06-09,650.00,USD,eBay,best offer,TRUE,650.00,,2002 POKEMON NEO DESTINY #112 SHINING STEELIX PSA 8 #112,https://www.ebay.es/itm/287382351923,PriceCharting
Neo Destiny,Shining Steelix,112/105,Unlimited,PSA 8,2026-05-29,699.99,USD,eBay,unknown,FALSE,,,2002 POKEMON NEO DESTINY - #112 SHINING STEELIX - PSA 8 ENGLISH #112,https://www.ebay.es/itm/117174615946,PriceCharting
Neo Destiny,Shining Steelix,112/105,Unlimited,PSA 8,2026-05-27,675.00,USD,eBay,unknown,FALSE,,,2002 POKÉMON SHINING STEELIX NEO DESTINY #112 HOLO - NEW CERT - NM/MINT PSA 8 112/105,https://www.ebay.es/itm/227354921820,PriceCharting
Neo Destiny,Shining Steelix,112/105,Unlimited,PSA 8,2026-04-28,650.00,USD,eBay,best offer,TRUE,650.00,,2002 POKEMON NEO DESTINY #112 SHINING STEELIX PSA 8 #112,https://www.ebay.es/itm/117161192483,PriceCharting
Neo Destiny,Shining Steelix,112/105,Unlimited,PSA 8,2026-04-13,599.99,USD,eBay,unknown,FALSE,,,[PSA 8] Pokémon Shining Steelix Neo Destiny #112 Unlimited Holo Rare NM-Mint 112/105,https://www.ebay.es/itm/227290699636,PriceCharting
Neo Destiny,Shining Tyranitar,113/105,1st Edition,PSA 10,2026-09-22,45000,USD,eBay,best offer,TRUE,,25503468,,https://www.ebay.com/itm/117423382482,PSA APR
Neo Destiny,Shining Tyranitar,113/105,1st Edition,PSA 10,2026-09-22,45000,USD,Fanatics Collect,best offer,TRUE,,28455223,,https://www.fanaticscollect.com/buy-now/05c71d1e-e787-4de3-8a29-8fb63650162a,PSA APR
Neo Destiny,Shining Tyranitar,113/105,1st Edition,PSA 10,2026-08-25,21800,USD,Fanatics Collect,best offer,TRUE,,28455223,,https://www.fanaticscollect.com/buy-now/0f557934-e34a-4e81-8f50-5fed84e37c25,PSA APR
Neo Destiny,Shining Tyranitar,113/105,1st Edition,PSA 10,2026-08-02,21000.00,USD,eBay,best offer,TRUE,21000.00,,2002 POKEMON NEO DESTINY 1ST EDITION #113 SHINING TYRANITAR PSA 10 #113,https://www.ebay.es/itm/117329522942,PriceCharting
Neo Destiny,Shining Tyranitar,113/105,1st Edition,PSA 10,2026-06-25,30000.00,USD,eBay,unknown,FALSE,,,Pokemon Shining Tyranitar Neo Destiny 1st Edition Holo Secret Rare #113 PSA 10,https://www.ebay.es/itm/287289672422,PriceCharting
Neo Destiny,Shining Tyranitar,113/105,1st Edition,PSA 10,2026-05-18,21000,USD,Fanatics Collect,auction,FALSE,,25503468,,https://www.fanaticscollect.com/weekly/498405d6-4933-11f1-9cfa-06b0da660371,PSA APR
Neo Destiny,Shining Tyranitar,113/105,1st Edition,PSA 10,2026-04-17,30000.00,USD,eBay,unknown,FALSE,,,Pokemon Shining Tyranitar Neo Destiny 1st Edition Holo Secret Rare #113 PSA 10,https://www.ebay.es/itm/287265005233,PriceCharting
Neo Destiny,Shining Tyranitar,113/105,1st Edition,PSA 10,2026-04-13,18936,USD,Goldin Auctions,auction,FALSE,,92491657,,https://goldin.co/item/2002-pokemon-neo-destiny-1st-edition-113-shining-tyranitar-psa-gem-mtcq0b6,PSA APR
Neo Destiny,Shining Tyranitar,113/105,1st Edition,PSA 10,2026-03-23,19200,USD,Fanatics Collect,auction,FALSE,,43215789,,https://www.fanaticscollect.com/weekly/87eadb40-1ef1-11f1-ba5c-0a58a9feac02,PSA APR
Neo Destiny,Shining Tyranitar,113/105,1st Edition,PSA 10,2026-03-09,15000,USD,Fanatics Collect,auction,FALSE,,27100902,,https://www.fanaticscollect.com/weekly/f5761f06-0e7c-11f1-bd9e-0a58a9feac02,PSA APR
Neo Destiny,Shining Tyranitar,113/105,1st Edition,PSA 10,2026-03-02,20000.00,USD,eBay,unknown,FALSE,,,Pokemon Shining Tyranitar Neo Destiny 1st Edition Holo Secret Rare #113 PSA 10,https://www.ebay.es/itm/287168810897,PriceCharting
Neo Destiny,Shining Tyranitar,113/105,1st Edition,PSA 10,2026-02-24,14999.00,USD,eBay,unknown,FALSE,,,2002 POKEMON NEO DESTINY 1ST ED #113 SHINING TYRANITAR PSA 10 #113,https://www.ebay.es/itm/116790495368,PriceCharting
Neo Destiny,Shining Tyranitar,113/105,1st Edition,PSA 10,2026-01-31,14000.00,USD,eBay,unknown,FALSE,,,PSA 10 Gem Mint Shining Tyranitar 113/105 Neo Destiny Holo Vintage Pokemon 113/105,https://www.ebay.es/itm/389552547720,PriceCharting
Neo Destiny,Shining Tyranitar,113/105,1st Edition,PSA 10,2026-01-21,13500.00,USD,eBay,unknown,FALSE,,,Pokemon Neo Destiny 1st Edition Shining Tyranitar PSA 10 Pop 177 113/105,https://www.ebay.es/itm/227182813403,PriceCharting
Neo Destiny,Shining Tyranitar,113/105,1st Edition,PSA 10,2025-12-31,13499.00,USD,eBay,best offer,TRUE,13499.00,,2002 POKEMON NEO DESTINY 1ST ED #113 SHINING TYRANITAR PSA 10 #113,https://www.ebay.es/itm/306509702461,PriceCharting
Neo Destiny,Shining Tyranitar,113/105,1st Edition,PSA 10,2025-12-18,10359,USD,eBay,auction,FALSE,,73321798,,https://www.ebay.com/itm/205923260153,PSA APR
Neo Destiny,Shining Tyranitar,113/105,1st Edition,PSA 10,2025-11-23,14000,USD,eBay,BIN,FALSE,,92491657,,https://www.ebay.com/itm/167714078381,PSA APR
Neo Destiny,Shining Tyranitar,113/105,1st Edition,PSA 10,2025-10-09,13650.00,USD,eBay,unknown,FALSE,,,PSA 10 - 1st Edition Shining Tyranitar - Neo Destiny - Pokemon - Low Pop - Rare,https://www.ebay.es/itm/405832578045,PriceCharting
Neo Destiny,Shining Tyranitar,113/105,1st Edition,PSA 10,2025-10-06,11400,USD,Fanatics Collect,auction,FALSE,,43215789,,https://www.fanaticscollect.com/weekly/81c795d6-9801-11f0-8a34-02d93b7d50ab,PSA APR
Neo Destiny,Shining Tyranitar,113/105,1st Edition,PSA 10,2025-09-12,8100.00,USD,eBay,unknown,FALSE,,,2002 Pokemon Neo Destiny Shining Tyranitar 1st Edition #113 PSA 10 Gem Mint,https://www.ebay.es/itm/376531508821,PriceCharting
Neo Destiny,Shining Tyranitar,113/105,1st Edition,PSA 10,2025-08-10,9795.00,USD,eBay,unknown,FALSE,,,PSA 10 Shining Tyranitar 1st Edition 2002 Pokémon Neo Destiny 113/105 113/105,https://www.ebay.es/itm/326716272748,PriceCharting
Neo Destiny,Shining Tyranitar,113/105,1st Edition,PSA 10,2025-08-06,8925.00,USD,eBay,unknown,FALSE,,,PSA 10 - 1st Edition Shining Tyranitar - Neo Destiny - Pokemon -,https://www.ebay.es/itm/376261626917,PriceCharting
Neo Destiny,Shining Tyranitar,113/105,1st Edition,PSA 10,2025-07-31,9783.00,USD,eBay,unknown,FALSE,,,Pokemon Neo Destiny 1st Edition Shining Tyranitar PSA 10,https://www.ebay.es/itm/396887483109,PriceCharting
Neo Destiny,Shining Tyranitar,113/105,1st Edition,PSA 10,2025-07-18,9546.08,USD,eBay,unknown,FALSE,,,Pokemon Shining Tyranitar 1st Edition PSA 10 113/105 Neo Destiny,https://www.ebay.es/itm/257009462415,PriceCharting
Neo Destiny,Shining Tyranitar,113/105,1st Edition,PSA 10,2025-07-07,9900,USD,Fanatics Collect,auction,FALSE,,63526365,,https://www.fanaticscollect.com/weekly/34960d60-5080-11f0-ab08-0a58a9feac02,PSA APR
Neo Destiny,Shining Tyranitar,113/105,1st Edition,PSA 10,2025-07-04,11107.05,USD,eBay,unknown,FALSE,,,1st Edition Shining Tyranitar #113 PSA 10 - 7 Cert,https://www.ebay.es/itm/167614818289,PriceCharting
Neo Destiny,Shining Tyranitar,113/105,1st Edition,PSA 10,2025-05-18,8175.00,USD,eBay,unknown,FALSE,,,2002 Pokemon Neo Destiny 1st Edition Shining Tyranitar #113 PSA 10 low pop #113,https://www.ebay.es/itm/256929745946,PriceCharting
Neo Destiny,Shining Tyranitar,113/105,1st Edition,PSA 10,2025-05-05,8400,USD,Fanatics Collect,auction,FALSE,,63526365,,https://www.fanaticscollect.com/weekly/e42a3fbe-2432-11f0-90c1-02f47cc90109,PSA APR
Neo Destiny,Shining Tyranitar,113/105,1st Edition,PSA 10,2025-04-20,9999.85,USD,eBay,unknown,FALSE,,,Pokemon Shining Tyranitar Neo Destiny 1st Edition PSA 10,https://www.ebay.es/itm/286495798322,PriceCharting
Neo Destiny,Shining Tyranitar,113/105,1st Edition,PSA 10,2025-04-12,5700.00,USD,eBay,unknown,FALSE,,,Pokemon Neo Destiny Shining tyranitar 1st edition PSA 10,https://www.ebay.es/itm/197019498191,PriceCharting
Neo Destiny,Shining Tyranitar,113/105,1st Edition,PSA 10,2025-04-02,4850,USD,eBay,best offer,TRUE,,63526365,,https://www.ebay.com/itm/205383568861,PSA APR
Neo Destiny,Shining Tyranitar,113/105,1st Edition,PSA 10,2025-03-17,5800.00,USD,eBay,unknown,FALSE,,,Pokemon Shining Tyranitar Neo Destiny 1st Edition Secret Rare Holo #113 PSA 10,https://www.ebay.es/itm/286391204386,PriceCharting
Neo Destiny,Shining Tyranitar,113/105,1st Edition,PSA 10,2025-02-08,4100.00,USD,eBay,unknown,FALSE,,,Pokemon Shining Tyranitar Neo Destiny 1st Edition Secret Rare Holo #113 PSA 10,https://www.ebay.es/itm/286309418724,PriceCharting
Neo Destiny,Shining Tyranitar,113/105,1st Edition,PSA 10,2025-01-24,4050.00,USD,eBay,unknown,FALSE,,,PSA 10 First Edition Shining Tyranitar 113/105 Neo Destiny Holo 113/105,https://www.ebay.es/itm/396131571102,PriceCharting
Neo Destiny,Shining Tyranitar,113/105,1st Edition,PSA 10,2024-12-15,3538.84,USD,eBay,auction,FALSE,,50116801,,https://www.ebay.com/itm/135423197566,PSA APR
Neo Destiny,Shining Tyranitar,113/105,1st Edition,PSA 10,2024-08-31,3600.00,USD,eBay,unknown,FALSE,,,Pokemon Shining Tyranitar Neo Destiny 1st Edition Secret Rare Holo #113 PSA 10,https://www.ebay.es/itm/286035992227,PriceCharting
Neo Destiny,Shining Tyranitar,113/105,1st Edition,PSA 10,2024-07-11,3730.00,USD,eBay,unknown,FALSE,,,2002 Pokemon Neo Destiny 1st Edition #113 Shining Tyranitar PSA 10 GEM MINT,https://www.ebay.es/itm/375518938384,PriceCharting
Neo Destiny,Shining Tyranitar,113/105,1st Edition,PSA 10,2024-05-27,3700.00,USD,eBay,unknown,FALSE,,,2002 Neo Destiny 113/105 Shining Tyranitar 1st Edition Secret Pokemon PSA 10 113/105,https://www.ebay.es/itm/285859134028,PriceCharting
Neo Destiny,Shining Tyranitar,113/105,1st Edition,PSA 10,2024-03-01,3750.00,USD,eBay,unknown,FALSE,,,PSA 10 Shining Tyranitar Pokemon Neo Destiny 1st Edition 113 2002 Gem Mint #113,https://www.ebay.es/itm/134928665494,PriceCharting
Neo Destiny,Shining Tyranitar,113/105,1st Edition,PSA 10,2024-02-28,3596.73,USD,eBay,unknown,FALSE,,,Pokemon - PSA 10 1st Edition Neo Destiny Shining Tyranitar #113/105 #113,https://www.ebay.es/itm/235273106401,PriceCharting
Neo Destiny,Shining Tyranitar,113/105,1st Edition,PSA 9,2026-09-28,5550.00,USD,eBay,best offer,TRUE,5550.00,,Pokemon Shining Tyranitar 1st Edition Neo Destiny #113 English Low Pop PSA 9 113/105,https://www.ebay.es/itm/298677956900,PriceCharting
Neo Destiny,Shining Tyranitar,113/105,1st Edition,PSA 9,2026-09-23,5999.00,USD,eBay,unknown,FALSE,,,2002 POKEMON NEO DESTINY 1ST ED #113 SHINING TYRANITAR PSA 9 #113,https://www.ebay.es/itm/117081416192,PriceCharting
Neo Destiny,Shining Tyranitar,113/105,1st Edition,PSA 9,2026-09-23,5999.99,USD,eBay,unknown,FALSE,,,NEO DESTINY 1ST ED #113 SHINING TYRANITAR PSA 9 2002 POKEMON #113,https://www.ebay.es/itm/298622113351,PriceCharting
Neo Destiny,Shining Tyranitar,113/105,1st Edition,PSA 9,2026-09-23,6000.00,USD,eBay,best offer,TRUE,6000.00,,2002 POKEMON NEO DESTINY 1ST EDITION #113 SHINING TYRANITAR PSA 9,https://www.ebay.es/itm/307159290870,PriceCharting
Neo Destiny,Shining Tyranitar,113/105,1st Edition,PSA 9,2026-09-23,5799.00,USD,eBay,unknown,FALSE,,,2002 POKEMON NEO DESTINY 1ST EDITION #113 SHINING TYRANITAR PSA 9 113/105,https://www.ebay.es/itm/178474643536,PriceCharting
Neo Destiny,Shining Tyranitar,113/105,1st Edition,PSA 9,2026-09-23,5769.00,USD,eBay,unknown,FALSE,,,2002 Pokemon Neo Destiny 1st Edition Shining Tyranitar Holo #113/105 PSA 9,https://www.ebay.es/itm/377504200258,PriceCharting
Neo Destiny,Shining Tyranitar,113/105,1st Edition,PSA 9,2026-09-23,6087.54,USD,eBay,unknown,FALSE,,,2002 Pokemon Neo Destiny 1st Edition Shining Tyranitar Holo #113/105 PSA 9,https://www.ebay.es/itm/128084892004,PriceCharting
Neo Destiny,Shining Tyranitar,113/105,1st Edition,PSA 9,2026-09-13,6085.80,USD,eBay,unknown,FALSE,,,Shining Tyranitar Pokemon 1st Edition Neo Destiny 113 PSA 9 #113,https://www.ebay.es/itm/206500818874,PriceCharting
Neo Destiny,Shining Tyranitar,113/105,1st Edition,PSA 9,2026-08-02,6500.00,USD,eBay,unknown,FALSE,,,2002 POKEMON NEO DESTINY 1ST ED #113 SHINING TYRANITAR PSA 9 #113,https://www.ebay.es/itm/366513769457,PriceCharting
Neo Destiny,Shining Tyranitar,113/105,1st Edition,PSA 9,2026-08-02,5510.00,USD,eBay,unknown,FALSE,,,2002 Pokemon Neo Destiny 1st Edition Shining Tyranitar Holo #113/105 PSA 9,https://www.ebay.es/itm/127997415002,PriceCharting
Neo Destiny,Shining Tyranitar,113/105,1st Edition,PSA 9,2026-07-02,5685.00,USD,eBay,best offer,TRUE,,,Pokemon Shining Tyranitar 1st Edition 113/105 Neo Destiny PSA 9 MINT Authentic,https://www.ebay.es/itm/407028433690,PriceCharting
Neo Destiny,Shining Tyranitar,113/105,1st Edition,PSA 9,2026-06-08,5500.00,USD,eBay,best offer,TRUE,5500.00,,2002 POKEMON NEO DESTINY 1ST EDITION #113 SHINING TYRANITAR PSA 9 #113,https://www.ebay.es/itm/298358142012,PriceCharting
Neo Destiny,Shining Tyranitar,113/105,1st Edition,PSA 9,2026-06-07,5514.45,USD,eBay,best offer,TRUE,,,Pokemon Shining Tyranitar 1st Edition 113/105 Neo Destiny PSA 9 MINT Authentic,https://www.ebay.es/itm/406451926470,PriceCharting
Neo Destiny,Shining Tyranitar,113/105,1st Edition,PSA 9,2026-04-18,4799.00,USD,eBay,unknown,FALSE,,,Pokemon Shining Tyranitar Neo Destiny 1st Edition Holo Secret Rare #113 PSA 9,https://www.ebay.es/itm/287247791701,PriceCharting
Neo Destiny,Shining Tyranitar,113/105,1st Edition,PSA 9,2026-04-13,4450.00,USD,eBay,best offer,TRUE,4450.00,,2002 POKEMON NEO DESTINY 1ST EDITION #113 SHINING TYRANITAR PSA 9 #113,https://www.ebay.es/itm/117138224426,PriceCharting
Neo Destiny,Shining Tyranitar,113/105,1st Edition,PSA 9,2026-04-10,5305.95,USD,eBay,unknown,FALSE,,,2002 Pokemon Neo Destiny Shining Tyranitar 1st Edition #113 PSA 9,https://www.ebay.es/itm/397825880829,PriceCharting
Neo Destiny,Shining Tyranitar,113/105,1st Edition,PSA 9,2026-04-07,4150.00,USD,eBay,best offer,TRUE,4150.00,,Pokemon - PSA 9 Shining Tyranitar 1st Edition 113/105 - Neo Destiny #113,https://www.ebay.es/itm/127795581826,PriceCharting
Neo Destiny,Shining Tyranitar,113/105,1st Edition,PSA 9,2026-03-29,4500.00,USD,eBay,unknown,FALSE,,,Pokemon Shining Tyranitar Neo Destiny 1st Edition Holo Secret Rare #113 PSA 9,https://www.ebay.es/itm/287214952269,PriceCharting
Neo Destiny,Shining Tyranitar,113/105,1st Edition,PSA 9,2026-03-25,4699.99,USD,eBay,unknown,FALSE,,,2002 POKEMON NEO DESTINY 1ST ED #113 SHINING TYRANITAR PSA 9 Mint #113,https://www.ebay.es/itm/188166348634,PriceCharting
Neo Destiny,Shining Tyranitar,113/105,1st Edition,PSA 9,2026-03-20,4800.00,USD,eBay,unknown,FALSE,,,2002 Pokemon Neo Destiny 1st Edition #113 Shining Tyranitar PSA 9 MINT,https://www.ebay.es/itm/366267469292,PriceCharting
Neo Destiny,Shining Tyranitar,113/105,1st Edition,PSA 9,2026-03-11,3750.00,USD,eBay,unknown,FALSE,,,2002 POKEMON NEO DESTINY 1ST EDITION #113 SHINING TYRANITAR PSA 9 #113,https://www.ebay.es/itm/298082442497,PriceCharting
Neo Destiny,Shining Tyranitar,113/105,1st Edition,PSA 9,2026-03-02,4261.00,USD,eBay,unknown,FALSE,,,2002 POKEMON NEO DESTINY 1ST ED #113 SHINING TYRANITAR PSA 9 #113,https://www.ebay.es/itm/298051896329,PriceCharting
Neo Destiny,Shining Tyranitar,113/105,1st Edition,PSA 9,2026-02-20,3152.00,USD,eBay,unknown,FALSE,,,2002 Pokemon Neo Destiny 1st Edition #113 Shining Tyranitar PSA 9 MINT,https://www.ebay.es/itm/376960507818,PriceCharting
Neo Destiny,Shining Tyranitar,113/105,1st Edition,PSA 9,2026-02-08,3300.00,USD,eBay,unknown,FALSE,,,Pokemon 2002 1st Edition Neo Destiny Shining Tyranitar holo card PSA 9,https://www.ebay.es/itm/177844421685,PriceCharting
Neo Destiny,Shining Tyranitar,113/105,1st Edition,PSA 8,2026-07-17,3200.00,USD,eBay,unknown,FALSE,,,2002 POKEMON NEO DESTINY 1ST EDITION #113 SHINING TYRANITAR PSA 8 #113,https://www.ebay.es/itm/298491846022,PriceCharting
Neo Destiny,Shining Tyranitar,113/105,1st Edition,PSA 8,2026-07-12,3661.77,USD,eBay,unknown,FALSE,,,2002 POKEMON NEO DESTINY 1ST EDITION #113 SHINING TYRANITAR PSA 8 #113,https://www.ebay.es/itm/307041271711,PriceCharting
Neo Destiny,Shining Tyranitar,113/105,1st Edition,PSA 8,2026-06-23,4265.00,USD,eBay,unknown,FALSE,,,2002 Pokemon Neo Destiny 1st Edition #113 Shining Tyranitar PSA 8 NM-MT,https://www.ebay.es/itm/366475029629,PriceCharting
Neo Destiny,Shining Tyranitar,113/105,1st Edition,PSA 8,2026-05-01,4395.00,USD,eBay,unknown,FALSE,,,Pokemon Neo Destiny 1st Edition Shining Tyranitar #113 PSA 8,https://www.ebay.es/itm/267643147102,PriceCharting
Neo Destiny,Shining Tyranitar,113/105,1st Edition,PSA 8,2026-04-10,3350.00,USD,eBay,best offer,TRUE,3350.00,,2002 Pokemon Neo Destiny 1st Edition Shining Tyranitar PSA 8 #113 NEW CERT NM-MT #113,https://www.ebay.es/itm/178034125149,PriceCharting
Neo Destiny,Shining Tyranitar,113/105,1st Edition,PSA 8,2026-03-25,3100.00,USD,eBay,best offer,TRUE,3100.00,,2002 POKEMON NEO DESTINY 1ST ED #113 SHINING TYRANITAR PSA 8 NM-MT #113,https://www.ebay.es/itm/318048520984,PriceCharting
Neo Destiny,Shining Tyranitar,113/105,1st Edition,PSA 8,2025-10-31,1756.20,USD,eBay,best offer,TRUE,,,Pokemon Shining Tyranitar 113/105 1st Edition Neo Destiny Vintage Holo PSA 8,https://www.ebay.es/itm/297726403572,PriceCharting
Neo Destiny,Shining Tyranitar,113/105,1st Edition,PSA 8,2025-10-31,1855.68,USD,eBay,best offer,TRUE,,,Pokemon Shining Tyranitar 113/105 1st Edition Neo Destiny Vintage Holo PSA 8,https://www.ebay.es/itm/297612767730,PriceCharting
Neo Destiny,Shining Tyranitar,113/105,1st Edition,PSA 8,2025-10-10,1685.00,USD,eBay,unknown,FALSE,,,2002 Pokemon Neo Destiny 1st Edition #113 Shining Tyranitar PSA 8 NM-MT,https://www.ebay.es/itm/376592948230,PriceCharting
Neo Destiny,Shining Tyranitar,113/105,1st Edition,PSA 8,2025-09-28,1650.00,USD,eBay,unknown,FALSE,,,PSA 8 Shining Tyranitar 1st Edition #113 2002 Pokemon Neo Destiny #113,https://www.ebay.es/itm/357623793158,PriceCharting
Neo Destiny,Shining Tyranitar,113/105,1st Edition,PSA 8,2025-09-13,1625.00,USD,eBay,unknown,FALSE,,,2002 POKEMON NEO DESTINY 1ST EDITION #113 SHINING TYRANITAR PSA 8 #113,https://www.ebay.es/itm/306483331888,PriceCharting
Neo Destiny,Shining Tyranitar,113/105,1st Edition,PSA 8,2025-08-16,1750.00,USD,eBay,unknown,FALSE,,,2002 POKEMON NEO DESTINY #113 SHINING TYRANITAR 1ST EDITION PSA 8 NM-MT #113,https://www.ebay.es/itm/286767467119,PriceCharting
Neo Destiny,Shining Tyranitar,113/105,1st Edition,PSA 8,2025-07-06,1400.00,USD,eBay,unknown,FALSE,,,Pokemon Shining Tyranitar Neo Destiny 1st Edition Holo Rare #113 PSA 8,https://www.ebay.es/itm/286691151822,PriceCharting
Neo Destiny,Shining Tyranitar,113/105,1st Edition,PSA 8,2025-06-20,1200.00,USD,eBay,unknown,FALSE,,,2002 Pokemon Neo Destiny SHINING TYRANITAR 1st Edition Holo Card 113 PSA 8 NM-MT #113,https://www.ebay.es/itm/286663591365,PriceCharting
Neo Destiny,Shining Tyranitar,113/105,1st Edition,PSA 8,2025-06-08,1125.00,USD,eBay,unknown,FALSE,,,Pokemon Shining Tyranitar Neo Destiny 1st Edition Secret Rare Holo #113 PSA 8,https://www.ebay.es/itm/286604252518,PriceCharting
Neo Destiny,Shining Tyranitar,113/105,1st Edition,PSA 8,2025-04-17,1479.54,USD,eBay,unknown,FALSE,,,Pokemon - PSA 8 1st Edition Neo Destiny Shining Tyranitar #113/105,https://www.ebay.es/itm/134793878587,PriceCharting
Neo Destiny,Shining Tyranitar,113/105,1st Edition,PSA 8,2025-04-14,1299.99,USD,eBay,unknown,FALSE,,,2002 Pokemon Neo Destiny 1st Edition Shining Tyranitar #113 PSA 8 113/105,https://www.ebay.es/itm/306024261369,PriceCharting
Neo Destiny,Shining Tyranitar,113/105,1st Edition,PSA 8,2025-04-13,1600.00,USD,eBay,unknown,FALSE,,,2002 POKEMON NEO DESTINY 1ST ED #113 SHINING TYRANITAR PSA 8 #113,https://www.ebay.es/itm/306211957123,PriceCharting
Neo Destiny,Shining Tyranitar,113/105,1st Edition,PSA 8,2025-04-01,1200.00,USD,eBay,unknown,FALSE,,,PSA 8 2002 Pokemon Neo Destiny 1st Edition #113 Shining Tyranitar NM MINT #113,https://www.ebay.es/itm/197165975699,PriceCharting
Neo Destiny,Shining Tyranitar,113/105,Unlimited,PSA 10,2026-09-23,13500,USD,Fanatics Collect,best offer,TRUE,,20416143,,https://www.fanaticscollect.com/buy-now/ba961421-9213-47b2-bb86-d724da3de53c,PSA APR
Neo Destiny,Shining Tyranitar,113/105,Unlimited,PSA 10,2026-09-22,12555.68,USD,eBay,best offer,TRUE,,97199262,,https://www.ebay.com/itm/377515757440,PSA APR
Neo Destiny,Shining Tyranitar,113/105,Unlimited,PSA 10,2026-08-20,10900.00,USD,eBay,unknown,FALSE,,,2002 POKEMON SHINING TYRANITAR NEO DESTINY #113 PSA 10 #113,https://www.ebay.es/itm/800499471409,PriceCharting
Neo Destiny,Shining Tyranitar,113/105,Unlimited,PSA 10,2026-08-08,11700.00,USD,eBay,unknown,FALSE,,,2002 POKEMON SHINING TYRANITAR NEO DESTINY #113 PSA 10 #113,https://www.ebay.es/itm/800439639807,PriceCharting
Neo Destiny,Shining Tyranitar,113/105,Unlimited,PSA 10,2026-08-03,10200,USD,Fanatics Collect,auction,FALSE,,51608836,,https://www.fanaticscollect.com/weekly/72e909f8-86c3-11f1-83d4-0a58a9feac02,PSA APR
Neo Destiny,Shining Tyranitar,113/105,Unlimited,PSA 10,2026-07-29,11500.00,USD,eBay,best offer,TRUE,11500.00,,Pokemon Shining Tyranitar #113 Neo Destiny Unlimited PSA 10 Gem Mint,https://www.ebay.es/itm/188708055897,PriceCharting
Neo Destiny,Shining Tyranitar,113/105,Unlimited,PSA 10,2026-07-06,4501,USD,eBay,best offer,TRUE,,19624796,,https://www.ebay.com/itm/376759125372,PSA APR
Neo Destiny,Shining Tyranitar,113/105,Unlimited,PSA 10,2026-06-27,15500.00,USD,eBay,best offer,TRUE,15500.00,,2002 POKEMON NEO DESTINY #113 SHINING TYRANITAR PSA 10 #113,https://www.ebay.es/itm/298184127360,PriceCharting
Neo Destiny,Shining Tyranitar,113/105,Unlimited,PSA 10,2026-06-15,11300.00,USD,eBay,unknown,FALSE,,,"2002 Pokémon Shining Tyranitar Holo, Neo Destiny #113/105, PSA 10 Gem Mint 113/105",https://www.ebay.es/itm/157970926519,PriceCharting
Neo Destiny,Shining Tyranitar,113/105,Unlimited,PSA 10,2026-05-26,11094.6,USD,eBay,best offer,TRUE,,40920997,,https://www.ebay.com/itm/358478487596,PSA APR
Neo Destiny,Shining Tyranitar,113/105,Unlimited,PSA 10,2026-05-24,10111.88,USD,eBay,unknown,FALSE,,,Pokemon Shining Tyranitar Neo Destiny Unlimited Holo Secret Rare #113 PSA 10,https://www.ebay.es/itm/287337216232,PriceCharting
Neo Destiny,Shining Tyranitar,113/105,Unlimited,PSA 10,2026-05-12,11211.88,USD,eBay,unknown,FALSE,,,2002 Pokemon Neo Destiny #113 Shining Tyranitar PSA 10 GEM MINT,https://www.ebay.es/itm/389962021706,PriceCharting
Neo Destiny,Shining Tyranitar,113/105,Unlimited,PSA 10,2026-05-10,9600.00,USD,eBay,unknown,FALSE,,,Pokemon Shining Tyranitar Neo Destiny Unlimited Holo Secret Rare #113 PSA 10,https://www.ebay.es/itm/287304478179,PriceCharting
Neo Destiny,Shining Tyranitar,113/105,Unlimited,PSA 10,2026-04-22,10000.00,USD,eBay,unknown,FALSE,,,2002 Pokemon Neo Destiny #113 Shining Tyranitar PSA 10 GEM MINT,https://www.ebay.es/itm/389889877166,PriceCharting
Neo Destiny,Shining Tyranitar,113/105,Unlimited,PSA 10,2026-04-01,9999.00,USD,eBay,unknown,FALSE,,,2002 POKEMON NEO DESTINY #113 SHINING TYRANITAR PSA 10 #113,https://www.ebay.es/itm/297828495562,PriceCharting
Neo Destiny,Shining Tyranitar,113/105,Unlimited,PSA 10,2026-03-28,8800.00,USD,eBay,best offer,TRUE,8800.00,,2002 POKEMON NEO DESTINY #113 SHINING TYRANITAR PSA 10 #113,https://www.ebay.es/itm/117112710984,PriceCharting
Neo Destiny,Shining Tyranitar,113/105,Unlimited,PSA 10,2026-03-25,15000,USD,Fanatics Collect,BIN,FALSE,,47134774,,https://www.fanaticscollect.com/buy-now/411c8469-ae5d-44ca-9050-dace93117040,PSA APR
Neo Destiny,Shining Tyranitar,113/105,Unlimited,PSA 10,2026-03-23,6900,USD,Fanatics Collect,auction,FALSE,,41160267,,https://www.fanaticscollect.com/weekly/dcc25fdc-1eef-11f1-82c5-0a58a9feac02,PSA APR
Neo Destiny,Shining Tyranitar,113/105,Unlimited,PSA 10,2026-03-21,6500.00,USD,eBay,best offer,TRUE,6500.00,,2002 POKEMON NEO DESTINY #113 SHINING TYRANITAR PSA 10 #113,https://www.ebay.es/itm/306832245742,PriceCharting
Neo Destiny,Shining Tyranitar,113/105,Unlimited,PSA 10,2026-02-21,7500.00,USD,eBay,unknown,FALSE,,,2002 Pokémon Neo Destiny Shining Tyranitar #113 PSA 10 GEM MINT,https://www.ebay.es/itm/317526456958,PriceCharting
Neo Destiny,Shining Tyranitar,113/105,Unlimited,PSA 10,2026-01-18,4698.74,USD,eBay,unknown,FALSE,,,Pokemon Cards - PSA 10 Shining Tyranitar 113/105 - Neo Destiny - GEM MT - PSA10,https://www.ebay.es/itm/287084256031,PriceCharting
Neo Destiny,Shining Tyranitar,113/105,Unlimited,PSA 10,2026-01-16,5114.54,USD,eBay,unknown,FALSE,,,2002 POKEMON NEO DESTINY #113/105 SHINING TYRANITAR HOLO PSA 10 113/105,https://www.ebay.es/itm/205981137139,PriceCharting
Neo Destiny,Shining Tyranitar,113/105,Unlimited,PSA 10,2026-01-05,4501.00,USD,eBay,best offer,TRUE,,,2002 Pokemon Neo Destiny Shining Tyranitar Holo #113/105 PSA 10,https://www.ebay.es/itm/376759125372,PriceCharting
Neo Destiny,Shining Tyranitar,113/105,Unlimited,PSA 10,2025-12-15,4320,USD,Fanatics Collect,auction,FALSE,,28472618,,https://www.fanaticscollect.com/weekly/06d5dc80-d095-11f0-9849-06fe295d1207,PSA APR
Neo Destiny,Shining Tyranitar,113/105,Unlimited,PSA 10,2025-11-29,4558.00,USD,eBay,unknown,FALSE,,,2002 Pokemon Neo Destiny Shining Tyranitar Holo #113/105 PSA 10,https://www.ebay.es/itm/127520495652,PriceCharting
Neo Destiny,Shining Tyranitar,113/105,Unlimited,PSA 10,2025-11-13,4494.00,USD,eBay,unknown,FALSE,,,2002 Pokemon Neo Destiny Shining Tyranitar Holo #113/105 PSA 10,https://www.ebay.es/itm/127476705794,PriceCharting
Neo Destiny,Shining Tyranitar,113/105,Unlimited,PSA 10,2025-10-27,6000.00,USD,eBay,unknown,FALSE,,,Pokemon Shining Tyranitar Neo Destiny Unlimited Holo Secret Rare #113 PSA 10,https://www.ebay.es/itm/286829144994,PriceCharting
Neo Destiny,Shining Tyranitar,113/105,Unlimited,PSA 10,2025-10-26,5250.00,USD,eBay,unknown,FALSE,,,Pokemon Shining Tyranitar Neo Destiny Unlimited Holo Secret Rare #113 PSA 10,https://www.ebay.es/itm/286882955686,PriceCharting
Neo Destiny,Shining Tyranitar,113/105,Unlimited,PSA 10,2025-10-19,4026,USD,Goldin Auctions,auction,FALSE,,27967089,,https://goldin.co/item/2002-pokemon-neo-destiny-113-shining-tyranitar-psa-gem-mt-10cwf0r,PSA APR
Neo Destiny,Shining Tyranitar,113/105,Unlimited,PSA 10,2025-10-13,4400.00,USD,eBay,unknown,FALSE,,,Pokemon Shining Tyranitar Neo Destiny Unlimited Holo Secret Rare #113 PSA 10,https://www.ebay.es/itm/286852053447,PriceCharting
Neo Destiny,Shining Tyranitar,113/105,Unlimited,PSA 10,2025-10-06,4440,USD,Fanatics Collect,auction,FALSE,,41160267,,https://www.fanaticscollect.com/weekly/bdfe8640-8dac-11f0-b5ad-0a38d4bbb97b,PSA APR
Neo Destiny,Shining Tyranitar,113/105,Unlimited,PSA 10,2025-10-05,4301.92,USD,eBay,auction,FALSE,,28558771,,https://www.ebay.com/itm/286838231019,PSA APR
Neo Destiny,Shining Tyranitar,113/105,Unlimited,PSA 10,2025-09-10,5100.00,USD,eBay,unknown,FALSE,,,2002 Pokemon Neo Destiny #113 Shining Tyranitar PSA 10 GEM MINT,https://www.ebay.es/itm/388918838672,PriceCharting
Neo Destiny,Shining Tyranitar,113/105,Unlimited,PSA 10,2025-08-11,3720,USD,Fanatics Collect,auction,FALSE,,54441928,,https://www.fanaticscollect.com/weekly/5c826d34-684d-11f0-9cce-0ac1d25526f1,PSA APR
Neo Destiny,Shining Tyranitar,113/105,Unlimited,PSA 10,2025-06-23,3850,USD,Fanatics Collect,best offer,TRUE,,42531945,,https://www.fanaticscollect.com/fixed/6f1ba1c2-4c5a-11f0-8569-021a606b17ed,PSA APR
Neo Destiny,Shining Tyranitar,113/105,Unlimited,PSA 10,2025-05-26,3120,USD,Fanatics Collect,auction,FALSE,,42531945,,https://www.fanaticscollect.com/weekly/39dd1bc2-303e-11f0-8888-067b450cb473,PSA APR
Neo Destiny,Shining Tyranitar,113/105,Unlimited,PSA 10,2025-04-18,2399.99,USD,eBay,unknown,FALSE,,,Pokemon 2002 PSA 10 GEM MINT Shining Tyranitar Neo Destiny 113 Card 113/105,https://www.ebay.es/itm/256072823686,PriceCharting
Neo Destiny,Shining Tyranitar,113/105,Unlimited,PSA 10,2025-03-30,2079.29,USD,eBay,unknown,FALSE,,,Pokemon 2002 PSA 10 GEM MINT Shining Tyranitar Neo Destiny 113 Card 113/105,https://www.ebay.es/itm/297161650017,PriceCharting
Neo Destiny,Shining Tyranitar,113/105,Unlimited,PSA 10,2025-02-24,2199.99,USD,eBay,unknown,FALSE,,,2002 Pokemon Neo Destiny Unlimited #113 Shining Tyranitar Secret PSA 10 Gem Mint #113,https://www.ebay.es/itm/256792877348,PriceCharting
Neo Destiny,Shining Tyranitar,113/105,Unlimited,PSA 10,2025-02-23,1926,USD,eBay,auction,FALSE,,101358843,,https://www.ebay.com/itm/306113064272,PSA APR
Neo Destiny,Shining Tyranitar,113/105,Unlimited,PSA 10,2025-02-18,1625,USD,eBay,auction,FALSE,,41430005,,https://www.ebay.com/itm/375986765432,PSA APR
Neo Destiny,Shining Tyranitar,113/105,Unlimited,PSA 10,2025-02-17,1625,USD,eBay,auction,FALSE,,47993839,,https://www.ebay.com/itm/286308403823,PSA APR
Neo Destiny,Shining Tyranitar,113/105,Unlimited,PSA 10,2025-02-10,2010,USD,Fanatics Collect,auction,FALSE,,54441928,,https://www.fanaticscollect.com/weekly/3f33f5f4-deb9-11ef-bda7-0215dd464799,PSA APR
Neo Destiny,Shining Tyranitar,113/105,Unlimited,PSA 10,2025-01-24,1927,USD,eBay,auction,FALSE,,41430005,,https://www.ebay.com/itm/387831337181,PSA APR
Neo Destiny,Shining Tyranitar,113/105,Unlimited,PSA 10,2025-01-06,1710,USD,Fanatics Collect,auction,FALSE,,86339175,,https://www.fanaticscollect.com/weekly/7bd76378-b73c-11ef-8463-0283542e0aa7,PSA APR
Neo Destiny,Shining Tyranitar,113/105,Unlimited,PSA 10,2024-10-21,1125,USD,eBay,auction,FALSE,,89019662,,https://www.ebay.com/itm/405278093318,PSA APR
Neo Destiny,Shining Tyranitar,113/105,Unlimited,PSA 10,2024-09-07,1181,USD,eBay,auction,FALSE,,51203786,,https://www.ebay.com/itm/256621919312,PSA APR
Neo Destiny,Shining Tyranitar,113/105,Unlimited,PSA 10,2024-08-23,1212,USD,eBay,auction,FALSE,,27505553,,https://www.ebay.com/itm/387298786835,PSA APR
Neo Destiny,Shining Tyranitar,113/105,Unlimited,PSA 10,2024-06-18,1275,USD,eBay,auction,FALSE,,41776960,,https://www.ebay.com/itm/364940560971,PSA APR
Neo Destiny,Shining Tyranitar,113/105,Unlimited,PSA 10,2024-06-09,97.96,USD,eBay,auction,FALSE,,67623927,,https://www.ebay.com/itm/126509668828,PSA APR
Neo Destiny,Shining Tyranitar,113/105,Unlimited,PSA 10,2024-06-09,91.59,USD,eBay,auction,FALSE,,67623927,,https://www.ebay.com/itm/126509668852,PSA APR
Neo Destiny,Shining Tyranitar,113/105,Unlimited,PSA 10,2024-06-09,131.03,USD,eBay,auction,FALSE,,67623927,,https://www.ebay.com/itm/126509668848,PSA APR
Neo Destiny,Shining Tyranitar,113/105,Unlimited,PSA 10,2024-06-09,124.67,USD,eBay,auction,FALSE,,67623927,,https://www.ebay.com/itm/126509668821,PSA APR
Neo Destiny,Shining Tyranitar,113/105,Unlimited,PSA 10,2024-06-09,87.78,USD,eBay,auction,FALSE,,67623927,,https://www.ebay.com/itm/126509668858,PSA APR
Neo Destiny,Shining Tyranitar,113/105,Unlimited,PSA 10,2024-06-05,1225,USD,eBay,auction,FALSE,,25251724,,https://www.ebay.com/itm/116199284498,PSA APR
Neo Destiny,Shining Tyranitar,113/105,Unlimited,PSA 10,2024-06-04,7,USD,eBay,auction,FALSE,,67623927,,https://www.ebay.com/itm/126509668834,PSA APR
Neo Destiny,Shining Tyranitar,113/105,Unlimited,PSA 10,2024-04-21,1155,USD,eBay,auction,FALSE,,75786898,,https://www.ebay.com/itm/285811060039,PSA APR
Neo Destiny,Shining Tyranitar,113/105,Unlimited,PSA 10,2024-04-04,1300,USD,eBay,auction,FALSE,,88696032,,https://www.ebay.com/itm/186365211568,PSA APR
Neo Destiny,Shining Tyranitar,113/105,Unlimited,PSA 10,2024-01-29,1224,USD,eBay,auction,FALSE,,81600450,,https://www.ebay.com/itm/404750804451,PSA APR
Neo Destiny,Shining Tyranitar,113/105,Unlimited,PSA 9,2026-09-28,2900.00,USD,eBay,unknown,FALSE,,,2002 POKEMON NEO DESTINY #113 SHINING TYRANITAR PSA 9 #113,https://www.ebay.es/itm/117425920880,PriceCharting
Neo Destiny,Shining Tyranitar,113/105,Unlimited,PSA 9,2026-09-27,2400.00,USD,eBay,best offer,TRUE,2400.00,,Pokemon 2002 Neo Destiny Shining Tyranitar 113/105 Holo Secret Rare PSA 9 113/105,https://www.ebay.es/itm/366669198515,PriceCharting
Neo Destiny,Shining Tyranitar,113/105,Unlimited,PSA 9,2026-09-22,2400.00,USD,eBay,best offer,TRUE,2400.00,,The Pokémon Company Shining Tyranitar 113/105 Neo Destiny Holo Unlimited PSA 9 113/105,https://www.ebay.es/itm/407199823457,PriceCharting
Neo Destiny,Shining Tyranitar,113/105,Unlimited,PSA 9,2026-08-31,2999.99,USD,eBay,unknown,FALSE,,,PSA 9 Shining Tyranitar 113/105 Neo Destiny Holo Secret Rare Unlimited Pokemon 113/105,https://www.ebay.es/itm/287490678467,PriceCharting
Neo Destiny,Shining Tyranitar,113/105,Unlimited,PSA 9,2026-08-29,2500.00,USD,eBay,unknown,FALSE,,,2002 Pokemon Neo Destiny Shining Tyranitar 113 PSA 9 Vintage #113,https://www.ebay.es/itm/178442235425,PriceCharting
Neo Destiny,Shining Tyranitar,113/105,Unlimited,PSA 9,2026-08-11,2500.00,USD,eBay,unknown,FALSE,,,2002 POKEMON NEO DESTINY #113 SHINING TYRANITAR PSA 9 #113,https://www.ebay.es/itm/298554572911,PriceCharting
Neo Destiny,Shining Tyranitar,113/105,Unlimited,PSA 9,2026-08-05,2550.00,USD,eBay,best offer,TRUE,2550.00,,2002 POKEMON NEO DESTINY #113 SHINING TYRANITAR PSA 9 #113,https://www.ebay.es/itm/117320281406,PriceCharting
Neo Destiny,Shining Tyranitar,113/105,Unlimited,PSA 9,2026-08-03,2300.00,USD,eBay,best offer,TRUE,2300.00,,2002 POKEMON NEO DESTINY #113 SHINING TYRANITAR PSA 9 #113,https://www.ebay.es/itm/307094527664,PriceCharting
Neo Destiny,Shining Tyranitar,113/105,Unlimited,PSA 9,2026-07-24,2699.00,USD,eBay,unknown,FALSE,,,2002 POKEMON NEO DESTINY #113 SHINING TYRANITAR PSA 9 #113,https://www.ebay.es/itm/307081246517,PriceCharting
Neo Destiny,Shining Tyranitar,113/105,Unlimited,PSA 9,2026-07-23,2500.00,USD,eBay,best offer,TRUE,,,2002 POKEMON NEO DESTINY #113 SHINING TYRANITAR PSA 9 #113,https://www.ebay.es/itm/306959555045,PriceCharting
Neo Destiny,Shining Tyranitar,113/105,Unlimited,PSA 9,2026-07-02,2500.00,USD,eBay,unknown,FALSE,,,2002 POKEMON NEO DESTINY #113 SHINING TYRANITAR PSA 9 #113,https://www.ebay.es/itm/117266383441,PriceCharting
Neo Destiny,Shining Tyranitar,113/105,Unlimited,PSA 9,2026-06-29,2350.00,USD,eBay,unknown,FALSE,,,2002 POKEMON NEO DESTINY #113 SHINING TYRANITAR PSA 9 #113,https://www.ebay.es/itm/298432565853,PriceCharting
Neo Destiny,Shining Tyranitar,113/105,Unlimited,PSA 9,2026-06-20,2500.00,USD,eBay,unknown,FALSE,,,2002 POKEMON NEO DESTINY #113 SHINING TYRANITAR PSA 9 #113,https://www.ebay.es/itm/278102619051,PriceCharting
Neo Destiny,Shining Tyranitar,113/105,Unlimited,PSA 9,2026-06-18,2013.00,USD,eBay,unknown,FALSE,,,2002 POKEMON SHINING TYRANITAR NEO DESTINY #113 PSA 9 #113,https://www.ebay.es/itm/800158019283,PriceCharting
Neo Destiny,Shining Tyranitar,113/105,Unlimited,PSA 9,2026-06-06,2476.52,USD,eBay,unknown,FALSE,,,2002 POKEMON NEO DESTINY SHINING TYRANITAR PSA 9 MINT #113/105 - New Cert,https://www.ebay.es/itm/227317459984,PriceCharting
Neo Destiny,Shining Tyranitar,113/105,Unlimited,PSA 9,2026-06-06,2700.00,USD,eBay,unknown,FALSE,,,2002 POKEMON NEO DESTINY #113 SHINING TYRANITAR PSA 9 #113,https://www.ebay.es/itm/117230819092,PriceCharting
Neo Destiny,Shining Tyranitar,113/105,Unlimited,PSA 9,2026-06-06,2551.01,USD,eBay,unknown,FALSE,,,2002 POKEMON NEO DESTINY #113 SHINING TYRANITAR PSA 9 #113,https://www.ebay.es/itm/117218956600,PriceCharting
Neo Destiny,Shining Tyranitar,113/105,Unlimited,PSA 9,2026-06-01,2499.99,USD,eBay,unknown,FALSE,,,Shining Tyranitar Neo Destiny Secret Rare 113/105 2002 Pokemon TCG PSA 9 113/105,https://www.ebay.es/itm/227341617403,PriceCharting
Neo Destiny,Shining Tyranitar,113/105,Unlimited,PSA 9,2026-05-25,2700.00,USD,eBay,unknown,FALSE,,,2002 POKEMON NEO DESTINY #113 SHINING TYRANITAR PSA 9 #113,https://www.ebay.es/itm/306943590014,PriceCharting
Neo Destiny,Shining Tyranitar,113/105,Unlimited,PSA 9,2026-05-23,2601.51,USD,eBay,unknown,FALSE,,,2002 POKEMON NEO DESTINY #113 SHINING TYRANITAR PSA 9 #113,https://www.ebay.es/itm/117195484542,PriceCharting
Neo Destiny,Shining Tyranitar,113/105,Unlimited,PSA 9,2026-05-22,2550.00,USD,eBay,unknown,FALSE,,,2002 POKEMON NEO DESTINY #113 SHINING TYRANITAR PSA 9 #113,https://www.ebay.es/itm/117198682177,PriceCharting
Neo Destiny,Shining Tyranitar,113/105,Unlimited,PSA 9,2026-05-04,2325.00,USD,eBay,unknown,FALSE,,,Pokemon Shining Tyranitar Neo Destiny Unlimited Holo Secret Rare #113 PSA 9 Mint,https://www.ebay.es/itm/287290031906,PriceCharting
Neo Destiny,Shining Tyranitar,113/105,Unlimited,PSA 9,2026-05-03,2226.01,USD,eBay,unknown,FALSE,,,2002 POKEMON NEO DESTINY #113 SHINING TYRANITAR PSA 9 MINT #113,https://www.ebay.es/itm/327125295017,PriceCharting
Neo Destiny,Shining Tyranitar,113/105,Unlimited,PSA 9,2026-05-03,2025.00,USD,eBay,unknown,FALSE,,,Shining Tyranitar Pokemon Card PSA 9 Mint 2002 Neo Destiny 113 Vintage Holo Foil,https://www.ebay.es/itm/389929194909,PriceCharting
Neo Destiny,Shining Tyranitar,113/105,Unlimited,PSA 9,2026-05-02,2400.00,USD,eBay,best offer,TRUE,,,2002 POKEMON NEO DESTINY SHINING TYRANITAR PSA 9 MINT #113/105 #113,https://www.ebay.es/itm/236787120312,PriceCharting
Neo Destiny,Shining Tyranitar,113/105,Unlimited,PSA 8,2026-09-24,1979.00,USD,eBay,unknown,FALSE,,,2002 POKEMON NEO DESTINY #113 SHINING TYRANITAR PSA 8 #113,https://www.ebay.es/itm/117428155085,PriceCharting
Neo Destiny,Shining Tyranitar,113/105,Unlimited,PSA 8,2026-09-18,1925.00,USD,eBay,unknown,FALSE,,,2002 POKEMON NEO DESTINY #113 SHINING TYRANITAR PSA 8 #113,https://www.ebay.es/itm/398393910133,PriceCharting
Neo Destiny,Shining Tyranitar,113/105,Unlimited,PSA 8,2026-09-18,1975.00,USD,eBay,unknown,FALSE,,,2002 POKEMON NEO DESTINY #113 SHINING TYRANITAR PSA 8 #113,https://www.ebay.es/itm/307171371756,PriceCharting
Neo Destiny,Shining Tyranitar,113/105,Unlimited,PSA 8,2026-09-09,2150.00,USD,eBay,unknown,FALSE,,,2002 Pokemon Neo Destiny #113 Shining Tyranitar PSA 8 NM-MT #113,https://www.ebay.es/itm/287526643864,PriceCharting
Neo Destiny,Shining Tyranitar,113/105,Unlimited,PSA 8,2026-09-09,2110.00,USD,eBay,unknown,FALSE,,,2002 Pokemon Neo Destiny #113 Shining Tyranitar PSA 8 NM-MT Fresh Grade FreeShip #113,https://www.ebay.es/itm/147550790059,PriceCharting
Neo Destiny,Shining Tyranitar,113/105,Unlimited,PSA 8,2026-09-04,2100.00,USD,eBay,unknown,FALSE,,,2002 Pokemon Neo Destiny #113 Shining Tyranitar PSA 8 NM-MT Fresh Grade #113,https://www.ebay.es/itm/147507239249,PriceCharting
Neo Destiny,Shining Tyranitar,113/105,Unlimited,PSA 8,2026-08-28,1750.00,USD,eBay,best offer,TRUE,1750.00,,2002 POKEMON NEO DESTINY #113 SHINING TYRANITAR PSA 8 #113,https://www.ebay.es/itm/117375866641,PriceCharting
Neo Destiny,Shining Tyranitar,113/105,Unlimited,PSA 8,2026-08-13,1675.00,USD,eBay,unknown,FALSE,,,2002 Pokemon Neo Destiny #113 Shining Tyranitar PSA 8 NM-MT,https://www.ebay.es/itm/366588987956,PriceCharting
Neo Destiny,Shining Tyranitar,113/105,Unlimited,PSA 8,2026-08-11,1500.00,USD,eBay,unknown,FALSE,,,2002 POKEMON NEO DESTINY #113 SHINING TYRANITAR PSA 8 #113,https://www.ebay.es/itm/236984816809,PriceCharting
Neo Destiny,Shining Tyranitar,113/105,Unlimited,PSA 8,2026-08-06,1675.00,USD,eBay,unknown,FALSE,,,2002 Pokemon Neo Destiny #113 Shining Tyranitar PSA 8 NM-MT,https://www.ebay.es/itm/800428915507,PriceCharting
Neo Destiny,Shining Tyranitar,113/105,Unlimited,PSA 8,2026-08-05,1805.00,USD,eBay,unknown,FALSE,,,2002 Pokemon Neo Destiny #113 Shining Tyranitar PSA 8 NM-MT,https://www.ebay.es/itm/377377088045,PriceCharting
Neo Destiny,Shining Tyranitar,113/105,Unlimited,PSA 8,2026-07-22,1683.00,USD,eBay,unknown,FALSE,,,2002 POKEMON NEO DESTINY #113 SHINING TYRANITAR PSA 8 #113,https://www.ebay.es/itm/298500736617,PriceCharting
Neo Destiny,Shining Tyranitar,113/105,Unlimited,PSA 8,2026-07-21,1775.00,USD,eBay,unknown,FALSE,,,PSA 8 NM Shining Tyranitar Neo Destiny 113/105 Pokemon Card Holographic #113,https://www.ebay.es/itm/298505296172,PriceCharting
Neo Destiny,Shining Tyranitar,113/105,Unlimited,PSA 8,2026-07-19,1926.00,USD,eBay,unknown,FALSE,,,2002 Pokemon Neo Destiny Shining Tyranitar Holo #113/105 PSA 8,https://www.ebay.es/itm/127972492042,PriceCharting
Neo Destiny,Shining Tyranitar,113/105,Unlimited,PSA 8,2026-07-17,1855.00,USD,eBay,best offer,TRUE,1855.00,,2002 POKEMON NEO DESTINY #113 SHINING TYRANITAR PSA 8 #113,https://www.ebay.es/itm/377336550222,PriceCharting
Neo Destiny,Shining Tyranitar,113/105,Unlimited,PSA 8,2026-07-14,2000.00,USD,eBay,unknown,FALSE,,,2002 Pokemon Neo Destiny #113 Shining Tyranitar PSA 8 NM-MT 113/105,https://www.ebay.es/itm/358515356739,PriceCharting
Neo Destiny,Shining Tyranitar,113/105,Unlimited,PSA 8,2026-07-13,1999.69,USD,eBay,unknown,FALSE,,,2002 POKEMON NEO DESTINY #113 SHINING TYRANITAR PSA 8 #113,https://www.ebay.es/itm/307036879053,PriceCharting
Neo Destiny,Shining Tyranitar,113/105,Unlimited,PSA 8,2026-07-13,2000.00,USD,eBay,unknown,FALSE,,,2002 POKEMON NEO DESTINY #113 SHINING TYRANITAR PSA 8 #6,https://www.ebay.es/itm/336665817100,PriceCharting
Neo Destiny,Shining Tyranitar,113/105,Unlimited,PSA 8,2026-07-06,1750.00,USD,eBay,unknown,FALSE,,,2002 POKEMON NEO DESTINY #113 SHINING TYRANITAR PSA 8 #113,https://www.ebay.es/itm/307029481557,PriceCharting
Neo Destiny,Shining Tyranitar,113/105,Unlimited,PSA 8,2026-06-30,1895.00,USD,eBay,unknown,FALSE,,,2002 Pokemon Neo Destiny #113 Shining Tyranitar PSA 8 NM-MT,https://www.ebay.es/itm/800226251132,PriceCharting
Neo Destiny,Shining Tyranitar,113/105,Unlimited,PSA 8,2026-06-30,1900.00,USD,eBay,unknown,FALSE,,,2002 POKEMON NEO DESTINY #113 SHINING TYRANITAR PSA 8 #113,https://www.ebay.es/itm/117266737300,PriceCharting
Neo Destiny,Shining Tyranitar,113/105,Unlimited,PSA 8,2026-06-20,1788.89,USD,eBay,best offer,TRUE,1790.63,,Shining Tyranitar 113/105 PSA 8 Neo Destiny Unlimited Pokemon 113/105,https://www.ebay.es/itm/168475382712,PriceCharting
Neo Destiny,Shining Tyranitar,113/105,Unlimited,PSA 8,2026-06-15,1700.00,USD,eBay,unknown,FALSE,,,2002 POKEMON NEO DESTINY #113 SHINING TYRANITAR PSA 8 #113,https://www.ebay.es/itm/117232337440,PriceCharting
