set,card_name,card_number,edition,grade,sale_date,price,currency,venue,sale_type,best_offer,accepted_price,cert_number,listing_title,listing_url,source
Team Rocket,Dark Arbok,2/82,1st Edition,PSA 10,2026-09-28,3500,USD,eBay,best offer,TRUE,,26066854,,https://www.ebay.com/itm/137195288923,PSA APR
Team Rocket,Dark Arbok,2/82,1st Edition,PSA 10,2026-09-24,3200,USD,eBay,best offer,TRUE,,51989434,,https://www.ebay.com/itm/307012667325,PSA APR
Team Rocket,Dark Arbok,2/82,1st Edition,PSA 10,2026-09-24,2999.99,USD,eBay,BIN,FALSE,,43626431,,https://www.ebay.com/itm/117259760424,PSA APR
Team Rocket,Dark Arbok,2/82,1st Edition,PSA 10,2026-09-23,2351,USD,eBay,BIN,FALSE,,27134825,,https://www.ebay.com/itm/117346248811,PSA APR
Team Rocket,Dark Arbok,2/82,1st Edition,PSA 10,2026-09-22,2000,USD,eBay,best offer,TRUE,,57345639,,https://www.ebay.com/itm/158170528541,PSA APR
Team Rocket,Dark Arbok,2/82,1st Edition,PSA 10,2026-09-14,1320,USD,Fanatics Collect,auction,FALSE,,44374359,,https://www.fanaticscollect.com/weekly/7c323c2c-a86b-11f1-91c5-06d19b0b9c59,PSA APR
Team Rocket,Dark Arbok,2/82,1st Edition,PSA 10,2026-09-10,1495,USD,Goldin Auctions,auction,FALSE,,17288024,,https://goldin.co/item/2000-pokemon-team-rocket-1st-edition-holo-2-dark-arbok-psa-gem-mt-10mawa6,PSA APR
Team Rocket,Dark Arbok,2/82,1st Edition,PSA 10,2026-09-07,1620,USD,Fanatics Collect,auction,FALSE,,76812124,,https://www.fanaticscollect.com/weekly/4c1c8e50-a656-11f1-9de8-02ffed696773,PSA APR
Team Rocket,Dark Arbok,2/82,1st Edition,PSA 10,2026-08-03,1530,USD,Fanatics Collect,auction,FALSE,,26449874,,https://www.fanaticscollect.com/weekly/8aa55d8a-87c2-11f1-b340-0ade7346ae31,PSA APR
Team Rocket,Dark Arbok,2/82,1st Edition,PSA 10,2026-07-20,1110,USD,Fanatics Collect,auction,FALSE,,28534906,,https://www.fanaticscollect.com/weekly/164ed898-6f68-11f1-84c3-0a58a9feac02,PSA APR
Team Rocket,Dark Arbok,2/82,1st Edition,PSA 10,2026-07-13,2032,USD,eBay,auction,FALSE,,150047108,,https://www.ebay.com/itm/117282200102,PSA APR
Team Rocket,Dark Arbok,2/82,1st Edition,PSA 10,2026-05-14,1438,USD,Heritage Auctions,auction,FALSE,,41958012,,https://comics.ha.com/itm/memorabilia/trading-cards/pokemon-dark-arbok-2-1st-edition-team-rocket-psa-trading-card-game-gem-mint-10-wizards-of-the-coast-2000-rare-holo/a/43246-78077.s,PSA APR
Team Rocket,Dark Arbok,2/82,1st Edition,PSA 10,2026-05-12,1499,USD,eBay,best offer,TRUE,,51989434,,https://www.ebay.com/itm/298298389967,PSA APR
Team Rocket,Dark Arbok,2/82,1st Edition,PSA 10,2026-05-10,1300,USD,Fanatics Collect,best offer,TRUE,,76507905,,https://www.fanaticscollect.com/buy-now/635be36a-ec56-49b6-b1da-ea427a033159,PSA APR
Team Rocket,Dark Arbok,2/82,1st Edition,PSA 10,2026-05-04,1257,USD,Goldin Auctions,auction,FALSE,,45850916,,https://goldin.co/item/2000-pokemon-team-rocket-1st-edition-holo-2-dark-arbok-psa-gem-mt-1054dgn,PSA APR
Team Rocket,Dark Arbok,2/82,1st Edition,PSA 10,2026-04-29,1200,USD,eBay,BIN,FALSE,,18447134,,https://www.ebay.com/itm/377148854214,PSA APR
Team Rocket,Dark Arbok,2/82,1st Edition,PSA 10,2026-04-09,1330,USD,eBay,auction,FALSE,,41337080,,https://www.ebay.com/itm/377080050424,PSA APR
Team Rocket,Dark Arbok,2/82,1st Edition,PSA 10,2026-03-27,1576.09,USD,eBay,auction,FALSE,,26899738,,https://www.ebay.com/itm/306832256005,PSA APR
Team Rocket,Dark Arbok,2/82,1st Edition,PSA 10,2026-03-25,2050,USD,eBay,auction,FALSE,,18676115,,https://www.ebay.com/itm/306825413852,PSA APR
Team Rocket,Dark Arbok,2/82,1st Edition,PSA 10,2026-03-22,2076.66,USD,eBay,auction,FALSE,,27239095,,https://www.ebay.com/itm/206136288733,PSA APR
Team Rocket,Dark Arbok,2/82,1st Edition,PSA 10,2026-03-20,3000,USD,eBay,best offer,TRUE,,62222044,,https://www.ebay.com/itm/306832909836,PSA APR
Team Rocket,Dark Arbok,2/82,1st Edition,PSA 10,2026-03-20,1250,USD,eBay,best offer,TRUE,,27134825,,https://www.ebay.com/itm/298144262735,PSA APR
Team Rocket,Dark Arbok,2/82,1st Edition,PSA 10,2026-02-12,1295,USD,Fanatics Collect,BIN,FALSE,,48508289,,https://www.fanaticscollect.com/buy-now/16061b23-aeb2-4690-ad0c-6d102e85f98f,PSA APR
Team Rocket,Dark Arbok,2/82,1st Edition,PSA 10,2026-01-12,880,USD,eBay,best offer,TRUE,,49138806,,https://www.ebay.com/itm/358109407828,PSA APR
Team Rocket,Dark Arbok,2/82,1st Edition,PSA 10,2026-01-05,805.49,USD,eBay,BIN,FALSE,,40741300,,https://www.ebay.com/itm/136914182366,PSA APR
Team Rocket,Dark Arbok,2/82,1st Edition,PSA 10,2025-11-13,749.95,USD,eBay,BIN,FALSE,,27493768,,https://www.ebay.com/itm/389204071562,PSA APR
Team Rocket,Dark Arbok,2/82,1st Edition,PSA 10,2025-11-02,750,USD,eBay,best offer,TRUE,,40944150,,https://www.ebay.com/itm/306574105937,PSA APR
Team Rocket,Dark Arbok,2/82,1st Edition,PSA 10,2025-09-22,725,USD,eBay,best offer,TRUE,,43081974,,https://www.ebay.com/itm/336190474333,PSA APR
Team Rocket,Dark Arbok,2/82,1st Edition,PSA 10,2025-09-12,775,USD,eBay,best offer,TRUE,,45850916,,https://www.ebay.com/itm/257096723552,PSA APR
Team Rocket,Dark Arbok,2/82,1st Edition,PSA 10,2025-08-26,475,USD,eBay,best offer,TRUE,,43733918,,https://www.ebay.com/itm/375951619552,PSA APR
Team Rocket,Dark Arbok,2/82,1st Edition,PSA 10,2025-08-12,520,USD,eBay,auction,FALSE,,25649651,,https://www.ebay.com/itm/388796093525,PSA APR
Team Rocket,Dark Arbok,2/82,1st Edition,PSA 10,2025-06-22,550,USD,eBay,best offer,TRUE,,78257322,,https://www.ebay.com/itm/317022541538,PSA APR
Team Rocket,Dark Arbok,2/82,1st Edition,PSA 10,2025-06-07,499,USD,eBay,auction,FALSE,,114301692,,https://www.ebay.com/itm/297358045559,PSA APR
Team Rocket,Dark Arbok,2/82,1st Edition,PSA 10,2025-04-27,505.84,USD,eBay,best offer,TRUE,,62433337,,https://www.ebay.com/itm/316186160134,PSA APR
Team Rocket,Dark Arbok,2/82,1st Edition,PSA 10,2025-03-17,505.85,USD,eBay,BIN,FALSE,,27964770,,https://www.ebay.com/itm/156798366545,PSA APR
Team Rocket,Dark Arbok,2/82,1st Edition,PSA 10,2025-03-06,635,USD,eBay,auction,FALSE,,102335642,,https://www.ebay.com/itm/297059040480,PSA APR
Team Rocket,Dark Arbok,2/82,1st Edition,PSA 10,2025-02-26,600,USD,eBay,BIN,FALSE,,87502281,,https://www.ebay.com/itm/205306232234,PSA APR
Team Rocket,Dark Arbok,2/82,1st Edition,PSA 10,2025-02-23,520,USD,eBay,auction,FALSE,,27311710,,https://www.ebay.com/itm/226602356216,PSA APR
Team Rocket,Dark Arbok,2/82,1st Edition,PSA 10,2025-02-14,432.58,USD,eBay,best offer,TRUE,,80187482,,https://www.ebay.com/itm/396205508646,PSA APR
Team Rocket,Dark Arbok,2/82,1st Edition,PSA 10,2025-01-13,399.52,USD,eBay,auction,FALSE,,23077472,,https://www.ebay.com/itm/156615714465,PSA APR
Team Rocket,Dark Arbok,2/82,1st Edition,PSA 10,2025-01-11,376.99,USD,eBay,best offer,TRUE,,43081974,,https://www.ebay.com/itm/196389943993,PSA APR
Team Rocket,Dark Arbok,2/82,1st Edition,PSA 10,2025-01-02,450,USD,eBay,best offer,TRUE,,22326349,,https://www.ebay.com/itm/125282649916,PSA APR
Team Rocket,Dark Arbok,2/82,1st Edition,PSA 10,2024-12-26,395,USD,eBay,auction,FALSE,,48218550,,https://www.ebay.com/itm/305981436123,PSA APR
Team Rocket,Dark Arbok,2/82,1st Edition,PSA 10,2024-10-18,339,USD,eBay,auction,FALSE,,17980468,,https://www.ebay.com/itm/365175540199,PSA APR
Team Rocket,Dark Arbok,2/82,1st Edition,PSA 10,2024-09-18,10.5,USD,eBay,auction,FALSE,,22144362,,https://www.ebay.com/itm/387379134077,PSA APR
Team Rocket,Dark Arbok,2/82,1st Edition,PSA 10,2024-09-10,9.99,USD,eBay,auction,FALSE,,22144362,,https://www.ebay.com/itm/387352842670,PSA APR
Team Rocket,Dark Arbok,2/82,1st Edition,PSA 10,2023-12-17,305,USD,eBay,auction,FALSE,,53806688,,https://www.ebay.com/itm/285591776449,PSA APR
Team Rocket,Dark Blastoise,3/82,1st Edition,PSA 10,2026-09-26,30000,USD,eBay,BIN,FALSE,,78234347,,https://www.ebay.com/itm/307200379517,PSA APR
Team Rocket,Dark Blastoise,3/82,1st Edition,PSA 10,2026-09-15,15000,USD,Fanatics Collect,best offer,TRUE,,42628073,,https://www.fanaticscollect.com/buy-now/beb028bb-0b24-49b6-ad21-3a6a2df95e0f,PSA APR
Team Rocket,Dark Blastoise,3/82,1st Edition,PSA 10,2026-09-14,15000,USD,Fanatics Collect,auction,FALSE,,49567095,,https://www.fanaticscollect.com/weekly/7c37f90a-a86b-11f1-900f-06d19b0b9c59,PSA APR
Team Rocket,Dark Blastoise,3/82,1st Edition,PSA 10,2026-09-14,16200,USD,Fanatics Collect,auction,FALSE,,63142111,,https://www.fanaticscollect.com/weekly/c9a3bcfc-a707-11f1-aeab-06fa38fca3cf,PSA APR
Team Rocket,Dark Blastoise,3/82,1st Edition,PSA 10,2026-08-04,9455,USD,Goldin Auctions,auction,FALSE,,46923655,,https://goldin.co/item/2000-pokemon-team-rocket-1st-edition-holo-3-dark-blastoise-psa-gem-mtvsb9r,PSA APR
Team Rocket,Dark Blastoise,3/82,1st Edition,PSA 10,2026-06-19,15000,USD,Fanatics Collect,auction,FALSE,,60897634,,https://www.fanaticscollect.com/premier/e933445a-5619-11f1-a4b7-06f7418cc633,PSA APR
Team Rocket,Dark Blastoise,3/82,1st Edition,PSA 10,2026-06-16,28.87,USD,eBay,best offer,TRUE,,27745194,,https://www.ebay.com/itm/398051443789,PSA APR
Team Rocket,Dark Blastoise,3/82,1st Edition,PSA 10,2026-05-14,11250,USD,Heritage Auctions,auction,FALSE,,40849837,,https://comics.ha.com/itm/memorabilia/trading-cards/pokemon-dark-blastoise-3-1st-edition-team-rocket-psa-trading-card-game-gem-mint-10-wizards-of-the-coast-2000-rare-holo/a/43246-78078.s,PSA APR
Team Rocket,Dark Blastoise,3/82,1st Edition,PSA 10,2026-05-04,13420,USD,Goldin Auctions,auction,FALSE,,25571662,,https://goldin.co/item/2000-pokemon-team-rocket-1st-edition-holo-3-dark-blastoise-psa-gem-mtwnrax,PSA APR
Team Rocket,Dark Blastoise,3/82,1st Edition,PSA 10,2025-12-03,7900,USD,Fanatics Collect,best offer,TRUE,,41275737,,https://www.fanaticscollect.com/buy-now/cfc8fb81-3d2f-472c-abdd-f17aec76dd10,PSA APR
Team Rocket,Dark Blastoise,3/82,1st Edition,PSA 10,2025-11-26,7900,USD,Fanatics Collect,best offer,TRUE,,41275737,,https://www.fanaticscollect.com/fixed/9a2f473e-7210-11f0-b6b1-0a136250e3d5,PSA APR
Team Rocket,Dark Blastoise,3/82,1st Edition,PSA 10,2025-08-11,6000,USD,Fanatics Collect,auction,FALSE,,26492160,,https://www.fanaticscollect.com/weekly/8bd14e7e-6c22-11f0-88ed-0a5394c12597,PSA APR
Team Rocket,Dark Blastoise,3/82,1st Edition,PSA 10,2025-07-28,6000,USD,Fanatics Collect,auction,FALSE,,41958017,,https://www.fanaticscollect.com/weekly/8ee508ce-60f3-11f0-8d9f-0a58a9feac02,PSA APR
Team Rocket,Dark Blastoise,3/82,1st Edition,PSA 10,2025-07-14,5300,USD,eBay,auction,FALSE,,27210425,,https://www.ebay.com/itm/286690577495,PSA APR
Team Rocket,Dark Blastoise,3/82,1st Edition,PSA 10,2025-06-02,5760,USD,Fanatics Collect,auction,FALSE,,27464397,,https://www.fanaticscollect.com/weekly/b3a991a8-34bf-11f0-85f8-061017c7d157,PSA APR
Team Rocket,Dark Blastoise,3/82,1st Edition,PSA 10,2025-05-31,5603.88,USD,eBay,best offer,TRUE,,49335776,,https://www.ebay.com/itm/267255802433,PSA APR
Team Rocket,Dark Blastoise,3/82,1st Edition,PSA 10,2025-04-14,4800,USD,Fanatics Collect,auction,FALSE,,25571662,,https://www.fanaticscollect.com/weekly/c0e0475e-0fcb-11f0-8a1f-0a4cd5a95c33,PSA APR
Team Rocket,Dark Blastoise,3/82,1st Edition,PSA 10,2025-03-31,4800,USD,Fanatics Collect,auction,FALSE,,88382130,,https://www.fanaticscollect.com/weekly/537fd742-0616-11f0-ae16-0af7df9737d1,PSA APR
Team Rocket,Dark Blastoise,3/82,1st Edition,PSA 10,2025-03-17,4786.98,USD,eBay,best offer,TRUE,,43972429,,https://www.ebay.com/itm/334720154749,PSA APR
Team Rocket,Dark Blastoise,3/82,1st Edition,PSA 10,2025-02-13,2263.65,USD,eBay,best offer,TRUE,,41576139,,https://www.ebay.com/itm/396202918321,PSA APR
Team Rocket,Dark Blastoise,3/82,1st Edition,PSA 10,2025-01-25,2375,USD,eBay,best offer,TRUE,,49746339,,https://www.ebay.com/itm/226564185644,PSA APR
Team Rocket,Dark Blastoise,3/82,1st Edition,PSA 10,2025-01-15,2799.99,USD,eBay,BIN,FALSE,,88382130,,https://www.ebay.com/itm/305969561124,PSA APR
Team Rocket,Dark Blastoise,3/82,1st Edition,PSA 10,2024-08-27,2075,USD,eBay,auction,FALSE,,93779500,,https://www.ebay.com/itm/296642980621,PSA APR
Team Rocket,Dark Blastoise,3/82,1st Edition,PSA 10,2024-05-06,1927,USD,eBay,auction,FALSE,,74100249,,https://www.ebay.com/itm/204768805303,PSA APR
Team Rocket,Dark Blastoise,3/82,1st Edition,PSA 10,2024-01-24,2213.88,USD,eBay,auction,FALSE,,46923655,,https://www.ebay.com/itm/364682763478,PSA APR
Team Rocket,Dark Blastoise,3/82,1st Edition,PSA 10,2023-10-12,2800,USD,eBay,auction,FALSE,,42280707,,https://www.ebay.com/itm/314870819325,PSA APR
Team Rocket,Dark Charizard,4/82,1st Edition,PSA 10,2026-09-22,23000,USD,eBay,best offer,TRUE,,54419509,,https://www.ebay.com/itm/117424820196,PSA APR
Team Rocket,Dark Charizard,4/82,1st Edition,PSA 10,2026-09-14,21000,USD,Fanatics Collect,auction,FALSE,,28585562,,https://www.fanaticscollect.com/weekly/c9a1dba8-a707-11f1-823b-06fa38fca3cf,PSA APR
Team Rocket,Dark Charizard,4/82,1st Edition,PSA 10,2026-09-14,24000,USD,Fanatics Collect,auction,FALSE,,44896394,,https://www.fanaticscollect.com/weekly/3e0f719c-a86d-11f1-975b-0a34cbff72f5,PSA APR
Team Rocket,Dark Charizard,4/82,1st Edition,PSA 10,2026-09-13,14000,USD,eBay,BIN,FALSE,,45897427,,https://www.ebay.com/itm/307174201699,PSA APR
Team Rocket,Dark Charizard,4/82,1st Edition,PSA 10,2026-09-09,900,USD,eBay,best offer,TRUE,,45897427,,https://www.ebay.com/itm/307170753995,PSA APR
Team Rocket,Dark Charizard,4/82,1st Edition,PSA 10,2026-08-10,14955,USD,eBay,auction,FALSE,,28940324,,https://www.ebay.com/itm/137582373474,PSA APR
Team Rocket,Dark Charizard,4/82,1st Edition,PSA 10,2026-08-10,15860,USD,Goldin Auctions,auction,FALSE,,27909059,,https://goldin.co/item/2000-pokemon-rocket-1st-edition-4-dark-charizard-holo-psa-gem-mt-10s1sq6,PSA APR
Team Rocket,Dark Charizard,4/82,1st Edition,PSA 10,2026-08-01,13600,USD,eBay,auction,FALSE,,72755933,,https://www.ebay.com/itm/178341918272,PSA APR
Team Rocket,Dark Charizard,4/82,1st Edition,PSA 10,2026-07-29,20250,USD,Fanatics Collect,best offer,TRUE,,26254998,,https://www.fanaticscollect.com/buy-now/f66c941e-29fd-4479-8cf4-aa11cc390b6f,PSA APR
Team Rocket,Dark Charizard,4/82,1st Edition,PSA 10,2026-07-13,10000,USD,eBay,best offer,TRUE,,28278791,,https://www.ebay.com/itm/377332315161,PSA APR
Team Rocket,Dark Charizard,4/82,1st Edition,PSA 10,2026-07-13,20400,USD,Fanatics Collect,auction,FALSE,,28217040,,https://www.fanaticscollect.com/weekly/0828f72c-7593-11f1-8456-0af2e974d973,PSA APR
Team Rocket,Dark Charizard,4/82,1st Edition,PSA 10,2026-07-06,19800,USD,Fanatics Collect,auction,FALSE,,19317429,,https://www.fanaticscollect.com/weekly/ebdfbef0-705d-11f1-aadd-060da55865d1,PSA APR
Team Rocket,Dark Charizard,4/82,1st Edition,PSA 10,2026-06-22,19200,USD,Fanatics Collect,auction,FALSE,,27911197,,https://www.fanaticscollect.com/weekly/7e039458-6241-11f1-b236-0a58a9feac02,PSA APR
Team Rocket,Dark Charizard,4/82,1st Edition,PSA 10,2026-06-22,16877.77,USD,eBay,auction,FALSE,,72755933,,https://www.ebay.com/itm/287395580839,PSA APR
Team Rocket,Dark Charizard,4/82,1st Edition,PSA 10,2026-06-01,20400,USD,Fanatics Collect,auction,FALSE,,42118409,,https://www.fanaticscollect.com/weekly/2640066c-4d91-11f1-bcf1-027004a3c7d9,PSA APR
Team Rocket,Dark Charizard,4/82,1st Edition,PSA 10,2026-05-20,19000,USD,Fanatics Collect,best offer,TRUE,,23365820,,https://www.fanaticscollect.com/buy-now/63d9cbc1-0bfe-46bf-8bf1-686e8f81fe12,PSA APR
Team Rocket,Dark Charizard,4/82,1st Edition,PSA 10,2026-05-14,18125,USD,Heritage Auctions,auction,FALSE,,28204149,,https://comics.ha.com/itm/memorabilia/trading-cards/pokemon-dark-charizard-4-1st-edition-team-rocket-psa-trading-card-game-gem-mint-10-wizards-of-the-coast-2000-rare-holo/a/43246-78079.s,PSA APR
Team Rocket,Dark Charizard,4/82,1st Edition,PSA 10,2026-05-04,15033,USD,Goldin Auctions,auction,FALSE,,19317429,,https://goldin.co/item/2000-pokemon-team-rocket-1st-edition-holo-4-dark-charizard-psa-gem-mtx0d4m,PSA APR
Team Rocket,Dark Charizard,4/82,1st Edition,PSA 10,2026-04-27,17400,USD,Fanatics Collect,auction,FALSE,,23365820,,https://www.fanaticscollect.com/weekly/9aee1954-352c-11f1-bf94-0a58a9feac02,PSA APR
Team Rocket,Dark Charizard,4/82,1st Edition,PSA 10,2026-04-20,17835,USD,Robert Edward Auctions,auction,FALSE,,27010278,,https://bid.collectrea.com/lots/184406,PSA APR
Team Rocket,Dark Charizard,4/82,1st Edition,PSA 10,2026-04-19,18888,USD,eBay,BIN,FALSE,,29071209,,https://www.ebay.com/itm/267634689183,PSA APR
Team Rocket,Dark Charizard,4/82,1st Edition,PSA 10,2026-03-30,21111,USD,Fanatics Collect,best offer,TRUE,,54419509,,https://www.fanaticscollect.com/buy-now/0d32c0bf-6e92-4b0e-b279-7c58cb5ca55f,PSA APR
Team Rocket,Dark Charizard,4/82,1st Edition,PSA 10,2026-02-25,21500,USD,Fanatics Collect,best offer,TRUE,,43646331,,https://www.fanaticscollect.com/buy-now/cc29b20d-4fcf-472d-82b1-09394990c983,PSA APR
Team Rocket,Dark Charizard,4/82,1st Edition,PSA 10,2026-02-23,13800,USD,Fanatics Collect,auction,FALSE,,24056594,,https://www.fanaticscollect.com/weekly/be2e855c-02f0-11f1-b71b-02bd27e8fac1,PSA APR
Team Rocket,Dark Charizard,4/82,1st Edition,PSA 10,2026-02-22,19400,USD,eBay,auction,FALSE,,41706580,,https://www.ebay.com/itm/287140622642,PSA APR
Team Rocket,Dark Charizard,4/82,1st Edition,PSA 10,2026-02-16,16000,USD,eBay,best offer,TRUE,,78808324,,https://www.ebay.com/itm/297932916355,PSA APR
Team Rocket,Dark Charizard,4/82,1st Edition,PSA 10,2026-02-13,14800,USD,eBay,auction,FALSE,,27342420,,https://www.ebay.com/itm/297998062118,PSA APR
Team Rocket,Dark Charizard,4/82,1st Edition,PSA 10,2026-02-09,18600,USD,Fanatics Collect,auction,FALSE,,83648135,,https://www.fanaticscollect.com/weekly/514861b4-f8b0-11f0-bd2d-0a967df44835,PSA APR
Team Rocket,Dark Charizard,4/82,1st Edition,PSA 10,2026-01-31,9539.25,USD,eBay,auction,FALSE,,27092083,,https://www.ebay.com/itm/168100271061,PSA APR
Team Rocket,Dark Charizard,4/82,1st Edition,PSA 10,2026-01-03,6281.25,USD,eBay,best offer,TRUE,,28371771,,https://www.ebay.com/itm/205969821232,PSA APR
Team Rocket,Dark Charizard,4/82,1st Edition,PSA 10,2026-01-03,22500,USD,eBay,best offer,TRUE,,63683345,,https://www.ebay.com/itm/116948728823,PSA APR
Team Rocket,Dark Charizard,4/82,1st Edition,PSA 10,2025-12-21,10500,USD,eBay,best offer,TRUE,,19317429,,https://www.ebay.com/itm/236455201161,PSA APR
Team Rocket,Dark Charizard,4/82,1st Edition,PSA 10,2025-12-19,8900,USD,eBay,BIN,FALSE,,52342532,,https://www.ebay.com/itm/286958391051,PSA APR
Team Rocket,Dark Charizard,4/82,1st Edition,PSA 10,2025-12-01,8100,USD,Fanatics Collect,auction,FALSE,,28765586,,https://www.fanaticscollect.com/weekly/17633ae8-c578-11f0-8ea4-0a58a9feac02,PSA APR
Team Rocket,Dark Charizard,4/82,1st Edition,PSA 10,2025-11-13,7984.6,USD,eBay,auction,FALSE,,50209410,,https://www.ebay.com/itm/205829719599,PSA APR
Team Rocket,Dark Charizard,4/82,1st Edition,PSA 10,2025-11-09,9000,USD,eBay,best offer,TRUE,,19317429,,https://www.ebay.com/itm/236073232778,PSA APR
Team Rocket,Dark Charizard,4/82,1st Edition,PSA 10,2025-10-25,8500,USD,eBay,best offer,TRUE,,49300405,,https://www.ebay.com/itm/116843832531,PSA APR
Team Rocket,Dark Charizard,4/82,1st Edition,PSA 10,2025-10-10,8500,USD,eBay,best offer,TRUE,,78655502,,https://www.ebay.com/itm/389073528754,PSA APR
Team Rocket,Dark Charizard,4/82,1st Edition,PSA 10,2025-09-22,7999,USD,eBay,best offer,TRUE,,25109263,,https://www.ebay.com/itm/384521957472,PSA APR
Team Rocket,Dark Charizard,4/82,1st Edition,PSA 10,2025-09-22,8180.88,USD,eBay,auction,FALSE,,26202008,,https://www.ebay.com/itm/286815133929,PSA APR
Team Rocket,Dark Charizard,4/82,1st Edition,PSA 10,2025-09-11,8499.99,USD,eBay,BIN,FALSE,,28986084,,https://www.ebay.com/itm/316289002711,PSA APR
Team Rocket,Dark Charizard,4/82,1st Edition,PSA 10,2025-09-10,10000,USD,Fanatics Collect,best offer,TRUE,,43238001,,https://www.fanaticscollect.com/fixed/06b00e3e-7bcb-11f0-8050-0a58a9feac02,PSA APR
Team Rocket,Dark Charizard,4/82,1st Edition,PSA 10,2025-09-08,7500,USD,eBay,BIN,FALSE,,41227365,,https://www.ebay.com/itm/167508634354,PSA APR
Team Rocket,Dark Charizard,4/82,1st Edition,PSA 10,2025-09-06,7750,USD,Fanatics Collect,best offer,TRUE,,43646331,,https://www.fanaticscollect.com/fixed/95db21e2-82de-11f0-9f5a-0afcc285279b,PSA APR
Team Rocket,Dark Charizard,4/82,1st Edition,PSA 10,2025-09-01,7000,USD,eBay,BIN,FALSE,,26471315,,https://www.ebay.com/itm/167739750377,PSA APR
Team Rocket,Dark Charizard,4/82,1st Edition,PSA 10,2025-08-08,4499.99,USD,eBay,best offer,TRUE,,50251687,,https://www.ebay.com/itm/124763974657,PSA APR
Team Rocket,Dark Charizard,4/82,1st Edition,PSA 10,2025-08-04,6250,USD,eBay,auction,FALSE,,26202008,,https://www.ebay.com/itm/286726471152,PSA APR
Team Rocket,Dark Charizard,4/82,1st Edition,PSA 10,2025-08-03,6102,USD,eBay,auction,FALSE,,43196755,,https://www.ebay.com/itm/286726471041,PSA APR
Team Rocket,Dark Charizard,4/82,1st Edition,PSA 10,2025-07-20,7500,USD,eBay,best offer,TRUE,,52342532,,https://www.ebay.com/itm/187320612495,PSA APR
Team Rocket,Dark Charizard,4/82,1st Edition,PSA 10,2025-07-06,6142.5,USD,eBay,auction,FALSE,,27013556,,https://www.ebay.com/itm/286668848887,PSA APR
Team Rocket,Dark Charizard,4/82,1st Edition,PSA 10,2025-06-26,6738.3,USD,eBay,best offer,TRUE,,51394515,,https://www.ebay.com/itm/267294419763,PSA APR
Team Rocket,Dark Charizard,4/82,1st Edition,PSA 10,2025-06-16,6900,USD,Fanatics Collect,auction,FALSE,,22913789,,https://www.fanaticscollect.com/weekly/e550c986-3db8-11f0-978c-06f215cd87b9,PSA APR
Team Rocket,Dark Charizard,4/82,1st Edition,PSA 10,2025-06-11,6300,USD,eBay,best offer,TRUE,,28217045,,https://www.ebay.com/itm/365642280642,PSA APR
Team Rocket,Dark Charizard,4/82,1st Edition,PSA 10,2025-05-25,6600,USD,eBay,auction,FALSE,,28371771,,https://www.ebay.com/itm/286572052622,PSA APR
Team Rocket,Dark Charizard,4/82,1st Edition,PSA 10,2025-05-25,4000,USD,eBay,best offer,TRUE,,28278791,,https://www.ebay.com/itm/365622904246,PSA APR
Team Rocket,Dark Charizard,4/82,1st Edition,PSA 10,2025-05-19,6250,USD,eBay,auction,FALSE,,78655502,,https://www.ebay.com/itm/286555988840,PSA APR
Team Rocket,Dark Charizard,4/82,1st Edition,PSA 10,2025-04-28,6000,USD,Fanatics Collect,auction,FALSE,,22913789,,https://www.fanaticscollect.com/weekly/20b134dc-1bab-11f0-be6e-02007757387f,PSA APR
Team Rocket,Dark Charizard,4/82,1st Edition,PSA 10,2025-04-21,7350,USD,eBay,best offer,TRUE,,41156312,,https://www.ebay.com/itm/335915315751,PSA APR
Team Rocket,Dark Charizard,4/82,1st Edition,PSA 10,2025-04-20,4569.19,USD,eBay,auction,FALSE,,23322077,,https://www.ebay.com/itm/146519973585,PSA APR
Team Rocket,Dark Charizard,4/82,1st Edition,PSA 10,2025-03-18,5899,USD,Fanatics Collect,BIN,FALSE,,41122663,,https://www.fanaticscollect.com/fixed/2e9b1cf0-9282-11ef-b369-02c05d5ad8d7,PSA APR
Team Rocket,Dark Charizard,4/82,1st Edition,PSA 10,2025-03-10,5500,USD,eBay,best offer,TRUE,,44112281,,https://www.ebay.com/itm/267165442025,PSA APR
Team Rocket,Dark Charizard,4/82,1st Edition,PSA 10,2025-03-04,5105.91,USD,eBay,best offer,TRUE,,27967540,,https://www.ebay.com/itm/156740249196,PSA APR
Team Rocket,Dark Charizard,4/82,1st Edition,PSA 10,2025-03-04,5465,USD,eBay,BIN,FALSE,,51951717,,https://www.ebay.com/itm/405566420675,PSA APR
Team Rocket,Dark Charizard,4/82,1st Edition,PSA 10,2025-03-03,5461,USD,eBay,auction,FALSE,,44555679,,https://www.ebay.com/itm/286349681481,PSA APR
Team Rocket,Dark Charizard,4/82,1st Edition,PSA 10,2025-03-02,4275.54,USD,eBay,auction,FALSE,,42474559,,https://www.ebay.com/itm/135568514422,PSA APR
Team Rocket,Dark Charizard,4/82,1st Edition,PSA 10,2025-02-05,5176.46,USD,eBay,best offer,TRUE,,27967540,,https://www.ebay.com/itm/156660930034,PSA APR
Team Rocket,Dark Charizard,4/82,1st Edition,PSA 10,2025-02-03,4800,USD,Fanatics Collect,auction,FALSE,,98675940,,https://www.fanaticscollect.com/weekly/31fb747e-d90b-11ef-8570-0a58a9feac02,PSA APR
Team Rocket,Dark Charizard,4/82,1st Edition,PSA 10,2025-01-27,747.75,USD,eBay,auction,FALSE,,40742413,,https://www.ebay.com/itm/387861821885,PSA APR
Team Rocket,Dark Charizard,4/82,1st Edition,PSA 10,2025-01-26,4500,USD,eBay,best offer,TRUE,,44363831,,https://www.ebay.com/itm/155108849779,PSA APR
Team Rocket,Dark Charizard,4/82,1st Edition,PSA 10,2025-01-23,3900,USD,eBay,best offer,TRUE,,28217045,,https://www.ebay.com/itm/375572920098,PSA APR
Team Rocket,Dark Charizard,4/82,1st Edition,PSA 10,2025-01-20,4199.99,USD,eBay,BIN,FALSE,,41019550,,https://www.ebay.com/itm/267084649728,PSA APR
Team Rocket,Dark Charizard,4/82,1st Edition,PSA 10,2025-01-20,4050,USD,eBay,auction,FALSE,,89210498,,https://www.ebay.com/itm/306027444669,PSA APR
Team Rocket,Dark Charizard,4/82,1st Edition,PSA 10,2025-01-17,3799.99,USD,eBay,best offer,TRUE,,26471315,,https://www.ebay.com/itm/326319652120,PSA APR
Team Rocket,Dark Charizard,4/82,1st Edition,PSA 10,2025-01-16,3599.99,USD,eBay,BIN,FALSE,,27654951,,https://www.ebay.com/itm/267085976877,PSA APR
Team Rocket,Dark Charizard,4/82,1st Edition,PSA 10,2025-01-10,3625,USD,eBay,auction,FALSE,,41971577,,https://www.ebay.com/itm/196925727235,PSA APR
Team Rocket,Dark Charizard,4/82,1st Edition,PSA 10,2025-01-05,3102.86,USD,eBay,auction,FALSE,,23322077,,https://www.ebay.com/itm/146303001910,PSA APR
Team Rocket,Dark Charizard,4/82,1st Edition,PSA 10,2024-12-11,3250,USD,eBay,auction,FALSE,,22155927,,https://www.ebay.com/itm/387689762662,PSA APR
Team Rocket,Dark Charizard,4/82,1st Edition,PSA 10,2024-09-30,3300,USD,eBay,auction,FALSE,,97309065,,https://www.ebay.com/itm/305797352857,PSA APR
Team Rocket,Dark Charizard,4/82,1st Edition,PSA 10,2024-09-16,3200,USD,eBay,auction,FALSE,,28278791,,https://www.ebay.com/itm/315731932119,PSA APR
Team Rocket,Dark Charizard,4/82,1st Edition,PSA 10,2024-09-02,3600,USD,eBay,auction,FALSE,,28547120,,https://www.ebay.com/itm/256616381811,PSA APR
Team Rocket,Dark Charizard,4/82,1st Edition,PSA 10,2024-09-02,3572,USD,eBay,auction,FALSE,,95134756,,https://www.ebay.com/itm/305746919842,PSA APR
Team Rocket,Dark Charizard,4/82,1st Edition,PSA 10,2024-05-27,3205,USD,eBay,auction,FALSE,,41227365,,https://www.ebay.com/itm/276468286339,PSA APR
Team Rocket,Dark Charizard,4/82,1st Edition,PSA 10,2024-05-13,3400,USD,eBay,auction,FALSE,,28570356,,https://www.ebay.com/itm/126462534435,PSA APR
Team Rocket,Dark Charizard,4/82,1st Edition,PSA 10,2024-03-24,3550,USD,eBay,auction,FALSE,,78808324,,https://www.ebay.com/itm/266725323481,PSA APR
Team Rocket,Dark Charizard,4/82,1st Edition,PSA 10,2024-01-22,3432,USD,eBay,auction,FALSE,,28986084,,https://www.ebay.com/itm/315087894680,PSA APR
Team Rocket,Dark Charizard,4/82,1st Edition,PSA 10,2023-12-27,3050,USD,eBay,auction,FALSE,,40825462,,https://www.ebay.com/itm/276236138076,PSA APR
Team Rocket,Dark Dragonite,5/82,1st Edition,PSA 10,2026-09-14,26400,USD,Fanatics Collect,auction,FALSE,,44027279,,https://www.fanaticscollect.com/weekly/7c360cbc-a86b-11f1-ae27-06d19b0b9c59,PSA APR
Team Rocket,Dark Dragonite,5/82,1st Edition,PSA 10,2026-05-14,12188,USD,Heritage Auctions,auction,FALSE,,42079775,,https://comics.ha.com/itm/memorabilia/trading-cards/pokemon-dark-dragonite-5-1st-edition-team-rocket-psa-trading-card-game-gem-mint-10-wizards-of-the-coast-2000-rare-holo/a/43246-78081.s,PSA APR
Team Rocket,Dark Dragonite,5/82,1st Edition,PSA 10,2026-05-04,17080,USD,Goldin Auctions,auction,FALSE,,41141657,,https://goldin.co/item/2000-pokemon-team-rocket-1st-edition-holo-5-dark-dragonite-psa-gem-mtlvsuv,PSA APR
Team Rocket,Dark Dragonite,5/82,1st Edition,PSA 10,2026-04-06,14400,USD,Fanatics Collect,auction,FALSE,,27764415,,https://www.fanaticscollect.com/weekly/8837cbc6-1ef1-11f1-a90c-0a58a9feac02,PSA APR
Team Rocket,Dark Dragonite,5/82,1st Edition,PSA 10,2026-03-23,15600,USD,Fanatics Collect,auction,FALSE,,28534916,,https://www.fanaticscollect.com/weekly/faf742f6-1733-11f1-a9d6-0a58a9feac02,PSA APR
Team Rocket,Dark Dragonite,5/82,1st Edition,PSA 10,2026-03-23,19155,USD,Goldin Auctions,auction,FALSE,,45992328,,https://goldin.co/item/2000-pokemon-team-rocket-1st-edition-holo-5-dark-dragonite-psa-gem-mtdj4of,PSA APR
Team Rocket,Dark Dragonite,5/82,1st Edition,PSA 10,2026-03-09,13200,USD,Fanatics Collect,auction,FALSE,,19303208,,https://www.fanaticscollect.com/weekly/1859ceec-0ba2-11f1-b400-02eb7020236b,PSA APR
Team Rocket,Dark Dragonite,5/82,1st Edition,PSA 10,2026-02-23,10371,USD,Goldin Auctions,auction,FALSE,,46238971,,https://goldin.co/item/2000-pokemon-rocket-1st-edition-holo-5-dark-dragonite-psa-gem-mt-10dlriv,PSA APR
Team Rocket,Dark Dragonite,5/82,1st Edition,PSA 10,2026-02-01,13500,USD,eBay,best offer,TRUE,,42068751,,https://www.ebay.com/itm/376839225670,PSA APR
Team Rocket,Dark Dragonite,5/82,1st Edition,PSA 10,2025-10-06,5640,USD,Fanatics Collect,auction,FALSE,,27764415,,https://www.fanaticscollect.com/weekly/7fb2e1c2-9b0f-11f0-8e3b-0a58a9feac02,PSA APR
Team Rocket,Dark Dragonite,5/82,1st Edition,PSA 10,2025-09-24,6800,USD,eBay,best offer,TRUE,,23164770,,https://www.ebay.com/itm/167813737289,PSA APR
Team Rocket,Dark Dragonite,5/82,1st Edition,PSA 10,2025-05-26,3750,USD,eBay,best offer,TRUE,,105387017,,https://www.ebay.com/itm/297346854665,PSA APR
Team Rocket,Dark Dragonite,5/82,1st Edition,PSA 10,2025-05-22,3499.99,USD,eBay,best offer,TRUE,,108737138,,https://www.ebay.com/itm/116614079395,PSA APR
Team Rocket,Dark Dragonite,5/82,1st Edition,PSA 10,2025-05-07,4419.01,USD,eBay,best offer,TRUE,,49335779,,https://www.ebay.com/itm/267241968787,PSA APR
Team Rocket,Dark Dragonite,5/82,1st Edition,PSA 10,2025-03-10,3480,USD,Fanatics Collect,auction,FALSE,,21337422,,https://www.fanaticscollect.com/weekly/755f0c5e-f2dc-11ef-a287-0a58a9feac02,PSA APR
Team Rocket,Dark Dragonite,5/82,1st Edition,PSA 10,2024-12-24,3150,USD,eBay,auction,FALSE,,27654955,,https://www.ebay.com/itm/387735860571,PSA APR
Team Rocket,Dark Dragonite,5/82,1st Edition,PSA 10,2024-12-11,2916,USD,eBay,auction,FALSE,,53253122,,https://www.ebay.com/itm/365266893449,PSA APR
Team Rocket,Dark Dragonite,5/82,1st Edition,PSA 10,2024-05-13,2375,USD,eBay,auction,FALSE,,27139885,,https://www.ebay.com/itm/126462537093,PSA APR
Team Rocket,Dark Dragonite,5/82,1st Edition,PSA 10,2024-01-24,2394,USD,eBay,auction,FALSE,,46923643,,https://www.ebay.com/itm/375193436520,PSA APR
Team Rocket,Dark Dugtrio,6/82,1st Edition,PSA 10,2026-09-23,4000,USD,eBay,best offer,TRUE,,27239099,,https://www.ebay.com/itm/117329627766,PSA APR
Team Rocket,Dark Dugtrio,6/82,1st Edition,PSA 10,2026-09-14,3720,USD,Fanatics Collect,auction,FALSE,,43367545,,https://www.fanaticscollect.com/weekly/7c1cf308-a86b-11f1-b485-06d19b0b9c59,PSA APR
Team Rocket,Dark Dugtrio,6/82,1st Edition,PSA 10,2026-07-20,2370,USD,Fanatics Collect,auction,FALSE,,44406622,,https://www.fanaticscollect.com/weekly/167a1d00-6f68-11f1-a2bc-0a58a9feac02,PSA APR
Team Rocket,Dark Dugtrio,6/82,1st Edition,PSA 10,2026-05-14,3125,USD,Heritage Auctions,auction,FALSE,,43959416,,https://comics.ha.com/itm/memorabilia/trading-cards/pokemon-dark-dugtrio-6-1st-edition-team-rocket-psa-trading-card-game-gem-mint-10-wizards-of-the-coast-2000-rare-holo/a/43246-78082.s,PSA APR
Team Rocket,Dark Dugtrio,6/82,1st Edition,PSA 10,2026-05-04,2505,USD,Goldin Auctions,auction,FALSE,,20835505,,https://goldin.co/item/2000-pokemon-team-rocket-1st-edition-holo-6-dark-dugtrio-psa-gem-mt-10c8wzj,PSA APR
Team Rocket,Dark Dugtrio,6/82,1st Edition,PSA 10,2026-03-28,3022.5,USD,eBay,auction,FALSE,,18676118,,https://www.ebay.com/itm/306834145919,PSA APR
Team Rocket,Dark Dugtrio,6/82,1st Edition,PSA 10,2026-01-03,2895,USD,eBay,BIN,FALSE,,27239100,,https://www.ebay.com/itm/116957780297,PSA APR
Team Rocket,Dark Dugtrio,6/82,1st Edition,PSA 10,2025-12-25,1350,USD,eBay,BIN,FALSE,,27239100,,https://www.ebay.com/itm/306675323485,PSA APR
Team Rocket,Dark Dugtrio,6/82,1st Edition,PSA 10,2025-12-04,1360,USD,eBay,best offer,TRUE,,27966527,,https://www.ebay.com/itm/116897141618,PSA APR
Team Rocket,Dark Dugtrio,6/82,1st Edition,PSA 10,2025-09-12,1135,USD,eBay,auction,FALSE,,27966527,,https://www.ebay.com/itm/286801356635,PSA APR
Team Rocket,Dark Dugtrio,6/82,1st Edition,PSA 10,2025-02-23,610,USD,eBay,auction,FALSE,,40212506,,https://www.ebay.com/itm/226604641249,PSA APR
Team Rocket,Dark Dugtrio,6/82,1st Edition,PSA 10,2025-02-02,1150,USD,Fanatics Collect,best offer,TRUE,,27239098,,https://www.fanaticscollect.com/fixed/39ae2d9a-e060-11ef-90db-0a58a9feac02,PSA APR
Team Rocket,Dark Dugtrio,6/82,1st Edition,PSA 10,2025-01-12,400,USD,eBay,best offer,TRUE,,27239098,,https://www.ebay.com/itm/186843133994,PSA APR
Team Rocket,Dark Dugtrio,6/82,1st Edition,PSA 10,2024-01-24,360,USD,eBay,auction,FALSE,,46923649,,https://www.ebay.com/itm/386650044925,PSA APR
Team Rocket,Dark Dugtrio,6/82,1st Edition,PSA 10,2023-12-03,408.64,USD,eBay,auction,FALSE,,41149557,,https://www.ebay.com/itm/134822878694,PSA APR
Team Rocket,Dark Golbat,7/82,1st Edition,PSA 10,2026-09-27,2999.99,USD,eBay,BIN,FALSE,,28585510,,https://www.ebay.com/itm/307149754841,PSA APR
Team Rocket,Dark Golbat,7/82,1st Edition,PSA 10,2026-09-24,1473.05,USD,eBay,BIN,FALSE,,30226025,,https://www.ebay.com/itm/327342682151,PSA APR
Team Rocket,Dark Golbat,7/82,1st Edition,PSA 10,2026-09-22,2000,USD,eBay,BIN,FALSE,,24579111,,https://www.ebay.com/itm/298521518065,PSA APR
Team Rocket,Dark Golbat,7/82,1st Edition,PSA 10,2026-09-20,1450,USD,Fanatics Collect,best offer,TRUE,,26329097,,https://www.fanaticscollect.com/buy-now/4e35639c-4578-4de0-a7dc-ed5a5c93a7da,PSA APR
Team Rocket,Dark Golbat,7/82,1st Edition,PSA 10,2026-09-14,1440,USD,Fanatics Collect,auction,FALSE,,46395994,,https://www.fanaticscollect.com/weekly/7c212f72-a86b-11f1-9da8-06d19b0b9c59,PSA APR
Team Rocket,Dark Golbat,7/82,1st Edition,PSA 10,2026-08-17,1140,USD,Fanatics Collect,auction,FALSE,,27493769,,https://www.fanaticscollect.com/weekly/fa70d706-8fb6-11f1-bb27-0a58a9feac02,PSA APR
Team Rocket,Dark Golbat,7/82,1st Edition,PSA 10,2026-08-03,1290,USD,Fanatics Collect,auction,FALSE,,50632664,,https://www.fanaticscollect.com/weekly/c50f9904-87c2-11f1-8faa-0a58a9feac02,PSA APR
Team Rocket,Dark Golbat,7/82,1st Edition,PSA 10,2026-07-28,1530,USD,eBay,best offer,TRUE,,48399113,,https://www.ebay.com/itm/800304724260,PSA APR
Team Rocket,Dark Golbat,7/82,1st Edition,PSA 10,2026-07-27,1530,USD,Fanatics Collect,auction,FALSE,,21625646,,https://www.fanaticscollect.com/weekly/e5b25318-8213-11f1-801a-02ba9858bad3,PSA APR
Team Rocket,Dark Golbat,7/82,1st Edition,PSA 10,2026-07-20,960,USD,Fanatics Collect,auction,FALSE,,26329097,,https://www.fanaticscollect.com/weekly/16520450-6f68-11f1-ba83-0a58a9feac02,PSA APR
Team Rocket,Dark Golbat,7/82,1st Edition,PSA 10,2026-06-04,1352,USD,eBay,auction,FALSE,,143864210,,https://www.ebay.com/itm/800075970025,PSA APR
Team Rocket,Dark Golbat,7/82,1st Edition,PSA 10,2026-05-14,2375,USD,Heritage Auctions,auction,FALSE,,41149289,,https://comics.ha.com/itm/memorabilia/trading-cards/pokemon-dark-golbat-7-1st-edition-team-rocket-psa-trading-card-game-gem-mint-10-wizards-of-the-coast-2000-rare-holo/a/43246-78083.s,PSA APR
Team Rocket,Dark Golbat,7/82,1st Edition,PSA 10,2026-04-11,1900,USD,Fanatics Collect,BIN,FALSE,,27034820,,https://www.fanaticscollect.com/buy-now/6ebf2b60-c3ec-4952-b6f7-020d2b17145e,PSA APR
Team Rocket,Dark Golbat,7/82,1st Edition,PSA 10,2026-04-09,2025,USD,eBay,auction,FALSE,,49466569,,https://www.ebay.com/itm/377080050429,PSA APR
Team Rocket,Dark Golbat,7/82,1st Edition,PSA 10,2026-04-01,1825,USD,eBay,auction,FALSE,,94484409,,https://www.ebay.com/itm/366301043872,PSA APR
Team Rocket,Dark Golbat,7/82,1st Edition,PSA 10,2026-03-30,2070,USD,Fanatics Collect,auction,FALSE,,26471743,,https://www.fanaticscollect.com/weekly/b496adde-1eee-11f1-bc42-0a58a9feac02,PSA APR
Team Rocket,Dark Golbat,7/82,1st Edition,PSA 10,2026-03-29,1737.41,USD,eBay,auction,FALSE,,25992567,,https://www.ebay.com/itm/137147147391,PSA APR
Team Rocket,Dark Golbat,7/82,1st Edition,PSA 10,2026-03-27,1504.2,USD,eBay,auction,FALSE,,26449876,,https://www.ebay.com/itm/306832256003,PSA APR
Team Rocket,Dark Golbat,7/82,1st Edition,PSA 10,2026-03-01,2218.34,USD,eBay,best offer,TRUE,,43966565,,https://www.ebay.com/itm/127661080129,PSA APR
Team Rocket,Dark Golbat,7/82,1st Edition,PSA 10,2026-01-05,970,USD,Fanatics Collect,BIN,FALSE,,63702690,,https://www.fanaticscollect.com/buy-now/be7513dd-e06e-4b10-a3de-eceb8fd116be,PSA APR
Team Rocket,Dark Golbat,7/82,1st Edition,PSA 10,2026-01-03,850,USD,eBay,best offer,TRUE,,24579111,,https://www.ebay.com/itm/236512867637,PSA APR
Team Rocket,Dark Golbat,7/82,1st Edition,PSA 10,2025-12-01,810,USD,Fanatics Collect,auction,FALSE,,43628903,,https://www.fanaticscollect.com/weekly/0e7b411a-c491-11f0-a310-0a58a9feac02,PSA APR
Team Rocket,Dark Golbat,7/82,1st Edition,PSA 10,2025-11-16,790.29,USD,eBay,best offer,TRUE,,49466569,,https://www.ebay.com/itm/357827699307,PSA APR
Team Rocket,Dark Golbat,7/82,1st Edition,PSA 10,2025-10-20,960,USD,Fanatics Collect,auction,FALSE,,26471743,,https://www.fanaticscollect.com/weekly/7c5a47b8-a096-11f0-acaf-0a58a9feac02,PSA APR
Team Rocket,Dark Golbat,7/82,1st Edition,PSA 10,2025-09-14,787,USD,eBay,auction,FALSE,,42200279,,https://www.ebay.com/itm/286804369322,PSA APR
Team Rocket,Dark Golbat,7/82,1st Edition,PSA 10,2025-09-04,700,USD,eBay,BIN,FALSE,,87502284,,https://www.ebay.com/itm/136270274132,PSA APR
Team Rocket,Dark Golbat,7/82,1st Edition,PSA 10,2025-07-04,899.99,USD,eBay,BIN,FALSE,,97960867,,https://www.ebay.com/itm/187352020981,PSA APR
Team Rocket,Dark Golbat,7/82,1st Edition,PSA 10,2025-05-25,450,USD,eBay,best offer,TRUE,,26449876,,https://www.ebay.com/itm/306308081964,PSA APR
Team Rocket,Dark Golbat,7/82,1st Edition,PSA 10,2025-05-06,480,USD,eBay,best offer,TRUE,,27525177,,https://www.ebay.com/itm/167492718905,PSA APR
Team Rocket,Dark Golbat,7/82,1st Edition,PSA 10,2025-03-31,432,USD,Fanatics Collect,auction,FALSE,,27735194,,https://www.fanaticscollect.com/weekly/a03d7b9c-fa3c-11ef-aa1a-0a58a9feac02,PSA APR
Team Rocket,Dark Golbat,7/82,1st Edition,PSA 10,2025-02-23,405,USD,eBay,auction,FALSE,,24879849,,https://www.ebay.com/itm/226604645482,PSA APR
Team Rocket,Dark Golbat,7/82,1st Edition,PSA 10,2025-02-20,699,USD,eBay,best offer,TRUE,,47244408,,https://www.ebay.com/itm/405546014854,PSA APR
Team Rocket,Dark Golbat,7/82,1st Edition,PSA 10,2025-02-13,500,USD,eBay,best offer,TRUE,,29009973,,https://www.ebay.com/itm/126931541788,PSA APR
Team Rocket,Dark Golbat,7/82,1st Edition,PSA 10,2024-12-01,355,USD,eBay,auction,FALSE,,98634359,,https://www.ebay.com/itm/305923281249,PSA APR
Team Rocket,Dark Golbat,7/82,1st Edition,PSA 10,2024-10-18,339,USD,eBay,auction,FALSE,,26442870,,https://www.ebay.com/itm/375710923977,PSA APR
Team Rocket,Dark Golbat,7/82,1st Edition,PSA 10,2024-10-10,257.12,USD,eBay,auction,FALSE,,46819743,,https://www.ebay.com/itm/395742344248,PSA APR
Team Rocket,Dark Golbat,7/82,1st Edition,PSA 10,2024-07-22,374,USD,eBay,auction,FALSE,,42023866,,https://www.ebay.com/itm/226240250552,PSA APR
Team Rocket,Dark Golbat,7/82,1st Edition,PSA 10,2024-05-27,305,USD,eBay,auction,FALSE,,27342425,,https://www.ebay.com/itm/276466927629,PSA APR
Team Rocket,Dark Golbat,7/82,1st Edition,PSA 10,2024-05-18,340,USD,eBay,auction,FALSE,,67562387,,https://www.ebay.com/itm/166751228842,PSA APR
Team Rocket,Dark Golbat,7/82,1st Edition,PSA 10,2024-01-28,271,USD,eBay,auction,FALSE,,41200510,,https://www.ebay.com/itm/325972677969,PSA APR
Team Rocket,Dark Gyarados,8/82,1st Edition,PSA 10,2026-09-28,5645.93,USD,eBay,best offer,TRUE,,92571378,,https://www.ebay.com/itm/318906525610,PSA APR
Team Rocket,Dark Gyarados,8/82,1st Edition,PSA 10,2026-09-28,6600,USD,Fanatics Collect,auction,FALSE,,40710473,,https://www.fanaticscollect.com/weekly/331e9502-9d9a-11f1-afb4-02fff4b5ca79,PSA APR
Team Rocket,Dark Gyarados,8/82,1st Edition,PSA 10,2026-09-28,6600,USD,Fanatics Collect,auction,FALSE,,82970562,,https://www.fanaticscollect.com/weekly/ceb339a6-b0a9-11f1-96ed-0a58a9feac02,PSA APR
Team Rocket,Dark Gyarados,8/82,1st Edition,PSA 10,2026-09-27,5999.99,USD,eBay,BIN,FALSE,,21212319,,https://www.ebay.com/itm/307151062983,PSA APR
Team Rocket,Dark Gyarados,8/82,1st Edition,PSA 10,2026-09-23,6000,USD,eBay,best offer,TRUE,,97465075,,https://www.ebay.com/itm/298280088572,PSA APR
Team Rocket,Dark Gyarados,8/82,1st Edition,PSA 10,2026-09-22,5339.47,USD,eBay,BIN,FALSE,,27564941,,https://www.ebay.com/itm/358578551898,PSA APR
Team Rocket,Dark Gyarados,8/82,1st Edition,PSA 10,2026-09-14,3960,USD,Fanatics Collect,auction,FALSE,,44179971,,https://www.fanaticscollect.com/weekly/7c1ef82e-a86b-11f1-a898-06d19b0b9c59,PSA APR
Team Rocket,Dark Gyarados,8/82,1st Edition,PSA 10,2026-08-24,3800,USD,eBay,auction,FALSE,,43616359,,https://www.ebay.com/itm/287524903802,PSA APR
Team Rocket,Dark Gyarados,8/82,1st Edition,PSA 10,2026-08-10,3840,USD,Fanatics Collect,auction,FALSE,,98476276,,https://www.fanaticscollect.com/weekly/63cf0df2-8aef-11f1-8585-02fff561b66f,PSA APR
Team Rocket,Dark Gyarados,8/82,1st Edition,PSA 10,2026-06-15,3050,USD,Goldin Auctions,auction,FALSE,,110853355,,https://goldin.co/item/2000-pokemon-team-rocket-1st-edition-holo-8-dark-gyarados-psa-gem-mt-1qp2ya,PSA APR
Team Rocket,Dark Gyarados,8/82,1st Edition,PSA 10,2026-05-25,3550,USD,eBay,best offer,TRUE,,42366485,,https://www.ebay.com/itm/406787386536,PSA APR
Team Rocket,Dark Gyarados,8/82,1st Edition,PSA 10,2026-05-18,3360,USD,Fanatics Collect,auction,FALSE,,27998805,,https://www.fanaticscollect.com/weekly/94f95c44-443a-11f1-8fce-0a58a9feac02,PSA APR
Team Rocket,Dark Gyarados,8/82,1st Edition,PSA 10,2026-05-11,3721,USD,Goldin Auctions,auction,FALSE,,44686471,,https://goldin.co/item/2000-pokemon-rocket-1st-edition-holo-8-dark-gyarados-psa-gem-mt-10jqe08,PSA APR
Team Rocket,Dark Gyarados,8/82,1st Edition,PSA 10,2026-05-04,3700,USD,Goldin Auctions,auction,FALSE,,28239705,,https://goldin.co/item/2000-pokemon-team-rocket-1st-edition-holo-8-dark-gyarados-psa-gem-mt-1jx39u,PSA APR
Team Rocket,Dark Gyarados,8/82,1st Edition,PSA 10,2026-04-14,3700,USD,eBay,auction,FALSE,,27390123,,https://www.ebay.com/itm/389865103999,PSA APR
Team Rocket,Dark Gyarados,8/82,1st Edition,PSA 10,2026-04-10,3500,USD,eBay,auction,FALSE,,45389912,,https://www.ebay.com/itm/377082773807,PSA APR
Team Rocket,Dark Gyarados,8/82,1st Edition,PSA 10,2026-04-09,3450,USD,eBay,auction,FALSE,,28559037,,https://www.ebay.com/itm/366320726282,PSA APR
Team Rocket,Dark Gyarados,8/82,1st Edition,PSA 10,2026-04-05,3906,USD,eBay,auction,FALSE,,70419185,,https://www.ebay.com/itm/257438592103,PSA APR
Team Rocket,Dark Gyarados,8/82,1st Edition,PSA 10,2026-03-30,3600,USD,Fanatics Collect,auction,FALSE,,28174315,,https://www.fanaticscollect.com/weekly/0621863c-1734-11f1-b1c4-0a58a9feac02,PSA APR
Team Rocket,Dark Gyarados,8/82,1st Edition,PSA 10,2026-03-30,3720,USD,Fanatics Collect,auction,FALSE,,49741152,,https://www.fanaticscollect.com/weekly/dc6f31a4-1eef-11f1-92f6-0a58a9feac02,PSA APR
Team Rocket,Dark Gyarados,8/82,1st Edition,PSA 10,2026-03-28,3437,USD,eBay,auction,FALSE,,50388054,,https://www.ebay.com/itm/306834145928,PSA APR
Team Rocket,Dark Gyarados,8/82,1st Edition,PSA 10,2026-03-26,4600,USD,eBay,auction,FALSE,,69570711,,https://www.ebay.com/itm/366286545895,PSA APR
Team Rocket,Dark Gyarados,8/82,1st Edition,PSA 10,2026-03-20,3600,USD,eBay,best offer,TRUE,,80590600,,https://www.ebay.com/itm/277801136113,PSA APR
Team Rocket,Dark Gyarados,8/82,1st Edition,PSA 10,2026-03-09,3600,USD,Fanatics Collect,auction,FALSE,,82970562,,https://www.fanaticscollect.com/weekly/42c9aa20-1279-11f1-a297-0a58a9feac02,PSA APR
Team Rocket,Dark Gyarados,8/82,1st Edition,PSA 10,2026-02-04,1815.71,USD,eBay,BIN,FALSE,,43157730,,https://www.ebay.com/itm/235959372519,PSA APR
Team Rocket,Dark Gyarados,8/82,1st Edition,PSA 10,2025-12-30,2005,USD,eBay,BIN,FALSE,,26792647,,https://www.ebay.com/itm/306675326861,PSA APR
Team Rocket,Dark Gyarados,8/82,1st Edition,PSA 10,2025-12-19,2000,USD,Fanatics Collect,BIN,FALSE,,64116764,,https://www.fanaticscollect.com/buy-now/fe3b8664-5855-4665-8893-45df38c6835b,PSA APR
Team Rocket,Dark Gyarados,8/82,1st Edition,PSA 10,2025-12-15,2280,USD,Fanatics Collect,auction,FALSE,,22368164,,https://www.fanaticscollect.com/weekly/238cb694-cfc5-11f0-9df8-0a58a9feac02,PSA APR
Team Rocket,Dark Gyarados,8/82,1st Edition,PSA 10,2025-12-01,1550,USD,eBay,auction,FALSE,,47136311,,https://www.ebay.com/itm/177610343866,PSA APR
Team Rocket,Dark Gyarados,8/82,1st Edition,PSA 10,2025-11-24,1410,USD,Fanatics Collect,auction,FALSE,,49741152,,https://www.fanaticscollect.com/weekly/4efb2c9a-bdf3-11f0-8209-02a08b07529d,PSA APR
Team Rocket,Dark Gyarados,8/82,1st Edition,PSA 10,2025-11-19,1800,USD,eBay,auction,FALSE,,28816955,,https://www.ebay.com/itm/297750797213,PSA APR
Team Rocket,Dark Gyarados,8/82,1st Edition,PSA 10,2025-11-13,1400,USD,eBay,best offer,TRUE,,56559782,,https://www.ebay.com/itm/197841144641,PSA APR
Team Rocket,Dark Gyarados,8/82,1st Edition,PSA 10,2025-11-07,1450,USD,Fanatics Collect,BIN,FALSE,,49741152,,https://www.fanaticscollect.com/fixed/1901d754-bb93-11f0-ab0f-0a9a373cbf31,PSA APR
Team Rocket,Dark Gyarados,8/82,1st Edition,PSA 10,2025-11-01,1300,USD,eBay,BIN,FALSE,,42880369,,https://www.ebay.com/itm/406341598177,PSA APR
Team Rocket,Dark Gyarados,8/82,1st Edition,PSA 10,2025-10-26,1800,USD,Fanatics Collect,best offer,TRUE,,49741152,,https://www.fanaticscollect.com/fixed/fb5979e4-b1f3-11f0-bc8b-0a58a9feac02,PSA APR
Team Rocket,Dark Gyarados,8/82,1st Edition,PSA 10,2025-10-22,1785,USD,eBay,best offer,TRUE,,40925729,,https://www.ebay.com/itm/306555510723,PSA APR
Team Rocket,Dark Gyarados,8/82,1st Edition,PSA 10,2025-10-10,1361,USD,eBay,auction,FALSE,,41200511,,https://www.ebay.com/itm/365898339766,PSA APR
Team Rocket,Dark Gyarados,8/82,1st Edition,PSA 10,2025-09-27,1567.87,USD,eBay,best offer,TRUE,,27564941,,https://www.ebay.com/itm/236321697466,PSA APR
Team Rocket,Dark Gyarados,8/82,1st Edition,PSA 10,2025-09-20,1735.01,USD,eBay,auction,FALSE,,27904370,,https://www.ebay.com/itm/297608599657,PSA APR
Team Rocket,Dark Gyarados,8/82,1st Edition,PSA 10,2025-09-11,1376,USD,eBay,auction,FALSE,,27836432,,https://www.ebay.com/itm/286801336059,PSA APR
Team Rocket,Dark Gyarados,8/82,1st Edition,PSA 10,2025-08-25,1700,USD,eBay,auction,FALSE,,70810894,,https://www.ebay.com/itm/286766001630,PSA APR
Team Rocket,Dark Gyarados,8/82,1st Edition,PSA 10,2025-08-14,1300,USD,eBay,best offer,TRUE,,29017988,,https://www.ebay.com/itm/297537261657,PSA APR
Team Rocket,Dark Gyarados,8/82,1st Edition,PSA 10,2025-07-25,1425,USD,eBay,auction,FALSE,,27553100,,https://www.ebay.com/itm/388745081072,PSA APR
Team Rocket,Dark Gyarados,8/82,1st Edition,PSA 10,2025-07-15,1799,USD,eBay,best offer,TRUE,,68552806,,https://www.ebay.com/itm/205614383638,PSA APR
Team Rocket,Dark Gyarados,8/82,1st Edition,PSA 10,2025-07-14,1485,USD,eBay,auction,FALSE,,27502649,,https://www.ebay.com/itm/286689934757,PSA APR
Team Rocket,Dark Gyarados,8/82,1st Edition,PSA 10,2025-07-07,1400,USD,eBay,best offer,TRUE,,27390123,,https://www.ebay.com/itm/297403678676,PSA APR
Team Rocket,Dark Gyarados,8/82,1st Edition,PSA 10,2025-07-07,1290,USD,Fanatics Collect,auction,FALSE,,41917050,,https://www.fanaticscollect.com/weekly/351801d0-5080-11f0-aba2-0a58a9feac02,PSA APR
Team Rocket,Dark Gyarados,8/82,1st Edition,PSA 10,2025-07-07,1223.02,USD,eBay,best offer,TRUE,,95966638,,https://www.ebay.com/itm/396807093247,PSA APR
Team Rocket,Dark Gyarados,8/82,1st Edition,PSA 10,2025-07-06,1126.29,USD,eBay,auction,FALSE,,27564941,,https://www.ebay.com/itm/286668853345,PSA APR
Team Rocket,Dark Gyarados,8/82,1st Edition,PSA 10,2025-06-23,660.88,USD,eBay,best offer,TRUE,,27342428,,https://www.ebay.com/itm/285666219090,PSA APR
Team Rocket,Dark Gyarados,8/82,1st Edition,PSA 10,2025-06-18,1550,USD,eBay,best offer,TRUE,,40710473,,https://www.ebay.com/itm/357100411239,PSA APR
Team Rocket,Dark Gyarados,8/82,1st Edition,PSA 10,2025-06-04,1300,USD,eBay,best offer,TRUE,,41324762,,https://www.ebay.com/itm/197147606877,PSA APR
Team Rocket,Dark Gyarados,8/82,1st Edition,PSA 10,2025-06-02,1200,USD,Fanatics Collect,auction,FALSE,,41917050,,https://www.fanaticscollect.com/weekly/b3abe2c8-34bf-11f0-89ad-061017c7d157,PSA APR
Team Rocket,Dark Gyarados,8/82,1st Edition,PSA 10,2025-06-01,888.66,USD,eBay,auction,FALSE,,27342426,,https://www.ebay.com/itm/286586888456,PSA APR
Team Rocket,Dark Gyarados,8/82,1st Edition,PSA 10,2025-05-28,1100,USD,eBay,BIN,FALSE,,60232786,,https://www.ebay.com/itm/405903381389,PSA APR
Team Rocket,Dark Gyarados,8/82,1st Edition,PSA 10,2025-05-25,961,USD,eBay,auction,FALSE,,50388054,,https://www.ebay.com/itm/286572052646,PSA APR
Team Rocket,Dark Gyarados,8/82,1st Edition,PSA 10,2025-05-16,1050,USD,eBay,best offer,TRUE,,52490469,,https://www.ebay.com/itm/205373927452,PSA APR
Team Rocket,Dark Gyarados,8/82,1st Edition,PSA 10,2025-04-24,975,USD,eBay,best offer,TRUE,,75467231,,https://www.ebay.com/itm/226666830376,PSA APR
Team Rocket,Dark Gyarados,8/82,1st Edition,PSA 10,2025-04-18,800,USD,eBay,best offer,TRUE,,42609504,,https://www.ebay.com/itm/267216736367,PSA APR
Team Rocket,Dark Gyarados,8/82,1st Edition,PSA 10,2025-04-12,448,USD,eBay,auction,FALSE,,42609504,,https://www.ebay.com/itm/197203677556,PSA APR
Team Rocket,Dark Gyarados,8/82,1st Edition,PSA 10,2025-04-10,749.99,USD,eBay,best offer,TRUE,,66419033,,https://www.ebay.com/itm/376150822723,PSA APR
Team Rocket,Dark Gyarados,8/82,1st Edition,PSA 10,2025-03-16,775.55,USD,eBay,auction,FALSE,,47136689,,https://www.ebay.com/itm/176923792258,PSA APR
Team Rocket,Dark Gyarados,8/82,1st Edition,PSA 10,2025-03-11,800,USD,eBay,best offer,TRUE,,62011080,,https://www.ebay.com/itm/396129325218,PSA APR
Team Rocket,Dark Gyarados,8/82,1st Edition,PSA 10,2025-02-21,749.99,USD,eBay,best offer,TRUE,,85554610,,https://www.ebay.com/itm/156720635374,PSA APR
Team Rocket,Dark Gyarados,8/82,1st Edition,PSA 10,2025-02-21,724.99,USD,eBay,BIN,FALSE,,55512768,,https://www.ebay.com/itm/115246866963,PSA APR
Team Rocket,Dark Gyarados,8/82,1st Edition,PSA 10,2025-02-16,760,USD,eBay,auction,FALSE,,43852198,,https://www.ebay.com/itm/186940261980,PSA APR
Team Rocket,Dark Gyarados,8/82,1st Edition,PSA 10,2025-02-11,675,USD,eBay,BIN,FALSE,,28698278,,https://www.ebay.com/itm/404996205039,PSA APR
Team Rocket,Dark Gyarados,8/82,1st Edition,PSA 10,2025-02-08,616,USD,eBay,auction,FALSE,,43852198,,https://www.ebay.com/itm/186923726206,PSA APR
Team Rocket,Dark Gyarados,8/82,1st Edition,PSA 10,2025-02-06,519.58,USD,eBay,auction,FALSE,,23077476,,https://www.ebay.com/itm/116460052010,PSA APR
Team Rocket,Dark Gyarados,8/82,1st Edition,PSA 10,2025-02-06,721,USD,eBay,auction,FALSE,,27355063,,https://www.ebay.com/itm/365369872445,PSA APR
Team Rocket,Dark Gyarados,8/82,1st Edition,PSA 10,2025-01-27,630,USD,eBay,best offer,TRUE,,60232786,,https://www.ebay.com/itm/267105431560,PSA APR
Team Rocket,Dark Gyarados,8/82,1st Edition,PSA 10,2025-01-27,699,USD,eBay,BIN,FALSE,,23582280,,https://www.ebay.com/itm/306057509269,PSA APR
Team Rocket,Dark Gyarados,8/82,1st Edition,PSA 10,2025-01-26,700,USD,eBay,BIN,FALSE,,75467231,,https://www.ebay.com/itm/267101377573,PSA APR
Team Rocket,Dark Gyarados,8/82,1st Edition,PSA 10,2025-01-24,683.54,USD,eBay,BIN,FALSE,,55027810,,https://www.ebay.com/itm/165960244964,PSA APR
Team Rocket,Dark Gyarados,8/82,1st Edition,PSA 10,2025-01-22,615,USD,eBay,auction,FALSE,,101661083,,https://www.ebay.com/itm/335771499284,PSA APR
Team Rocket,Dark Gyarados,8/82,1st Edition,PSA 10,2025-01-11,563.39,USD,eBay,BIN,FALSE,,40710473,,https://www.ebay.com/itm/276708549651,PSA APR
Team Rocket,Dark Gyarados,8/82,1st Edition,PSA 10,2024-10-18,595,USD,eBay,auction,FALSE,,19421362,,https://www.ebay.com/itm/365175554470,PSA APR
Team Rocket,Dark Gyarados,8/82,1st Edition,PSA 10,2024-10-02,535,USD,eBay,auction,FALSE,,41522716,,https://www.ebay.com/itm/305800708542,PSA APR
Team Rocket,Dark Gyarados,8/82,1st Edition,PSA 10,2024-08-28,511,USD,eBay,auction,FALSE,,28291321,,https://www.ebay.com/itm/375602721424,PSA APR
Team Rocket,Dark Gyarados,8/82,1st Edition,PSA 10,2024-06-03,460,USD,eBay,auction,FALSE,,75730154,,https://www.ebay.com/itm/156222739912,PSA APR
Team Rocket,Dark Gyarados,8/82,1st Edition,PSA 10,2024-05-12,460.99,USD,eBay,auction,FALSE,,27371292,,https://www.ebay.com/itm/285842983858,PSA APR
Team Rocket,Dark Gyarados,8/82,1st Edition,PSA 10,2024-03-25,530,USD,eBay,auction,FALSE,,29044050,,https://www.ebay.com/itm/285764698634,PSA APR
Team Rocket,Dark Gyarados,8/82,1st Edition,PSA 10,2024-03-23,444.99,USD,eBay,auction,FALSE,,60232786,,https://www.ebay.com/itm/315220077130,PSA APR
Team Rocket,Dark Gyarados,8/82,1st Edition,PSA 10,2024-01-28,485,USD,eBay,auction,FALSE,,41200511,,https://www.ebay.com/itm/325972677968,PSA APR
Team Rocket,Dark Hypno,9/82,1st Edition,PSA 10,2026-09-28,3200,USD,eBay,best offer,TRUE,,28384291,,https://www.ebay.com/itm/227539452664,PSA APR
Team Rocket,Dark Hypno,9/82,1st Edition,PSA 10,2026-09-26,3300,USD,Fanatics Collect,best offer,TRUE,,26979281,,https://www.fanaticscollect.com/buy-now/089b5073-6165-456a-a994-333514b33d39,PSA APR
Team Rocket,Dark Hypno,9/82,1st Edition,PSA 10,2026-09-25,2600,USD,eBay,best offer,TRUE,,68404774,,https://www.ebay.com/itm/406820732989,PSA APR
Team Rocket,Dark Hypno,9/82,1st Edition,PSA 10,2026-09-25,2718.31,USD,eBay,best offer,TRUE,,43375587,,https://www.ebay.com/itm/158194292554,PSA APR
Team Rocket,Dark Hypno,9/82,1st Edition,PSA 10,2026-09-24,3000,USD,Fanatics Collect,BIN,FALSE,,53261760,,https://www.fanaticscollect.com/buy-now/c9d71fdd-14e1-4fa5-a59a-04dc1daab834,PSA APR
Team Rocket,Dark Hypno,9/82,1st Edition,PSA 10,2026-09-24,2741.69,USD,eBay,best offer,TRUE,,48445749,,https://www.ebay.com/itm/117270312032,PSA APR
Team Rocket,Dark Hypno,9/82,1st Edition,PSA 10,2026-09-23,2300,USD,Fanatics Collect,BIN,FALSE,,53261760,,https://www.fanaticscollect.com/buy-now/e5c6efee-a263-43d4-a4b7-d148568412e1,PSA APR
Team Rocket,Dark Hypno,9/82,1st Edition,PSA 10,2026-09-21,2300,USD,eBay,best offer,TRUE,,28384291,,https://www.ebay.com/itm/406787248690,PSA APR
Team Rocket,Dark Hypno,9/82,1st Edition,PSA 10,2026-09-14,2000,USD,eBay,best offer,TRUE,,98370831,,https://www.ebay.com/itm/257682846679,PSA APR
Team Rocket,Dark Hypno,9/82,1st Edition,PSA 10,2026-09-14,1680,USD,Fanatics Collect,auction,FALSE,,44134028,,https://www.fanaticscollect.com/weekly/7c1a4126-a86b-11f1-8d8a-06d19b0b9c59,PSA APR
Team Rocket,Dark Hypno,9/82,1st Edition,PSA 10,2026-09-13,1990,USD,Fanatics Collect,BIN,FALSE,,44406624,,https://www.fanaticscollect.com/buy-now/e510c1bf-bbb3-46b8-a4ab-73c94f8e5857,PSA APR
Team Rocket,Dark Hypno,9/82,1st Edition,PSA 10,2026-09-06,1990,USD,Fanatics Collect,BIN,FALSE,,26979281,,https://www.fanaticscollect.com/buy-now/3ad85b84-1a1b-47ce-ba14-092e9a989f67,PSA APR
Team Rocket,Dark Hypno,9/82,1st Edition,PSA 10,2026-08-17,1440,USD,Fanatics Collect,auction,FALSE,,44406624,,https://www.fanaticscollect.com/weekly/f4693cdc-91ef-11f1-871e-0a58a9feac02,PSA APR
Team Rocket,Dark Hypno,9/82,1st Edition,PSA 10,2026-08-17,1680,USD,Fanatics Collect,auction,FALSE,,68479574,,https://www.fanaticscollect.com/weekly/fa73f602-8fb6-11f1-b3a5-06734178406b,PSA APR
Team Rocket,Dark Hypno,9/82,1st Edition,PSA 10,2026-07-20,1650,USD,Fanatics Collect,auction,FALSE,,44406624,,https://www.fanaticscollect.com/weekly/165cd920-6f68-11f1-9708-0a58a9feac02,PSA APR
Team Rocket,Dark Hypno,9/82,1st Edition,PSA 10,2026-06-15,1830,USD,Fanatics Collect,auction,FALSE,,53261760,,https://www.fanaticscollect.com/weekly/fa400f9c-611a-11f1-a6ad-0227e3896b69,PSA APR
Team Rocket,Dark Hypno,9/82,1st Edition,PSA 10,2026-05-04,1771,USD,Goldin Auctions,auction,FALSE,,26542843,,https://goldin.co/item/2000-pokemon-team-rocket-1st-edition-holo-9-dark-hypno-psa-gem-mt-10pmhpy,PSA APR
Team Rocket,Dark Hypno,9/82,1st Edition,PSA 10,2026-04-29,2050,USD,eBay,auction,FALSE,,94677190,,https://www.ebay.com/itm/389921017740,PSA APR
Team Rocket,Dark Hypno,9/82,1st Edition,PSA 10,2026-04-24,1871,USD,eBay,auction,FALSE,,26478829,,https://www.ebay.com/itm/298231141122,PSA APR
Team Rocket,Dark Hypno,9/82,1st Edition,PSA 10,2026-04-20,1950,USD,eBay,BIN,FALSE,,94414376,,https://www.ebay.com/itm/377127402734,PSA APR
Team Rocket,Dark Hypno,9/82,1st Edition,PSA 10,2026-04-09,1775,USD,eBay,auction,FALSE,,49138748,,https://www.ebay.com/itm/377080050430,PSA APR
Team Rocket,Dark Hypno,9/82,1st Edition,PSA 10,2026-03-29,1862,USD,Fanatics Collect,BIN,FALSE,,69536619,,https://www.fanaticscollect.com/buy-now/ec5f5685-8680-412c-ad61-f3ddb2627873,PSA APR
Team Rocket,Dark Hypno,9/82,1st Edition,PSA 10,2026-03-28,1862.85,USD,eBay,auction,FALSE,,57130294,,https://www.ebay.com/itm/306834145929,PSA APR
Team Rocket,Dark Hypno,9/82,1st Edition,PSA 10,2026-02-02,1700,USD,eBay,best offer,TRUE,,26589485,,https://www.ebay.com/itm/227174335502,PSA APR
Team Rocket,Dark Hypno,9/82,1st Edition,PSA 10,2026-01-31,1750,USD,eBay,best offer,TRUE,,57826353,,https://www.ebay.com/itm/366162673511,PSA APR
Team Rocket,Dark Hypno,9/82,1st Edition,PSA 10,2026-01-01,1200,USD,eBay,BIN,FALSE,,27312957,,https://www.ebay.com/itm/297741862230,PSA APR
Team Rocket,Dark Hypno,9/82,1st Edition,PSA 10,2025-10-25,6.65,USD,eBay,auction,FALSE,,62645594,,https://www.ebay.com/itm/227041281184,PSA APR
Team Rocket,Dark Hypno,9/82,1st Edition,PSA 10,2025-10-16,1135,USD,Fanatics Collect,BIN,FALSE,,67172680,,https://www.fanaticscollect.com/fixed/deca3c84-a34b-11f0-a77d-0a58a9feac02,PSA APR
Team Rocket,Dark Hypno,9/82,1st Edition,PSA 10,2025-10-06,800,USD,eBay,BIN,FALSE,,43590169,,https://www.ebay.com/itm/388682423573,PSA APR
Team Rocket,Dark Hypno,9/82,1st Edition,PSA 10,2025-09-15,1250,USD,eBay,best offer,TRUE,,55070606,,https://www.ebay.com/itm/177363154508,PSA APR
Team Rocket,Dark Hypno,9/82,1st Edition,PSA 10,2025-09-11,733,USD,eBay,auction,FALSE,,27312957,,https://www.ebay.com/itm/286801305386,PSA APR
Team Rocket,Dark Hypno,9/82,1st Edition,PSA 10,2025-09-10,855,USD,eBay,auction,FALSE,,18608721,,https://www.ebay.com/itm/376523625827,PSA APR
Team Rocket,Dark Hypno,9/82,1st Edition,PSA 10,2025-09-04,1000,USD,eBay,BIN,FALSE,,27632778,,https://www.ebay.com/itm/167740038282,PSA APR
Team Rocket,Dark Hypno,9/82,1st Edition,PSA 10,2025-09-01,1006.65,USD,eBay,auction,FALSE,,41958002,,https://www.ebay.com/itm/317202293644,PSA APR
Team Rocket,Dark Hypno,9/82,1st Edition,PSA 10,2025-08-24,1175,USD,eBay,best offer,TRUE,,55070606,,https://www.ebay.com/itm/177234024865,PSA APR
Team Rocket,Dark Hypno,9/82,1st Edition,PSA 10,2025-08-17,737.94,USD,eBay,auction,FALSE,,27342433,,https://www.ebay.com/itm/136277844476,PSA APR
Team Rocket,Dark Hypno,9/82,1st Edition,PSA 10,2025-08-15,700,USD,eBay,best offer,TRUE,,28222704,,https://www.ebay.com/itm/297537276912,PSA APR
Team Rocket,Dark Hypno,9/82,1st Edition,PSA 10,2025-08-09,760,USD,eBay,auction,FALSE,,26212160,,https://www.ebay.com/itm/326713959330,PSA APR
Team Rocket,Dark Hypno,9/82,1st Edition,PSA 10,2025-07-15,450,USD,eBay,BIN,FALSE,,40944606,,https://www.ebay.com/itm/326686632105,PSA APR
Team Rocket,Dark Hypno,9/82,1st Edition,PSA 10,2025-07-14,896,USD,eBay,auction,FALSE,,27342430,,https://www.ebay.com/itm/286689934808,PSA APR
Team Rocket,Dark Hypno,9/82,1st Edition,PSA 10,2025-07-08,840,USD,eBay,auction,FALSE,,68147616,,https://www.ebay.com/itm/376368792323,PSA APR
Team Rocket,Dark Hypno,9/82,1st Edition,PSA 10,2025-07-04,820,USD,eBay,auction,FALSE,,114301691,,https://www.ebay.com/itm/116668073368,PSA APR
Team Rocket,Dark Hypno,9/82,1st Edition,PSA 10,2025-06-18,1075,USD,eBay,BIN,FALSE,,43264762,,https://www.ebay.com/itm/205378232250,PSA APR
Team Rocket,Dark Hypno,9/82,1st Edition,PSA 10,2025-06-18,898,USD,eBay,auction,FALSE,,68147616,,https://www.ebay.com/itm/365662935192,PSA APR
Team Rocket,Dark Hypno,9/82,1st Edition,PSA 10,2025-06-18,665,USD,eBay,auction,FALSE,,114301691,,https://www.ebay.com/itm/306344496052,PSA APR
Team Rocket,Dark Hypno,9/82,1st Edition,PSA 10,2025-06-17,502.44,USD,eBay,BIN,FALSE,,27662589,,https://www.ebay.com/itm/226764339508,PSA APR
Team Rocket,Dark Hypno,9/82,1st Edition,PSA 10,2025-06-01,580,USD,eBay,best offer,TRUE,,48303257,,https://www.ebay.com/itm/277116459032,PSA APR
Team Rocket,Dark Hypno,9/82,1st Edition,PSA 10,2025-05-31,550,USD,eBay,BIN,FALSE,,104314761,,https://www.ebay.com/itm/135818657620,PSA APR
Team Rocket,Dark Hypno,9/82,1st Edition,PSA 10,2025-05-27,761,USD,eBay,auction,FALSE,,46231940,,https://www.ebay.com/itm/127128851287,PSA APR
Team Rocket,Dark Hypno,9/82,1st Edition,PSA 10,2025-05-17,575,USD,eBay,BIN,FALSE,,109030256,,https://www.ebay.com/itm/286556296697,PSA APR
Team Rocket,Dark Hypno,9/82,1st Edition,PSA 10,2025-05-01,700,USD,eBay,BIN,FALSE,,71697115,,https://www.ebay.com/itm/306280500131,PSA APR
Team Rocket,Dark Hypno,9/82,1st Edition,PSA 10,2025-04-21,601,USD,eBay,auction,FALSE,,18608721,,https://www.ebay.com/itm/356749022715,PSA APR
Team Rocket,Dark Hypno,9/82,1st Edition,PSA 10,2025-04-14,500,USD,eBay,BIN,FALSE,,71697115,,https://www.ebay.com/itm/297215001525,PSA APR
Team Rocket,Dark Hypno,9/82,1st Edition,PSA 10,2025-04-07,599.99,USD,eBay,BIN,FALSE,,24879851,,https://www.ebay.com/itm/286371004891,PSA APR
Team Rocket,Dark Hypno,9/82,1st Edition,PSA 10,2025-04-06,730,USD,eBay,auction,FALSE,,74801459,,https://www.ebay.com/itm/286444862672,PSA APR
Team Rocket,Dark Hypno,9/82,1st Edition,PSA 10,2025-04-05,690,USD,eBay,BIN,FALSE,,40772752,,https://www.ebay.com/itm/405566460507,PSA APR
Team Rocket,Dark Hypno,9/82,1st Edition,PSA 10,2025-04-03,535,USD,eBay,auction,FALSE,,57130294,,https://www.ebay.com/itm/116537053672,PSA APR
Team Rocket,Dark Hypno,9/82,1st Edition,PSA 10,2025-03-30,477,USD,eBay,auction,FALSE,,47698327,,https://www.ebay.com/itm/286428037610,PSA APR
Team Rocket,Dark Hypno,9/82,1st Edition,PSA 10,2025-03-24,504,USD,Fanatics Collect,auction,FALSE,,42821788,,https://www.fanaticscollect.com/weekly/3c6b5750-feb6-11ef-8b1a-0a58a9feac02,PSA APR
Team Rocket,Dark Hypno,9/82,1st Edition,PSA 10,2025-03-15,499.97,USD,eBay,BIN,FALSE,,48445749,,https://www.ebay.com/itm/236000435908,PSA APR
Team Rocket,Dark Hypno,9/82,1st Edition,PSA 10,2025-03-06,450,USD,eBay,best offer,TRUE,,44785615,,https://www.ebay.com/itm/286385092130,PSA APR
Team Rocket,Dark Hypno,9/82,1st Edition,PSA 10,2025-03-02,690,USD,eBay,auction,FALSE,,44555748,,https://www.ebay.com/itm/286349681491,PSA APR
Team Rocket,Dark Hypno,9/82,1st Edition,PSA 10,2025-02-20,446.92,USD,eBay,best offer,TRUE,,43959423,,https://www.ebay.com/itm/396205512625,PSA APR
Team Rocket,Dark Hypno,9/82,1st Edition,PSA 10,2025-02-03,373.16,USD,eBay,BIN,FALSE,,98370831,,https://www.ebay.com/itm/405437216922,PSA APR
Team Rocket,Dark Hypno,9/82,1st Edition,PSA 10,2025-02-01,450,USD,eBay,best offer,TRUE,,68479574,,https://www.ebay.com/itm/204567229393,PSA APR
Team Rocket,Dark Hypno,9/82,1st Edition,PSA 10,2025-01-27,459.99,USD,eBay,best offer,TRUE,,27632778,,https://www.ebay.com/itm/155091690988,PSA APR
Team Rocket,Dark Hypno,9/82,1st Edition,PSA 10,2025-01-16,382.25,USD,eBay,best offer,TRUE,,27239105,,https://www.ebay.com/itm/265941758885,PSA APR
Team Rocket,Dark Hypno,9/82,1st Edition,PSA 10,2024-12-11,355,USD,eBay,auction,FALSE,,53253123,,https://www.ebay.com/itm/375839545366,PSA APR
Team Rocket,Dark Hypno,9/82,1st Edition,PSA 10,2024-10-01,296.02,USD,eBay,auction,FALSE,,90966537,,https://www.ebay.com/itm/276654307198,PSA APR
Team Rocket,Dark Hypno,9/82,1st Edition,PSA 10,2024-09-17,320,USD,eBay,auction,FALSE,,41522717,,https://www.ebay.com/itm/375639671509,PSA APR
Team Rocket,Dark Hypno,9/82,1st Edition,PSA 10,2024-08-28,358,USD,eBay,auction,FALSE,,41522717,,https://www.ebay.com/itm/375602722189,PSA APR
Team Rocket,Dark Hypno,9/82,1st Edition,PSA 10,2024-08-14,307.88,USD,eBay,auction,FALSE,,90966537,,https://www.ebay.com/itm/405151682278,PSA APR
Team Rocket,Dark Hypno,9/82,1st Edition,PSA 10,2024-08-13,300,USD,eBay,auction,FALSE,,94414376,,https://www.ebay.com/itm/395584375396,PSA APR
Team Rocket,Dark Hypno,9/82,1st Edition,PSA 10,2024-07-17,311.99,USD,eBay,auction,FALSE,,64761186,,https://www.ebay.com/itm/266897811092,PSA APR
Team Rocket,Dark Hypno,9/82,1st Edition,PSA 10,2024-03-24,317.88,USD,eBay,auction,FALSE,,27864198,,https://www.ebay.com/itm/176285307334,PSA APR
Team Rocket,Dark Hypno,9/82,1st Edition,PSA 10,2024-01-28,286,USD,eBay,auction,FALSE,,41200512,,https://www.ebay.com/itm/325972677970,PSA APR
Team Rocket,Dark Hypno,9/82,1st Edition,PSA 10,2023-10-15,365,USD,eBay,auction,FALSE,,47202427,,https://www.ebay.com/itm/285502958343,PSA APR
Team Rocket,Dark Machamp,10/82,1st Edition,PSA 10,2026-09-24,4000,USD,Fanatics Collect,BIN,FALSE,,44434691,,https://www.fanaticscollect.com/buy-now/18efa09e-82f3-4422-a4ea-3a5284c54d0f,PSA APR
Team Rocket,Dark Machamp,10/82,1st Edition,PSA 10,2026-09-14,3000,USD,Fanatics Collect,auction,FALSE,,44027287,,https://www.fanaticscollect.com/weekly/7c17aaec-a86b-11f1-b4e5-06d19b0b9c59,PSA APR
Team Rocket,Dark Machamp,10/82,1st Edition,PSA 10,2026-09-14,3355,USD,Goldin Auctions,auction,FALSE,,42002711,,https://goldin.co/item/2000-pokemon-team-rocket-1st-edition-holo-10-dark-machamp-psa-gem-mt-1nga3q,PSA APR
Team Rocket,Dark Machamp,10/82,1st Edition,PSA 10,2026-05-24,3450,USD,eBay,auction,FALSE,,28217077,,https://www.ebay.com/itm/298322393154,PSA APR
Team Rocket,Dark Machamp,10/82,1st Edition,PSA 10,2026-05-18,3120,USD,Fanatics Collect,auction,FALSE,,27833260,,https://www.fanaticscollect.com/weekly/f3206202-4932-11f1-8d42-0a58a9feac02,PSA APR
Team Rocket,Dark Machamp,10/82,1st Edition,PSA 10,2026-05-14,3250,USD,Heritage Auctions,auction,FALSE,,27485252,,https://comics.ha.com/itm/memorabilia/trading-cards/pokemon-dark-machamp-10-1st-edition-team-rocket-psa-trading-card-game-gem-mint-10-wizards-of-the-coast-2000-rare-holo/a/43246-78084.s,PSA APR
Team Rocket,Dark Machamp,10/82,1st Edition,PSA 10,2026-05-04,3137,USD,Goldin Auctions,auction,FALSE,,27988086,,https://goldin.co/item/2000-pokemon-team-rocket-1st-edition-holo-10-dark-machamp-psa-gem-mt-11cpow,PSA APR
Team Rocket,Dark Machamp,10/82,1st Edition,PSA 10,2026-05-01,4300,USD,eBay,best offer,TRUE,,44285181,,https://www.ebay.com/itm/287282765559,PSA APR
Team Rocket,Dark Machamp,10/82,1st Edition,PSA 10,2026-04-27,3000,USD,Fanatics Collect,auction,FALSE,,44434691,,https://www.fanaticscollect.com/weekly/dae1303a-3524-11f1-aa91-0a58a9feac02,PSA APR
Team Rocket,Dark Machamp,10/82,1st Edition,PSA 10,2026-04-08,4450,USD,Fanatics Collect,BIN,FALSE,,28454745,,https://www.fanaticscollect.com/buy-now/25ea3711-4fcd-4f9e-9247-a5a09f6344c5,PSA APR
Team Rocket,Dark Machamp,10/82,1st Edition,PSA 10,2026-04-06,3720,USD,Fanatics Collect,auction,FALSE,,28548509,,https://www.fanaticscollect.com/weekly/dc74deec-1eef-11f1-b994-0a58a9feac02,PSA APR
Team Rocket,Dark Machamp,10/82,1st Edition,PSA 10,2026-03-27,3855.88,USD,eBay,auction,FALSE,,27833259,,https://www.ebay.com/itm/306832256008,PSA APR
Team Rocket,Dark Machamp,10/82,1st Edition,PSA 10,2026-03-12,7000,USD,Fanatics Collect,best offer,TRUE,,27988086,,https://www.fanaticscollect.com/buy-now/146838b1-f56f-403f-8903-97e3063e343e,PSA APR
Team Rocket,Dark Machamp,10/82,1st Edition,PSA 10,2026-01-26,3050,USD,eBay,auction,FALSE,,28217077,,https://www.ebay.com/itm/306718579030,PSA APR
Team Rocket,Dark Machamp,10/82,1st Edition,PSA 10,2026-01-17,3100,USD,eBay,best offer,TRUE,,80013348,,https://www.ebay.com/itm/257309710825,PSA APR
Team Rocket,Dark Machamp,10/82,1st Edition,PSA 10,2025-12-31,2800,USD,eBay,BIN,FALSE,,28217077,,https://www.ebay.com/itm/116955588216,PSA APR
Team Rocket,Dark Machamp,10/82,1st Edition,PSA 10,2025-12-08,1998.23,USD,eBay,best offer,TRUE,,69080093,,https://www.ebay.com/itm/116879511377,PSA APR
Team Rocket,Dark Machamp,10/82,1st Edition,PSA 10,2025-10-06,1230,USD,Fanatics Collect,auction,FALSE,,28548509,,https://www.fanaticscollect.com/weekly/7fbc9d98-9b0f-11f0-a814-0a58a9feac02,PSA APR
Team Rocket,Dark Machamp,10/82,1st Edition,PSA 10,2025-09-26,1350,USD,eBay,BIN,FALSE,,72660184,,https://www.ebay.com/itm/167740061049,PSA APR
Team Rocket,Dark Machamp,10/82,1st Edition,PSA 10,2025-09-08,1140,USD,Fanatics Collect,auction,FALSE,,86016945,,https://www.fanaticscollect.com/weekly/11142404-8162-11f0-9b77-0a9ef0c878c3,PSA APR
Team Rocket,Dark Machamp,10/82,1st Edition,PSA 10,2025-08-25,1350,USD,eBay,auction,FALSE,,23509452,,https://www.ebay.com/itm/365804380844,PSA APR
Team Rocket,Dark Machamp,10/82,1st Edition,PSA 10,2025-07-26,1045,USD,eBay,auction,FALSE,,114833829,,https://www.ebay.com/itm/297476070419,PSA APR
Team Rocket,Dark Machamp,10/82,1st Edition,PSA 10,2025-07-22,1000,USD,eBay,BIN,FALSE,,41324772,,https://www.ebay.com/itm/306410141717,PSA APR
Team Rocket,Dark Machamp,10/82,1st Edition,PSA 10,2025-05-04,756.39,USD,eBay,BIN,FALSE,,25768751,,https://www.ebay.com/itm/166025747760,PSA APR
Team Rocket,Dark Machamp,10/82,1st Edition,PSA 10,2025-03-31,1050,USD,Fanatics Collect,auction,FALSE,,27833259,,https://www.fanaticscollect.com/weekly/a039cfc4-fa3c-11ef-b716-0a58a9feac02,PSA APR
Team Rocket,Dark Machamp,10/82,1st Edition,PSA 10,2025-02-13,1055,USD,eBay,auction,FALSE,,72660184,,https://www.ebay.com/itm/306089927592,PSA APR
Team Rocket,Dark Machamp,10/82,1st Edition,PSA 10,2025-02-01,950,USD,eBay,best offer,TRUE,,42688118,,https://www.ebay.com/itm/195499341029,PSA APR
Team Rocket,Dark Machamp,10/82,1st Edition,PSA 10,2025-01-17,760,USD,eBay,best offer,TRUE,,71521710,,https://www.ebay.com/itm/196953689824,PSA APR
Team Rocket,Dark Machamp,10/82,1st Edition,PSA 10,2025-01-08,650,USD,eBay,best offer,TRUE,,89081581,,https://www.ebay.com/itm/365312066323,PSA APR
Team Rocket,Dark Machamp,10/82,1st Edition,PSA 10,2024-10-09,565.55,USD,eBay,auction,FALSE,,89081581,,https://www.ebay.com/itm/305807267342,PSA APR
Team Rocket,Dark Machamp,10/82,1st Edition,PSA 10,2024-01-28,405,USD,eBay,auction,FALSE,,41200513,,https://www.ebay.com/itm/325972677987,PSA APR
Team Rocket,Dark Machamp,10/82,1st Edition,PSA 10,2023-10-30,380,USD,eBay,auction,FALSE,,80013348,,https://www.ebay.com/itm/126145429544,PSA APR
Team Rocket,Dark Magneton,11/82,1st Edition,PSA 10,2026-09-24,36000,USD,Fanatics Collect,best offer,TRUE,,47136691,,https://www.fanaticscollect.com/buy-now/9cac6928-a4db-4a75-b9c4-d5bda7e7492d,PSA APR
Team Rocket,Dark Magneton,11/82,1st Edition,PSA 10,2026-09-21,27600,USD,Fanatics Collect,auction,FALSE,,23841364,,https://www.fanaticscollect.com/weekly/3a517d5e-a695-11f1-9f0f-0a58a9feac02,PSA APR
Team Rocket,Dark Magneton,11/82,1st Edition,PSA 10,2026-09-14,22800,USD,Fanatics Collect,auction,FALSE,,47136691,,https://www.fanaticscollect.com/weekly/7c28e03c-a86b-11f1-97ae-06d19b0b9c59,PSA APR
Team Rocket,Dark Magneton,11/82,1st Edition,PSA 10,2026-05-04,28200,USD,Fanatics Collect,auction,FALSE,,23841364,,https://www.fanaticscollect.com/weekly/f501ca80-3932-11f1-b6f7-0a58a9feac02,PSA APR
Team Rocket,Dark Magneton,11/82,1st Edition,PSA 10,2026-05-04,25620,USD,Goldin Auctions,auction,FALSE,,86899279,,https://goldin.co/item/2000-pokemon-team-rocket-1st-edition-holo-11-dark-magneton-psa-gem-mttt7e0,PSA APR
Team Rocket,Dark Magneton,11/82,1st Edition,PSA 10,2026-03-16,27000,USD,Fanatics Collect,auction,FALSE,,86899279,,https://www.fanaticscollect.com/weekly/971fedfa-1724-11f1-b878-0add3626640f,PSA APR
Team Rocket,Dark Magneton,11/82,1st Edition,PSA 10,2025-07-14,6600,USD,Fanatics Collect,auction,FALSE,,60387184,,https://www.fanaticscollect.com/weekly/4f38e046-55d2-11f0-9083-0a58a9feac02,PSA APR
Team Rocket,Dark Magneton,11/82,1st Edition,PSA 10,2025-03-17,5162,USD,Fanatics Collect,best offer,TRUE,,60387184,,https://www.fanaticscollect.com/fixed/90972b22-44f0-11ef-a7ce-06812bf7bee5,PSA APR
Team Rocket,Dark Magneton,11/82,1st Edition,PSA 10,2025-02-24,5280,USD,Fanatics Collect,auction,FALSE,,27207366,,https://www.fanaticscollect.com/weekly/45a1f70a-ddf2-11ef-a6c5-0a58a9feac02,PSA APR
Team Rocket,Dark Slowbro,12/82,1st Edition,PSA 10,2026-09-23,4077.29,USD,eBay,BIN,FALSE,,41267629,,https://www.ebay.com/itm/358913341820,PSA APR
Team Rocket,Dark Slowbro,12/82,1st Edition,PSA 10,2026-09-23,4999.99,USD,eBay,BIN,FALSE,,28224506,,https://www.ebay.com/itm/307151072386,PSA APR
Team Rocket,Dark Slowbro,12/82,1st Edition,PSA 10,2026-09-23,4275,USD,eBay,BIN,FALSE,,41773416,,https://www.ebay.com/itm/287232988510,PSA APR
Team Rocket,Dark Slowbro,12/82,1st Edition,PSA 10,2026-09-21,3720,USD,Fanatics Collect,auction,FALSE,,41587232,,https://www.fanaticscollect.com/weekly/7b7ee294-adfc-11f1-a365-06ffc697317d,PSA APR
Team Rocket,Dark Slowbro,12/82,1st Edition,PSA 10,2026-09-14,3480,USD,Fanatics Collect,auction,FALSE,,44179972,,https://www.fanaticscollect.com/weekly/7c3056be-a86b-11f1-a259-06d19b0b9c59,PSA APR
Team Rocket,Dark Slowbro,12/82,1st Edition,PSA 10,2026-08-03,2600,USD,eBay,auction,FALSE,,27584474,,https://www.ebay.com/itm/168558574171,PSA APR
Team Rocket,Dark Slowbro,12/82,1st Edition,PSA 10,2026-07-20,3000,USD,Fanatics Collect,auction,FALSE,,66700918,,https://www.fanaticscollect.com/weekly/16710904-6f68-11f1-b956-0a58a9feac02,PSA APR
Team Rocket,Dark Slowbro,12/82,1st Edition,PSA 10,2026-06-05,4495,USD,Fanatics Collect,BIN,FALSE,,44959221,,https://www.fanaticscollect.com/buy-now/5b8a03dc-7fe7-4638-9bd0-4cc7abad7609,PSA APR
Team Rocket,Dark Slowbro,12/82,1st Edition,PSA 10,2026-05-11,3218,USD,eBay,auction,FALSE,,41662603,,https://www.ebay.com/itm/389970654316,PSA APR
Team Rocket,Dark Slowbro,12/82,1st Edition,PSA 10,2026-05-04,2771,USD,Goldin Auctions,auction,FALSE,,45992333,,https://goldin.co/item/2000-pokemon-team-rocket-1st-edition-holo-12-dark-slowbro-psa-gem-mt-1903ta,PSA APR
Team Rocket,Dark Slowbro,12/82,1st Edition,PSA 10,2026-05-04,3965,USD,Goldin Auctions,auction,FALSE,,76741818,,https://goldin.co/item/2000-pokemon-rocket-1st-edition-holo-12-dark-slowbro-psa-gem-mt-106b7kh,PSA APR
Team Rocket,Dark Slowbro,12/82,1st Edition,PSA 10,2026-04-11,3841,USD,eBay,auction,FALSE,,70419195,,https://www.ebay.com/itm/257444311088,PSA APR
Team Rocket,Dark Slowbro,12/82,1st Edition,PSA 10,2026-04-09,4150,USD,eBay,auction,FALSE,,41662603,,https://www.ebay.com/itm/389832983119,PSA APR
Team Rocket,Dark Slowbro,12/82,1st Edition,PSA 10,2026-04-05,3550,USD,eBay,auction,FALSE,,70419195,,https://www.ebay.com/itm/257438592762,PSA APR
Team Rocket,Dark Slowbro,12/82,1st Edition,PSA 10,2026-04-05,4150,USD,eBay,auction,FALSE,,41438004,,https://www.ebay.com/itm/298167399291,PSA APR
Team Rocket,Dark Slowbro,12/82,1st Edition,PSA 10,2026-04-01,3450,USD,eBay,auction,FALSE,,27165036,,https://www.ebay.com/itm/366301122699,PSA APR
Team Rocket,Dark Slowbro,12/82,1st Edition,PSA 10,2026-03-31,3749.99,USD,eBay,BIN,FALSE,,27904321,,https://www.ebay.com/itm/298180259542,PSA APR
Team Rocket,Dark Slowbro,12/82,1st Edition,PSA 10,2026-03-30,3720,USD,Fanatics Collect,auction,FALSE,,46923938,,https://www.fanaticscollect.com/weekly/dc6edbbe-1eef-11f1-a1f7-0a58a9feac02,PSA APR
Team Rocket,Dark Slowbro,12/82,1st Edition,PSA 10,2026-03-27,4065.4,USD,eBay,auction,FALSE,,21345508,,https://www.ebay.com/itm/306832256007,PSA APR
Team Rocket,Dark Slowbro,12/82,1st Edition,PSA 10,2026-03-20,3850,USD,eBay,best offer,TRUE,,21562504,,https://www.ebay.com/itm/267609441783,PSA APR
Team Rocket,Dark Slowbro,12/82,1st Edition,PSA 10,2026-03-16,6344,USD,Goldin Auctions,auction,FALSE,,45992333,,https://goldin.co/item/2000-pokemon-team-rocket-1st-edition-holo-12-dark-slowbro-psa-gem-mt-1qaiuj,PSA APR
Team Rocket,Dark Slowbro,12/82,1st Edition,PSA 10,2026-02-11,3000,USD,eBay,best offer,TRUE,,65501543,,https://www.ebay.com/itm/187154729078,PSA APR
Team Rocket,Dark Slowbro,12/82,1st Edition,PSA 10,2026-02-01,3353.93,USD,eBay,auction,FALSE,,76741818,,https://www.ebay.com/itm/257308426235,PSA APR
Team Rocket,Dark Slowbro,12/82,1st Edition,PSA 10,2026-01-26,1900,USD,eBay,auction,FALSE,,43506138,,https://www.ebay.com/itm/306722540471,PSA APR
Team Rocket,Dark Slowbro,12/82,1st Edition,PSA 10,2026-01-05,2040,USD,Fanatics Collect,auction,FALSE,,27998808,,https://www.fanaticscollect.com/weekly/14db4cf8-e0d4-11f0-94fd-0a58a9feac02,PSA APR
Team Rocket,Dark Slowbro,12/82,1st Edition,PSA 10,2026-01-01,1799.99,USD,eBay,BIN,FALSE,,43506138,,https://www.ebay.com/itm/236434637648,PSA APR
Team Rocket,Dark Slowbro,12/82,1st Edition,PSA 10,2025-12-29,1675,USD,eBay,best offer,TRUE,,28781177,,https://www.ebay.com/itm/389404808976,PSA APR
Team Rocket,Dark Slowbro,12/82,1st Edition,PSA 10,2025-12-29,1599,USD,eBay,best offer,TRUE,,68544060,,https://www.ebay.com/itm/116943509040,PSA APR
Team Rocket,Dark Slowbro,12/82,1st Edition,PSA 10,2025-12-19,1625,USD,eBay,best offer,TRUE,,41662603,,https://www.ebay.com/itm/297772289590,PSA APR
Team Rocket,Dark Slowbro,12/82,1st Edition,PSA 10,2025-11-02,1444.69,USD,eBay,best offer,TRUE,,28428862,,https://www.ebay.com/itm/127459532088,PSA APR
Team Rocket,Dark Slowbro,12/82,1st Edition,PSA 10,2025-10-21,1050,USD,eBay,auction,FALSE,,64389408,,https://www.ebay.com/itm/267436445721,PSA APR
Team Rocket,Dark Slowbro,12/82,1st Edition,PSA 10,2025-10-06,1260,USD,Fanatics Collect,auction,FALSE,,46923938,,https://www.fanaticscollect.com/weekly/81d29788-9801-11f0-98fe-02d93b7d50ab,PSA APR
Team Rocket,Dark Slowbro,12/82,1st Edition,PSA 10,2025-07-22,996,USD,eBay,auction,FALSE,,25649652,,https://www.ebay.com/itm/376397966497,PSA APR
Team Rocket,Dark Slowbro,12/82,1st Edition,PSA 10,2025-07-14,780,USD,Fanatics Collect,auction,FALSE,,27998808,,https://www.fanaticscollect.com/weekly/35e25ac6-3c6b-11f0-843b-0a58a9feac02,PSA APR
Team Rocket,Dark Slowbro,12/82,1st Edition,PSA 10,2025-07-05,615,USD,eBay,best offer,TRUE,,28585513,,https://www.ebay.com/itm/405401572094,PSA APR
Team Rocket,Dark Slowbro,12/82,1st Edition,PSA 10,2025-06-06,700,USD,eBay,best offer,TRUE,,26602702,,https://www.ebay.com/itm/205538051453,PSA APR
Team Rocket,Dark Slowbro,12/82,1st Edition,PSA 10,2025-06-02,960,USD,Fanatics Collect,auction,FALSE,,51039959,,https://www.fanaticscollect.com/weekly/b3aa70b4-34bf-11f0-918a-061017c7d157,PSA APR
Team Rocket,Dark Slowbro,12/82,1st Edition,PSA 10,2025-04-22,781,USD,eBay,auction,FALSE,,57356601,,https://www.ebay.com/itm/388261959949,PSA APR
Team Rocket,Dark Slowbro,12/82,1st Edition,PSA 10,2025-03-06,760,USD,eBay,BIN,FALSE,,28380740,,https://www.ebay.com/itm/306128305658,PSA APR
Team Rocket,Dark Slowbro,12/82,1st Edition,PSA 10,2025-02-03,899,USD,eBay,BIN,FALSE,,28278910,,https://www.ebay.com/itm/306057518029,PSA APR
Team Rocket,Dark Slowbro,12/82,1st Edition,PSA 10,2025-02-01,900,USD,eBay,best offer,TRUE,,95154388,,https://www.ebay.com/itm/316024041177,PSA APR
Team Rocket,Dark Slowbro,12/82,1st Edition,PSA 10,2025-01-30,860,USD,eBay,auction,FALSE,,43633500,,https://www.ebay.com/itm/365358247284,PSA APR
Team Rocket,Dark Slowbro,12/82,1st Edition,PSA 10,2025-01-12,463.89,USD,eBay,BIN,FALSE,,22288612,,https://www.ebay.com/itm/166025756971,PSA APR
Team Rocket,Dark Slowbro,12/82,1st Edition,PSA 10,2025-01-12,500,USD,eBay,auction,FALSE,,72660188,,https://www.ebay.com/itm/387793760710,PSA APR
Team Rocket,Dark Slowbro,12/82,1st Edition,PSA 10,2024-12-27,515,USD,eBay,auction,FALSE,,28380740,,https://www.ebay.com/itm/365291727729,PSA APR
Team Rocket,Dark Slowbro,12/82,1st Edition,PSA 10,2024-10-20,469.31,USD,eBay,auction,FALSE,,28397634,,https://www.ebay.com/itm/167025913874,PSA APR
Team Rocket,Dark Slowbro,12/82,1st Edition,PSA 10,2024-10-10,510,USD,eBay,auction,FALSE,,44574568,,https://www.ebay.com/itm/395744568722,PSA APR
Team Rocket,Dark Slowbro,12/82,1st Edition,PSA 10,2024-09-25,550,USD,eBay,auction,FALSE,,44574568,,https://www.ebay.com/itm/395688285600,PSA APR
Team Rocket,Dark Slowbro,12/82,1st Edition,PSA 10,2024-09-16,436.14,USD,eBay,auction,FALSE,,43029838,,https://www.ebay.com/itm/286047445647,PSA APR
Team Rocket,Dark Slowbro,12/82,1st Edition,PSA 10,2024-09-01,453.88,USD,eBay,auction,FALSE,,28397634,,https://www.ebay.com/itm/166936887433,PSA APR
Team Rocket,Dark Slowbro,12/82,1st Edition,PSA 10,2024-08-28,525,USD,eBay,auction,FALSE,,43590035,,https://www.ebay.com/itm/387313985826,PSA APR
Team Rocket,Dark Slowbro,12/82,1st Edition,PSA 10,2024-04-15,514.69,USD,eBay,auction,FALSE,,83685890,,https://www.ebay.com/itm/315275889434,PSA APR
Team Rocket,Dark Vileplume,13/82,1st Edition,PSA 10,2026-09-25,3311.38,USD,eBay,BIN,FALSE,,41336914,,https://www.ebay.com/itm/358578568617,PSA APR
Team Rocket,Dark Vileplume,13/82,1st Edition,PSA 10,2026-09-14,1860,USD,Fanatics Collect,auction,FALSE,,43157932,,https://www.fanaticscollect.com/weekly/7c2e7236-a86b-11f1-8173-06d19b0b9c59,PSA APR
Team Rocket,Dark Vileplume,13/82,1st Edition,PSA 10,2026-08-10,1410,USD,Fanatics Collect,auction,FALSE,,98476271,,https://www.fanaticscollect.com/weekly/63e1d4dc-8aef-11f1-8c62-02fff561b66f,PSA APR
Team Rocket,Dark Vileplume,13/82,1st Edition,PSA 10,2026-07-20,1380,USD,Fanatics Collect,auction,FALSE,,44406615,,https://www.fanaticscollect.com/weekly/165e8ab8-6f68-11f1-83ee-0a58a9feac02,PSA APR
Team Rocket,Dark Vileplume,13/82,1st Edition,PSA 10,2026-07-19,1658.66,USD,eBay,auction,FALSE,,28944293,,https://www.ebay.com/itm/137494873760,PSA APR
Team Rocket,Dark Vileplume,13/82,1st Edition,PSA 10,2026-06-30,1825,USD,eBay,BIN,FALSE,,21625653,,https://www.ebay.com/itm/117265738665,PSA APR
Team Rocket,Dark Vileplume,13/82,1st Edition,PSA 10,2026-05-04,1647,USD,Goldin Auctions,auction,FALSE,,26953763,,https://goldin.co/item/2000-pokemon-team-rocket-1st-edition-holo-6-vileplume-psa-gem-mt-10lr3yo,PSA APR
Team Rocket,Dark Vileplume,13/82,1st Edition,PSA 10,2026-04-22,2025,USD,eBay,auction,FALSE,,27342445,,https://www.ebay.com/itm/298224011525,PSA APR
Team Rocket,Dark Vileplume,13/82,1st Edition,PSA 10,2026-04-09,2394,USD,eBay,auction,FALSE,,21625653,,https://www.ebay.com/itm/389832983118,PSA APR
Team Rocket,Dark Vileplume,13/82,1st Edition,PSA 10,2026-03-30,3480,USD,Fanatics Collect,auction,FALSE,,55515934,,https://www.fanaticscollect.com/weekly/ca4559c8-21cd-11f1-ba21-06fcb4cec74f,PSA APR
Team Rocket,Dark Vileplume,13/82,1st Edition,PSA 10,2026-03-11,4200,USD,eBay,best offer,TRUE,,68491142,,https://www.ebay.com/itm/127731566279,PSA APR
Team Rocket,Dark Vileplume,13/82,1st Edition,PSA 10,2025-10-27,1050,USD,Fanatics Collect,auction,FALSE,,21355216,,https://www.fanaticscollect.com/weekly/d49388e2-a3fa-11f0-9890-06297e818c2d,PSA APR
Team Rocket,Dark Vileplume,13/82,1st Edition,PSA 10,2025-07-11,723.02,USD,eBay,auction,FALSE,,26442903,,https://www.ebay.com/itm/205594424707,PSA APR
Team Rocket,Dark Vileplume,13/82,1st Edition,PSA 10,2025-07-10,790,USD,eBay,BIN,FALSE,,28547125,,https://www.ebay.com/itm/277259437216,PSA APR
Team Rocket,Dark Vileplume,13/82,1st Edition,PSA 10,2025-06-23,830,USD,eBay,best offer,TRUE,,44285182,,https://www.ebay.com/itm/177116116755,PSA APR
Team Rocket,Dark Vileplume,13/82,1st Edition,PSA 10,2025-06-18,790,USD,eBay,best offer,TRUE,,67501279,,https://www.ebay.com/itm/405794001984,PSA APR
Team Rocket,Dark Vileplume,13/82,1st Edition,PSA 10,2025-03-25,627.71,USD,eBay,BIN,FALSE,,28380741,,https://www.ebay.com/itm/388144674185,PSA APR
Team Rocket,Dark Vileplume,13/82,1st Edition,PSA 10,2025-03-03,672.46,USD,eBay,best offer,TRUE,,27911200,,https://www.ebay.com/itm/396205491245,PSA APR
Team Rocket,Dark Vileplume,13/82,1st Edition,PSA 10,2025-01-31,725,USD,Fanatics Collect,BIN,FALSE,,77883920,,https://www.fanaticscollect.com/fixed/04022fea-d4ec-11ef-810a-0a58a9feac02,PSA APR
Team Rocket,Dark Vileplume,13/82,1st Edition,PSA 10,2024-08-23,370,USD,eBay,auction,FALSE,,48775021,,https://www.ebay.com/itm/365068220996,PSA APR
Team Rocket,Dark Vileplume,13/82,1st Edition,PSA 10,2024-04-30,385,USD,eBay,auction,FALSE,,27253891,,https://www.ebay.com/itm/305528427000,PSA APR
Team Rocket,Dark Vileplume,13/82,1st Edition,PSA 10,2023-12-03,381.83,USD,eBay,auction,FALSE,,43196757,,https://www.ebay.com/itm/134822878671,PSA APR
Team Rocket,Dark Weezing,14/82,1st Edition,PSA 10,2026-09-27,1936.56,USD,eBay,best offer,TRUE,,58150682,,https://www.ebay.com/itm/800715762431,PSA APR
Team Rocket,Dark Weezing,14/82,1st Edition,PSA 10,2026-09-26,1263.87,USD,eBay,BIN,FALSE,,41177581,,https://www.ebay.com/itm/327349900609,PSA APR
Team Rocket,Dark Weezing,14/82,1st Edition,PSA 10,2026-09-26,1500,USD,eBay,best offer,TRUE,,27342449,,https://www.ebay.com/itm/298707286175,PSA APR
Team Rocket,Dark Weezing,14/82,1st Edition,PSA 10,2026-09-24,1414.29,USD,eBay,BIN,FALSE,,117421635,,https://www.ebay.com/itm/287555474045,PSA APR
Team Rocket,Dark Weezing,14/82,1st Edition,PSA 10,2026-09-24,1190,USD,Fanatics Collect,best offer,TRUE,,43362892,,https://www.fanaticscollect.com/buy-now/1c5a8ad9-d24c-4d34-b652-47ffcceb8b00,PSA APR
Team Rocket,Dark Weezing,14/82,1st Edition,PSA 10,2026-09-24,1600,USD,eBay,best offer,TRUE,,72969431,,https://www.ebay.com/itm/257496162165,PSA APR
Team Rocket,Dark Weezing,14/82,1st Edition,PSA 10,2026-09-24,1499.99,USD,eBay,BIN,FALSE,,43626433,,https://www.ebay.com/itm/298435706161,PSA APR
Team Rocket,Dark Weezing,14/82,1st Edition,PSA 10,2026-09-24,1500,USD,eBay,best offer,TRUE,,90910980,,https://www.ebay.com/itm/117202226821,PSA APR
Team Rocket,Dark Weezing,14/82,1st Edition,PSA 10,2026-09-24,1399.99,USD,eBay,best offer,TRUE,,43959449,,https://www.ebay.com/itm/307070651056,PSA APR
Team Rocket,Dark Weezing,14/82,1st Edition,PSA 10,2026-09-14,1080,USD,Fanatics Collect,auction,FALSE,,44027286,,https://www.fanaticscollect.com/weekly/7c270ec4-a86b-11f1-bf18-06d19b0b9c59,PSA APR
Team Rocket,Dark Weezing,14/82,1st Edition,PSA 10,2026-09-09,902.81,USD,eBay,best offer,TRUE,,41177581,,https://www.ebay.com/itm/327342702432,PSA APR
Team Rocket,Dark Weezing,14/82,1st Edition,PSA 10,2026-07-20,870,USD,Fanatics Collect,auction,FALSE,,43362892,,https://www.fanaticscollect.com/weekly/167d11fe-6f68-11f1-8264-0a58a9feac02,PSA APR
Team Rocket,Dark Weezing,14/82,1st Edition,PSA 10,2026-07-18,1100,USD,eBay,BIN,FALSE,,26471722,,https://www.ebay.com/itm/298203642879,PSA APR
Team Rocket,Dark Weezing,14/82,1st Edition,PSA 10,2026-06-24,930,USD,eBay,auction,FALSE,,41442423,,https://www.ebay.com/itm/117250858522,PSA APR
Team Rocket,Dark Weezing,14/82,1st Edition,PSA 10,2026-06-04,898,USD,eBay,auction,FALSE,,42880379,,https://www.ebay.com/itm/267682242760,PSA APR
Team Rocket,Dark Weezing,14/82,1st Edition,PSA 10,2026-05-04,879.08,USD,eBay,auction,FALSE,,53253126,,https://www.ebay.com/itm/298286562381,PSA APR
Team Rocket,Dark Weezing,14/82,1st Edition,PSA 10,2026-05-04,933,USD,Goldin Auctions,auction,FALSE,,28547126,,https://goldin.co/item/2000-pokemon-team-rocket-1st-edition-holo-14-dark-weezing-psa-gem-mt-18olzz,PSA APR
Team Rocket,Dark Weezing,14/82,1st Edition,PSA 10,2026-04-27,909.69,USD,eBay,auction,FALSE,,122518152,,https://www.ebay.com/itm/117149965975,PSA APR
Team Rocket,Dark Weezing,14/82,1st Edition,PSA 10,2026-04-21,950,USD,eBay,BIN,FALSE,,28266206,,https://www.ebay.com/itm/377127372920,PSA APR
Team Rocket,Dark Weezing,14/82,1st Edition,PSA 10,2026-04-17,910,USD,eBay,auction,FALSE,,76507906,,https://www.ebay.com/itm/178038319528,PSA APR
Team Rocket,Dark Weezing,14/82,1st Edition,PSA 10,2026-04-09,1125,USD,eBay,auction,FALSE,,44030260,,https://www.ebay.com/itm/377080050494,PSA APR
Team Rocket,Dark Weezing,14/82,1st Edition,PSA 10,2026-04-09,1025,USD,eBay,auction,FALSE,,44190407,,https://www.ebay.com/itm/117117676562,PSA APR
Team Rocket,Dark Weezing,14/82,1st Edition,PSA 10,2026-04-08,1300,USD,Fanatics Collect,BIN,FALSE,,26979287,,https://www.fanaticscollect.com/buy-now/8cf6ca6a-83cf-493f-86c4-624312d65bac,PSA APR
Team Rocket,Dark Weezing,14/82,1st Edition,PSA 10,2026-04-01,844,USD,eBay,auction,FALSE,,48226952,,https://www.ebay.com/itm/389794208940,PSA APR
Team Rocket,Dark Weezing,14/82,1st Edition,PSA 10,2026-03-30,770,USD,eBay,auction,FALSE,,28534923,,https://www.ebay.com/itm/306837717946,PSA APR
Team Rocket,Dark Weezing,14/82,1st Edition,PSA 10,2026-03-27,1021.79,USD,eBay,auction,FALSE,,42803655,,https://www.ebay.com/itm/306832255986,PSA APR
Team Rocket,Dark Weezing,14/82,1st Edition,PSA 10,2026-03-24,1400,USD,eBay,best offer,TRUE,,101650585,,https://www.ebay.com/itm/298021817449,PSA APR
Team Rocket,Dark Weezing,14/82,1st Edition,PSA 10,2026-03-23,930,USD,Fanatics Collect,auction,FALSE,,26442908,,https://www.fanaticscollect.com/weekly/c3de03c4-1eed-11f1-9505-0a58a9feac02,PSA APR
Team Rocket,Dark Weezing,14/82,1st Edition,PSA 10,2026-03-16,854,USD,Goldin Auctions,auction,FALSE,,45992335,,https://goldin.co/item/2000-pokemon-team-rocket-1st-edition-holo-14-dark-weezing-psa-gem-mt-1sigj7,PSA APR
Team Rocket,Dark Weezing,14/82,1st Edition,PSA 10,2026-03-12,732.16,USD,eBay,auction,FALSE,,23383900,,https://www.ebay.com/itm/358290622205,PSA APR
Team Rocket,Dark Weezing,14/82,1st Edition,PSA 10,2026-03-01,999,USD,Fanatics Collect,BIN,FALSE,,28547126,,https://www.fanaticscollect.com/buy-now/3523e1ab-95fe-43ee-8b54-e6cec15fed99,PSA APR
Team Rocket,Dark Weezing,14/82,1st Edition,PSA 10,2026-02-25,935,USD,eBay,best offer,TRUE,,75009709,,https://www.ebay.com/itm/376985382418,PSA APR
Team Rocket,Dark Weezing,14/82,1st Edition,PSA 10,2026-02-21,825,USD,eBay,best offer,TRUE,,46189160,,https://www.ebay.com/itm/358228997593,PSA APR
Team Rocket,Dark Weezing,14/82,1st Edition,PSA 10,2026-01-25,662.94,USD,eBay,BIN,FALSE,,27312642,,https://www.ebay.com/itm/136914226674,PSA APR
Team Rocket,Dark Weezing,14/82,1st Edition,PSA 10,2026-01-13,611.99,USD,eBay,best offer,TRUE,,50455087,,https://www.ebay.com/itm/376839238355,PSA APR
Team Rocket,Dark Weezing,14/82,1st Edition,PSA 10,2026-01-05,1230,USD,Fanatics Collect,auction,FALSE,,117243196,,https://www.fanaticscollect.com/weekly/2001159a-e0d4-11f0-97f0-026a86c3c9db,PSA APR
Team Rocket,Dark Weezing,14/82,1st Edition,PSA 10,2026-01-01,1399.99,USD,eBay,best offer,TRUE,,101650585,,https://www.ebay.com/itm/127571675425,PSA APR
Team Rocket,Dark Weezing,14/82,1st Edition,PSA 10,2025-12-25,1050,USD,eBay,best offer,TRUE,,41442423,,https://www.ebay.com/itm/116816296852,PSA APR
Team Rocket,Dark Weezing,14/82,1st Edition,PSA 10,2025-12-20,419.99,USD,eBay,BIN,FALSE,,42880379,,https://www.ebay.com/itm/406390605701,PSA APR
Team Rocket,Dark Weezing,14/82,1st Edition,PSA 10,2025-12-06,360,USD,eBay,auction,FALSE,,25649650,,https://www.ebay.com/itm/177635218565,PSA APR
Team Rocket,Dark Weezing,14/82,1st Edition,PSA 10,2025-11-24,338.61,USD,eBay,auction,FALSE,,57130293,,https://www.ebay.com/itm/306607441480,PSA APR
Team Rocket,Dark Weezing,14/82,1st Edition,PSA 10,2025-11-17,492,USD,Fanatics Collect,auction,FALSE,,26442908,,https://www.fanaticscollect.com/weekly/53d006dc-b862-11f0-a6b3-0a58a9feac02,PSA APR
Team Rocket,Dark Weezing,14/82,1st Edition,PSA 10,2025-11-14,435,USD,Fanatics Collect,best offer,TRUE,,26327627,,https://www.fanaticscollect.com/fixed/9b1ff59e-b1f3-11f0-b088-0a58a9feac02,PSA APR
Team Rocket,Dark Weezing,14/82,1st Edition,PSA 10,2025-11-13,425,USD,eBay,BIN,FALSE,,45766030,,https://www.ebay.com/itm/167916506660,PSA APR
Team Rocket,Dark Weezing,14/82,1st Edition,PSA 10,2025-11-08,350,USD,eBay,BIN,FALSE,,43972440,,https://www.ebay.com/itm/146949702812,PSA APR
Team Rocket,Dark Weezing,14/82,1st Edition,PSA 10,2025-11-01,260,USD,eBay,best offer,TRUE,,42880379,,https://www.ebay.com/itm/406341366465,PSA APR
Team Rocket,Dark Weezing,14/82,1st Edition,PSA 10,2025-10-27,334.99,USD,eBay,best offer,TRUE,,41071883,,https://www.ebay.com/itm/236410733021,PSA APR
Team Rocket,Dark Weezing,14/82,1st Edition,PSA 10,2025-10-17,400,USD,eBay,best offer,TRUE,,28312730,,https://www.ebay.com/itm/405794620425,PSA APR
Team Rocket,Dark Weezing,14/82,1st Edition,PSA 10,2025-10-16,389.95,USD,eBay,best offer,TRUE,,47558314,,https://www.ebay.com/itm/267414488928,PSA APR
Team Rocket,Dark Weezing,14/82,1st Edition,PSA 10,2025-09-28,400,USD,eBay,best offer,TRUE,,101650585,,https://www.ebay.com/itm/389015769493,PSA APR
Team Rocket,Dark Weezing,14/82,1st Edition,PSA 10,2025-09-14,350,USD,eBay,best offer,TRUE,,44190407,,https://www.ebay.com/itm/334743832796,PSA APR
Team Rocket,Dark Weezing,14/82,1st Edition,PSA 10,2025-09-12,420,USD,eBay,best offer,TRUE,,44736798,,https://www.ebay.com/itm/306493270848,PSA APR
Team Rocket,Dark Weezing,14/82,1st Edition,PSA 10,2025-09-01,331.49,USD,eBay,auction,FALSE,,54430452,,https://www.ebay.com/itm/317202293276,PSA APR
Team Rocket,Dark Weezing,14/82,1st Edition,PSA 10,2025-08-24,355,USD,eBay,auction,FALSE,,114244508,,https://www.ebay.com/itm/116736557996,PSA APR
Team Rocket,Dark Weezing,14/82,1st Edition,PSA 10,2025-08-19,385,USD,eBay,BIN,FALSE,,58150682,,https://www.ebay.com/itm/205677770945,PSA APR
Team Rocket,Dark Weezing,14/82,1st Edition,PSA 10,2025-08-17,410.81,USD,eBay,auction,FALSE,,28142384,,https://www.ebay.com/itm/136277844474,PSA APR
Team Rocket,Dark Weezing,14/82,1st Edition,PSA 10,2025-08-12,260,USD,eBay,auction,FALSE,,25649650,,https://www.ebay.com/itm/365777984398,PSA APR
Team Rocket,Dark Weezing,14/82,1st Edition,PSA 10,2025-08-05,295,USD,eBay,auction,FALSE,,28534923,,https://www.ebay.com/itm/388772247380,PSA APR
Team Rocket,Dark Weezing,14/82,1st Edition,PSA 10,2025-08-03,349,USD,eBay,best offer,TRUE,,59087501,,https://www.ebay.com/itm/157216467815,PSA APR
Team Rocket,Dark Weezing,14/82,1st Edition,PSA 10,2025-08-01,380,USD,eBay,auction,FALSE,,41903965,,https://www.ebay.com/itm/365756949680,PSA APR
Team Rocket,Dark Weezing,14/82,1st Edition,PSA 10,2025-07-28,300,USD,Fanatics Collect,auction,FALSE,,117243196,,https://www.fanaticscollect.com/weekly/df4d0442-626a-11f0-b592-02afd2a02dab,PSA APR
Team Rocket,Dark Weezing,14/82,1st Edition,PSA 10,2025-07-21,413,USD,eBay,auction,FALSE,,27502648,,https://www.ebay.com/itm/286700493668,PSA APR
Team Rocket,Dark Weezing,14/82,1st Edition,PSA 10,2025-07-11,329.99,USD,eBay,BIN,FALSE,,43178802,,https://www.ebay.com/itm/175412357204,PSA APR
Team Rocket,Dark Weezing,14/82,1st Edition,PSA 10,2025-07-10,320,USD,eBay,best offer,TRUE,,85265057,,https://www.ebay.com/itm/146184365808,PSA APR
Team Rocket,Dark Weezing,14/82,1st Edition,PSA 10,2025-07-08,295,USD,eBay,best offer,TRUE,,26442905,,https://www.ebay.com/itm/388681901594,PSA APR
Team Rocket,Dark Weezing,14/82,1st Edition,PSA 10,2025-06-22,295,USD,eBay,best offer,TRUE,,27065737,,https://www.ebay.com/itm/276850065456,PSA APR
Team Rocket,Dark Weezing,14/82,1st Edition,PSA 10,2025-06-21,269.4,USD,eBay,best offer,TRUE,,59087501,,https://www.ebay.com/itm/267241968797,PSA APR
Team Rocket,Dark Weezing,14/82,1st Edition,PSA 10,2025-06-18,322,USD,eBay,auction,FALSE,,44736798,,https://www.ebay.com/itm/388561465532,PSA APR
Team Rocket,Dark Weezing,14/82,1st Edition,PSA 10,2025-06-04,500,USD,Fanatics Collect,best offer,TRUE,,41440659,,https://www.fanaticscollect.com/fixed/930c40be-a6ab-11ef-a93a-0a58a9feac02,PSA APR
Team Rocket,Dark Weezing,14/82,1st Edition,PSA 10,2025-05-29,320,USD,eBay,best offer,TRUE,,41071883,,https://www.ebay.com/itm/226771376885,PSA APR
Team Rocket,Dark Weezing,14/82,1st Edition,PSA 10,2025-05-25,255,USD,eBay,auction,FALSE,,27472869,,https://www.ebay.com/itm/286572052644,PSA APR
Team Rocket,Dark Weezing,14/82,1st Edition,PSA 10,2025-05-09,300,USD,eBay,best offer,TRUE,,42803655,,https://www.ebay.com/itm/306285634061,PSA APR
Team Rocket,Dark Weezing,14/82,1st Edition,PSA 10,2025-04-20,297.99,USD,eBay,BIN,FALSE,,55512772,,https://www.ebay.com/itm/125199995315,PSA APR
Team Rocket,Dark Weezing,14/82,1st Edition,PSA 10,2025-04-09,276.43,USD,eBay,best offer,TRUE,,47558314,,https://www.ebay.com/itm/226616166859,PSA APR
Team Rocket,Dark Weezing,14/82,1st Edition,PSA 10,2025-04-08,242.74,USD,eBay,BIN,FALSE,,40849814,,https://www.ebay.com/itm/166025759520,PSA APR
Team Rocket,Dark Weezing,14/82,1st Edition,PSA 10,2025-04-08,247.5,USD,eBay,best offer,TRUE,,26954424,,https://www.ebay.com/itm/326520994983,PSA APR
Team Rocket,Dark Weezing,14/82,1st Edition,PSA 10,2025-04-06,233.4,USD,eBay,best offer,TRUE,,27472869,,https://www.ebay.com/itm/396205510325,PSA APR
Team Rocket,Dark Weezing,14/82,1st Edition,PSA 10,2025-04-06,290,USD,eBay,auction,FALSE,,64057913,,https://www.ebay.com/itm/286444861875,PSA APR
Team Rocket,Dark Weezing,14/82,1st Edition,PSA 10,2025-04-03,355,USD,eBay,auction,FALSE,,57130293,,https://www.ebay.com/itm/116537078185,PSA APR
Team Rocket,Dark Weezing,14/82,1st Edition,PSA 10,2025-03-30,245.74,USD,eBay,BIN,FALSE,,55027805,,https://www.ebay.com/itm/165960292458,PSA APR
Team Rocket,Dark Weezing,14/82,1st Edition,PSA 10,2025-03-19,299.99,USD,eBay,BIN,FALSE,,46668672,,https://www.ebay.com/itm/286371004961,PSA APR
Team Rocket,Dark Weezing,14/82,1st Edition,PSA 10,2025-03-14,285,USD,eBay,best offer,TRUE,,22602962,,https://www.ebay.com/itm/187013745313,PSA APR
Team Rocket,Dark Weezing,14/82,1st Edition,PSA 10,2025-03-02,295,USD,eBay,auction,FALSE,,44555758,,https://www.ebay.com/itm/286349681488,PSA APR
Team Rocket,Dark Weezing,14/82,1st Edition,PSA 10,2025-03-01,241.97,USD,eBay,best offer,TRUE,,62991648,,https://www.ebay.com/itm/297030446341,PSA APR
Team Rocket,Dark Weezing,14/82,1st Edition,PSA 10,2025-02-26,225,USD,eBay,best offer,TRUE,,94856128,,https://www.ebay.com/itm/226618395713,PSA APR
Team Rocket,Dark Weezing,14/82,1st Edition,PSA 10,2025-02-19,220,USD,eBay,best offer,TRUE,,29088728,,https://www.ebay.com/itm/197033403006,PSA APR
Team Rocket,Dark Weezing,14/82,1st Edition,PSA 10,2025-02-16,200,USD,eBay,best offer,TRUE,,42005260,,https://www.ebay.com/itm/267160217575,PSA APR
Team Rocket,Dark Weezing,14/82,1st Edition,PSA 10,2025-01-27,240,USD,eBay,BIN,FALSE,,45766030,,https://www.ebay.com/itm/296723994496,PSA APR
Team Rocket,Dark Weezing,14/82,1st Edition,PSA 10,2025-01-06,175.5,USD,eBay,auction,FALSE,,61969037,,https://www.ebay.com/itm/276793950796,PSA APR
Team Rocket,Dark Weezing,14/82,1st Edition,PSA 10,2024-12-11,203.5,USD,eBay,auction,FALSE,,53253126,,https://www.ebay.com/itm/387689709823,PSA APR
Team Rocket,Dark Weezing,14/82,1st Edition,PSA 10,2024-11-10,172.5,USD,eBay,auction,FALSE,,74715799,,https://www.ebay.com/itm/286138620357,PSA APR
Team Rocket,Dark Weezing,14/82,1st Edition,PSA 10,2024-10-20,162.96,USD,eBay,auction,FALSE,,22602962,,https://www.ebay.com/itm/167025904327,PSA APR
Team Rocket,Dark Weezing,14/82,1st Edition,PSA 10,2024-09-29,264.13,USD,eBay,auction,FALSE,,41958019,,https://www.ebay.com/itm/286056784489,PSA APR
Team Rocket,Dark Weezing,14/82,1st Edition,PSA 10,2024-09-07,154.52,USD,eBay,auction,FALSE,,26953761,,https://www.ebay.com/itm/335555868514,PSA APR
Team Rocket,Dark Weezing,14/82,1st Edition,PSA 10,2024-09-02,195.11,USD,eBay,auction,FALSE,,54430452,,https://www.ebay.com/itm/405190815902,PSA APR
Team Rocket,Dark Weezing,14/82,1st Edition,PSA 10,2024-09-01,180.05,USD,eBay,auction,FALSE,,22602962,,https://www.ebay.com/itm/166936881688,PSA APR
Team Rocket,Dark Weezing,14/82,1st Edition,PSA 10,2024-08-28,197.5,USD,eBay,auction,FALSE,,27239111,,https://www.ebay.com/itm/365077343334,PSA APR
Team Rocket,Dark Weezing,14/82,1st Edition,PSA 10,2024-07-14,158,USD,eBay,auction,FALSE,,42803655,,https://www.ebay.com/itm/305658161575,PSA APR
Team Rocket,Dark Weezing,14/82,1st Edition,PSA 10,2024-06-14,175,USD,eBay,auction,FALSE,,29043027,,https://www.ebay.com/itm/135100685349,PSA APR
Team Rocket,Dark Weezing,14/82,1st Edition,PSA 10,2024-06-07,168.5,USD,eBay,auction,FALSE,,70900083,,https://www.ebay.com/itm/355755286961,PSA APR
Team Rocket,Dark Weezing,14/82,1st Edition,PSA 10,2024-05-27,203.19,USD,eBay,auction,FALSE,,24594806,,https://www.ebay.com/itm/276466973715,PSA APR
Team Rocket,Dark Weezing,14/82,1st Edition,PSA 10,2024-05-12,227.5,USD,eBay,auction,FALSE,,41274615,,https://www.ebay.com/itm/285842983851,PSA APR
Team Rocket,Dark Weezing,14/82,1st Edition,PSA 10,2024-04-30,252,USD,eBay,auction,FALSE,,57857115,,https://www.ebay.com/itm/305528425220,PSA APR
Team Rocket,Dark Weezing,14/82,1st Edition,PSA 10,2024-04-19,202.5,USD,eBay,auction,FALSE,,71697119,,https://www.ebay.com/itm/276420726616,PSA APR
Team Rocket,Dark Weezing,14/82,1st Edition,PSA 10,2023-10-25,172.46,USD,eBay,auction,FALSE,,46873528,,https://www.ebay.com/itm/285520841457,PSA APR
Team Rocket,Here Comes Team Rocket!,15/82,1st Edition,PSA 10,2026-09-24,610,USD,eBay,auction,FALSE,,101265907,,https://www.ebay.com/itm/800673240710,PSA APR
Team Rocket,Here Comes Team Rocket!,15/82,1st Edition,PSA 10,2026-09-19,500,USD,eBay,best offer,TRUE,,48246783,,https://www.ebay.com/itm/237002561786,PSA APR
Team Rocket,Here Comes Team Rocket!,15/82,1st Edition,PSA 10,2026-09-14,690,USD,Fanatics Collect,auction,FALSE,,44179970,,https://www.fanaticscollect.com/weekly/7c251c04-a86b-11f1-bcf4-06d19b0b9c59,PSA APR
Team Rocket,Here Comes Team Rocket!,15/82,1st Edition,PSA 10,2026-09-10,800,USD,Fanatics Collect,BIN,FALSE,,69025697,,https://www.fanaticscollect.com/buy-now/cebf329c-6811-4828-a7f9-8b4d14ceba47,PSA APR
Team Rocket,Here Comes Team Rocket!,15/82,1st Edition,PSA 10,2026-09-01,699.95,USD,eBay,BIN,FALSE,,94634721,,https://www.ebay.com/itm/398348087981,PSA APR
Team Rocket,Here Comes Team Rocket!,15/82,1st Edition,PSA 10,2026-08-31,600,USD,Fanatics Collect,auction,FALSE,,28358471,,https://www.fanaticscollect.com/weekly/0e3fd8ce-9b7c-11f1-b3ca-0a7486d6c001,PSA APR
Team Rocket,Here Comes Team Rocket!,15/82,1st Edition,PSA 10,2026-08-23,533.62,USD,eBay,auction,FALSE,,23188342,,https://www.ebay.com/itm/137608492319,PSA APR
Team Rocket,Here Comes Team Rocket!,15/82,1st Edition,PSA 10,2026-08-08,250,USD,eBay,best offer,TRUE,,26602704,,https://www.ebay.com/itm/227467425617,PSA APR
Team Rocket,Here Comes Team Rocket!,15/82,1st Edition,PSA 10,2026-08-04,349.77,USD,eBay,BIN,FALSE,,124816251,,https://www.ebay.com/itm/178370145612,PSA APR
Team Rocket,Here Comes Team Rocket!,15/82,1st Edition,PSA 10,2026-07-25,749.99,USD,eBay,BIN,FALSE,,45342937,,https://www.ebay.com/itm/227419670720,PSA APR
Team Rocket,Here Comes Team Rocket!,15/82,1st Edition,PSA 10,2026-07-21,449.99,USD,eBay,BIN,FALSE,,87081996,,https://www.ebay.com/itm/326783350263,PSA APR
Team Rocket,Here Comes Team Rocket!,15/82,1st Edition,PSA 10,2026-07-20,630,USD,Fanatics Collect,auction,FALSE,,41175376,,https://www.fanaticscollect.com/weekly/16506956-6f68-11f1-8894-0a58a9feac02,PSA APR
Team Rocket,Here Comes Team Rocket!,15/82,1st Edition,PSA 10,2026-07-12,750,USD,eBay,BIN,FALSE,,25619506,,https://www.ebay.com/itm/377148852192,PSA APR
Team Rocket,Here Comes Team Rocket!,15/82,1st Edition,PSA 10,2026-06-25,360,USD,eBay,best offer,TRUE,,26234423,,https://www.ebay.com/itm/147397657603,PSA APR
Team Rocket,Here Comes Team Rocket!,15/82,1st Edition,PSA 10,2026-05-25,552,USD,Fanatics Collect,auction,FALSE,,68818884,,https://www.fanaticscollect.com/weekly/fa9cdc26-3cf4-11f1-bb32-027aafb6d205,PSA APR
Team Rocket,Here Comes Team Rocket!,15/82,1st Edition,PSA 10,2026-05-18,576,USD,Fanatics Collect,auction,FALSE,,84595194,,https://www.fanaticscollect.com/weekly/def3110c-4a1e-11f1-af6e-027004a3c7d9,PSA APR
Team Rocket,Here Comes Team Rocket!,15/82,1st Edition,PSA 10,2026-05-14,680,USD,eBay,best offer,TRUE,,41324791,,https://www.ebay.com/itm/287330111597,PSA APR
Team Rocket,Here Comes Team Rocket!,15/82,1st Edition,PSA 10,2026-05-04,588,USD,Fanatics Collect,auction,FALSE,,49974677,,https://www.fanaticscollect.com/weekly/afb404f8-431d-11f1-b933-0a58a9feac02,PSA APR
Team Rocket,Here Comes Team Rocket!,15/82,1st Edition,PSA 10,2026-05-04,610,USD,Goldin Auctions,auction,FALSE,,27735202,,https://goldin.co/item/2000-pokemon-team-rocket-1st-edition-holo-15-here-comes-team-rocket-psqnpyp,PSA APR
Team Rocket,Here Comes Team Rocket!,15/82,1st Edition,PSA 10,2026-04-20,584.25,USD,Robert Edward Auctions,auction,FALSE,,25619506,,https://bid.collectrea.com/lots/173240,PSA APR
Team Rocket,Here Comes Team Rocket!,15/82,1st Edition,PSA 10,2026-04-11,600,USD,Fanatics Collect,BIN,FALSE,,26979288,,https://www.fanaticscollect.com/buy-now/851b7f97-9501-467f-895a-80a3f97548be,PSA APR
Team Rocket,Here Comes Team Rocket!,15/82,1st Edition,PSA 10,2026-04-09,743,USD,eBay,auction,FALSE,,27858524,,https://www.ebay.com/itm/389827355517,PSA APR
Team Rocket,Here Comes Team Rocket!,15/82,1st Edition,PSA 10,2026-04-06,516,USD,Fanatics Collect,auction,FALSE,,45342937,,https://www.fanaticscollect.com/weekly/9e1108d6-1eec-11f1-af4a-0a58a9feac02,PSA APR
Team Rocket,Here Comes Team Rocket!,15/82,1st Edition,PSA 10,2026-03-29,776.76,USD,eBay,auction,FALSE,,26471721,,https://www.ebay.com/itm/306835703009,PSA APR
Team Rocket,Here Comes Team Rocket!,15/82,1st Edition,PSA 10,2026-03-27,595,USD,eBay,best offer,TRUE,,27102067,,https://www.ebay.com/itm/227267489374,PSA APR
Team Rocket,Here Comes Team Rocket!,15/82,1st Edition,PSA 10,2026-03-20,534.33,USD,eBay,best offer,TRUE,,27675008,,https://www.ebay.com/itm/157770561712,PSA APR
Team Rocket,Here Comes Team Rocket!,15/82,1st Edition,PSA 10,2026-03-16,317.34,USD,eBay,best offer,TRUE,,27086445,,https://www.ebay.com/itm/366277008738,PSA APR
Team Rocket,Here Comes Team Rocket!,15/82,1st Edition,PSA 10,2026-03-16,1342,USD,Goldin Auctions,auction,FALSE,,45992337,,https://goldin.co/item/2000-pokemon-team-rocket-1st-edition-holo-15-here-comes-team-rocket-psnzha7,PSA APR
Team Rocket,Here Comes Team Rocket!,15/82,1st Edition,PSA 10,2026-03-15,500,USD,eBay,best offer,TRUE,,53773339,,https://www.ebay.com/itm/336480866772,PSA APR
Team Rocket,Here Comes Team Rocket!,15/82,1st Edition,PSA 10,2026-03-09,780,USD,Fanatics Collect,auction,FALSE,,27735202,,https://www.fanaticscollect.com/weekly/186024ae-0ba2-11f1-b67b-02cda5302d0f,PSA APR
Team Rocket,Here Comes Team Rocket!,15/82,1st Edition,PSA 10,2026-03-09,415,USD,eBay,auction,FALSE,,55974697,,https://www.ebay.com/itm/287168709045,PSA APR
Team Rocket,Here Comes Team Rocket!,15/82,1st Edition,PSA 10,2026-03-07,575,USD,eBay,BIN,FALSE,,41999009,,https://www.ebay.com/itm/298044551266,PSA APR
Team Rocket,Here Comes Team Rocket!,15/82,1st Edition,PSA 10,2026-02-26,399,USD,eBay,BIN,FALSE,,74190928,,https://www.ebay.com/itm/358262496172,PSA APR
Team Rocket,Here Comes Team Rocket!,15/82,1st Edition,PSA 10,2026-02-24,500,USD,eBay,best offer,TRUE,,82164848,,https://www.ebay.com/itm/376463224568,PSA APR
Team Rocket,Here Comes Team Rocket!,15/82,1st Edition,PSA 10,2026-02-18,430,USD,eBay,best offer,TRUE,,23365842,,https://www.ebay.com/itm/358219244472,PSA APR
Team Rocket,Here Comes Team Rocket!,15/82,1st Edition,PSA 10,2026-02-17,475,USD,eBay,best offer,TRUE,,42200276,,https://www.ebay.com/itm/236629640437,PSA APR
Team Rocket,Here Comes Team Rocket!,15/82,1st Edition,PSA 10,2026-02-16,594,USD,eBay,auction,FALSE,,93479414,,https://www.ebay.com/itm/389583096720,PSA APR
Team Rocket,Here Comes Team Rocket!,15/82,1st Edition,PSA 10,2026-02-11,465,USD,eBay,best offer,TRUE,,28120554,,https://www.ebay.com/itm/117017489017,PSA APR
Team Rocket,Here Comes Team Rocket!,15/82,1st Edition,PSA 10,2026-02-05,500,USD,eBay,best offer,TRUE,,65712002,,https://www.ebay.com/itm/306697860628,PSA APR
Team Rocket,Here Comes Team Rocket!,15/82,1st Edition,PSA 10,2026-01-28,499.99,USD,eBay,BIN,FALSE,,52340532,,https://www.ebay.com/itm/286447000730,PSA APR
Team Rocket,Here Comes Team Rocket!,15/82,1st Edition,PSA 10,2026-01-22,365,USD,eBay,best offer,TRUE,,49138768,,https://www.ebay.com/itm/358109401970,PSA APR
Team Rocket,Here Comes Team Rocket!,15/82,1st Edition,PSA 10,2026-01-18,330,USD,eBay,auction,FALSE,,74716798,,https://www.ebay.com/itm/406602341980,PSA APR
Team Rocket,Here Comes Team Rocket!,15/82,1st Edition,PSA 10,2026-01-12,456,USD,Fanatics Collect,auction,FALSE,,61375918,,https://www.fanaticscollect.com/weekly/6d9444ae-e5b0-11f0-a043-0a58a9feac02,PSA APR
Team Rocket,Here Comes Team Rocket!,15/82,1st Edition,PSA 10,2026-01-12,372.1,USD,Goldin Auctions,auction,FALSE,,54494058,,https://goldin.co/item/2000-pokemon-rocket-1st-edition-holo-15-here-comes-team-rocket-psa-gem83mbw,PSA APR
Team Rocket,Here Comes Team Rocket!,15/82,1st Edition,PSA 10,2026-01-06,349.77,USD,eBay,auction,FALSE,,124816251,,https://www.ebay.com/itm/127595315896,PSA APR
Team Rocket,Here Comes Team Rocket!,15/82,1st Edition,PSA 10,2026-01-03,420,USD,eBay,best offer,TRUE,,132738257,,https://www.ebay.com/itm/227148187681,PSA APR
Team Rocket,Here Comes Team Rocket!,15/82,1st Edition,PSA 10,2026-01-01,220,USD,eBay,best offer,TRUE,,42880382,,https://www.ebay.com/itm/406543060612,PSA APR
Team Rocket,Here Comes Team Rocket!,15/82,1st Edition,PSA 10,2025-12-27,439,USD,eBay,best offer,TRUE,,28899275,,https://www.ebay.com/itm/227116496210,PSA APR
Team Rocket,Here Comes Team Rocket!,15/82,1st Edition,PSA 10,2025-12-09,400,USD,eBay,BIN,FALSE,,117737097,,https://www.ebay.com/itm/136799859768,PSA APR
Team Rocket,Here Comes Team Rocket!,15/82,1st Edition,PSA 10,2025-12-04,340,USD,eBay,BIN,FALSE,,55522646,,https://www.ebay.com/itm/227109025352,PSA APR
Team Rocket,Here Comes Team Rocket!,15/82,1st Edition,PSA 10,2025-11-22,339.95,USD,eBay,BIN,FALSE,,41123952,,https://www.ebay.com/itm/146949701073,PSA APR
Team Rocket,Here Comes Team Rocket!,15/82,1st Edition,PSA 10,2025-11-02,295,USD,eBay,auction,FALSE,,44555764,,https://www.ebay.com/itm/286892798195,PSA APR
Team Rocket,Here Comes Team Rocket!,15/82,1st Edition,PSA 10,2025-11-01,307,USD,eBay,auction,FALSE,,29044055,,https://www.ebay.com/itm/357812245358,PSA APR
Team Rocket,Here Comes Team Rocket!,15/82,1st Edition,PSA 10,2025-10-31,304.44,USD,eBay,auction,FALSE,,79570955,,https://www.ebay.com/itm/227040257143,PSA APR
Team Rocket,Here Comes Team Rocket!,15/82,1st Edition,PSA 10,2025-10-12,359.06,USD,eBay,auction,FALSE,,41958023,,https://www.ebay.com/itm/317367254564,PSA APR
Team Rocket,Here Comes Team Rocket!,15/82,1st Edition,PSA 10,2025-10-12,382,USD,eBay,auction,FALSE,,68402126,,https://www.ebay.com/itm/197749931757,PSA APR
Team Rocket,Here Comes Team Rocket!,15/82,1st Edition,PSA 10,2025-10-07,353.95,USD,eBay,best offer,TRUE,,27967560,,https://www.ebay.com/itm/257143443946,PSA APR
Team Rocket,Here Comes Team Rocket!,15/82,1st Edition,PSA 10,2025-10-06,660,USD,Fanatics Collect,auction,FALSE,,45342937,,https://www.fanaticscollect.com/weekly/9b978970-946f-11f0-8beb-0a58a9feac02,PSA APR
Team Rocket,Here Comes Team Rocket!,15/82,1st Edition,PSA 10,2025-09-25,470.65,USD,eBay,BIN,FALSE,,66561539,,https://www.ebay.com/itm/376199982615,PSA APR
Team Rocket,Here Comes Team Rocket!,15/82,1st Edition,PSA 10,2025-09-22,349.99,USD,eBay,BIN,FALSE,,67958120,,https://www.ebay.com/itm/317289091620,PSA APR
Team Rocket,Here Comes Team Rocket!,15/82,1st Edition,PSA 10,2025-09-20,500,USD,eBay,BIN,FALSE,,55827542,,https://www.ebay.com/itm/176993672257,PSA APR
Team Rocket,Here Comes Team Rocket!,15/82,1st Edition,PSA 10,2025-09-03,350,USD,eBay,best offer,TRUE,,107857466,,https://www.ebay.com/itm/116620902737,PSA APR
Team Rocket,Here Comes Team Rocket!,15/82,1st Edition,PSA 10,2025-09-01,432.39,USD,eBay,auction,FALSE,,54430459,,https://www.ebay.com/itm/317202290392,PSA APR
Team Rocket,Here Comes Team Rocket!,15/82,1st Edition,PSA 10,2025-08-20,300,USD,eBay,auction,FALSE,,27745259,,https://www.ebay.com/itm/197612344010,PSA APR
Team Rocket,Here Comes Team Rocket!,15/82,1st Edition,PSA 10,2025-08-17,370,USD,eBay,auction,FALSE,,46023834,,https://www.ebay.com/itm/286753487274,PSA APR
Team Rocket,Here Comes Team Rocket!,15/82,1st Edition,PSA 10,2025-08-12,375,USD,eBay,auction,FALSE,,52553201,,https://www.ebay.com/itm/388796093903,PSA APR
Team Rocket,Here Comes Team Rocket!,15/82,1st Edition,PSA 10,2025-08-09,400,USD,eBay,best offer,TRUE,,67085485,,https://www.ebay.com/itm/236233326254,PSA APR
Team Rocket,Here Comes Team Rocket!,15/82,1st Edition,PSA 10,2025-08-07,299.99,USD,eBay,best offer,TRUE,,27867091,,https://www.ebay.com/itm/126225148675,PSA APR
Team Rocket,Here Comes Team Rocket!,15/82,1st Edition,PSA 10,2025-08-07,449.99,USD,eBay,BIN,FALSE,,46880398,,https://www.ebay.com/itm/186996041825,PSA APR
Team Rocket,Here Comes Team Rocket!,15/82,1st Edition,PSA 10,2025-07-20,494.11,USD,eBay,best offer,TRUE,,72660189,,https://www.ebay.com/itm/356760580348,PSA APR
Team Rocket,Here Comes Team Rocket!,15/82,1st Edition,PSA 10,2025-07-14,365,USD,eBay,auction,FALSE,,73968481,,https://www.ebay.com/itm/286690888494,PSA APR
Team Rocket,Here Comes Team Rocket!,15/82,1st Edition,PSA 10,2025-07-13,405,USD,eBay,auction,FALSE,,27342451,,https://www.ebay.com/itm/286689934680,PSA APR
Team Rocket,Here Comes Team Rocket!,15/82,1st Edition,PSA 10,2025-07-07,360,USD,eBay,BIN,FALSE,,23354531,,https://www.ebay.com/itm/177240778040,PSA APR
Team Rocket,Here Comes Team Rocket!,15/82,1st Edition,PSA 10,2025-06-25,400,USD,eBay,best offer,TRUE,,65712002,,https://www.ebay.com/itm/187147650200,PSA APR
Team Rocket,Here Comes Team Rocket!,15/82,1st Edition,PSA 10,2025-06-23,417,USD,eBay,auction,FALSE,,44555764,,https://www.ebay.com/itm/388585763027,PSA APR
Team Rocket,Here Comes Team Rocket!,15/82,1st Edition,PSA 10,2025-06-23,403.18,USD,eBay,BIN,FALSE,,41200447,,https://www.ebay.com/itm/236159761654,PSA APR
Team Rocket,Here Comes Team Rocket!,15/82,1st Edition,PSA 10,2025-06-15,340.53,USD,eBay,auction,FALSE,,42257345,,https://www.ebay.com/itm/127178196857,PSA APR
Team Rocket,Here Comes Team Rocket!,15/82,1st Edition,PSA 10,2025-06-13,393,USD,Fanatics Collect,BIN,FALSE,,40988255,,https://www.fanaticscollect.com/fixed/493742ae-456b-11f0-b84d-0aa8ed6ccf45,PSA APR
Team Rocket,Here Comes Team Rocket!,15/82,1st Edition,PSA 10,2025-06-08,393,USD,eBay,auction,FALSE,,95154387,,https://www.ebay.com/itm/286604253069,PSA APR
Team Rocket,Here Comes Team Rocket!,15/82,1st Edition,PSA 10,2025-06-08,350,USD,eBay,best offer,TRUE,,40742424,,https://www.ebay.com/itm/396628568086,PSA APR
Team Rocket,Here Comes Team Rocket!,15/82,1st Edition,PSA 10,2025-06-02,510,USD,Fanatics Collect,BIN,FALSE,,41999009,,https://www.fanaticscollect.com/fixed/8c333c80-3016-11f0-9f4b-067b450cb473,PSA APR
Team Rocket,Here Comes Team Rocket!,15/82,1st Edition,PSA 10,2025-05-26,360,USD,eBay,BIN,FALSE,,79570955,,https://www.ebay.com/itm/356955403364,PSA APR
Team Rocket,Here Comes Team Rocket!,15/82,1st Edition,PSA 10,2025-05-25,332,USD,eBay,auction,FALSE,,48587416,,https://www.ebay.com/itm/286572022365,PSA APR
Team Rocket,Here Comes Team Rocket!,15/82,1st Edition,PSA 10,2025-05-13,370,USD,eBay,auction,FALSE,,46817055,,https://www.ebay.com/itm/177071047378,PSA APR
Team Rocket,Here Comes Team Rocket!,15/82,1st Edition,PSA 10,2025-05-05,349,USD,eBay,auction,FALSE,,47345494,,https://www.ebay.com/itm/365567111024,PSA APR
Team Rocket,Here Comes Team Rocket!,15/82,1st Edition,PSA 10,2025-05-04,360,USD,eBay,best offer,TRUE,,46873531,,https://www.ebay.com/itm/286485323710,PSA APR
Team Rocket,Here Comes Team Rocket!,15/82,1st Edition,PSA 10,2025-04-27,345,USD,eBay,auction,FALSE,,41200518,,https://www.ebay.com/itm/286502551588,PSA APR
Team Rocket,Here Comes Team Rocket!,15/82,1st Edition,PSA 10,2025-04-20,347.75,USD,eBay,auction,FALSE,,26832044,,https://www.ebay.com/itm/286479448765,PSA APR
Team Rocket,Here Comes Team Rocket!,15/82,1st Edition,PSA 10,2025-04-14,252,USD,Fanatics Collect,auction,FALSE,,68818884,,https://www.fanaticscollect.com/weekly/45d8eebc-1192-11f0-9014-06cb21f8fb21,PSA APR
Team Rocket,Here Comes Team Rocket!,15/82,1st Edition,PSA 10,2025-04-13,370,USD,eBay,auction,FALSE,,72437974,,https://www.ebay.com/itm/365510518529,PSA APR
Team Rocket,Here Comes Team Rocket!,15/82,1st Edition,PSA 10,2025-04-12,459.95,USD,eBay,BIN,FALSE,,94634721,,https://www.ebay.com/itm/256869450992,PSA APR
Team Rocket,Here Comes Team Rocket!,15/82,1st Edition,PSA 10,2025-04-07,420,USD,eBay,best offer,TRUE,,66881694,,https://www.ebay.com/itm/267209468931,PSA APR
Team Rocket,Here Comes Team Rocket!,15/82,1st Edition,PSA 10,2025-04-01,360,USD,eBay,auction,FALSE,,52560494,,https://www.ebay.com/itm/116534668789,PSA APR
Team Rocket,Here Comes Team Rocket!,15/82,1st Edition,PSA 10,2025-03-29,328,USD,eBay,auction,FALSE,,44428702,,https://www.ebay.com/itm/226661865490,PSA APR
Team Rocket,Here Comes Team Rocket!,15/82,1st Edition,PSA 10,2025-03-28,340,USD,eBay,auction,FALSE,,69025697,,https://www.ebay.com/itm/256863787387,PSA APR
Team Rocket,Here Comes Team Rocket!,15/82,1st Edition,PSA 10,2025-03-25,384.57,USD,eBay,best offer,TRUE,,59087503,,https://www.ebay.com/itm/156757750453,PSA APR
Team Rocket,Here Comes Team Rocket!,15/82,1st Edition,PSA 10,2025-03-24,405,USD,eBay,auction,FALSE,,26442913,,https://www.ebay.com/itm/286409492266,PSA APR
Team Rocket,Here Comes Team Rocket!,15/82,1st Edition,PSA 10,2025-03-23,350,USD,eBay,best offer,TRUE,,69060160,,https://www.ebay.com/itm/197093143007,PSA APR
Team Rocket,Here Comes Team Rocket!,15/82,1st Edition,PSA 10,2025-03-14,329.97,USD,eBay,BIN,FALSE,,87325237,,https://www.ebay.com/itm/236000444513,PSA APR
Team Rocket,Here Comes Team Rocket!,15/82,1st Edition,PSA 10,2025-03-09,320,USD,eBay,auction,FALSE,,28185805,,https://www.ebay.com/itm/326471598262,PSA APR
Team Rocket,Here Comes Team Rocket!,15/82,1st Edition,PSA 10,2025-03-02,315,USD,eBay,auction,FALSE,,44555764,,https://www.ebay.com/itm/286349681448,PSA APR
Team Rocket,Here Comes Team Rocket!,15/82,1st Edition,PSA 10,2025-02-23,412.09,USD,eBay,auction,FALSE,,48495269,,https://www.ebay.com/itm/286328734601,PSA APR
Team Rocket,Here Comes Team Rocket!,15/82,1st Edition,PSA 10,2025-02-23,319.99,USD,eBay,best offer,TRUE,,86635916,,https://www.ebay.com/itm/186983851680,PSA APR
Team Rocket,Here Comes Team Rocket!,15/82,1st Edition,PSA 10,2025-02-21,399.95,USD,eBay,BIN,FALSE,,46768813,,https://www.ebay.com/itm/116482514378,PSA APR
Team Rocket,Here Comes Team Rocket!,15/82,1st Edition,PSA 10,2025-02-20,436.24,USD,eBay,best offer,TRUE,,67836742,,https://www.ebay.com/itm/286323402550,PSA APR
Team Rocket,Here Comes Team Rocket!,15/82,1st Edition,PSA 10,2025-02-14,399,USD,eBay,BIN,FALSE,,53321612,,https://www.ebay.com/itm/405545982963,PSA APR
Team Rocket,Here Comes Team Rocket!,15/82,1st Edition,PSA 10,2025-02-14,316.83,USD,eBay,best offer,TRUE,,26442913,,https://www.ebay.com/itm/396205514557,PSA APR
Team Rocket,Here Comes Team Rocket!,15/82,1st Edition,PSA 10,2025-02-09,335.99,USD,eBay,best offer,TRUE,,27345738,,https://www.ebay.com/itm/276853106157,PSA APR
Team Rocket,Here Comes Team Rocket!,15/82,1st Edition,PSA 10,2025-02-08,330.69,USD,eBay,auction,FALSE,,27823151,,https://www.ebay.com/itm/186923727683,PSA APR
Team Rocket,Here Comes Team Rocket!,15/82,1st Edition,PSA 10,2025-02-05,200,USD,eBay,best offer,TRUE,,63160483,,https://www.ebay.com/itm/326430101587,PSA APR
Team Rocket,Here Comes Team Rocket!,15/82,1st Edition,PSA 10,2025-02-02,500,USD,eBay,best offer,TRUE,,28697591,,https://www.ebay.com/itm/156654026827,PSA APR
Team Rocket,Here Comes Team Rocket!,15/82,1st Edition,PSA 10,2025-01-31,399.95,USD,eBay,BIN,FALSE,,50819188,,https://www.ebay.com/itm/375961694366,PSA APR
Team Rocket,Here Comes Team Rocket!,15/82,1st Edition,PSA 10,2025-01-24,349,USD,eBay,BIN,FALSE,,42884618,,https://www.ebay.com/itm/306062368916,PSA APR
Team Rocket,Here Comes Team Rocket!,15/82,1st Edition,PSA 10,2025-01-23,300.74,USD,eBay,best offer,TRUE,,41519359,,https://www.ebay.com/itm/334643739632,PSA APR
Team Rocket,Here Comes Team Rocket!,15/82,1st Edition,PSA 10,2025-01-23,210.19,USD,eBay,best offer,TRUE,,24845848,,https://www.ebay.com/itm/146347808820,PSA APR
Team Rocket,Here Comes Team Rocket!,15/82,1st Edition,PSA 10,2025-01-21,300,USD,eBay,best offer,TRUE,,63545800,,https://www.ebay.com/itm/126068939519,PSA APR
Team Rocket,Here Comes Team Rocket!,15/82,1st Edition,PSA 10,2025-01-06,599.99,USD,eBay,auction,FALSE,,26823737,,https://www.ebay.com/itm/116429753140,PSA APR
Team Rocket,Here Comes Team Rocket!,15/82,1st Edition,PSA 10,2025-01-02,205.24,USD,eBay,auction,FALSE,,41267634,,https://www.ebay.com/itm/256764922643,PSA APR
Team Rocket,Here Comes Team Rocket!,15/82,1st Edition,PSA 10,2024-12-17,206.5,USD,eBay,auction,FALSE,,93520553,,https://www.ebay.com/itm/387700022625,PSA APR
Team Rocket,Here Comes Team Rocket!,15/82,1st Edition,PSA 10,2024-10-10,168.5,USD,eBay,auction,FALSE,,72660189,,https://www.ebay.com/itm/395744605282,PSA APR
Team Rocket,Here Comes Team Rocket!,15/82,1st Edition,PSA 10,2024-09-26,200,USD,eBay,auction,FALSE,,72660189,,https://www.ebay.com/itm/395688300902,PSA APR
Team Rocket,Here Comes Team Rocket!,15/82,1st Edition,PSA 10,2024-09-15,222.5,USD,eBay,auction,FALSE,,41912351,,https://www.ebay.com/itm/286047414523,PSA APR
Team Rocket,Here Comes Team Rocket!,15/82,1st Edition,PSA 10,2024-09-08,255,USD,eBay,auction,FALSE,,50940837,,https://www.ebay.com/itm/286035918618,PSA APR
Team Rocket,Here Comes Team Rocket!,15/82,1st Edition,PSA 10,2024-09-06,132.5,USD,eBay,auction,FALSE,,49947220,,https://www.ebay.com/itm/335554626119,PSA APR
Team Rocket,Here Comes Team Rocket!,15/82,1st Edition,PSA 10,2024-09-02,164.28,USD,eBay,auction,FALSE,,41958023,,https://www.ebay.com/itm/405190815783,PSA APR
Team Rocket,Here Comes Team Rocket!,15/82,1st Edition,PSA 10,2024-08-28,203.5,USD,eBay,auction,FALSE,,27341180,,https://www.ebay.com/itm/365077345167,PSA APR
Team Rocket,Here Comes Team Rocket!,15/82,1st Edition,PSA 10,2024-06-16,113.5,USD,eBay,auction,FALSE,,46873534,,https://www.ebay.com/itm/256539051610,PSA APR
Team Rocket,Here Comes Team Rocket!,15/82,1st Edition,PSA 10,2024-04-25,147.5,USD,eBay,auction,FALSE,,27858524,,https://www.ebay.com/itm/186399595994,PSA APR
Team Rocket,Here Comes Team Rocket!,15/82,1st Edition,PSA 10,2024-03-04,131.98,USD,eBay,auction,FALSE,,41958024,,https://www.ebay.com/itm/404822217694,PSA APR
Team Rocket,Here Comes Team Rocket!,15/82,1st Edition,PSA 10,2024-01-28,167.5,USD,eBay,auction,FALSE,,41200518,,https://www.ebay.com/itm/325972677980,PSA APR
Team Rocket,Here Comes Team Rocket!,15/82,1st Edition,PSA 10,2023-10-10,133.5,USD,eBay,auction,FALSE,,41200447,,https://www.ebay.com/itm/325831175118,PSA APR
Team Rocket,Here Comes Team Rocket!,15/82,1st Edition,PSA 10,2023-10-02,137.16,USD,eBay,auction,FALSE,,28342190,,https://www.ebay.com/itm/386144865373,PSA APR
Team Rocket,Rocket's Sneak Attack,16/82,1st Edition,PSA 10,2026-09-18,624.99,USD,eBay,BIN,FALSE,,54722850,,https://www.ebay.com/itm/206495506981,PSA APR
Team Rocket,Rocket's Sneak Attack,16/82,1st Edition,PSA 10,2026-09-14,690,USD,Fanatics Collect,auction,FALSE,,45125611,,https://www.fanaticscollect.com/weekly/7c2c93d0-a86b-11f1-a49a-06d19b0b9c59,PSA APR
Team Rocket,Rocket's Sneak Attack,16/82,1st Edition,PSA 10,2026-09-02,630,USD,eBay,auction,FALSE,,27076174,,https://www.ebay.com/itm/800568115028,PSA APR
Team Rocket,Rocket's Sneak Attack,16/82,1st Edition,PSA 10,2026-09-02,685,USD,eBay,auction,FALSE,,42880383,,https://www.ebay.com/itm/800564688956,PSA APR
Team Rocket,Rocket's Sneak Attack,16/82,1st Edition,PSA 10,2026-09-01,635,USD,eBay,auction,FALSE,,41168925,,https://www.ebay.com/itm/800557937985,PSA APR
Team Rocket,Rocket's Sneak Attack,16/82,1st Edition,PSA 10,2026-08-18,888,USD,eBay,best offer,TRUE,,26989869,,https://www.ebay.com/itm/318644032005,PSA APR
Team Rocket,Rocket's Sneak Attack,16/82,1st Edition,PSA 10,2026-08-08,850,USD,eBay,BIN,FALSE,,47683627,,https://www.ebay.com/itm/377402442427,PSA APR
Team Rocket,Rocket's Sneak Attack,16/82,1st Edition,PSA 10,2026-07-20,492,USD,Fanatics Collect,auction,FALSE,,42005256,,https://www.fanaticscollect.com/weekly/16742120-6f68-11f1-9997-0a58a9feac02,PSA APR
Team Rocket,Rocket's Sneak Attack,16/82,1st Edition,PSA 10,2026-07-12,725,USD,eBay,auction,FALSE,,41001847,,https://www.ebay.com/itm/117281686841,PSA APR
Team Rocket,Rocket's Sneak Attack,16/82,1st Edition,PSA 10,2026-06-21,488.54,USD,eBay,auction,FALSE,,27949571,,https://www.ebay.com/itm/137399881868,PSA APR
Team Rocket,Rocket's Sneak Attack,16/82,1st Edition,PSA 10,2026-06-09,700,USD,eBay,BIN,FALSE,,87325228,,https://www.ebay.com/itm/377184120614,PSA APR
Team Rocket,Rocket's Sneak Attack,16/82,1st Edition,PSA 10,2026-05-04,943,USD,Goldin Auctions,auction,FALSE,,47683627,,https://goldin.co/item/2000-pokemon-team-rocket-1st-edition-holo-16-sneak-attack-psa-gem-mt-191cbm,PSA APR
Team Rocket,Rocket's Sneak Attack,16/82,1st Edition,PSA 10,2026-04-09,747,USD,eBay,auction,FALSE,,17288038,,https://www.ebay.com/itm/366320722536,PSA APR
Team Rocket,Rocket's Sneak Attack,16/82,1st Edition,PSA 10,2026-04-03,711,USD,eBay,auction,FALSE,,86682832,,https://www.ebay.com/itm/377065099806,PSA APR
Team Rocket,Rocket's Sneak Attack,16/82,1st Edition,PSA 10,2026-03-10,449.99,USD,eBay,best offer,TRUE,,27076174,,https://www.ebay.com/itm/406753867733,PSA APR
Team Rocket,Rocket's Sneak Attack,16/82,1st Edition,PSA 10,2026-03-03,525,USD,eBay,best offer,TRUE,,27262762,,https://www.ebay.com/itm/358109403347,PSA APR
Team Rocket,Rocket's Sneak Attack,16/82,1st Edition,PSA 10,2026-02-21,450,USD,eBay,best offer,TRUE,,57167861,,https://www.ebay.com/itm/187957638471,PSA APR
Team Rocket,Rocket's Sneak Attack,16/82,1st Edition,PSA 10,2026-02-17,495,USD,eBay,best offer,TRUE,,28290841,,https://www.ebay.com/itm/236629603000,PSA APR
Team Rocket,Rocket's Sneak Attack,16/82,1st Edition,PSA 10,2026-02-07,424.99,USD,eBay,auction,FALSE,,27836436,,https://www.ebay.com/itm/147128689117,PSA APR
Team Rocket,Rocket's Sneak Attack,16/82,1st Edition,PSA 10,2026-01-24,405,USD,eBay,best offer,TRUE,,74259023,,https://www.ebay.com/itm/257316288473,PSA APR
Team Rocket,Rocket's Sneak Attack,16/82,1st Edition,PSA 10,2026-01-12,660,USD,Fanatics Collect,auction,FALSE,,61375919,,https://www.fanaticscollect.com/weekly/6d9660cc-e5b0-11f0-88d5-066564cbd42b,PSA APR
Team Rocket,Rocket's Sneak Attack,16/82,1st Edition,PSA 10,2026-01-08,399.99,USD,eBay,BIN,FALSE,,42880383,,https://www.ebay.com/itm/277635108936,PSA APR
Team Rocket,Rocket's Sneak Attack,16/82,1st Edition,PSA 10,2026-01-03,499.99,USD,eBay,BIN,FALSE,,41001847,,https://www.ebay.com/itm/286447000800,PSA APR
Team Rocket,Rocket's Sneak Attack,16/82,1st Edition,PSA 10,2026-01-01,220,USD,eBay,best offer,TRUE,,42880383,,https://www.ebay.com/itm/406545831675,PSA APR
Team Rocket,Rocket's Sneak Attack,16/82,1st Edition,PSA 10,2025-12-29,389.99,USD,eBay,best offer,TRUE,,95447377,,https://www.ebay.com/itm/167854656577,PSA APR
Team Rocket,Rocket's Sneak Attack,16/82,1st Edition,PSA 10,2025-11-26,310,USD,eBay,auction,FALSE,,85855858,,https://www.ebay.com/itm/227097710685,PSA APR
Team Rocket,Rocket's Sneak Attack,16/82,1st Edition,PSA 10,2025-11-24,297.88,USD,eBay,auction,FALSE,,124780376,,https://www.ebay.com/itm/297763697661,PSA APR
Team Rocket,Rocket's Sneak Attack,16/82,1st Edition,PSA 10,2025-11-23,355,USD,eBay,best offer,TRUE,,48218564,,https://www.ebay.com/itm/127343672072,PSA APR
Team Rocket,Rocket's Sneak Attack,16/82,1st Edition,PSA 10,2025-11-08,217.62,USD,eBay,auction,FALSE,,74259023,,https://www.ebay.com/itm/357812294347,PSA APR
Team Rocket,Rocket's Sneak Attack,16/82,1st Edition,PSA 10,2025-09-19,399,USD,eBay,best offer,TRUE,,50761343,,https://www.ebay.com/itm/306505162112,PSA APR
Team Rocket,Rocket's Sneak Attack,16/82,1st Edition,PSA 10,2025-07-21,409.99,USD,eBay,BIN,FALSE,,42721412,,https://www.ebay.com/itm/177251943109,PSA APR
Team Rocket,Rocket's Sneak Attack,16/82,1st Edition,PSA 10,2025-06-15,375,USD,eBay,best offer,TRUE,,56777457,,https://www.ebay.com/itm/167484886867,PSA APR
Team Rocket,Rocket's Sneak Attack,16/82,1st Edition,PSA 10,2025-05-23,450,USD,eBay,best offer,TRUE,,85855858,,https://www.ebay.com/itm/256889581020,PSA APR
Team Rocket,Rocket's Sneak Attack,16/82,1st Edition,PSA 10,2025-05-05,370,USD,eBay,best offer,TRUE,,58948211,,https://www.ebay.com/itm/316731899632,PSA APR
Team Rocket,Rocket's Sneak Attack,16/82,1st Edition,PSA 10,2025-05-03,378.2,USD,eBay,BIN,FALSE,,73097528,,https://www.ebay.com/itm/356852454471,PSA APR
Team Rocket,Rocket's Sneak Attack,16/82,1st Edition,PSA 10,2025-04-11,400,USD,eBay,BIN,FALSE,,26329104,,https://www.ebay.com/itm/256864627648,PSA APR
Team Rocket,Rocket's Sneak Attack,16/82,1st Edition,PSA 10,2025-04-07,345,USD,Fanatics Collect,BIN,FALSE,,40988254,,https://www.fanaticscollect.com/fixed/049beb0e-fabb-11ef-ac93-0278a23d4ac3,PSA APR
Team Rocket,Rocket's Sneak Attack,16/82,1st Edition,PSA 10,2025-03-31,288,USD,Fanatics Collect,auction,FALSE,,18608732,,https://www.fanaticscollect.com/weekly/a0369980-fa3c-11ef-8104-0a58a9feac02,PSA APR
Team Rocket,Rocket's Sneak Attack,16/82,1st Edition,PSA 10,2025-03-12,300,USD,eBay,BIN,FALSE,,17288038,,https://www.ebay.com/itm/294462782971,PSA APR
Team Rocket,Rocket's Sneak Attack,16/82,1st Edition,PSA 10,2025-03-07,412,USD,eBay,auction,FALSE,,41149567,,https://www.ebay.com/itm/297062834133,PSA APR
Team Rocket,Rocket's Sneak Attack,16/82,1st Edition,PSA 10,2025-03-04,304.82,USD,eBay,auction,FALSE,,92648471,,https://www.ebay.com/itm/335831624347,PSA APR
Team Rocket,Rocket's Sneak Attack,16/82,1st Edition,PSA 10,2025-02-19,503.34,USD,eBay,best offer,TRUE,,22368170,,https://www.ebay.com/itm/186655319359,PSA APR
Team Rocket,Rocket's Sneak Attack,16/82,1st Edition,PSA 10,2025-02-14,158.61,USD,eBay,best offer,TRUE,,26442919,,https://www.ebay.com/itm/396205517606,PSA APR
Team Rocket,Rocket's Sneak Attack,16/82,1st Edition,PSA 10,2025-02-02,123.93,USD,eBay,BIN,FALSE,,27239115,,https://www.ebay.com/itm/135528229400,PSA APR
Team Rocket,Rocket's Sneak Attack,16/82,1st Edition,PSA 10,2025-02-02,400,USD,eBay,BIN,FALSE,,23365843,,https://www.ebay.com/itm/365374885985,PSA APR
Team Rocket,Rocket's Sneak Attack,16/82,1st Edition,PSA 10,2024-11-23,124.05,USD,eBay,auction,FALSE,,23383906,,https://www.ebay.com/itm/395911600433,PSA APR
Team Rocket,Rocket's Sneak Attack,16/82,1st Edition,PSA 10,2024-10-10,175,USD,eBay,auction,FALSE,,55512775,,https://www.ebay.com/itm/395744607400,PSA APR
Team Rocket,Rocket's Sneak Attack,16/82,1st Edition,PSA 10,2024-09-26,300,USD,eBay,auction,FALSE,,55512775,,https://www.ebay.com/itm/395688305440,PSA APR
Team Rocket,Rocket's Sneak Attack,16/82,1st Edition,PSA 10,2024-09-02,170.21,USD,eBay,auction,FALSE,,41958025,,https://www.ebay.com/itm/405190815787,PSA APR
Team Rocket,Rocket's Sneak Attack,16/82,1st Edition,PSA 10,2024-08-28,201,USD,eBay,auction,FALSE,,52340554,,https://www.ebay.com/itm/375602726302,PSA APR
Team Rocket,Rocket's Sneak Attack,16/82,1st Edition,PSA 10,2024-08-21,147.5,USD,eBay,auction,FALSE,,27465948,,https://www.ebay.com/itm/387293766178,PSA APR
Team Rocket,Rocket's Sneak Attack,16/82,1st Edition,PSA 10,2024-08-19,147.49,USD,eBay,auction,FALSE,,41166667,,https://www.ebay.com/itm/276590857568,PSA APR
Team Rocket,Rocket's Sneak Attack,16/82,1st Edition,PSA 10,2024-08-05,139.07,USD,eBay,auction,FALSE,,41168925,,https://www.ebay.com/itm/335498013419,PSA APR
Team Rocket,Rocket's Sneak Attack,16/82,1st Edition,PSA 10,2023-10-02,92.36,USD,eBay,auction,FALSE,,28342189,,https://www.ebay.com/itm/364497481593,PSA APR
Team Rocket,Rainbow Energy,17/82,1st Edition,PSA 10,2026-09-28,1710,USD,Fanatics Collect,auction,FALSE,,46923653,,https://www.fanaticscollect.com/weekly/1634be78-b2d3-11f1-97ea-0affdeff6541,PSA APR
Team Rocket,Rainbow Energy,17/82,1st Edition,PSA 10,2026-09-19,1563,USD,Heritage Auctions,auction,FALSE,,40849816,,https://comics.ha.com/itm/memorabilia/trading-cards/pokemon-rainbow-energy-17-1st-edition-team-rocket-psa-trading-card-game-gem-mint-10-wizards-of-the-coast-2000-rare-holo/p/7459-74006.s,PSA APR
Team Rocket,Rainbow Energy,17/82,1st Edition,PSA 10,2026-09-14,1800,USD,Fanatics Collect,auction,FALSE,,44827855,,https://www.fanaticscollect.com/weekly/7c2a9800-a86b-11f1-a7e9-06d19b0b9c59,PSA APR
Team Rocket,Rainbow Energy,17/82,1st Edition,PSA 10,2026-09-09,2499.98,USD,eBay,BIN,FALSE,,41371930,,https://www.ebay.com/itm/298368629498,PSA APR
Team Rocket,Rainbow Energy,17/82,1st Edition,PSA 10,2026-08-24,1530,USD,Fanatics Collect,auction,FALSE,,44774807,,https://www.fanaticscollect.com/weekly/d3e92330-973c-11f1-980e-02ffd8a8e0b3,PSA APR
Team Rocket,Rainbow Energy,17/82,1st Edition,PSA 10,2026-05-14,1875,USD,Heritage Auctions,auction,FALSE,,40849816,,https://comics.ha.com/itm/memorabilia/trading-cards/pokemon-rainbow-energy-17-1st-edition-team-rocket-psa-trading-card-game-gem-mint-10-wizards-of-the-coast-2000-rare-holo/a/43246-78085.s,PSA APR
Team Rocket,Rainbow Energy,17/82,1st Edition,PSA 10,2026-05-04,1746,USD,Goldin Auctions,auction,FALSE,,23383905,,https://goldin.co/item/2000-pokemon-team-rocket-1st-edition-holo-17-rainbow-energy-psa-gem-mtftn0c,PSA APR
Team Rocket,Rainbow Energy,17/82,1st Edition,PSA 10,2026-04-09,2075,USD,eBay,auction,FALSE,,44555766,,https://www.ebay.com/itm/366320722927,PSA APR
Team Rocket,Rainbow Energy,17/82,1st Edition,PSA 10,2026-03-30,2160,USD,Fanatics Collect,auction,FALSE,,101529615,,https://www.fanaticscollect.com/weekly/2ad8588a-1eef-11f1-9e24-0a58a9feac02,PSA APR
Team Rocket,Rainbow Energy,17/82,1st Edition,PSA 10,2026-03-28,2208.62,USD,eBay,auction,FALSE,,41414776,,https://www.ebay.com/itm/306834145926,PSA APR
Team Rocket,Rainbow Energy,17/82,1st Edition,PSA 10,2026-03-19,3299,USD,Fanatics Collect,best offer,TRUE,,23383905,,https://www.fanaticscollect.com/buy-now/e57f2749-53cf-42c6-94d4-870c175a7474,PSA APR
Team Rocket,Rainbow Energy,17/82,1st Edition,PSA 10,2026-02-07,2325,USD,eBay,auction,FALSE,,49686472,,https://www.ebay.com/itm/117008492358,PSA APR
Team Rocket,Rainbow Energy,17/82,1st Edition,PSA 10,2026-01-28,1875,USD,eBay,best offer,TRUE,,65578495,,https://www.ebay.com/itm/117000686977,PSA APR
Team Rocket,Rainbow Energy,17/82,1st Edition,PSA 10,2026-01-19,1560,USD,Fanatics Collect,auction,FALSE,,27690412,,https://www.fanaticscollect.com/weekly/0da8274c-e9f5-11f0-bead-0a58a9feac02,PSA APR
Team Rocket,Rainbow Energy,17/82,1st Edition,PSA 10,2026-01-05,1625,USD,Fanatics Collect,best offer,TRUE,,27690412,,https://www.fanaticscollect.com/buy-now/e259943c-7941-4623-9667-a1cc8c5fee37,PSA APR
Team Rocket,Rainbow Energy,17/82,1st Edition,PSA 10,2025-12-15,1500,USD,Fanatics Collect,auction,FALSE,,54465201,,https://www.fanaticscollect.com/weekly/238d4f6e-cfc5-11f0-aa9d-0a58a9feac02,PSA APR
Team Rocket,Rainbow Energy,17/82,1st Edition,PSA 10,2025-12-14,1132.77,USD,eBay,auction,FALSE,,49686472,,https://www.ebay.com/itm/297820839657,PSA APR
Team Rocket,Rainbow Energy,17/82,1st Edition,PSA 10,2025-12-02,1504,USD,eBay,auction,FALSE,,65578495,,https://www.ebay.com/itm/127527289370,PSA APR
Team Rocket,Rainbow Energy,17/82,1st Edition,PSA 10,2025-11-10,3600,USD,Fanatics Collect,auction,FALSE,,101529615,,https://www.fanaticscollect.com/weekly/2935ab5c-b4fc-11f0-8127-0a58a9feac02,PSA APR
Team Rocket,Rainbow Energy,17/82,1st Edition,PSA 10,2025-09-22,1799.99,USD,eBay,BIN,FALSE,,101529615,,https://www.ebay.com/itm/167722659146,PSA APR
Team Rocket,Rainbow Energy,17/82,1st Edition,PSA 10,2025-09-21,2120,USD,Fanatics Collect,best offer,TRUE,,27564933,,https://www.fanaticscollect.com/fixed/63c6f3e4-931d-11f0-ad30-0a58a9feac02,PSA APR
Team Rocket,Rainbow Energy,17/82,1st Edition,PSA 10,2025-07-14,1740,USD,Fanatics Collect,auction,FALSE,,27998809,,https://www.fanaticscollect.com/weekly/35ddc286-3c6b-11f0-a83c-0a58a9feac02,PSA APR
Team Rocket,Rainbow Energy,17/82,1st Edition,PSA 10,2025-06-28,1749.99,USD,eBay,BIN,FALSE,,101529615,,https://www.ebay.com/itm/396796560265,PSA APR
Team Rocket,Rainbow Energy,17/82,1st Edition,PSA 10,2025-03-13,1612,USD,eBay,auction,FALSE,,51203736,,https://www.ebay.com/itm/365441866015,PSA APR
Team Rocket,Rainbow Energy,17/82,1st Edition,PSA 10,2025-03-02,776,USD,eBay,best offer,TRUE,,44285122,,https://www.ebay.com/itm/396205489558,PSA APR
Team Rocket,Rainbow Energy,17/82,1st Edition,PSA 10,2025-02-05,1700,USD,Fanatics Collect,best offer,TRUE,,44774807,,https://www.fanaticscollect.com/fixed/3a07c9de-a6ab-11ef-b633-021eba6b13f1,PSA APR
Team Rocket,Rainbow Energy,17/82,1st Edition,PSA 10,2024-10-11,800,USD,eBay,auction,FALSE,,41917054,,https://www.ebay.com/itm/395744631734,PSA APR
Team Rocket,Dark Raichu,83/82,1st Edition,PSA 10,2026-09-26,6000,USD,eBay,auction,FALSE,,27317387,,https://www.ebay.com/itm/128099433632,PSA APR
Team Rocket,Dark Raichu,83/82,1st Edition,PSA 10,2026-09-22,14999.95,USD,eBay,BIN,FALSE,,25768759,,https://www.ebay.com/itm/188060533997,PSA APR
Team Rocket,Dark Raichu,83/82,1st Edition,PSA 10,2026-09-22,5000,USD,eBay,best offer,TRUE,,52815538,,https://www.ebay.com/itm/128092085318,PSA APR
Team Rocket,Dark Raichu,83/82,1st Edition,PSA 10,2026-09-14,9900,USD,Fanatics Collect,auction,FALSE,,04325370,,https://www.fanaticscollect.com/weekly/e11ffb72-aade-11f1-902f-02fffe42cc1b,PSA APR
Team Rocket,Dark Raichu,83/82,1st Edition,PSA 10,2026-09-14,9900,USD,Fanatics Collect,auction,FALSE,,44827856,,https://www.fanaticscollect.com/weekly/7c2337fe-a86b-11f1-b419-06d19b0b9c59,PSA APR
Team Rocket,Dark Raichu,83/82,1st Edition,PSA 10,2026-09-14,9900,USD,Fanatics Collect,auction,FALSE,,27827298,,https://www.fanaticscollect.com/weekly/a74fd14a-a5c7-11f1-96e9-065d41047819,PSA APR
Team Rocket,Dark Raichu,83/82,1st Edition,PSA 10,2026-09-14,10000,USD,eBay,best offer,TRUE,,44204197,,https://www.ebay.com/itm/800488408797,PSA APR
Team Rocket,Dark Raichu,83/82,1st Edition,PSA 10,2026-09-14,9749.99,USD,eBay,BIN,FALSE,,28547128,,https://www.ebay.com/itm/206511513306,PSA APR
Team Rocket,Dark Raichu,83/82,1st Edition,PSA 10,2026-08-10,7500,USD,Fanatics Collect,auction,FALSE,,27827298,,https://www.fanaticscollect.com/weekly/d6487490-8ba3-11f1-95fe-0a58a9feac02,PSA APR
Team Rocket,Dark Raichu,83/82,1st Edition,PSA 10,2026-07-06,5760,USD,Fanatics Collect,auction,FALSE,,19303199,,https://www.fanaticscollect.com/weekly/2cf397b0-6d41-11f1-8c4e-02237833c7a7,PSA APR
Team Rocket,Dark Raichu,83/82,1st Edition,PSA 10,2026-06-06,6050,USD,eBay,best offer,TRUE,,52815538,,https://www.ebay.com/itm/358635693541,PSA APR
Team Rocket,Dark Raichu,83/82,1st Edition,PSA 10,2026-05-04,7930,USD,Goldin Auctions,auction,FALSE,,43605242,,https://goldin.co/item/2000-pokemon-team-rocket-1st-edition-holo-83-dark-raichu-psa-gem-mt-10scjjo,PSA APR
Team Rocket,Dark Raichu,83/82,1st Edition,PSA 10,2026-04-16,5948.14,USD,eBay,auction,FALSE,,41434522,,https://www.ebay.com/itm/188251020021,PSA APR
Team Rocket,Dark Raichu,83/82,1st Edition,PSA 10,2026-04-13,10500,USD,Fanatics Collect,auction,FALSE,,78808378,,https://www.fanaticscollect.com/weekly/d3ee14d4-2e33-11f1-8a2a-0a58a9feac02,PSA APR
Team Rocket,Dark Raichu,83/82,1st Edition,PSA 10,2026-02-16,5890,USD,Goldin Auctions,auction,FALSE,,51988668,,https://goldin.co/item/2000-pokemon-rocket-1st-edition-holo-83-dark-raichu-psa-gem-mt-10xn5nq,PSA APR
Team Rocket,Dark Raichu,83/82,1st Edition,PSA 10,2025-12-29,4799,USD,eBay,auction,FALSE,,63880433,,https://www.ebay.com/itm/116938946772,PSA APR
Team Rocket,Dark Raichu,83/82,1st Edition,PSA 10,2025-11-01,3500,USD,eBay,best offer,TRUE,,42880346,,https://www.ebay.com/itm/406341444018,PSA APR
Team Rocket,Dark Raichu,83/82,1st Edition,PSA 10,2025-09-29,4000,USD,Fanatics Collect,best offer,TRUE,,52815538,,https://www.fanaticscollect.com/fixed/789f9a92-9c7c-11f0-950e-0a58a9feac02,PSA APR
Team Rocket,Dark Raichu,83/82,1st Edition,PSA 10,2025-09-21,3725,USD,Fanatics Collect,best offer,TRUE,,27827298,,https://www.fanaticscollect.com/fixed/1da8522c-931d-11f0-b0b6-0275b5de122b,PSA APR
Team Rocket,Dark Raichu,83/82,1st Edition,PSA 10,2025-06-16,4050,USD,eBay,auction,FALSE,,29018077,,https://www.ebay.com/itm/306339191998,PSA APR
Team Rocket,Dark Raichu,83/82,1st Edition,PSA 10,2025-06-16,2885.88,USD,eBay,best offer,TRUE,,28217119,,https://www.ebay.com/itm/297238003561,PSA APR
Team Rocket,Dark Raichu,83/82,1st Edition,PSA 10,2025-05-22,2000,USD,eBay,best offer,TRUE,,46923645,,https://www.ebay.com/itm/306313003268,PSA APR
Team Rocket,Dark Raichu,83/82,1st Edition,PSA 10,2025-01-21,1400,USD,eBay,BIN,FALSE,,29018077,,https://www.ebay.com/itm/404996201380,PSA APR
Team Rocket,Dark Raichu,83/82,1st Edition,PSA 10,2024-12-11,1165.08,USD,eBay,auction,FALSE,,28441047,,https://www.ebay.com/itm/267086188628,PSA APR
Team Rocket,Dark Raichu,83/82,1st Edition,PSA 10,2024-10-18,1395,USD,eBay,auction,FALSE,,22022636,,https://www.ebay.com/itm/365175557468,PSA APR
Team Rocket,Dark Raichu,83/82,1st Edition,PSA 10,2024-10-10,1350,USD,eBay,auction,FALSE,,25657503,,https://www.ebay.com/itm/395742251598,PSA APR
Team Rocket,Dark Raichu,83/82,1st Edition,PSA 10,2024-09-21,1600,USD,eBay,auction,FALSE,,25657503,,https://www.ebay.com/itm/395680120025,PSA APR
Team Rocket,Dark Raichu,83/82,1st Edition,PSA 10,2024-01-28,1152,USD,eBay,auction,FALSE,,41200522,,https://www.ebay.com/itm/325972678017,PSA APR
Team Rocket,Dark Raichu,83/82,1st Edition,PSA 10,2023-10-26,1250,USD,eBay,auction,FALSE,,51591521,,https://www.ebay.com/itm/126143972940,PSA APR
Team Rocket,Dark Alakazam,1/82,1st Edition,PSA 10,2026-09-23,5999.99,USD,eBay,BIN,FALSE,,52650941,,https://www.ebay.com/itm/187827768108,PSA APR
Team Rocket,Dark Alakazam,1/82,1st Edition,PSA 10,2026-09-23,5225,USD,eBay,auction,FALSE,,45196241,,https://www.ebay.com/itm/128084894456,PSA APR
Team Rocket,Dark Alakazam,1/82,1st Edition,PSA 10,2026-09-14,3840,USD,Fanatics Collect,auction,FALSE,,44406609,,https://www.fanaticscollect.com/weekly/7c34265e-a86b-11f1-b4a2-06d19b0b9c59,PSA APR
Team Rocket,Dark Alakazam,1/82,1st Edition,PSA 10,2026-08-12,3999.98,USD,eBay,BIN,FALSE,,43029840,,https://www.ebay.com/itm/306972495027,PSA APR
Team Rocket,Dark Alakazam,1/82,1st Edition,PSA 10,2026-08-03,3900,USD,eBay,auction,FALSE,,44179974,,https://www.ebay.com/itm/407102450893,PSA APR
Team Rocket,Dark Alakazam,1/82,1st Edition,PSA 10,2026-05-28,3550,USD,eBay,auction,FALSE,,143864200,,https://www.ebay.com/itm/800041437872,PSA APR
Team Rocket,Dark Alakazam,1/82,1st Edition,PSA 10,2026-05-14,3250,USD,Heritage Auctions,auction,FALSE,,42203664,,https://comics.ha.com/itm/memorabilia/trading-cards/pokemon-dark-alakazam-1-1st-edition-team-rocket-psa-trading-card-game-gem-mint-10-wizards-of-the-coast-2000-rare-holo/a/43246-78076.s,PSA APR
Team Rocket,Dark Alakazam,1/82,1st Edition,PSA 10,2026-05-04,2880,USD,Fanatics Collect,auction,FALSE,,47580712,,https://www.fanaticscollect.com/weekly/4845479a-429c-11f1-81d4-0a58a9feac02,PSA APR
Team Rocket,Dark Alakazam,1/82,1st Edition,PSA 10,2026-05-04,2806,USD,Goldin Auctions,auction,FALSE,,28712096,,https://goldin.co/item/2000-pokemon-team-rocket-1st-edition-holo-1-dark-alakazam-psa-gem-mt-1lccjr,PSA APR
Team Rocket,Dark Alakazam,1/82,1st Edition,PSA 10,2026-04-11,3247.11,USD,eBay,auction,FALSE,,27615917,,https://www.ebay.com/itm/306856409142,PSA APR
Team Rocket,Dark Alakazam,1/82,1st Edition,PSA 10,2026-04-10,2850,USD,eBay,auction,FALSE,,45389911,,https://www.ebay.com/itm/377082772411,PSA APR
Team Rocket,Dark Alakazam,1/82,1st Edition,PSA 10,2026-04-06,3360,USD,Fanatics Collect,auction,FALSE,,41958005,,https://www.fanaticscollect.com/weekly/dcda4e30-1eef-11f1-a80d-0a58a9feac02,PSA APR
Team Rocket,Dark Alakazam,1/82,1st Edition,PSA 10,2026-03-09,3240,USD,Fanatics Collect,auction,FALSE,,29027219,,https://www.fanaticscollect.com/weekly/7ab608ae-1277-11f1-b7f7-0a58a9feac02,PSA APR
Team Rocket,Dark Alakazam,1/82,1st Edition,PSA 10,2026-02-23,3000,USD,Fanatics Collect,auction,FALSE,,24879854,,https://www.fanaticscollect.com/weekly/4b94b9a2-0765-11f1-a27b-023a0056c56f,PSA APR
Team Rocket,Dark Alakazam,1/82,1st Edition,PSA 10,2026-01-17,2500,USD,eBay,best offer,TRUE,,57130287,,https://www.ebay.com/itm/406598111954,PSA APR
Team Rocket,Dark Alakazam,1/82,1st Edition,PSA 10,2026-01-10,2200,USD,eBay,BIN,FALSE,,42880360,,https://www.ebay.com/itm/277620522612,PSA APR
Team Rocket,Dark Alakazam,1/82,1st Edition,PSA 10,2025-11-16,1666.14,USD,eBay,best offer,TRUE,,27342410,,https://www.ebay.com/itm/227057045165,PSA APR
Team Rocket,Dark Alakazam,1/82,1st Edition,PSA 10,2025-11-03,2200,USD,eBay,best offer,TRUE,,128390382,,https://www.ebay.com/itm/297733585965,PSA APR
Team Rocket,Dark Alakazam,1/82,1st Edition,PSA 10,2025-11-01,1325,USD,eBay,best offer,TRUE,,42880360,,https://www.ebay.com/itm/406341325466,PSA APR
Team Rocket,Dark Alakazam,1/82,1st Edition,PSA 10,2025-09-23,2200,USD,eBay,best offer,TRUE,,21355193,,https://www.ebay.com/itm/145298907000,PSA APR
Team Rocket,Dark Alakazam,1/82,1st Edition,PSA 10,2025-09-22,2190,USD,Fanatics Collect,auction,FALSE,,41958005,,https://www.fanaticscollect.com/weekly/725b9ea0-8d96-11f0-9f65-0a26ad63ce85,PSA APR
Team Rocket,Dark Alakazam,1/82,1st Edition,PSA 10,2025-09-19,2912.99,USD,eBay,BIN,FALSE,,21664742,,https://www.ebay.com/itm/157266205993,PSA APR
Team Rocket,Dark Alakazam,1/82,1st Edition,PSA 10,2025-09-12,1750,USD,eBay,best offer,TRUE,,57130287,,https://www.ebay.com/itm/127366020981,PSA APR
Team Rocket,Dark Alakazam,1/82,1st Edition,PSA 10,2025-09-11,1750,USD,eBay,best offer,TRUE,,57130287,,https://www.ebay.com/itm/127314643731,PSA APR
Team Rocket,Dark Alakazam,1/82,1st Edition,PSA 10,2025-07-18,1446.9,USD,eBay,best offer,TRUE,,115615075,,https://www.ebay.com/itm/406037123095,PSA APR
Team Rocket,Dark Alakazam,1/82,1st Edition,PSA 10,2025-07-01,1325,USD,eBay,auction,FALSE,,25649653,,https://www.ebay.com/itm/388624574593,PSA APR
Team Rocket,Dark Alakazam,1/82,1st Edition,PSA 10,2025-06-19,1299.99,USD,eBay,BIN,FALSE,,90966533,,https://www.ebay.com/itm/396757139369,PSA APR
Team Rocket,Dark Alakazam,1/82,1st Edition,PSA 10,2025-06-02,1140,USD,Fanatics Collect,auction,FALSE,,52112021,,https://www.fanaticscollect.com/weekly/a66eebe4-35b6-11f0-a699-0a6184eec5e1,PSA APR
Team Rocket,Dark Alakazam,1/82,1st Edition,PSA 10,2025-06-02,1110,USD,Fanatics Collect,auction,FALSE,,41934791,,https://www.fanaticscollect.com/weekly/b3ab2c2a-34bf-11f0-b39c-061017c7d157,PSA APR
Team Rocket,Dark Alakazam,1/82,1st Edition,PSA 10,2025-05-21,1192.42,USD,eBay,auction,FALSE,,18447133,,https://www.ebay.com/itm/267250245013,PSA APR
Team Rocket,Dark Alakazam,1/82,1st Edition,PSA 10,2025-03-19,1100,USD,eBay,best offer,TRUE,,54354764,,https://www.ebay.com/itm/296191001588,PSA APR
Team Rocket,Dark Alakazam,1/82,1st Edition,PSA 10,2025-03-16,1402,USD,eBay,auction,FALSE,,100083693,,https://www.ebay.com/itm/286390937072,PSA APR
Team Rocket,Dark Alakazam,1/82,1st Edition,PSA 10,2025-03-11,1000,USD,eBay,best offer,TRUE,,42200867,,https://www.ebay.com/itm/156729700526,PSA APR
Team Rocket,Dark Alakazam,1/82,1st Edition,PSA 10,2025-02-23,1000,USD,eBay,auction,FALSE,,44906061,,https://www.ebay.com/itm/226602348228,PSA APR
Team Rocket,Dark Alakazam,1/82,1st Edition,PSA 10,2025-02-22,950,USD,eBay,best offer,TRUE,,56559691,,https://www.ebay.com/itm/146370856758,PSA APR
Team Rocket,Dark Alakazam,1/82,1st Edition,PSA 10,2025-02-14,999.95,USD,eBay,BIN,FALSE,,45361686,,https://www.ebay.com/itm/275954851849,PSA APR
Team Rocket,Dark Alakazam,1/82,1st Edition,PSA 10,2025-02-07,950,USD,eBay,best offer,TRUE,,43994512,,https://www.ebay.com/itm/226580815335,PSA APR
Team Rocket,Dark Alakazam,1/82,1st Edition,PSA 10,2025-02-03,900,USD,eBay,best offer,TRUE,,28217030,,https://www.ebay.com/itm/126880345990,PSA APR
Team Rocket,Dark Alakazam,1/82,1st Edition,PSA 10,2025-02-01,1000,USD,eBay,BIN,FALSE,,27877223,,https://www.ebay.com/itm/267091118744,PSA APR
Team Rocket,Dark Alakazam,1/82,1st Edition,PSA 10,2025-01-26,780,USD,eBay,auction,FALSE,,26192377,,https://www.ebay.com/itm/286271744217,PSA APR
Team Rocket,Dark Alakazam,1/82,1st Edition,PSA 10,2025-01-15,700,USD,eBay,best offer,TRUE,,47008743,,https://www.ebay.com/itm/135476107244,PSA APR
Team Rocket,Dark Alakazam,1/82,1st Edition,PSA 10,2025-01-15,750,USD,eBay,best offer,TRUE,,22431931,,https://www.ebay.com/itm/266722540469,PSA APR
Team Rocket,Dark Alakazam,1/82,1st Edition,PSA 10,2025-01-05,1024.82,USD,eBay,BIN,FALSE,,28239789,,https://www.ebay.com/itm/316108222598,PSA APR
Team Rocket,Dark Alakazam,1/82,1st Edition,PSA 10,2024-12-02,710,USD,eBay,auction,FALSE,,47008743,,https://www.ebay.com/itm/176702133883,PSA APR
Team Rocket,Dark Alakazam,1/82,1st Edition,PSA 10,2024-10-10,880,USD,eBay,auction,FALSE,,44906061,,https://www.ebay.com/itm/395742255187,PSA APR
Team Rocket,Dark Alakazam,1/82,1st Edition,PSA 10,2024-09-29,671.97,USD,eBay,auction,FALSE,,41958004,,https://www.ebay.com/itm/286056780906,PSA APR
Team Rocket,Dark Alakazam,1/82,1st Edition,PSA 10,2024-09-26,1000,USD,eBay,auction,FALSE,,44906061,,https://www.ebay.com/itm/395687433574,PSA APR
Team Rocket,Dark Alakazam,1/82,1st Edition,PSA 10,2024-09-12,830,USD,eBay,auction,FALSE,,44906061,,https://www.ebay.com/itm/395646457867,PSA APR
Team Rocket,Dark Alakazam,1/82,1st Edition,PSA 10,2024-08-28,750,USD,eBay,auction,FALSE,,41522710,,https://www.ebay.com/itm/375602721704,PSA APR
Team Rocket,Dark Alakazam,1/82,1st Edition,PSA 10,2024-07-08,690,USD,eBay,auction,FALSE,,51155766,,https://www.ebay.com/itm/166848737514,PSA APR
Team Rocket,Dark Alakazam,1/82,1st Edition,PSA 10,2024-05-27,624,USD,eBay,auction,FALSE,,27042182,,https://www.ebay.com/itm/276466926581,PSA APR
Team Rocket,Dark Alakazam,1/82,1st Edition,PSA 10,2024-03-24,510,USD,eBay,auction,FALSE,,44375605,,https://www.ebay.com/itm/176285345797,PSA APR
