set,card_name,card_number,edition,grade,sale_date,price,currency,venue,sale_type,best_offer,accepted_price,cert_number,listing_title,listing_url,source
Team Rocket,Dark Alakazam,1/82,1st Edition,PSA 8,2026-09-13,300.00,USD,eBay,unknown,FALSE,,,Pokemon Dark Alakazam Holo Team Rocket 1 1st Edition PSA 8 #1,https://www.ebay.es/itm/287565390077,PriceCharting
Team Rocket,Dark Alakazam,1/82,1st Edition,PSA 8,2026-09-09,249.99,USD,eBay,unknown,FALSE,,,Dark Alakazam 1st Edition Holo Pokemon Team Rocket 1/82 PSA 8 1/82,https://www.ebay.es/itm/198438259015,PriceCharting
Team Rocket,Dark Alakazam,1/82,1st Edition,PSA 8,2026-09-08,255.00,USD,eBay,best offer,TRUE,,,PSA 8 - Dark Alakazam - #1 - 1st Edition - Holo - Team Rocket - Pokemon Card,https://www.ebay.es/itm/198623203133,PriceCharting
Team Rocket,Dark Alakazam,1/82,1st Edition,PSA 8,2026-09-06,274.99,USD,eBay,unknown,FALSE,,,Pokemon Dark Alakazam 1/82 Team Rocket 1st Edition Holo Rare - PSA 8 NM-MT 1/82,https://www.ebay.es/itm/366630701722,PriceCharting
Team Rocket,Dark Alakazam,1/82,1st Edition,PSA 8,2026-09-05,225.00,USD,eBay,best offer,TRUE,,,Pokemon TCG 2000 Team Rocket Dark Alakazam Holo 1st Ed #1/82 PSA 8 1/82,https://www.ebay.es/itm/287482054641,PriceCharting
Team Rocket,Dark Alakazam,1/82,1st Edition,PSA 8,2026-08-29,249.99,USD,eBay,unknown,FALSE,,,Dark Alakazam Holo 1/82 1st Edition Team Rocket Pokemon English SWIRL PSA 8 NM #1,https://www.ebay.es/itm/287543275469,PriceCharting
Team Rocket,Dark Alakazam,1/82,1st Edition,PSA 8,2026-08-23,226.29,USD,eBay,best offer,TRUE,,,Dark Alakazam #1/82 Team Rocket 1st Edition Pokemon 2000 PSA 8 1/82,https://www.ebay.es/itm/407161063746,PriceCharting
Team Rocket,Dark Alakazam,1/82,1st Edition,PSA 8,2026-08-18,249.99,USD,eBay,unknown,FALSE,,,Dark Alakazam Holo 1/82 1st Edition Team Rocket Pokemon English SWIRL PSA 8 NM #1,https://www.ebay.es/itm/188807702488,PriceCharting
Team Rocket,Dark Alakazam,1/82,1st Edition,PSA 8,2026-08-10,275.00,USD,eBay,unknown,FALSE,,,Pokemon Dark Alakazam Holo Team Rocket 1 1st Edition PSA 8 #1,https://www.ebay.es/itm/287491503069,PriceCharting
Team Rocket,Dark Alakazam,1/82,1st Edition,PSA 8,2026-08-08,204.50,USD,eBay,unknown,FALSE,,,Pokemon TCG 2000 Team Rocket Dark Alakazam Holo 1st Ed #1/82 PSA 8 1/82,https://www.ebay.es/itm/128006088722,PriceCharting
Team Rocket,Dark Alakazam,1/82,1st Edition,PSA 8,2026-07-24,215.37,USD,eBay,unknown,FALSE,,,2000 POKEMON TEAM ROCKET DARK ALAKAZAM #1/82 1ST EDITION RARE HOLO FOIL PSA 8 1/82,https://www.ebay.es/itm/358792044332,PriceCharting
Team Rocket,Dark Alakazam,1/82,1st Edition,PSA 8,2026-07-18,257.45,USD,eBay,unknown,FALSE,,,2000 POKEMON TEAM ROCKET FIRST EDITION #1/82 DARK ALAKAZAM HOLO RARE PSA 8 1/82,https://www.ebay.es/itm/206408436491,PriceCharting
Team Rocket,Dark Alakazam,1/82,1st Edition,PSA 8,2026-07-11,230.00,USD,eBay,best offer,TRUE,,,2000 Pokemon Team Rocket Dark Alakazam 1/82 Holo 1st Edition PSA 8 1/82,https://www.ebay.es/itm/358780654236,PriceCharting
Team Rocket,Dark Alakazam,1/82,1st Edition,PSA 8,2026-06-23,250.00,USD,eBay,unknown,FALSE,,,2000 Pokémon Team Rocket Dark Alakazam 1st Edition Holo #1/82 (PSA 8) 1/82,https://www.ebay.es/itm/366483956354,PriceCharting
Team Rocket,Dark Alakazam,1/82,1st Edition,PSA 8,2026-06-21,300.00,USD,eBay,unknown,FALSE,,,2000 Pokémon Team Rocket Dark Alakazam 1st Edition Holo #1/82 (PSA 8) 1/82,https://www.ebay.es/itm/336595598686,PriceCharting
Team Rocket,Dark Alakazam,1/82,1st Edition,PSA 8,2026-06-21,250.00,USD,eBay,unknown,FALSE,,,Pokémon Dark Alakazam 1/82 Team Rocket 1st Edition Holo PSA 8 1/82,https://www.ebay.es/itm/800173097122,PriceCharting
Team Rocket,Dark Alakazam,1/82,1st Edition,PSA 8,2026-06-14,227.50,USD,eBay,unknown,FALSE,,,POKEMON TEAM ROCKET DARK ALAKAZAM HOLO 1ST EDITION PSA 8 1/82,https://www.ebay.es/itm/358642444624,PriceCharting
Team Rocket,Dark Alakazam,1/82,1st Edition,PSA 8,2026-06-12,330.00,USD,eBay,unknown,FALSE,,,Pokémon Dark Alakazam 1/82 Team Rocket 1st Edition Holo PSA 8 60 HP 1/82,https://www.ebay.es/itm/178083633996,PriceCharting
Team Rocket,Dark Alakazam,1/82,1st Edition,PSA 8,2026-06-11,249.00,USD,eBay,unknown,FALSE,,,Pokémon Dark Alakazam 1/82 Team Rocket 1st Edition Holo PSA 8 60 HP 1/82,https://www.ebay.es/itm/168402054336,PriceCharting
Team Rocket,Dark Alakazam,1/82,1st Edition,PSA 9,2026-09-21,405.00,USD,eBay,unknown,FALSE,,,Pokemon Dark Alakazam Holo Team Rocket 1 1st Edition PSA 9 Mint #1,https://www.ebay.es/itm/287575937960,PriceCharting
Team Rocket,Dark Alakazam,1/82,1st Edition,PSA 9,2026-09-07,475.00,USD,eBay,unknown,FALSE,,,Pokémon English Team Rocket 1st Edition PSA 9 Dark Alakazam Holo 1/82 #1,https://www.ebay.es/itm/820061837101,PriceCharting
Team Rocket,Dark Alakazam,1/82,1st Edition,PSA 9,2026-09-07,460.00,USD,eBay,unknown,FALSE,,,Pokemon Dark Alakazam Holo Team Rocket 1 1st Edition PSA 9 Mint #1,https://www.ebay.es/itm/287552954380,PriceCharting
Team Rocket,Dark Alakazam,1/82,1st Edition,PSA 9,2026-08-30,455.91,USD,eBay,unknown,FALSE,,,2000 Pokémon Team Rocket 1st Edition 1/82 Dark Alakazam Holo PSA 9 BIG SWIRL 🌀 1/82,https://www.ebay.es/itm/188828509745,PriceCharting
Team Rocket,Dark Alakazam,1/82,1st Edition,PSA 9,2026-08-30,441.00,USD,eBay,unknown,FALSE,,,2000 Pokemon Team Rocket First Edition Dark Alakazam Holo #1/82 PSA 9,https://www.ebay.es/itm/377444403966,PriceCharting
Team Rocket,Dark Alakazam,1/82,1st Edition,PSA 9,2026-08-24,500.00,USD,eBay,best offer,TRUE,,,Dark Alakazam 1/82 Holo Rare 1st Edition 2000 Pokémon Team Rocket- PSA 9 Mint 1/82,https://www.ebay.es/itm/298560226781,PriceCharting
Team Rocket,Dark Alakazam,1/82,1st Edition,PSA 9,2026-08-24,412.01,USD,eBay,unknown,FALSE,,,Pokemon Dark Alakazam Holo Team Rocket 1 1st Edition PSA 9 Mint #1,https://www.ebay.es/itm/287524901221,PriceCharting
Team Rocket,Dark Alakazam,1/82,1st Edition,PSA 9,2026-08-17,500.00,USD,eBay,best offer,TRUE,,,2000 Pokemon 1st Edition Team Rocket 1/82 Dark Alakazam Holo PSA 9 1/82,https://www.ebay.es/itm/336178445467,PriceCharting
Team Rocket,Dark Alakazam,1/82,1st Edition,PSA 9,2026-08-16,467.00,USD,eBay,unknown,FALSE,,,Pokemon Dark Alakazam Holo Team Rocket 1 1st Edition PSA 9 Mint #1,https://www.ebay.es/itm/287511104815,PriceCharting
Team Rocket,Dark Alakazam,1/82,1st Edition,PSA 9,2026-08-03,495.00,USD,eBay,best offer,TRUE,,,Dark Alakazam 1/82 Holo Rare 1st Edition 2000 Pokémon Team Rocket- PSA 9 Mint 1/82,https://www.ebay.es/itm/298546574664,PriceCharting
Team Rocket,Dark Alakazam,1/82,1st Edition,PSA 9,2026-08-03,430.01,USD,eBay,unknown,FALSE,,,Pokemon TCG 2000 Team Rocket Dark Alakazam 1/82 Holo 1st Edition PSA 9 1/82,https://www.ebay.es/itm/407100855105,PriceCharting
Team Rocket,Dark Alakazam,1/82,1st Edition,PSA 9,2026-07-12,445.00,USD,eBay,best offer,TRUE,,,PSA 9 MINT Dark Alakazam 1 Team Rocket 1st Edition Holo Pokemon Card #1,https://www.ebay.es/itm/147407864803,PriceCharting
Team Rocket,Dark Alakazam,1/82,1st Edition,PSA 9,2026-07-10,430.00,USD,eBay,best offer,TRUE,,,2000 DARK ALAKAZAM TEAM ROCKET HOLO 1ST EDITION #1 PSA 9 MINT POKEMON 1/82,https://www.ebay.es/itm/318538793547,PriceCharting
Team Rocket,Dark Alakazam,1/82,1st Edition,PSA 10,2026-09-20,5250.00,USD,eBay,unknown,FALSE,,,2000 POKEMON ROCKET 1ST EDITION #1 DARK ALAKAZAM-HOLO PSA 10 #1,https://www.ebay.es/itm/117380980921,PriceCharting
Team Rocket,Dark Alakazam,1/82,1st Edition,PSA 10,2026-09-07,4740.00,USD,eBay,unknown,FALSE,,,2000 Pokemon Rocket 1st Edition #1 Dark Alakazam Holo PSA 10 GEM MINT,https://www.ebay.es/itm/377458222535,PriceCharting
Team Rocket,Dark Alakazam,1/82,1st Edition,PSA 10,2026-08-23,4999.99,USD,eBay,unknown,FALSE,,,2000 POKEMON ROCKET 1ST EDITION #1 DARK ALAKAZAM-HOLO PSA 10 #1,https://www.ebay.es/itm/298383874980,PriceCharting
Team Rocket,Dark Alakazam,1/82,1st Edition,PSA 10,2026-08-21,4450.00,USD,eBay,unknown,FALSE,,,2000 Pokemon Rocket 1st Edition #1 Dark Alakazam Holo PSA 10 GEM MINT,https://www.ebay.es/itm/366603636232,PriceCharting
Team Rocket,Dark Alakazam,1/82,1st Edition,PSA 10,2026-08-17,4000.00,USD,eBay,best offer,TRUE,,,2000 POKEMON ROCKET 1ST EDITION #1 DARK ALAKAZAM-HOLO PSA 10 #1,https://www.ebay.es/itm/227474117302,PriceCharting
Team Rocket,Dark Alakazam,1/82,1st Edition,PSA 10,2026-06-15,2950.00,USD,eBay,unknown,FALSE,,,Pokemon Dark Alakazam Team Rocket 1st Edition Holo Rare #1 PSA 10 Gem Mint,https://www.ebay.es/itm/287375965031,PriceCharting
Team Rocket,Dark Alakazam,1/82,1st Edition,PSA 10,2026-06-04,2550.02,USD,eBay,unknown,FALSE,,,2000 Pokemon Team Rocket First Edition Dark Alakazam Holo #1/82 PSA 10 GEM MINT,https://www.ebay.es/itm/377219587511,PriceCharting
Team Rocket,Dark Alakazam,1/82,1st Edition,PSA 10,2026-06-04,2650.00,USD,eBay,unknown,FALSE,,,2000 Pokemon Team Rocket First Edition Dark Alakazam Holo #1/82 PSA 10 GEM MINT,https://www.ebay.es/itm/377219587492,PriceCharting
Team Rocket,Dark Alakazam,1/82,1st Edition,PSA 10,2026-05-25,2763.00,USD,eBay,unknown,FALSE,,,PSA 10 GEM MINT Dark Alakazam 1/82 HOLO Team Rocket 1ST EDITION Pokemon Card 1/82,https://www.ebay.es/itm/178143845070,PriceCharting
Team Rocket,Dark Alakazam,1/82,1st Edition,PSA 10,2026-03-29,4061.00,USD,eBay,unknown,FALSE,,,Pokemon Dark Alakazam Team Rocket 1st Edition Holo Rare #1 PSA 10 Gem Mint,https://www.ebay.es/itm/287214951905,PriceCharting
Team Rocket,Dark Alakazam,1/82,1st Edition,PSA 10,2026-03-29,3673.28,USD,eBay,unknown,FALSE,,,2000 POKEMON ROCKET 1ST EDITION #1 DARK ALAKAZAM HOLO PSA 10 #1,https://www.ebay.es/itm/306835702994,PriceCharting
Team Rocket,Dark Alakazam,1/82,1st Edition,PSA 10,2026-03-13,3550.00,USD,eBay,unknown,FALSE,,,2000 POKEMON ROCKET 1ST EDITION #1 DARK ALAKAZAM-HOLO PSA 10 #1,https://www.ebay.es/itm/298090011852,PriceCharting
Team Rocket,Dark Alakazam,1/82,1st Edition,PSA 10,2026-03-11,3550.00,USD,eBay,unknown,FALSE,,,2000 POKEMON ROCKET 1ST EDITION #1 DARK ALAKAZAM-HOLO PSA 10 #1,https://www.ebay.es/itm/306799841645,PriceCharting
Team Rocket,Dark Alakazam,1/82,1st Edition,PSA 10,2026-03-05,2999.00,USD,eBay,unknown,FALSE,,,PSA 10 1st Edition Dark Alakazam 1/82 Team Rocket Pokemon 2000 SWIRL🌀 1/82,https://www.ebay.es/itm/406724110778,PriceCharting
Team Rocket,Dark Alakazam,1/82,1st Edition,PSA 10,2026-02-21,2600.00,USD,eBay,unknown,FALSE,,,2000 Pokemon Team Rocket 1st Edition Dark Alakazam #1 Holo PSA 10 1/82,https://www.ebay.es/itm/257354805819,PriceCharting
Team Rocket,Dark Alakazam,1/82,1st Edition,PSA 10,2026-01-14,2403.00,USD,eBay,unknown,FALSE,,,2000 Pokemon Team Rocket First Edition Dark Alakazam Holo #1/82 PSA 10,https://www.ebay.es/itm/376847311120,PriceCharting
Team Rocket,Dark Alakazam,1/82,1st Edition,PSA 10,2025-12-19,1924.79,USD,eBay,unknown,FALSE,,,Dark Alakazam Team Rocket 1st Edition Holo PSA 10 Pokemon TCG #1,https://www.ebay.es/itm/397402077457,PriceCharting
Team Rocket,Dark Alakazam,1/82,1st Edition,PSA 10,2025-12-07,4999.99,USD,eBay,unknown,FALSE,,,2000 Pokemon Dark Alakazam Team Rocket 1st Edition Holo PSA 10 - Perfect! #1,https://www.ebay.es/itm/185179470015,PriceCharting
Team Rocket,Dark Alakazam,1/82,1st Edition,PSA 10,2025-11-26,1700.00,USD,eBay,unknown,FALSE,,,Pokemon Dark Alakazam Team Rocket 1st Edition Holo Rare #1 PSA 10 Gem Mint #1,https://www.ebay.es/itm/187763577557,PriceCharting
Team Rocket,Dark Alakazam,1/82,1st Edition,PSA 10,2025-11-21,1825.00,USD,eBay,unknown,FALSE,,,Pokemon Dark Alakazam Team Rocket 1st Edition Holo Rare #1 PSA 10 Gem Mint #1,https://www.ebay.es/itm/187747411976,PriceCharting
Team Rocket,Dark Alakazam,1/82,1st Edition,PSA 10,2025-11-16,1800.00,USD,eBay,unknown,FALSE,,,Pokemon Dark Alakazam Team Rocket 1st Edition Holo Rare #1 PSA 10 Gem Mint #1,https://www.ebay.es/itm/187731983911,PriceCharting
Team Rocket,Dark Alakazam,1/82,1st Edition,PSA 10,2025-09-03,1999.99,USD,eBay,unknown,FALSE,,,Pokemon Dark Alakazam Team Rocket 1st Edition Holo SWIRL Rare #1 PSA 10 Gem Mint #1,https://www.ebay.es/itm/167739708457,PriceCharting
Team Rocket,Dark Alakazam,1/82,1st Edition,PSA 10,2025-08-25,2025.00,USD,eBay,unknown,FALSE,,,Pokemon Dark Alakazam Team Rocket 1st Edition Holo Rare #1 PSA 10 Gem Mint,https://www.ebay.es/itm/286766047703,PriceCharting
Team Rocket,Dark Alakazam,1/82,1st Edition,PSA 10,2025-07-21,1490.00,USD,eBay,unknown,FALSE,,,Pokemon Dark Alakazam Team Rocket 1st Edition Holo Rare #1 PSA 10 Gem Mint,https://www.ebay.es/itm/286606938173,PriceCharting
Team Rocket,Dark Alakazam,1/82,1st Edition,PSA 10,2025-06-16,1357.00,USD,eBay,unknown,FALSE,,,2000 Pokemon Team Rocket First Edition Dark Alakazam Holo #1/82 PSA 10,https://www.ebay.es/itm/127168222326,PriceCharting
Team Rocket,Dark Alakazam,1/82,1st Edition,PSA 10,2025-05-05,1481.00,USD,eBay,unknown,FALSE,,,2000 Pokemon Team Rocket #1 Dark Alakazam Holo 1st Edition PSA 10 GEM MINT,https://www.ebay.es/itm/388332106799,PriceCharting
Team Rocket,Dark Alakazam,1/82,1st Edition,PSA 10,2025-04-14,1000.00,USD,eBay,unknown,FALSE,,,Pokemon Dark Alakazam Team Rocket 1st Edition Holo Rare #1 PSA 10 Gem Mint #1,https://www.ebay.es/itm/388250910126,PriceCharting
Team Rocket,Dark Alakazam,1/82,1st Edition,PSA 10,2025-04-13,1188.00,USD,eBay,unknown,FALSE,,,Pokemon Dark Alakazam Team Rocket 1st Edition Holo Rare #1 PSA 10 Gem Mint,https://www.ebay.es/itm/286461314192,PriceCharting
Team Rocket,Dark Alakazam,1/82,Unlimited,PSA 8,2026-09-22,85.49,USD,eBay,unknown,FALSE,,,*DMG SLAB* Dark Alakazam #1/82 Holo Team Rocket Unlimited Pokemon 2000 PSA 8 1/82,https://www.ebay.es/itm/398394322375,PriceCharting
Team Rocket,Dark Alakazam,1/82,Unlimited,PSA 8,2026-09-10,120.00,USD,eBay,best offer,TRUE,,,2000 Pokémon Dark Alakazam Holo Team Rocket 1/82 Card PSA 8 NM-MT 1/82,https://www.ebay.es/itm/137702912426,PriceCharting
Team Rocket,Dark Alakazam,1/82,Unlimited,PSA 8,2026-09-09,55.00,USD,eBay,unknown,FALSE,,,The Pokemon Company 2000 Team Rocket Dark Alakazam 1/82 English PSA 8 Holo 1/82,https://www.ebay.es/itm/298659741333,PriceCharting
Team Rocket,Dark Alakazam,1/82,Unlimited,PSA 8,2026-09-03,134.99,USD,eBay,unknown,FALSE,,,2000 Pokémon Dark Alakazam Holo Team Rocket 1/82 Card PSA 8 NM-MT 1/82,https://www.ebay.es/itm/158010836207,PriceCharting
Team Rocket,Dark Alakazam,1/82,Unlimited,PSA 8,2026-08-30,65.00,USD,eBay,unknown,FALSE,,,Pokémon TCG Team Rocket Dark Alakazam Holo Rare 1/82 2000 English PSA 8 1/82,https://www.ebay.es/itm/318769325485,PriceCharting
Team Rocket,Dark Alakazam,1/82,Unlimited,PSA 8,2026-07-31,150.00,USD,eBay,unknown,FALSE,,,2000 Pokémon Dark Alakazam Holo Team Rocket 1/82 PSA 8 NEAR MINT - MINT 1/82,https://www.ebay.es/itm/267639707739,PriceCharting
Team Rocket,Dark Alakazam,1/82,Unlimited,PSA 8,2026-07-31,130.49,USD,eBay,unknown,FALSE,,,DARK ALAKAZAM PSA 8 2000 POKEMON TEAM ROCKET #1/82 HOLO 2490 1/82,https://www.ebay.es/itm/188676838937,PriceCharting
Team Rocket,Dark Alakazam,1/82,Unlimited,PSA 8,2026-07-18,148.95,USD,eBay,unknown,FALSE,,,Pokemon Team Rocket Dark Alakazam 1/82 PSA 8,https://www.ebay.es/itm/377253964080,PriceCharting
Team Rocket,Dark Alakazam,1/82,Unlimited,PSA 8,2026-06-27,90.00,USD,eBay,best offer,TRUE,,,Pokemon TCG Dark Alakazam 1/82 Team Rocket Holo Rare English 2000 PSA 8 1/82,https://www.ebay.es/itm/377293704747,PriceCharting
Team Rocket,Dark Alakazam,1/82,Unlimited,PSA 8,2026-06-10,90.00,USD,eBay,best offer,TRUE,,,Dark Alakazam Holo 2000 Pokemon Team Rocket #1 PSA 8 NM-MT Vintage #1,https://www.ebay.es/itm/188491159299,PriceCharting
Team Rocket,Dark Alakazam,1/82,Unlimited,PSA 8,2026-06-08,167.00,USD,eBay,best offer,TRUE,,,2000 POKEMON ROCKET #1 DARK ALAKAZAM-HOLO PSA 8 PERFECT SWIRL #1,https://www.ebay.es/itm/398028276036,PriceCharting
Team Rocket,Dark Alakazam,1/82,Unlimited,PSA 8,2026-06-06,132.00,USD,eBay,unknown,FALSE,,,2000 Pokemon Team Rocket Dark Alakazam Holo PSA 8 #1/82 1/82,https://www.ebay.es/itm/178184458681,PriceCharting
Team Rocket,Dark Alakazam,1/82,Unlimited,PSA 8,2026-06-06,92.89,USD,eBay,unknown,FALSE,,,Dark Alakazam Holo 1/82 PSA8 Team Rocket Pokemon ENG,https://www.ebay.es/itm/800104061042,PriceCharting
Team Rocket,Dark Alakazam,1/82,Unlimited,PSA 8,2026-05-28,100.00,USD,eBay,unknown,FALSE,,,2000 Pokémon Dark Alakazam Holo Team Rocket 1/82 PSA 8-NM 1/82,https://www.ebay.es/itm/800066159013,PriceCharting
Team Rocket,Dark Alakazam,1/82,Unlimited,PSA 8,2026-05-25,100.00,USD,eBay,best offer,TRUE,,,2000 Pokémon Dark Alakazam Holo Team Rocket 1/82 PSA 8-NM 1/82,https://www.ebay.es/itm/406944456584,PriceCharting
Team Rocket,Dark Alakazam,1/82,Unlimited,PSA 8,2026-05-24,124.99,USD,eBay,unknown,FALSE,,,Pokemon Card English - Dark Alakazam Holo #1 - Team Rocket Unlimited - PSA 8 #1,https://www.ebay.es/itm/206290680408,PriceCharting
Team Rocket,Dark Alakazam,1/82,Unlimited,PSA 8,2026-05-22,73.20,USD,eBay,unknown,FALSE,,,Dark Alakazam Holo 1/82 PSA8 Team Rocket Pokemon ENG,https://www.ebay.es/itm/800022885415,PriceCharting
Team Rocket,Dark Alakazam,1/82,Unlimited,PSA 9,2026-09-27,190.50,USD,eBay,unknown,FALSE,,,Pokemon Dark Alakazam Holo Team Rocket Unlimited 1 PSA 9 Mint #1,https://www.ebay.es/itm/287594621973,PriceCharting
Team Rocket,Dark Alakazam,1/82,Unlimited,PSA 9,2026-09-22,192.50,USD,eBay,unknown,FALSE,,,2000 DARK ALAKAZAM HOLO RARE TEAM ROCKET POKEMON PSA 9 MINT #1/82 PSYCHIC SWIRL 1/82,https://www.ebay.es/itm/287588813318,PriceCharting
Team Rocket,Dark Alakazam,1/82,Unlimited,PSA 9,2026-09-20,220.56,USD,eBay,unknown,FALSE,,,PSA 9 DARK ALAKAZAM 1/82 | Team Rocket WOTC Holo Pokemon Card #1,https://www.ebay.es/itm/327343597488,PriceCharting
Team Rocket,Dark Alakazam,1/82,Unlimited,PSA 9,2026-09-09,175.00,USD,eBay,unknown,FALSE,,,Pokemon Team Rocket Dark Alakazam Holo PSA 9 1/82,https://www.ebay.es/itm/147511974362,PriceCharting
Team Rocket,Dark Alakazam,1/82,Unlimited,PSA 9,2026-09-07,182.50,USD,eBay,unknown,FALSE,,,2000 DARK ALAKAZAM HOLO RARE TEAM ROCKET POKEMON PSA 9 MINT #1/82 PSYCHIC SWIRL 1/82,https://www.ebay.es/itm/366638760935,PriceCharting
Team Rocket,Dark Alakazam,1/82,Unlimited,PSA 9,2026-08-10,215.00,USD,eBay,best offer,TRUE,,,Pokemon Team Rocket Dark Alakazam Holo Rare 01/82 PSA 9 2000 English Unlimited,https://www.ebay.es/itm/267743157099,PriceCharting
Team Rocket,Dark Alakazam,1/82,Unlimited,PSA 9,2026-08-08,204.19,USD,eBay,unknown,FALSE,,,Pokemon 2000 Dark Alakazam 1/82 Holo Team Rocket PSA 9 1/82,https://www.ebay.es/itm/407111803906,PriceCharting
Team Rocket,Dark Alakazam,1/82,Unlimited,PSA 9,2026-06-29,270.00,USD,eBay,unknown,FALSE,,,Pokemon Team Rocket Dark Alakazam Holo Rare 01/82 PSA 9 2000 English Unlimited 1/82,https://www.ebay.es/itm/227396292436,PriceCharting
Team Rocket,Dark Alakazam,1/82,Unlimited,PSA 9,2026-06-25,188.50,USD,eBay,unknown,FALSE,,,2000 Pokemon Team Rocket Dark Alakazam Holo #1/82 PSA 9,https://www.ebay.es/itm/127931249192,PriceCharting
Team Rocket,Dark Alakazam,1/82,Unlimited,PSA 9,2026-05-30,268.15,USD,eBay,unknown,FALSE,,,Pokemon Card Dark Alakazam Holo Unlimited 1/82 Team Rocket ENG Mint PSA 9,https://www.ebay.es/itm/146687294049,PriceCharting
Team Rocket,Dark Alakazam,1/82,Unlimited,PSA 9,2026-05-24,185.00,USD,eBay,unknown,FALSE,,,2000 Pokemon Team Rocket 1/82 Dark Alakazam Holo PSA 9 1/82,https://www.ebay.es/itm/157919480994,PriceCharting
Team Rocket,Dark Alakazam,1/82,Unlimited,PSA 9,2026-05-07,219.99,USD,eBay,unknown,FALSE,,,DARK ALAKAZAM 2000 Pokemon Team Rocket #1/82 Holo PSA 9 #1,https://www.ebay.es/itm/206254916902,PriceCharting
Team Rocket,Dark Alakazam,1/82,Unlimited,PSA 9,2026-05-07,285.00,USD,eBay,best offer,TRUE,,,2000 Pokemon Team Rocket 1/82 Dark Alakazam Holo PSA 9 1/82,https://www.ebay.es/itm/198328641426,PriceCharting
Team Rocket,Dark Alakazam,1/82,Unlimited,PSA 9,2026-04-19,202.73,USD,eBay,unknown,FALSE,,,Pokemon Card Dark Alakazam 1/82 Team Rocket Set Rare Holo WOTC PSA 9 MINT 1/82,https://www.ebay.es/itm/267593894177,PriceCharting
Team Rocket,Dark Alakazam,1/82,Unlimited,PSA 9,2026-04-16,227.50,USD,eBay,unknown,FALSE,,,DARK ALAKAZAM 2000 Pokemon Team Rocket #1/82 Holo PSA 9 #1,https://www.ebay.es/itm/327057561663,PriceCharting
Team Rocket,Dark Alakazam,1/82,Unlimited,PSA 9,2026-04-12,142.05,USD,eBay,best offer,TRUE,,,Dark Alakazam 1/82 Team Rocket Holo *1 SWIRL* 2000 Pokemon Card PSA 9 MINT 1/82,https://www.ebay.es/itm/267634278721,PriceCharting
Team Rocket,Dark Alakazam,1/82,Unlimited,PSA 9,2026-04-06,142.50,USD,eBay,unknown,FALSE,,,Pokemon Dark Alakazam Team Rocket Unlimited Holo Rare #1 PSA 9 Mint,https://www.ebay.es/itm/287233336460,PriceCharting
Team Rocket,Dark Alakazam,1/82,Unlimited,PSA 10,2026-09-01,4999.99,USD,eBay,unknown,FALSE,,,2000 POKEMON ROCKET #1 DARK ALAKAZAM-HOLO PSA 10 #1,https://www.ebay.es/itm/298623888485,PriceCharting
Team Rocket,Dark Alakazam,1/82,Unlimited,PSA 10,2026-04-05,2125.00,USD,eBay,unknown,FALSE,,,Pokemon Dark Alakazam Team Rocket Unlimited Holo Rare #1 PSA 10 Gem Mint,https://www.ebay.es/itm/287237156066,PriceCharting
Team Rocket,Dark Alakazam,1/82,Unlimited,PSA 10,2025-08-18,670.00,USD,eBay,unknown,FALSE,,,Pokemon Dark Alakazam Team Rocket Unlimited Holo Rare #1 PSA 10 Gem Mint,https://www.ebay.es/itm/286752478512,PriceCharting
Team Rocket,Dark Alakazam,1/82,Unlimited,PSA 10,2024-05-03,463.36,USD,eBay,unknown,FALSE,,,PSA 10 Dark Alakazam Holo Team Rocket Pokemon Card 1/82,https://www.ebay.es/itm/266759972055,PriceCharting
Team Rocket,Dark Arbok,2/82,1st Edition,PSA 8,2026-09-27,107.08,USD,eBay,unknown,FALSE,,,Pokemon Tcg Team Rocket Dark Arbok 1st Edition Psa 8 2/82,https://www.ebay.es/itm/137775645300,PriceCharting
Team Rocket,Dark Arbok,2/82,1st Edition,PSA 8,2026-09-17,107.05,USD,eBay,unknown,FALSE,,,2000 Pokemon Team Rocket First Edition Dark Arbok Holo #2/82 PSA 8,https://www.ebay.es/itm/267778150005,PriceCharting
Team Rocket,Dark Arbok,2/82,1st Edition,PSA 8,2026-09-09,112.50,USD,eBay,unknown,FALSE,,,2000 Pokemon Team Rocket First Edition Dark Arbok Holo #2/82 PSA 8,https://www.ebay.es/itm/377466414822,PriceCharting
Team Rocket,Dark Arbok,2/82,1st Edition,PSA 8,2026-09-02,125.95,USD,eBay,unknown,FALSE,,,Pokemon Team Rocket 1st Edition Dark Arbok 2/82 PSA 8,https://www.ebay.es/itm/398053788949,PriceCharting
Team Rocket,Dark Arbok,2/82,1st Edition,PSA 8,2026-08-30,99.99,USD,eBay,unknown,FALSE,,,2000 Pokemon Team Rocket Dark Arbok Holo 1st Edition PSA 8 NM--MT 2/82,https://www.ebay.es/itm/117352818579,PriceCharting
Team Rocket,Dark Arbok,2/82,1st Edition,PSA 8,2026-08-24,127.50,USD,eBay,unknown,FALSE,,,Pokemon 1st Edition Holo Dark Arbok #2 | PSA 8 NM - Mint | Team Rocket Set 2000 #2,https://www.ebay.es/itm/257689908279,PriceCharting
Team Rocket,Dark Arbok,2/82,1st Edition,PSA 8,2026-08-10,100.00,USD,eBay,unknown,FALSE,,,Pokemon Dark Arbok Team Rocket 2 1st Edition Holo PSA 8 2/82,https://www.ebay.es/itm/278263636339,PriceCharting
Team Rocket,Dark Arbok,2/82,1st Edition,PSA 8,2026-08-07,100.00,USD,eBay,unknown,FALSE,,,2000 Pokemon Team Rocket Dark Arbok Holo 1st Edition PSA 8 2/82,https://www.ebay.es/itm/327298654753,PriceCharting
Team Rocket,Dark Arbok,2/82,1st Edition,PSA 8,2026-08-06,96.00,USD,eBay,unknown,FALSE,,,2000 Pokemon Team Rocket Dark Arbok Holo 1st Edition PSA 8 2/82,https://www.ebay.es/itm/158133259587,PriceCharting
Team Rocket,Dark Arbok,2/82,1st Edition,PSA 8,2026-08-02,115.00,USD,eBay,unknown,FALSE,,,2000 Pokemon Team Rocket Dark Arbok Holo 1st Edition PSA 8 2/82,https://www.ebay.es/itm/147474969823,PriceCharting
Team Rocket,Dark Arbok,2/82,1st Edition,PSA 8,2026-08-01,100.00,USD,eBay,best offer,TRUE,,,2000 Pokemon Team Rocket Dark Arbok Holo 1st Edition PSA 8 2/82,https://www.ebay.es/itm/287482051995,PriceCharting
Team Rocket,Dark Arbok,2/82,1st Edition,PSA 8,2026-07-26,120.00,USD,eBay,unknown,FALSE,,,2000 Pokemon Team Rocket Dark Arbok Holo 1st Edition PSA 8 Swirl 2/82,https://www.ebay.es/itm/257643577351,PriceCharting
Team Rocket,Dark Arbok,2/82,1st Edition,PSA 8,2026-07-19,73.50,USD,eBay,unknown,FALSE,,,Pokemon TCG Dark Arbok 2/82 Team Rocket 1st Edition PSA 8 Holo Eng 60HP 2/82,https://www.ebay.es/itm/407084351519,PriceCharting
Team Rocket,Dark Arbok,2/82,1st Edition,PSA 8,2026-07-18,81.66,USD,eBay,unknown,FALSE,,,2000 POKEMON TEAM ROCKET FIRST EDITION #2/82 DARK ARBOK HOLO RARE PSA 8 2/82,https://www.ebay.es/itm/206408436362,PriceCharting
Team Rocket,Dark Arbok,2/82,1st Edition,PSA 8,2026-07-17,90.00,USD,eBay,best offer,TRUE,,,2000 Pokemon Team Rocket Dark Arbok Holo 1st Edition PSA 8 2/82,https://www.ebay.es/itm/398150794056,PriceCharting
Team Rocket,Dark Arbok,2/82,1st Edition,PSA 8,2026-07-10,90.00,USD,eBay,best offer,TRUE,,,2000 Pokemon Team Rocket Dark Arbok Holo 1st Edition (misprint) PSA 8 2/82,https://www.ebay.es/itm/358772717067,PriceCharting
Team Rocket,Dark Arbok,2/82,1st Edition,PSA 8,2026-06-21,129.99,USD,eBay,unknown,FALSE,,,PSA 8 Pokemon Team Rocket 1st Edition Holo Rare Dark Arbok 2/82 NM/MINT!!,https://www.ebay.es/itm/336624525416,PriceCharting
Team Rocket,Dark Arbok,2/82,1st Edition,PSA 8,2026-06-19,109.95,USD,eBay,unknown,FALSE,,,Pokemon Pokemon Graded Dark Arbok - Team Rocket 1st Ed - 2/82 - PSA 8 NM,https://www.ebay.es/itm/157973070651,PriceCharting
Team Rocket,Dark Arbok,2/82,1st Edition,PSA 8,2026-06-19,99.99,USD,eBay,unknown,FALSE,,,Pokemon 2000 Team Rocket Dark Arbok 2/82 Holo 1st Edition PSA 8 2/82,https://www.ebay.es/itm/298423316875,PriceCharting
Team Rocket,Dark Arbok,2/82,1st Edition,PSA 8,2026-06-19,127.50,USD,eBay,unknown,FALSE,,,Pokémon 2000 Dark Arbok 1st Edition Holo Team Rocket PSA 8 2/82 2 NM Mint 2/82,https://www.ebay.es/itm/157944836912,PriceCharting
Team Rocket,Dark Arbok,2/82,1st Edition,PSA 8,2026-06-14,95.00,USD,eBay,best offer,TRUE,,,Dark Arbok 1st Edition PSA 8 Team Rocket Holo Pokémon Card 1999 WOTC #2 Rare #2,https://www.ebay.es/itm/188284905638,PriceCharting
Team Rocket,Dark Arbok,2/82,1st Edition,PSA 9,2026-09-26,210.00,USD,eBay,unknown,FALSE,,,Dark Arbok - 2/82 PSA 9 Team Rocket 1st Edition Holo Rare Pokemon - MINT,https://www.ebay.es/itm/366673255005,PriceCharting
Team Rocket,Dark Arbok,2/82,1st Edition,PSA 9,2026-09-24,210.00,USD,eBay,unknown,FALSE,,,2000 Pokemon Team Rocket Dark Arbok Holo 1st Ed PSA 9 2/82,https://www.ebay.es/itm/158279056666,PriceCharting
Team Rocket,Dark Arbok,2/82,1st Edition,PSA 9,2026-09-24,210.00,USD,eBay,best offer,TRUE,,,2000 Pokemon Team Rocket 1st Edition Holo Dark Arbok #2 PSA 9 MINT 2/82,https://www.ebay.es/itm/377189381961,PriceCharting
Team Rocket,Dark Arbok,2/82,1st Edition,PSA 9,2026-09-10,210.00,USD,eBay,unknown,FALSE,,,Pokemon Dark Arbok 2000 Team Rocket 1st Edition Holo 2/82 English PSA 9 2/82,https://www.ebay.es/itm/158223605622,PriceCharting
Team Rocket,Dark Arbok,2/82,1st Edition,PSA 9,2026-09-08,175.00,USD,eBay,best offer,TRUE,,,Pokemon PSA 9 Mint 1st Ed. Team Rocket Holo Dark Arbok 2/82 2/82,https://www.ebay.es/itm/327110599191,PriceCharting
Team Rocket,Dark Arbok,2/82,1st Edition,PSA 9,2026-09-05,130.08,USD,eBay,best offer,TRUE,,,PSA 9 MINT Dark Arbok Holo 1st Edition 2/82 Team Rocket 2000 Pokemon VintageWOTC,https://www.ebay.es/itm/178470245415,PriceCharting
Team Rocket,Dark Arbok,2/82,1st Edition,PSA 9,2026-08-30,184.04,USD,eBay,unknown,FALSE,,,2000 Pokémon Team Rocket 1st Edition 2/82 Dark Arbok Holo PSA 9 2/82,https://www.ebay.es/itm/188828512520,PriceCharting
Team Rocket,Dark Arbok,2/82,1st Edition,PSA 9,2026-08-24,175.81,USD,eBay,best offer,TRUE,,,Dark Arbok 2/82 1st Edition PSA 9 Team Rocket Pokemon Holo 2/82,https://www.ebay.es/itm/237025659919,PriceCharting
Team Rocket,Dark Arbok,2/82,1st Edition,PSA 9,2026-08-18,132.50,USD,eBay,unknown,FALSE,,,2000 Pokemon Team Rocket First Edition Dark Arbok Holo #2/82 PSA 9,https://www.ebay.es/itm/128023299898,PriceCharting
Team Rocket,Dark Arbok,2/82,1st Edition,PSA 9,2026-08-17,172.50,USD,eBay,unknown,FALSE,,,Pokemon Dark Arbok Holo Team Rocket 2 1st Edition PSA 9 Mint #2,https://www.ebay.es/itm/287511103207,PriceCharting
Team Rocket,Dark Arbok,2/82,1st Edition,PSA 9,2026-08-10,149.00,USD,eBay,unknown,FALSE,,,Pokemon 2000 Dark Arbok - FIRST EDITION HOLO - PSA 9 MINT #2 Team Rocket - 1st 2/82,https://www.ebay.es/itm/336724066097,PriceCharting
Team Rocket,Dark Arbok,2/82,1st Edition,PSA 9,2026-08-09,349.99,USD,eBay,unknown,FALSE,,,Dark Arbok Holo #2 1st Edition Team Rocket 2000 WOTC Vintage Pokemon Swirl PSA 9 #2,https://www.ebay.es/itm/407087833979,PriceCharting
Team Rocket,Dark Arbok,2/82,1st Edition,PSA 9,2026-08-03,180.00,USD,eBay,unknown,FALSE,,,Pokémon English Holo Dark Arbok 1st Edition PSA 9 MINT Team Rocket 2/82 #2,https://www.ebay.es/itm/358833765676,PriceCharting
Team Rocket,Dark Arbok,2/82,1st Edition,PSA 9,2026-07-23,190.00,USD,eBay,best offer,TRUE,,,2000 Pokemon Team Rocket Dark Arbok Holo 1st Edition 2/82 PSA 9 2/82,https://www.ebay.es/itm/168553034056,PriceCharting
Team Rocket,Dark Arbok,2/82,1st Edition,PSA 9,2026-07-21,180.00,USD,eBay,unknown,FALSE,,,Dark Arbok Holo 1st Edition Team Rocket #2 PSA 9 Mint 2000 WOTC Vintage Pokemon #2,https://www.ebay.es/itm/287468338137,PriceCharting
Team Rocket,Dark Arbok,2/82,1st Edition,PSA 9,2026-07-13,180.00,USD,eBay,best offer,TRUE,,,2000 Pokemon Dark Arbok Holo 1st Edition 2/82 Team Rocket PSA 9 Tail Swirl 💫 2/82,https://www.ebay.es/itm/398129711071,PriceCharting
Team Rocket,Dark Arbok,2/82,1st Edition,PSA 9,2026-07-02,180.00,USD,eBay,unknown,FALSE,,,PSA 9 MINT Dark Arbok 2 Team Rocket 1st Edition Holo Pokemon Card #2,https://www.ebay.es/itm/147407868454,PriceCharting
Team Rocket,Dark Arbok,2/82,1st Edition,PSA 9,2026-07-01,180.00,USD,eBay,best offer,TRUE,,,2000 Pokemon Dark Arbok Holo 1st Edition 2/82 Team Rocket PSA 9 Tail Swirl 💫 2/82,https://www.ebay.es/itm/398113237136,PriceCharting
Team Rocket,Dark Arbok,2/82,1st Edition,PSA 9,2026-06-25,180.00,USD,eBay,unknown,FALSE,,,Pokemon PSA 9 1st Edition Team Rocket Dark Arbok Holo Rare 2/82 MINT 2/82,https://www.ebay.es/itm/177987562280,PriceCharting
Team Rocket,Dark Arbok,2/82,1st Edition,PSA 10,2026-09-21,2199.89,USD,eBay,unknown,FALSE,,,"2000 Pokemon Team Rocket 1st Edition Dark Arbok #2 Holo ""Swirl"" PSA 10 2/82",https://www.ebay.es/itm/158106102857,PriceCharting
Team Rocket,Dark Arbok,2/82,1st Edition,PSA 10,2026-06-12,1775.00,USD,eBay,unknown,FALSE,,,Pokemon Dark Arbok Team Rocket 1st Edition Holo Rare #2 PSA 10 Gem Mint,https://www.ebay.es/itm/287232988418,PriceCharting
Team Rocket,Dark Arbok,2/82,1st Edition,PSA 10,2026-05-17,1475.00,USD,eBay,unknown,FALSE,,,Pokemon Dark Arbok Team Rocket 1st Edition Holo Rare #2 PSA 10 Gem Mint,https://www.ebay.es/itm/287318120806,PriceCharting
Team Rocket,Dark Arbok,2/82,1st Edition,PSA 10,2026-05-17,1522.88,USD,eBay,unknown,FALSE,,,DARK ARBOK HOLO 1ST EDITION POKEMON 2/82 2000 TEAM ROCKET HOLO ENGLISH PSA 10,https://www.ebay.es/itm/137283521644,PriceCharting
Team Rocket,Dark Arbok,2/82,1st Edition,PSA 10,2026-04-19,946.00,USD,eBay,unknown,FALSE,,,Pokemon Dark Arbok Team Rocket 1st Edition Holo Rare #2 PSA 10 Gem Mint,https://www.ebay.es/itm/287265070544,PriceCharting
Team Rocket,Dark Arbok,2/82,1st Edition,PSA 10,2026-04-17,957.00,USD,eBay,unknown,FALSE,,,Pokemon 2000 1st Edition Dark Arbok Holo 2/82 Team Rocket PSA 10 2/82,https://www.ebay.es/itm/188263891383,PriceCharting
Team Rocket,Dark Arbok,2/82,1st Edition,PSA 10,2026-04-12,1200.00,USD,eBay,unknown,FALSE,,,Pokemon Dark Arbok Team Rocket 1st Edition Holo Rare #2 PSA 10 Gem Mint,https://www.ebay.es/itm/287247568928,PriceCharting
Team Rocket,Dark Arbok,2/82,1st Edition,PSA 10,2026-04-12,1198.00,USD,eBay,unknown,FALSE,,,Pokemon Dark Arbok Team Rocket 1st Edition Holo Rare #2 PSA 10 Gem Mint,https://www.ebay.es/itm/287251627110,PriceCharting
Team Rocket,Dark Arbok,2/82,1st Edition,PSA 10,2026-04-12,1148.00,USD,eBay,unknown,FALSE,,,Pokemon Dark Arbok Team Rocket 1st Edition Holo Rare #2 PSA 10 Gem Mint,https://www.ebay.es/itm/287251599701,PriceCharting
Team Rocket,Dark Arbok,2/82,1st Edition,PSA 10,2026-03-21,3200.00,USD,eBay,best offer,TRUE,,,Pokemon 2000 1st Edition Dark Arbok Holo 2/82 Team Rocket PSA 10 2/82,https://www.ebay.es/itm/227260309394,PriceCharting
Team Rocket,Dark Arbok,2/82,1st Edition,PSA 10,2025-11-24,999.00,USD,eBay,unknown,FALSE,,,Pokemon 2000 WOTC Team Rocket 1st Edition Dark Arbok Holo 2/82 PSA 10 Gem Mint 2/82,https://www.ebay.es/itm/136781677297,PriceCharting
Team Rocket,Dark Arbok,2/82,1st Edition,PSA 10,2025-09-18,864.89,USD,eBay,unknown,FALSE,,,PSA 10 1st Edition Dark Arbok Holo 2/82 - 2000 Team Rocket Rare Pokemon,https://www.ebay.es/itm/336053494460,PriceCharting
Team Rocket,Dark Arbok,2/82,1st Edition,PSA 10,2025-09-04,725.00,USD,eBay,unknown,FALSE,,,Pokemon Dark Arbok Team Rocket 1st Edition Holo Rare #2 PSA 10 Gem Mint #2,https://www.ebay.es/itm/167739728748,PriceCharting
Team Rocket,Dark Arbok,2/82,1st Edition,PSA 10,2025-08-03,911.00,USD,eBay,unknown,FALSE,,,Pokemon Dark Arbok Team Rocket 1st Edition Holo Rare #2 PSA 10 Gem Mint,https://www.ebay.es/itm/286726496945,PriceCharting
Team Rocket,Dark Arbok,2/82,1st Edition,PSA 10,2025-04-06,508.00,USD,eBay,unknown,FALSE,,,Pokemon Dark Arbok Team Rocket 1st Edition Holo Rare #2 PSA 10 Gem Mint,https://www.ebay.es/itm/286444862673,PriceCharting
Team Rocket,Dark Arbok,2/82,1st Edition,PSA 10,2024-11-23,399.99,USD,eBay,unknown,FALSE,,,2000 Pokemon Team Rocket 1st Edition Holo Dark Arbok 2/82 PSA 10 GEM MINT SWIRL #2,https://www.ebay.es/itm/234021942645,PriceCharting
Team Rocket,Dark Arbok,2/82,1st Edition,PSA 10,2024-11-19,350.00,USD,eBay,unknown,FALSE,,,2000 Pokemon Team Rocket 1st Edition Holo Rare Dark Arbok 2/82 PSA 10 GEM MINT #2,https://www.ebay.es/itm/267044520625,PriceCharting
Team Rocket,Dark Arbok,2/82,1st Edition,PSA 10,2024-10-24,350.00,USD,eBay,unknown,FALSE,,,2000 Pokemon Team Rocket 1st Edition Holo Dark Arbok 2/82 PSA 10 GEM MINT #2,https://www.ebay.es/itm/405286930349,PriceCharting
Team Rocket,Dark Arbok,2/82,1st Edition,PSA 10,2024-09-29,325.00,USD,eBay,unknown,FALSE,,,2000 Pokemon Team Rocket 1st Edition Holo Dark Arbok 2/82 PSA 10 GEM MINT #2,https://www.ebay.es/itm/387407021078,PriceCharting
Team Rocket,Dark Arbok,2/82,1st Edition,PSA 10,2024-09-17,330.00,USD,eBay,unknown,FALSE,,,2000 Pokemon Team Rocket 1st Edition #2 Dark Arbok Holo PSA 10 GEM MINT,https://www.ebay.es/itm/375639668806,PriceCharting
Team Rocket,Dark Arbok,2/82,1st Edition,PSA 10,2024-09-16,351.00,USD,eBay,unknown,FALSE,,,Pokemon Dark Arbok Team Rocket 1st Edition Holo Rare #2 PSA 10 Gem Mint,https://www.ebay.es/itm/286047445655,PriceCharting
Team Rocket,Dark Arbok,2/82,1st Edition,PSA 10,2024-09-07,351.00,USD,eBay,unknown,FALSE,,,2000 Pokemon Team Rocket 1st Edition Holo Dark Arbok 2/82 PSA 10 GEM MINT #2,https://www.ebay.es/itm/387335186842,PriceCharting
Team Rocket,Dark Arbok,2/82,1st Edition,PSA 10,2024-08-28,341.00,USD,eBay,unknown,FALSE,,,2000 Pokemon Team Rocket 1st Edition #2 Dark Arbok Holo PSA 10 GEM MINT,https://www.ebay.es/itm/375602715456,PriceCharting
Team Rocket,Dark Arbok,2/82,1st Edition,PSA 10,2024-07-25,269.40,USD,eBay,unknown,FALSE,,,1st Edition Dark Arbok Holo | 2/82 | PSA 10 | Team Rocket | Pokemon Card,https://www.ebay.es/itm/166870682398,PriceCharting
Team Rocket,Dark Arbok,2/82,1st Edition,PSA 10,2024-07-08,325.00,USD,eBay,unknown,FALSE,,,Pokemon Dark Arbok 1st Edition PSA 10 Gem Mint Holo Team Rocket 2/82 #2,https://www.ebay.es/itm/226223991924,PriceCharting
Team Rocket,Dark Arbok,2/82,1st Edition,PSA 10,2024-05-27,305.00,USD,eBay,unknown,FALSE,,,2000 Team Rocket 2/82 Dark Arbok 1st Edition Holo Rare Pokemon PSA 10 2/82,https://www.ebay.es/itm/285859076572,PriceCharting
Team Rocket,Dark Arbok,2/82,1st Edition,PSA 10,2024-03-03,281.00,USD,eBay,unknown,FALSE,,,Pokemon Dark Arbok Team Rocket 1st Edition Holo Rare #2 PSA 10 Gem Mint,https://www.ebay.es/itm/285731571941,PriceCharting
Team Rocket,Dark Arbok,2/82,1st Edition,PSA 10,2024-01-29,369.99,USD,eBay,unknown,FALSE,,,2000 Pokemon Team Rocket 1st Edition Holo Dark Arbok 2/82 PSA 10 GEM MINT #2,https://www.ebay.es/itm/134315025181,PriceCharting
Team Rocket,Dark Arbok,2/82,1st Edition,PSA 10,2023-12-25,305.00,USD,eBay,unknown,FALSE,,,2000 Pokemon Team Rocket 1st Edition Holo Dark Arbok 2/82 PSA 10 GEM MINT #2,https://www.ebay.es/itm/204591481412,PriceCharting
Team Rocket,Dark Arbok,2/82,Unlimited,PSA 8,2026-09-26,80.00,USD,eBay,unknown,FALSE,,,DARK ARBOK 2000 Pokemon Team Rocket Holo #2 - PSA 8 -792 2/82,https://www.ebay.es/itm/398398469389,PriceCharting
Team Rocket,Dark Arbok,2/82,Unlimited,PSA 8,2026-09-24,59.00,USD,eBay,best offer,TRUE,,,Pokémon Team Rocket Holo Dark Arbok 2/82 PSA 8 2/82,https://www.ebay.es/itm/318905845200,PriceCharting
Team Rocket,Dark Arbok,2/82,Unlimited,PSA 8,2026-09-24,50.00,USD,eBay,best offer,TRUE,,,PSA 8 Pokemon TCG Team Rocket Dark Arbok Holo Rare 2/82 2000 English 2/82,https://www.ebay.es/itm/366685875781,PriceCharting
Team Rocket,Dark Arbok,2/82,Unlimited,PSA 8,2026-09-23,59.00,USD,eBay,best offer,TRUE,,,Pokemon Team Rocket Dark Arbok 2/82 Holo Rare 2000 English Unlimited PSA 8 2/82,https://www.ebay.es/itm/318802245245,PriceCharting
Team Rocket,Dark Arbok,2/82,Unlimited,PSA 8,2026-09-14,80.00,USD,eBay,unknown,FALSE,,,DARK ARBOK 2000 Pokemon Team Rocket Holo #2 - PSA 8 -792 2/82,https://www.ebay.es/itm/206406180403,PriceCharting
Team Rocket,Dark Arbok,2/82,Unlimited,PSA 8,2026-09-11,55.00,USD,eBay,best offer,TRUE,,,2000 Pokemon Team Rocket Dark Arbok Holo #2 PSA 8 NM-MT WOTC #20,https://www.ebay.es/itm/287382313365,PriceCharting
Team Rocket,Dark Arbok,2/82,Unlimited,PSA 8,2026-09-08,64.18,USD,eBay,best offer,TRUE,,,PSA 8 Dark Arbok Holo 2/82 - Pokemon TCG: Team Rocket - Vintage Holo NEW CERT! 2/82,https://www.ebay.es/itm/257728285526,PriceCharting
Team Rocket,Dark Arbok,2/82,Unlimited,PSA 8,2026-09-04,52.00,USD,eBay,best offer,TRUE,,,Pokemon PSA 8 2000 Team Rocket Dark Arbok Holo Rare 2/82 Unlimited EN 2/82,https://www.ebay.es/itm/327320293842,PriceCharting
Team Rocket,Dark Arbok,2/82,Unlimited,PSA 8,2026-09-02,58.00,USD,eBay,best offer,TRUE,,,2000 Pokemon Team Rocket Dark Arbok 2/82 Holo PSA 8 NM-MT Unlimited WOTC 2/82,https://www.ebay.es/itm/820066589277,PriceCharting
Team Rocket,Dark Arbok,2/82,Unlimited,PSA 8,2026-09-01,55.00,USD,eBay,unknown,FALSE,,,The Pokémon Company 2000 Pokemon Team Rocket Dark Arbok 2/82 Holo PSA 8 2/82,https://www.ebay.es/itm/128039248483,PriceCharting
Team Rocket,Dark Arbok,2/82,Unlimited,PSA 8,2026-08-14,36.55,USD,eBay,unknown,FALSE,,,Pokemon - Dark Arbok - Team Rocket - English - PSA 8 - #2 2/82,https://www.ebay.es/itm/227474107351,PriceCharting
Team Rocket,Dark Arbok,2/82,Unlimited,PSA 8,2026-08-12,59.99,USD,eBay,unknown,FALSE,,,Pokemon TCG- Dark Arbok 2/82 Holo- 2000 Team Rocket Unlimited- PSA 8 NM-MT 2/82,https://www.ebay.es/itm/147453814699,PriceCharting
Team Rocket,Dark Arbok,2/82,Unlimited,PSA 8,2026-08-09,51.00,USD,eBay,unknown,FALSE,,,Pokemon Dark Arbok Holo Team Rocket Unlimited 2 PSA 8 #2,https://www.ebay.es/itm/287495386193,PriceCharting
Team Rocket,Dark Arbok,2/82,Unlimited,PSA 8,2026-08-08,40.00,USD,eBay,best offer,TRUE,,,Pokemon 2000 Dark Arbok 2/82 Holo Team Rocket PSA 8 2/82,https://www.ebay.es/itm/287478468518,PriceCharting
Team Rocket,Dark Arbok,2/82,Unlimited,PSA 8,2026-08-08,55.00,USD,eBay,unknown,FALSE,,,Pokemon TCG- Dark Arbok 2/82 Holo- 2000 Team Rocket Unlimited- PSA 8 NM-MT 2/82,https://www.ebay.es/itm/336717411948,PriceCharting
Team Rocket,Dark Arbok,2/82,Unlimited,PSA 8,2026-08-02,45.00,USD,eBay,best offer,TRUE,,,Pokemon 2000 Dark Arbok 2/82 Holo Team Rocket PSA 8,https://www.ebay.es/itm/267743138820,PriceCharting
Team Rocket,Dark Arbok,2/82,Unlimited,PSA 8,2026-07-28,55.00,USD,eBay,unknown,FALSE,,,Pokemon Team Rocket Dark Arbok 2/82 Holo PSA 8 2/82,https://www.ebay.es/itm/327283863956,PriceCharting
Team Rocket,Dark Arbok,2/82,Unlimited,PSA 9,2026-09-08,128.64,USD,eBay,unknown,FALSE,,,PSA 9 Dark Arbok 2/82 Team Rocket Pokemon Card MINT,https://www.ebay.es/itm/820069762825,PriceCharting
Team Rocket,Dark Arbok,2/82,Unlimited,PSA 9,2026-09-01,128.00,USD,eBay,unknown,FALSE,,,2000 Pokemon Team Rocket Dark Arbok Holo #2 PSA 9 MINT Vintage WOTC #2,https://www.ebay.es/itm/128046620031,PriceCharting
Team Rocket,Dark Arbok,2/82,Unlimited,PSA 9,2026-07-15,110.00,USD,eBay,unknown,FALSE,,,Pokemon Team Rocket Dark Arbok 2/82 PSA 9,https://www.ebay.es/itm/127973249202,PriceCharting
Team Rocket,Dark Arbok,2/82,Unlimited,PSA 9,2026-07-12,91.00,USD,eBay,unknown,FALSE,,,Pokemon Dark Arbok Holo Team Rocket Unlimited 2 PSA 9 Mint #2,https://www.ebay.es/itm/287433884187,PriceCharting
Team Rocket,Dark Arbok,2/82,Unlimited,PSA 9,2026-06-21,95.00,USD,eBay,unknown,FALSE,,,Pokemon Team Rocket Dark Arbok Holo Rare 02/82 PSA 9 2000 English Unlimited #2,https://www.ebay.es/itm/227396505691,PriceCharting
Team Rocket,Dark Arbok,2/82,Unlimited,PSA 9,2026-05-31,72.87,USD,eBay,unknown,FALSE,,,2000 POKEMON TEAM ROCKET #2/82 DARK ARBOK HOLO RARE PSA 9 2/82,https://www.ebay.es/itm/206292914141,PriceCharting
Team Rocket,Dark Arbok,2/82,Unlimited,PSA 9,2026-05-01,75.00,USD,eBay,unknown,FALSE,,,Pokemon PSA 9 Dark Arbok Team Rocket Holo Rare 2/82,https://www.ebay.es/itm/147286915280,PriceCharting
Team Rocket,Dark Arbok,2/82,Unlimited,PSA 9,2026-04-15,135.61,USD,eBay,unknown,FALSE,,,Pokémon Dark Arbok TCG Team Rocket Holo Card 2/82 Mint PSA9 2/82,https://www.ebay.es/itm/318042700145,PriceCharting
Team Rocket,Dark Arbok,2/82,Unlimited,PSA 9,2026-04-14,186.27,USD,eBay,unknown,FALSE,,,Pokemon rocket Dark Arbok 2/82 Team Rocket Holo PSA 9 mint 2/82,https://www.ebay.es/itm/336523304552,PriceCharting
Team Rocket,Dark Arbok,2/82,Unlimited,PSA 9,2026-04-06,73.00,USD,eBay,unknown,FALSE,,,Pokemon 2000 PSA 9 Dark Arbok Holo Team Rocket 2/82 Card #2,https://www.ebay.es/itm/267623920516,PriceCharting
Team Rocket,Dark Arbok,2/82,Unlimited,PSA 9,2026-03-22,109.99,USD,eBay,unknown,FALSE,,,PSA 9 Dark Arbok Holo 2/82 Team Rocket 2000 Pokemon Card #20,https://www.ebay.es/itm/327032147681,PriceCharting
Team Rocket,Dark Arbok,2/82,Unlimited,PSA 9,2026-03-12,60.00,USD,eBay,best offer,TRUE,,,Pokemon 2000 PSA 9 Dark Arbok Holo Team Rocket 2/82 Card #2,https://www.ebay.es/itm/267599148357,PriceCharting
Team Rocket,Dark Arbok,2/82,Unlimited,PSA 10,2026-03-30,560.00,USD,eBay,unknown,FALSE,,,Pokemon Dark Arbok Team Rocket Unlimited Holo Rare #2 PSA 10 Gem Mint,https://www.ebay.es/itm/287219752278,PriceCharting
Team Rocket,Dark Arbok,2/82,Unlimited,PSA 10,2025-01-30,163.12,USD,eBay,unknown,FALSE,,,2000 Vintage Pokemon Card Team Rocket Dark Arbok Holo PSA 10 2/82,https://www.ebay.es/itm/146348082354,PriceCharting
Team Rocket,Dark Arbok,2/82,Unlimited,PSA 10,2024-11-11,182.50,USD,eBay,unknown,FALSE,,,Pokemon Dark Arbok Team Rocket Unlimited Holo Rare #2 PSA 10 Gem Mint,https://www.ebay.es/itm/286138620675,PriceCharting
Team Rocket,Dark Arbok,2/82,Unlimited,PSA 10,2024-08-14,125.66,USD,eBay,unknown,FALSE,,,Pokemon - PSA 10 - Dark Arbok - Holo - #2 Team Rocket #2,https://www.ebay.es/itm/375588612281,PriceCharting
Team Rocket,Dark Arbok,2/82,Unlimited,PSA 10,2024-06-21,76.94,USD,eBay,unknown,FALSE,,,2000 Pokemon Team Rocket Dark Arbok #2 PSA 10 Holo,https://www.ebay.es/itm/204846487450,PriceCharting
Team Rocket,Dark Blastoise,3/82,1st Edition,PSA 8,2026-09-13,525.00,USD,eBay,unknown,FALSE,,,Pokemon Team Rocket Dark Blastoise 1st Ed Holo #3 PSA 8 English 3/82,https://www.ebay.es/itm/287551740775,PriceCharting
Team Rocket,Dark Blastoise,3/82,1st Edition,PSA 8,2026-09-07,765.00,USD,eBay,unknown,FALSE,,,Dark Blastoise #3 HoloSwirl 1st edition Pokemon Team Rocket PSA 8 Original Buyer #3,https://www.ebay.es/itm/398341532374,PriceCharting
Team Rocket,Dark Blastoise,3/82,1st Edition,PSA 8,2026-08-15,598.20,USD,eBay,unknown,FALSE,,,2000 POKEMON TEAM ROCKET FIRST EDITION #3/82 DARK BLASTOISE HOLO RARE PSA 8 3/82,https://www.ebay.es/itm/206472992769,PriceCharting
Team Rocket,Dark Blastoise,3/82,1st Edition,PSA 8,2026-08-13,600.00,USD,eBay,best offer,TRUE,,,2000 Pokemon Team Rocket 1st Edition #3 Dark Blastoise PSA 8 3/82,https://www.ebay.es/itm/147440062774,PriceCharting
Team Rocket,Dark Blastoise,3/82,1st Edition,PSA 8,2026-08-13,645.00,USD,eBay,unknown,FALSE,,,Pokemon 2000 Team Rocket Dark Blastoise 3/82 Holo 1st Ed English PSA 8 3/82,https://www.ebay.es/itm/206486796867,PriceCharting
Team Rocket,Dark Blastoise,3/82,1st Edition,PSA 8,2026-08-13,630.00,USD,eBay,unknown,FALSE,,,DARK BLASTOISE 2000 POKEMON TEAM ROCKET 1ST EDITION HOLO #3/82 PSA 8 Q7423 #3,https://www.ebay.es/itm/278251470288,PriceCharting
Team Rocket,Dark Blastoise,3/82,1st Edition,PSA 8,2026-08-12,650.00,USD,eBay,unknown,FALSE,,,PSA 8 NM/MINT Dark Blastoise 3/82 Team Rocket 1st Edition Holo Pokemon Card 3/82,https://www.ebay.es/itm/287518970138,PriceCharting
Team Rocket,Dark Blastoise,3/82,1st Edition,PSA 8,2026-07-24,700.00,USD,eBay,best offer,TRUE,,,2000 Pokemon Team Rocket Dark Blastoise Holo 1st Edition 3/82 PSA 8 3/82,https://www.ebay.es/itm/168553021632,PriceCharting
Team Rocket,Dark Blastoise,3/82,1st Edition,PSA 8,2026-07-12,560.00,USD,eBay,unknown,FALSE,,,Pokemon Dark Blastoise Holo Team Rocket 3 1st Edition PSA 8 #3,https://www.ebay.es/itm/287435737833,PriceCharting
Team Rocket,Dark Blastoise,3/82,1st Edition,PSA 8,2026-07-09,699.99,USD,eBay,unknown,FALSE,,,2000 Pokemon Dark Blastoise 3/82 Team Rocket Holo 1st Edition PSA 8 3/82,https://www.ebay.es/itm/137493737080,PriceCharting
Team Rocket,Dark Blastoise,3/82,1st Edition,PSA 8,2026-07-08,699.99,USD,eBay,unknown,FALSE,,,2000 Pokemon Team Rocket 1st Edition Dark Blastoise Holo PSA 8 3/82,https://www.ebay.es/itm/127948443451,PriceCharting
Team Rocket,Dark Blastoise,3/82,1st Edition,PSA 8,2026-07-07,460.00,USD,eBay,unknown,FALSE,,,2000 Pokemon DARK BLASTOISE - 1st EDITION HOLO Card - Team Rocket #3 - PSA 8 3/82,https://www.ebay.es/itm/336668170440,PriceCharting
Team Rocket,Dark Blastoise,3/82,1st Edition,PSA 9,2026-09-28,1425.00,USD,eBay,unknown,FALSE,,,Pokemon Dark Blastoise Holo Team Rocket 3 1st Edition PSA 9 Mint #3,https://www.ebay.es/itm/287594621437,PriceCharting
Team Rocket,Dark Blastoise,3/82,1st Edition,PSA 9,2026-09-17,1599.99,USD,eBay,unknown,FALSE,,,Dark Blastoise 3/82 1st Edition PSA 9 Pokemon Team Rocket Holo w Infinity Swirl 3/82,https://www.ebay.es/itm/158204428455,PriceCharting
Team Rocket,Dark Blastoise,3/82,1st Edition,PSA 9,2026-09-13,1225.00,USD,eBay,unknown,FALSE,,,Pokemon Dark Blastoise Holo Team Rocket 3 1st Edition PSA 9 Mint #3,https://www.ebay.es/itm/287565389175,PriceCharting
Team Rocket,Dark Blastoise,3/82,1st Edition,PSA 9,2026-09-02,1000.00,USD,eBay,best offer,TRUE,,,Pokemon Dark Blastoise Holo Team Rocket 3 1st Edition PSA 9 Mint #3,https://www.ebay.es/itm/158248049502,PriceCharting
Team Rocket,Dark Blastoise,3/82,1st Edition,PSA 9,2026-08-19,1600.00,USD,eBay,unknown,FALSE,,,Pokemon PSA 9 1st Edition Dark Blastoise #3 Holo W/ Swirl 🌀Team Rocket Mint 3/82,https://www.ebay.es/itm/206494596263,PriceCharting
Team Rocket,Dark Blastoise,3/82,1st Edition,PSA 9,2026-08-16,1425.00,USD,eBay,unknown,FALSE,,,Pokemon Dark Blastoise Holo Team Rocket 3 1st Edition PSA 9 Mint #3,https://www.ebay.es/itm/287511103136,PriceCharting
Team Rocket,Dark Blastoise,3/82,1st Edition,PSA 9,2026-08-15,1500.00,USD,eBay,unknown,FALSE,,,Pokemon Dark Blastoise Holo Team Rocket 3 1st Edition PSA 9 Mint #3,https://www.ebay.es/itm/287507369674,PriceCharting
Team Rocket,Dark Blastoise,3/82,1st Edition,PSA 9,2026-08-06,1250.00,USD,eBay,unknown,FALSE,,,The Pokémon Company Team Rocket Dark Blastoise 3/82 Holo 1st Ed PSA 9 2000 3/82,https://www.ebay.es/itm/358793245636,PriceCharting
Team Rocket,Dark Blastoise,3/82,1st Edition,PSA 9,2026-08-02,1372.94,USD,eBay,unknown,FALSE,,,PSA 9 MINT Pokemon Dark Blastoise Team Rocket Holo 1st Edition 3/82,https://www.ebay.es/itm/198500287345,PriceCharting
Team Rocket,Dark Blastoise,3/82,1st Edition,PSA 9,2026-07-30,1299.99,USD,eBay,unknown,FALSE,,,Pokemon PSA 9 1st Edition Dark Blastoise #3 Holo W/ Swirl 🌀Team Rocket Mint #3,https://www.ebay.es/itm/287491397594,PriceCharting
Team Rocket,Dark Blastoise,3/82,1st Edition,PSA 9,2026-07-27,1125.00,USD,eBay,unknown,FALSE,,,Pokemon Dark Blastoise Holo Team Rocket 3 1st Edition PSA 9 Mint #3,https://www.ebay.es/itm/287468639535,PriceCharting
Team Rocket,Dark Blastoise,3/82,1st Edition,PSA 9,2026-07-20,1115.00,USD,eBay,best offer,TRUE,,,The Pokémon Company Team Rocket Dark Blastoise 3/82 Holo 1st Ed PSA 9 2000 3/82,https://www.ebay.es/itm/236940414699,PriceCharting
Team Rocket,Dark Blastoise,3/82,1st Edition,PSA 9,2026-07-06,1105.00,USD,eBay,unknown,FALSE,,,Dark Blastoise 2000 Team Rocket #3🔥1st Edition HOLO PSA 9🔥RARE Vintage Pokemon #3,https://www.ebay.es/itm/366504362527,PriceCharting
Team Rocket,Dark Blastoise,3/82,1st Edition,PSA 9,2026-06-30,1275.00,USD,eBay,best offer,TRUE,,,2000 Pokemon Team Rocket First Edition Dark Blastoise Holo #3/82 PSA 9 3/82,https://www.ebay.es/itm/257589258918,PriceCharting
Team Rocket,Dark Blastoise,3/82,1st Edition,PSA 9,2026-06-28,1100.00,USD,eBay,unknown,FALSE,,,2000 Pokemon Team Rocket 1st Edition Dark Blastoise Holo 3/82 - PSA 9 MINT #3,https://www.ebay.es/itm/236890400861,PriceCharting
Team Rocket,Dark Blastoise,3/82,1st Edition,PSA 9,2026-06-28,1250.00,USD,eBay,unknown,FALSE,,,2000 Pokemon Team Rocket First Edition Dark Blastoise Holo #3/82 PSA 9,https://www.ebay.es/itm/127936328275,PriceCharting
Team Rocket,Dark Blastoise,3/82,1st Edition,PSA 9,2026-06-23,1400.00,USD,eBay,unknown,FALSE,,,The Pokémon Company Team Rocket Dark Blastoise 3/82 Holo 1st Ed PSA 9 2000 3/82,https://www.ebay.es/itm/407015626356,PriceCharting
Team Rocket,Dark Blastoise,3/82,1st Edition,PSA 9,2026-06-23,1499.99,USD,eBay,unknown,FALSE,,,2000 POKEMON ROCKET 1ST EDITION #3 DARK BLASTOISE-HOLO PSA 9 #3,https://www.ebay.es/itm/298317952838,PriceCharting
Team Rocket,Dark Blastoise,3/82,1st Edition,PSA 10,2026-09-15,17500.00,USD,eBay,best offer,TRUE,,,Pokemon 2000 Team Rocket Dark Blastoise Holo 1st Edition #3 PSA 10 #3,https://www.ebay.es/itm/307178687995,PriceCharting
Team Rocket,Dark Blastoise,3/82,1st Edition,PSA 10,2026-09-13,13300.00,USD,eBay,unknown,FALSE,,,Pokemon Dark Blastoise Holo 3 Team Rocket 1st Edition PSA 10 Gem Mint #3,https://www.ebay.es/itm/287565390066,PriceCharting
Team Rocket,Dark Blastoise,3/82,1st Edition,PSA 10,2026-09-02,15901.00,USD,eBay,unknown,FALSE,,,2000 Pokemon Rocket 1st Edition #3 Dark Blastoise Holo PSA 10 GEM MINT,https://www.ebay.es/itm/366628279718,PriceCharting
Team Rocket,Dark Blastoise,3/82,1st Edition,PSA 10,2026-07-06,10100.00,USD,eBay,unknown,FALSE,,,Pokemon Dark Blastoise Holo Team Rocket #3 1st Edition PSA 10 Gem Mint #3,https://www.ebay.es/itm/287424615157,PriceCharting
Team Rocket,Dark Blastoise,3/82,1st Edition,PSA 10,2026-06-19,14000.00,USD,eBay,best offer,TRUE,,,2000 Pokemon Team Rocket Dark Blastoise #3 1st Edition Holo PSA 10 GEM MT,https://www.ebay.es/itm/188424468461,PriceCharting
Team Rocket,Dark Blastoise,3/82,1st Edition,PSA 10,2026-03-28,12245.31,USD,eBay,unknown,FALSE,,,2000 POKEMON ROCKET 1ST EDITION #3 DARK BLASTOISE-HOLO PSA 10 #3,https://www.ebay.es/itm/306834145924,PriceCharting
Team Rocket,Dark Blastoise,3/82,1st Edition,PSA 10,2026-02-28,9600.00,USD,eBay,unknown,FALSE,,,Pokemon Dark Blastoise & Alakazam Team Rocket 1st Edition Holo Rare PSA 10 #3,https://www.ebay.es/itm/326871816165,PriceCharting
Team Rocket,Dark Blastoise,3/82,1st Edition,PSA 10,2026-01-25,13718.00,USD,eBay,unknown,FALSE,,,2000 POKEMON ROCKET 1ST EDITION #3 DARK BLASTOISE-HOLO PSA 10 #3,https://www.ebay.es/itm/297939514718,PriceCharting
Team Rocket,Dark Blastoise,3/82,1st Edition,PSA 10,2025-11-14,6862.46,USD,eBay,unknown,FALSE,,,2000 POKEMON TEAM ROCKET 1ST EDITION #3/82 DARK BLASTOISE HOLO PSA 10 3/82,https://www.ebay.es/itm/205829719481,PriceCharting
Team Rocket,Dark Blastoise,3/82,1st Edition,PSA 10,2025-11-06,7500.00,USD,eBay,unknown,FALSE,,,Pokemon Dark Blastoise Team Rocket 1st Edition Holo Rare #3 PSA 10 Gem Mint,https://www.ebay.es/itm/286921932516,PriceCharting
Team Rocket,Dark Blastoise,3/82,1st Edition,PSA 10,2025-10-08,7000.00,USD,eBay,unknown,FALSE,,,Pokemon Dark Blastoise Holo Rare 3/82 1st Edition PSA 10 3/82,https://www.ebay.es/itm/365908613387,PriceCharting
Team Rocket,Dark Blastoise,3/82,1st Edition,PSA 10,2025-09-25,7000.00,USD,eBay,unknown,FALSE,,,Pokemon Dark Blastoise Team Rocket 1st Edition Holo SWIRL #3 PSA 10 Gem Mint #3,https://www.ebay.es/itm/167739737113,PriceCharting
Team Rocket,Dark Blastoise,3/82,1st Edition,PSA 10,2025-09-17,6545.00,USD,eBay,unknown,FALSE,,,2000 Pokemon Rocket 1st Edition - Dark Blastoise Holo #3 PSA 10 #3,https://www.ebay.es/itm/226914542174,PriceCharting
Team Rocket,Dark Blastoise,3/82,1st Edition,PSA 10,2025-09-02,5999.99,USD,eBay,unknown,FALSE,,,Pokemon Dark Blastoise Team Rocket 1st Edition Holo Rare #3 PSA 10 Gem Mint,https://www.ebay.es/itm/286715832047,PriceCharting
Team Rocket,Dark Blastoise,3/82,1st Edition,PSA 10,2025-07-06,4231.50,USD,eBay,unknown,FALSE,,,Pokemon Cards - PSA 10 1st Edition Dark Blastoise 3/82 - Team Rocket - GEM MT,https://www.ebay.es/itm/286668845751,PriceCharting
Team Rocket,Dark Blastoise,3/82,1st Edition,PSA 10,2025-06-25,6000.00,USD,eBay,unknown,FALSE,,,2000 Pokemon Dark Blastoise Team Rocket 1st Edition Holo 3/82 PSA 10 Gem Mint !! 3/82,https://www.ebay.es/itm/286667175048,PriceCharting
Team Rocket,Dark Blastoise,3/82,1st Edition,PSA 10,2025-06-16,5000.00,USD,eBay,unknown,FALSE,,,2000 POKEMON ROCKET 1ST EDITION #3 DARK BLASTOISE-HOLO PSA 10 #3,https://www.ebay.es/itm/116637673654,PriceCharting
Team Rocket,Dark Blastoise,3/82,1st Edition,PSA 10,2025-05-30,6750.00,USD,eBay,unknown,FALSE,,,2000 Pokemon Dark Blastoise Team Rocket 1st Edition Holo 3/82 PSA 10 Gem Mint !! 3/82,https://www.ebay.es/itm/197318486924,PriceCharting
Team Rocket,Dark Blastoise,3/82,1st Edition,PSA 10,2025-05-25,5199.99,USD,eBay,unknown,FALSE,,,Dark Blastoise 3/82 Holo 2000 Team Rocket 1st Edition PSA 10 GEM MINT 3/82,https://www.ebay.es/itm/127128905077,PriceCharting
Team Rocket,Dark Blastoise,3/82,1st Edition,PSA 10,2025-05-19,6106.86,USD,eBay,unknown,FALSE,,,Dark Blastoise 3/82 Holo 2000 Team Rocket 1st Edition PSA 10 GEM MINT SWIRL #3,https://www.ebay.es/itm/267241968812,PriceCharting
Team Rocket,Dark Blastoise,3/82,1st Edition,PSA 10,2025-04-06,4136.02,USD,eBay,unknown,FALSE,,,Pokemon Cards - PSA 10 1st Edition Dark Blastoise 3/82 Team Rocket GEM MT SWIRL,https://www.ebay.es/itm/286433976273,PriceCharting
Team Rocket,Dark Blastoise,3/82,1st Edition,PSA 10,2025-03-25,6000.00,USD,eBay,unknown,FALSE,,,Pokemon Dark Blastoise Team Rocket 1st Edition Holo Rare #3 PSA 10 Gem Mint #3,https://www.ebay.es/itm/146456897497,PriceCharting
Team Rocket,Dark Blastoise,3/82,1st Edition,PSA 10,2025-03-16,5200.00,USD,eBay,unknown,FALSE,,,Pokemon Dark Blastoise Team Rocket 1st Edition Holo Rare #3 PSA 10 Gem Mint,https://www.ebay.es/itm/286390936844,PriceCharting
Team Rocket,Dark Blastoise,3/82,1st Edition,PSA 10,2024-08-11,2250.00,USD,eBay,unknown,FALSE,,,PSA 10 1st Edition Dark Blastoise • Fresh Pull 1 Owner 3/82 Holo Rare 💎Pokemon 3/82,https://www.ebay.es/itm/226280824220,PriceCharting
Team Rocket,Dark Blastoise,3/82,1st Edition,PSA 10,2024-07-22,2175.00,USD,eBay,unknown,FALSE,,,2000 POKEMON ROCKET 1ST EDITION #3 DARK BLASTOISE-HOLO PSA 10,https://www.ebay.es/itm/305672100842,PriceCharting
Team Rocket,Dark Blastoise,3/82,1st Edition,PSA 10,2024-07-18,2400.00,USD,eBay,unknown,FALSE,,,PSA 10 Pokemon 1st Edition Dark Blastoise Team Rocket 3/82 Holo Rare Vintage 3/82,https://www.ebay.es/itm/315447002328,PriceCharting
Team Rocket,Dark Blastoise,3/82,1st Edition,PSA 10,2024-06-26,2402.75,USD,eBay,unknown,FALSE,,,2000 POKEMON ROCKET 1st EDITION #3 DARK BLASTOISE-HOLO PSA 10,https://www.ebay.es/itm/305619174009,PriceCharting
Team Rocket,Dark Blastoise,3/82,1st Edition,PSA 10,2024-05-15,2050.00,USD,eBay,unknown,FALSE,,,PSA 10 Pokemon 1st Edition Dark Blastoise Team Rocket 3/82 Holo Rare PSA 10! 3/82,https://www.ebay.es/itm/204731600549,PriceCharting
Team Rocket,Dark Blastoise,3/82,Unlimited,PSA 8,2026-09-27,269.99,USD,eBay,unknown,FALSE,,,Pokemon Dark Blastoise Holo Team Rocket 3 PSA 8 SWIRL 🌀🌀🌀 #3,https://www.ebay.es/itm/227540808846,PriceCharting
Team Rocket,Dark Blastoise,3/82,Unlimited,PSA 8,2026-09-20,239.51,USD,eBay,best offer,TRUE,,,6-02-02 . UNPLAYED 2000 POKEMON TEAM ROCKET DARK BLASTOISE-HOLO #3/82 PSA 8,https://www.ebay.es/itm/147554646233,PriceCharting
Team Rocket,Dark Blastoise,3/82,Unlimited,PSA 8,2026-09-17,280.00,USD,eBay,best offer,TRUE,,,Pokemon Dark Blastoise 3/82 Team Rocket Holo PSA 8 3/82,https://www.ebay.es/itm/128083246782,PriceCharting
Team Rocket,Dark Blastoise,3/82,Unlimited,PSA 8,2026-09-14,300.00,USD,eBay,best offer,TRUE,,,2000 Pokemon Team Rocket Dark Blastoise Holo #3 PSA 8 WITH SWIRL!!,https://www.ebay.es/itm/318843733519,PriceCharting
Team Rocket,Dark Blastoise,3/82,Unlimited,PSA 8,2026-09-10,260.00,USD,eBay,best offer,TRUE,,,Pokémon TCG - Dark Blastoise Holofoil - Team Rocket 3/82 - PSA 8 NM-MINT 3/82,https://www.ebay.es/itm/147563237504,PriceCharting
Team Rocket,Dark Blastoise,3/82,Unlimited,PSA 8,2026-09-08,300.00,USD,eBay,best offer,TRUE,,,2000 Pokemon Team Rocket Dark Blastoise Holo #3 PSA 8 WITH SWIRL!!,https://www.ebay.es/itm/318812832073,PriceCharting
Team Rocket,Dark Blastoise,3/82,Unlimited,PSA 8,2026-09-08,274.99,USD,eBay,unknown,FALSE,,,Pokemon Dark Blastoise 3/82 Team Rocket Holo Rare - PSA 8 NM-MT 3/82,https://www.ebay.es/itm/366630704421,PriceCharting
Team Rocket,Dark Blastoise,3/82,Unlimited,PSA 8,2026-09-04,255.00,USD,eBay,unknown,FALSE,,,Pokemon Dark Blastoise 3/82 Team Rocket Holo Rare - PSA 8 NM-MT 3/82,https://www.ebay.es/itm/128047585242,PriceCharting
Team Rocket,Dark Blastoise,3/82,Unlimited,PSA 8,2026-08-17,299.00,USD,eBay,unknown,FALSE,,,2000 Pokemon Team Rocket - #3 Dark Blastoise Holo - PSA 8 3/82,https://www.ebay.es/itm/377294013969,PriceCharting
Team Rocket,Dark Blastoise,3/82,Unlimited,PSA 8,2026-08-13,275.00,USD,eBay,best offer,TRUE,,,2000 Pokemon Team Rocket Dark Blastoise Holo #3 PSA 8,https://www.ebay.es/itm/298578955105,PriceCharting
Team Rocket,Dark Blastoise,3/82,Unlimited,PSA 8,2026-08-12,374.00,USD,eBay,best offer,TRUE,,,Dark Blastoise PSA 8 Pokemon WOTC 2000 Team Rocket 3/82 Cosmos Holo Swirl 🐢🌀 3/82,https://www.ebay.es/itm/188333901338,PriceCharting
Team Rocket,Dark Blastoise,3/82,Unlimited,PSA 8,2026-08-11,297.79,USD,eBay,unknown,FALSE,,,Pokémon TCG PSA 8 Dark Blastoise Team Rocket 3/82 #3,https://www.ebay.es/itm/127929270261,PriceCharting
Team Rocket,Dark Blastoise,3/82,Unlimited,PSA 8,2026-08-09,290.00,USD,eBay,best offer,TRUE,,,*Fresh Cert* Pokémon TCG Dark Blastoise Team Rocket Holo Rare 3/82 2000 PSA 8 3/82,https://www.ebay.es/itm/147422559668,PriceCharting
Team Rocket,Dark Blastoise,3/82,Unlimited,PSA 8,2026-07-26,276.67,USD,eBay,unknown,FALSE,,,2000 POKEMON TEAM ROCKET #3/82 DARK BLASTOISE HHOLO RARE PSA 8 3/82,https://www.ebay.es/itm/206423840650,PriceCharting
Team Rocket,Dark Blastoise,3/82,Unlimited,PSA 8,2026-07-20,261.90,USD,eBay,unknown,FALSE,,,Pokemon 2000 Dark Blastoise 3/82 Holo Team Rocket PSA 8 3/82,https://www.ebay.es/itm/407062127510,PriceCharting
Team Rocket,Dark Blastoise,3/82,Unlimited,PSA 8,2026-07-16,384.12,USD,eBay,unknown,FALSE,,,2000 Pokemon Team Rocket - Dark Blastoise Holo #3 PSA 8 NM-MT,https://www.ebay.es/itm/136080917943,PriceCharting
Team Rocket,Dark Blastoise,3/82,Unlimited,PSA 8,2026-07-15,250.00,USD,eBay,best offer,TRUE,,,2000 Pokemon Rocket #3 DARK BLASTOISE HOLO 3/82 Team Rocket Rare Card PSA 8 3/82,https://www.ebay.es/itm/358767975734,PriceCharting
Team Rocket,Dark Blastoise,3/82,Unlimited,PSA 8,2026-07-06,255.00,USD,eBay,unknown,FALSE,,,83585414 Dark Blastoise 2000 Pokemon Team Rocket #3 SWIRL Holo PSA 8 #Mar-82,https://www.ebay.es/itm/158027478952,PriceCharting
Team Rocket,Dark Blastoise,3/82,Unlimited,PSA 8,2026-07-02,279.95,USD,eBay,unknown,FALSE,,,Dark Blastoise 3/82 PSA 8 Holo SWIRL Team Rocket 2000 Pokemon Card Graded,https://www.ebay.es/itm/188569732945,PriceCharting
Team Rocket,Dark Blastoise,3/82,Unlimited,PSA 8,2026-06-27,309.99,USD,eBay,unknown,FALSE,,,Pokémon Dark Blastoise - Holo Team Rocket #3 PSA 8 #3,https://www.ebay.es/itm/117258702399,PriceCharting
Team Rocket,Dark Blastoise,3/82,Unlimited,PSA 9,2026-08-26,570.00,USD,eBay,unknown,FALSE,,,Pokemon 2000 Dark Blastoise 3/82 Holo Rare Team Rocket PSA 9 3/82,https://www.ebay.es/itm/407154870981,PriceCharting
Team Rocket,Dark Blastoise,3/82,Unlimited,PSA 9,2026-08-22,540.00,USD,eBay,unknown,FALSE,,,Wizards of the Coast 2000 Pokemon Team Rocket Dark Blastoise 3/82 Holo PSA 9 3/82,https://www.ebay.es/itm/227481779784,PriceCharting
Team Rocket,Dark Blastoise,3/82,Unlimited,PSA 9,2026-08-17,625.00,USD,eBay,unknown,FALSE,,,Pokemon Dark Blastoise Team Rocket Holo PSA 9 3/82,https://www.ebay.es/itm/147509798050,PriceCharting
Team Rocket,Dark Blastoise,3/82,Unlimited,PSA 9,2026-08-02,570.00,USD,eBay,unknown,FALSE,,,Pokemon 2000 Dark Blastoise 3/82 Holo Team Rocket PSA 9 3/82,https://www.ebay.es/itm/407093613008,PriceCharting
Team Rocket,Dark Blastoise,3/82,Unlimited,PSA 9,2026-07-10,489.00,USD,eBay,unknown,FALSE,,,Pokemon 2000 Dark Blastoise 3/82 Holo Team Rocket PSA 9 3/82,https://www.ebay.es/itm/407060711988,PriceCharting
Team Rocket,Dark Blastoise,3/82,Unlimited,PSA 9,2026-06-07,520.00,USD,eBay,unknown,FALSE,,,Pokemon Dark Blastoise Team Rocket Unlimited Holo Rare #3 PSA 9 Mint,https://www.ebay.es/itm/287357696715,PriceCharting
Team Rocket,Dark Blastoise,3/82,Unlimited,PSA 9,2026-05-27,403.35,USD,eBay,best offer,TRUE,,,Dark Blastoise Holo Pokemon Card 3/82 Team Rocket PSA 9 3/82,https://www.ebay.es/itm/257530004377,PriceCharting
Team Rocket,Dark Blastoise,3/82,Unlimited,PSA 9,2026-05-26,545.00,USD,eBay,unknown,FALSE,,,PSA 9 Mint 2000 POKEMON TEAM ROCKET UNLIMITED #3 DARK BLASTOISE-HOLO 3/82,https://www.ebay.es/itm/137315272484,PriceCharting
Team Rocket,Dark Blastoise,3/82,Unlimited,PSA 9,2026-05-19,440.00,USD,eBay,unknown,FALSE,,,Dark Blastoise PSA 9 Pokemon WOTC 2000 Team Rocket Unlimited Holo Rare 3/82 3/82,https://www.ebay.es/itm/236806873443,PriceCharting
Team Rocket,Dark Blastoise,3/82,Unlimited,PSA 9,2026-05-16,546.37,USD,eBay,unknown,FALSE,,,PSA 9 Dark Blastoise Holo 2000 Team Rocket Pokemon - English Unlimited #3 3/82,https://www.ebay.es/itm/227333614474,PriceCharting
Team Rocket,Dark Blastoise,3/82,Unlimited,PSA 10,2024-10-13,1499.99,USD,eBay,unknown,FALSE,,,Dark Blastoise Holo PSA 10 Gem Mint Team Rocket 1999 WOTC Pokemon 3/82 POP 59 #3,https://www.ebay.es/itm/196663575214,PriceCharting
Team Rocket,Dark Blastoise,3/82,Unlimited,PSA 10,2024-07-28,1210.00,USD,eBay,unknown,FALSE,,,PSA 10 - Dark Blastoise - #3 - Holo - Team Rocket - Pokemon Card,https://www.ebay.es/itm/195922925153,PriceCharting
Team Rocket,Dark Blastoise,3/82,Unlimited,PSA 10,2024-05-16,1293.89,USD,eBay,unknown,FALSE,,,PSA 10 - Pokemon Card - Team Rocket 3/82 - DARK BLASTOISE (holo) GEM MINT,https://www.ebay.es/itm/145424604186,PriceCharting
Team Rocket,Dark Blastoise,3/82,Unlimited,PSA 10,2024-01-01,1299.99,USD,eBay,unknown,FALSE,,,PSA 10 - Dark Blastoise - #3 - Holo - Team Rocket - Pokemon Card Low population #3,https://www.ebay.es/itm/315010465368,PriceCharting
Team Rocket,Dark Charizard,4/82,1st Edition,PSA 8,2026-09-28,1100.00,USD,eBay,unknown,FALSE,,,2000 Pokemon Team Rocket Dark Charizard Holo 1st Edition #4 PSA 8 NM-MT NEW CERT 4/82,https://www.ebay.es/itm/198661495203,PriceCharting
Team Rocket,Dark Charizard,4/82,1st Edition,PSA 8,2026-09-22,1200.00,USD,eBay,best offer,TRUE,,,2000 POKEMON TEAM ROCKET 1ST EDITION 4/82 DARK CHARIZARD-HOLO PSA 8 #4,https://www.ebay.es/itm/800315936143,PriceCharting
Team Rocket,Dark Charizard,4/82,1st Edition,PSA 8,2026-09-21,1300.00,USD,eBay,best offer,TRUE,,,2000 POKEMON ROCKET 1ST EDITION #4 DARK CHARIZARD-HOLO PSA 8 #4,https://www.ebay.es/itm/117411273150,PriceCharting
Team Rocket,Dark Charizard,4/82,1st Edition,PSA 8,2026-09-15,1450.00,USD,eBay,unknown,FALSE,,,2000 POKEMON FIRST EDITION DARK CHARIZARD-HOLO 1ST ED #4/82 ENG PSA 8 4/82,https://www.ebay.es/itm/267767388319,PriceCharting
Team Rocket,Dark Charizard,4/82,1st Edition,PSA 8,2026-09-11,1250.70,USD,eBay,best offer,TRUE,,,Pokemon Dark Charizard 4/82 - Team Rocket 1st Edition Holo Rare 2000 PSA 8 4/82,https://www.ebay.es/itm/407209050012,PriceCharting
Team Rocket,Dark Charizard,4/82,1st Edition,PSA 8,2026-09-07,1339.00,USD,eBay,unknown,FALSE,,,Pokemon Dark Charizard Holo Team Rocket 4 1st Edition PSA 8 #4,https://www.ebay.es/itm/287552954379,PriceCharting
Team Rocket,Dark Charizard,4/82,1st Edition,PSA 8,2026-09-07,1326.00,USD,eBay,unknown,FALSE,,,Pokemon Dark Charizard Holo Team Rocket 4 1st Edition PSA 8 #4,https://www.ebay.es/itm/287552954377,PriceCharting
Team Rocket,Dark Charizard,4/82,1st Edition,PSA 8,2026-08-31,1120.00,USD,eBay,unknown,FALSE,,,2000 POKEMON ROCKET 1ST EDITION #4 DARK CHARIZARD HOLO 4SC ELITE PSA 8,https://www.ebay.es/itm/366616481591,PriceCharting
Team Rocket,Dark Charizard,4/82,1st Edition,PSA 8,2026-08-26,1150.00,USD,eBay,best offer,TRUE,,,Pokemon Dark Charizard Team Rocket 1st Edition Holo #4 PSA 8 4/82,https://www.ebay.es/itm/407170140873,PriceCharting
Team Rocket,Dark Charizard,4/82,1st Edition,PSA 8,2026-08-13,1550.00,USD,eBay,unknown,FALSE,,,2000 Pokemon Team Rocket Dark Charizard Holo 1st Edition 4/82 PSA 8 4/82,https://www.ebay.es/itm/168552956408,PriceCharting
Team Rocket,Dark Charizard,4/82,1st Edition,PSA 8,2026-08-06,1075.00,USD,eBay,unknown,FALSE,,,2000 Pokemon Rocket 1st Edition #4 Dark Charizard Holo PSA 8 NM-MT,https://www.ebay.es/itm/800428910504,PriceCharting
Team Rocket,Dark Charizard,4/82,1st Edition,PSA 8,2026-07-29,1276.00,USD,eBay,unknown,FALSE,,,Pokemon TCG 2000 Dark Charizard Team Rocket 1st Edition Holo Rare #4 PSA 8 4/82,https://www.ebay.es/itm/188682588849,PriceCharting
Team Rocket,Dark Charizard,4/82,1st Edition,PSA 8,2026-07-27,1512.00,USD,eBay,unknown,FALSE,,,2000 Pokemon Team Rocket 1st Edition Holo Dark Charizard #4 PSA 8 NM-MT #4,https://www.ebay.es/itm/168543735108,PriceCharting
Team Rocket,Dark Charizard,4/82,1st Edition,PSA 8,2026-07-26,1300.00,USD,eBay,unknown,FALSE,,,Pokemon Dark Charizard Holo Team Rocket 4 1st Edition PSA 8 #4,https://www.ebay.es/itm/287401983919,PriceCharting
Team Rocket,Dark Charizard,4/82,1st Edition,PSA 8,2026-07-20,1276.00,USD,eBay,unknown,FALSE,,,2000 POKEMON TEAM ROCKET 1ST EDITION 4/82 DARK CHARIZARD-HOLO PSA 8 #4 4/82,https://www.ebay.es/itm/298500403515,PriceCharting
Team Rocket,Dark Charizard,4/82,1st Edition,PSA 8,2026-07-19,1687.25,USD,eBay,best offer,TRUE,,,2000 Pokemon 1st Edition Dark Charizard Team Rocket Rare Holo #4 PSA 8 NM-MT,https://www.ebay.es/itm/206408573347,PriceCharting
Team Rocket,Dark Charizard,4/82,1st Edition,PSA 9,2026-09-25,2900.00,USD,eBay,unknown,FALSE,,,1st Edtion 2000 Pokemon Dark Charizard Team Rocket 1st Edition Holo#4 PSA 9,https://www.ebay.es/itm/398059158609,PriceCharting
Team Rocket,Dark Charizard,4/82,1st Edition,PSA 9,2026-09-23,2737.48,USD,eBay,unknown,FALSE,,,Dark Charizard #4/82 Holo Team Rocket 1st Edition Pokemon 2000 PSA 9 4/82,https://www.ebay.es/itm/398370109227,PriceCharting
Team Rocket,Dark Charizard,4/82,1st Edition,PSA 9,2026-09-22,3200.00,USD,eBay,best offer,TRUE,,,2000 POKEMON ROCKET 1ST EDITION #4 DARK CHARIZARD-HOLO PSA 9 #4,https://www.ebay.es/itm/307092481093,PriceCharting
Team Rocket,Dark Charizard,4/82,1st Edition,PSA 9,2026-09-21,3050.00,USD,eBay,unknown,FALSE,,,Pokemon Dark Charizard Holo Team Rocket 4 1st Edition PSA 9 Mint #4,https://www.ebay.es/itm/287575938007,PriceCharting
Team Rocket,Dark Charizard,4/82,1st Edition,PSA 9,2026-09-18,2946.90,USD,eBay,best offer,TRUE,,,Pokémon Dark Charizard 4/82 1st Edition PSA 9 Team Rocket Pokemon Holo,https://www.ebay.es/itm/307174232986,PriceCharting
Team Rocket,Dark Charizard,4/82,1st Edition,PSA 9,2026-09-03,2750.00,USD,eBay,unknown,FALSE,,,1st Edtion 2000 Pokemon Dark Charizard Team Rocket 1st Edition Holo#4 PSA 9 #4,https://www.ebay.es/itm/198609104642,PriceCharting
Team Rocket,Dark Charizard,4/82,1st Edition,PSA 9,2026-08-30,2200.00,USD,eBay,best offer,TRUE,,,Pokémon TCG Dark Charizard 4/82 Team Rocket Holo 1st Edition PSA 9 4/82,https://www.ebay.es/itm/336767454035,PriceCharting
Team Rocket,Dark Charizard,4/82,1st Edition,PSA 9,2026-08-21,2750.00,USD,eBay,unknown,FALSE,,,2000 Pokemon Team Rocket First Edition Dark Charizard Holo #4/82 PSA 9,https://www.ebay.es/itm/128028062423,PriceCharting
Team Rocket,Dark Charizard,4/82,1st Edition,PSA 9,2026-08-11,2350.00,USD,eBay,unknown,FALSE,,,2000 Pokemon Team Rocket Dark Charizard 4/82 Holo 1st Edition PSA 9 English 4/82,https://www.ebay.es/itm/236999794455,PriceCharting
Team Rocket,Dark Charizard,4/82,1st Edition,PSA 9,2026-08-09,2650.00,USD,eBay,unknown,FALSE,,,Pokemon Dark Charizard Holo Team Rocket 4 1st Edition PSA 9 Mint #4,https://www.ebay.es/itm/287495265998,PriceCharting
Team Rocket,Dark Charizard,4/82,1st Edition,PSA 9,2026-08-09,2425.00,USD,eBay,unknown,FALSE,,,Pokemon Dark Charizard Holo Team Rocket 4 1st Edition PSA 9 Mint #4,https://www.ebay.es/itm/287495386812,PriceCharting
Team Rocket,Dark Charizard,4/82,1st Edition,PSA 9,2026-08-05,2380.00,USD,eBay,unknown,FALSE,,,2000 Pokemon Team Rocket First Edition Dark Charizard Holo #4/82 PSA 9,https://www.ebay.es/itm/128002697035,PriceCharting
Team Rocket,Dark Charizard,4/82,1st Edition,PSA 10,2026-09-27,33100.00,USD,eBay,unknown,FALSE,,,Pokemon Dark Charizard Holo Team Rocket 4 1st Edition PSA 10 Gem Mint #4,https://www.ebay.es/itm/287594621259,PriceCharting
Team Rocket,Dark Charizard,4/82,1st Edition,PSA 10,2026-09-27,22769.06,USD,eBay,unknown,FALSE,,,2000 POKEMON TEAM ROCKET FIRST EDITION #4/82 DARK CHARIZARD HOLO RARE PSA 10 4/82,https://www.ebay.es/itm/206563964369,PriceCharting
Team Rocket,Dark Charizard,4/82,1st Edition,PSA 10,2026-09-24,24999.00,USD,eBay,unknown,FALSE,,,2000 POKEMON ROCKET 1ST EDITION #4 DARK CHARIZARD-HOLO PSA 10 #4,https://www.ebay.es/itm/298701068264,PriceCharting
Team Rocket,Dark Charizard,4/82,1st Edition,PSA 10,2026-09-13,20979.02,USD,eBay,unknown,FALSE,,,2000 POKEMON TEAM ROCKET FIRST EDITION #4/82 DARK CHARIZARD HOLO RARE PSA 10 4/82,https://www.ebay.es/itm/206537823438,PriceCharting
Team Rocket,Dark Charizard,4/82,1st Edition,PSA 10,2026-09-13,21808.09,USD,eBay,unknown,FALSE,,,2000 POKEMON TEAM ROCKET FIRST EDITION #4/82 DARK CHARIZARD HOLO RARE PSA 10 4/82,https://www.ebay.es/itm/206537823434,PriceCharting
Team Rocket,Dark Charizard,4/82,1st Edition,PSA 10,2026-08-30,21574.97,USD,eBay,unknown,FALSE,,,2000 POKEMON TEAM ROCKET FIRST EDITION #4/82 DARK CHARIZARD HOLO RARE PSA 10 4/82,https://www.ebay.es/itm/206510108085,PriceCharting
Team Rocket,Dark Charizard,4/82,1st Edition,PSA 10,2026-08-30,18051.06,USD,eBay,unknown,FALSE,,,2000 POKEMON TEAM ROCKET FIRST EDITION #4/82 DARK CHARIZARD HOLO RARE PSA 10 4/82,https://www.ebay.es/itm/206509498775,PriceCharting
Team Rocket,Dark Charizard,4/82,1st Edition,PSA 10,2026-08-16,21693.69,USD,eBay,unknown,FALSE,,,2000 POKEMON TEAM ROCKET FIRST EDITION #4/82 DARK CHARIZARD HOLO RARE PSA 10 4/82,https://www.ebay.es/itm/206472994383,PriceCharting
Team Rocket,Dark Charizard,4/82,1st Edition,PSA 10,2026-07-08,20000.00,USD,eBay,best offer,TRUE,,,2000 POKEMON ROCKET 1ST EDITION #4 DARK CHARIZARD-HOLO PSA 10 #4,https://www.ebay.es/itm/298468770596,PriceCharting
Team Rocket,Dark Charizard,4/82,1st Edition,PSA 10,2026-06-05,17000.00,USD,eBay,best offer,TRUE,,,2000 Pokemon Rocket Dark Charizard #4 - Gem Mint PSA 10 #4,https://www.ebay.es/itm/227373225214,PriceCharting
Team Rocket,Dark Charizard,4/82,1st Edition,PSA 10,2026-05-26,20000.00,USD,eBay,best offer,TRUE,,,PSA 10 GEM MINT Dark Charizard 4/82 1st Edition Team Rocket Holo Pokemon Card 4/82,https://www.ebay.es/itm/397774358031,PriceCharting
Team Rocket,Dark Charizard,4/82,1st Edition,PSA 10,2026-05-10,16961.00,USD,eBay,unknown,FALSE,,,Pokemon Dark Charizard Team Rocket 1st Edition Holo Rare #4 PSA 10 Gem Mint,https://www.ebay.es/itm/287304471046,PriceCharting
Team Rocket,Dark Charizard,4/82,1st Edition,PSA 10,2026-04-19,17426.20,USD,eBay,unknown,FALSE,,,DARK CHARIZARD HOLO FIRST EDITION POKEMON 4 2000 TEAM ROCKET - ENGLISH PSA 10,https://www.ebay.es/itm/137220257779,PriceCharting
Team Rocket,Dark Charizard,4/82,1st Edition,PSA 10,2026-04-05,19205.63,USD,eBay,unknown,FALSE,,,DARK CHARIZARD HOLO FIRST EDITION POKEMON 4 2000 TEAM ROCKET - ENGLISH PSA 10,https://www.ebay.es/itm/137166104822,PriceCharting
Team Rocket,Dark Charizard,4/82,1st Edition,PSA 10,2026-03-29,15344.14,USD,eBay,unknown,FALSE,,,2000 POKEMON ROCKET 1ST EDITION #4 DARK CHARIZARD HOLO PSA 10 #4,https://www.ebay.es/itm/306835702997,PriceCharting
Team Rocket,Dark Charizard,4/82,1st Edition,PSA 10,2026-03-28,7250.00,USD,eBay,unknown,FALSE,,,2000 Pokemon Dark Charizard Team Rocket 1st Edition Holo Rare #4 PSA 10 Gem Mint #4,https://www.ebay.es/itm/167678468255,PriceCharting
Team Rocket,Dark Charizard,4/82,1st Edition,PSA 10,2026-03-24,17655.00,USD,eBay,unknown,FALSE,,,2000 POKEMON ROCKET 1ST ED #4 DARK CHARIZARD-HOLO PSA 10 #4,https://www.ebay.es/itm/117089214355,PriceCharting
Team Rocket,Dark Charizard,4/82,1st Edition,PSA 10,2026-02-16,15600.00,USD,eBay,best offer,TRUE,,,🔥🔥2000 Pokemon Rocket #4 Dark Charizard -Holo 1ST Edition PSA 10 GEM MT. 🔥🔥 4/82,https://www.ebay.es/itm/127682850962,PriceCharting
Team Rocket,Dark Charizard,4/82,1st Edition,PSA 10,2026-02-16,16500.00,USD,eBay,best offer,TRUE,,,Dark Charizard 1st Edition #4 - Holo PSA 10 - 2000 Team Rocket Vintage Pokémon 4/82,https://www.ebay.es/itm/267575574491,PriceCharting
Team Rocket,Dark Charizard,4/82,1st Edition,PSA 10,2026-02-02,21000.00,USD,eBay,best offer,TRUE,,,2000 POKEMON ROCKET 1ST ED #4 DARK CHARIZARD-HOLO PSA 10 #4,https://www.ebay.es/itm/116997775309,PriceCharting
Team Rocket,Dark Charizard,4/82,1st Edition,PSA 10,2026-02-02,14400.00,USD,eBay,unknown,FALSE,,,Pokemon Dark Charizard Team Rocket 1st Edition Holo Rare #4 PSA 10 Gem Mint,https://www.ebay.es/itm/287093068988,PriceCharting
Team Rocket,Dark Charizard,4/82,1st Edition,PSA 10,2026-02-01,21450.00,USD,eBay,unknown,FALSE,,,🔥🔥2000 Pokemon Rocket #4 Dark Charizard -Holo 1ST Edition PSA 10 GEM MT. 🔥🔥 4/82,https://www.ebay.es/itm/127631377147,PriceCharting
Team Rocket,Dark Charizard,4/82,1st Edition,PSA 10,2025-12-22,10200.00,USD,eBay,unknown,FALSE,,,2000 POKEMON ROCKET 1ST EDITION #4 DARK CHARIZARD-HOLO PSA 10 #4,https://www.ebay.es/itm/297831511465,PriceCharting
Team Rocket,Dark Charizard,4/82,1st Edition,PSA 10,2025-11-10,8100.00,USD,eBay,unknown,FALSE,,,Pokemon Dark Charizard Team Rocket 1st Edition Holo Rare #4 PSA 10 Gem Mint,https://www.ebay.es/itm/286909224041,PriceCharting
Team Rocket,Dark Charizard,4/82,1st Edition,PSA 10,2025-11-02,8685.10,USD,eBay,unknown,FALSE,,,Pokemon Dark Charizard Team Rocket 1st Edition Holo Rare #4 PSA 10 Gem Mint,https://www.ebay.es/itm/286898180659,PriceCharting
Team Rocket,Dark Charizard,4/82,1st Edition,PSA 10,2025-11-02,8280.88,USD,eBay,unknown,FALSE,,,Pokemon Cards - PSA 10 1st Edition Dark Charizard 4/82 Team Rocket SWIRL GEM MT,https://www.ebay.es/itm/286892841905,PriceCharting
Team Rocket,Dark Charizard,4/82,1st Edition,PSA 10,2025-10-26,8650.00,USD,eBay,best offer,TRUE,,,Pokemon Dark Charizard Team Rocket 1st Edition Holo Rare #4 PSA 10 Gem Mint #4,https://www.ebay.es/itm/326829711773,PriceCharting
Team Rocket,Dark Charizard,4/82,1st Edition,PSA 10,2025-10-23,8750.00,USD,eBay,unknown,FALSE,,,Pokemon Dark Charizard Holo #4 1st Edition PSA 10 4/82,https://www.ebay.es/itm/187673490983,PriceCharting
Team Rocket,Dark Charizard,4/82,Unlimited,PSA 8,2026-09-26,553.99,USD,eBay,unknown,FALSE,,,2000 POKEMON TEAM ROCKET DARK CHARIZARD HOLO RARE #4/82 WOTC PSA 8 #4,https://www.ebay.es/itm/307189209460,PriceCharting
Team Rocket,Dark Charizard,4/82,Unlimited,PSA 8,2026-09-23,450.00,USD,eBay,unknown,FALSE,,,Pokémon Dark Charizard 4/82 Team Rocket Holo PSA 8 4/82,https://www.ebay.es/itm/318905556726,PriceCharting
Team Rocket,Dark Charizard,4/82,Unlimited,PSA 8,2026-09-21,470.00,USD,eBay,unknown,FALSE,,,Pokemon 2000 Dark Charizard 4/82 Holo Rare Team Rocket PSA 8 4/82,https://www.ebay.es/itm/407208468666,PriceCharting
Team Rocket,Dark Charizard,4/82,Unlimited,PSA 8,2026-09-15,450.00,USD,eBay,best offer,TRUE,,,The Pokémon Company 2000 Team Rocket Dark Charizard Holo 4/82 PSA 8 English 4/82,https://www.ebay.es/itm/407205199216,PriceCharting
Team Rocket,Dark Charizard,4/82,Unlimited,PSA 8,2026-09-15,575.00,USD,eBay,unknown,FALSE,,,Pokemon 2000 Dark Charizard holo Psa 8 Team Rocket 4/82 4/82,https://www.ebay.es/itm/168676707948,PriceCharting
Team Rocket,Dark Charizard,4/82,Unlimited,PSA 8,2026-09-09,649.52,USD,eBay,unknown,FALSE,,,Dark Charizard - 4/82 - Holo Rare - Team Rocket - Pokemon Card - PSA 8 #4,https://www.ebay.es/itm/287573368804,PriceCharting
Team Rocket,Dark Charizard,4/82,Unlimited,PSA 8,2026-09-07,440.00,USD,eBay,unknown,FALSE,,,2000 POKEMON ROCKET #4 DARK CHARIZARD-HOLO PSA 8 #4,https://www.ebay.es/itm/307145936201,PriceCharting
Team Rocket,Dark Charizard,4/82,Unlimited,PSA 8,2026-09-06,599.99,USD,eBay,unknown,FALSE,,,2000 POKEMON ROCKET #4 DARK CHARIZARD-HOLO PSA 8 #4,https://www.ebay.es/itm/307147388840,PriceCharting
Team Rocket,Dark Charizard,4/82,Unlimited,PSA 8,2026-09-04,495.00,USD,eBay,unknown,FALSE,,,Pokemon TCG PSA 8 Dark Charizard 4/82 Team Rocket Holo Rare EN 2000 4/82,https://www.ebay.es/itm/377462661238,PriceCharting
Team Rocket,Dark Charizard,4/82,Unlimited,PSA 8,2026-09-03,600.00,USD,eBay,unknown,FALSE,,,2000 POKEMON ROCKET #4 DARK CHARIZARD-HOLO PSA 8 #4,https://www.ebay.es/itm/307145855573,PriceCharting
Team Rocket,Dark Charizard,4/82,Unlimited,PSA 8,2026-08-27,520.00,USD,eBay,unknown,FALSE,,,2000 POKEMON ROCKET #4 DARK CHARIZARD-HOLO PSA 8 #4,https://www.ebay.es/itm/117365757066,PriceCharting
Team Rocket,Dark Charizard,4/82,Unlimited,PSA 8,2026-08-27,430.01,USD,eBay,unknown,FALSE,,,DARK CHARIZARD 2000 POKEMON TEAM ROCKET 4/82 RARE HOLO PSA 8 Q1048 4/82,https://www.ebay.es/itm/278296021482,PriceCharting
Team Rocket,Dark Charizard,4/82,Unlimited,PSA 8,2026-08-23,480.00,USD,eBay,best offer,TRUE,,,2000 Pokemon Team Rocket Dark Charizard Holo #4/82 PSA 8 4/82,https://www.ebay.es/itm/407160984676,PriceCharting
Team Rocket,Dark Charizard,4/82,Unlimited,PSA 8,2026-08-09,923.56,USD,eBay,unknown,FALSE,,,Pokemon PSA 8 Dark Charizard #4 Holo Team Rocket 2000 English,https://www.ebay.es/itm/287441306643,PriceCharting
Team Rocket,Dark Charizard,4/82,Unlimited,PSA 8,2026-08-09,431.16,USD,eBay,unknown,FALSE,,,2000 POKEMON TEAM ROCKET #4/82 DARK CHARIZARD HOLO PSA 8 4/82,https://www.ebay.es/itm/206457548146,PriceCharting
Team Rocket,Dark Charizard,4/82,Unlimited,PSA 8,2026-08-06,549.00,USD,eBay,unknown,FALSE,,,Pokemon Dark Charizard Holo Team Rocket Unlimited 4 PSA 8 #4,https://www.ebay.es/itm/287491503039,PriceCharting
Team Rocket,Dark Charizard,4/82,Unlimited,PSA 9,2026-09-20,900.00,USD,eBay,unknown,FALSE,,,PSA 9 Mint 2000 Pokemon TCG Team Rocket Dark Charizard Holo Rare 4/82 ENG 4/82,https://www.ebay.es/itm/318648648733,PriceCharting
Team Rocket,Dark Charizard,4/82,Unlimited,PSA 9,2026-09-19,950.00,USD,eBay,best offer,TRUE,,,Dark Charizard #4 Team Rocket Holo Rare [PSA 9 Mint] Unlimited 2000 Pokemon WOTC 4/82,https://www.ebay.es/itm/227495877226,PriceCharting
Team Rocket,Dark Charizard,4/82,Unlimited,PSA 9,2026-09-08,920.00,USD,eBay,unknown,FALSE,,,2000 Pokemon Team Rocket Dark Charizard Holo #4/82 PSA 9,https://www.ebay.es/itm/128053763552,PriceCharting
Team Rocket,Dark Charizard,4/82,Unlimited,PSA 9,2026-08-14,986.55,USD,eBay,best offer,TRUE,,,PSA 9 Dark Charizard Holo 4/82 Team Rocket Unlimited 2000 Pokémon WOTC Mint 4/82,https://www.ebay.es/itm/407124215547,PriceCharting
Team Rocket,Dark Charizard,4/82,Unlimited,PSA 9,2026-07-26,840.91,USD,eBay,unknown,FALSE,,,Pokemon Card - PSA 9 Dark Charizard 4/82 - Team Rocket Holo - MINT PSA9 4/82,https://www.ebay.es/itm/137527233251,PriceCharting
Team Rocket,Dark Charizard,4/82,Unlimited,PSA 9,2026-07-21,850.00,USD,eBay,best offer,TRUE,,,2000 Pokémon Team Rocket Dark Charizard Holo 4/82 PSA 9 Mint 🔥 4/82,https://www.ebay.es/itm/188668016965,PriceCharting
Team Rocket,Dark Charizard,4/82,Unlimited,PSA 9,2026-07-19,925.00,USD,eBay,best offer,TRUE,,,Dark Charizard 4 4/82 - Team Rocket Holo - PSA 9 - Pokemon TCG,https://www.ebay.es/itm/318588157269,PriceCharting
Team Rocket,Dark Charizard,4/82,Unlimited,PSA 9,2026-07-15,787.55,USD,eBay,unknown,FALSE,,,DARK CHARIZARD 2000 POKEMON TEAM ROCKET HOLO #4/82 GEM MINT PSA 9 Q7441 #4,https://www.ebay.es/itm/278163392389,PriceCharting
Team Rocket,Dark Charizard,4/82,Unlimited,PSA 9,2026-07-09,966.37,USD,eBay,unknown,FALSE,,,PSA 9 Dark Charizard Holo #4 2000 Team Rocket Vintage WOTC Pokemon Card #4,https://www.ebay.es/itm/227416260307,PriceCharting
Team Rocket,Dark Charizard,4/82,Unlimited,PSA 9,2026-07-03,983.89,USD,eBay,unknown,FALSE,,,PSA 9 Dark Charizard Holo #4 2000 Team Rocket Vintage WOTC Pokemon Card #4,https://www.ebay.es/itm/227386639514,PriceCharting
Team Rocket,Dark Charizard,4/82,Unlimited,PSA 9,2026-06-27,930.00,USD,eBay,unknown,FALSE,,,2000 Pokemon Rocket Dark Charizard Holo #4 PSA 9 English Team Rocket #4,https://www.ebay.es/itm/307014657399,PriceCharting
Team Rocket,Dark Charizard,4/82,Unlimited,PSA 10,2026-05-10,8822.02,USD,eBay,unknown,FALSE,,,Pokemon Rocket Dark Charizard- Holo #4 Psa 10 Gem Mint!,https://www.ebay.es/itm/318244135162,PriceCharting
Team Rocket,Dark Charizard,4/82,Unlimited,PSA 10,2026-04-21,18888.00,USD,eBay,unknown,FALSE,,,1999 Pokemon Dark Charizard 4/82 Team Rocket Holo Psa 10 4/82,https://www.ebay.es/itm/267634689183,PriceCharting
Team Rocket,Dark Charizard,4/82,Unlimited,PSA 10,2026-03-25,12750.00,USD,eBay,best offer,TRUE,,,2000 Pokemon Rocket Unlimited Dark Charizard #4 - PSA 10 WOTC UNBELIEVABLE SWIRL #4,https://www.ebay.es/itm/227257341800,PriceCharting
Team Rocket,Dark Charizard,4/82,Unlimited,PSA 10,2026-03-15,15000.00,USD,eBay,unknown,FALSE,,,2000 Pokemon Rocket Unlimited Dark Charizard #4 - PSA 10 WOTC UNBELIEVABLE SWIRL #4,https://www.ebay.es/itm/326950212950,PriceCharting
Team Rocket,Dark Charizard,4/82,Unlimited,PSA 10,2026-02-25,6900.00,USD,eBay,best offer,TRUE,,,2000 Pokemon Rocket Unlimited Dark Charizard #4 - PSA 10 4/82,https://www.ebay.es/itm/298046454525,PriceCharting
Team Rocket,Dark Charizard,4/82,Unlimited,PSA 10,2026-01-22,4050.76,USD,eBay,best offer,TRUE,,,2000 Pokemon Dark Charizard Team Rocket Unlimited Holo Rare #4 PSA 10 GEM MINT,https://www.ebay.es/itm/205755968953,PriceCharting
Team Rocket,Dark Charizard,4/82,Unlimited,PSA 10,2025-12-03,2900.00,USD,eBay,unknown,FALSE,,,2000 Pokemon Dark Charizard Team Rocket Unlimited Holo Rare #4 PSA 10 GEM MINT,https://www.ebay.es/itm/317619129465,PriceCharting
Team Rocket,Dark Charizard,4/82,Unlimited,PSA 10,2025-11-23,3999.99,USD,eBay,unknown,FALSE,,,2000 POKEMON ROCKET #4 DARK CHARIZARD-HOLO PSA 10 #4,https://www.ebay.es/itm/116892103778,PriceCharting
Team Rocket,Dark Charizard,4/82,Unlimited,PSA 10,2025-10-14,3750.00,USD,eBay,unknown,FALSE,,,2000 Pokemon Rocket #4 Dark Charizard Holo PSA 10 GEM MINT,https://www.ebay.es/itm/389046240626,PriceCharting
Team Rocket,Dark Charizard,4/82,Unlimited,PSA 10,2025-10-05,4701.00,USD,eBay,unknown,FALSE,,,Pokemon Dark Charizard Team Rocket Unlimited Holo Rare #4 PSA 10 Gem Mint,https://www.ebay.es/itm/286840497445,PriceCharting
Team Rocket,Dark Charizard,4/82,Unlimited,PSA 10,2025-08-28,3700.00,USD,eBay,unknown,FALSE,,,Pokemon Dark Charizard Team Rocket Unlimited Holo Rare #4 PSA 10 Gem Mint,https://www.ebay.es/itm/286754069877,PriceCharting
Team Rocket,Dark Charizard,4/82,Unlimited,PSA 10,2025-08-25,3999.99,USD,eBay,unknown,FALSE,,,Pokemon Dark Charizard Team Rocket Unlimited Holo Rare #4 PSA 10 Gem Mint,https://www.ebay.es/itm/286716206063,PriceCharting
Team Rocket,Dark Charizard,4/82,Unlimited,PSA 10,2025-07-21,3575.00,USD,eBay,unknown,FALSE,,,Pokemon Dark Charizard Team Rocket Unlimited Holo Rare #4 PSA 10 Gem Mint,https://www.ebay.es/itm/286700493136,PriceCharting
Team Rocket,Dark Charizard,4/82,Unlimited,PSA 10,2025-07-20,3800.00,USD,eBay,unknown,FALSE,,,Pokemon Dark Charizard Team Rocket Unlimited Holo Rare #4 PSA 10 Gem Mint,https://www.ebay.es/itm/286702104365,PriceCharting
Team Rocket,Dark Charizard,4/82,Unlimited,PSA 10,2025-06-25,3650.00,USD,eBay,unknown,FALSE,,,54419594 DARK CHARIZARD 2000 Pokemon Team Rocket 4 Holo PSA 10,https://www.ebay.es/itm/157116674153,PriceCharting
Team Rocket,Dark Charizard,4/82,Unlimited,PSA 10,2025-05-24,3395.00,USD,eBay,unknown,FALSE,,,PSA 10 GEM MINT Dark Charizard 4/82 Team Rocket HOLO RARE Pokemon Card 4/82,https://www.ebay.es/itm/256930950419,PriceCharting
Team Rocket,Dark Charizard,4/82,Unlimited,PSA 10,2025-04-02,2500.00,USD,eBay,unknown,FALSE,,,2000 POKEMON ROCKET #4 DARK CHARIZARD-HOLO PSA 10 #4,https://www.ebay.es/itm/306001717874,PriceCharting
Team Rocket,Dark Charizard,4/82,Unlimited,PSA 10,2025-04-02,2441.00,USD,eBay,unknown,FALSE,,,2000 POKEMON ROCKET #4 DARK CHARIZARD-HOLO PSA 10 #4,https://www.ebay.es/itm/306047731853,PriceCharting
Team Rocket,Dark Charizard,4/82,Unlimited,PSA 10,2025-04-02,2900.00,USD,eBay,unknown,FALSE,,,2000 POKEMON ROCKET #4 DARK CHARIZARD-HOLO PSA 10 #4,https://www.ebay.es/itm/306114492524,PriceCharting
Team Rocket,Dark Charizard,4/82,Unlimited,PSA 10,2025-03-10,1800.00,USD,eBay,unknown,FALSE,,,2000 POKEMON ROCKET #4 DARK CHARIZARD-HOLO PSA 10 #4,https://www.ebay.es/itm/286379945036,PriceCharting
Team Rocket,Dark Charizard,4/82,Unlimited,PSA 10,2025-02-09,1803.71,USD,eBay,unknown,FALSE,,,Pokemon Cards - PSA 10 Dark Charizard 4/82 - Team Rocket -Unlimited Holo GEM MT,https://www.ebay.es/itm/286273273113,PriceCharting
Team Rocket,Dark Charizard,4/82,Unlimited,PSA 10,2025-02-06,1727.92,USD,eBay,unknown,FALSE,,,2000 Pokemon Team Rocket Dark Charizard Holo Rare 4/82 PSA 10 GEM MINT - SWIRL!,https://www.ebay.es/itm/167298502099,PriceCharting
Team Rocket,Dark Charizard,4/82,Unlimited,PSA 10,2024-11-24,1450.00,USD,eBay,unknown,FALSE,,,Pokemon Dark Charizard Team Rocket Unlimited Holo Rare #4 PSA 10 Gem Mint,https://www.ebay.es/itm/286166389338,PriceCharting
Team Rocket,Dark Charizard,4/82,Unlimited,PSA 10,2024-11-23,1400.00,USD,eBay,unknown,FALSE,,,2000 Pokemon Dark Charizard 4/82 Team Rocket Unlimited HOLO PSA 10 4/82,https://www.ebay.es/itm/326348515120,PriceCharting
Team Rocket,Dark Charizard,4/82,Unlimited,PSA 10,2024-11-10,1133.30,USD,eBay,unknown,FALSE,,,Pokemon Dark Charizard 4/82 Team Rocket Unlimited HOLO PSA 10 4/82,https://www.ebay.es/itm/395858925361,PriceCharting
Team Rocket,Dark Charizard,4/82,Unlimited,PSA 10,2024-10-12,2500.00,USD,eBay,unknown,FALSE,,,PSA 10 GEM MINT Dark Charizard 4/82 Team Rocket HOLO RARE Pokemon Card Swirl 4/82,https://www.ebay.es/itm/126703308565,PriceCharting
Team Rocket,Dark Charizard,4/82,Unlimited,PSA 10,2024-08-05,1300.00,USD,eBay,unknown,FALSE,,,Dark Charizard PSA 10 4 Holo 2000 Team Rocket Unlimited Pokémon Card WOTC #4,https://www.ebay.es/itm/276573946332,PriceCharting
Team Rocket,Dark Charizard,4/82,Unlimited,PSA 10,2024-05-28,1375.00,USD,eBay,unknown,FALSE,,,2000 Pokemon Rocket #4 Dark Charizard - Holo PSA 10 GEM MINT,https://www.ebay.es/itm/375440669396,PriceCharting
Team Rocket,Dark Charizard,4/82,Unlimited,PSA 10,2024-02-01,1700.00,USD,eBay,unknown,FALSE,,,PSA 10 Gem Mint Dark Charizard 4/82 Team Rocket Unlimited HOLO Pokemon Swirl 🍥,https://www.ebay.es/itm/266625356326,PriceCharting
Team Rocket,Dark Charizard,4/82,Unlimited,PSA 10,2024-01-31,1325.00,USD,eBay,unknown,FALSE,,,DARK CHARIZARD PSA 10 2000 POKEMON ROCKET #4 HOLO GEM MINT 6657,https://www.ebay.es/itm/176213651790,PriceCharting
Team Rocket,Dark Dragonite,5/82,1st Edition,PSA 8,2026-09-27,671.00,USD,eBay,unknown,FALSE,,,2000 Pokemon Team Rocket First Edition Dark Dragonite Holo #5/82 PSA 8,https://www.ebay.es/itm/128091419490,PriceCharting
Team Rocket,Dark Dragonite,5/82,1st Edition,PSA 8,2026-09-21,645.00,USD,eBay,unknown,FALSE,,,2000 Pokemon Team Rocket First Edition Dark Dragonite Rare Holo #5/82 PSA 8,https://www.ebay.es/itm/128081135001,PriceCharting
Team Rocket,Dark Dragonite,5/82,1st Edition,PSA 8,2026-08-22,613.88,USD,eBay,unknown,FALSE,,,The Pokémon Company 2000 Dark Dragonite 5/82 Team Rocket Holo 1st PSA 8 5/82,https://www.ebay.es/itm/168615617363,PriceCharting
Team Rocket,Dark Dragonite,5/82,1st Edition,PSA 8,2026-08-02,665.00,USD,eBay,unknown,FALSE,,,Pokemon Dark Dragonite Holo Team Rocket 5 1st Edition PSA 8 #5,https://www.ebay.es/itm/287481268392,PriceCharting
Team Rocket,Dark Dragonite,5/82,1st Edition,PSA 8,2026-07-30,700.00,USD,eBay,unknown,FALSE,,,PSA 8 Dark Dragonite 5/82 1ST EDITION - Team Rocket Holo - VINTAGE POKEMON 5/82,https://www.ebay.es/itm/287478493544,PriceCharting
Team Rocket,Dark Dragonite,5/82,1st Edition,PSA 8,2026-07-29,931.00,USD,eBay,unknown,FALSE,,,POKEMON DARK DRAGONITE 2000 ROCKET #5 1ST EDITION HOLO PSA 8 #5,https://www.ebay.es/itm/800389080082,PriceCharting
Team Rocket,Dark Dragonite,5/82,1st Edition,PSA 8,2026-07-29,710.20,USD,eBay,best offer,TRUE,,,Dark Dragonite Pokemon Team Rocket Holo 1st Edition 5/82 PSA 8 5/82,https://www.ebay.es/itm/137537830707,PriceCharting
Team Rocket,Dark Dragonite,5/82,1st Edition,PSA 8,2026-07-25,804.99,USD,eBay,unknown,FALSE,,,Pokemon Graded: Dark Dragonite 1st Edition 5/82 Team Rocket (2000) Holo PSA 8,https://www.ebay.es/itm/318629982369,PriceCharting
Team Rocket,Dark Dragonite,5/82,1st Edition,PSA 8,2026-07-23,705.00,USD,eBay,unknown,FALSE,,,2000 Pokemon TCG Team Rocket 1st Edition Dark Dragonite #5 Holo PSA 8 5/82,https://www.ebay.es/itm/318620124639,PriceCharting
Team Rocket,Dark Dragonite,5/82,1st Edition,PSA 8,2026-07-21,710.00,USD,eBay,unknown,FALSE,,,2000 POKEMON TEAM ROCKET #5 DARK DRAGONITE 1ST EDITION HOLO PSA 8 #5,https://www.ebay.es/itm/206415687739,PriceCharting
Team Rocket,Dark Dragonite,5/82,1st Edition,PSA 8,2026-07-19,700.00,USD,eBay,unknown,FALSE,,,2000 POKEMON TEAM ROCKET #5 DARK DRAGONITE 1ST EDITION HOLO PSA 8 #5,https://www.ebay.es/itm/206415690703,PriceCharting
Team Rocket,Dark Dragonite,5/82,1st Edition,PSA 8,2026-07-05,640.00,USD,eBay,best offer,TRUE,,,The Pokemon Company 2000 Team Rocket Dark Dragonite 5/82 1st Ed Holo PSA 8 5/82,https://www.ebay.es/itm/358756410960,PriceCharting
Team Rocket,Dark Dragonite,5/82,1st Edition,PSA 9,2026-09-26,1616.84,USD,eBay,best offer,TRUE,,,PSA 9 Dark Dragonite 1st Edition Holo 5/82 (2000) Team Rocket Pokémon TCG 5/82,https://www.ebay.es/itm/407234411785,PriceCharting
Team Rocket,Dark Dragonite,5/82,1st Edition,PSA 9,2026-09-26,1450.00,USD,eBay,best offer,TRUE,,,Pokemon TCG 2000 Team Rocket Dark Dragonite 1st Ed Holo 5/82 PSA 9 MINT 5/82,https://www.ebay.es/itm/800686455364,PriceCharting
Team Rocket,Dark Dragonite,5/82,1st Edition,PSA 9,2026-09-21,1525.00,USD,eBay,unknown,FALSE,,,Pokemon Dark Dragonite Holo Team Rocket 5 1st Edition PSA 9 Mint #5,https://www.ebay.es/itm/287575937943,PriceCharting
Team Rocket,Dark Dragonite,5/82,1st Edition,PSA 9,2026-09-16,1607.39,USD,eBay,unknown,FALSE,,,Dark Dragonite Holo 5/82 PSA 9 1st Edition Team Rocket Pokemon #5,https://www.ebay.es/itm/168683784450,PriceCharting
Team Rocket,Dark Dragonite,5/82,1st Edition,PSA 9,2026-09-16,1500.00,USD,eBay,unknown,FALSE,,,2000 Pokemon Team Rocket Dark Dragonite 1st Edition Holo #5 PSA 9 #5,https://www.ebay.es/itm/198637051634,PriceCharting
Team Rocket,Dark Dragonite,5/82,1st Edition,PSA 9,2026-08-16,1526.33,USD,eBay,unknown,FALSE,,,Pokemon Dark Dragonite Holo Team Rocket 5 1st Edition PSA 9 Mint #5,https://www.ebay.es/itm/287511103141,PriceCharting
Team Rocket,Dark Dragonite,5/82,1st Edition,PSA 9,2026-08-12,1511.73,USD,eBay,best offer,TRUE,,,Pokémon TCG Dark Dragonite 1st Edition Holo 5/82 Team Rocket Vintage WOTC PSA 9 5/82,https://www.ebay.es/itm/377410208155,PriceCharting
Team Rocket,Dark Dragonite,5/82,1st Edition,PSA 9,2026-07-26,1606.00,USD,eBay,unknown,FALSE,,,Pokemon Dark Dragonite Holo Team Rocket 5 1st Edition PSA 9 Mint #5,https://www.ebay.es/itm/287468652981,PriceCharting
Team Rocket,Dark Dragonite,5/82,1st Edition,PSA 9,2026-07-26,1471.00,USD,eBay,unknown,FALSE,,,Pokemon Dark Dragonite Holo Team Rocket 5 1st Edition PSA 9 Mint #5,https://www.ebay.es/itm/287468639327,PriceCharting
Team Rocket,Dark Dragonite,5/82,1st Edition,PSA 9,2026-07-20,1450.00,USD,eBay,unknown,FALSE,,,Pokemon Dark Dragonite Holo Team Rocket 5 1st Edition PSA 9 Mint #5,https://www.ebay.es/itm/287449790913,PriceCharting
Team Rocket,Dark Dragonite,5/82,1st Edition,PSA 9,2026-07-13,1525.00,USD,eBay,unknown,FALSE,,,PSA 9 MINT Dark Dragonite 5 Team Rocket 1st Edition Holo Pokemon Card - SWIRL #5,https://www.ebay.es/itm/147407879563,PriceCharting
Team Rocket,Dark Dragonite,5/82,1st Edition,PSA 9,2026-07-10,1350.00,USD,eBay,best offer,TRUE,,,Pokemon TCG Dark Dragonite PSA 9 2000 Team Rocket 1st Edition Holo 5/82 5/82,https://www.ebay.es/itm/158060234694,PriceCharting
Team Rocket,Dark Dragonite,5/82,1st Edition,PSA 10,2026-09-04,29999.99,USD,eBay,unknown,FALSE,,,PSA 10 GEM MINT Dark Dragonite 5/82 HOLO Team Rocket 1ST EDITION Pokemon Card,https://www.ebay.es/itm/318673011673,PriceCharting
Team Rocket,Dark Dragonite,5/82,1st Edition,PSA 10,2026-09-04,20999.00,USD,eBay,unknown,FALSE,,,Pokemon Dark Dragonite Holo Team Rocket 5 1st Edition PSA 10 Gem Mint #5,https://www.ebay.es/itm/287449771419,PriceCharting
Team Rocket,Dark Dragonite,5/82,1st Edition,PSA 10,2026-09-02,17902.00,USD,eBay,unknown,FALSE,,,2000 Pokemon Rocket 1st Edition #5 Dark Dragonite Holo PSA 10 GEM MINT,https://www.ebay.es/itm/800561764753,PriceCharting
Team Rocket,Dark Dragonite,5/82,1st Edition,PSA 10,2026-08-03,15100.00,USD,eBay,unknown,FALSE,,,2000 POKEMON ROCKET 1ST EDITION #5 DARK DRAGONITE HOLO PSA 10 #5,https://www.ebay.es/itm/800413327457,PriceCharting
Team Rocket,Dark Dragonite,5/82,1st Edition,PSA 10,2026-05-31,12100.00,USD,eBay,unknown,FALSE,,,2000 Pokemon Team Rocket 1st Edition #5/82 Dark Dragonite Holo PSA 10 GEM MINT 5/82,https://www.ebay.es/itm/397984907953,PriceCharting
Team Rocket,Dark Dragonite,5/82,1st Edition,PSA 10,2026-05-26,13900.00,USD,eBay,unknown,FALSE,,,2000 Pokemon Team Rocket 1st Edition #5/82 Dark Dragonite Holo PSA 10 GEM MINT,https://www.ebay.es/itm/366410910329,PriceCharting
Team Rocket,Dark Dragonite,5/82,1st Edition,PSA 10,2026-05-10,13100.00,USD,eBay,unknown,FALSE,,,1st Edition Dark Dragonite Team Rocket Holo SWIRL 🌀PSA 10 Pokemon 2000 #5 #5,https://www.ebay.es/itm/147302393978,PriceCharting
Team Rocket,Dark Dragonite,5/82,1st Edition,PSA 10,2026-05-09,14100.00,USD,eBay,unknown,FALSE,,,1st Edition Dark Dragonite Team Rocket Holo SWIRL 🌀PSA 10 Pokemon 2000 #5 #5,https://www.ebay.es/itm/147300871567,PriceCharting
Team Rocket,Dark Dragonite,5/82,1st Edition,PSA 10,2026-04-30,15000.00,USD,eBay,unknown,FALSE,,,1st Edition Dark Dragonite Team Rocket Holo SWIRL 🌀PSA 10 Pokemon 2000 #5 #5,https://www.ebay.es/itm/147284495240,PriceCharting
Team Rocket,Dark Dragonite,5/82,1st Edition,PSA 10,2026-04-20,12101.00,USD,eBay,unknown,FALSE,,,Pokemon Dark Dragonite Team Rocket 1st Edition Holo Rare #5 PSA 10 Gem Mint,https://www.ebay.es/itm/287265142398,PriceCharting
Team Rocket,Dark Dragonite,5/82,1st Edition,PSA 10,2026-03-30,15000.00,USD,eBay,unknown,FALSE,,,2000 Pokemon Rocket #5 Dark Dragonite Holo 1st Edition PSA 10 GEM MINT,https://www.ebay.es/itm/366295763643,PriceCharting
Team Rocket,Dark Dragonite,5/82,1st Edition,PSA 10,2026-03-27,14199.35,USD,eBay,unknown,FALSE,,,2000 POKEMON ROCKET 1ST EDITION #5 DARK DRAGONITE-HOLO PSA 10 #5,https://www.ebay.es/itm/306832256006,PriceCharting
Team Rocket,Dark Dragonite,5/82,1st Edition,PSA 10,2026-03-12,15101.00,USD,eBay,unknown,FALSE,,,2000 Pokemon Rocket #5 Dark Dragonite Holo 1st Edition PSA 10 GEM MINT,https://www.ebay.es/itm/389699739670,PriceCharting
Team Rocket,Dark Dragonite,5/82,1st Edition,PSA 10,2026-03-05,16000.00,USD,eBay,best offer,TRUE,,,Pokemon Dark Dragonite Team Rocket 1st Edition Holo Rare #5 PSA 10 Gem Mint #5,https://www.ebay.es/itm/317950453296,PriceCharting
Team Rocket,Dark Dragonite,5/82,1st Edition,PSA 10,2026-03-03,14000.00,USD,eBay,unknown,FALSE,,,Pokemon Dark Dragonite Team Rocket 1st Edition Holo Rare #5 PSA 10 Gem Mint,https://www.ebay.es/itm/287148715040,PriceCharting
Team Rocket,Dark Dragonite,5/82,1st Edition,PSA 10,2026-02-27,13500.00,USD,eBay,unknown,FALSE,,,Pokemon Dark Dragonite Team Rocket 1st Edition Holo Rare #5 PSA 10 Gem Mint #5,https://www.ebay.es/itm/287074691501,PriceCharting
Team Rocket,Dark Dragonite,5/82,1st Edition,PSA 10,2026-01-25,6158.70,USD,eBay,best offer,TRUE,,,Pokemon Dark Dragonite 1st Edition Holo Team Rocket PSA 10 #26681021,https://www.ebay.es/itm/236585600673,PriceCharting
Team Rocket,Dark Dragonite,5/82,1st Edition,PSA 10,2025-11-17,7700.00,USD,eBay,unknown,FALSE,,,Pokemon Dark Dragonite Team Rocket 1st Edition Holo Rare #5 PSA 10 Gem Mint,https://www.ebay.es/itm/286922290469,PriceCharting
Team Rocket,Dark Dragonite,5/82,1st Edition,PSA 10,2025-08-11,7000.00,USD,eBay,unknown,FALSE,,,2000 Pokémon Team Rocket 1ST EDITION Dark Dragonite Holo #5 PSA 10 GEM MINT #5,https://www.ebay.es/itm/157143815572,PriceCharting
Team Rocket,Dark Dragonite,5/82,1st Edition,PSA 10,2025-08-10,5901.00,USD,eBay,unknown,FALSE,,,Pokemon Dark Dragonite Team Rocket 1st Edition Holo Rare #5 PSA 10 Gem Mint,https://www.ebay.es/itm/286742725565,PriceCharting
Team Rocket,Dark Dragonite,5/82,1st Edition,PSA 10,2025-07-28,5225.00,USD,eBay,unknown,FALSE,,,Pokemon Dark Dragonite Team Rocket 1st Edition Holo Rare #5 PSA 10 Gem Mint,https://www.ebay.es/itm/286715576737,PriceCharting
Team Rocket,Dark Dragonite,5/82,1st Edition,PSA 10,2025-07-15,5125.00,USD,eBay,unknown,FALSE,,,2000 Pokemon Rocket 1st Edition #5 Dark Dragonite Holo PSA 10 GEM MINT,https://www.ebay.es/itm/388680679043,PriceCharting
Team Rocket,Dark Dragonite,5/82,1st Edition,PSA 10,2025-06-16,4817.60,USD,eBay,unknown,FALSE,,,2000 POKEMON ROCKET 1ST ED #5 DARK DRAGONITE-HOLO PSA 10 #5,https://www.ebay.es/itm/297383574770,PriceCharting
Team Rocket,Dark Dragonite,5/82,1st Edition,PSA 10,2025-03-17,3300.00,USD,eBay,unknown,FALSE,,,1st Edtion Dark Dragonite Holo PSA 10,https://www.ebay.es/itm/396329523178,PriceCharting
Team Rocket,Dark Dragonite,5/82,1st Edition,PSA 10,2025-03-10,4090.06,USD,eBay,unknown,FALSE,,,2000 POKEMON ROCKET 1ST EDITION #5 DARK DRAGONITE-HOLO PSA 10 #5,https://www.ebay.es/itm/297061737686,PriceCharting
Team Rocket,Dark Dragonite,5/82,1st Edition,PSA 10,2025-02-24,3250.00,USD,eBay,unknown,FALSE,,,2000 Pokemon Team Rocket 1st Edition Holo Dark Dragonite PSA 10 GEM MINT #5/82 5/82,https://www.ebay.es/itm/155108696181,PriceCharting
Team Rocket,Dark Dragonite,5/82,1st Edition,PSA 10,2025-02-10,3775.80,USD,eBay,unknown,FALSE,,,Dark Dragonite 1st Edition Holo Team Rocket PSA 10 Pokemon,https://www.ebay.es/itm/404658424357,PriceCharting
Team Rocket,Dark Dragonite,5/82,1st Edition,PSA 10,2025-01-28,4000.00,USD,eBay,unknown,FALSE,,,2000 POKEMON ROCKET 1ST EDITION DARK DRAGONITE HOLO #5 PSA 10 GEM MINT #5,https://www.ebay.es/itm/395346476546,PriceCharting
Team Rocket,Dark Dragonite,5/82,Unlimited,PSA 8,2026-09-26,315.00,USD,eBay,unknown,FALSE,,,2000 Pokémon Dark Dragonite HOLO RARE - Team Rocket - 5/82 PSA 8 NM-MINT 5/82,https://www.ebay.es/itm/307195700535,PriceCharting
Team Rocket,Dark Dragonite,5/82,Unlimited,PSA 8,2026-09-10,400.00,USD,eBay,unknown,FALSE,,,2000 Pokemon Dark Dragonite Team Rocket #5 FART SWIRL Holo PSA 8 #May-82,https://www.ebay.es/itm/188878126665,PriceCharting
Team Rocket,Dark Dragonite,5/82,Unlimited,PSA 8,2026-09-01,336.90,USD,eBay,unknown,FALSE,,,2000 Pokemon Team Rocket Dark Dragonite Holo #5/82 PSA 8,https://www.ebay.es/itm/377448270491,PriceCharting
Team Rocket,Dark Dragonite,5/82,Unlimited,PSA 8,2026-08-31,305.00,USD,eBay,unknown,FALSE,,,146764485 Dark Dragonite 2000 Pokemon Team Rocket #5 SWIRL Holo PSA 8 #May-82,https://www.ebay.es/itm/158210583578,PriceCharting
Team Rocket,Dark Dragonite,5/82,Unlimited,PSA 8,2026-08-18,532.88,USD,eBay,best offer,TRUE,,,PSA 8 DARK DRAGONITE 5/82 Holo Swirl Rare Team Rocket WOTC 2000 - Pokemon Card 5/82,https://www.ebay.es/itm/198536375632,PriceCharting
Team Rocket,Dark Dragonite,5/82,Unlimited,PSA 8,2026-08-07,300.00,USD,eBay,unknown,FALSE,,,Pokemon Dark Dragonite Team Rocket 5/82 Holo Rare Unlimited PSA 8 NM-MT 5/82,https://www.ebay.es/itm/257664244717,PriceCharting
Team Rocket,Dark Dragonite,5/82,Unlimited,PSA 8,2026-08-04,450.00,USD,eBay,best offer,TRUE,,,2000 Pokémon Team Rocket Dark Dragonite Holo RARE DOUBLE Swirl PSA 8 5/82,https://www.ebay.es/itm/236902222602,PriceCharting
Team Rocket,Dark Dragonite,5/82,Unlimited,PSA 8,2026-08-01,399.99,USD,eBay,unknown,FALSE,,,Pokemon Dark Dragonite Team Rocket 5/82 Holo Rare Unlimited PSA 8 NM-MT 5/82,https://www.ebay.es/itm/158010524556,PriceCharting
Team Rocket,Dark Dragonite,5/82,Unlimited,PSA 8,2026-07-12,299.00,USD,eBay,unknown,FALSE,,,Pokemon 2000 Team Rocket Dark Dragonite 5/82 Holo Swirl PSA 8 5/82,https://www.ebay.es/itm/377336004342,PriceCharting
Team Rocket,Dark Dragonite,5/82,Unlimited,PSA 8,2026-07-05,293.69,USD,eBay,unknown,FALSE,,,Pokemon Card Dark Dragonite 5/82 Team Rocket Set Holo Rare PSA 8 NM-MT 5/82,https://www.ebay.es/itm/267699723048,PriceCharting
Team Rocket,Dark Dragonite,5/82,Unlimited,PSA 8,2026-07-02,300.00,USD,eBay,unknown,FALSE,,,The Pokémon Company 2000 Team Rocket Dark Dragonite Holo Rare 5/82 PSA 8 5/82,https://www.ebay.es/itm/147411861122,PriceCharting
Team Rocket,Dark Dragonite,5/82,Unlimited,PSA 8,2026-06-30,310.00,USD,eBay,best offer,TRUE,,,Pokemon Dark Dragonite Team Rocket 5/82 Holo Rare Unlimited PSA 8 5/82,https://www.ebay.es/itm/267700312816,PriceCharting
Team Rocket,Dark Dragonite,5/82,Unlimited,PSA 8,2026-06-23,300.00,USD,eBay,unknown,FALSE,,,Wizards of the Coast 2000 Pokemon Dark Dragonite Holo Team Rocket 5/82 EN PSA 8 5/82,https://www.ebay.es/itm/117252123530,PriceCharting
Team Rocket,Dark Dragonite,5/82,Unlimited,PSA 9,2026-09-25,680.00,USD,eBay,unknown,FALSE,,,Pokemon 2000 Dark Dragonite 5/82 Holo Rare Team Rocket PSA 9 5/82,https://www.ebay.es/itm/407154938317,PriceCharting
Team Rocket,Dark Dragonite,5/82,Unlimited,PSA 9,2026-09-18,770.21,USD,eBay,unknown,FALSE,,,Dark Dragonite Holo Unlimited Team Rocket Pokemon Card Psa 9 Swirl #5,https://www.ebay.es/itm/398348326015,PriceCharting
Team Rocket,Dark Dragonite,5/82,Unlimited,PSA 9,2026-09-12,743.81,USD,eBay,unknown,FALSE,,,Dark Dragonite 5/82 Pokemon TCG Team Rocket Holo Rare WOTC 2000 SWIRL PSA 9 5/82,https://www.ebay.es/itm/237045093971,PriceCharting
Team Rocket,Dark Dragonite,5/82,Unlimited,PSA 9,2026-09-04,580.00,USD,eBay,unknown,FALSE,,,Pokemon TCG PSA 9 Dark Dragonite 5/82 Team Rocket Holo Rare EN 2000 5/82,https://www.ebay.es/itm/377471313940,PriceCharting
Team Rocket,Dark Dragonite,5/82,Unlimited,PSA 9,2026-08-13,680.00,USD,eBay,unknown,FALSE,,,Pokemon 2000 Dark Dragonite 5/82 Holo Team Rocket PSA 9 5/82,https://www.ebay.es/itm/407093618051,PriceCharting
Team Rocket,Dark Dragonite,5/82,Unlimited,PSA 9,2026-08-02,595.00,USD,eBay,unknown,FALSE,,,2000 Pokemon Team Rocket Dark Dragonite Holo #5/82 PSA 9,https://www.ebay.es/itm/127997415083,PriceCharting
Team Rocket,Dark Dragonite,5/82,Unlimited,PSA 9,2026-05-27,725.00,USD,eBay,unknown,FALSE,,,Pokemon 2000 Dark Dragonite 5/82 Holo Team Rocket PSA 9 5/82,https://www.ebay.es/itm/406909807402,PriceCharting
Team Rocket,Dark Dragonite,5/82,Unlimited,PSA 9,2026-05-24,440.00,USD,eBay,unknown,FALSE,,,Pokemon 2000 Dark Dragonite 5/82 Holo Team Rocket PSA 9 5/82,https://www.ebay.es/itm/157916860282,PriceCharting
Team Rocket,Dark Dragonite,5/82,Unlimited,PSA 9,2026-05-16,533.04,USD,eBay,unknown,FALSE,,,PSA 9 Dark Dragonite Holo 2000 Team Rocket Pokemon - English Unlimited #5 5/82,https://www.ebay.es/itm/227339737581,PriceCharting
Team Rocket,Dark Dragonite,5/82,Unlimited,PSA 9,2026-05-11,599.99,USD,eBay,unknown,FALSE,,,Dark Dragonite 5/82 Holo PSA 9 2000 Pokemon Team Rocket WOTC 5/82,https://www.ebay.es/itm/389972115729,PriceCharting
Team Rocket,Dark Dragonite,5/82,Unlimited,PSA 9,2026-05-10,510.00,USD,eBay,unknown,FALSE,,,Wizards of the Coast 2000 Pokemon Team Rocket Dark Dragonite Holo 5/82 PSA 9 5/82,https://www.ebay.es/itm/377163753052,PriceCharting
Team Rocket,Dark Dragonite,5/82,Unlimited,PSA 9,2026-05-10,520.00,USD,eBay,unknown,FALSE,,,Pokemon Dark Dragonite Team Rocket Unlimited Holo Rare #5 Scratched Slab PSA 9,https://www.ebay.es/itm/287301492474,PriceCharting
Team Rocket,Dark Dragonite,5/82,Unlimited,PSA 10,2026-05-11,7600.00,USD,eBay,unknown,FALSE,,,2000 POKEMON ROCKET #5 DARK DRAGONITE-HOLO PSA 10 #5,https://www.ebay.es/itm/298267385070,PriceCharting
Team Rocket,Dark Dragonite,5/82,Unlimited,PSA 10,2026-04-21,8000.00,USD,eBay,best offer,TRUE,,,Dark Dragonite Holo Unlimited PSA 10 5/82 English SWIRL 🌀 Pokémon Team Rocket 5/82,https://www.ebay.es/itm/147258799521,PriceCharting
Team Rocket,Dark Dragonite,5/82,Unlimited,PSA 10,2026-04-14,13500.00,USD,eBay,best offer,TRUE,,,Dark Dragonite Holo Unlimited PSA 10 5/82 English SWIRL 🌀 Pokémon Team Rocket 5/82,https://www.ebay.es/itm/147231400417,PriceCharting
Team Rocket,Dark Dragonite,5/82,Unlimited,PSA 10,2026-03-02,4800.00,USD,eBay,unknown,FALSE,,,Pokemon PSA 10 Dark Dragonite Holo 5/82 2000 Team Rocket 5/82,https://www.ebay.es/itm/177884305523,PriceCharting
Team Rocket,Dark Dragonite,5/82,Unlimited,PSA 10,2026-02-05,4650.00,USD,eBay,unknown,FALSE,,,Pokemon Dark Dragonite Team Rocket Unlimited Holo Rare #5 PSA 10 Gem Mint 5/82,https://www.ebay.es/itm/297985047207,PriceCharting
Team Rocket,Dark Dragonite,5/82,Unlimited,PSA 10,2025-11-21,2607.80,USD,eBay,unknown,FALSE,,,2000 POKEMON TEAM ROCKET #5/82 DARK DRAGONITE HOLO PSA 10 5/82,https://www.ebay.es/itm/205845029116,PriceCharting
Team Rocket,Dark Dragonite,5/82,Unlimited,PSA 10,2025-07-28,2400.00,USD,eBay,unknown,FALSE,,,Pokemon Dark Dragonite Team Rocket Unlimited Holo Rare #5 PSA 10 Gem Mint,https://www.ebay.es/itm/286720218606,PriceCharting
Team Rocket,Dark Dragonite,5/82,Unlimited,PSA 10,2025-07-13,3207.00,USD,eBay,unknown,FALSE,,,Pokemon Dark Dragonite Team Rocket Unlimited Holo Rare #5 PSA 10 Gem Mint,https://www.ebay.es/itm/286690740402,PriceCharting
Team Rocket,Dark Dragonite,5/82,Unlimited,PSA 10,2025-06-13,3150.00,USD,eBay,unknown,FALSE,,,2000 Pokemon Team Rocket #5 Dark Dragonite Holo PSA 10 GEM MINT,https://www.ebay.es/itm/365651961979,PriceCharting
Team Rocket,Dark Dragonite,5/82,Unlimited,PSA 10,2025-05-23,3250.00,USD,eBay,unknown,FALSE,,,2000 Pokemon Team Rocket #5 Dark Dragonite Holo PSA 10 GEM MINT,https://www.ebay.es/itm/388421889566,PriceCharting
Team Rocket,Dark Dragonite,5/82,Unlimited,PSA 10,2024-10-24,1165.00,USD,eBay,unknown,FALSE,,,Pokemon Dark Dragonite Team Rocket Holo PSA 10 GEM MINT #5/82 2000 Big Swirl! #5,https://www.ebay.es/itm/116359685364,PriceCharting
Team Rocket,Dark Dragonite,5/82,Unlimited,PSA 10,2024-09-25,1250.00,USD,eBay,unknown,FALSE,,,PSA 10 Dark Dragonite Holo #5 Team Rocket 2000 Pokemon POP 50 GEM MINT 5/82,https://www.ebay.es/itm/156426462202,PriceCharting
Team Rocket,Dark Dugtrio,6/82,1st Edition,PSA 8,2026-09-28,160.00,USD,eBay,unknown,FALSE,,,Pokémon English Team Rocket 1st Edition PSA 8 Dark Dugtrio Holo 6/82 NEW CERT #6,https://www.ebay.es/itm/820159238990,PriceCharting
Team Rocket,Dark Dugtrio,6/82,1st Edition,PSA 8,2026-09-14,102.99,USD,eBay,unknown,FALSE,,,2000 Pokemon Dark Dugtrio 6/82 Rare Holo PSA 8 NM-MINT 6/82,https://www.ebay.es/itm/206549289130,PriceCharting
Team Rocket,Dark Dugtrio,6/82,1st Edition,PSA 8,2026-09-13,158.37,USD,eBay,unknown,FALSE,,,2000 POKEMON ROCKET #6 DARK DUGTRIO-HOLO 1ST EDITION PSA 8 #6,https://www.ebay.es/itm/307158161944,PriceCharting
Team Rocket,Dark Dugtrio,6/82,1st Edition,PSA 8,2026-09-12,95.00,USD,eBay,best offer,TRUE,,,2000 Pokemon Dark Dugtrio 6/82 Rare Holo PSA 8 NM-MINT SWIRL 6/82,https://www.ebay.es/itm/267727677656,PriceCharting
Team Rocket,Dark Dugtrio,6/82,1st Edition,PSA 8,2026-09-12,170.87,USD,eBay,unknown,FALSE,,,Dark Dugtrio Holo Team Rocket 1st Edition PSA 8 NM-MINT 2000 WOTC Pokemon,https://www.ebay.es/itm/257728020338,PriceCharting
Team Rocket,Dark Dugtrio,6/82,1st Edition,PSA 8,2026-09-08,179.99,USD,eBay,unknown,FALSE,,,2000 POKEMON ROCKET 1ST EDITION #6 DARK DUGTRIO-HOLO PSA 8 #6,https://www.ebay.es/itm/117300473963,PriceCharting
Team Rocket,Dark Dugtrio,6/82,1st Edition,PSA 8,2026-08-27,149.99,USD,eBay,unknown,FALSE,,,2000 POKEMON ROCKET 1ST EDITION #6 DARK DUGTRIO-HOLO PSA 8 #6,https://www.ebay.es/itm/117381151515,PriceCharting
Team Rocket,Dark Dugtrio,6/82,1st Edition,PSA 8,2026-08-26,177.95,USD,eBay,unknown,FALSE,,,Pokemon Team Rocket 1st Edition Dark Dugtrio 6/82 PSA 8,https://www.ebay.es/itm/398053783927,PriceCharting
Team Rocket,Dark Dugtrio,6/82,1st Edition,PSA 8,2026-08-16,127.50,USD,eBay,unknown,FALSE,,,Dark Dugtrio 6/82 Holo Rare 1st Edition Rocket Pokemon PSA 8 *548 #6,https://www.ebay.es/itm/278250607428,PriceCharting
Team Rocket,Dark Dugtrio,6/82,1st Edition,PSA 8,2026-08-16,175.86,USD,eBay,unknown,FALSE,,,DARK DUGTRIO POKEMON 6 2000 TEAM ROCKET 1ST EDITION HOLO ENGLISH PSA 8,https://www.ebay.es/itm/137592444155,PriceCharting
Team Rocket,Dark Dugtrio,6/82,1st Edition,PSA 8,2026-08-16,153.50,USD,eBay,unknown,FALSE,,,2000 POKEMON ROCKET 1ST EDITION #6 DARK DUGTRIO-HOLO PSA 8 #6,https://www.ebay.es/itm/307111057101,PriceCharting
Team Rocket,Dark Dugtrio,6/82,1st Edition,PSA 8,2026-08-01,109.99,USD,eBay,unknown,FALSE,,,🔥 2000 PSA 8 Pokemon Rocket Dark Dugtrio Holo Vintage 6/82 🔥 #6,https://www.ebay.es/itm/336701519070,PriceCharting
Team Rocket,Dark Dugtrio,6/82,1st Edition,PSA 8,2026-07-26,155.00,USD,eBay,best offer,TRUE,,,2000 POKEMON ROCKET 1ST EDITION #6 DARK DUGTRIO-HOLO PSA 8 - *SWIRL* #6,https://www.ebay.es/itm/397883614289,PriceCharting
Team Rocket,Dark Dugtrio,6/82,1st Edition,PSA 8,2026-07-22,155.00,USD,eBay,unknown,FALSE,,,2000 POKEMON ROCKET 1ST EDITION #6 DARK DUGTRIO-HOLO PSA 8 #6,https://www.ebay.es/itm/298523906203,PriceCharting
Team Rocket,Dark Dugtrio,6/82,1st Edition,PSA 8,2026-07-22,110.00,USD,eBay,unknown,FALSE,,,2000 PSA 8 Pokemon Rocket Dark Dugtrio Holo Rare 6/82 Card NM #6,https://www.ebay.es/itm/318229796539,PriceCharting
Team Rocket,Dark Dugtrio,6/82,1st Edition,PSA 8,2026-07-20,155.50,USD,eBay,unknown,FALSE,,,2000 POKEMON ROCKET 1ST EDITION #6 DARK DUGTRIO-HOLO PSA 8 #6,https://www.ebay.es/itm/298489089185,PriceCharting
Team Rocket,Dark Dugtrio,6/82,1st Edition,PSA 8,2026-07-19,140.00,USD,eBay,best offer,TRUE,,,Dark Dugtrio 6 6/82 - Team Rocket 1st Edition Holo - PSA 8 - Pokemon TCG,https://www.ebay.es/itm/800348479978,PriceCharting
Team Rocket,Dark Dugtrio,6/82,1st Edition,PSA 8,2026-07-19,130.15,USD,eBay,unknown,FALSE,,,2000 POKEMON TEAM ROCKET FIRST EDITION #6/82 DARK DUGTRIO HOLO RARE PSA 8 6/82,https://www.ebay.es/itm/206408434433,PriceCharting
Team Rocket,Dark Dugtrio,6/82,1st Edition,PSA 8,2026-07-18,142.50,USD,eBay,unknown,FALSE,,,2000 Pokemon Rocket 1st Edition #6 Dark Dugtrio Holo PSA 8 NM-MT #6,https://www.ebay.es/itm/158074234230,PriceCharting
Team Rocket,Dark Dugtrio,6/82,1st Edition,PSA 8,2026-07-12,122.23,USD,eBay,unknown,FALSE,,,2000 POKEMON TEAM ROCKET FIRST EDITION #6/82 DARK DUGTRIO HOLO RARE PSA 8 6/82,https://www.ebay.es/itm/206392192530,PriceCharting
Team Rocket,Dark Dugtrio,6/82,1st Edition,PSA 8,2026-07-10,226.08,USD,eBay,unknown,FALSE,,,✅Free Tracked Shipping - Pokemon Dark Dugtrio 6/82 Rocket 1st Edition Holo PSA 8,https://www.ebay.es/itm/406951331390,PriceCharting
Team Rocket,Dark Dugtrio,6/82,1st Edition,PSA 9,2026-09-28,285.00,USD,eBay,unknown,FALSE,,,Pokemon Dark Dugtrio Holo Team Rocket 6 1st Edition PSA 9 Mint #6,https://www.ebay.es/itm/287594620734,PriceCharting
Team Rocket,Dark Dugtrio,6/82,1st Edition,PSA 9,2026-09-27,380.00,USD,eBay,unknown,FALSE,,,Pokemon Dark Dugtrio Team Rocket First Edition Holo #6 PSA 9 Mint 2000 6/82,https://www.ebay.es/itm/227358859650,PriceCharting
Team Rocket,Dark Dugtrio,6/82,1st Edition,PSA 9,2026-09-24,365.00,USD,eBay,best offer,TRUE,,,Pokemon Dark Dugtrio Team Rocket First Edition Holo #6 PSA 9 Mint 2000 6/82,https://www.ebay.es/itm/157882860713,PriceCharting
Team Rocket,Dark Dugtrio,6/82,1st Edition,PSA 9,2026-09-19,305.00,USD,eBay,best offer,TRUE,,,POKEMON DARK DUGTRIO 2000 ROCKET 1ST EDITION #6 HOLO PSA 9 SWIRL 6/82,https://www.ebay.es/itm/178486666605,PriceCharting
Team Rocket,Dark Dugtrio,6/82,1st Edition,PSA 9,2026-09-15,324.99,USD,eBay,unknown,FALSE,,,PSA 9 2000 Pokemon Team Rocket Dark Dugtrio Holo 1st Ed 6/82 6/82,https://www.ebay.es/itm/278304727503,PriceCharting
Team Rocket,Dark Dugtrio,6/82,1st Edition,PSA 9,2026-09-13,219.00,USD,eBay,unknown,FALSE,,,2000 POKEMON ROCKET #6 DARK DUGTRIO-HOLO PSA 9 #6,https://www.ebay.es/itm/298662370046,PriceCharting
Team Rocket,Dark Dugtrio,6/82,1st Edition,PSA 9,2026-09-10,360.00,USD,eBay,unknown,FALSE,,,2000 POKEMON ROCKET 1ST EDITION #6 DARK DUGTRIO-HOLO PSA 9 #6,https://www.ebay.es/itm/307115272387,PriceCharting
Team Rocket,Dark Dugtrio,6/82,1st Edition,PSA 9,2026-09-09,165.50,USD,eBay,unknown,FALSE,,,2000 POKEMON ROCKET #6 DARK DUGTRIO-HOLO PSA 9 #6,https://www.ebay.es/itm/298465071770,PriceCharting
Team Rocket,Dark Dugtrio,6/82,1st Edition,PSA 9,2026-09-08,295.00,USD,eBay,unknown,FALSE,,,2000 Pokemon TCG Team Rocket Dark Dugtrio 6/82 Holo 1st Ed PSA 9 6/82,https://www.ebay.es/itm/377469349354,PriceCharting
Team Rocket,Dark Dugtrio,6/82,1st Edition,PSA 9,2026-09-01,285.00,USD,eBay,best offer,TRUE,,,2000 POKEMON ROCKET 1ST EDITION #6 DARK DUGTRIO-HOLO PSA 9 #6,https://www.ebay.es/itm/800469028916,PriceCharting
Team Rocket,Dark Dugtrio,6/82,1st Edition,PSA 9,2026-08-30,279.22,USD,eBay,unknown,FALSE,,,2000 Pokémon Team Rocket 1st Edition 6/82 Dark Dugtrio Holo PSA 9 6/82,https://www.ebay.es/itm/188828516076,PriceCharting
Team Rocket,Dark Dugtrio,6/82,1st Edition,PSA 9,2026-08-24,180.60,USD,eBay,unknown,FALSE,,,PSA 9 MINT Pokemon Dark Dugtrio Team Rocket Holo 1st Edition 6/82,https://www.ebay.es/itm/318727078029,PriceCharting
Team Rocket,Dark Dugtrio,6/82,1st Edition,PSA 9,2026-08-23,275.62,USD,eBay,unknown,FALSE,,,DARK DUGTRIO POKEMON 6 2000 TEAM ROCKET 1st EDITION HOLO ENGLISH PSA 9,https://www.ebay.es/itm/137595877562,PriceCharting
Team Rocket,Dark Dugtrio,6/82,1st Edition,PSA 9,2026-08-17,235.50,USD,eBay,unknown,FALSE,,,Pokemon Dark Dugtrio Holo Team Rocket 6 1st Edition PSA 9 Mint #6,https://www.ebay.es/itm/287511105030,PriceCharting
Team Rocket,Dark Dugtrio,6/82,1st Edition,PSA 9,2026-08-12,294.00,USD,eBay,unknown,FALSE,,,2000 Pokemon Rocket 1st Edition #6 Dark Dugtrio Holo PSA 9 MINT,https://www.ebay.es/itm/377395423648,PriceCharting
Team Rocket,Dark Dugtrio,6/82,1st Edition,PSA 9,2026-08-10,130.00,USD,eBay,unknown,FALSE,,,Pokemon Rocket Dark Dugtrio 6/82 PSA 9 Holo 6/82,https://www.ebay.es/itm/366584773872,PriceCharting
Team Rocket,Dark Dugtrio,6/82,1st Edition,PSA 9,2026-08-05,319.99,USD,eBay,unknown,FALSE,,,Dark Dugtrio Holo Rare 6/82 1st Edition Team Rocket Pokemon English SWIRL PSA 9 #6,https://www.ebay.es/itm/188738404141,PriceCharting
Team Rocket,Dark Dugtrio,6/82,1st Edition,PSA 10,2026-09-10,2500.00,USD,eBay,unknown,FALSE,,,2000 POKEMON ROCKET #6 DARK DUGTRIO-HOLO PSA 10 #6,https://www.ebay.es/itm/298149746567,PriceCharting
Team Rocket,Dark Dugtrio,6/82,1st Edition,PSA 10,2026-09-10,2999.99,USD,eBay,unknown,FALSE,,,2000 POKEMON ROCKET #6 DARK DUGTRIO-HOLO PSA 10 #6,https://www.ebay.es/itm/298621580937,PriceCharting
Team Rocket,Dark Dugtrio,6/82,1st Edition,PSA 10,2026-07-20,3500.00,USD,eBay,unknown,FALSE,,,Pokemon Dark Dugtrio Team Rocket 1st Edition Holo Rare #6 PSA 10 Gem Mint,https://www.ebay.es/itm/287278302167,PriceCharting
Team Rocket,Dark Dugtrio,6/82,1st Edition,PSA 10,2026-06-12,3500.00,USD,eBay,best offer,TRUE,,,2000 POKEMON Dark Dugtrio Team Rocket 1ST ED #6 HOLO PSA 10 GEM MINT with Swirl #6,https://www.ebay.es/itm/127750332435,PriceCharting
Team Rocket,Dark Dugtrio,6/82,1st Edition,PSA 10,2026-04-05,2411.00,USD,eBay,unknown,FALSE,,,Pokemon Dark Dugtrio Team Rocket 1st Edition Holo Rare #6 PSA 10 Gem Mint,https://www.ebay.es/itm/287237155493,PriceCharting
Team Rocket,Dark Dugtrio,6/82,1st Edition,PSA 10,2026-03-21,1594.00,USD,eBay,unknown,FALSE,,,2000 POKEMON ROCKET #6 DARK DUGTRIO-HOLO PSA 10 #6,https://www.ebay.es/itm/298116014403,PriceCharting
Team Rocket,Dark Dugtrio,6/82,1st Edition,PSA 10,2026-03-19,6999.99,USD,eBay,unknown,FALSE,,,PSA 10 GEM MINT Dark Dugtrio 6/82 HOLO Team Rocket 1ST EDITION Pokemon Card,https://www.ebay.es/itm/277814941800,PriceCharting
Team Rocket,Dark Dugtrio,6/82,1st Edition,PSA 10,2025-07-13,1050.00,USD,eBay,unknown,FALSE,,,Pokemon Dark Dugtrio Team Rocket 1st Edition Holo Rare #6 PSA 10 Gem Mint,https://www.ebay.es/itm/286689934683,PriceCharting
Team Rocket,Dark Dugtrio,6/82,1st Edition,PSA 10,2025-05-26,758.00,USD,eBay,unknown,FALSE,,,Pokemon Dark Dugtrio Team Rocket 1st Edition Holo Rare #6 PSA 10 Gem Mint,https://www.ebay.es/itm/286572052676,PriceCharting
Team Rocket,Dark Dugtrio,6/82,1st Edition,PSA 10,2025-05-20,736.00,USD,eBay,unknown,FALSE,,,2000 Pokemon Team Rocket 1st Edition #6 Dark Dugtrio Holo PSA 10 GEM MINT,https://www.ebay.es/itm/376242347303,PriceCharting
Team Rocket,Dark Dugtrio,6/82,1st Edition,PSA 10,2025-04-23,1500.00,USD,eBay,unknown,FALSE,,,PSA 10 Dark Dugtrio Holo Rare 2000 Team Rocket 6/82 1st Edition Pokemon Card 6/82,https://www.ebay.es/itm/405794613577,PriceCharting
Team Rocket,Dark Dugtrio,6/82,1st Edition,PSA 10,2025-04-03,500.00,USD,eBay,unknown,FALSE,,,PSA 10 Dark Dugtrio Holo Rare 2000 Team Rocket 6/82 1st Edition Pokemon Card 6/82,https://www.ebay.es/itm/365502379152,PriceCharting
Team Rocket,Dark Dugtrio,6/82,1st Edition,PSA 10,2025-03-01,549.99,USD,eBay,unknown,FALSE,,,Pokemon Dark Dugtrio Team Rocket 1st Edition Holo Rare #6 PSA 10 Gem Mint,https://www.ebay.es/itm/286371004931,PriceCharting
Team Rocket,Dark Dugtrio,6/82,1st Edition,PSA 10,2024-12-16,450.00,USD,eBay,unknown,FALSE,,,Pokemon Dark Dugtrio 1st Edition Holo Team Rocket Psa 10 #6,https://www.ebay.es/itm/365280309881,PriceCharting
Team Rocket,Dark Dugtrio,6/82,1st Edition,PSA 10,2024-08-28,395.00,USD,eBay,unknown,FALSE,,,2000 Pokemon Team Rocket 1st Edition #6 Dark Dugtrio Holo PSA 10 GEM MINT,https://www.ebay.es/itm/365077346319,PriceCharting
Team Rocket,Dark Dugtrio,6/82,1st Edition,PSA 10,2024-08-10,410.00,USD,eBay,unknown,FALSE,,,Dark Dugtrio 2000 Team Rocket 1st Edition WOTC Holo 6/82 PSA 10 Pokemon 👊 6/82 #6,https://www.ebay.es/itm/305703962047,PriceCharting
Team Rocket,Dark Dugtrio,6/82,1st Edition,PSA 10,2024-07-20,425.00,USD,eBay,unknown,FALSE,,,Dark Dugtrio 2000 Team Rocket 1st Edition WOTC Holo 6/82 PSA 10 Pokemon 👊 6/82,https://www.ebay.es/itm/305665569389,PriceCharting
Team Rocket,Dark Dugtrio,6/82,1st Edition,PSA 10,2024-07-18,440.00,USD,eBay,unknown,FALSE,,,PSA 10 GEM MINT Dark Dugtrio Team Rocket 1st Edition Holo Pokemon Card 6/82 PI1 #6,https://www.ebay.es/itm/335481891640,PriceCharting
Team Rocket,Dark Dugtrio,6/82,1st Edition,PSA 10,2024-07-08,454.01,USD,eBay,unknown,FALSE,,,Pokemon Dark Dugtrio 1st Edition PSA 10 Gem Mint Holo Team Rocket 6/82 #6,https://www.ebay.es/itm/226224008713,PriceCharting
Team Rocket,Dark Dugtrio,6/82,1st Edition,PSA 10,2024-05-27,385.00,USD,eBay,unknown,FALSE,,,PSA 10 GEM MINT Dark Dugtrio Team Rocket 1st Edition Holo Pokemon Card 6/82 PI1 #6,https://www.ebay.es/itm/204793033401,PriceCharting
Team Rocket,Dark Dugtrio,6/82,1st Edition,PSA 10,2024-04-22,500.00,USD,eBay,unknown,FALSE,,,2000 POKÉMON TEAM ROCKET 1ST EDITION DARK DUGTRIO HOLO PSA 10 GEM MINT #6,https://www.ebay.es/itm/186393345397,PriceCharting
Team Rocket,Dark Dugtrio,6/82,1st Edition,PSA 10,2023-10-31,333.33,USD,eBay,unknown,FALSE,,,2000 Team Rocket 6 Dark Dugtrio 1st Edition Holo Rare Pokemon TCG Card PSA 10 #6,https://www.ebay.es/itm/155856548203,PriceCharting
Team Rocket,Dark Dugtrio,6/82,1st Edition,PSA 10,2023-10-31,599.95,USD,eBay,unknown,FALSE,,,Pokemon 2000 Team Rocket #6 DARK DUGTRIO 1st Edition Holo PSA 10 Gem Mint 6/82 #6,https://www.ebay.es/itm/364186462334,PriceCharting
Team Rocket,Dark Dugtrio,6/82,Unlimited,PSA 8,2026-09-27,108.00,USD,eBay,unknown,FALSE,,,Pokemon Dark Dugtrio Holo Team Rocket 6 PSA 8 #6,https://www.ebay.es/itm/287594621261,PriceCharting
Team Rocket,Dark Dugtrio,6/82,Unlimited,PSA 8,2026-08-31,48.00,USD,eBay,unknown,FALSE,,,Pokemon TCG Dark Dugtrio 6/82 Team Rocket Holo - PSA 8 - NO RESERVE 6/82,https://www.ebay.es/itm/128040941714,PriceCharting
Team Rocket,Dark Dugtrio,6/82,Unlimited,PSA 8,2026-08-22,80.00,USD,eBay,best offer,TRUE,,,PSA 8 Dark Dugtrio 6/82 Team Rocket Unlimited Holo Rare Pokemon TCG 2000 6/82,https://www.ebay.es/itm/318571207299,PriceCharting
Team Rocket,Dark Dugtrio,6/82,Unlimited,PSA 8,2026-08-20,66.00,USD,eBay,unknown,FALSE,,,DARK DUGTRIO PSA 8 2000 POKEMON TEAM ROCKET #6/82 HOLO 9470 6/82,https://www.ebay.es/itm/188784255515,PriceCharting
Team Rocket,Dark Dugtrio,6/82,Unlimited,PSA 8,2026-07-31,89.00,USD,eBay,unknown,FALSE,,,DARK DUGTRIO PSA 8 2000 POKEMON TEAM ROCKET #6/82 HOLO 9470 6/82,https://www.ebay.es/itm/178332085341,PriceCharting
Team Rocket,Dark Dugtrio,6/82,Unlimited,PSA 8,2026-07-16,95.00,USD,eBay,best offer,TRUE,,,2000 Pokémon TCG Team Rocket Dark Dugtrio 6/82 Holo Rare English PSA 8 6/82,https://www.ebay.es/itm/358748581883,PriceCharting
Team Rocket,Dark Dugtrio,6/82,Unlimited,PSA 8,2026-07-15,72.90,USD,eBay,unknown,FALSE,,,2000 Pokemon Team Rocket Dark Dugtrio Holo #6/82 PSA 8,https://www.ebay.es/itm/377331752103,PriceCharting
Team Rocket,Dark Dugtrio,6/82,Unlimited,PSA 8,2026-06-27,106.95,USD,eBay,unknown,FALSE,,,Pokemon Team Rocket Dark Dugtrio 6/82 PSA 8,https://www.ebay.es/itm/377253967648,PriceCharting
Team Rocket,Dark Dugtrio,6/82,Unlimited,PSA 8,2026-06-21,70.66,USD,eBay,unknown,FALSE,,,2000 POKEMON TEAM ROCKET #6/82 DARK DUGTRIO HOLO RARE PSA 8 6/82,https://www.ebay.es/itm/206343182315,PriceCharting
Team Rocket,Dark Dugtrio,6/82,Unlimited,PSA 8,2026-06-15,85.00,USD,eBay,unknown,FALSE,,,2000 POKEMON Team ROCKET Holo Dark Dugtrio #6 PSA 8 Card #6,https://www.ebay.es/itm/157993852048,PriceCharting
Team Rocket,Dark Dugtrio,6/82,Unlimited,PSA 8,2026-06-14,79.99,USD,eBay,unknown,FALSE,,,2000 Pokemon Team Rocket Dark Dugtrio Holo 6/82 PSA 8 NM-MT 6/82,https://www.ebay.es/itm/397978107173,PriceCharting
Team Rocket,Dark Dugtrio,6/82,Unlimited,PSA 8,2026-06-13,90.00,USD,eBay,best offer,TRUE,,,2000 POKEMON Team ROCKET Holo Dark Dugtrio #6 PSA 8 Card,https://www.ebay.es/itm/168357598569,PriceCharting
Team Rocket,Dark Dugtrio,6/82,Unlimited,PSA 8,2026-05-20,50.00,USD,eBay,best offer,TRUE,,,2000 Pokemon TCG Team Rocket Dark Dugtrio 6/82 Holo Rare Unlimited PSA 8 6/82,https://www.ebay.es/itm/206265838805,PriceCharting
Team Rocket,Dark Dugtrio,6/82,Unlimited,PSA 8,2026-05-14,68.00,USD,eBay,unknown,FALSE,,,2000 Pokemon Team Rocket Dark Dugtrio Holo #6/82 PSA 8,https://www.ebay.es/itm/377171184419,PriceCharting
Team Rocket,Dark Dugtrio,6/82,Unlimited,PSA 8,2026-05-11,65.00,USD,eBay,unknown,FALSE,,,2000 POKEMON Team ROCKET Holo Dark Dugtrio #6 PSA 8 Card #6,https://www.ebay.es/itm/267663724466,PriceCharting
Team Rocket,Dark Dugtrio,6/82,Unlimited,PSA 8,2026-05-03,89.59,USD,eBay,best offer,TRUE,,,PSA 8 Dark Dugtrio Holo 2000 Team Rocket WOTC #6 Vintage Pokémon Card,https://www.ebay.es/itm/357442080359,PriceCharting
Team Rocket,Dark Dugtrio,6/82,Unlimited,PSA 8,2026-04-12,71.74,USD,eBay,unknown,FALSE,,,2000 Pokémon Team Rocket Dark Dugtrio 6/82 Holo - Graded PSA 8 #6,https://www.ebay.es/itm/227296178579,PriceCharting
Team Rocket,Dark Dugtrio,6/82,Unlimited,PSA 9,2026-08-22,169.00,USD,eBay,unknown,FALSE,,,Pokemon Team Rocket Dark Dugtrio Holo PSA 9 6/82,https://www.ebay.es/itm/147511946822,PriceCharting
Team Rocket,Dark Dugtrio,6/82,Unlimited,PSA 9,2026-07-20,130.02,USD,eBay,unknown,FALSE,,,Pokemon 2000 Dark Dugtrio 6/82 Holo Team Rocket PSA 9 6/82,https://www.ebay.es/itm/407062126584,PriceCharting
Team Rocket,Dark Dugtrio,6/82,Unlimited,PSA 9,2026-07-10,139.00,USD,eBay,unknown,FALSE,,,Pokemon 2000 Dark Dugtrio 6/82 Holo Team Rocket PSA 9 6/82,https://www.ebay.es/itm/407060712231,PriceCharting
Team Rocket,Dark Dugtrio,6/82,Unlimited,PSA 9,2026-06-17,139.00,USD,eBay,best offer,TRUE,,,Pokémon TCG 2000 Dark Dugtrio 6/82 Team Rocket Holo Rare Vintage EN PSA 9 6/82,https://www.ebay.es/itm/127922623272,PriceCharting
Team Rocket,Dark Dugtrio,6/82,Unlimited,PSA 9,2026-03-28,140.00,USD,eBay,unknown,FALSE,,,Pokémon Dark Dugtrio Team Rocket 6/82 Holo Rare Unlimited PSA 9 2000 6/82,https://www.ebay.es/itm/227271528666,PriceCharting
Team Rocket,Dark Dugtrio,6/82,Unlimited,PSA 9,2026-03-25,130.00,USD,eBay,best offer,TRUE,,,2000 Pokémon Team Rocket #6 Dark Dugtrio Holo PSA 9 6/82,https://www.ebay.es/itm/236707408952,PriceCharting
Team Rocket,Dark Dugtrio,6/82,Unlimited,PSA 9,2026-03-19,133.50,USD,eBay,unknown,FALSE,,,2000 POKEMON TEAM ROCKET #6/82 DARK DUGTRIO HOLO PSA 9 MINT WOTC #6,https://www.ebay.es/itm/287194508750,PriceCharting
Team Rocket,Dark Dugtrio,6/82,Unlimited,PSA 9,2026-03-13,149.99,USD,eBay,unknown,FALSE,,,2000 POKEMON TEAM ROCKET #6/82 DARK DUGTRIO HOLO PSA 9 MINT WOTC #6,https://www.ebay.es/itm/358216439491,PriceCharting
Team Rocket,Dark Dugtrio,6/82,Unlimited,PSA 9,2026-01-25,70.66,USD,eBay,unknown,FALSE,,,Pokemon Dark Dugtrio Team Rocket Unlimited Holo Rare #6 PSA 9 Mint,https://www.ebay.es/itm/287073037645,PriceCharting
Team Rocket,Dark Dugtrio,6/82,Unlimited,PSA 9,2026-01-07,106.56,USD,eBay,unknown,FALSE,,,DARK DUGTRIO 6/82 | PSA 9 | Team Rocket WOTC Holo Graded Pokémon Card,https://www.ebay.es/itm/326263681153,PriceCharting
Team Rocket,Dark Dugtrio,6/82,Unlimited,PSA 9,2025-11-15,72.69,USD,eBay,unknown,FALSE,,,Pokemon Card Dark Dugtrio 6/82 Holo Rare Team Rocket PSA 9 MINT 6/82,https://www.ebay.es/itm/389222091842,PriceCharting
Team Rocket,Dark Dugtrio,6/82,Unlimited,PSA 9,2025-11-09,87.59,USD,eBay,best offer,TRUE,,,Pokemon – Team Rocket – Dark Dugtrio Holo - 2000 - 6/82 - PSA 9 – Mint,https://www.ebay.es/itm/177534320618,PriceCharting
Team Rocket,Dark Dugtrio,6/82,Unlimited,PSA 9,2025-10-27,100.34,USD,eBay,unknown,FALSE,,,Pokemon TCG: Dark Dugtrio 6/82 Team Rocket WoTC Holo Rare PSA 9 MINT,https://www.ebay.es/itm/376644096069,PriceCharting
Team Rocket,Dark Dugtrio,6/82,Unlimited,PSA 10,2026-06-15,1259.00,USD,eBay,unknown,FALSE,,,Pokemon Dark Dugtrio Team Rocket Unlimited Holo Rare #6 PSA 10 Gem Mint,https://www.ebay.es/itm/287375954067,PriceCharting
Team Rocket,Dark Dugtrio,6/82,Unlimited,PSA 10,2025-11-16,850.00,USD,eBay,unknown,FALSE,,,2000 Pokemon PSA 10 Dark Dugtrio 6/82 Team Rocket Holo 6/82,https://www.ebay.es/itm/127497814503,PriceCharting
Team Rocket,Dark Dugtrio,6/82,Unlimited,PSA 10,2025-08-31,540.00,USD,eBay,unknown,FALSE,,,Pokemon Dark Dugtrio Team Rocket Unlimited Holo Rare #6 PSA 10 Gem Mint,https://www.ebay.es/itm/286776305665,PriceCharting
Team Rocket,Dark Dugtrio,6/82,Unlimited,PSA 10,2025-05-18,455.00,USD,eBay,unknown,FALSE,,,Pokemon Dark Dugtrio Team Rocket Unlimited Holo Rare #6 PSA 10 Gem Mint,https://www.ebay.es/itm/286560768833,PriceCharting
Team Rocket,Dark Dugtrio,6/82,Unlimited,PSA 10,2025-05-05,385.00,USD,eBay,unknown,FALSE,,,Pokemon Dark Dugtrio Team Rocket Unlimited Holo Rare #6 PSA 10 Gem Mint,https://www.ebay.es/itm/286520195817,PriceCharting
Team Rocket,Dark Dugtrio,6/82,Unlimited,PSA 10,2025-03-28,394.94,USD,eBay,unknown,FALSE,,,Pokemon Dark Dugtrio Team Rocket Holo Rare #6 PSA 10 Gem Mint,https://www.ebay.es/itm/187038508005,PriceCharting
Team Rocket,Dark Golbat,7/82,1st Edition,PSA 8,2026-09-28,149.99,USD,eBay,unknown,FALSE,,,Pokemon Dark Golbat 7/82 Team Rocket 1st Edition Holo Rare - PSA 8 NM-MT 7/82,https://www.ebay.es/itm/366628148182,PriceCharting
Team Rocket,Dark Golbat,7/82,1st Edition,PSA 8,2026-09-28,113.50,USD,eBay,unknown,FALSE,,,2000 Pokemon Team Rocket First Edition Dark Golbat Holo #7/82 PSA 8,https://www.ebay.es/itm/128092451580,PriceCharting
Team Rocket,Dark Golbat,7/82,1st Edition,PSA 8,2026-09-19,127.00,USD,eBay,unknown,FALSE,,,Dark Golbat Holo 1st Edition PSA 8 2000 Pokemon Team Rocket #7,https://www.ebay.es/itm/137664699450,PriceCharting
Team Rocket,Dark Golbat,7/82,1st Edition,PSA 8,2026-08-30,100.00,USD,eBay,unknown,FALSE,,,The Pokemon Company PSA 8 2000 Team Rocket Dark Golbat 7/82 1st Ed Holo ENG 7/82,https://www.ebay.es/itm/236974362896,PriceCharting
Team Rocket,Dark Golbat,7/82,1st Edition,PSA 8,2026-08-27,143.50,USD,eBay,unknown,FALSE,,,Pokemon TCG 2000 Team Rocket Dark Golbat 1st Edition Holo 7/82 PSA 8 English 7/82,https://www.ebay.es/itm/158209727670,PriceCharting
Team Rocket,Dark Golbat,7/82,1st Edition,PSA 8,2026-08-12,105.00,USD,eBay,best offer,TRUE,,,2000 Pokemon Dark Golbat 7/82 Team Rocket Holo 1st Edition PSA 8 7/82,https://www.ebay.es/itm/137493735884,PriceCharting
Team Rocket,Dark Golbat,7/82,1st Edition,PSA 8,2026-08-06,175.00,USD,eBay,unknown,FALSE,,,2000 Pokemon Dark Golbat 7/82 Team Rocket Holo 1st Edition PSA 8 7/82,https://www.ebay.es/itm/147474966987,PriceCharting
Team Rocket,Dark Golbat,7/82,1st Edition,PSA 8,2026-08-04,81.00,USD,eBay,unknown,FALSE,,,2000 Pokemon Team Rocket First Edition Dark Golbat Holo #7/82 PSA 8,https://www.ebay.es/itm/377379729796,PriceCharting
Team Rocket,Dark Golbat,7/82,1st Edition,PSA 8,2026-08-02,99.14,USD,eBay,unknown,FALSE,,,DARK GOLBAT POKEMON 7/82 2000 TEAM ROCKET 1ST EDITION - ENGLISH PSA 8,https://www.ebay.es/itm/137538824997,PriceCharting
Team Rocket,Dark Golbat,7/82,1st Edition,PSA 8,2026-08-01,120.00,USD,eBay,best offer,TRUE,,,Dark Golbat 7/82 1st Edition - Team Rocket PSA 8 - NM-MT Holo Pokemon Card 7/82,https://www.ebay.es/itm/117248449158,PriceCharting
Team Rocket,Dark Golbat,7/82,1st Edition,PSA 8,2026-07-29,90.00,USD,eBay,best offer,TRUE,,,💫SWIRL Pokemon TCG PSA 8 2000 Team Rocket 1st Edition Dark Golbat Holo 7/82 7/82,https://www.ebay.es/itm/318645100514,PriceCharting
Team Rocket,Dark Golbat,7/82,1st Edition,PSA 8,2026-07-29,102.50,USD,eBay,unknown,FALSE,,,PSA 8 1st Edition Dark Golbat Holo #7 Team Rocket 2000 Pokemon WOTC NM-MT #7,https://www.ebay.es/itm/198514896264,PriceCharting
Team Rocket,Dark Golbat,7/82,1st Edition,PSA 8,2026-07-27,115.00,USD,eBay,best offer,TRUE,,,2000 Pokemon Dark Golbat 7/82 Team Rocket Holo 1st Edition PSA 8 7/82,https://www.ebay.es/itm/137493735430,PriceCharting
Team Rocket,Dark Golbat,7/82,1st Edition,PSA 8,2026-07-19,117.32,USD,eBay,unknown,FALSE,,,2000 POKEMON TEAM ROCKET FIRST EDITION #7/82 DARK GOLBAT HOLO RARE PSA 8 7/82,https://www.ebay.es/itm/206408437086,PriceCharting
Team Rocket,Dark Golbat,7/82,1st Edition,PSA 8,2026-07-17,125.00,USD,eBay,unknown,FALSE,,,Dark Golbat 7/82 1st Edition - Team Rocket PSA 8 - NM-MT Holo Pokemon Card 7/82,https://www.ebay.es/itm/800186095405,PriceCharting
Team Rocket,Dark Golbat,7/82,1st Edition,PSA 8,2026-07-16,121.30,USD,eBay,best offer,TRUE,,,Dark Golbat PSA 8 - 7/82 - Holo 1st Edition - Team Rocket - Pokemon,https://www.ebay.es/itm/227425682302,PriceCharting
Team Rocket,Dark Golbat,7/82,1st Edition,PSA 8,2026-07-04,99.00,USD,eBay,unknown,FALSE,,,DARK GOLBAT 2000 POKEMON TEAM ROCKET HOLO 1ST EDITION #7 PSA 8 Q5677 #7,https://www.ebay.es/itm/278127747736,PriceCharting
Team Rocket,Dark Golbat,7/82,1st Edition,PSA 8,2026-07-01,113.00,USD,eBay,best offer,TRUE,,,2000 Pokemon Dark Golbat 7/82 1st Edition Team Rocket Holo Rare PSA 8 NM-MT 7/82,https://www.ebay.es/itm/407020538225,PriceCharting
Team Rocket,Dark Golbat,7/82,1st Edition,PSA 8,2026-06-25,95.00,USD,eBay,unknown,FALSE,,,Pokemon 2000 Team Rocket Dark Golbat 7/82 1st Edition Holo PSA 8 English 7/82,https://www.ebay.es/itm/318470732179,PriceCharting
Team Rocket,Dark Golbat,7/82,1st Edition,PSA 9,2026-09-25,232.50,USD,eBay,unknown,FALSE,,,2000 Pokemon Team Rocket 1st Edition Dark Golbat Holo #7 WOTC PSA 9 MINT,https://www.ebay.es/itm/366675204213,PriceCharting
Team Rocket,Dark Golbat,7/82,1st Edition,PSA 9,2026-09-24,199.99,USD,eBay,unknown,FALSE,,,Pokemon 2000 Team Rocket Dark Golbat 7/82 Holo 1st Edition PSA 9 (w/ Swirl) #7,https://www.ebay.es/itm/336798580624,PriceCharting
Team Rocket,Dark Golbat,7/82,1st Edition,PSA 9,2026-09-24,180.00,USD,eBay,unknown,FALSE,,,Pokemon 2000 Team Rocket Dark Golbat 7/82 Holo 1st Edition PSA 9 7/82,https://www.ebay.es/itm/178500829123,PriceCharting
Team Rocket,Dark Golbat,7/82,1st Edition,PSA 9,2026-09-18,200.89,USD,eBay,unknown,FALSE,,,PSA 9 MINT Pokemon Dark Golbat Team Rocket Holo 1st Edition 7/82,https://www.ebay.es/itm/198500289587,PriceCharting
Team Rocket,Dark Golbat,7/82,1st Edition,PSA 9,2026-09-04,191.01,USD,eBay,unknown,FALSE,,,2000 Pokemon Team Rocket First Edition Dark Golbat Holo #7/82 PSA 9,https://www.ebay.es/itm/377456492157,PriceCharting
Team Rocket,Dark Golbat,7/82,1st Edition,PSA 9,2026-08-30,171.50,USD,eBay,unknown,FALSE,,,Pokemon Dark Golbat Holo Team Rocket 7 1st Edition PSA 9 Mint #7,https://www.ebay.es/itm/287538830688,PriceCharting
Team Rocket,Dark Golbat,7/82,1st Edition,PSA 9,2026-08-30,214.13,USD,eBay,unknown,FALSE,,,2000 Pokémon Team Rocket 1st Edition 7/82 Dark Golbat Holo PSA 9 BIG SWIRL 🌀 7/82,https://www.ebay.es/itm/188828517684,PriceCharting
Team Rocket,Dark Golbat,7/82,1st Edition,PSA 9,2026-08-19,220.00,USD,eBay,unknown,FALSE,,,2000 POKEMON TEAM ROCKET #7 DARK GOLBAT 1ST EDITION HOLO PSA 9 #7,https://www.ebay.es/itm/128031931054,PriceCharting
Team Rocket,Dark Golbat,7/82,1st Edition,PSA 9,2026-08-17,180.50,USD,eBay,unknown,FALSE,,,Pokemon Dark Golbat Holo Team Rocket 7 1st Edition PSA 9 Mint #7,https://www.ebay.es/itm/287511105081,PriceCharting
Team Rocket,Dark Golbat,7/82,1st Edition,PSA 9,2026-08-14,200.00,USD,eBay,best offer,TRUE,,,Swirl!! Pokémon Dark Golbat 2000 Team Rocket 1st Edition Holo English 7/82 PSA 9 7/82,https://www.ebay.es/itm/158151395933,PriceCharting
Team Rocket,Dark Golbat,7/82,1st Edition,PSA 9,2026-08-13,45.00,USD,eBay,unknown,FALSE,,,2000 Pokemon Team Rocket 1st Edition #7/82 Dark Golbat PSA 9 MINT,https://www.ebay.es/itm/800467250382,PriceCharting
Team Rocket,Dark Golbat,7/82,1st Edition,PSA 9,2026-07-25,125.00,USD,eBay,unknown,FALSE,,,Pokemon Dark Golbat Team Rocket 1st Edition Holo Rare #7 PSA 9 Mint #7,https://www.ebay.es/itm/287481632844,PriceCharting
Team Rocket,Dark Golbat,7/82,1st Edition,PSA 9,2026-07-15,170.00,USD,eBay,best offer,TRUE,,,PSA 9 MINT Dark Golbat 7 Team Rocket 1st Edition Holo Pokemon Card #7,https://www.ebay.es/itm/147407881542,PriceCharting
Team Rocket,Dark Golbat,7/82,1st Edition,PSA 9,2026-07-14,175.50,USD,eBay,unknown,FALSE,,,Dark Golbat 7/82 Pokemon Team Rocket Set 1st Edition Holo Card- MINT- PSA 9 #7,https://www.ebay.es/itm/188613020204,PriceCharting
Team Rocket,Dark Golbat,7/82,1st Edition,PSA 9,2026-06-14,175.00,USD,eBay,unknown,FALSE,,,Pokemon Dark Golbat Team Rocket 1st Edition Holo Rare #7 PSA 9 Mint,https://www.ebay.es/itm/287372420319,PriceCharting
Team Rocket,Dark Golbat,7/82,1st Edition,PSA 9,2026-06-12,294.92,USD,eBay,unknown,FALSE,,,Dark Golbat 7/82 1st Edition Holo Team Rocket Pokemon Card TCG Graded PSA 9 7/82,https://www.ebay.es/itm/206261540409,PriceCharting
Team Rocket,Dark Golbat,7/82,1st Edition,PSA 9,2026-06-07,225.00,USD,eBay,unknown,FALSE,,,2000 POKEMON TEAM ROCKET #7 DARK GOLBAT 1ST EDITION HOLO PSA 9 #7,https://www.ebay.es/itm/267687405956,PriceCharting
Team Rocket,Dark Golbat,7/82,1st Edition,PSA 9,2026-05-25,142.50,USD,eBay,unknown,FALSE,,,Pokemon Dark Golbat Team Rocket 1st Edition Holo Rare #7 PSA 9 Mint,https://www.ebay.es/itm/287331566046,PriceCharting
Team Rocket,Dark Golbat,7/82,1st Edition,PSA 9,2026-05-05,175.04,USD,eBay,unknown,FALSE,,,2000 Pokemon Team Rocket 1st Edition #7 Dark Golbat HOLO RARE PSA 9 MINT,https://www.ebay.es/itm/257493234968,PriceCharting
Team Rocket,Dark Golbat,7/82,1st Edition,PSA 10,2026-09-25,1800.00,USD,eBay,unknown,FALSE,,,2000 Pokémon Team Rocket 1st Edition Dark Golbat Holo #7/82 PSA 10 GEM MINT 7/82,https://www.ebay.es/itm/336811569103,PriceCharting
Team Rocket,Dark Golbat,7/82,1st Edition,PSA 10,2026-09-24,2800.00,USD,eBay,best offer,TRUE,,,Pokemon Dark Golbat Holo 7 1st Edition Team Rocket PSA 10 7/82,https://www.ebay.es/itm/298379510559,PriceCharting
Team Rocket,Dark Golbat,7/82,1st Edition,PSA 10,2026-08-26,1599.00,USD,eBay,unknown,FALSE,,,2000 POKEMON ROCKET 1ST EDITION #7 DARK GOLBAT-HOLO PSA 10 #7,https://www.ebay.es/itm/117349391787,PriceCharting
Team Rocket,Dark Golbat,7/82,1st Edition,PSA 10,2026-07-27,1550.88,USD,eBay,unknown,FALSE,,,Dark Golbat - 2000 Team Rocket #7 🔥 1st Edition HOLO PSA 10 🔥 Vintage Pokemon #7,https://www.ebay.es/itm/366552869334,PriceCharting
Team Rocket,Dark Golbat,7/82,1st Edition,PSA 10,2026-05-27,1780.00,USD,eBay,unknown,FALSE,,,Pokemon Team Rocket Dark Golbat 7/82 1st Edition Holo PSA 10 (2000) 7/82,https://www.ebay.es/itm/318345323430,PriceCharting
Team Rocket,Dark Golbat,7/82,1st Edition,PSA 10,2026-05-27,1587.93,USD,eBay,unknown,FALSE,,,Pokemon Cards PSA 10 GEM MT Dark Golbat 1st Edition Holo Team Rocket 7/82,https://www.ebay.es/itm/157925119303,PriceCharting
Team Rocket,Dark Golbat,7/82,1st Edition,PSA 10,2026-05-27,1761.00,USD,eBay,unknown,FALSE,,,2000 Pokemon Team Rocket First Edition Dark Golbat Holo #7/82 PSA 10 GEM MINT,https://www.ebay.es/itm/377201168553,PriceCharting
Team Rocket,Dark Golbat,7/82,1st Edition,PSA 10,2026-05-04,1725.00,USD,eBay,unknown,FALSE,,,Pokemon Dark Golbat Team Rocket 1st Edition Holo Rare #7 PSA 10 Gem Mint,https://www.ebay.es/itm/287292261796,PriceCharting
Team Rocket,Dark Golbat,7/82,1st Edition,PSA 10,2026-05-01,895.88,USD,eBay,unknown,FALSE,,,PSA 10 1st Edition Dark Golbat Holo 7/82 - 2000 Team Rocket Rare Pokemon,https://www.ebay.es/itm/336053484031,PriceCharting
Team Rocket,Dark Golbat,7/82,1st Edition,PSA 10,2026-03-31,3150.00,USD,eBay,best offer,TRUE,,,27823147 Dark Golbat 2000 Pokemon Team Rocket 1st Edition #7 Holo PSA 10 #Jul-82,https://www.ebay.es/itm/157762991867,PriceCharting
Team Rocket,Dark Golbat,7/82,1st Edition,PSA 10,2026-03-08,1780.00,USD,eBay,unknown,FALSE,,,Pokemon Dark Golbat Team Rocket 1st Edition Holo Rare #7 PSA 10 Gem Mint,https://www.ebay.es/itm/287166943037,PriceCharting
Team Rocket,Dark Golbat,7/82,1st Edition,PSA 10,2026-03-08,152.50,USD,eBay,unknown,FALSE,,,Pokemon Dark Golbat Team Rocket 1st Edition NON Holo Rare #7 PSA 10 Gem Mint,https://www.ebay.es/itm/287166943046,PriceCharting
Team Rocket,Dark Golbat,7/82,1st Edition,PSA 10,2026-02-09,1300.00,USD,eBay,best offer,TRUE,,,Pokemon Dark Golbat Holo 2000 Team Rocket 1st Edition #7 PSA 10 Gem Mint #7,https://www.ebay.es/itm/376859144888,PriceCharting
Team Rocket,Dark Golbat,7/82,1st Edition,PSA 10,2025-10-28,862.43,USD,eBay,unknown,FALSE,,,Pokemon Dark Golbat Holo 2000 Team Rocket 1st Edition #7 PSA 10 Gem Mint,https://www.ebay.es/itm/297686731333,PriceCharting
Team Rocket,Dark Golbat,7/82,1st Edition,PSA 10,2025-10-24,838.88,USD,eBay,best offer,TRUE,,,Pokemon Cards: Team Rocket 1st Edition Rare Holo: Dark Golbat 7/82 PSA 10 #7,https://www.ebay.es/itm/317201588163,PriceCharting
Team Rocket,Dark Golbat,7/82,1st Edition,PSA 10,2025-10-04,800.00,USD,eBay,unknown,FALSE,,,Pokemon Dark Golbat Team Rocket 1st Edition Holo Rare #7 PSA 10 Gem Mint #7,https://www.ebay.es/itm/167740009296,PriceCharting
Team Rocket,Dark Golbat,7/82,1st Edition,PSA 10,2025-09-12,730.25,USD,eBay,unknown,FALSE,,,2000 Pokemon Team Rocket 1st Edition Dark Golbat #7 PSA 10,https://www.ebay.es/itm/397001554296,PriceCharting
Team Rocket,Dark Golbat,7/82,1st Edition,PSA 10,2025-09-08,456.99,USD,eBay,unknown,FALSE,,,Pokemon Dark Golbat Team Rocket 1st Edition Holo Rare #7 PSA 10 Gem Mint,https://www.ebay.es/itm/286791337813,PriceCharting
Team Rocket,Dark Golbat,7/82,1st Edition,PSA 10,2025-09-05,514.72,USD,eBay,unknown,FALSE,,,2000 POKEMON TEAM ROCKET 1ST EDITION 7/82 DARK GOLBAT HOLO GEM MINT PSA 10,https://www.ebay.es/itm/205696029321,PriceCharting
Team Rocket,Dark Golbat,7/82,1st Edition,PSA 10,2025-07-21,680.00,USD,eBay,unknown,FALSE,,,Pokemon Dark Golbat Team Rocket 1st Edition Holo Rare #7 PSA 10 Gem Mint,https://www.ebay.es/itm/286700493714,PriceCharting
Team Rocket,Dark Golbat,7/82,1st Edition,PSA 10,2025-05-26,495.00,USD,eBay,unknown,FALSE,,,Pokemon Dark Golbat Team Rocket 1st Edition Holo Rare #7 PSA 10 Gem Mint,https://www.ebay.es/itm/286572052669,PriceCharting
Team Rocket,Dark Golbat,7/82,1st Edition,PSA 10,2025-01-28,599.99,USD,eBay,unknown,FALSE,,,PSA 10 2000 Pokemon 1st Edition Team Rocket Dark Golbat #7 Holo,https://www.ebay.es/itm/265431891181,PriceCharting
Team Rocket,Dark Golbat,7/82,1st Edition,PSA 10,2025-01-26,425.35,USD,eBay,unknown,FALSE,,,2000 Pokémon Team Rocket 1st Edition #7 Dark Golbat Holo PSA 10 GEM MINT,https://www.ebay.es/itm/224384625471,PriceCharting
Team Rocket,Dark Golbat,7/82,1st Edition,PSA 10,2025-01-20,394.99,USD,eBay,unknown,FALSE,,,PSA 10 - Dark Golbat - #7 - 1st Edition - Holo - Team Rocket - Pokemon Card #7,https://www.ebay.es/itm/196435277656,PriceCharting
Team Rocket,Dark Golbat,7/82,1st Edition,PSA 10,2024-11-30,378.74,USD,eBay,unknown,FALSE,,,Pokemon TCG Dark Golbat Holo 1st Edition PSA 10 7/82 Team Rocket #7,https://www.ebay.es/itm/166025738844,PriceCharting
Team Rocket,Dark Golbat,7/82,1st Edition,PSA 10,2024-09-24,350.00,USD,eBay,unknown,FALSE,,,2000 Pokémon Team Rocket First Edition Holo Rare Dark Golbat 7/82 PSA 10 Swirl 7/82,https://www.ebay.es/itm/395680096307,PriceCharting
Team Rocket,Dark Golbat,7/82,1st Edition,PSA 10,2024-09-17,405.00,USD,eBay,unknown,FALSE,,,2000 Pokémon Team Rocket First Edition Holo Rare Dark Golbat 7/82 PSA 10 7/82,https://www.ebay.es/itm/156382389043,PriceCharting
Team Rocket,Dark Golbat,7/82,1st Edition,PSA 10,2024-09-01,295.71,USD,eBay,unknown,FALSE,,,1st Edition Dark Golbat Holo | 7/82 | PSA 10 | Team Rocket | Pokemon Card,https://www.ebay.es/itm/166936897989,PriceCharting
Team Rocket,Dark Golbat,7/82,1st Edition,PSA 10,2024-08-28,305.00,USD,eBay,unknown,FALSE,,,2000 Pokemon Team Rocket 1st Edition #7 Dark Golbat Holo PSA 10 GEM MINT,https://www.ebay.es/itm/375602723744,PriceCharting
Team Rocket,Dark Golbat,7/82,Unlimited,PSA 8,2026-09-26,94.95,USD,eBay,unknown,FALSE,,,Dark Golbat 7/82 Pokemon Team Rocket Unlimited Holo Rare Vintage - PSA 8 🔥 7/82,https://www.ebay.es/itm/178517489363,PriceCharting
Team Rocket,Dark Golbat,7/82,Unlimited,PSA 8,2026-09-16,85.00,USD,eBay,best offer,TRUE,,,2000 DARK GOLBAT HOLO RARE TEAM ROCKET POKEMON TCG PSA 8 NM-MINT #7/82 7/82,https://www.ebay.es/itm/278160523372,PriceCharting
Team Rocket,Dark Golbat,7/82,Unlimited,PSA 8,2026-09-14,85.00,USD,eBay,unknown,FALSE,,,Pokémon PSA 8 2000 Team Rocket Dark Golbat 7/82 Holo ENG WOTC 7/82,https://www.ebay.es/itm/178414039536,PriceCharting
Team Rocket,Dark Golbat,7/82,Unlimited,PSA 8,2026-08-31,95.00,USD,eBay,unknown,FALSE,,,Dark Golbat Holo 7/82 PSA 8 - 2000 Pokemon Team Rocket 7/82,https://www.ebay.es/itm/820043434802,PriceCharting
Team Rocket,Dark Golbat,7/82,Unlimited,PSA 8,2026-06-28,72.10,USD,eBay,best offer,TRUE,,,NM-MINT HOLO RARE VINTAGE Dark Golbat! PSA 8! 2000 Pokémon Team Rocket #7/82 7/82,https://www.ebay.es/itm/197620898395,PriceCharting
Team Rocket,Dark Golbat,7/82,Unlimited,PSA 8,2026-06-15,85.00,USD,eBay,unknown,FALSE,,,2000 Pokemon Dark Golbat 7/82 Team Rocket Holo PSA 8 7/82,https://www.ebay.es/itm/318309548603,PriceCharting
Team Rocket,Dark Golbat,7/82,Unlimited,PSA 8,2026-05-13,79.70,USD,eBay,unknown,FALSE,,,NM-MINT HOLO RARE VINTAGE Dark Golbat! PSA 8! 2000 Pokémon Team Rocket #7/82,https://www.ebay.es/itm/358417482417,PriceCharting
Team Rocket,Dark Golbat,7/82,Unlimited,PSA 8,2026-04-25,50.00,USD,eBay,best offer,TRUE,,,Pokémon Dark Golbat 7/82 Team Rocket Holo Rare PSA 8 50HP Unlimited 7/82,https://www.ebay.es/itm/206218340800,PriceCharting
Team Rocket,Dark Golbat,7/82,Unlimited,PSA 8,2026-04-05,51.00,USD,eBay,unknown,FALSE,,,NM-MINT HOLO RARE VINTAGE Dark Golbat! PSA 8 2000 Pokémon Team Rocket #7/82 7/82,https://www.ebay.es/itm/117115490226,PriceCharting
Team Rocket,Dark Golbat,7/82,Unlimited,PSA 8,2026-03-29,75.69,USD,eBay,unknown,FALSE,,,NM-MINT HOLO RARE VINTAGE Dark Golbat! PSA 8! 2000 Pokémon Team Rocket #7/82 7/82,https://www.ebay.es/itm/136717546515,PriceCharting
Team Rocket,Dark Golbat,7/82,Unlimited,PSA 8,2026-02-27,69.00,USD,eBay,unknown,FALSE,,,2000 Pokemon Team Rocket Dark Golbat Holo #7/82 PSA 8 7/82,https://www.ebay.es/itm/317881102773,PriceCharting
Team Rocket,Dark Golbat,7/82,Unlimited,PSA 8,2026-02-21,85.95,USD,eBay,unknown,FALSE,,,Pokemon Team Rocket Dark Golbat 7/82 PSA 8,https://www.ebay.es/itm/336372056162,PriceCharting
Team Rocket,Dark Golbat,7/82,Unlimited,PSA 9,2026-09-24,125.75,USD,eBay,unknown,FALSE,,,PSA 9 2000 Pokemon Dark Golbat 7/82 Holo Rare Team Rocket Unlimited EN 7/82,https://www.ebay.es/itm/407241929733,PriceCharting
Team Rocket,Dark Golbat,7/82,Unlimited,PSA 9,2026-09-07,124.99,USD,eBay,unknown,FALSE,,,2000 Pokemon Team Rocket - Dark Golbat Holo - 7/82 - PSA 9 Mint 7/82,https://www.ebay.es/itm/287566420775,PriceCharting
Team Rocket,Dark Golbat,7/82,Unlimited,PSA 9,2026-09-01,125.00,USD,eBay,unknown,FALSE,,,Pokemon Team Rocket Dark Golbat Holo Rare 07/82 PSA 9 2000 English Unlimited 7/82,https://www.ebay.es/itm/227396614037,PriceCharting
Team Rocket,Dark Golbat,7/82,Unlimited,PSA 9,2026-08-19,89.00,USD,eBay,unknown,FALSE,,,Pokemon Team Rocket Dark Golbat Holo PSA 9 7/82,https://www.ebay.es/itm/147511949405,PriceCharting
Team Rocket,Dark Golbat,7/82,Unlimited,PSA 9,2026-08-11,88.00,USD,eBay,unknown,FALSE,,,DARK GOLBAT 2000 POKEMON TEAM ROCKET HOLO #7/82 PSA 9 Q7217-2 #7,https://www.ebay.es/itm/278244027772,PriceCharting
Team Rocket,Dark Golbat,7/82,Unlimited,PSA 9,2026-06-23,127.50,USD,eBay,unknown,FALSE,,,Dark Golbat 7/82 Pokemon Team Rocket with SWIRL 🌀 PSA 9 7/82,https://www.ebay.es/itm/398078096457,PriceCharting
Team Rocket,Dark Golbat,7/82,Unlimited,PSA 9,2026-05-20,139.95,USD,eBay,unknown,FALSE,,,"Pokémon Card Dark Golbat Holo Rare PSA 9 Mint, Team Rocket 7/82, WOTC 2000 7/82",https://www.ebay.es/itm/114606088218,PriceCharting
Team Rocket,Dark Golbat,7/82,Unlimited,PSA 9,2026-03-05,86.00,USD,eBay,unknown,FALSE,,,Pokémon TCG Dark Golbat Holo Rare Team Rocket 7/82 2000 Unlimited PSA 9 7/82,https://www.ebay.es/itm/397655549103,PriceCharting
Team Rocket,Dark Golbat,7/82,Unlimited,PSA 9,2026-01-26,66.00,USD,eBay,unknown,FALSE,,,Pokemon Dark Golbat Team Rocket Unlimited Holo Rare #7 PSA 9 Mint,https://www.ebay.es/itm/287073037742,PriceCharting
Team Rocket,Dark Golbat,7/82,Unlimited,PSA 9,2025-11-17,53.00,USD,eBay,unknown,FALSE,,,Pokemon Dark Golbat Team Rocket Unlimited Holo Rare #7 PSA 9 Mint,https://www.ebay.es/itm/286921881212,PriceCharting
Team Rocket,Dark Golbat,7/82,Unlimited,PSA 9,2025-11-15,76.29,USD,eBay,best offer,TRUE,,,Pokemon – Team Rocket – Dark Golbat Holo - 2000 - 7/82 - PSA 9 – Mint,https://www.ebay.es/itm/177534319783,PriceCharting
Team Rocket,Dark Golbat,7/82,Unlimited,PSA 9,2025-11-09,51.00,USD,eBay,best offer,TRUE,,,PSA 9 MINT Dark Golbat 2000 Team Rocket 7/82 Holo Pokemon Card 7/82,https://www.ebay.es/itm/167914756932,PriceCharting
Team Rocket,Dark Golbat,7/82,Unlimited,PSA 10,2025-09-18,310.00,USD,eBay,unknown,FALSE,,,Pokemon Dark Golbat Team Rocket Holo Rare #7 PSA 10 Gem Mint #7,https://www.ebay.es/itm/376557855351,PriceCharting
Team Rocket,Dark Golbat,7/82,Unlimited,PSA 10,2025-04-17,250.00,USD,eBay,unknown,FALSE,,,PSA 10 Dark Golbat Team Rocket Holo Rare #7 Pokemon Unlimited 2000 GEM MINT #7,https://www.ebay.es/itm/396483242464,PriceCharting
Team Rocket,Dark Golbat,7/82,Unlimited,PSA 10,2023-12-12,202.50,USD,eBay,unknown,FALSE,,,PSA 10 GEM MINT Dark Golbat 2000 Team Rocket #7/82 HOLO Graded Pokemon Card,https://www.ebay.es/itm/276210789427,PriceCharting
Team Rocket,Dark Golbat,7/82,Unlimited,PSA 10,2023-12-03,110.65,USD,eBay,unknown,FALSE,,,Pokemon Dark Golbat Team Rocket 7/82 Holo PSA 10 2000,https://www.ebay.es/itm/395018348845,PriceCharting
Team Rocket,Dark Gyarados,8/82,1st Edition,PSA 8,2026-09-18,259.96,USD,eBay,unknown,FALSE,,,2000 Pokemon Team Rocket Dark Gyarados Holo 1st Edition #8 PSA 8 #8,https://www.ebay.es/itm/287585863323,PriceCharting
Team Rocket,Dark Gyarados,8/82,1st Edition,PSA 8,2026-09-06,303.53,USD,eBay,unknown,FALSE,,,2000 POKEMON TEAM ROCKET FIRST EDITION #8/82 DARK GYARADOS HOLO RARE PSA 8 8/82,https://www.ebay.es/itm/206522078967,PriceCharting
Team Rocket,Dark Gyarados,8/82,1st Edition,PSA 8,2026-08-14,261.00,USD,eBay,unknown,FALSE,,,2000 Pokemon Team Rocket Dark Gyarados Holo 1st Edition #8 PSA 8,https://www.ebay.es/itm/407125667130,PriceCharting
Team Rocket,Dark Gyarados,8/82,1st Edition,PSA 8,2026-07-27,290.00,USD,eBay,best offer,TRUE,,,2000 POKEMON TEAM ROCKET FIRST EDITION #8/82 DARK GYARADOS HOLO RARE PSA 8 #82,https://www.ebay.es/itm/257643833401,PriceCharting
Team Rocket,Dark Gyarados,8/82,1st Edition,PSA 8,2026-07-19,256.03,USD,eBay,unknown,FALSE,,,2000 POKEMON TEAM ROCKET FIRST EDITION #8/82 DARK GYARADOS HOLO RARE PSA 8 8/82,https://www.ebay.es/itm/206408436662,PriceCharting
Team Rocket,Dark Gyarados,8/82,1st Edition,PSA 8,2026-07-15,300.00,USD,eBay,best offer,TRUE,,,PSA 8 NM-MT Dark Gyarados 8/82 1st Edition Team Rocket Holo Rare Pokemon Card 8/82,https://www.ebay.es/itm/366462669398,PriceCharting
Team Rocket,Dark Gyarados,8/82,1st Edition,PSA 8,2026-07-14,221.00,USD,eBay,best offer,TRUE,,,2000 Pokémon Team Rocket 1st Edition Dark Gyarados Holo #8 PSA 8 WOTC #8,https://www.ebay.es/itm/206411126465,PriceCharting
Team Rocket,Dark Gyarados,8/82,1st Edition,PSA 8,2026-07-11,300.00,USD,eBay,best offer,TRUE,,,2000 Pokémon Dark Gyarados Team Rocket 1st Edition Holo RARE PSA 8 GORGEOUS! 🔥 8/82,https://www.ebay.es/itm/236928169715,PriceCharting
Team Rocket,Dark Gyarados,8/82,1st Edition,PSA 8,2026-07-06,255.00,USD,eBay,unknown,FALSE,,,PSA 8 Dark Gyarados 8/82 1st Edition Team Rocket Holo Swirl🌀Pokemon Newest Cert 8/82,https://www.ebay.es/itm/398132624218,PriceCharting
Team Rocket,Dark Gyarados,8/82,1st Edition,PSA 8,2026-06-30,275.00,USD,eBay,best offer,TRUE,,,Pokemon Dark Gyarados Holo Team Rocket 8 1st Edition PSA 8 #8,https://www.ebay.es/itm/318522380529,PriceCharting
Team Rocket,Dark Gyarados,8/82,1st Edition,PSA 8,2026-06-28,250.50,USD,eBay,unknown,FALSE,,,Pokemon Dark Gyarados Holo Team Rocket 8 1st Edition PSA 8 #8,https://www.ebay.es/itm/287401743628,PriceCharting
Team Rocket,Dark Gyarados,8/82,1st Edition,PSA 8,2026-06-10,375.00,USD,eBay,unknown,FALSE,,,🌈Dark Gyarados 1st Edition Pokémon Team Rocket 8/82 Holo RARE 🦄 PSA 8 8/82,https://www.ebay.es/itm/167114609225,PriceCharting
Team Rocket,Dark Gyarados,8/82,1st Edition,PSA 8,2026-06-08,270.00,USD,eBay,best offer,TRUE,,,PSA 8 NM-MT Dark Gyarados 8/82 1st Edition Team Rocket Holo Rare Pokemon Card 8/82,https://www.ebay.es/itm/398020052406,PriceCharting
Team Rocket,Dark Gyarados,8/82,1st Edition,PSA 8,2026-05-23,200.00,USD,eBay,unknown,FALSE,,,2000 POKEMON TEAM ROCKET #8 DARK GYARADOS 1st Edition HOLO PSA 8 8/82,https://www.ebay.es/itm/358570350628,PriceCharting
Team Rocket,Dark Gyarados,8/82,1st Edition,PSA 8,2026-05-18,200.00,USD,eBay,unknown,FALSE,,,2000 POKEMON TEAM ROCKET #8 DARK GYARADOS 1st Edition HOLO PSA 8 8/82,https://www.ebay.es/itm/358570102813,PriceCharting
Team Rocket,Dark Gyarados,8/82,1st Edition,PSA 8,2026-05-18,200.00,USD,eBay,unknown,FALSE,,,2000 POKEMON TEAM ROCKET #8 DARK GYARADOS 1st Edition HOLO PSA 8 8/82,https://www.ebay.es/itm/358570058120,PriceCharting
Team Rocket,Dark Gyarados,8/82,1st Edition,PSA 8,2026-05-17,260.00,USD,eBay,best offer,TRUE,,,Pokémon Dark Gyarados 8/82 Team Rocket 1st Edition Holo Rare PSA 8 2000 8/82,https://www.ebay.es/itm/327155138257,PriceCharting
Team Rocket,Dark Gyarados,8/82,1st Edition,PSA 8,2026-05-12,220.00,USD,eBay,best offer,TRUE,,,Pokémon Dark Gyarados 8/82 Team Rocket Holo Rare 1st Edition PSA 8 2000 8/82,https://www.ebay.es/itm/236806948112,PriceCharting
Team Rocket,Dark Gyarados,8/82,1st Edition,PSA 8,2026-04-26,123.50,USD,eBay,unknown,FALSE,,,Pokemon Dark Gyarados Team Rocket 1st Edition Holo Rare #8 PSA 8,https://www.ebay.es/itm/287278252352,PriceCharting
Team Rocket,Dark Gyarados,8/82,1st Edition,PSA 9,2026-09-21,561.00,USD,eBay,unknown,FALSE,,,Pokemon Dark Gyarados Holo Team Rocket 8 1st Edition PSA 9 Mint #8,https://www.ebay.es/itm/287575937949,PriceCharting
Team Rocket,Dark Gyarados,8/82,1st Edition,PSA 9,2026-09-13,536.00,USD,eBay,unknown,FALSE,,,Pokemon Dark Gyarados Holo Team Rocket 8 1st Edition PSA 9 Mint #8,https://www.ebay.es/itm/287565598197,PriceCharting
Team Rocket,Dark Gyarados,8/82,1st Edition,PSA 9,2026-09-11,461.00,USD,eBay,best offer,TRUE,,,2000 Pokemon Dark Gyarados 8/82 Holo Team Rocket 1st Edition PSA 9 #8 Low Pop #8,https://www.ebay.es/itm/227514469075,PriceCharting
Team Rocket,Dark Gyarados,8/82,1st Edition,PSA 9,2026-08-31,581.73,USD,eBay,unknown,FALSE,,,Pokémon Dark Gyarados 8/82 Team Rocket 1st Edition Holo Rare PSA 9 Mint!,https://www.ebay.es/itm/117349035155,PriceCharting
Team Rocket,Dark Gyarados,8/82,1st Edition,PSA 9,2026-08-31,575.00,USD,eBay,best offer,TRUE,,,Pokemon Dark Gyarados Holo 1st Edition 2000 #8 Team Rocket PSA 9 #8,https://www.ebay.es/itm/307150330371,PriceCharting
Team Rocket,Dark Gyarados,8/82,1st Edition,PSA 9,2026-08-31,724.96,USD,eBay,unknown,FALSE,,,2000 Pokemon Dark Gyarados 8/82 Holo Team Rocket 1st Edition PSA 9 #8 Low Pop #8,https://www.ebay.es/itm/128028865322,PriceCharting
Team Rocket,Dark Gyarados,8/82,1st Edition,PSA 9,2026-08-17,516.00,USD,eBay,unknown,FALSE,,,Pokemon Dark Gyarados Holo Team Rocket 8 1st Edition PSA 9 Mint #8,https://www.ebay.es/itm/287511103212,PriceCharting
Team Rocket,Dark Gyarados,8/82,1st Edition,PSA 9,2026-08-09,611.94,USD,eBay,unknown,FALSE,,,PSA 9 MINT Pokemon Dark Gyarados Team Rocket Holo 1st Edition 8/82,https://www.ebay.es/itm/198500289391,PriceCharting
Team Rocket,Dark Gyarados,8/82,1st Edition,PSA 9,2026-08-05,450.00,USD,eBay,unknown,FALSE,,,Pokemon Dark Gyarados 8/82 Holo Team Rocket 1st Edition PSA 9 Mint #8,https://www.ebay.es/itm/206458357311,PriceCharting
Team Rocket,Dark Gyarados,8/82,1st Edition,PSA 9,2026-07-27,558.01,USD,eBay,best offer,TRUE,,,Pokemon Dark Gyarados 8/82 Holo Team Rocket 1st Edition PSA 9 Mint #8,https://www.ebay.es/itm/227450233267,PriceCharting
Team Rocket,Dark Gyarados,8/82,1st Edition,PSA 9,2026-07-24,579.00,USD,eBay,unknown,FALSE,,,2000 POKEMON TEAM ROCKET DARK GYARADOS #8/82 1ST EDITION RARE HOLO FOIL PSA 9 8/82,https://www.ebay.es/itm/358792081656,PriceCharting
Team Rocket,Dark Gyarados,8/82,1st Edition,PSA 9,2026-07-22,533.00,USD,eBay,best offer,TRUE,,,Pokemon Dark Gyarados 8/82 Holo Team Rocket 1st Edition PSA 9 Mint #8,https://www.ebay.es/itm/227440889512,PriceCharting
Team Rocket,Dark Gyarados,8/82,1st Edition,PSA 9,2026-07-19,481.00,USD,eBay,unknown,FALSE,,,Pokemon Dark Gyarados Holo Team Rocket 8 1st Edition PSA 9 Mint #8,https://www.ebay.es/itm/287450314969,PriceCharting
Team Rocket,Dark Gyarados,8/82,1st Edition,PSA 9,2026-07-14,445.00,USD,eBay,best offer,TRUE,,,Pokemon 2000 Team Rocket Dark Gyarados 1st Edition Holo 8/82 PSA 9 English 8/82,https://www.ebay.es/itm/278174633212,PriceCharting
Team Rocket,Dark Gyarados,8/82,1st Edition,PSA 10,2026-09-18,5500.00,USD,eBay,unknown,FALSE,,,Pokemon Dark Gyarados Holo Team Rocket 8 1st Edition PSA 10 Gem Mint #8,https://www.ebay.es/itm/377488995525,PriceCharting
Team Rocket,Dark Gyarados,8/82,1st Edition,PSA 10,2026-09-16,5000.00,USD,eBay,unknown,FALSE,,,2000 POKEMON ROCKET 1ST ED #8 DARK GYARADOS-HOLO PSA 10 #8,https://www.ebay.es/itm/297634466846,PriceCharting
Team Rocket,Dark Gyarados,8/82,1st Edition,PSA 10,2026-09-15,4100.00,USD,eBay,unknown,FALSE,,,Pokemon Dark Gyarados Holo Team Rocket 8 1st Edition PSA 10 Gem Mint #8,https://www.ebay.es/itm/128069279356,PriceCharting
Team Rocket,Dark Gyarados,8/82,1st Edition,PSA 10,2026-09-13,4000.00,USD,eBay,best offer,TRUE,,,Pokemon Dark Gyarados Holo #8 Team Rocket 1st Edition English Gem Mint PSA 10 #8,https://www.ebay.es/itm/298659593675,PriceCharting
Team Rocket,Dark Gyarados,8/82,1st Edition,PSA 10,2026-08-24,4700.69,USD,eBay,unknown,FALSE,,,Pokemon Team Rocket Dark Gyarados Holo (Swirl) 1st Edition #8 PSA 10 8/82,https://www.ebay.es/itm/267757463789,PriceCharting
Team Rocket,Dark Gyarados,8/82,1st Edition,PSA 10,2026-08-02,4000.00,USD,eBay,unknown,FALSE,,,2000 POKEMON ROCKET 1ST EDITION #8 DARK GYARADOS-HOLO PSA 10 #8,https://www.ebay.es/itm/298485508875,PriceCharting
Team Rocket,Dark Gyarados,8/82,1st Edition,PSA 10,2026-07-10,4000.00,USD,eBay,unknown,FALSE,,,PSA 10 GEM MINT Dark Gyarados 8/82 HOLO Team Rocket 1ST EDITION Pokemon Card 8/82,https://www.ebay.es/itm/358515046102,PriceCharting
Team Rocket,Dark Gyarados,8/82,1st Edition,PSA 10,2026-05-18,3550.00,USD,eBay,unknown,FALSE,,,Pokemon Dark Gyarados Team Rocket 1st Edition Holo Rare #8 PSA 10 Gem Mint,https://www.ebay.es/itm/287318134229,PriceCharting
Team Rocket,Dark Gyarados,8/82,1st Edition,PSA 10,2026-05-03,3449.00,USD,eBay,unknown,FALSE,,,2000 Pokemon Team Rocket 1st Edition DARK GYARADOS Holo Rare Foil 8/82 PSA 10 8/82,https://www.ebay.es/itm/306891767417,PriceCharting
Team Rocket,Dark Gyarados,8/82,1st Edition,PSA 10,2026-04-29,5187.88,USD,eBay,best offer,TRUE,,,2000 Pokémon Dark Gyarados Holo 1st Edition 8/82 PSA 10 (Team Rocket) GEM MINT 8/82,https://www.ebay.es/itm/127668832651,PriceCharting
Team Rocket,Dark Gyarados,8/82,1st Edition,PSA 10,2026-04-09,4999.99,USD,eBay,unknown,FALSE,,,PSA 10 GEM MINT Dark Gyarados 8/82 HOLO Team Rocket 1ST EDITION Pokemon Card,https://www.ebay.es/itm/267621880279,PriceCharting
Team Rocket,Dark Gyarados,8/82,1st Edition,PSA 10,2026-03-22,560.00,USD,eBay,unknown,FALSE,,,Pokemon Dark Gyarados Team Rocket 1st Edition NON Holo Rare #8 PSA 10 Gem Mint,https://www.ebay.es/itm/287204738854,PriceCharting
Team Rocket,Dark Gyarados,8/82,1st Edition,PSA 10,2026-03-22,3999.95,USD,eBay,unknown,FALSE,,,PSA 10 1st Edition Dark Gyarados 8/82 Team Rocket Pokemon 2000 8/82,https://www.ebay.es/itm/177867409350,PriceCharting
Team Rocket,Dark Gyarados,8/82,1st Edition,PSA 10,2026-03-16,3200.00,USD,eBay,best offer,TRUE,,,2000 Pokémon Dark Gyarados Holo 1st Edition 8/82 PSA 10 (Team Rocket) GEM MINT 8/82,https://www.ebay.es/itm/336482749112,PriceCharting
Team Rocket,Dark Gyarados,8/82,1st Edition,PSA 10,2026-03-16,3999.99,USD,eBay,unknown,FALSE,,,Pokemon Dark Gyarados Team Rocket 1st Edition Holo Rare #8 PSA 10 SWIRL🌀 #8,https://www.ebay.es/itm/287171566275,PriceCharting
Team Rocket,Dark Gyarados,8/82,1st Edition,PSA 10,2026-03-16,4420.00,USD,eBay,unknown,FALSE,,,Pokemon Dark Gyarados Team Rocket 1st Edition Holo Rare #8 PSA 10 Gem Mint,https://www.ebay.es/itm/287182386043,PriceCharting
Team Rocket,Dark Gyarados,8/82,1st Edition,PSA 10,2026-03-12,3936.19,USD,eBay,unknown,FALSE,,,2000 Pokémon Dark Gyarados Holo 1st Edition 8/82 PSA 10 (Team Rocket) GEM MINT 8/82,https://www.ebay.es/itm/227220065647,PriceCharting
Team Rocket,Dark Gyarados,8/82,1st Edition,PSA 10,2026-03-08,590.00,USD,eBay,unknown,FALSE,,,Pokemon Dark Gyarados Team Rocket 1st Edition NON Holo Rare #8 PSA 10 Gem Mint,https://www.ebay.es/itm/287166943029,PriceCharting
Team Rocket,Dark Gyarados,8/82,1st Edition,PSA 10,2026-02-21,3000.00,USD,eBay,unknown,FALSE,,,Pokemon Dark Gyarados Team Rocket 1st Edition Holo Rare #8 PSA 10 Gem Mint,https://www.ebay.es/itm/287148715007,PriceCharting
Team Rocket,Dark Gyarados,8/82,1st Edition,PSA 10,2026-01-26,2275.00,USD,eBay,unknown,FALSE,,,Pokémon Dark Gyarados 1st Edition Team Rocket Holo #8 PSA 10 English 8/82,https://www.ebay.es/itm/147097458718,PriceCharting
Team Rocket,Dark Gyarados,8/82,1st Edition,PSA 10,2026-01-09,2000.00,USD,eBay,unknown,FALSE,,,Pokemon Dark Gyarados Team Rocket 1st Edition Holo Rare #8 PSA 10 Gem Mint,https://www.ebay.es/itm/326947728375,PriceCharting
Team Rocket,Dark Gyarados,8/82,1st Edition,PSA 10,2026-01-07,2004.23,USD,eBay,unknown,FALSE,,,PSA 10 1st Edition Dark Gyarados Holo 8/82 - 2000 Team Rocket Rare Pokemon,https://www.ebay.es/itm/336053482628,PriceCharting
Team Rocket,Dark Gyarados,8/82,1st Edition,PSA 10,2025-12-22,1800.00,USD,eBay,unknown,FALSE,,,Pokemon Dark Gyarados Team Rocket 1st Edition Holo Rare #8 PSA 10 Gem Mint,https://www.ebay.es/itm/286958867194,PriceCharting
Team Rocket,Dark Gyarados,8/82,1st Edition,PSA 10,2025-12-15,1850.00,USD,eBay,unknown,FALSE,,,Pokemon Dark Gyarados Team Rocket 1st Edition Holo Rare #8 PSA 10 Gem Mint,https://www.ebay.es/itm/286991076032,PriceCharting
Team Rocket,Dark Gyarados,8/82,1st Edition,PSA 10,2025-11-25,1986.07,USD,eBay,best offer,TRUE,,,2000 Pokémon Dark Gyarados Holo 1st Edition 8/82 PSA 10 (Team Rocket) GEM MINT 8/82,https://www.ebay.es/itm/197697610985,PriceCharting
Team Rocket,Dark Gyarados,8/82,1st Edition,PSA 10,2025-11-02,1755.13,USD,eBay,unknown,FALSE,,,Pokemon Cards - PSA 10 1st Edition Dark Gyarados 8/82 - Team Rocket - GEM MT 8/82,https://www.ebay.es/itm/286892841961,PriceCharting
Team Rocket,Dark Gyarados,8/82,1st Edition,PSA 10,2025-10-12,1875.00,USD,eBay,unknown,FALSE,,,2000 Pokémon Dark Gyarados Holo 1st Edition 8/82 PSA 10 (Team Rocket) #8,https://www.ebay.es/itm/197748436102,PriceCharting
Team Rocket,Dark Gyarados,8/82,1st Edition,PSA 10,2025-09-02,1750.00,USD,eBay,unknown,FALSE,,,Pokemon Dark Gyarados Team Rocket 1st Edition Holo Rare #8 PSA 10 Gem Mint #8,https://www.ebay.es/itm/167740027903,PriceCharting
Team Rocket,Dark Gyarados,8/82,Unlimited,PSA 8,2026-09-27,91.00,USD,eBay,unknown,FALSE,,,Pokemon Dark Gyarados Holo Team Rocket 8 PSA 8 #8,https://www.ebay.es/itm/287594621982,PriceCharting
Team Rocket,Dark Gyarados,8/82,Unlimited,PSA 8,2026-09-04,94.24,USD,eBay,best offer,TRUE,,,2000 Pokemon Team Rocket #08/82 Dark Gyarados Holo PSA 8 8/82,https://www.ebay.es/itm/398345259242,PriceCharting
Team Rocket,Dark Gyarados,8/82,Unlimited,PSA 8,2026-09-03,90.00,USD,eBay,best offer,TRUE,,,Nintendo Pokemon TCG Dark Gyarados 8/82 Team Rocket Holo Rare Unlimited PSA 8 8/82,https://www.ebay.es/itm/198535317353,PriceCharting
Team Rocket,Dark Gyarados,8/82,Unlimited,PSA 8,2026-08-05,110.00,USD,eBay,unknown,FALSE,,,Nintendo Pokemon TCG Dark Gyarados 8/82 Team Rocket Holo Rare Unlimited PSA 8 8/82,https://www.ebay.es/itm/407100787512,PriceCharting
Team Rocket,Dark Gyarados,8/82,Unlimited,PSA 8,2026-08-04,110.00,USD,eBay,best offer,TRUE,,,1999 Pokemon Team Rocket Dark Gyarados #8 PSA 8 Mouth Swirl 🌀 #8,https://www.ebay.es/itm/257659768223,PriceCharting
Team Rocket,Dark Gyarados,8/82,Unlimited,PSA 8,2026-07-16,120.00,USD,eBay,unknown,FALSE,,,Graded Vintage Pokemon - Dark Gyarados 8/82 Team Rocket Holo - PSA 8 8/82,https://www.ebay.es/itm/318540368839,PriceCharting
Team Rocket,Dark Gyarados,8/82,Unlimited,PSA 8,2026-07-07,128.99,USD,eBay,best offer,TRUE,,,2000 DARK GYARADOS HOLO RARE TEAM ROCKET POKEMON TCG PSA 8 NM-MINT #8/82 8/82,https://www.ebay.es/itm/278160525135,PriceCharting
Team Rocket,Dark Gyarados,8/82,Unlimited,PSA 8,2026-07-01,135.00,USD,eBay,best offer,TRUE,,,Pokemon TCG - Dark Gyarados 8/82 Team Rocket Holo Rare - PSA 8 NM/MT 8/82,https://www.ebay.es/itm/398107396155,PriceCharting
Team Rocket,Dark Gyarados,8/82,Unlimited,PSA 8,2026-07-01,111.04,USD,eBay,unknown,FALSE,,,Dark Gyarados Holo 8/82 Pokemon Team Rocket PSA 8,https://www.ebay.es/itm/147360921177,PriceCharting
Team Rocket,Dark Gyarados,8/82,Unlimited,PSA 8,2026-06-28,81.72,USD,eBay,unknown,FALSE,,,Pokemon TCG - Dark Gyarados 8/82 Team Rocket Holo Rare - PSA 8 NM/MT 8/82,https://www.ebay.es/itm/168475452155,PriceCharting
Team Rocket,Dark Gyarados,8/82,Unlimited,PSA 8,2026-06-26,113.35,USD,eBay,best offer,TRUE,,,Pokemon Dark Gyarados 8/82 TCG Team Rocket Holo Card PSA 8 8/82,https://www.ebay.es/itm/206373949399,PriceCharting
Team Rocket,Dark Gyarados,8/82,Unlimited,PSA 8,2026-06-24,89.80,USD,eBay,unknown,FALSE,,,Pokemon TCG - Dark Gyarados 8/82 Team Rocket Holo Rare - PSA 8 NM/MT 8/82,https://www.ebay.es/itm/168441076060,PriceCharting
Team Rocket,Dark Gyarados,8/82,Unlimited,PSA 8,2026-06-22,81.00,USD,eBay,unknown,FALSE,,,Dark Gyarados Holo 2000 Team Rocket #8 Pokemon TCG PSA 8 Tail swirl ~ #8,https://www.ebay.es/itm/298418739865,PriceCharting
Team Rocket,Dark Gyarados,8/82,Unlimited,PSA 8,2026-06-18,100.88,USD,eBay,unknown,FALSE,,,Dark Gyarados Holo Rare TCG Card PSA 8 Team Rocket Pokemon 8/82,https://www.ebay.es/itm/127929278739,PriceCharting
Team Rocket,Dark Gyarados,8/82,Unlimited,PSA 8,2026-06-16,175.00,USD,eBay,unknown,FALSE,,,2000 Pokémon Team Rocket Dark Gyarados w/ Holo Swirl PSA 8 NM-MT #8/82 8/82,https://www.ebay.es/itm/389359088465,PriceCharting
Team Rocket,Dark Gyarados,8/82,Unlimited,PSA 8,2026-06-16,65.00,USD,eBay,best offer,TRUE,,,The Pokémon Company Dark Gyarados 8/82 Team Rocket Holo Unlimited EN PSA 8 8/82,https://www.ebay.es/itm/137420458086,PriceCharting
Team Rocket,Dark Gyarados,8/82,Unlimited,PSA 8,2026-06-09,99.99,USD,eBay,unknown,FALSE,,,Dark Gyarados Holo Rare TCG Card PSA 8 Team Rocket Pokemon 8/82,https://www.ebay.es/itm/257539320205,PriceCharting
Team Rocket,Dark Gyarados,8/82,Unlimited,PSA 8,2026-05-31,85.00,USD,eBay,best offer,TRUE,,,Dark Gyarados Holo Rare TCG Card PSA 8 Team Rocket Pokemon 8/82,https://www.ebay.es/itm/147249024638,PriceCharting
Team Rocket,Dark Gyarados,8/82,Unlimited,PSA 8,2026-05-25,107.63,USD,eBay,best offer,TRUE,,,2000 Pokemon Team Rocket #8 Dark Gyarados Holo PSA 8 NM-MT #8,https://www.ebay.es/itm/397984739366,PriceCharting
Team Rocket,Dark Gyarados,8/82,Unlimited,PSA 9,2026-09-20,255.00,USD,eBay,unknown,FALSE,,,Pokemon TCG Team Rocket Dark Gyarados Holo 8/82 Unlimited PSA 9 (2000) 8/82,https://www.ebay.es/itm/178493636937,PriceCharting
Team Rocket,Dark Gyarados,8/82,Unlimited,PSA 9,2026-09-13,155.00,USD,eBay,unknown,FALSE,,,Pokemon Team Rocket Dark Gyarados Holo PSA 9 8/82,https://www.ebay.es/itm/147511952727,PriceCharting
Team Rocket,Dark Gyarados,8/82,Unlimited,PSA 9,2026-08-05,194.99,USD,eBay,unknown,FALSE,,,2000 Pokemon Team Rocket Dark Gyarados Holo 8/82 Unlimited PSA 9 8/82,https://www.ebay.es/itm/117339025038,PriceCharting
Team Rocket,Dark Gyarados,8/82,Unlimited,PSA 9,2026-08-04,150.00,USD,eBay,best offer,TRUE,,,2000 Pokemon Team Rocket Dark Gyarados Holo #8/82 PSA 9 MINT Vintage WOTC 8/82,https://www.ebay.es/itm/336722435032,PriceCharting
Team Rocket,Dark Gyarados,8/82,Unlimited,PSA 9,2026-08-01,200.00,USD,eBay,unknown,FALSE,,,Pokemon 2000 Dark Gyarados 8/82 Holo Team Rocket PSA 9,https://www.ebay.es/itm/358862403248,PriceCharting
Team Rocket,Dark Gyarados,8/82,Unlimited,PSA 9,2026-07-09,159.00,USD,eBay,unknown,FALSE,,,Pokemon 2000 Dark Gyarados 8/82 Holo Team Rocket PSA 9 8/82,https://www.ebay.es/itm/407060712555,PriceCharting
Team Rocket,Dark Gyarados,8/82,Unlimited,PSA 9,2026-06-21,162.00,USD,eBay,best offer,TRUE,,,Pokemon TCG 2000 Team Rocket Dark Gyarados Holo Rare 8/82 Unlimited PSA 9 8/82,https://www.ebay.es/itm/398053872266,PriceCharting
Team Rocket,Dark Gyarados,8/82,Unlimited,PSA 9,2026-06-21,150.00,USD,eBay,unknown,FALSE,,,Pokemon Team Rocket Dark Gyarados Holo Rare 08/82 PSA 9 2000 English Unlimited 8/82,https://www.ebay.es/itm/227396625290,PriceCharting
Team Rocket,Dark Gyarados,8/82,Unlimited,PSA 9,2026-05-30,167.90,USD,eBay,best offer,TRUE,,,Pokemon Dark Gyarados 8/82 Team Rocket Holo PSA 9 8/82,https://www.ebay.es/itm/127580262610,PriceCharting
Team Rocket,Dark Gyarados,8/82,Unlimited,PSA 9,2026-04-21,125.00,USD,eBay,unknown,FALSE,,,Pokémon Dark Gyarados Team Rocket Holo PSA 9 Unlimited English 8/82 8/82,https://www.ebay.es/itm/366359301865,PriceCharting
Team Rocket,Dark Gyarados,8/82,Unlimited,PSA 9,2026-04-14,138.00,USD,eBay,unknown,FALSE,,,Pokemon Team Rocket Dark Gyarados 8/82 PSA 9 free shipping 8/82,https://www.ebay.es/itm/257352376828,PriceCharting
Team Rocket,Dark Gyarados,8/82,Unlimited,PSA 9,2026-03-31,147.50,USD,eBay,unknown,FALSE,,,2000 Pokemon Team Rocket Dark Gyarados Holo #8/82 PSA 9,https://www.ebay.es/itm/127770190835,PriceCharting
Team Rocket,Dark Gyarados,8/82,Unlimited,PSA 9,2026-03-24,72.00,USD,eBay,unknown,FALSE,,,2000 Pokemon Team Rocket Dark Gyarados Holo #8/82 PSA 9 8/82,https://www.ebay.es/itm/318016091176,PriceCharting
Team Rocket,Dark Gyarados,8/82,Unlimited,PSA 9,2026-03-22,38.00,USD,eBay,unknown,FALSE,,,2000 Pokemon Team Rocket TCG Dark Gyarados Holo Rare PSA 9 Mint 8/82 8/82,https://www.ebay.es/itm/176309704034,PriceCharting
Team Rocket,Dark Gyarados,8/82,Unlimited,PSA 9,2026-03-18,115.00,USD,eBay,best offer,TRUE,,,2000 Pokémon Team Rocket Dark Gyarados Holo Graded PSA 9 8/82,https://www.ebay.es/itm/406764636336,PriceCharting
Team Rocket,Dark Gyarados,8/82,Unlimited,PSA 10,2026-09-19,2027.21,USD,eBay,unknown,FALSE,,,2000 Pokémon Dark Gyarados Team Rocket Holo 8/82 PSA 10 8/82,https://www.ebay.es/itm/278360419507,PriceCharting
Team Rocket,Dark Gyarados,8/82,Unlimited,PSA 10,2026-08-02,1300.00,USD,eBay,unknown,FALSE,,,Pokemon TCG Team Rocket Dark Gyarados 8/82 Holo Rare English PSA 10 8/82,https://www.ebay.es/itm/206442782075,PriceCharting
Team Rocket,Dark Gyarados,8/82,Unlimited,PSA 10,2026-07-31,1563.51,USD,eBay,unknown,FALSE,,,2000 PSA 10 Gem Mint Dark Gyarados 8/82 Holo Rare Team Rocket Pokemon Unlimited 8/82,https://www.ebay.es/itm/358837436995,PriceCharting
Team Rocket,Dark Gyarados,8/82,Unlimited,PSA 10,2026-07-30,65.00,USD,eBay,unknown,FALSE,,,POKEMON DARK GYARADOS 2021 CELEBRATION CC #8 CLASSIC COLL-TEAM ROCKET PSA 10 #8,https://www.ebay.es/itm/800391460074,PriceCharting
Team Rocket,Dark Gyarados,8/82,Unlimited,PSA 10,2026-06-26,2000.00,USD,eBay,unknown,FALSE,,,2000 PSA 10 Gem Mint Dark Gyarados 8/82 Holo Rare Team Rocket Pokemon Unlimited 8/82,https://www.ebay.es/itm/336652017838,PriceCharting
Team Rocket,Dark Gyarados,8/82,Unlimited,PSA 10,2026-06-22,1875.00,USD,eBay,unknown,FALSE,,,Pokemon Dark Gyarados Team Rocket Unlimited Holo Rare #8 PSA 10 Gem Mint,https://www.ebay.es/itm/287384767569,PriceCharting
Team Rocket,Dark Gyarados,8/82,Unlimited,PSA 10,2026-04-14,1999.99,USD,eBay,unknown,FALSE,,,PSA 10 GEM MINT Dark Gyarados 8/82 HOLO RARE Team Rocket Pokemon Card,https://www.ebay.es/itm/277858549493,PriceCharting
Team Rocket,Dark Gyarados,8/82,Unlimited,PSA 10,2026-03-16,1448.67,USD,eBay,unknown,FALSE,,,Pokemon Dark Gyarados Team Rocket Unlimited Holo Rare #8 PSA 10 Gem Mint,https://www.ebay.es/itm/287182392646,PriceCharting
Team Rocket,Dark Gyarados,8/82,Unlimited,PSA 10,2026-03-02,1050.00,USD,eBay,unknown,FALSE,,,Pokemon PSA 10 Dark Gyarados Holo 8/82 2000 Team Rocket POP 104 8/82,https://www.ebay.es/itm/177911726621,PriceCharting
Team Rocket,Dark Gyarados,8/82,Unlimited,PSA 10,2026-03-02,1058.00,USD,eBay,unknown,FALSE,,,Pokemon PSA 10 Dark Gyarados Holo 8/82 2000 Team Rocket POP 104 8/82,https://www.ebay.es/itm/177884156497,PriceCharting
Team Rocket,Dark Gyarados,8/82,Unlimited,PSA 10,2025-09-11,1376.00,USD,eBay,unknown,FALSE,,,Pokémon TCG Team Rocket Dark Gyarados Holo Card 8/82 PSA 10 8/82,https://www.ebay.es/itm/286801336059,PriceCharting
Team Rocket,Dark Gyarados,8/82,Unlimited,PSA 10,2025-05-24,699.99,USD,eBay,unknown,FALSE,,,PSA 10 Dark Gyarados Holo - Pokemon Team Rocket #8 - Gem Mint #8,https://www.ebay.es/itm/356920449997,PriceCharting
Team Rocket,Dark Gyarados,8/82,Unlimited,PSA 10,2025-02-08,404.04,USD,eBay,unknown,FALSE,,,2000 Pokemon Team Rocket Dark Gyarados #8 PSA 10 #8,https://www.ebay.es/itm/356321858028,PriceCharting
Team Rocket,Dark Gyarados,8/82,Unlimited,PSA 10,2025-02-02,450.00,USD,eBay,unknown,FALSE,,,Pokemon Dark Gyarados Team Rocket 8/82 Holo Rare PSA 10 Gem MT Mint 2000 English 8/82,https://www.ebay.es/itm/135482737639,PriceCharting
Team Rocket,Dark Gyarados,8/82,Unlimited,PSA 10,2025-01-27,499.99,USD,eBay,unknown,FALSE,,,PSA 10 GEM MINT Pokemon DARK GYARADOS Holo Rare Team Rocket 8/82 Unlimited,https://www.ebay.es/itm/256379085978,PriceCharting
Team Rocket,Dark Gyarados,8/82,Unlimited,PSA 10,2024-10-13,450.00,USD,eBay,unknown,FALSE,,,PSA 10 GEM MINT Pokemon DARK GYARADOS Holo Rare Team Rocket 8/82 Unlimited 8/82,https://www.ebay.es/itm/145785371702,PriceCharting
Team Rocket,Dark Gyarados,8/82,Unlimited,PSA 10,2024-10-08,313.04,USD,eBay,unknown,FALSE,,,Pokemon - PSA 10 - Dark Gyarados - Holo - #8 Team Rocket 8/82,https://www.ebay.es/itm/375639938066,PriceCharting
Team Rocket,Dark Gyarados,8/82,Unlimited,PSA 10,2024-05-17,397.00,USD,eBay,unknown,FALSE,,,2000 Pokemon Team Rocket DARK GYARADOS Holo 8/82 - PSA 10 GEM MINT 💎 #8,https://www.ebay.es/itm/325962851874,PriceCharting
Team Rocket,Dark Gyarados,8/82,Unlimited,PSA 10,2024-01-09,340.00,USD,eBay,unknown,FALSE,,,2000 Pokemon Team Rocket DARK GYARADOS Holo 8/82 - PSA 10 GEM MINT 💎 #8,https://www.ebay.es/itm/324832630480,PriceCharting
Team Rocket,Dark Gyarados,8/82,Unlimited,PSA 10,2023-12-04,399.99,USD,eBay,unknown,FALSE,,,2000 Pokemon Team Rocket DARK GYARADOS Holo 8/82 - PSA 10 GEM MINT 💎 W/swirl #8,https://www.ebay.es/itm/204564573835,PriceCharting
Team Rocket,Dark Hypno,9/82,1st Edition,PSA 8,2026-09-23,114.59,USD,eBay,unknown,FALSE,,,2000 Pokemon Rocket 1st Edition #9 Dark Hypno - Holo PSA 8 NM-MT,https://www.ebay.es/itm/800667320750,PriceCharting
Team Rocket,Dark Hypno,9/82,1st Edition,PSA 8,2026-09-21,130.00,USD,eBay,unknown,FALSE,,,Dark Hypno 9 Holo 1st Edition Team Rocket NM Graded Psa 8 Pokémon #9,https://www.ebay.es/itm/158289448919,PriceCharting
Team Rocket,Dark Hypno,9/82,1st Edition,PSA 8,2026-09-16,150.00,USD,eBay,best offer,TRUE,,,Wizards of the Coast 2000 Pokemon Team Rocket Dark Hypno 1st Ed Holo PSA 8 9/82,https://www.ebay.es/itm/257710901699,PriceCharting
Team Rocket,Dark Hypno,9/82,1st Edition,PSA 8,2026-09-13,150.00,USD,eBay,best offer,TRUE,,,2000 Pokemon Team Rocket First Edition 9 Dark Hypno Holo PSA 8 154329570 #Sep-82,https://www.ebay.es/itm/158128615385,PriceCharting
Team Rocket,Dark Hypno,9/82,1st Edition,PSA 8,2026-09-07,165.00,USD,eBay,best offer,TRUE,,,Dark Hypno 9/82 Holo PSA 8- 2000 Pokemon Team Rocket 1st Edition 9/82,https://www.ebay.es/itm/366649560990,PriceCharting
Team Rocket,Dark Hypno,9/82,1st Edition,PSA 8,2026-08-28,94.00,USD,eBay,unknown,FALSE,,,2000 Pokemon Team Rocket 1st Edition Dark Hypno Holo 9/82 PSA 8 9/82,https://www.ebay.es/itm/366621062265,PriceCharting
Team Rocket,Dark Hypno,9/82,1st Edition,PSA 8,2026-08-16,135.00,USD,eBay,unknown,FALSE,,,2000 Pokémon Rocket Dark Hypno-holo 1st Edition #9 PSA 8 #9,https://www.ebay.es/itm/227473506499,PriceCharting
Team Rocket,Dark Hypno,9/82,1st Edition,PSA 8,2026-08-10,138.00,USD,eBay,unknown,FALSE,,,2000 POKEMON ROCKET 1ST EDITION #9 DARK HYPNO-HOLO PSA 8 #9,https://www.ebay.es/itm/307113638118,PriceCharting
Team Rocket,Dark Hypno,9/82,1st Edition,PSA 8,2026-08-02,139.99,USD,eBay,unknown,FALSE,,,Pokemon TCG Dark Hypno 9/82 Team Rocket 1st Edition Holo Rare PSA 8 9/82,https://www.ebay.es/itm/257632539343,PriceCharting
Team Rocket,Dark Hypno,9/82,1st Edition,PSA 8,2026-08-01,175.27,USD,eBay,unknown,FALSE,,,2000 Pokemon Rocket 9 Dark Hypno Holo 1st Edition PSA 8 Near Mint,https://www.ebay.es/itm/278207248795,PriceCharting
Team Rocket,Dark Hypno,9/82,1st Edition,PSA 8,2026-07-31,138.50,USD,eBay,unknown,FALSE,,,2000 Pokemon Rocket 1st Edition Holo #9 Dark Hypno PSA 8,https://www.ebay.es/itm/336697340621,PriceCharting
Team Rocket,Dark Hypno,9/82,1st Edition,PSA 8,2026-07-21,112.50,USD,eBay,unknown,FALSE,,,Pokemon TCG Dark Hypno 9/82 Team Rocket 1st Edition Holo Rare PSA 8 9/82,https://www.ebay.es/itm/377343064492,PriceCharting
Team Rocket,Dark Hypno,9/82,1st Edition,PSA 8,2026-07-06,170.00,USD,eBay,unknown,FALSE,,,2000 POKEMON ROCKET 1ST EDITION #9 DARK HYPNO-HOLO PSA 8 #9,https://www.ebay.es/itm/278145298964,PriceCharting
Team Rocket,Dark Hypno,9/82,1st Edition,PSA 8,2026-06-29,67.00,USD,eBay,best offer,TRUE,,,2000 Pokemon Rocket Dark Hypno Holo Psa 8 9/82,https://www.ebay.es/itm/188529928073,PriceCharting
Team Rocket,Dark Hypno,9/82,1st Edition,PSA 8,2026-06-28,192.50,USD,eBay,unknown,FALSE,,,Pokemon Dark Hypno Holo Team Rocket 9 1st Edition PSA 8 #9,https://www.ebay.es/itm/287401743622,PriceCharting
Team Rocket,Dark Hypno,9/82,1st Edition,PSA 8,2026-06-28,149.99,USD,eBay,unknown,FALSE,,,x1 2000 Pokemon Team Rocket 1st Edition Dark Hypno Holo #9 PSA 8 NM-MT,https://www.ebay.es/itm/274881519721,PriceCharting
Team Rocket,Dark Hypno,9/82,1st Edition,PSA 8,2026-06-23,167.50,USD,eBay,unknown,FALSE,,,2000 Pokemon Rocket 1st Edition #9 Dark Hypno Holo PSA 8 NM-MT,https://www.ebay.es/itm/800185051955,PriceCharting
Team Rocket,Dark Hypno,9/82,1st Edition,PSA 8,2026-06-16,149.99,USD,eBay,unknown,FALSE,,,Pokemon 1st Edition Team Rocket Dark Hypno Holo 9/82 - PSA 8 NM-MT 9/82,https://www.ebay.es/itm/267689087344,PriceCharting
Team Rocket,Dark Hypno,9/82,1st Edition,PSA 8,2026-06-14,128.11,USD,eBay,unknown,FALSE,,,Dark Hypno Holo First Edition PSA 8 Graded Team Rocket Pokémon Card 2000 9/82 9/82,https://www.ebay.es/itm/188489553578,PriceCharting
Team Rocket,Dark Hypno,9/82,1st Edition,PSA 9,2026-09-25,243.50,USD,eBay,unknown,FALSE,,,2000 Pokemon Team Rocket 1st Edition Dark Hypno Holo #9 WOTC PSA 9 MINT,https://www.ebay.es/itm/377503943391,PriceCharting
Team Rocket,Dark Hypno,9/82,1st Edition,PSA 9,2026-09-21,270.00,USD,eBay,unknown,FALSE,,,Pokemon Dark Hypno Holo Team Rocket 9 1st Edition PSA 9 Mint #9,https://www.ebay.es/itm/287575937959,PriceCharting
Team Rocket,Dark Hypno,9/82,1st Edition,PSA 9,2026-09-16,249.90,USD,eBay,unknown,FALSE,,,2000 Pokemon Dark Hypno Holo Team Rocket 9 1st Edition PSA 9 Mint Wizards 9/82,https://www.ebay.es/itm/206559494138,PriceCharting
Team Rocket,Dark Hypno,9/82,1st Edition,PSA 9,2026-09-13,245.19,USD,eBay,unknown,FALSE,,,Pokemon Dark Hypno Holo Team Rocket 9 1st Edition PSA 9 Mint #9,https://www.ebay.es/itm/287565598208,PriceCharting
Team Rocket,Dark Hypno,9/82,1st Edition,PSA 9,2026-09-10,300.00,USD,eBay,unknown,FALSE,,,2000 Pokémon Team Rocket Dark Hypno 1st Edition Holo Rare PSA 9 MINT #9,https://www.ebay.es/itm/358464517978,PriceCharting
Team Rocket,Dark Hypno,9/82,1st Edition,PSA 9,2026-09-10,285.00,USD,eBay,unknown,FALSE,,,POKEMON DARK HYPNO HOLO 2000 TEAM ROCKET #9 1ST EDITION PSA 9 #9,https://www.ebay.es/itm/800603966172,PriceCharting
Team Rocket,Dark Hypno,9/82,1st Edition,PSA 9,2026-09-06,259.22,USD,eBay,unknown,FALSE,,,DARK HYPNO 1ST EDITION POKEMON #9 2000 TEAM ROCKET MINT ENGLISH PSA 9,https://www.ebay.es/itm/137662725941,PriceCharting
Team Rocket,Dark Hypno,9/82,1st Edition,PSA 9,2026-09-06,250.00,USD,eBay,unknown,FALSE,,,2000 POKEMON ROCKET 1ST EDITION #9 DARK HYPNO-HOLO PSA 9 #9,https://www.ebay.es/itm/307154212623,PriceCharting
Team Rocket,Dark Hypno,9/82,1st Edition,PSA 9,2026-09-04,325.00,USD,eBay,unknown,FALSE,,,2000 Pokemon Rocket #9 Dark Hypno Holo 1st Edition PSA 9 ** Head Swirl** #9,https://www.ebay.es/itm/377350542976,PriceCharting
Team Rocket,Dark Hypno,9/82,1st Edition,PSA 9,2026-09-02,240.00,USD,eBay,best offer,TRUE,,,Wizards of the Coast Pokémon TCG Dark Hypno 9/82 Team Rocket 1st Ed Holo PSA 9 9/82,https://www.ebay.es/itm/407148067485,PriceCharting
Team Rocket,Dark Hypno,9/82,1st Edition,PSA 9,2026-08-23,237.67,USD,eBay,unknown,FALSE,,,DARK HYPNO POKEMON 9 2000 TEAM ROCKET 1st EDITION HOLO ENGLISH PSA 9,https://www.ebay.es/itm/137595877566,PriceCharting
Team Rocket,Dark Hypno,9/82,1st Edition,PSA 9,2026-08-23,264.99,USD,eBay,unknown,FALSE,,,Pokemon English Holo Dark Hypno 1st Edition PSA 9 GEM MINT Team Rocket #9 #9,https://www.ebay.es/itm/227453703844,PriceCharting
Team Rocket,Dark Hypno,9/82,1st Edition,PSA 9,2026-08-22,285.00,USD,eBay,unknown,FALSE,,,2000 Pokemon Team Rocket Dark Hypno #9 1st Edition Holo PSA 9,https://www.ebay.es/itm/336695203448,PriceCharting
Team Rocket,Dark Hypno,9/82,1st Edition,PSA 9,2026-08-20,191.50,USD,eBay,unknown,FALSE,,,POKEMON DARK HYPNO HOLO 2000 TEAM ROCKET #9 1ST EDITION PSA 9 #9,https://www.ebay.es/itm/800495251223,PriceCharting
Team Rocket,Dark Hypno,9/82,1st Edition,PSA 9,2026-08-02,205.00,USD,eBay,best offer,TRUE,,,Pokémon Dark Hypno Team Rocket 9/82 Holo Rare 1st Edition PSA 9 English 9/82,https://www.ebay.es/itm/147473133821,PriceCharting
Team Rocket,Dark Hypno,9/82,1st Edition,PSA 9,2026-07-31,274.75,USD,eBay,unknown,FALSE,,,PSA 9 MINT Pokemon Dark Hypno Team Rocket Holo 1st Edition 9/82,https://www.ebay.es/itm/198500289755,PriceCharting
Team Rocket,Dark Hypno,9/82,1st Edition,PSA 9,2026-07-28,260.00,USD,eBay,best offer,TRUE,,,Pokémon Dark Hypno Team Rocket 9/82 Holo Rare 1st Edition PSA 9 English 9/82,https://www.ebay.es/itm/178352040915,PriceCharting
Team Rocket,Dark Hypno,9/82,1st Edition,PSA 9,2026-07-19,225.36,USD,eBay,unknown,FALSE,,,2000 POKEMON TEAM ROCKET FIRST EDITION #9/82 DARK HYPNO HOLO RARE PSA 9 9/82,https://www.ebay.es/itm/206408435490,PriceCharting
Team Rocket,Dark Hypno,9/82,1st Edition,PSA 9,2026-07-18,202.50,USD,eBay,unknown,FALSE,,,2000 Pokémon Team Rocket Dark Hypno 1st Edition Holo Rare PSA 9 MINT #9 #67887225,https://www.ebay.es/itm/257612671215,PriceCharting
Team Rocket,Dark Hypno,9/82,1st Edition,PSA 9,2026-07-17,275.00,USD,eBay,unknown,FALSE,,,Pokemon 2000 Team Rocket Dark Hypno 9/82 1st Edition Holo PSA 9 9/82,https://www.ebay.es/itm/168531699801,PriceCharting
Team Rocket,Dark Hypno,9/82,1st Edition,PSA 9,2026-07-13,192.50,USD,eBay,unknown,FALSE,,,Pokemon 2000 Dark Hypno 9/82 Holo 1st Edition Team Rocket PSA 9 9/82,https://www.ebay.es/itm/407044547017,PriceCharting
Team Rocket,Dark Hypno,9/82,1st Edition,PSA 10,2026-09-24,2775.00,USD,eBay,unknown,FALSE,,,Pokemon Dark Hypno Team Rocket 1st Edition Holo Rare #9 PSA 10 Gem Mint,https://www.ebay.es/itm/287232988466,PriceCharting
Team Rocket,Dark Hypno,9/82,1st Edition,PSA 10,2026-09-24,2800.00,USD,eBay,best offer,TRUE,,,Pokemon Dark Hypno Holo 9 1st Edition Team Rocket PSA 10 #9,https://www.ebay.es/itm/298379488011,PriceCharting
Team Rocket,Dark Hypno,9/82,1st Edition,PSA 10,2026-09-24,2999.99,USD,eBay,unknown,FALSE,,,2000 POKEMON ROCKET 1ST EDITION #9 DARK HYPNO-HOLO PSA 10 #9,https://www.ebay.es/itm/117259762145,PriceCharting
Team Rocket,Dark Hypno,9/82,1st Edition,PSA 10,2026-08-24,2189.00,USD,eBay,unknown,FALSE,,,Pokemon Dark Hypno Holo Team Rocket 9 1st Edition PSA 10 Gem Mint #9,https://www.ebay.es/itm/287524895482,PriceCharting
Team Rocket,Dark Hypno,9/82,1st Edition,PSA 10,2026-08-17,2500.00,USD,eBay,unknown,FALSE,,,SWIRL!! WotC 2000 Pokemon Team Rocket Dark Hypno 9/82 1st Ed Holo PSA 10 9/82,https://www.ebay.es/itm/158170530900,PriceCharting
Team Rocket,Dark Hypno,9/82,1st Edition,PSA 10,2026-08-03,1276.00,USD,eBay,unknown,FALSE,,,Dark Hypno 2000 Team Rocket #9 🔥 1st Edition HOLO PSA 10 🔥RARE Vintage Pokemon #9,https://www.ebay.es/itm/366561287336,PriceCharting
Team Rocket,Dark Hypno,9/82,1st Edition,PSA 10,2026-07-30,1875.00,USD,eBay,unknown,FALSE,,,PSA 10 - TEAM ROCKET - DARK HYPNO HOLO 9/82 1ST EDITION - VINTAGE POKEMON WOTC 9/82,https://www.ebay.es/itm/278211801755,PriceCharting
Team Rocket,Dark Hypno,9/82,1st Edition,PSA 10,2026-07-19,2001.00,USD,eBay,unknown,FALSE,,,Pokemon Dark Hypno Holo Team Rocket 9 1st Edition PSA 10 Gem Mint #9,https://www.ebay.es/itm/287450318316,PriceCharting
Team Rocket,Dark Hypno,9/82,1st Edition,PSA 10,2026-06-21,2051.00,USD,eBay,unknown,FALSE,,,Pokemon Dark Hypno Team Rocket 1st Edition Holo Rare #9 PSA 10 Gem Mint,https://www.ebay.es/itm/287384724399,PriceCharting
Team Rocket,Dark Hypno,9/82,1st Edition,PSA 10,2026-06-14,1910.00,USD,eBay,unknown,FALSE,,,Pokemon Dark Hypno Team Rocket 1st Edition Holo Rare #9 PSA 10 Gem Mint #9,https://www.ebay.es/itm/287376242803,PriceCharting
Team Rocket,Dark Hypno,9/82,1st Edition,PSA 10,2026-06-07,1850.00,USD,eBay,unknown,FALSE,,,Pokemon Dark Hypno Team Rocket 1st Edition Holo Rare #9 PSA 10 Gem Mint,https://www.ebay.es/itm/287364214531,PriceCharting
Team Rocket,Dark Hypno,9/82,1st Edition,PSA 10,2026-06-01,1575.00,USD,eBay,unknown,FALSE,,,2000 Pokemon Rocket Dark Hypno-Holo #9 GEM MT PSA 10 1st Edition #9,https://www.ebay.es/itm/168397181421,PriceCharting
Team Rocket,Dark Hypno,9/82,1st Edition,PSA 10,2026-05-25,1927.00,USD,eBay,unknown,FALSE,,,Pokemon Dark Hypno Team Rocket 1st Edition Holo Rare #9 PSA 10 Gem Mint,https://www.ebay.es/itm/287329887533,PriceCharting
Team Rocket,Dark Hypno,9/82,1st Edition,PSA 10,2026-05-11,2000.00,USD,eBay,unknown,FALSE,,,Pokémon English Holo Dark Hypno 1st Edition PSA 10 GEM MINT Team Rocket 9/82 #9,https://www.ebay.es/itm/358535473449,PriceCharting
Team Rocket,Dark Hypno,9/82,1st Edition,PSA 10,2026-05-10,2225.00,USD,eBay,unknown,FALSE,,,Pokemon Dark Hypno Team Rocket 1st Edition Holo Rare #9 PSA 10 Gem Mint,https://www.ebay.es/itm/287307688631,PriceCharting
Team Rocket,Dark Hypno,9/82,1st Edition,PSA 10,2026-04-26,3999.95,USD,eBay,unknown,FALSE,,,PSA 10 1st Edition Dark Hypno 9/82 Team Rocket Pokemon 2000 9/82,https://www.ebay.es/itm/177867435845,PriceCharting
Team Rocket,Dark Hypno,9/82,1st Edition,PSA 10,2026-04-14,2469.27,USD,eBay,unknown,FALSE,,,Pokemon Dark Hypno Team Rocket 1st Edition Holo Rare #9 Gem Mint PSA 10,https://www.ebay.es/itm/406720768921,PriceCharting
Team Rocket,Dark Hypno,9/82,1st Edition,PSA 10,2026-04-12,2225.00,USD,eBay,unknown,FALSE,,,Pokemon Dark Hypno Team Rocket 1st Edition Holo Rare #9 PSA 10 Gem Mint,https://www.ebay.es/itm/287247568921,PriceCharting
Team Rocket,Dark Hypno,9/82,1st Edition,PSA 10,2026-04-06,1602.00,USD,eBay,unknown,FALSE,,,2000 POKEMON ROCKET 1ST EDITION #9 DARK HYPNO-HOLO PSA 10 #9,https://www.ebay.es/itm/117113258363,PriceCharting
Team Rocket,Dark Hypno,9/82,1st Edition,PSA 10,2026-03-16,2600.00,USD,eBay,unknown,FALSE,,,Pokemon Dark Hypno Team Rocket 1st Edition Holo Rare #9 PSA 10 Gem Mint,https://www.ebay.es/itm/287182394071,PriceCharting
Team Rocket,Dark Hypno,9/82,1st Edition,PSA 10,2026-03-11,2347.10,USD,eBay,best offer,TRUE,,,2000 POKEMON TEAM ROCKET DARK HYPNO HOLO 1ST EDITION PSA 10 9/82,https://www.ebay.es/itm/177896023485,PriceCharting
Team Rocket,Dark Hypno,9/82,1st Edition,PSA 10,2026-02-21,2000.00,USD,eBay,unknown,FALSE,,,Pokemon Dark Hypno Team Rocket 1st Edition Holo Rare #9 PSA 10 Gem Mint,https://www.ebay.es/itm/287148715041,PriceCharting
Team Rocket,Dark Hypno,9/82,1st Edition,PSA 10,2026-02-17,1600.00,USD,eBay,unknown,FALSE,,,2000 Pokemon Team Rocket 1st Edition Dark Hypno #9 Holo PSA 10 9/82,https://www.ebay.es/itm/267573038973,PriceCharting
Team Rocket,Dark Hypno,9/82,1st Edition,PSA 10,2026-01-02,1000.00,USD,eBay,unknown,FALSE,,,Pokemon Dark Hypno Team Rocket 1st Edition Holo Rare #9 PSA 10 Gem Mint,https://www.ebay.es/itm/286958867273,PriceCharting
Team Rocket,Dark Hypno,9/82,1st Edition,PSA 10,2025-11-17,1249.99,USD,eBay,unknown,FALSE,,,PSA 10 Gem Mint Dark Hypno 9/82 1st Edition Holo Team Rocket 2000 Pokemon 9/82,https://www.ebay.es/itm/187576344121,PriceCharting
Team Rocket,Dark Hypno,9/82,1st Edition,PSA 10,2025-11-17,1146.00,USD,eBay,unknown,FALSE,,,Pokemon Dark Hypno Team Rocket 1st Edition Holo Rare #9 PSA 10 Gem Mint,https://www.ebay.es/itm/286923782506,PriceCharting
Team Rocket,Dark Hypno,9/82,1st Edition,PSA 10,2025-11-04,900.00,USD,eBay,best offer,TRUE,,,2000 Pokemon Team Rocket - Dark Hypno HOLO 1ST EDITION PSA 10 Gem Mint Card 9/82 #9,https://www.ebay.es/itm/297694971575,PriceCharting
Team Rocket,Dark Hypno,9/82,1st Edition,PSA 10,2025-10-29,1093.12,USD,eBay,unknown,FALSE,,,2000 POKEMON TEAM ROCKET DARK HYPNO HOLO 1ST EDITION PSA 10 9/82,https://www.ebay.es/itm/156868648120,PriceCharting
Team Rocket,Dark Hypno,9/82,1st Edition,PSA 10,2025-10-11,949.00,USD,eBay,unknown,FALSE,,,PSA 10 Gem Mint Dark Hypno 9/82 1st Edition Holo Team Rocket 2000 Pokemon 🌀 9/82,https://www.ebay.es/itm/317299069679,PriceCharting
Team Rocket,Dark Hypno,9/82,Unlimited,PSA 8,2026-09-19,75.00,USD,eBay,best offer,TRUE,,,Pokemon TCG Dark Hypno Team Rocket Holo Unlimited English 9/82 PSA 8 9/82,https://www.ebay.es/itm/117331715532,PriceCharting
Team Rocket,Dark Hypno,9/82,Unlimited,PSA 8,2026-08-28,71.01,USD,eBay,unknown,FALSE,,,2000 Pokemon TCG Team Rocket Dark Hypno 9/82 Holo Rare PSA 8 9/82,https://www.ebay.es/itm/147518749022,PriceCharting
Team Rocket,Dark Hypno,9/82,Unlimited,PSA 8,2026-08-02,96.48,USD,eBay,unknown,FALSE,,,SWIRL Dark Hypno | PSA 8 | 9/82 | Team Rocket | Holo | Pokemon TCG 9/82,https://www.ebay.es/itm/127929286496,PriceCharting
Team Rocket,Dark Hypno,9/82,Unlimited,PSA 8,2026-07-24,99.00,USD,eBay,unknown,FALSE,,,Dark Hypno Holo 9/82 Team Rocket Unlimited PSA 8 NM-MT Pokemon Card 9/82,https://www.ebay.es/itm/167883343027,PriceCharting
Team Rocket,Dark Hypno,9/82,Unlimited,PSA 8,2026-07-22,110.00,USD,eBay,unknown,FALSE,,,Pokemon 2000 Dark Hypno Holo 9/82 PSA 8 9/82,https://www.ebay.es/itm/318617069277,PriceCharting
Team Rocket,Dark Hypno,9/82,Unlimited,PSA 8,2026-07-17,88.69,USD,eBay,best offer,TRUE,,,Pokemon 2000 Dark Hypno Holo 9/82 PSA 8,https://www.ebay.es/itm/800280564450,PriceCharting
Team Rocket,Dark Hypno,9/82,Unlimited,PSA 8,2026-07-05,57.57,USD,eBay,unknown,FALSE,,,2000 Pokemon Team Rocket Dark Hypno Holo #9 PSA 8 9/82,https://www.ebay.es/itm/358729201571,PriceCharting
Team Rocket,Dark Hypno,9/82,Unlimited,PSA 8,2026-07-05,72.90,USD,eBay,unknown,FALSE,,,DARK HYPNO 2000 POKEMON TEAM ROCKET HOLO #9/82 PSA 8 Q0895 #9,https://www.ebay.es/itm/278125441327,PriceCharting
Team Rocket,Dark Hypno,9/82,Unlimited,PSA 8,2026-06-24,80.75,USD,eBay,unknown,FALSE,,,🔥 2000 Pokemon Team Rocket Dark Hypno Holo #9 PSA 8 NM-MT WOTC 🔥 9/82,https://www.ebay.es/itm/137295823349,PriceCharting
Team Rocket,Dark Hypno,9/82,Unlimited,PSA 8,2026-06-19,72.50,USD,eBay,unknown,FALSE,,,DARK HYPNO 2000 POKEMON TEAM ROCKET HOLO #9/82 PSA 8 Q5677 #9,https://www.ebay.es/itm/278078605453,PriceCharting
Team Rocket,Dark Hypno,9/82,Unlimited,PSA 8,2026-05-28,79.99,USD,eBay,unknown,FALSE,,,2000 Pokemon Dark Hypno 9/82 Team Rocket Holo 9/82 Vintage Card PSA 8 9/82,https://www.ebay.es/itm/397915654294,PriceCharting
Team Rocket,Dark Hypno,9/82,Unlimited,PSA 8,2026-05-06,68.00,USD,eBay,unknown,FALSE,,,PSA 8 Dark Hypno 9/82 Team Rocket Holo #9 Vintage Pokemon Card 9/82,https://www.ebay.es/itm/389976007977,PriceCharting
Team Rocket,Dark Hypno,9/82,Unlimited,PSA 8,2026-04-25,58.00,USD,eBay,best offer,TRUE,,,2000 Pokemon Dark Hypno 9/82 Team Rocket Holo PSA 8 9/82,https://www.ebay.es/itm/306895147081,PriceCharting
Team Rocket,Dark Hypno,9/82,Unlimited,PSA 8,2026-04-20,60.06,USD,eBay,unknown,FALSE,,,2000 Pokemon Dark Hypno 9/82 Team Rocket Holo PSA 8 Partial Swirl 🌀 9/82,https://www.ebay.es/itm/336528629357,PriceCharting
Team Rocket,Dark Hypno,9/82,Unlimited,PSA 8,2026-04-08,57.90,USD,eBay,unknown,FALSE,,,2000 Pokemon Team Rocket Dark Hypno Holo #9/82 PSA 8,https://www.ebay.es/itm/127786801909,PriceCharting
Team Rocket,Dark Hypno,9/82,Unlimited,PSA 8,2026-03-22,94.00,USD,eBay,unknown,FALSE,,,Vintage Pokemon Dark Hypno #9 Team Rocket 2000 PSA 8,https://www.ebay.es/itm/358310748902,PriceCharting
Team Rocket,Dark Hypno,9/82,Unlimited,PSA 8,2026-03-09,58.88,USD,eBay,best offer,TRUE,,,Dark Hypno Holo 9/82 Team Rocket Unlimited PSA 8 NM-MT Pokemon Card,https://www.ebay.es/itm/197219496219,PriceCharting
Team Rocket,Dark Hypno,9/82,Unlimited,PSA 9,2026-09-28,118.50,USD,eBay,unknown,FALSE,,,Pokemon 2000 Dark Hypno 9/82 Holo Rare Team Rocket PSA 9 9/82,https://www.ebay.es/itm/407225674594,PriceCharting
Team Rocket,Dark Hypno,9/82,Unlimited,PSA 9,2026-09-18,125.00,USD,eBay,unknown,FALSE,,,2000 Pokémon Team Rocket Dark Hypno Holo PSA 9 9/82,https://www.ebay.es/itm/336799084771,PriceCharting
Team Rocket,Dark Hypno,9/82,Unlimited,PSA 9,2026-09-13,135.00,USD,eBay,best offer,TRUE,,,2000 Pokemon TCG Team Rocket Dark Hypno Holo PSA 9 #9/82 English CRAZY SWIRL 🌀 9/82,https://www.ebay.es/itm/318817379954,PriceCharting
Team Rocket,Dark Hypno,9/82,Unlimited,PSA 9,2026-08-26,145.00,USD,eBay,unknown,FALSE,,,Pokemon Team Rocket Dark Hypno Holo Rare 09/82 PSA 9 2000 English Unlimited 9/82,https://www.ebay.es/itm/227396633858,PriceCharting
Team Rocket,Dark Hypno,9/82,Unlimited,PSA 9,2026-08-23,134.00,USD,eBay,unknown,FALSE,,,Pokemon Team Rocket Dark Hypno Holo PSA 9 9/82,https://www.ebay.es/itm/147511962105,PriceCharting
Team Rocket,Dark Hypno,9/82,Unlimited,PSA 9,2026-08-17,149.99,USD,eBay,unknown,FALSE,,,2000 Pokemon TCG Team Rocket Dark Hypno Holo PSA 9 #9/82 English,https://www.ebay.es/itm/158032509241,PriceCharting
Team Rocket,Dark Hypno,9/82,Unlimited,PSA 9,2026-08-12,115.00,USD,eBay,best offer,TRUE,,,Dark Hypno 9 9/82 - Team Rocket Holo - PSA 9 - Pokemon TCG,https://www.ebay.es/itm/358862421169,PriceCharting
Team Rocket,Dark Hypno,9/82,Unlimited,PSA 9,2026-08-08,114.50,USD,eBay,unknown,FALSE,,,Pokemon 2000 Dark Hypno 9/82 Holo Team Rocket PSA 9 9/82,https://www.ebay.es/itm/407111807229,PriceCharting
Team Rocket,Dark Hypno,9/82,Unlimited,PSA 9,2026-08-02,141.10,USD,eBay,unknown,FALSE,,,PSA 9 2000 Pokémon TCG Team Rocket Dark Hypno Holo Rare #9 English w/Swirl 🌀 #9,https://www.ebay.es/itm/358833158283,PriceCharting
Team Rocket,Dark Hypno,9/82,Unlimited,PSA 9,2026-07-18,190.20,USD,eBay,best offer,TRUE,,,Pokemon DARK HYPNO Holo - 9/82 Team Rocket Psa 9,https://www.ebay.es/itm/389562769426,PriceCharting
Team Rocket,Dark Hypno,9/82,Unlimited,PSA 9,2026-07-15,100.00,USD,eBay,unknown,FALSE,,,Dark Hypno 9 9/82 - Team Rocket Holo - PSA 9 - Pokemon TCG,https://www.ebay.es/itm/147438914267,PriceCharting
Team Rocket,Dark Hypno,9/82,Unlimited,PSA 9,2026-07-04,134.99,USD,eBay,unknown,FALSE,,,Pokemon Dark Hypno 9 Team Rocket Unlimited Holo Rare PSA 9 9/82,https://www.ebay.es/itm/407046405926,PriceCharting
Team Rocket,Dark Hypno,9/82,Unlimited,PSA 9,2026-06-25,135.00,USD,eBay,unknown,FALSE,,,Pokemon TCG 2000 Team Rocket Dark Hypno 9/82 Holo Rare Unlimited PSA 9 9/82,https://www.ebay.es/itm/336652198589,PriceCharting
Team Rocket,Dark Hypno,9/82,Unlimited,PSA 9,2026-06-11,73.52,USD,eBay,unknown,FALSE,,,2000 Pokemon Team Rocket Dark Hypno Holo #9/82 PSA 9 9/82,https://www.ebay.es/itm/257545081137,PriceCharting
Team Rocket,Dark Hypno,9/82,Unlimited,PSA 9,2026-05-30,149.99,USD,eBay,unknown,FALSE,,,2000 Pokemon Team Rocket Dark Hypno Holo #9/82 PSA 9 9/82,https://www.ebay.es/itm/358443087603,PriceCharting
Team Rocket,Dark Hypno,9/82,Unlimited,PSA 9,2026-05-25,133.50,USD,eBay,unknown,FALSE,,,Pokemon Dark Hypno Team Rocket Unlimited Holo Rare #9 PSA 9 Mint,https://www.ebay.es/itm/287333470559,PriceCharting
Team Rocket,Dark Hypno,9/82,Unlimited,PSA 9,2026-05-12,150.00,USD,eBay,unknown,FALSE,,,Pokémon Dark Hypno 9/82 Team Rocket Holo Rare 2000 PSA 9 Unlimited 9/82,https://www.ebay.es/itm/257491393375,PriceCharting
Team Rocket,Dark Hypno,9/82,Unlimited,PSA 9,2026-05-10,142.50,USD,eBay,unknown,FALSE,,,Pokemon Dark Hypno Team Rocket Unlimited Holo Rare #9 PSA 9 Mint,https://www.ebay.es/itm/287301555989,PriceCharting
Team Rocket,Dark Hypno,9/82,Unlimited,PSA 9,2026-04-27,96.00,USD,eBay,unknown,FALSE,,,2000 Pokemon Team Rocket Dark Hypno Holo #9/82 PSA 9 9/82,https://www.ebay.es/itm/327116482636,PriceCharting
Team Rocket,Dark Hypno,9/82,Unlimited,PSA 10,2026-07-20,589.00,USD,eBay,unknown,FALSE,,,Pokemon Dark Hypno Holo Team Rocket Unlimited 9 PSA 10 Gem Mint #9,https://www.ebay.es/itm/287452607631,PriceCharting
Team Rocket,Dark Hypno,9/82,Unlimited,PSA 10,2026-03-18,800.00,USD,eBay,best offer,TRUE,,,Pokémon TCG Dark Hypno Holo Team Rocket 9/82 PSA 10 Rare Stage 1 2000 9/82,https://www.ebay.es/itm/406778952004,PriceCharting
Team Rocket,Dark Hypno,9/82,Unlimited,PSA 10,2026-02-10,949.00,USD,eBay,unknown,FALSE,,,Pokemon 2000 Team Rocket Dark Hypno Holo 9/82 PSA 10 Gem Mint 💎 9/82,https://www.ebay.es/itm/136923555170,PriceCharting
Team Rocket,Dark Hypno,9/82,Unlimited,PSA 10,2025-11-08,700.00,USD,eBay,best offer,TRUE,,,PSA 10 Dark Hypno Team Rocket Holo Rare #9 Pokemon Unlimited 2000 GEM MINT #9,https://www.ebay.es/itm/286697107383,PriceCharting
Team Rocket,Dark Hypno,9/82,Unlimited,PSA 10,2025-10-30,687.00,USD,eBay,unknown,FALSE,,,DARK HYPNO PSA 10 2000 POKEMON TEAM ROCKET #9/82 HOLO GEM 868 9/82,https://www.ebay.es/itm/177512780962,PriceCharting
Team Rocket,Dark Hypno,9/82,Unlimited,PSA 10,2025-09-15,1199.98,USD,eBay,unknown,FALSE,,,PSA 10 Dark Hypno 9 Holo Unlimited 2000 Team Rocket Pokemon Graded Card GEM MINT #9,https://www.ebay.es/itm/257030989447,PriceCharting
Team Rocket,Dark Hypno,9/82,Unlimited,PSA 10,2025-07-23,290.15,USD,eBay,unknown,FALSE,,,PSA 10 Dark Hypno Team Rocket Holo Rare #9 Pokemon Unlimited 2000 GEM MINT #9,https://www.ebay.es/itm/388723688926,PriceCharting
Team Rocket,Dark Hypno,9/82,Unlimited,PSA 10,2025-05-06,250.50,USD,eBay,unknown,FALSE,,,PSA 10 Dark Hypno Team Rocket Holo Rare #9 Pokemon Unlimited 2000 GEM MINT #9,https://www.ebay.es/itm/167484171711,PriceCharting
Team Rocket,Dark Hypno,9/82,Unlimited,PSA 10,2025-04-29,285.00,USD,eBay,unknown,FALSE,,,PSA 10 Dark Hypno Team Rocket Holo Rare #9 Pokemon Unlimited 2000 GEM MINT #9,https://www.ebay.es/itm/396483249586,PriceCharting
Team Rocket,Dark Hypno,9/82,Unlimited,PSA 10,2025-03-06,249.99,USD,eBay,unknown,FALSE,,,Pokemon 2000 WOTC Unlimited Team Rocket Dark Hypno 9/82 Holo PSA 10 GEM MINT,https://www.ebay.es/itm/256389731665,PriceCharting
Team Rocket,Dark Hypno,9/82,Unlimited,PSA 10,2025-02-06,200.07,USD,eBay,unknown,FALSE,,,PSA 10 Dark Hypno Holo Rare 9/82 WOTC Vintage Pokémon | Team Rocket Pokemon TCG,https://www.ebay.es/itm/405493413906,PriceCharting
Team Rocket,Dark Hypno,9/82,Unlimited,PSA 10,2024-08-12,150.00,USD,eBay,unknown,FALSE,,,2000 Pokemon Dark Hypno PSA 10 Team Rocket Holo 9/82 WOTC Gem Mint,https://www.ebay.es/itm/326230496517,PriceCharting
Team Rocket,Dark Hypno,9/82,Unlimited,PSA 10,2024-06-12,160.00,USD,eBay,unknown,FALSE,,,Pokemon 2000 WOTC Unlimited Team Rocket Dark Hypno 9/82 Holo PSA 10 GEM MINT #9,https://www.ebay.es/itm/374958628852,PriceCharting
Team Rocket,Dark Hypno,9/82,Unlimited,PSA 10,2024-05-16,215.36,USD,eBay,unknown,FALSE,,,2000 POKEMON TEAM ROCKET DARK HYPNO HOLO PSA 10 GEM MINT POP 100 #9,https://www.ebay.es/itm/404925597100,PriceCharting
Team Rocket,Dark Hypno,9/82,Unlimited,PSA 10,2024-04-11,159.99,USD,eBay,unknown,FALSE,,,Pokemon 2000 WOTC Unlimited Team Rocket Dark Hypno 9/82 Holo PSA 10 GEM MINT,https://www.ebay.es/itm/145326579767,PriceCharting
Team Rocket,Dark Hypno,9/82,Unlimited,PSA 10,2023-11-27,189.20,USD,eBay,unknown,FALSE,,,PSA 10 Dark Hypno Holo #9 Team Rocket 2000 Pokemon TCG,https://www.ebay.es/itm/166449878053,PriceCharting
Team Rocket,Dark Machamp,10/82,1st Edition,PSA 8,2026-09-26,250.00,USD,eBay,best offer,TRUE,,,Pokémon TCG Dark Machamp Team Rocket Holo Rare 1st Ed 10/82 PSA 8 -DOUBLE SWIRL 10/82,https://www.ebay.es/itm/178510715164,PriceCharting
Team Rocket,Dark Machamp,10/82,1st Edition,PSA 8,2026-09-26,228.25,USD,eBay,best offer,TRUE,,,PSA 8 2000 Pokémon TCG Team Rocket Dark Machamp 10/82 Holo 1st Ed English 10/82,https://www.ebay.es/itm/188977248448,PriceCharting
Team Rocket,Dark Machamp,10/82,1st Edition,PSA 8,2026-09-11,184.99,USD,eBay,unknown,FALSE,,,Dark Machamp Holo 10/82 1st Edition Team Rocket Pokemon English PSA 8 #10,https://www.ebay.es/itm/188807766836,PriceCharting
Team Rocket,Dark Machamp,10/82,1st Edition,PSA 8,2026-09-10,180.00,USD,eBay,best offer,TRUE,,,Pokemon Company 2000 Team Rocket Dark Machamp Holo 1st Ed 10/82 PSA 8 10/82,https://www.ebay.es/itm/336781937499,PriceCharting
Team Rocket,Dark Machamp,10/82,1st Edition,PSA 8,2026-09-09,150.00,USD,eBay,best offer,TRUE,,,Pokemon 2000 Team Rocket Dark Machamp Holo 10/82 1st Edition English PSA 8 10/82,https://www.ebay.es/itm/820104817321,PriceCharting
Team Rocket,Dark Machamp,10/82,1st Edition,PSA 8,2026-09-07,180.00,USD,eBay,best offer,TRUE,,,Wizards of the Coast 2000 Pokemon Team Rocket Dark Machamp Holo 1st Ed PSA 8 10/82,https://www.ebay.es/itm/257710903031,PriceCharting
Team Rocket,Dark Machamp,10/82,1st Edition,PSA 8,2026-09-06,200.00,USD,eBay,best offer,TRUE,,,PSA 8 2000 Pokemon Team Rocket Dark Machamp 1st Edition Holo 10/82 EN 10/82,https://www.ebay.es/itm/227507807781,PriceCharting
Team Rocket,Dark Machamp,10/82,1st Edition,PSA 8,2026-08-24,154.50,USD,eBay,unknown,FALSE,,,Pokemon 2000 Dark Machamp 10/82 Holo Team Rocket 1st Edition PSA 8 10/82,https://www.ebay.es/itm/407142927572,PriceCharting
Team Rocket,Dark Machamp,10/82,1st Edition,PSA 8,2026-07-28,164.50,USD,eBay,unknown,FALSE,,,2000 Pokemon Team Rocket First Edition Dark Machamp Holo #10/82 PSA 8,https://www.ebay.es/itm/127988878543,PriceCharting
Team Rocket,Dark Machamp,10/82,1st Edition,PSA 8,2026-07-19,180.26,USD,eBay,unknown,FALSE,,,Pokemon Cards: Team Rocket 1st Edition Rare Holo: Dark Machamp 10/82 PSA 8 #10,https://www.ebay.es/itm/318569643000,PriceCharting
Team Rocket,Dark Machamp,10/82,1st Edition,PSA 8,2026-06-21,224.99,USD,eBay,unknown,FALSE,,,PSA 8 Pokemon Team Rocket 1st Edition Holo Rare Dark Machamp 10/82 NM/MINT!!,https://www.ebay.es/itm/227375998475,PriceCharting
Team Rocket,Dark Machamp,10/82,1st Edition,PSA 8,2026-06-14,175.00,USD,eBay,best offer,TRUE,,,Pokémon Team Rocket Dark Machamp 1st Edition Holo PSA 8 10/82 Holo Rare 10/82,https://www.ebay.es/itm/366403145175,PriceCharting
Team Rocket,Dark Machamp,10/82,1st Edition,PSA 8,2026-06-12,179.10,USD,eBay,unknown,FALSE,,,Pokémon Team Rocket Dark Machamp 1st Edition 10/82 Holo Holo Rare New Cert PSA 8 10/82,https://www.ebay.es/itm/198402376781,PriceCharting
Team Rocket,Dark Machamp,10/82,1st Edition,PSA 8,2026-05-19,162.50,USD,eBay,unknown,FALSE,,,Dark Machamp PSA 8 Pokemon WOTC 2000 Team Rocket First Edition Holo Rare 10/82 10/82,https://www.ebay.es/itm/236806887353,PriceCharting
Team Rocket,Dark Machamp,10/82,1st Edition,PSA 8,2026-05-10,190.00,USD,eBay,unknown,FALSE,,,DARK MACHAMP 2000 Pokemon Team Rocket 1st Edition Holo #10 - PSA 8 10/82,https://www.ebay.es/itm/188270941651,PriceCharting
Team Rocket,Dark Machamp,10/82,1st Edition,PSA 9,2026-09-21,275.00,USD,eBay,unknown,FALSE,,,Pokemon Dark Machamp Holo Team Rocket 10 1st Edition PSA 9 Mint #10,https://www.ebay.es/itm/287575937955,PriceCharting
Team Rocket,Dark Machamp,10/82,1st Edition,PSA 9,2026-09-13,385.00,USD,eBay,unknown,FALSE,,,Pokemon Dark Machamp Holo Team Rocket 10 1st Edition PSA 9 Mint #10,https://www.ebay.es/itm/287562815080,PriceCharting
Team Rocket,Dark Machamp,10/82,1st Edition,PSA 9,2026-09-07,395.00,USD,eBay,unknown,FALSE,,,Dark Machamp 10/82 Holo Rare - Pokémon 1st Edition Team Rocket PSA 9 Mint 10/82,https://www.ebay.es/itm/137680078074,PriceCharting
Team Rocket,Dark Machamp,10/82,1st Edition,PSA 9,2026-08-30,598.00,USD,eBay,unknown,FALSE,,,Pokemon Dark Machamp Holo Team Rocket 10 1st Edition PSA 9 Mint #10,https://www.ebay.es/itm/287541280098,PriceCharting
Team Rocket,Dark Machamp,10/82,1st Edition,PSA 9,2026-08-25,325.00,USD,eBay,best offer,TRUE,,,WotC 2000 Pokemon Team Rocket Dark Machamp 10/82 1st Ed Holo PSA 9 10/82,https://www.ebay.es/itm/158170541520,PriceCharting
Team Rocket,Dark Machamp,10/82,1st Edition,PSA 9,2026-08-19,324.00,USD,eBay,unknown,FALSE,,,Pokemon Dark Machamp - FIRST EDITION HOLO - PSA 9 MINT - #10/82 Team Rocket 1st 10/82,https://www.ebay.es/itm/336739225476,PriceCharting
Team Rocket,Dark Machamp,10/82,1st Edition,PSA 9,2026-08-18,389.06,USD,eBay,best offer,TRUE,,,PSA 9 Dark Machamp Holo 1st Edition Team Rocket 10/82 Pokémon WOTC & Swirl 🌀,https://www.ebay.es/itm/407124227695,PriceCharting
Team Rocket,Dark Machamp,10/82,1st Edition,PSA 9,2026-08-17,362.69,USD,eBay,unknown,FALSE,,,Pokemon Dark Machamp Holo Team Rocket 10 1st Edition PSA 9 Mint #10,https://www.ebay.es/itm/287511104912,PriceCharting
Team Rocket,Dark Machamp,10/82,1st Edition,PSA 9,2026-08-16,362.69,USD,eBay,unknown,FALSE,,,Pokemon Dark Machamp Holo Team Rocket 10 1st Edition PSA 9 Mint #10,https://www.ebay.es/itm/287511097101,PriceCharting
Team Rocket,Dark Machamp,10/82,1st Edition,PSA 9,2026-08-02,298.00,USD,eBay,unknown,FALSE,,,Pokemon Dark Machamp Holo Team Rocket 10 1st Edition PSA 9 Mint #10,https://www.ebay.es/itm/287482335172,PriceCharting
Team Rocket,Dark Machamp,10/82,1st Edition,PSA 9,2026-07-25,380.00,USD,eBay,unknown,FALSE,,,PSA 9 MINT Dark Machamp 10 Team Rocket 1st Edition Holo Pokemon Card #10,https://www.ebay.es/itm/147407892235,PriceCharting
Team Rocket,Dark Machamp,10/82,1st Edition,PSA 9,2026-07-19,306.00,USD,eBay,unknown,FALSE,,,Pokemon Dark Machamp Holo Team Rocket 10 1st Edition PSA 9 Mint #10,https://www.ebay.es/itm/287450316834,PriceCharting
Team Rocket,Dark Machamp,10/82,1st Edition,PSA 9,2026-07-18,349.99,USD,eBay,unknown,FALSE,,,Dark Machamp Holo Rare 10/82 1st Edition 2000 Team Rocket Pokemon English PSA 9 #10,https://www.ebay.es/itm/188569346878,PriceCharting
Team Rocket,Dark Machamp,10/82,1st Edition,PSA 9,2026-07-17,290.00,USD,eBay,unknown,FALSE,,,2000 Pokemon Team Rocket Dark Machamp Holo 1st Edition 10/82 PSA 9 10/82,https://www.ebay.es/itm/206385222081,PriceCharting
Team Rocket,Dark Machamp,10/82,1st Edition,PSA 9,2026-07-13,300.00,USD,eBay,best offer,TRUE,,,Pokemon Dark Machamp - FIRST EDITION HOLO - PSA 9 MINT - #10/82 Team Rocket 1st 10/82,https://www.ebay.es/itm/358779365360,PriceCharting
Team Rocket,Dark Machamp,10/82,1st Edition,PSA 9,2026-07-08,342.50,USD,eBay,unknown,FALSE,,,2000 Pokemon Team Rocket Dark Machamp Holo 1st Edition 10/82 PSA 9 - Case Crack 10/82,https://www.ebay.es/itm/358768800044,PriceCharting
Team Rocket,Dark Machamp,10/82,1st Edition,PSA 9,2026-07-06,340.00,USD,eBay,unknown,FALSE,,,Pokémon Dark Machamp Holo Rare Team Rocket 10/82 First Edition PSA 9 10/82,https://www.ebay.es/itm/358725327725,PriceCharting
Team Rocket,Dark Machamp,10/82,1st Edition,PSA 9,2026-06-27,375.00,USD,eBay,unknown,FALSE,,,2000 Pokemon Team Rocket Dark Machamp Holo 1st Edition 10/82 PSA 9 10/82,https://www.ebay.es/itm/287417381138,PriceCharting
Team Rocket,Dark Machamp,10/82,1st Edition,PSA 10,2026-08-24,3400.00,USD,eBay,unknown,FALSE,,,Pokemon Team Rocket Dark Machamp Holo 1st Edition #10 PSA 10 10/82,https://www.ebay.es/itm/267757466292,PriceCharting
Team Rocket,Dark Machamp,10/82,1st Edition,PSA 10,2026-08-03,3400.00,USD,eBay,unknown,FALSE,,,Pokemon Dark Machamp Holo Team Rocket 10 1st Edition PSA 10 Gem Mint #10,https://www.ebay.es/itm/287481269843,PriceCharting
Team Rocket,Dark Machamp,10/82,1st Edition,PSA 10,2026-07-06,2925.00,USD,eBay,unknown,FALSE,,,2000 Pokemon Team Rocket 1st Edition Dark Machamp #10 PSA 10 Gem Mint #10,https://www.ebay.es/itm/168499725018,PriceCharting
Team Rocket,Dark Machamp,10/82,1st Edition,PSA 10,2026-06-30,4000.00,USD,eBay,unknown,FALSE,,,Dark Machamp 2000 Pokemon Team Rocket 1st Edition #10 SWIRL Holo PSA 10 #Oct-82,https://www.ebay.es/itm/157981983572,PriceCharting
Team Rocket,Dark Machamp,10/82,1st Edition,PSA 10,2026-05-24,3255.00,USD,eBay,unknown,FALSE,,,Pokemon Dark Machamp Team Rocket 1st Edition Holo Rare #10 PSA 10 Gem Mint,https://www.ebay.es/itm/287331907748,PriceCharting
Team Rocket,Dark Machamp,10/82,1st Edition,PSA 10,2026-04-12,3900.00,USD,eBay,unknown,FALSE,,,Pokemon Dark Machamp Team Rocket 1st Edition Holo Rare #10 PSA 10 Gem Mint,https://www.ebay.es/itm/287247568937,PriceCharting
Team Rocket,Dark Machamp,10/82,1st Edition,PSA 10,2026-03-22,5031.86,USD,eBay,unknown,FALSE,,,2000 POKEMON TEAM ROCKET 1ST EDITION #10/82 DARK MACHAMP HOLO RARE PSA 10 10/82,https://www.ebay.es/itm/206136290020,PriceCharting
Team Rocket,Dark Machamp,10/82,1st Edition,PSA 10,2026-02-18,3750.00,USD,eBay,unknown,FALSE,,,Pokemon Dark Machamp Team Rocket 1st Edition Holo Rare #10 PSA 10 Gem Mint,https://www.ebay.es/itm/287148714983,PriceCharting
Team Rocket,Dark Machamp,10/82,1st Edition,PSA 10,2025-07-18,850.00,USD,eBay,unknown,FALSE,,,2000 Pokemon Team Rocket Dark Machamp Holo 1st Edition PSA 10 #10 #10,https://www.ebay.es/itm/406054712227,PriceCharting
Team Rocket,Dark Machamp,10/82,1st Edition,PSA 10,2025-02-03,960.00,USD,eBay,unknown,FALSE,,,Pokemon Dark Machamp Team Rocket 1st Edition Holo Rare #10 PSA 10 Gem Mint,https://www.ebay.es/itm/286282545605,PriceCharting
Team Rocket,Dark Machamp,10/82,1st Edition,PSA 10,2024-09-16,460.00,USD,eBay,unknown,FALSE,,,Pokemon Dark Machamp Team Rocket 1st Edition Holo Rare #10 PSA 10 Gem Mint,https://www.ebay.es/itm/286047445663,PriceCharting
Team Rocket,Dark Machamp,10/82,1st Edition,PSA 10,2024-09-01,559.87,USD,eBay,unknown,FALSE,,,1st Edition Dark Machamp Holo | 10/82 | PSA 10 | Team Rocket | Pokemon Card,https://www.ebay.es/itm/166936896582,PriceCharting
Team Rocket,Dark Machamp,10/82,1st Edition,PSA 10,2024-08-28,485.00,USD,eBay,unknown,FALSE,,,2000 Pokemon Team Rocket 1st Edition #10 Dark Machamp Holo PSA 10 GEM MINT,https://www.ebay.es/itm/365077348941,PriceCharting
Team Rocket,Dark Machamp,10/82,1st Edition,PSA 10,2024-07-31,550.00,USD,eBay,unknown,FALSE,,,Dark Machamp 1st Edition Holo Team Rocket Pokemon #10/82 PSA 10 10/82,https://www.ebay.es/itm/126524929451,PriceCharting
Team Rocket,Dark Machamp,10/82,1st Edition,PSA 10,2024-07-19,510.00,USD,eBay,unknown,FALSE,,,Pokemon PSA 10 1st Edition Dark Machamp Holo - 10/82 Team Rocket GEM MINT 10/82,https://www.ebay.es/itm/335416595048,PriceCharting
Team Rocket,Dark Machamp,10/82,1st Edition,PSA 10,2024-07-08,465.00,USD,eBay,unknown,FALSE,,,Pokemon Dark Machamp 1st Edition PSA 10 Gem Mint Holo Team Rocket 10/82 #82,https://www.ebay.es/itm/226224010700,PriceCharting
Team Rocket,Dark Machamp,10/82,1st Edition,PSA 10,2024-03-12,519.00,USD,eBay,unknown,FALSE,,,2000 Pokemon Team Rocket 1st Edition Dark Machamp Holo #10 PSA 10 #10,https://www.ebay.es/itm/196278609610,PriceCharting
Team Rocket,Dark Machamp,10/82,1st Edition,PSA 10,2024-03-07,450.00,USD,eBay,unknown,FALSE,,,2000 Pokemon Team Rocket 1st Edition Dark Machamp Holo #10 PSA 10 #10,https://www.ebay.es/itm/375282101410,PriceCharting
Team Rocket,Dark Machamp,10/82,1st Edition,PSA 10,2024-02-28,485.00,USD,eBay,unknown,FALSE,,,2000 Pokemon Team Rocket 1st Edition Dark Machamp Holo #10 PSA 10 #10,https://www.ebay.es/itm/375278919421,PriceCharting
Team Rocket,Dark Machamp,10/82,1st Edition,PSA 10,2024-02-25,440.00,USD,eBay,unknown,FALSE,,,2000 Pokemon Team Rocket 1st Edition Dark Machamp Holo 10/82 PSA 10 #10,https://www.ebay.es/itm/375270267656,PriceCharting
Team Rocket,Dark Machamp,10/82,1st Edition,PSA 10,2023-11-20,460.00,USD,eBay,unknown,FALSE,,,2000 POKEMON TEAM ROCKET 1ST EDITION HOLO DARK MACHAMP #10 PSA 10 GEM MINT,https://www.ebay.es/itm/404564172897,PriceCharting
Team Rocket,Dark Machamp,10/82,Unlimited,PSA 8,2026-09-28,91.00,USD,eBay,unknown,FALSE,,,Dark Machamp 10/82 PSA 8 Holo Rare Team Rocket TR Pokemon English 2000 Vintage 10/82,https://www.ebay.es/itm/237073932911,PriceCharting
Team Rocket,Dark Machamp,10/82,Unlimited,PSA 8,2026-09-19,96.00,USD,eBay,unknown,FALSE,,,2000 Pokemon Team Rocket Dark Machamp Holo #10 PSA 8 NM-MT Vintage,https://www.ebay.es/itm/398378534311,PriceCharting
Team Rocket,Dark Machamp,10/82,Unlimited,PSA 8,2026-08-17,110.00,USD,eBay,unknown,FALSE,,,Pokemon 2000 Dark Machamp Team Rocket Holo PSA 8 10/82,https://www.ebay.es/itm/800480941911,PriceCharting
Team Rocket,Dark Machamp,10/82,Unlimited,PSA 8,2026-08-14,110.00,USD,eBay,unknown,FALSE,,,2000 Pokemon Team Rocket Dark Machamp 10/82 Rare Holo PSA 8 NM-MINT 10/82,https://www.ebay.es/itm/267756589995,PriceCharting
Team Rocket,Dark Machamp,10/82,Unlimited,PSA 8,2026-08-09,125.00,USD,eBay,unknown,FALSE,,,2000 Pokemon Team Rocket Dark Machamp 10 Holo WOTC NM-MT Near Mint PSA 8 10/82,https://www.ebay.es/itm/358743500510,PriceCharting
Team Rocket,Dark Machamp,10/82,Unlimited,PSA 8,2026-07-31,67.33,USD,eBay,best offer,TRUE,,,"Pokemon Dark Machamp Holo Card #68 Team Rocket Series, PSA 8 With Swirl 10/82",https://www.ebay.es/itm/307087783824,PriceCharting
Team Rocket,Dark Machamp,10/82,Unlimited,PSA 8,2026-07-13,90.00,USD,eBay,best offer,TRUE,,,Pokemon TCG Team Rocket Dark Machamp 10/82 Holo PSA 8 2000 English 10/82,https://www.ebay.es/itm/398163140614,PriceCharting
Team Rocket,Dark Machamp,10/82,Unlimited,PSA 8,2026-07-12,105.00,USD,eBay,best offer,TRUE,,,2000 Pokemon Team Rocket Dark Machamp Holo #10/82 PSA 8 NM NEW CERT 10/82,https://www.ebay.es/itm/298481615854,PriceCharting
Team Rocket,Dark Machamp,10/82,Unlimited,PSA 8,2026-07-05,90.00,USD,eBay,best offer,TRUE,,,Pokemon Dark Machamp Team Rocket 10/82 Rare Holo PSA 8 10/82,https://www.ebay.es/itm/336664947375,PriceCharting
Team Rocket,Dark Machamp,10/82,Unlimited,PSA 8,2026-07-03,75.00,USD,eBay,unknown,FALSE,,,PSA 8 Pokemon TCG - 2000 Dark Machamp 10/82 Team Rocket Holo 10/82,https://www.ebay.es/itm/206379024272,PriceCharting
Team Rocket,Dark Machamp,10/82,Unlimited,PSA 8,2026-06-26,90.00,USD,eBay,best offer,TRUE,,,Pokémon Dark Machamp Holo Rare TCG Card 10/82 Team Rocket Unlimited PSA 8 SWIRL! 10/82,https://www.ebay.es/itm/287416006376,PriceCharting
Team Rocket,Dark Machamp,10/82,Unlimited,PSA 8,2026-06-22,94.00,USD,eBay,unknown,FALSE,,,Pokemon Dark Machamp Team Rocket Unlimited Holo Rare #10 PSA 8,https://www.ebay.es/itm/287384768017,PriceCharting
Team Rocket,Dark Machamp,10/82,Unlimited,PSA 8,2026-05-30,110.00,USD,eBay,unknown,FALSE,,,2000 Pokémon Team Rocket Dark Machamp #10 (Holo) (PSA 8) 10/82,https://www.ebay.es/itm/397603295285,PriceCharting
Team Rocket,Dark Machamp,10/82,Unlimited,PSA 8,2026-05-22,85.90,USD,eBay,unknown,FALSE,,,DARK MACHAMP 2000 POKEMON TEAM ROCKET HOLO #10/82 PSA 8 Q1345 #10,https://www.ebay.es/itm/277987199581,PriceCharting
Team Rocket,Dark Machamp,10/82,Unlimited,PSA 9,2026-09-27,175.00,USD,eBay,best offer,TRUE,,,Pokemon 2000 Team Rocket Dark Machamp 10/82 Holo Rare English PSA 9 10/82,https://www.ebay.es/itm/178514524021,PriceCharting
Team Rocket,Dark Machamp,10/82,Unlimited,PSA 9,2026-09-20,192.50,USD,eBay,unknown,FALSE,,,Pokemon 2000 Team Rocket Dark Machamp 10/82 Holo Rare English PSA 9 10/82,https://www.ebay.es/itm/178493633005,PriceCharting
Team Rocket,Dark Machamp,10/82,Unlimited,PSA 9,2026-09-13,159.95,USD,eBay,unknown,FALSE,,,Pokemon 2000 Dark Machamp 10/82 Holo Team Rocket PSA 9 10/82,https://www.ebay.es/itm/137686726843,PriceCharting
Team Rocket,Dark Machamp,10/82,Unlimited,PSA 9,2026-09-06,125.00,USD,eBay,unknown,FALSE,,,Pokemon Team Rocket Dark Machamp Holo PSA 9 10/82,https://www.ebay.es/itm/147511968601,PriceCharting
Team Rocket,Dark Machamp,10/82,Unlimited,PSA 9,2026-08-08,158.50,USD,eBay,unknown,FALSE,,,Pokemon 2000 Dark Machamp 10/82 Holo Team Rocket PSA 9 10/82,https://www.ebay.es/itm/407111795065,PriceCharting
Team Rocket,Dark Machamp,10/82,Unlimited,PSA 9,2026-08-05,175.00,USD,eBay,unknown,FALSE,,,Pokemon Team Rocket Dark Machamp Holo Rare 10/82 PSA 9 Mint 2000 Unlimited 10/82,https://www.ebay.es/itm/227397444487,PriceCharting
Team Rocket,Dark Machamp,10/82,Unlimited,PSA 9,2026-07-12,199.97,USD,eBay,unknown,FALSE,,,Dark Machamp 10/82 Holo PSA 9 Pokemon Card Team Rocket WOTC 2000 #10,https://www.ebay.es/itm/206296576396,PriceCharting
Team Rocket,Dark Machamp,10/82,Unlimited,PSA 9,2026-07-09,165.00,USD,eBay,unknown,FALSE,,,Pokemon 2000 Team Rocket Dark Machamp Holo Rare 10/82 PSA 9 Mint 10/82,https://www.ebay.es/itm/127956885848,PriceCharting
Team Rocket,Dark Machamp,10/82,Unlimited,PSA 9,2026-07-01,175.00,USD,eBay,best offer,TRUE,,,2000 POKEMON TEAM ROCKET | PSA 9 | DARK MACHAMP HOLO #10 🔥💎 #10,https://www.ebay.es/itm/389899404375,PriceCharting
Team Rocket,Dark Machamp,10/82,Unlimited,PSA 9,2026-05-31,164.99,USD,eBay,best offer,TRUE,,,2000 POKEMON TEAM ROCKET | PSA 9 | DARK MACHAMP HOLO #10 Swirl 💫 #10,https://www.ebay.es/itm/287361537944,PriceCharting
Team Rocket,Dark Machamp,10/82,Unlimited,PSA 9,2026-05-26,219.95,USD,eBay,unknown,FALSE,,,Pokémon Dark Machamp Holo Rare PSA 9 Card 10/82 Team Rocket Unlimited 2000 10/82,https://www.ebay.es/itm/117208522936,PriceCharting
Team Rocket,Dark Machamp,10/82,Unlimited,PSA 9,2026-05-24,130.00,USD,eBay,unknown,FALSE,,,2000 POKEMON TEAM ROCKET | PSA 9 | DARK MACHAMP HOLO #10 10/82,https://www.ebay.es/itm/366415731664,PriceCharting
Team Rocket,Dark Machamp,10/82,Unlimited,PSA 9,2026-05-16,120.00,USD,eBay,unknown,FALSE,,,2000 POKEMON TEAM ROCKET | PSA 9 | DARK MACHAMP HOLO #10 #10,https://www.ebay.es/itm/327152606649,PriceCharting
Team Rocket,Dark Machamp,10/82,Unlimited,PSA 9,2026-04-19,142.12,USD,eBay,unknown,FALSE,,,PSA 9 Dark Machamp Holo Rare 10/82 Team Rocket Pokémon English WOTC SWIRL Mint #10,https://www.ebay.es/itm/267634281449,PriceCharting
Team Rocket,Dark Machamp,10/82,Unlimited,PSA 9,2026-03-26,130.00,USD,eBay,unknown,FALSE,,,2000 POKEMON TEAM ROCKET PSA 9 DARK MACHAMP HOLO #10 #10,https://www.ebay.es/itm/157782842991,PriceCharting
Team Rocket,Dark Machamp,10/82,Unlimited,PSA 9,2026-03-22,108.72,USD,eBay,unknown,FALSE,,,2000 Pokemon Team Rocket Dark Machamp Holo #10 PSA 9 MINT Graded Card #10,https://www.ebay.es/itm/389752260729,PriceCharting
Team Rocket,Dark Machamp,10/82,Unlimited,PSA 9,2026-03-15,149.00,USD,eBay,unknown,FALSE,,,2000 Pokemon Team Rocket Dark Machamp Holo #10 PSA 9 MINT Graded Card #10,https://www.ebay.es/itm/267565511001,PriceCharting
Team Rocket,Dark Machamp,10/82,Unlimited,PSA 9,2026-03-13,130.00,USD,eBay,best offer,TRUE,,,2000 Pokemon Team Rocket DARK MACHAMP - Holo #10 PSA 9 MINT #10,https://www.ebay.es/itm/127669216598,PriceCharting
Team Rocket,Dark Machamp,10/82,Unlimited,PSA 9,2026-03-02,149.99,USD,eBay,unknown,FALSE,,,PSA 9 Dark Machamp Holo Rare 10/82 Team Rocket Pokémon English WOTC SWIRL Mint #10,https://www.ebay.es/itm/188110198742,PriceCharting
Team Rocket,Dark Machamp,10/82,Unlimited,PSA 9,2026-02-25,126.00,USD,eBay,unknown,FALSE,,,2000 Pokemon Team Rocket Dark Machamp Holo #10 PSA 9 MINT Graded Card #10,https://www.ebay.es/itm/327010964026,PriceCharting
Team Rocket,Dark Machamp,10/82,Unlimited,PSA 10,2026-06-27,3240.00,USD,eBay,best offer,TRUE,,,PSA 10 - 2000 Pokemon Team Rocket - Dark Machamp Holo #10/82 10/82,https://www.ebay.es/itm/117239173463,PriceCharting
Team Rocket,Dark Machamp,10/82,Unlimited,PSA 10,2026-03-29,2351.50,USD,eBay,unknown,FALSE,,,DARK MACHAMP HOLO POKEMON ROCKET 2000 10 PSA 10,https://www.ebay.es/itm/137147158073,PriceCharting
Team Rocket,Dark Machamp,10/82,Unlimited,PSA 10,2026-03-17,749.71,USD,eBay,best offer,TRUE,,,Dark Machamp 1997 Team Rocket 10 Holo Unlimited Holo Rare Pokemon Card JP PSA 10 10/82,https://www.ebay.es/itm/317989613796,PriceCharting
Team Rocket,Dark Machamp,10/82,Unlimited,PSA 10,2024-07-21,293.00,USD,eBay,unknown,FALSE,,,PSA 10 GEM Dark Machamp Team Rocket Unlimited Holo Pokemon Card 10/82 LOW POP #10,https://www.ebay.es/itm/266907834970,PriceCharting
Team Rocket,Dark Machamp,10/82,Unlimited,PSA 10,2024-05-21,475.00,USD,eBay,unknown,FALSE,,,PSA 10 GEM Dark Machamp Team Rocket Unlimited Holo Pokemon Card 10/82 MG1 #10,https://www.ebay.es/itm/226083391628,PriceCharting
Team Rocket,Dark Machamp,10/82,Unlimited,PSA 10,2023-10-25,350.00,USD,eBay,unknown,FALSE,,,2000 Pokemon Team Rocket Holo Dark Machamp #10 - PSA 10 GEM MINT 💎 #10,https://www.ebay.es/itm/324667799948,PriceCharting
Team Rocket,Dark Magneton,11/82,1st Edition,PSA 8,2026-09-26,245.81,USD,eBay,best offer,TRUE,,,PSA 8 2000 Pokémon TCG Team Rocket Dark Magneton #11 1st Edition Holo EN #11,https://www.ebay.es/itm/188977272206,PriceCharting
Team Rocket,Dark Magneton,11/82,1st Edition,PSA 8,2026-09-21,160.00,USD,eBay,best offer,TRUE,,,Dark Magneton 11/82 Holo PSA 8 - 2000 Pokemon Team Rocket 1st Edition 11/82,https://www.ebay.es/itm/366649560996,PriceCharting
Team Rocket,Dark Magneton,11/82,1st Edition,PSA 8,2026-09-18,132.50,USD,eBay,unknown,FALSE,,,2000 Pokemon Team Rocket First Edition Dark Magneton Holo #11/82 PSA 8,https://www.ebay.es/itm/128075919790,PriceCharting
Team Rocket,Dark Magneton,11/82,1st Edition,PSA 8,2026-09-08,189.57,USD,eBay,best offer,TRUE,,,Pokémon 1st Edition Team Rocket Dark Magneton Holo 11/82 PSA 8,https://www.ebay.es/itm/206093887549,PriceCharting
Team Rocket,Dark Magneton,11/82,1st Edition,PSA 8,2026-09-06,123.50,USD,eBay,unknown,FALSE,,,Pokemon Dark Magneton Holo Team Rocket 11 1st Edition PSA 8 #11,https://www.ebay.es/itm/287552957203,PriceCharting
Team Rocket,Dark Magneton,11/82,1st Edition,PSA 8,2026-09-04,169.99,USD,eBay,unknown,FALSE,,,Dark Magneton Holo 11 1st Edition Team Rocket Pokemon PSA 8 #11,https://www.ebay.es/itm/188400566344,PriceCharting
Team Rocket,Dark Magneton,11/82,1st Edition,PSA 8,2026-08-30,179.00,USD,eBay,unknown,FALSE,,,Dark Magneton 11/82 1st Edition Team Rocket 2000 Pokemon Holo PSA 8 NM-MT #Nov-82,https://www.ebay.es/itm/800025677985,PriceCharting
Team Rocket,Dark Magneton,11/82,1st Edition,PSA 8,2026-08-30,117.78,USD,eBay,unknown,FALSE,,,2000 Pokémon Team Rocket 1st Edition 11/82 Dark Magneton Holo PSA 8 DBL SWIRL 🌀 11/82,https://www.ebay.es/itm/188828523237,PriceCharting
Team Rocket,Dark Magneton,11/82,1st Edition,PSA 8,2026-08-26,140.00,USD,eBay,best offer,TRUE,,,Pokemon 2000 Team Rocket Dark Magneton 11/82 1st Edition Holo PSA 8 11/82,https://www.ebay.es/itm/307145865242,PriceCharting
Team Rocket,Dark Magneton,11/82,1st Edition,PSA 8,2026-08-15,225.00,USD,eBay,unknown,FALSE,,,PSA 8 MINT Dark Magneton 11 Team Rocket 1st Edition Holo Pokemon Card 🌀SWIRL #11,https://www.ebay.es/itm/227453692102,PriceCharting
Team Rocket,Dark Magneton,11/82,1st Edition,PSA 8,2026-08-05,140.00,USD,eBay,unknown,FALSE,,,Dark Magneton 1st Edition 2000 Team Rocket Holo #11/82 PSA 8 Pokemon Card 11/82,https://www.ebay.es/itm/257657429401,PriceCharting
Team Rocket,Dark Magneton,11/82,1st Edition,PSA 8,2026-07-24,122.50,USD,eBay,unknown,FALSE,,,2000 WOTC POKEMON TEAM ROCKET 1ST EDITION DARK MAGNETON #11/82 HOLO RARE PSA 8 11/82,https://www.ebay.es/itm/358793112648,PriceCharting
Team Rocket,Dark Magneton,11/82,1st Edition,PSA 8,2026-07-16,150.00,USD,eBay,unknown,FALSE,,,Dark Magneton Holo 11 1st Edition Team Rocket Pokemon PSA 8 #11,https://www.ebay.es/itm/158077553946,PriceCharting
Team Rocket,Dark Magneton,11/82,1st Edition,PSA 9,2026-09-21,425.00,USD,eBay,unknown,FALSE,,,Pokemon Dark Magneton Holo Team Rocket 11 1st Edition PSA 9 Mint #11,https://www.ebay.es/itm/287575937934,PriceCharting
Team Rocket,Dark Magneton,11/82,1st Edition,PSA 9,2026-09-12,495.00,USD,eBay,unknown,FALSE,,,2000 Pokemon Dark Magneton Holo Team Rocket #11 1st Edition PSA 9 #11,https://www.ebay.es/itm/188891223003,PriceCharting
Team Rocket,Dark Magneton,11/82,1st Edition,PSA 9,2026-09-03,405.00,USD,eBay,unknown,FALSE,,,2000 Pokemon Team Rocket First Edition Dark Magneton Holo #11/82 PSA 9,https://www.ebay.es/itm/377454268614,PriceCharting
Team Rocket,Dark Magneton,11/82,1st Edition,PSA 9,2026-08-16,610.00,USD,eBay,unknown,FALSE,,,Pokemon Dark Magneton Holo Team Rocket 11 1st Edition PSA 9 Mint #11,https://www.ebay.es/itm/287511104876,PriceCharting
Team Rocket,Dark Magneton,11/82,1st Edition,PSA 9,2026-08-04,450.00,USD,eBay,best offer,TRUE,,,PSA 9 MINT Dark Magneton 11 Team Rocket 1st Edition Holo Pokemon Card #11,https://www.ebay.es/itm/147422789646,PriceCharting
Team Rocket,Dark Magneton,11/82,1st Edition,PSA 9,2026-08-02,360.01,USD,eBay,unknown,FALSE,,,Pokemon Dark Magneton Holo Team Rocket 11 1st Edition PSA 9 Mint #11,https://www.ebay.es/itm/287481269333,PriceCharting
Team Rocket,Dark Magneton,11/82,1st Edition,PSA 9,2026-06-29,445.00,USD,eBay,unknown,FALSE,,,Pokemon Team Rocket Dark Magneton Holo Rare 11/82 First Edition PSA 9 11/82,https://www.ebay.es/itm/358699481547,PriceCharting
Team Rocket,Dark Magneton,11/82,1st Edition,PSA 9,2026-06-27,500.00,USD,eBay,best offer,TRUE,,,Dark Magneton 11/82 Holo Rare First Edition-2000 Pokémon Team Rocket- PSA 9 MINT 11/82,https://www.ebay.es/itm/298450778715,PriceCharting
Team Rocket,Dark Magneton,11/82,1st Edition,PSA 9,2026-06-14,490.00,USD,eBay,unknown,FALSE,,,Pokemon Dark Magneton Team Rocket 1st Edition Holo Rare #11 PSA 9 Mint,https://www.ebay.es/itm/287372420261,PriceCharting
Team Rocket,Dark Magneton,11/82,1st Edition,PSA 9,2026-06-08,526.00,USD,eBay,unknown,FALSE,,,Pokemon Dark Magneton Team Rocket 1st Edition Holo Rare #11 PSA 9 Mint,https://www.ebay.es/itm/287361552034,PriceCharting
Team Rocket,Dark Magneton,11/82,1st Edition,PSA 9,2026-05-31,600.38,USD,eBay,unknown,FALSE,,,Pokémon 1st Edition Team Rocket Dark Magneton Holo 11/82 PSA 9 Mint Swirl 11/82,https://www.ebay.es/itm/267685802487,PriceCharting
Team Rocket,Dark Magneton,11/82,1st Edition,PSA 9,2026-05-18,472.00,USD,eBay,unknown,FALSE,,,Pokemon Dark Magneton Team Rocket 1st Edition Holo Rare #11 PSA 9 Mint,https://www.ebay.es/itm/287318119824,PriceCharting
Team Rocket,Dark Magneton,11/82,1st Edition,PSA 9,2026-04-17,399.99,USD,eBay,unknown,FALSE,,,DARK MAGNETON PSA 9 2000 POKEMON TEAM ROCKET FIRST EDITION #11/82 HOLO 7502 #Nov-82,https://www.ebay.es/itm/358369890063,PriceCharting
Team Rocket,Dark Magneton,11/82,1st Edition,PSA 9,2026-03-30,365.00,USD,eBay,best offer,TRUE,,,Pokémon TCG Dark Magneton 11/82 Team Rocket Holo 1st Edition PSA 9 11/82,https://www.ebay.es/itm/127768924712,PriceCharting
Team Rocket,Dark Magneton,11/82,1st Edition,PSA 9,2026-03-26,380.12,USD,eBay,unknown,FALSE,,,PSA 9 MINT Pokemon Dark Magneton Team Rocket 1st Edition Holo 11/82,https://www.ebay.es/itm/198175546394,PriceCharting
Team Rocket,Dark Magneton,11/82,1st Edition,PSA 10,2025-10-04,8900.00,USD,eBay,unknown,FALSE,,,Pokemon Dark Magneton Team Rocket 1st Edition Holo Rare #11 PSA 10 Gem Mint,https://www.ebay.es/itm/286777389546,PriceCharting
Team Rocket,Dark Magneton,11/82,1st Edition,PSA 10,2025-05-26,7450.00,USD,eBay,unknown,FALSE,,,Pokemon Dark Magneton Team Rocket 1st Edition Holo Rare #11 PSA 10 Gem Mint,https://www.ebay.es/itm/286572052628,PriceCharting
Team Rocket,Dark Magneton,11/82,1st Edition,PSA 10,2025-03-13,5050.00,USD,eBay,unknown,FALSE,,,2000 Pokemon Rocket 1st Edition #11 Dark Magneton Holo PSA 10 GEM MINT,https://www.ebay.es/itm/365441867332,PriceCharting
Team Rocket,Dark Magneton,11/82,1st Edition,PSA 10,2024-08-26,7500.00,USD,eBay,unknown,FALSE,,,Pokémon TCG Dark Magneton Team Rocket 11/82 Holo 1st Edition PSA 10 Low Pop 11/82,https://www.ebay.es/itm/176520935851,PriceCharting
Team Rocket,Dark Magneton,11/82,1st Edition,PSA 10,2024-08-06,6148.18,USD,eBay,unknown,FALSE,,,Pokemon Team Rocket 1st. Edition Dark Magneton Holo PSA 10 Gem Mint - WOTC 2000,https://www.ebay.es/itm/276581835391,PriceCharting
Team Rocket,Dark Magneton,11/82,1st Edition,PSA 10,2024-06-13,7000.00,USD,eBay,unknown,FALSE,,,Pokemon Dark Magneton 1st Edition Holo 2000 PSA 10 Low Pop,https://www.ebay.es/itm/355619582374,PriceCharting
Team Rocket,Dark Magneton,11/82,Unlimited,PSA 8,2026-09-18,105.00,USD,eBay,unknown,FALSE,,,2000 Pokemon Team Rocket Dark Magneton Holo Rare #11 PSA 8 #11,https://www.ebay.es/itm/820107630520,PriceCharting
Team Rocket,Dark Magneton,11/82,Unlimited,PSA 8,2026-09-03,142.00,USD,eBay,unknown,FALSE,,,Pokemon TCG Dark Magneton Team Rocket 11/82 Swirl Holo Rare PSA 8 NM-MT,https://www.ebay.es/itm/257112754445,PriceCharting
Team Rocket,Dark Magneton,11/82,Unlimited,PSA 8,2026-08-25,110.00,USD,eBay,unknown,FALSE,,,2000 Pokemon Team Rocket Dark Magneton 11/82 Rare Holo PSA 8 NM-MINT 11/82,https://www.ebay.es/itm/267756565724,PriceCharting
Team Rocket,Dark Magneton,11/82,Unlimited,PSA 8,2026-08-14,75.00,USD,eBay,best offer,TRUE,,,Pokemon TCG Dark Magneton 11/82 Team Rocket Holo Rare English 2000 PSA 8 11/82,https://www.ebay.es/itm/178380469139,PriceCharting
Team Rocket,Dark Magneton,11/82,Unlimited,PSA 8,2026-08-04,87.00,USD,eBay,best offer,TRUE,,,Pokemon TCG: PSA 8 2000 Team Rocket Dark Magneton 11/82 Vintage Holo WOTC #11,https://www.ebay.es/itm/358880324029,PriceCharting
Team Rocket,Dark Magneton,11/82,Unlimited,PSA 8,2026-08-02,71.32,USD,eBay,unknown,FALSE,,,Pokemon TCG - Team Rocket Unlimited - Holo Dark Magneton 11/82 - PSA 8 11/82,https://www.ebay.es/itm/407014248931,PriceCharting
Team Rocket,Dark Magneton,11/82,Unlimited,PSA 8,2026-07-26,99.99,USD,eBay,unknown,FALSE,,,2000 DARK MAGNETON HOLO RARE TEAM ROCKET POKEMON TCG PSA 8 NM-MINT #11/82 11/82,https://www.ebay.es/itm/127960942510,PriceCharting
Team Rocket,Dark Magneton,11/82,Unlimited,PSA 8,2026-07-09,82.00,USD,eBay,best offer,TRUE,,,2000 Pokemon Team Rocket Dark Magneton 11/82 Vintage Holo Foil Rare WOTC PSA 8 #11,https://www.ebay.es/itm/198480007852,PriceCharting
Team Rocket,Dark Magneton,11/82,Unlimited,PSA 8,2026-07-08,110.00,USD,eBay,unknown,FALSE,,,PSA 8 Dark Magneton 11/82 Holo Rare SWIRL Team Rocket Pokemon Card Graded #Nov-82,https://www.ebay.es/itm/227346747616,PriceCharting
Team Rocket,Dark Magneton,11/82,Unlimited,PSA 8,2026-07-05,90.00,USD,eBay,unknown,FALSE,,,"Pokémon Dark Magneton TCG Card 11/82 Team Rocket Holo Rare PSA 8, Vintage 11/82",https://www.ebay.es/itm/137281044442,PriceCharting
Team Rocket,Dark Magneton,11/82,Unlimited,PSA 8,2026-06-29,70.00,USD,eBay,unknown,FALSE,,,Pokemon TCG Team Rocket Dark Magneton 11/82 Holo Rare English PSA 8 2000 11/82,https://www.ebay.es/itm/398116627405,PriceCharting
Team Rocket,Dark Magneton,11/82,Unlimited,PSA 8,2026-06-27,70.00,USD,eBay,best offer,TRUE,,,2000 Pokemon TCG Team Rocket Dark Magneton Holo Rare 11/82 English PSA 8 11/82,https://www.ebay.es/itm/168492263708,PriceCharting
Team Rocket,Dark Magneton,11/82,Unlimited,PSA 8,2026-04-28,75.00,USD,eBay,unknown,FALSE,,,Pokemon Team Rocket Dark Magneton Holo PSA 8 11/82 11/82,https://www.ebay.es/itm/377124505177,PriceCharting
Team Rocket,Dark Magneton,11/82,Unlimited,PSA 8,2026-04-18,66.00,USD,eBay,unknown,FALSE,,,Pokémon Dark Magneton Team Rocket Holo Rare PSA 8 11/82 2000 English Unlimited 11/82,https://www.ebay.es/itm/318163281052,PriceCharting
Team Rocket,Dark Magneton,11/82,Unlimited,PSA 8,2026-04-06,68.00,USD,eBay,unknown,FALSE,,,Dark Magneton Holo 2000 Pokemon Team Rocket #11 PSA 8 NM Vintage Swirl New Cert! #11,https://www.ebay.es/itm/198228687741,PriceCharting
Team Rocket,Dark Magneton,11/82,Unlimited,PSA 8,2026-04-03,91.00,USD,eBay,unknown,FALSE,,,Pokemon Team Rocket Dark Magneton Holo PSA 8 11/82,https://www.ebay.es/itm/287140310540,PriceCharting
Team Rocket,Dark Magneton,11/82,Unlimited,PSA 8,2026-03-30,74.55,USD,eBay,unknown,FALSE,,,PSA 8 Dark Magneton 11/82 Team Rocket 🚀 Set Pokemon Card,https://www.ebay.es/itm/357956122108,PriceCharting
Team Rocket,Dark Magneton,11/82,Unlimited,PSA 8,2026-03-16,57.00,USD,eBay,unknown,FALSE,,,Dark Magneton Holo 2000 Pokemon Team Rocket #11 PSA 8 NM Vintage Swirl In Holo,https://www.ebay.es/itm/157736358051,PriceCharting
Team Rocket,Dark Magneton,11/82,Unlimited,PSA 8,2026-03-15,73.39,USD,eBay,unknown,FALSE,,,Pokemon TCG Dark Magneton Team Rocket 11/82 Holo Rare PSA 8 NM-MT,https://www.ebay.es/itm/168160162992,PriceCharting
Team Rocket,Dark Magneton,11/82,Unlimited,PSA 9,2026-09-21,223.50,USD,eBay,unknown,FALSE,,,Pokemon TCG 2000 Team Rocket Dark Magneton 11/82 Holo PSA 9 SWIRL 🌀 11/82,https://www.ebay.es/itm/398394844109,PriceCharting
Team Rocket,Dark Magneton,11/82,Unlimited,PSA 9,2026-08-31,275.00,USD,eBay,unknown,FALSE,,,Pokemon Team Rocket Dark Magneton PSA 9 11/82,https://www.ebay.es/itm/147510017181,PriceCharting
Team Rocket,Dark Magneton,11/82,Unlimited,PSA 9,2026-08-21,246.50,USD,eBay,unknown,FALSE,,,2000 WOTC POKEMON TEAM ROCKET DARK MAGNETON #11/82 UNLIMITED HOLO FOIL PSA 9 11/82,https://www.ebay.es/itm/358893691194,PriceCharting
Team Rocket,Dark Magneton,11/82,Unlimited,PSA 9,2026-07-15,300.00,USD,eBay,best offer,TRUE,,,2000 POKEMON TEAM ROCKET DARK MAGNETON HOLO UNLIMITED 11/82 PSA 9 11/82,https://www.ebay.es/itm/227370006741,PriceCharting
Team Rocket,Dark Magneton,11/82,Unlimited,PSA 9,2026-06-19,299.99,USD,eBay,unknown,FALSE,,,Pokemon Dark Magneton Holo Unlimited Team Rocket 11 PSA 9 #11,https://www.ebay.es/itm/287401983798,PriceCharting
Team Rocket,Dark Magneton,11/82,Unlimited,PSA 9,2026-06-04,269.99,USD,eBay,unknown,FALSE,,,Dark Magneton 11/82 Holo Team Rocket Graded PSA 9 Pokemon Card SWIRL 11/82,https://www.ebay.es/itm/157967479372,PriceCharting
Team Rocket,Dark Magneton,11/82,Unlimited,PSA 9,2026-05-30,250.00,USD,eBay,unknown,FALSE,,,PSA 9 2000 POKEMON TEAM ROCKET DARK MAGNETON HOLO MINT 11/82 11/82,https://www.ebay.es/itm/327171590111,PriceCharting
Team Rocket,Dark Magneton,11/82,Unlimited,PSA 9,2026-05-18,238.50,USD,eBay,unknown,FALSE,,,Pokemon 2000 Dark Magneton 11/82 Holo Team Rocket PSA 9 11/82,https://www.ebay.es/itm/406911888274,PriceCharting
Team Rocket,Dark Magneton,11/82,Unlimited,PSA 9,2026-04-16,195.00,USD,eBay,best offer,TRUE,,,"DARK MAGNETON 2000 Pokemon Team Rocket Holo with Swirl & ""X"" Pattern #11 - PSA 9 11/82",https://www.ebay.es/itm/206206614713,PriceCharting
Team Rocket,Dark Magneton,11/82,Unlimited,PSA 9,2026-02-03,196.18,USD,eBay,unknown,FALSE,,,Pokemon TCG Team Rocket: Dark Magneton 11/82 PSA 9,https://www.ebay.es/itm/167948077838,PriceCharting
Team Rocket,Dark Magneton,11/82,Unlimited,PSA 9,2026-01-28,132.04,USD,eBay,best offer,TRUE,,,Pokemon – Team Rocket – Dark Magneton Holo - 2000 - 11/82 - PSA 9 – Mint,https://www.ebay.es/itm/267502447408,PriceCharting
Team Rocket,Dark Slowbro,12/82,1st Edition,PSA 8,2026-08-30,195.00,USD,eBay,best offer,TRUE,,,2000 Pokemon Rocket Dark Slowbro Holo Team Rocket 12 1st Edition PSA 8 #12,https://www.ebay.es/itm/178317586453,PriceCharting
Team Rocket,Dark Slowbro,12/82,1st Edition,PSA 8,2026-08-30,198.50,USD,eBay,unknown,FALSE,,,2000 Pokemon Team Rocket First Edition Dark Slowbro Holo #12/82 PSA 8,https://www.ebay.es/itm/128042416624,PriceCharting
Team Rocket,Dark Slowbro,12/82,1st Edition,PSA 8,2026-08-16,243.68,USD,eBay,unknown,FALSE,,,PSA 8 Dark Slowbro 1st Edition Team Rocket 12/82 Pokemon Card Near MINT Holo 12/82,https://www.ebay.es/itm/407043120459,PriceCharting
Team Rocket,Dark Slowbro,12/82,1st Edition,PSA 8,2026-07-19,155.11,USD,eBay,unknown,FALSE,,,2000 POKEMON TEAM ROCKET FIRST EDITION #12/82 DARK SLOWBRO HOLO RARE PSA 8 12/82,https://www.ebay.es/itm/206408437044,PriceCharting
Team Rocket,Dark Slowbro,12/82,1st Edition,PSA 8,2026-07-14,166.11,USD,eBay,best offer,TRUE,,,Pokémon TCG Dark Slowbro Holo 1st Edition 12/82 Team Rocket PSA 8 Near Mint 12/82,https://www.ebay.es/itm/358782873853,PriceCharting
Team Rocket,Dark Slowbro,12/82,1st Edition,PSA 8,2026-07-12,148.50,USD,eBay,unknown,FALSE,,,Pokemon Dark Slowbro Holo Team Rocket 12 1st Edition PSA 8 #12,https://www.ebay.es/itm/287433884204,PriceCharting
Team Rocket,Dark Slowbro,12/82,1st Edition,PSA 8,2026-06-28,196.50,USD,eBay,unknown,FALSE,,,Pokemon Dark Slowbro Holo Team Rocket 12 1st Edition PSA 8 #12,https://www.ebay.es/itm/287401743625,PriceCharting
Team Rocket,Dark Slowbro,12/82,1st Edition,PSA 8,2026-06-28,199.99,USD,eBay,unknown,FALSE,,,2000 Pokemon Team Rocket 1st Edition Dark Slowbro Holo #12/82 PSA 8 NM-MT 12/82,https://www.ebay.es/itm/158010132414,PriceCharting
Team Rocket,Dark Slowbro,12/82,1st Edition,PSA 8,2026-06-19,219.99,USD,eBay,unknown,FALSE,,,Dark Slowbro 1st Edition 12/82 – PSA 8 NM MT Holo Rare 2000 Pokemon Team Rocket 12/82,https://www.ebay.es/itm/287384743051,PriceCharting
Team Rocket,Dark Slowbro,12/82,1st Edition,PSA 8,2026-06-18,187.50,USD,eBay,unknown,FALSE,,,Dark Slowbro Holo PSA 8 2000 Pokemon Team Rocket First Edition #12/82 1769 12/82,https://www.ebay.es/itm/236870258609,PriceCharting
Team Rocket,Dark Slowbro,12/82,1st Edition,PSA 8,2026-06-16,164.50,USD,eBay,unknown,FALSE,,,2000 Pokemon Team Rocket First Edition Dark Slowbro Holo #12/82 PSA 8,https://www.ebay.es/itm/377251242568,PriceCharting
Team Rocket,Dark Slowbro,12/82,1st Edition,PSA 8,2026-06-14,125.00,USD,eBay,best offer,TRUE,,,Pokemon TCG Team Rocket Dark Slowbro 12/82 Holo 1st Ed 2000 ENG PSA 8 SWIRL 12/82,https://www.ebay.es/itm/198422680190,PriceCharting
Team Rocket,Dark Slowbro,12/82,1st Edition,PSA 8,2026-06-10,140.00,USD,eBay,best offer,TRUE,,,Pokemon TCG Team Rocket Dark Slowbro 12/82 Holo 1st Ed 2000 ENG PSA 8 SWIRL 12/82,https://www.ebay.es/itm/198414574771,PriceCharting
Team Rocket,Dark Slowbro,12/82,1st Edition,PSA 9,2026-09-28,500.00,USD,eBay,unknown,FALSE,,,Pokemon Team Rocket Dark Slowbro 1st Ed Holo #12 PSA 9 English 132738273 #12,https://www.ebay.es/itm/198658760936,PriceCharting
Team Rocket,Dark Slowbro,12/82,1st Edition,PSA 9,2026-09-21,245.00,USD,eBay,unknown,FALSE,,,Pokemon Dark Slowbro Holo Team Rocket 12 1st Edition PSA 9 Mint #12,https://www.ebay.es/itm/336795527112,PriceCharting
Team Rocket,Dark Slowbro,12/82,1st Edition,PSA 9,2026-09-19,499.99,USD,eBay,unknown,FALSE,,,Pokemon Dark Slowbro Holo Team Rocket 12 - 1st Edition PSA 9 Mint - FART SWIRL #12,https://www.ebay.es/itm/188863611660,PriceCharting
Team Rocket,Dark Slowbro,12/82,1st Edition,PSA 9,2026-09-10,400.00,USD,eBay,unknown,FALSE,,,Pokémon Team Rocket Dark Slowbro 12/82 Holo 1st Edition PSA 9 Graded 2000 12/82,https://www.ebay.es/itm/318766262217,PriceCharting
Team Rocket,Dark Slowbro,12/82,1st Edition,PSA 9,2026-09-09,401.00,USD,eBay,unknown,FALSE,,,2000 Pokemon Team Rocket First Edition Dark Slowbro Holo #12/82 PSA 9,https://www.ebay.es/itm/128058506848,PriceCharting
Team Rocket,Dark Slowbro,12/82,1st Edition,PSA 9,2026-09-05,330.00,USD,eBay,unknown,FALSE,,,Pokemon Dark Slowbro 12/82 Team Rocket Holo 1st Edition PSA 9 12/82,https://www.ebay.es/itm/407177006976,PriceCharting
Team Rocket,Dark Slowbro,12/82,1st Edition,PSA 9,2026-08-17,296.00,USD,eBay,unknown,FALSE,,,Pokemon Dark Slowbro Holo Team Rocket 12 1st Edition PSA 9 Mint #12,https://www.ebay.es/itm/287511104962,PriceCharting
Team Rocket,Dark Slowbro,12/82,1st Edition,PSA 9,2026-08-02,177.50,USD,eBay,unknown,FALSE,,,*cracked slab* 2000 Pokemon 1st Edition Rocket Dark Slowbro #12 Holo PSA 9 MINT #12,https://www.ebay.es/itm/366565288127,PriceCharting
Team Rocket,Dark Slowbro,12/82,1st Edition,PSA 9,2026-07-30,95.00,USD,eBay,best offer,TRUE,,,Dark Slowbro 12/82 1st Edition Holo Team Rocket Pokémon EN NM PSA 9 Candidate 12/82,https://www.ebay.es/itm/287492026875,PriceCharting
Team Rocket,Dark Slowbro,12/82,1st Edition,PSA 9,2026-07-25,330.00,USD,eBay,unknown,FALSE,,,Dark Slowbro 1st Edition 12/82 – PSA 9 NM MT Holo Rare 2000 Pokemon Team Rocket 12/82,https://www.ebay.es/itm/407017612621,PriceCharting
Team Rocket,Dark Slowbro,12/82,1st Edition,PSA 9,2026-07-16,349.99,USD,eBay,unknown,FALSE,,,Dark Slowbro Holo Rare 12/82 1st Edition Team Rocket Pokemon English PSA 9 #12,https://www.ebay.es/itm/188569346883,PriceCharting
Team Rocket,Dark Slowbro,12/82,1st Edition,PSA 9,2026-07-13,335.00,USD,eBay,unknown,FALSE,,,Pokemon Team Rocket Dark Slowbro 12/82 Holo Rare First Edition PSA 9 12/82,https://www.ebay.es/itm/358751522873,PriceCharting
Team Rocket,Dark Slowbro,12/82,1st Edition,PSA 9,2026-07-08,350.00,USD,eBay,best offer,TRUE,,,2000 Pokemon Team Rocket 1st Edition Dark Slowbro Holo ~ 12/82 ~ PSA 9 Mint!,https://www.ebay.es/itm/168485996774,PriceCharting
Team Rocket,Dark Slowbro,12/82,1st Edition,PSA 9,2026-07-08,360.00,USD,eBay,unknown,FALSE,,,PSA 9 MINT Dark Slowbro 12 Team Rocket 1st Edition Holo Pokemon Card - SWIRL #12,https://www.ebay.es/itm/147422792193,PriceCharting
Team Rocket,Dark Slowbro,12/82,1st Edition,PSA 9,2026-07-06,395.00,USD,eBay,unknown,FALSE,,,2000 DARK SLOWBRO TEAM ROCKET HOLO 1ST EDITION #12 PSA 9 MINT POKEMON 12/82,https://www.ebay.es/itm/318539943045,PriceCharting
Team Rocket,Dark Slowbro,12/82,1st Edition,PSA 9,2026-06-27,345.00,USD,eBay,unknown,FALSE,,,Pokemon Dark Slowbro Holo 12/82 Team Rocket 1st Edition PSA 9 English 2000 12/82,https://www.ebay.es/itm/137455941986,PriceCharting
Team Rocket,Dark Slowbro,12/82,1st Edition,PSA 9,2026-06-21,310.00,USD,eBay,unknown,FALSE,,,Pokemon Dark Slowbro Team Rocket 1st Edition Holo Rare #12 PSA 9 Mint,https://www.ebay.es/itm/287384785335,PriceCharting
Team Rocket,Dark Slowbro,12/82,1st Edition,PSA 9,2026-06-21,309.00,USD,eBay,unknown,FALSE,,,Pokemon Dark Slowbro Team Rocket 1st Edition Holo Rare #12 PSA 9 Mint,https://www.ebay.es/itm/287390759136,PriceCharting
Team Rocket,Dark Slowbro,12/82,1st Edition,PSA 9,2026-06-14,280.00,USD,eBay,unknown,FALSE,,,Pokemon Dark Slowbro Team Rocket 1st Edition Holo Rare #12 PSA 9 Mint,https://www.ebay.es/itm/287372420296,PriceCharting
Team Rocket,Dark Slowbro,12/82,1st Edition,PSA 9,2026-06-12,349.99,USD,eBay,unknown,FALSE,,,Dark Slowbro (9) 1st Ed. Team Rocket Holo Rare 12/82 2000 Pokemon TCG PSA 9 12/82,https://www.ebay.es/itm/227341617402,PriceCharting
Team Rocket,Dark Slowbro,12/82,1st Edition,PSA 9,2026-06-08,354.00,USD,eBay,unknown,FALSE,,,Dark Slowbro 1st Edition PSA 9 Team Rocket Holo Rare 2000 Pokemon Card #12 /82 12/82,https://www.ebay.es/itm/336613746815,PriceCharting
Team Rocket,Dark Slowbro,12/82,1st Edition,PSA 9,2026-06-08,330.00,USD,eBay,unknown,FALSE,,,Pokemon Dark Slowbro Team Rocket 1st Edition Holo Rare #12 PSA 9 Mint,https://www.ebay.es/itm/287361552056,PriceCharting
Team Rocket,Dark Slowbro,12/82,1st Edition,PSA 10,2026-09-23,4106.57,USD,eBay,best offer,TRUE,,,2000 POKEMON ROCKET 1ST EDITION #12 DARK SLOWBRO-HOLO PSA 10 12/82,https://www.ebay.es/itm/198655714172,PriceCharting
Team Rocket,Dark Slowbro,12/82,1st Edition,PSA 10,2026-09-23,3999.98,USD,eBay,unknown,FALSE,,,2000 POKEMON ROCKET 1ST EDITION #12 DARK SLOWBRO-HOLO PSA 10 #12,https://www.ebay.es/itm/306972493502,PriceCharting
Team Rocket,Dark Slowbro,12/82,1st Edition,PSA 10,2026-09-23,3700.00,USD,eBay,best offer,TRUE,,,2000 POKEMON ROCKET 1ST EDITION #12 DARK SLOWBRO-HOLO PSA 10 #12,https://www.ebay.es/itm/298502307540,PriceCharting
Team Rocket,Dark Slowbro,12/82,1st Edition,PSA 10,2026-09-23,3739.00,USD,eBay,unknown,FALSE,,,2000 Pokemon Team Rocket First Edition Dark Slowbro Holo #12/82 PSA 10 GEM MINT,https://www.ebay.es/itm/377504196884,PriceCharting
Team Rocket,Dark Slowbro,12/82,1st Edition,PSA 10,2026-09-23,3552.00,USD,eBay,unknown,FALSE,,,2000 Pokemon Team Rocket First Edition Dark Slowbro Holo #12/82 PSA 10 GEM MINT,https://www.ebay.es/itm/377504196989,PriceCharting
Team Rocket,Dark Slowbro,12/82,1st Edition,PSA 10,2026-09-19,3800.00,USD,eBay,unknown,FALSE,,,2000 POKEMON ROCKET 1ST EDITION #12 DARK SLOWBRO-HOLO PSA 10 #12,https://www.ebay.es/itm/298521938053,PriceCharting
Team Rocket,Dark Slowbro,12/82,1st Edition,PSA 10,2026-09-14,3450.95,USD,eBay,unknown,FALSE,,,2000 Pokemon Rocket Dark Slowbro Holo 1st Edition #12 PSA 10,https://www.ebay.es/itm/336726035355,PriceCharting
Team Rocket,Dark Slowbro,12/82,1st Edition,PSA 10,2026-08-24,3551.00,USD,eBay,unknown,FALSE,,,Pokemon Dark Slowbro Holo Team Rocket 12 1st Edition PSA 10 Gem Mint #12,https://www.ebay.es/itm/287524903804,PriceCharting
Team Rocket,Dark Slowbro,12/82,1st Edition,PSA 10,2026-08-08,2833.11,USD,eBay,unknown,FALSE,,,Pokémon TCG Dark Slowbro Team Rocket 12/82 1st Edition PSA 10 WOTC FIRST EDITION 12/82,https://www.ebay.es/itm/377379582927,PriceCharting
Team Rocket,Dark Slowbro,12/82,1st Edition,PSA 10,2026-07-08,3749.99,USD,eBay,unknown,FALSE,,,2000 POKEMON ROCKET 1ST EDITION #12 DARK SLOWBRO-HOLO PSA 10 #12,https://www.ebay.es/itm/298479473160,PriceCharting
Team Rocket,Dark Slowbro,12/82,1st Edition,PSA 10,2026-06-22,2977.00,USD,eBay,unknown,FALSE,,,Pokemon Dark Slowbro Team Rocket 1st Edition Holo Rare #12 PSA 10 Gem Mint,https://www.ebay.es/itm/287393383752,PriceCharting
Team Rocket,Dark Slowbro,12/82,1st Edition,PSA 10,2026-06-15,3251.00,USD,eBay,unknown,FALSE,,,Pokemon Dark Slowbro Team Rocket 1st Edition Holo Rare #12 PSA 10 Gem Mint,https://www.ebay.es/itm/287375966001,PriceCharting
Team Rocket,Dark Slowbro,12/82,1st Edition,PSA 10,2026-06-04,3100.00,USD,eBay,unknown,FALSE,,,2000 Pokemon Team Rocket First Edition Dark Slowbro Holo #12/82 PSA 10 GEM MINT,https://www.ebay.es/itm/377219587474,PriceCharting
Team Rocket,Dark Slowbro,12/82,1st Edition,PSA 10,2026-05-22,3000.00,USD,eBay,unknown,FALSE,,,Pokémon - Team Rocket - 1st Edition - Dark Slowbro Holo - 12/82 - PSA 10 12/82,https://www.ebay.es/itm/358560521364,PriceCharting
Team Rocket,Dark Slowbro,12/82,1st Edition,PSA 10,2026-04-27,4499.99,USD,eBay,unknown,FALSE,,,PSA 10 1st Edition Dark Slowbro 12/82 Team Rocket Pokemon 2000 12/82,https://www.ebay.es/itm/177869778425,PriceCharting
Team Rocket,Dark Slowbro,12/82,1st Edition,PSA 10,2026-04-27,3451.01,USD,eBay,unknown,FALSE,,,Pokemon Dark Slowbro Team Rocket 1st Edition Holo Rare #12 PSA 10 Gem Mint,https://www.ebay.es/itm/287278225190,PriceCharting
Team Rocket,Dark Slowbro,12/82,1st Edition,PSA 10,2026-04-27,4000.00,USD,eBay,unknown,FALSE,,,Pokemon Dark Slowbro Team Rocket 1st Edition Holo Rare #12 PSA 10 Gem Mint,https://www.ebay.es/itm/287278147966,PriceCharting
Team Rocket,Dark Slowbro,12/82,1st Edition,PSA 10,2026-04-26,3052.00,USD,eBay,unknown,FALSE,,,Pokemon Dark Slowbro Team Rocket 1st Edition Holo Rare #12 PSA 10 Gem Mint,https://www.ebay.es/itm/287278224474,PriceCharting
Team Rocket,Dark Slowbro,12/82,1st Edition,PSA 10,2026-03-20,5999.00,USD,eBay,unknown,FALSE,,,PSA 10 GEM MINT Dark Slowbro 12/82 HOLO Team Rocket 1ST EDITION Pokemon Card 💫 12/82,https://www.ebay.es/itm/358353554094,PriceCharting
Team Rocket,Dark Slowbro,12/82,1st Edition,PSA 10,2026-02-21,3250.00,USD,eBay,best offer,TRUE,,,2000 Pokemon Team Rocket 1st Edition Holo Dark Slowbro #12 PSA 10,https://www.ebay.es/itm/336434546489,PriceCharting
Team Rocket,Dark Slowbro,12/82,1st Edition,PSA 10,2025-12-29,1700.00,USD,eBay,unknown,FALSE,,,Pokemon Dark Slowbro Team Rocket 1st Edition Holo Rare #12 PSA 10 Gem Mint,https://www.ebay.es/itm/287021430314,PriceCharting
Team Rocket,Dark Slowbro,12/82,1st Edition,PSA 10,2025-09-29,1500.00,USD,eBay,unknown,FALSE,,,Pokemon Dark Slowbro Team Rocket 1st Edition Holo Rare #12 PSA 10 Gem Mint #12,https://www.ebay.es/itm/167740113586,PriceCharting
Team Rocket,Dark Slowbro,12/82,1st Edition,PSA 10,2025-08-31,869.00,USD,eBay,unknown,FALSE,,,Pokemon Dark Slowbro Team Rocket 1st Edition Holo Rare #12 PSA 10 Gem Mint,https://www.ebay.es/itm/286778155172,PriceCharting
Team Rocket,Dark Slowbro,12/82,1st Edition,PSA 10,2025-08-24,915.00,USD,eBay,unknown,FALSE,,,Pokemon Dark Slowbro Team Rocket 1st Edition Holo Rare #12 PSA 10 Gem Mint,https://www.ebay.es/itm/286770648601,PriceCharting
Team Rocket,Dark Slowbro,12/82,1st Edition,PSA 10,2025-08-10,746.00,USD,eBay,unknown,FALSE,,,Pokemon Dark Slowbro Team Rocket 1st Edition Holo Rare #12 PSA 10 Gem Mint,https://www.ebay.es/itm/286739114485,PriceCharting
Team Rocket,Dark Slowbro,12/82,1st Edition,PSA 10,2025-07-06,820.37,USD,eBay,unknown,FALSE,,,Pokemon Cards - PSA 10 1st Edition Dark Slowbro 12/82 - Team Rocket - GEM MT,https://www.ebay.es/itm/286668857416,PriceCharting
Team Rocket,Dark Slowbro,12/82,1st Edition,PSA 10,2025-03-22,760.00,USD,eBay,unknown,FALSE,,,Pokemon Dark Slowbro Team Rocket 1st Edition Holo PSA 10 GEM MINT #12/82 2000 #12,https://www.ebay.es/itm/405545996254,PriceCharting
Team Rocket,Dark Slowbro,12/82,1st Edition,PSA 10,2025-02-18,710.69,USD,eBay,unknown,FALSE,,,Pokemon Dark Slowbro Team Rocket 1st Edition Holo PSA 10 GEM MINT #12/82 2000 #12,https://www.ebay.es/itm/256815019376,PriceCharting
Team Rocket,Dark Slowbro,12/82,Unlimited,PSA 8,2026-09-23,101.00,USD,eBay,unknown,FALSE,,,Dark Slowbro 12/82 Team Rocket Holo Rare English 2000 Pokémon TCG PSA 8 12/82,https://www.ebay.es/itm/158325269978,PriceCharting
Team Rocket,Dark Slowbro,12/82,Unlimited,PSA 8,2026-09-07,94.00,USD,eBay,unknown,FALSE,,,Pokemon 2000 Dark Slowbro 12/82 Holo Team Rocket PSA 8 12/82,https://www.ebay.es/itm/407181440639,PriceCharting
Team Rocket,Dark Slowbro,12/82,Unlimited,PSA 8,2026-08-24,96.00,USD,eBay,unknown,FALSE,,,Pokemon 2000 Dark Slowbro 12/82 Holo Team Rocket PSA 8 12/82,https://www.ebay.es/itm/407142961902,PriceCharting
Team Rocket,Dark Slowbro,12/82,Unlimited,PSA 8,2026-08-24,139.50,USD,eBay,unknown,FALSE,,,2000 POKEMON TEAM ROCKET #12 DARK SLOWBRO HOLO RARE PSA 8 NM-MINT CLEAN Vintage #12,https://www.ebay.es/itm/327306478268,PriceCharting
Team Rocket,Dark Slowbro,12/82,Unlimited,PSA 8,2026-08-18,95.00,USD,eBay,best offer,TRUE,,,2000 Pokemon Team Rocket Dark Slowbro 12/82 Rare Holo PSA 8 NM-MINT SWIRL 12/82,https://www.ebay.es/itm/267756589120,PriceCharting
Team Rocket,Dark Slowbro,12/82,Unlimited,PSA 8,2026-08-02,130.29,USD,eBay,best offer,TRUE,,,Dark Slowbro 12/82 HP Team Rocket Holo Rare Pokemon Unlimited Holo PSA 8 12/82,https://www.ebay.es/itm/287474535087,PriceCharting
Team Rocket,Dark Slowbro,12/82,Unlimited,PSA 8,2026-08-01,99.99,USD,eBay,unknown,FALSE,,,Pokémon TCG Dark Slowbro Holo 12/82 Team Rocket PSA 8 Near Mint 12/82,https://www.ebay.es/itm/407080030461,PriceCharting
Team Rocket,Dark Slowbro,12/82,Unlimited,PSA 8,2026-07-10,98.00,USD,eBay,unknown,FALSE,,,Dark Slowbro 12/82 Team Rocket Holo 2000 Pokemon Card PSA 8 NM - MT 12/82,https://www.ebay.es/itm/156671225773,PriceCharting
Team Rocket,Dark Slowbro,12/82,Unlimited,PSA 8,2026-07-07,88.00,USD,eBay,unknown,FALSE,,,Wizards of the Coast Pokémon TCG Dark Slowbro Team Rocket Holo Rare PSA 8 12/82,https://www.ebay.es/itm/127877905549,PriceCharting
Team Rocket,Dark Slowbro,12/82,Unlimited,PSA 8,2026-06-30,89.90,USD,eBay,best offer,TRUE,,,Dark Slowbro 12/82 HP Team Rocket Holo Rare Pokemon Unlimited Holo PSA 8 12/82,https://www.ebay.es/itm/287414783815,PriceCharting
Team Rocket,Dark Slowbro,12/82,Unlimited,PSA 8,2026-06-24,89.99,USD,eBay,unknown,FALSE,,,PSA 8 Dark Slowbro Holo 12/82 Team Rocket 2000 Pokemon WOTC NM-MT 12/82,https://www.ebay.es/itm/318438479963,PriceCharting
Team Rocket,Dark Slowbro,12/82,Unlimited,PSA 8,2026-06-11,83.00,USD,eBay,best offer,TRUE,,,DARK SLOWBRO 2000 Pokemon Team Rocket Holo #12 - PSA 8 12/82,https://www.ebay.es/itm/206250122857,PriceCharting
Team Rocket,Dark Slowbro,12/82,Unlimited,PSA 8,2026-06-09,90.00,USD,eBay,unknown,FALSE,,,PSA 8 Dark Slowbro Holo 12/82 Team Rocket 2000 Pokemon WOTC NM-MT 12/82,https://www.ebay.es/itm/127908976715,PriceCharting
Team Rocket,Dark Slowbro,12/82,Unlimited,PSA 8,2026-06-01,78.00,USD,eBay,best offer,TRUE,,,Pokémon Dark Slowbro 2000 Team Rocket Holo Rare 12/82 PSA 8 Unlimited 12/82,https://www.ebay.es/itm/257491391392,PriceCharting
Team Rocket,Dark Slowbro,12/82,Unlimited,PSA 8,2026-05-27,72.00,USD,eBay,unknown,FALSE,,,DARK SLOWBRO 2000 POKEMON TEAM ROCKET HOLO #12/82 PSA 8 Q1825 #12,https://www.ebay.es/itm/278001727126,PriceCharting
Team Rocket,Dark Slowbro,12/82,Unlimited,PSA 8,2026-05-17,74.40,USD,eBay,unknown,FALSE,,,DARK SLOWBRO POKEMON 12/82 2000 TEAM ROCKET HOLO RARE ENGLISH PSA 8,https://www.ebay.es/itm/137290282798,PriceCharting
Team Rocket,Dark Slowbro,12/82,Unlimited,PSA 8,2026-05-17,84.99,USD,eBay,unknown,FALSE,,,Pokémon Dark Slowbro Team Rocket Holo Rare 12/82 PSA 8 NM Unlimited 12/82,https://www.ebay.es/itm/236820051520,PriceCharting
Team Rocket,Dark Slowbro,12/82,Unlimited,PSA 9,2026-09-21,150.00,USD,eBay,best offer,TRUE,,,Dark Slowbro 12/82 Team Rocket Holo Rare PSA 9 Mint 2000 Pokemon TCG 12/82,https://www.ebay.es/itm/318884313712,PriceCharting
Team Rocket,Dark Slowbro,12/82,Unlimited,PSA 9,2026-09-10,145.00,USD,eBay,unknown,FALSE,,,Pokemon TCG PSA 9 Dark Slowbro 12/82 Team Rocket Holo Rare EN 2000 WotC 12/82,https://www.ebay.es/itm/377462736066,PriceCharting
Team Rocket,Dark Slowbro,12/82,Unlimited,PSA 9,2026-09-05,158.00,USD,eBay,best offer,TRUE,,,2000 Pokemon Team Rocket Dark Slowbro 12/82 Holo PSA 9 Unlimited 12/82,https://www.ebay.es/itm/318825443464,PriceCharting
Team Rocket,Dark Slowbro,12/82,Unlimited,PSA 9,2026-09-02,159.00,USD,eBay,unknown,FALSE,,,Pokemon Team Rocket Dark Slowbro Holo PSA 9 12/82,https://www.ebay.es/itm/147511970462,PriceCharting
Team Rocket,Dark Slowbro,12/82,Unlimited,PSA 9,2026-08-08,183.00,USD,eBay,unknown,FALSE,,,Pokemon 2000 Dark Slowbro 12/82 Holo Team Rocket PSA 9 12/82,https://www.ebay.es/itm/407111814646,PriceCharting
Team Rocket,Dark Slowbro,12/82,Unlimited,PSA 9,2026-07-16,139.95,USD,eBay,unknown,FALSE,,,Dark Slowbro 12/82 PSA 9 Holo Swirl Rare Team Rocket 2000 Pokemon Card Graded,https://www.ebay.es/itm/188647042474,PriceCharting
Team Rocket,Dark Slowbro,12/82,Unlimited,PSA 9,2026-03-16,250.00,USD,eBay,unknown,FALSE,,,Pokemon Dark Slowbro Team Rocket Unlimited Holo Rare #12 PSA 9 Mint,https://www.ebay.es/itm/317747039191,PriceCharting
Team Rocket,Dark Slowbro,12/82,Unlimited,PSA 9,2026-03-08,145.00,USD,eBay,unknown,FALSE,,,Dark Slowbro PSA 9 Pokemon WOTC 2000 Team Rocket 12/82 Holo Swirl Low POP 12/82,https://www.ebay.es/itm/188107930504,PriceCharting
Team Rocket,Dark Slowbro,12/82,Unlimited,PSA 9,2026-01-23,102.65,USD,eBay,unknown,FALSE,,,Dark Slowbro Holo - 2000 Pokemon Card - 12/82 - Team Rocket - PSA 9 MINT,https://www.ebay.es/itm/256857419742,PriceCharting
Team Rocket,Dark Slowbro,12/82,Unlimited,PSA 9,2026-01-12,128.55,USD,eBay,unknown,FALSE,,,Pokemon TCG: Dark Slowbro 12/82 Team Rocket WoTC Holo Rare PSA 9 MINT 12/82,https://www.ebay.es/itm/286990022613,PriceCharting
Team Rocket,Dark Slowbro,12/82,Unlimited,PSA 10,2026-09-25,3999.99,USD,eBay,unknown,FALSE,,,2000 POKEMON ROCKET #12 DARK SLOWBRO-HOLO PSA 10 #12,https://www.ebay.es/itm/298621326045,PriceCharting
Team Rocket,Dark Slowbro,12/82,Unlimited,PSA 10,2026-07-28,1600.00,USD,eBay,best offer,TRUE,,,2000 Pokemon Team Rocket Dark Slowbro #12 PSA 10 Holo Gem Mint #12,https://www.ebay.es/itm/398215232997,PriceCharting
Team Rocket,Dark Slowbro,12/82,Unlimited,PSA 10,2026-06-15,1447.00,USD,eBay,unknown,FALSE,,,Pokemon Dark Slowbro Team Rocket Unlimited Holo Rare #12 PSA 10 Gem Mint,https://www.ebay.es/itm/287375954084,PriceCharting
Team Rocket,Dark Slowbro,12/82,Unlimited,PSA 10,2026-04-20,1745.00,USD,eBay,unknown,FALSE,,,Pokemon Dark Slowbro Team Rocket Unlimited Holo Rare #12 PSA 10 Gem Mint,https://www.ebay.es/itm/287265142401,PriceCharting
Team Rocket,Dark Slowbro,12/82,Unlimited,PSA 10,2024-11-18,350.00,USD,eBay,unknown,FALSE,,,Pokemon Dark Slowbro Team Rocket Unlimited Holo Rare #12 PSA 10 Gem Mint,https://www.ebay.es/itm/286152903751,PriceCharting
Team Rocket,Dark Slowbro,12/82,Unlimited,PSA 10,2024-11-03,468.00,USD,eBay,unknown,FALSE,,,2000 Pokemon Team Rocket DARK SLOWBRO Holo 12/82 - PSA 10 GEM MINT,https://www.ebay.es/itm/255592593800,PriceCharting
Team Rocket,Dark Slowbro,12/82,Unlimited,PSA 10,2024-05-05,450.00,USD,eBay,unknown,FALSE,,,2000 Pokemon Team Rocket DARK SLOWBRO Holo 12/82 - PSA 10 GEM MINT 💎 12/82,https://www.ebay.es/itm/386884100574,PriceCharting
Team Rocket,Dark Slowbro,12/82,Unlimited,PSA 10,2024-05-01,497.00,USD,eBay,unknown,FALSE,,,2000 Pokemon Team Rocket DARK SLOWBRO Holo 12/82 - PSA 10 GEM MINT 💎,https://www.ebay.es/itm/324832632114,PriceCharting
Team Rocket,Dark Vileplume,13/82,1st Edition,PSA 8,2026-08-27,117.50,USD,eBay,unknown,FALSE,,,2000 Pokemon 1ST Edition Team Rocket Dark Vileplume Holo PSA 8 #13 #13,https://www.ebay.es/itm/800541378889,PriceCharting
Team Rocket,Dark Vileplume,13/82,1st Edition,PSA 8,2026-08-02,102.75,USD,eBay,unknown,FALSE,,,Pokémon Team Rocket Dark Vileplume 13/82 1st Edition Holo PSA 8 English 13/82,https://www.ebay.es/itm/366566754227,PriceCharting
Team Rocket,Dark Vileplume,13/82,1st Edition,PSA 8,2026-07-27,104.05,USD,eBay,unknown,FALSE,,,Dark Vileplume 13 PSA 8 Holo Rare 1st Edition Team Rocket TR English Pokemon 13/82,https://www.ebay.es/itm/227432787599,PriceCharting
Team Rocket,Dark Vileplume,13/82,1st Edition,PSA 8,2026-07-17,85.00,USD,eBay,best offer,TRUE,,,PSA 8 Dark Vileplume 1st Edition [Holo] - 13/82 - Team Rocket - Pokemon 13/82,https://www.ebay.es/itm/407080238266,PriceCharting
Team Rocket,Dark Vileplume,13/82,1st Edition,PSA 8,2026-06-21,140.00,USD,eBay,unknown,FALSE,,,2000 Pokémon Team Rocket 1st Edition Dark Vileplume Rare Holo #13 NM-MT PSA 8,https://www.ebay.es/itm/358204717020,PriceCharting
Team Rocket,Dark Vileplume,13/82,1st Edition,PSA 8,2026-06-18,125.00,USD,eBay,best offer,TRUE,,,2000 Pokemon Team Rocket First Edition 13 Dark Vileplume Holo PSA 8 149324182 13/82,https://www.ebay.es/itm/157921289311,PriceCharting
Team Rocket,Dark Vileplume,13/82,1st Edition,PSA 8,2026-06-05,165.00,USD,eBay,unknown,FALSE,,,PSA 8 Pokemon 1st Edition Team Rocket Dark Vileplume Holo #13,https://www.ebay.es/itm/157860747222,PriceCharting
Team Rocket,Dark Vileplume,13/82,1st Edition,PSA 8,2026-05-29,133.00,USD,eBay,unknown,FALSE,,,Dark Vileplume Holo 1st Edition PSA 8 2000 Pokemon Team Rocket #13 #13,https://www.ebay.es/itm/137288348788,PriceCharting
Team Rocket,Dark Vileplume,13/82,1st Edition,PSA 8,2026-05-25,131.50,USD,eBay,unknown,FALSE,,,2000 POKEMON ROCKET 1ST EDITION #13 DARK VILEPLUME-HOLO PSA 8 #13,https://www.ebay.es/itm/298312738466,PriceCharting
Team Rocket,Dark Vileplume,13/82,1st Edition,PSA 8,2026-04-20,115.00,USD,eBay,unknown,FALSE,,,PSA 8 Pokemon 1st Edition Team Rocket Dark Vileplume Holo #13,https://www.ebay.es/itm/157603192045,PriceCharting
Team Rocket,Dark Vileplume,13/82,1st Edition,PSA 8,2026-04-20,55.00,USD,eBay,unknown,FALSE,,,PSA 8 Dark Vileplume 1st Edition [Holo] - 13/82 - Team Rocket - Pokemon NM 13/82,https://www.ebay.es/itm/227308165686,PriceCharting
Team Rocket,Dark Vileplume,13/82,1st Edition,PSA 8,2026-04-19,99.00,USD,eBay,unknown,FALSE,,,PSA 8 Dark Vileplume 1st Edition [Holo] - 13/82 - Team Rocket - Pokemon 13/82,https://www.ebay.es/itm/117115390644,PriceCharting
Team Rocket,Dark Vileplume,13/82,1st Edition,PSA 8,2026-04-18,109.99,USD,eBay,unknown,FALSE,,,Pokemon 1st Edition Dark Vileplume Holo 13/82 Team Rocket PSA 8 NM/Mint,https://www.ebay.es/itm/265086933295,PriceCharting
Team Rocket,Dark Vileplume,13/82,1st Edition,PSA 8,2026-04-18,80.00,USD,eBay,best offer,TRUE,,,2000 Pokémon Team Rocket Holo Rare Dark Vileplume First Edition 13/82 PSA 8 13/82,https://www.ebay.es/itm/397664673650,PriceCharting
Team Rocket,Dark Vileplume,13/82,1st Edition,PSA 8,2026-04-17,171.94,USD,eBay,best offer,TRUE,,,PSA 8 Dark Vileplume 1st Edition [Holo] - 13/82 - Team Rocket - Pokemon,https://www.ebay.es/itm/406784247756,PriceCharting
Team Rocket,Dark Vileplume,13/82,1st Edition,PSA 8,2026-04-09,97.50,USD,eBay,best offer,TRUE,,,2000 Pokemon Team Rocket 1st Edition 13/82 Dark Vileplume Holo - PSA 8,https://www.ebay.es/itm/358331636136,PriceCharting
Team Rocket,Dark Vileplume,13/82,1st Edition,PSA 8,2026-04-06,104.99,USD,eBay,unknown,FALSE,,,2000 Pokemon Team Rocket Dark Vileplume 1st Edition Holo #13/82 PSA 8 With Swirl 13/82,https://www.ebay.es/itm/358224610781,PriceCharting
Team Rocket,Dark Vileplume,13/82,1st Edition,PSA 9,2026-09-28,305.00,USD,eBay,unknown,FALSE,,,Pokemon Dark Vileplume Holo Team Rocket 13 1st Edition PSA 9 Mint #13,https://www.ebay.es/itm/287594623541,PriceCharting
Team Rocket,Dark Vileplume,13/82,1st Edition,PSA 9,2026-09-25,200.00,USD,eBay,best offer,TRUE,,,POKEMON DARK VILEPLUME - 2000 TEAM ROCKET (13/82) HOLO 1ST EDITION - PSA 9 13/82,https://www.ebay.es/itm/287478040817,PriceCharting
Team Rocket,Dark Vileplume,13/82,1st Edition,PSA 9,2026-09-24,180.00,USD,eBay,unknown,FALSE,,,Pokemon TCG Team Rocket Dark Vileplume 13/82 1st Ed Holo Rare PSA 9 13/82,https://www.ebay.es/itm/227521884229,PriceCharting
Team Rocket,Dark Vileplume,13/82,1st Edition,PSA 9,2026-09-23,195.00,USD,eBay,best offer,TRUE,,,Pokémon TCG 1st Edition Team Rocket Dark Vileplume 13/82 Holo PSA 9 MINT SWIRL 13/82,https://www.ebay.es/itm/127543430317,PriceCharting
Team Rocket,Dark Vileplume,13/82,1st Edition,PSA 9,2026-09-07,190.00,USD,eBay,best offer,TRUE,,,Pokemon TCG Team Rocket Dark Vileplume 13/82 1st Ed Holo Rare PSA 9 13/82,https://www.ebay.es/itm/237053491770,PriceCharting
Team Rocket,Dark Vileplume,13/82,1st Edition,PSA 9,2026-09-06,236.61,USD,eBay,unknown,FALSE,,,DARK VILEPLUME POKEMON 13/82 2000 TEAM ROCKET 1ST EDITION - HOLO ENGLISH PSA 9,https://www.ebay.es/itm/137658603817,PriceCharting
Team Rocket,Dark Vileplume,13/82,1st Edition,PSA 9,2026-08-30,166.57,USD,eBay,unknown,FALSE,,,2000 Pokémon Team Rocket 1st Edition 13/82 Dark Vileplume Holo PSA 9 13/82,https://www.ebay.es/itm/188828528331,PriceCharting
Team Rocket,Dark Vileplume,13/82,1st Edition,PSA 9,2026-08-30,159.30,USD,eBay,unknown,FALSE,,,Dark Vileplume 13/82 Team Rocket 1st Edition PSA 9 MINT 2000 Holo Pokémon 13/82,https://www.ebay.es/itm/407156897682,PriceCharting
Team Rocket,Dark Vileplume,13/82,1st Edition,PSA 9,2026-08-16,192.50,USD,eBay,unknown,FALSE,,,Pokemon Dark Vileplume Holo Team Rocket 13 1st Edition PSA 9 Mint #13,https://www.ebay.es/itm/287511098749,PriceCharting
Team Rocket,Dark Vileplume,13/82,1st Edition,PSA 9,2026-08-13,199.99,USD,eBay,unknown,FALSE,,,PSA 9 2000 POKEMON 1ST EDITION TEAM ROCKET DARK VILEPLUME HOLO #13 13/82,https://www.ebay.es/itm/227392120118,PriceCharting
Team Rocket,Dark Vileplume,13/82,1st Edition,PSA 9,2026-08-11,175.00,USD,eBay,best offer,TRUE,,,2000 Pokémon 1st Edition Team Rocket Dark Vileplume Holo #13/82 PSA 9 MINT 13/82,https://www.ebay.es/itm/407094157938,PriceCharting
Team Rocket,Dark Vileplume,13/82,1st Edition,PSA 9,2026-08-04,185.00,USD,eBay,best offer,TRUE,,,2000 Pokemon Team Rocket Dark Vileplume Holo 1st Edition 13/82 PSA 9 13/82,https://www.ebay.es/itm/168553049830,PriceCharting
Team Rocket,Dark Vileplume,13/82,1st Edition,PSA 9,2026-08-04,179.99,USD,eBay,unknown,FALSE,,,2000 Pokemon Team Rocket Dark Vileplume Holo 1st Edition 13/82 PSA 9 13/82,https://www.ebay.es/itm/236974555437,PriceCharting
Team Rocket,Dark Vileplume,13/82,1st Edition,PSA 9,2026-07-14,163.51,USD,eBay,unknown,FALSE,,,2000 Pokemon Team Rocket 1st Edition Dark Vileplume Holo 13/82 PSA 9 Mint #13,https://www.ebay.es/itm/287451059869,PriceCharting
Team Rocket,Dark Vileplume,13/82,1st Edition,PSA 9,2026-07-12,157.50,USD,eBay,unknown,FALSE,,,Pokemon TCG Team Rocket Dark Vileplume Holo 1st Ed 13/82 2000 Graded 9 PSA 9 13/82,https://www.ebay.es/itm/178286130064,PriceCharting
Team Rocket,Dark Vileplume,13/82,1st Edition,PSA 9,2026-07-12,169.50,USD,eBay,unknown,FALSE,,,2000 Pokemon Team Rocket 1st Edition Dark Vileplume Holo 13/82 PSA 9 Mint #13,https://www.ebay.es/itm/358759198931,PriceCharting
Team Rocket,Dark Vileplume,13/82,1st Edition,PSA 9,2026-07-03,185.00,USD,eBay,unknown,FALSE,,,PSA 9 MINT Dark Vileplume 13 Team Rocket 1st Edition Holo Pokemon Card #13,https://www.ebay.es/itm/147407892930,PriceCharting
Team Rocket,Dark Vileplume,13/82,1st Edition,PSA 9,2026-07-01,222.50,USD,eBay,unknown,FALSE,,,DARK VILEPLUME 2000 POKEMON TEAM ROCKET 1ST ED HOLO #13/82 PSA 9 Q0895 #13,https://www.ebay.es/itm/278121876693,PriceCharting
Team Rocket,Dark Vileplume,13/82,1st Edition,PSA 10,2026-09-24,4000.00,USD,eBay,unknown,FALSE,,,2000 POKEMON ROCKET 1ST EDITION #13 DARK VILEPLUME-HOLO PSA 10 #13,https://www.ebay.es/itm/158328943882,PriceCharting
Team Rocket,Dark Vileplume,13/82,1st Edition,PSA 10,2026-09-04,1999.00,USD,eBay,unknown,FALSE,,,Pokemon Dark Vileplume Holo Team Rocket 13 1st Edition PSA 10 Gem Mint #13,https://www.ebay.es/itm/287519693658,PriceCharting
Team Rocket,Dark Vileplume,13/82,1st Edition,PSA 10,2026-03-23,3250.00,USD,eBay,unknown,FALSE,,,Pokémon PSA 10 1st Edition Dark Vileplume Team Rocket Holo Rare 13/82 2000 13/82,https://www.ebay.es/itm/358362227550,PriceCharting
Team Rocket,Dark Vileplume,13/82,1st Edition,PSA 10,2026-03-10,5399.00,USD,eBay,best offer,TRUE,,,2000 Pokemon Rocket 1st Edition Dark Vileplume Holo 13/82 PSA 10 13/82,https://www.ebay.es/itm/267599091475,PriceCharting
Team Rocket,Dark Vileplume,13/82,1st Edition,PSA 10,2026-02-01,2400.00,USD,eBay,best offer,TRUE,,,Dark Vileplume 2000 Pokemon Team Rocket First Edition #13 Holo PSA 10 13/82,https://www.ebay.es/itm/157628992669,PriceCharting
Team Rocket,Dark Vileplume,13/82,1st Edition,PSA 10,2025-12-19,1150.00,USD,eBay,best offer,TRUE,,,Pokemon Dark Vileplume #13 Team Rocket 1st Edition Holo PSA 10 Gem Mint,https://www.ebay.es/itm/187794901450,PriceCharting
Team Rocket,Dark Vileplume,13/82,1st Edition,PSA 10,2025-09-21,1000.00,USD,eBay,unknown,FALSE,,,Pokemon Dark Vileplume Team Rocket 1st Edition Holo Rare #13 PSA 10 Gem Mint,https://www.ebay.es/itm/286574000475,PriceCharting
Team Rocket,Dark Vileplume,13/82,1st Edition,PSA 10,2025-09-04,900.00,USD,eBay,unknown,FALSE,,,Pokemon Dark Vileplume Team Rocket 1st Edition Holo Rare #13 PSA 10 Gem Mint #13,https://www.ebay.es/itm/167740597840,PriceCharting
Team Rocket,Dark Vileplume,13/82,1st Edition,PSA 10,2025-09-01,903.86,USD,eBay,unknown,FALSE,,,Dark Vileplume 1st Edition Team Rocket Holo PSA 10 Pokemon card #13 Mint #SWSH261,https://www.ebay.es/itm/317202293955,PriceCharting
Team Rocket,Dark Vileplume,13/82,1st Edition,PSA 10,2025-07-14,722.00,USD,eBay,unknown,FALSE,,,Pokemon Dark Vileplume Team Rocket 1st Edition Holo Rare #13 PSA 10 Gem Mint,https://www.ebay.es/itm/286689934790,PriceCharting
Team Rocket,Dark Vileplume,13/82,1st Edition,PSA 10,2025-05-28,750.00,USD,eBay,unknown,FALSE,,,2000 Pokemon Team Rocket First Edition Dark Vileplume Holo #13/82 PSA 10,https://www.ebay.es/itm/127128851285,PriceCharting
Team Rocket,Dark Vileplume,13/82,1st Edition,PSA 10,2025-05-26,865.00,USD,eBay,unknown,FALSE,,,Pokemon Dark Vileplume Team Rocket 1st Edition Holo Rare #13 PSA 10 Gem Mint,https://www.ebay.es/itm/286572022019,PriceCharting
Team Rocket,Dark Vileplume,13/82,1st Edition,PSA 10,2025-04-27,835.00,USD,eBay,unknown,FALSE,,,Pokemon Dark Vileplume Team Rocket 1st Edition Holo Rare #13 PSA 10 Gem Mint,https://www.ebay.es/itm/286502551878,PriceCharting
Team Rocket,Dark Vileplume,13/82,1st Edition,PSA 10,2025-04-13,770.00,USD,eBay,unknown,FALSE,,,Pokemon Dark Vileplume Team Rocket 1st Edition Holo Rare #13 PSA 10 Gem Mint,https://www.ebay.es/itm/286461275611,PriceCharting
Team Rocket,Dark Vileplume,13/82,1st Edition,PSA 10,2025-04-06,1025.00,USD,eBay,unknown,FALSE,,,Pokemon Dark Vileplume Team Rocket 1st Edition Holo Rare #13 PSA 10 Gem Mint,https://www.ebay.es/itm/286444862608,PriceCharting
Team Rocket,Dark Vileplume,13/82,1st Edition,PSA 10,2025-03-03,1025.00,USD,eBay,unknown,FALSE,,,Pokemon Dark Vileplume Team Rocket 1st Edition Holo Rare #13 PSA 10 Gem Mint,https://www.ebay.es/itm/286349681460,PriceCharting
Team Rocket,Dark Vileplume,13/82,1st Edition,PSA 10,2024-12-01,599.99,USD,eBay,unknown,FALSE,,,2000 Pokemon Team Rocket 1st Edition Holo Dark Vileplume PSA 10 GEM MINT #13/82 #13,https://www.ebay.es/itm/155100992856,PriceCharting
Team Rocket,Dark Vileplume,13/82,1st Edition,PSA 10,2024-10-20,437.49,USD,eBay,unknown,FALSE,,,1st Edition Dark Vileplume Holo | 13/82 | PSA 10* | Team Rocket | Pokemon Card,https://www.ebay.es/itm/167025907430,PriceCharting
Team Rocket,Dark Vileplume,13/82,1st Edition,PSA 10,2024-10-10,605.55,USD,eBay,unknown,FALSE,,,2000 Pokemon Team Rocket 1st Edition Holo Dark Vileplume PSA 10 GEM MINT #13/82 #13,https://www.ebay.es/itm/395744593759,PriceCharting
Team Rocket,Dark Vileplume,13/82,1st Edition,PSA 10,2024-09-26,600.00,USD,eBay,unknown,FALSE,,,Dark Vileplume 1st Edition Holo Team Rocket Pokemon 13/82 PSA 10 13/82,https://www.ebay.es/itm/395688291185,PriceCharting
Team Rocket,Dark Vileplume,13/82,1st Edition,PSA 10,2024-09-17,305.00,USD,eBay,unknown,FALSE,,,2000 Pokemon Team Rocket 1st Edition #13 Dark Vileplume Holo PSA 10 GEM MINT,https://www.ebay.es/itm/375639666020,PriceCharting
Team Rocket,Dark Vileplume,13/82,1st Edition,PSA 10,2024-09-16,350.00,USD,eBay,unknown,FALSE,,,Pokemon Dark Vileplume Team Rocket 1st Edition Holo Rare #13 PSA 10 Gem Mint,https://www.ebay.es/itm/286047445652,PriceCharting
Team Rocket,Dark Vileplume,13/82,1st Edition,PSA 10,2024-09-01,374.56,USD,eBay,unknown,FALSE,,,1st Edition Dark Vileplume Holo | 13/82 | PSA 10 | Team Rocket | Pokemon Card,https://www.ebay.es/itm/166936886905,PriceCharting
Team Rocket,Dark Vileplume,13/82,1st Edition,PSA 10,2024-08-28,385.00,USD,eBay,unknown,FALSE,,,2000 Pokemon Team Rocket 1st Edition #13 Dark Vileplume Holo PSA 10 GEM MINT,https://www.ebay.es/itm/387313986591,PriceCharting
Team Rocket,Dark Vileplume,13/82,1st Edition,PSA 10,2024-07-31,550.00,USD,eBay,unknown,FALSE,,,Dark Vileplume 1st Edition Holo Team Rocket Pokemon #13/82 PSA 10 13/82,https://www.ebay.es/itm/126525026300,PriceCharting
Team Rocket,Dark Vileplume,13/82,1st Edition,PSA 10,2024-06-14,399.99,USD,eBay,unknown,FALSE,,,Pokemon Dark Vileplume 1st Edition PSA 10 Gem Mint Holo Team Rocket 13/82,https://www.ebay.es/itm/226192046523,PriceCharting
Team Rocket,Dark Vileplume,13/82,1st Edition,PSA 10,2024-02-06,495.00,USD,eBay,unknown,FALSE,,,2000 Pokemon Team Rocket 1st Edition Holo Dark Vileplume PSA 10 GEM MINT #13/82 #13,https://www.ebay.es/itm/404236793698,PriceCharting
Team Rocket,Dark Vileplume,13/82,1st Edition,PSA 10,2023-12-27,449.99,USD,eBay,unknown,FALSE,,,2000 Pokemon Team Rocket 1st Edition 13 Dark Vileplume Holo PSA 10 Gem Mint WOTC #13,https://www.ebay.es/itm/276198617886,PriceCharting
Team Rocket,Dark Vileplume,13/82,Unlimited,PSA 8,2026-09-20,109.99,USD,eBay,unknown,FALSE,,,PSA 8 Dark Vileplume 13/82 Team Rocket Holo Pokémon Card - Swirl Bottom Right 13/82,https://www.ebay.es/itm/158288706783,PriceCharting
Team Rocket,Dark Vileplume,13/82,Unlimited,PSA 8,2026-09-15,85.00,USD,eBay,best offer,TRUE,,,2000 DARK VILEPLUME HOLO RARE TEAM ROCKET POKEMON TCG PSA 8 NM-MINT #13/82 13/82,https://www.ebay.es/itm/278160529335,PriceCharting
Team Rocket,Dark Vileplume,13/82,Unlimited,PSA 8,2026-09-15,90.00,USD,eBay,best offer,TRUE,,,2000 Pokemon Team Rocket Dark Vileplume 13/82 Rare Holo PSA 8 NM-MINT 13/82,https://www.ebay.es/itm/267756588340,PriceCharting
Team Rocket,Dark Vileplume,13/82,Unlimited,PSA 8,2026-09-10,75.00,USD,eBay,best offer,TRUE,,,Pokemon 2000 Dark Vileplume 13/82 Team Rocket Holo - Graded PSA 8 NM-MT 13/82,https://www.ebay.es/itm/336759293229,PriceCharting
Team Rocket,Dark Vileplume,13/82,Unlimited,PSA 8,2026-09-02,120.00,USD,eBay,unknown,FALSE,,,PSA 8 Dark Vileplume 13/82 Team Rocket Holo Pokémon Card - WITH SWIRL!! 13/82,https://www.ebay.es/itm/398344245117,PriceCharting
Team Rocket,Dark Vileplume,13/82,Unlimited,PSA 8,2026-07-11,72.00,USD,eBay,best offer,TRUE,,,2000 Dark Vileplume Holo 13/82 Pokemon Team Rocket PSA 8 NM-MT,https://www.ebay.es/itm/174845386561,PriceCharting
Team Rocket,Dark Vileplume,13/82,Unlimited,PSA 8,2026-07-11,67.00,USD,eBay,best offer,TRUE,,,Pokemon 2000 Team Rocket Dark Vileplume Holo Rare 13/82 PSA 8 Unlimited 13/82,https://www.ebay.es/itm/407062070356,PriceCharting
Team Rocket,Dark Vileplume,13/82,Unlimited,PSA 8,2026-06-29,80.00,USD,eBay,unknown,FALSE,,,Pokemon Team Rocket Dark Vileplume Holo Rare 13/82 PSA 8 NM-Mint 2000 Unlimited 13/82,https://www.ebay.es/itm/227397466719,PriceCharting
Team Rocket,Dark Vileplume,13/82,Unlimited,PSA 8,2026-04-25,64.99,USD,eBay,unknown,FALSE,,,2000 Pokemon Team Rocket Dark Vileplume Holo #13 PSA 8 - WOTC Vintage Swirl 13/82,https://www.ebay.es/itm/127690318077,PriceCharting
Team Rocket,Dark Vileplume,13/82,Unlimited,PSA 8,2026-04-14,81.00,USD,eBay,unknown,FALSE,,,2000 Pokemon Team Rocket Dark Vileplume Holo #13/82 PSA 8,https://www.ebay.es/itm/377098034896,PriceCharting
Team Rocket,Dark Vileplume,13/82,Unlimited,PSA 8,2026-04-06,76.00,USD,eBay,unknown,FALSE,,,2000 Pokemon Team Rocket Dark Vileplume Holo #13/82 PSA 8 New Grade Cert! 13/82,https://www.ebay.es/itm/198228667788,PriceCharting
Team Rocket,Dark Vileplume,13/82,Unlimited,PSA 8,2026-04-02,59.99,USD,eBay,unknown,FALSE,,,2000 Pokemon Team Rocket Dark Vileplume Holo #13/82 PSA 8,https://www.ebay.es/itm/157713322158,PriceCharting
Team Rocket,Dark Vileplume,13/82,Unlimited,PSA 8,2026-03-29,58.00,USD,eBay,unknown,FALSE,,,Pokémon Tcg Dark Vileplume Holo PSA 8 Team Rocket Pokémon 13/82 13/82,https://www.ebay.es/itm/377001484211,PriceCharting
Team Rocket,Dark Vileplume,13/82,Unlimited,PSA 9,2026-08-29,149.00,USD,eBay,unknown,FALSE,,,Pokemon Team Rocket Dark Vileplume #13 Holo PSA 9 13/82,https://www.ebay.es/itm/147533443324,PriceCharting
Team Rocket,Dark Vileplume,13/82,Unlimited,PSA 9,2026-06-19,130.00,USD,eBay,best offer,TRUE,,,Pokémon Team Rocket Dark Vileplume Holo Rare #13/82 PSA 9 2000 Unlimited 13/82,https://www.ebay.es/itm/236841726207,PriceCharting
Team Rocket,Dark Vileplume,13/82,Unlimited,PSA 9,2026-06-08,125.50,USD,eBay,unknown,FALSE,,,2000 POKEMON ROCKET #13 DARK VILEPLUME-HOLO PSA 9 #13,https://www.ebay.es/itm/157958856597,PriceCharting
Team Rocket,Dark Vileplume,13/82,Unlimited,PSA 9,2026-02-01,101.99,USD,eBay,unknown,FALSE,,,Pokemon TCG WOTC Team Rocket Dark Vileplume 13/82 Holo Rare SWIRL PSA 9 Mint! 13/82,https://www.ebay.es/itm/317676828660,PriceCharting
Team Rocket,Dark Vileplume,13/82,Unlimited,PSA 9,2025-12-12,109.03,USD,eBay,unknown,FALSE,,,Pokemon – Team Rocket – Dark Vileplume Holo - 2000 - 13/82 - PSA 9 – Mint,https://www.ebay.es/itm/177534314835,PriceCharting
Team Rocket,Dark Vileplume,13/82,Unlimited,PSA 9,2025-11-17,66.00,USD,eBay,unknown,FALSE,,,Pokemon Dark Vileplume Team Rocket Unlimited Holo Rare #13 PSA 9 Mint,https://www.ebay.es/itm/286921881226,PriceCharting
Team Rocket,Dark Vileplume,13/82,Unlimited,PSA 9,2025-08-16,75.00,USD,eBay,unknown,FALSE,,,WOTC Pokemon 2000 Team Rocket Dark Vileplume Holo PSA 9 Mint #13/82 13/82,https://www.ebay.es/itm/136165053413,PriceCharting
Team Rocket,Dark Vileplume,13/82,Unlimited,PSA 9,2025-06-01,59.99,USD,eBay,unknown,FALSE,,,2000 POKEMON TEAM ROCKET DARK VILEPLUME - HOLO #13/82 PSA 9 13/82,https://www.ebay.es/itm/157047092949,PriceCharting
Team Rocket,Dark Vileplume,13/82,Unlimited,PSA 9,2025-03-27,60.98,USD,eBay,unknown,FALSE,,,2000 POKEMON TEAM ROCKET DARK VILEPLUME - HOLO #13/82 PSA 9,https://www.ebay.es/itm/205365263006,PriceCharting
Team Rocket,Dark Vileplume,13/82,Unlimited,PSA 10,2026-06-15,1253.60,USD,eBay,unknown,FALSE,,,Pokemon Dark Vileplume Team Rocket Unlimited Holo Rare #13 PSA 10 Gem Mint,https://www.ebay.es/itm/287375954080,PriceCharting
Team Rocket,Dark Vileplume,13/82,Unlimited,PSA 10,2026-04-05,1650.25,USD,eBay,unknown,FALSE,,,Pokemon Cards - PSA 10 Dark Vileplume 13/82 - Team Rocket Holo - GEM MT - PSA10,https://www.ebay.es/itm/287211671350,PriceCharting
Team Rocket,Dark Vileplume,13/82,Unlimited,PSA 10,2024-07-21,293.00,USD,eBay,unknown,FALSE,,,2000 Pokemon Team Rocket DARK VILEPLUME HOLO #13 - PSA 10 GEM MINT 💎 LOW POP #13,https://www.ebay.es/itm/266907836102,PriceCharting
Team Rocket,Dark Vileplume,13/82,Unlimited,PSA 10,2024-05-01,597.00,USD,eBay,unknown,FALSE,,,2000 Pokemon Team Rocket DARK VILEPLUME HOLO #13 - PSA 10 GEM MINT 💎 LOW POP #13,https://www.ebay.es/itm/324766484702,PriceCharting
Team Rocket,Dark Weezing,14/82,1st Edition,PSA 8,2026-09-25,99.99,USD,eBay,unknown,FALSE,,,2000 POKEMON 1ST EDITION TEAM ROCKET DARK WEEZING HOLO #14 PSA 8 14/82,https://www.ebay.es/itm/198665411200,PriceCharting
Team Rocket,Dark Weezing,14/82,1st Edition,PSA 8,2026-09-25,99.99,USD,eBay,unknown,FALSE,,,2000 POKEMON 1ST EDITION TEAM ROCKET DARK WEEZING HOLO #14 PSA 8 14/82,https://www.ebay.es/itm/198552748487,PriceCharting
Team Rocket,Dark Weezing,14/82,1st Edition,PSA 8,2026-09-17,89.00,USD,eBay,unknown,FALSE,,,Pokemon Dark Weezing Holo Team Rocket 14 1st Edition PSA 8 #14,https://www.ebay.es/itm/267778150958,PriceCharting
Team Rocket,Dark Weezing,14/82,1st Edition,PSA 8,2026-09-13,102.50,USD,eBay,unknown,FALSE,,,Pokemon Dark Weezing Holo Team Rocket 14 1st Edition PSA 8 #14,https://www.ebay.es/itm/287565598202,PriceCharting
Team Rocket,Dark Weezing,14/82,1st Edition,PSA 8,2026-09-12,100.00,USD,eBay,best offer,TRUE,,,PSA 8 1st Edition Dark Weezing 2000 Pokemon Team Rocket Holo Rare 14/82 14/82,https://www.ebay.es/itm/168641540647,PriceCharting
Team Rocket,Dark Weezing,14/82,1st Edition,PSA 8,2026-09-02,125.95,USD,eBay,unknown,FALSE,,,Pokemon Team Rocket 1st Edition Dark Weezing 14/82 PSA 8,https://www.ebay.es/itm/336634467080,PriceCharting
Team Rocket,Dark Weezing,14/82,1st Edition,PSA 8,2026-08-30,99.00,USD,eBay,unknown,FALSE,,,Pokemon 2000 Team Rocket Dark Weezing 14/82 1st Edition Holo PSA 8 14/82,https://www.ebay.es/itm/287551313020,PriceCharting
Team Rocket,Dark Weezing,14/82,1st Edition,PSA 8,2026-08-25,80.00,USD,eBay,unknown,FALSE,,,2000 POKEMON 1ST EDITION TEAM ROCKET DARK WEEZING HOLO #14 PSA 8 14/82,https://www.ebay.es/itm/407154308462,PriceCharting
Team Rocket,Dark Weezing,14/82,1st Edition,PSA 8,2026-07-19,126.89,USD,eBay,unknown,FALSE,,,PSA 8 - Pokemon Card - Team Rocket 14/82 - DARK WEEZING *1st Edition* - NM-MT,https://www.ebay.es/itm/147401444201,PriceCharting
Team Rocket,Dark Weezing,14/82,1st Edition,PSA 8,2026-07-12,91.00,USD,eBay,unknown,FALSE,,,2000 Pokemon Team Rocket 1st Edition Dark Weezing Holo 14/82 PSA 8 NM-MT #14,https://www.ebay.es/itm/358757545466,PriceCharting
Team Rocket,Dark Weezing,14/82,1st Edition,PSA 8,2026-06-16,107.21,USD,eBay,best offer,TRUE,,,[PSA 8] Pokemon Dark Weezing 14/82 Team Rocket - Holo - 1st Edition,https://www.ebay.es/itm/236808399949,PriceCharting
Team Rocket,Dark Weezing,14/82,1st Edition,PSA 8,2026-06-14,104.99,USD,eBay,unknown,FALSE,,,Pokemon TCG Dark Weezing 14/82 Team Rocket 1st Edition Holo Rare PSA 8 #NNO,https://www.ebay.es/itm/377237877560,PriceCharting
Team Rocket,Dark Weezing,14/82,1st Edition,PSA 8,2026-05-26,100.00,USD,eBay,unknown,FALSE,,,Pokemon 1st Edition Team Rocket Dark Weezing Holo 8/82 - PSA 8 NM-MT 14/82,https://www.ebay.es/itm/800042747258,PriceCharting
Team Rocket,Dark Weezing,14/82,1st Edition,PSA 8,2026-04-30,100.00,USD,eBay,unknown,FALSE,,,[PSA 8] Pokemon Dark Weezing 14/82 Team Rocket - Holo - 1st Edition 14/82,https://www.ebay.es/itm/377143969066,PriceCharting
Team Rocket,Dark Weezing,14/82,1st Edition,PSA 9,2026-09-24,179.99,USD,eBay,unknown,FALSE,,,PSA 9 2000 POKEMON 1ST EDITION TEAM ROCKET DARK WEEZING HOLO #14 14/82,https://www.ebay.es/itm/227392014672,PriceCharting
Team Rocket,Dark Weezing,14/82,1st Edition,PSA 9,2026-09-18,198.68,USD,eBay,unknown,FALSE,,,PSA 9 MINT Pokemon Dark Weezing Team Rocket Holo 1st Edition 14/82,https://www.ebay.es/itm/198500284630,PriceCharting
Team Rocket,Dark Weezing,14/82,1st Edition,PSA 9,2026-09-13,150.00,USD,eBay,best offer,TRUE,,,2000 Pokemon Team Rocket 1st Ed. Dark Weezing HOLO #14 PSA 9 #6,https://www.ebay.es/itm/366663087212,PriceCharting
Team Rocket,Dark Weezing,14/82,1st Edition,PSA 9,2026-09-06,155.00,USD,eBay,unknown,FALSE,,,PSA 9 MINT Dark Weezing 14 Team Rocket 1st Edition Holo Pokemon Card #14,https://www.ebay.es/itm/147407894060,PriceCharting
Team Rocket,Dark Weezing,14/82,1st Edition,PSA 9,2026-08-30,194.45,USD,eBay,unknown,FALSE,,,2000 Pokémon Team Rocket 1st Edition 14/82 Dark Weezing Holo PSA 9 Big SWIRL 🌀 14/82,https://www.ebay.es/itm/188828530493,PriceCharting
Team Rocket,Dark Weezing,14/82,1st Edition,PSA 9,2026-08-25,135.79,USD,eBay,unknown,FALSE,,,2000 Pokemon Team Rocket First Edition Dark Weezing Rare Holo #14/82 PSA 9,https://www.ebay.es/itm/377432639593,PriceCharting
Team Rocket,Dark Weezing,14/82,1st Edition,PSA 9,2026-08-23,127.50,USD,eBay,unknown,FALSE,,,2000 Pokemon Team Rocket First Edition Dark Weezing #14/82 Holo PSA 9 14/82,https://www.ebay.es/itm/206484007214,PriceCharting
Team Rocket,Dark Weezing,14/82,1st Edition,PSA 9,2026-08-16,225.00,USD,eBay,unknown,FALSE,,,PSA 9 Dark Weezing 14/82 1st Edition Holo SWIRL Team Rocket Pokemon Card Graded #14,https://www.ebay.es/itm/327162223495,PriceCharting
Team Rocket,Dark Weezing,14/82,1st Edition,PSA 9,2026-08-02,199.00,USD,eBay,unknown,FALSE,,,2000 Pokemon Team Rocket 1st Edition #14 Dark Weezing - Holo PSA 9 MINT,https://www.ebay.es/itm/115056285077,PriceCharting
Team Rocket,Dark Weezing,14/82,1st Edition,PSA 9,2026-08-01,170.00,USD,eBay,unknown,FALSE,,,Dark Weezing Holo Team Rocket 1st Edition PSA 9 Pokemon WOTC 2000 Vintage 14/82,https://www.ebay.es/itm/287468313134,PriceCharting
Team Rocket,Dark Weezing,14/82,1st Edition,PSA 9,2026-07-28,159.99,USD,eBay,unknown,FALSE,,,2000 Pokemon Team Rocket Dark Weezing Holo 1st Edition 14/82 PSA 9 14/82,https://www.ebay.es/itm/117325773838,PriceCharting
Team Rocket,Dark Weezing,14/82,1st Edition,PSA 9,2026-07-27,171.50,USD,eBay,unknown,FALSE,,,Pokémon Team Rocket Dark Weezing 14/82 Holo Rare First Edition PSA 9 14/82,https://www.ebay.es/itm/358807465098,PriceCharting
Team Rocket,Dark Weezing,14/82,1st Edition,PSA 9,2026-07-23,115.00,USD,eBay,best offer,TRUE,,,Dark Weezing Holo Team Rocket 1st Edition PSA 9 Pokemon WOTC 2000 Vintage 14/82,https://www.ebay.es/itm/287470370243,PriceCharting
Team Rocket,Dark Weezing,14/82,1st Edition,PSA 9,2026-07-06,127.69,USD,eBay,unknown,FALSE,,,163740272 Dark Weezing 2000 Pokemon Team Rocket 1st Edition #14 Holo PSA 9 14/82,https://www.ebay.es/itm/158041619706,PriceCharting
Team Rocket,Dark Weezing,14/82,1st Edition,PSA 9,2026-07-05,175.00,USD,eBay,unknown,FALSE,,,Pokemon Dark Weezing Holo Team Rocket 14 1st Edition PSA 9 #14,https://www.ebay.es/itm/287424690052,PriceCharting
Team Rocket,Dark Weezing,14/82,1st Edition,PSA 9,2026-06-19,189.99,USD,eBay,unknown,FALSE,,,2000 Pokemon Team Rocket Dark Weezing 14/82 1st Edition Holo PSA 9 Mint 14/82,https://www.ebay.es/itm/158011524657,PriceCharting
Team Rocket,Dark Weezing,14/82,1st Edition,PSA 9,2026-06-17,155.00,USD,eBay,best offer,TRUE,,,Pokémon TCG Team Rocket Dark Weezing 14/82 1st Edition Holo PSA 9 (2000) 14/82,https://www.ebay.es/itm/407003146587,PriceCharting
Team Rocket,Dark Weezing,14/82,1st Edition,PSA 9,2026-06-14,157.50,USD,eBay,unknown,FALSE,,,Pokemon Dark Weezing Team Rocket 1st Edition Holo Rare #14 PSA 9 Mint,https://www.ebay.es/itm/287372420276,PriceCharting
Team Rocket,Dark Weezing,14/82,1st Edition,PSA 10,2026-09-24,1550.00,USD,eBay,unknown,FALSE,,,Pokemon Dark Weezing Holo 14 Team Rocket 1st Edition PSA 10 #14,https://www.ebay.es/itm/298462049491,PriceCharting
Team Rocket,Dark Weezing,14/82,1st Edition,PSA 10,2026-09-23,1275.00,USD,eBay,unknown,FALSE,,,Pokemon Dark Weezing Team Rocket 1st Edition Holo Rare #14 PSA 10 Gem Mint #14,https://www.ebay.es/itm/287232988592,PriceCharting
Team Rocket,Dark Weezing,14/82,1st Edition,PSA 10,2026-09-16,940.00,USD,eBay,unknown,FALSE,,,2000 Pokemon Team Rocket First Edition Dark Weezing Holo #14/82 PSA 10 GEM MINT,https://www.ebay.es/itm/377486738452,PriceCharting
Team Rocket,Dark Weezing,14/82,1st Edition,PSA 10,2026-08-26,900.00,USD,eBay,best offer,TRUE,,,PSA 10 2000 Pokemon Team Rocket Dark Weezing 14/82 Holo 1st Edition Holo 14/82,https://www.ebay.es/itm/407158019962,PriceCharting
Team Rocket,Dark Weezing,14/82,1st Edition,PSA 10,2026-08-07,510.00,USD,eBay,unknown,FALSE,,,Pokemon Dark Weezing Team Rocket 1st Edition Holo Rare #14 PSA 10 Gem Mint #14,https://www.ebay.es/itm/236975245334,PriceCharting
Team Rocket,Dark Weezing,14/82,1st Edition,PSA 10,2026-08-07,880.00,USD,eBay,unknown,FALSE,,,Dark Weezing 2000 Team Rocket #14 🔥 1st Edition HOLO PSA 10 🔥 Vintage Pokemon #14,https://www.ebay.es/itm/366569326240,PriceCharting
Team Rocket,Dark Weezing,14/82,1st Edition,PSA 10,2026-07-18,999.00,USD,eBay,best offer,TRUE,,,Pokemon TCG Team Rocket Dark Weezing Holo 1st Ed 14/82 2000 PSA 10 14/82,https://www.ebay.es/itm/178289366375,PriceCharting
Team Rocket,Dark Weezing,14/82,1st Edition,PSA 10,2026-06-26,850.00,USD,eBay,best offer,TRUE,,,Pokemon Team Rocket Dark Weezing 14/82 1st Edition Holo PSA 10 (2000) 14/82,https://www.ebay.es/itm/318345282739,PriceCharting
Team Rocket,Dark Weezing,14/82,1st Edition,PSA 10,2026-06-22,865.00,USD,eBay,unknown,FALSE,,,Dark Weezing 2000 Team Rocket #14 🔥 1st Edition HOLO PSA 10 🔥 Vintage Pokemon #14,https://www.ebay.es/itm/366479768591,PriceCharting
Team Rocket,Dark Weezing,14/82,1st Edition,PSA 10,2026-06-18,905.00,USD,eBay,unknown,FALSE,,,Pokemon Team Rocket Dark Weezing 14/82 1st Edition Holo PSA 10 (2000) 14/82,https://www.ebay.es/itm/358595278718,PriceCharting
Team Rocket,Dark Weezing,14/82,1st Edition,PSA 10,2026-06-02,897.50,USD,eBay,best offer,TRUE,,,Pokemon PSA 10 Team Rocket First Edition Dark Weezing Holo #14/82 2000 GEM MINT,https://www.ebay.es/itm/257509792041,PriceCharting
Team Rocket,Dark Weezing,14/82,1st Edition,PSA 10,2026-05-17,1174.13,USD,eBay,unknown,FALSE,,,DARK WEEZING HOLO 1ST EDITION POKEMON 14/82 2000 TEAM ROCKET HOLO ENGLISH PSA 10,https://www.ebay.es/itm/137283521652,PriceCharting
Team Rocket,Dark Weezing,14/82,1st Edition,PSA 10,2026-05-03,1199.99,USD,eBay,unknown,FALSE,,,PSA 10 GEM MINT Dark Weezing 14/82 HOLO Team Rocket 1ST EDITION Pokemon Card,https://www.ebay.es/itm/267621881645,PriceCharting
Team Rocket,Dark Weezing,14/82,1st Edition,PSA 10,2026-04-28,1026.00,USD,eBay,unknown,FALSE,,,2000 Pokemon Team Rocket First Edition Dark Weezing Holo #14/82 PSA 10 GEM MINT,https://www.ebay.es/itm/127824412034,PriceCharting
Team Rocket,Dark Weezing,14/82,1st Edition,PSA 10,2026-04-20,838.88,USD,eBay,unknown,FALSE,,,Pokemon Dark Weezing Team Rocket 1st Edition Holo Rare #14 PSA 10 Gem Mint 14/82,https://www.ebay.es/itm/157829557440,PriceCharting
Team Rocket,Dark Weezing,14/82,1st Edition,PSA 10,2026-04-12,828.46,USD,eBay,unknown,FALSE,,,Pokemon Dark Weezing Team Rocket 1st Edition Holo Rare #14 PSA 10 Gem Mint,https://www.ebay.es/itm/287251627091,PriceCharting
Team Rocket,Dark Weezing,14/82,1st Edition,PSA 10,2026-04-12,860.00,USD,eBay,unknown,FALSE,,,Pokemon Dark Weezing Team Rocket 1st Edition Holo Rare #14 PSA 10 Gem Mint,https://www.ebay.es/itm/287251599692,PriceCharting
Team Rocket,Dark Weezing,14/82,1st Edition,PSA 10,2026-04-08,859.95,USD,eBay,unknown,FALSE,,,DARK WEEZING PSA 10 2000 POKEMON TEAM ROCKET 1ST FIRST EDITION #14/82 HOLO 6362 14/82,https://www.ebay.es/itm/178028132023,PriceCharting
Team Rocket,Dark Weezing,14/82,1st Edition,PSA 10,2026-04-07,1100.00,USD,eBay,best offer,TRUE,,,Pokemon PSA 10 1st Edition Team Rocket Dark Weezing Holo Rare 14/82 GEM MINT 14/82,https://www.ebay.es/itm/157792166793,PriceCharting
Team Rocket,Dark Weezing,14/82,1st Edition,PSA 10,2026-04-06,840.00,USD,eBay,unknown,FALSE,,,Pokemon Dark Weezing Team Rocket 1st Edition Holo Rare #14 PSA 10 Gem Mint 14/82,https://www.ebay.es/itm/157791390531,PriceCharting
Team Rocket,Dark Weezing,14/82,1st Edition,PSA 10,2026-03-22,1575.00,USD,eBay,unknown,FALSE,,,Pokemon Dark Weezing Team Rocket 1st Edition Holo Rare #14 PSA 10 Gem Mint,https://www.ebay.es/itm/287198018766,PriceCharting
Team Rocket,Dark Weezing,14/82,1st Edition,PSA 10,2026-03-20,1000.00,USD,eBay,unknown,FALSE,,,Pokémon 2000 Team Rocket Dark Weezing 1st Edition Holo Rare 14/82 PSA 10 English 14/82,https://www.ebay.es/itm/406787259484,PriceCharting
Team Rocket,Dark Weezing,14/82,1st Edition,PSA 10,2026-03-09,850.00,USD,eBay,unknown,FALSE,,,Pokemon Dark Weezing Team Rocket 1st Edition Holo Rare #14 PSA 10 Gem Mint,https://www.ebay.es/itm/287167054782,PriceCharting
Team Rocket,Dark Weezing,14/82,1st Edition,PSA 10,2026-03-04,825.00,USD,eBay,best offer,TRUE,,,Pokémon Dark Weezing 14/82 Team Rocket 1st Edition Holo PSA 10 14/82,https://www.ebay.es/itm/358271007967,PriceCharting
Team Rocket,Dark Weezing,14/82,1st Edition,PSA 10,2026-02-13,860.02,USD,eBay,unknown,FALSE,,,Pokémon Team Rocket Dark Weezing 14/82 Holo 1st Edition PSA 10 English 14/82,https://www.ebay.es/itm/336424064253,PriceCharting
Team Rocket,Dark Weezing,14/82,1st Edition,PSA 10,2026-01-21,610.00,USD,eBay,unknown,FALSE,,,2000 POKEMON ROCKET 1ST EDITION #14 DARK WEEZING-HOLO PSA 10 #14,https://www.ebay.es/itm/306707866028,PriceCharting
Team Rocket,Dark Weezing,14/82,1st Edition,PSA 10,2026-01-14,830.00,USD,eBay,best offer,TRUE,,,Pokemon Team Rocket 1st edition Dark Weezing Holo PSA 10,https://www.ebay.es/itm/358113358939,PriceCharting
Team Rocket,Dark Weezing,14/82,Unlimited,PSA 8,2026-09-04,54.99,USD,eBay,unknown,FALSE,,,2000 POKEMON TEAM ROCKET Trading Card DARK WEEZING -HOLO 14/82 graded slab PSA 8 14/82,https://www.ebay.es/itm/206058695386,PriceCharting
Team Rocket,Dark Weezing,14/82,Unlimited,PSA 8,2026-09-04,58.00,USD,eBay,unknown,FALSE,,,2000 Pokemon Team Rocket Dark Weezing 14/82 Rare Holo PSA 8 NM-MINT 14/82,https://www.ebay.es/itm/267756587437,PriceCharting
Team Rocket,Dark Weezing,14/82,Unlimited,PSA 8,2026-08-14,46.00,USD,eBay,unknown,FALSE,,,2000 Pokemon Dark Weezing 14/82 Team Rocket Holo PSA 8 NM - MT Vintage CLEAN 14/82,https://www.ebay.es/itm/158162045276,PriceCharting
Team Rocket,Dark Weezing,14/82,Unlimited,PSA 8,2026-08-13,50.05,USD,eBay,unknown,FALSE,,,SWIRL 2000 Pokémon Team Rocket Dark Weezing Holo PSA 8 14/82,https://www.ebay.es/itm/127930990399,PriceCharting
Team Rocket,Dark Weezing,14/82,Unlimited,PSA 8,2026-08-10,38.00,USD,eBay,unknown,FALSE,,,PSA 8 2000 Pokemon Team Rocket Dark Weezing 14/82 Holo Rare English 60HP 14/82,https://www.ebay.es/itm/318657207197,PriceCharting
Team Rocket,Dark Weezing,14/82,Unlimited,PSA 8,2026-07-29,40.00,USD,eBay,best offer,TRUE,,,2000 Pokemon Dark Weezing 14/82 Team Rocket Holo PSA 8 14/82,https://www.ebay.es/itm/137124842035,PriceCharting
Team Rocket,Dark Weezing,14/82,Unlimited,PSA 8,2026-07-27,40.00,USD,eBay,unknown,FALSE,,,Pokemon 2000 Dark Weezing 14/82 Holo Team Rocket PSA 8 14/82,https://www.ebay.es/itm/257640512595,PriceCharting
Team Rocket,Dark Weezing,14/82,Unlimited,PSA 8,2026-07-23,48.36,USD,eBay,best offer,TRUE,,,PSA 8 Dark Weezing 14/82 Team Rocket Holo Pokemon TCG 14/82,https://www.ebay.es/itm/188679382919,PriceCharting
Team Rocket,Dark Weezing,14/82,Unlimited,PSA 8,2026-07-18,38.90,USD,eBay,unknown,FALSE,,,Pokemon 2000 Dark Weezing 14/82 Holo Team Rocket PSA 8 14/82,https://www.ebay.es/itm/407064532670,PriceCharting
Team Rocket,Dark Weezing,14/82,Unlimited,PSA 8,2026-07-02,45.00,USD,eBay,best offer,TRUE,,,2000 Pokemon Team Rocket Dark Weezing Holo #14 PSA 8 NM-MT WOTC 14/82,https://www.ebay.es/itm/278088911987,PriceCharting
Team Rocket,Dark Weezing,14/82,Unlimited,PSA 8,2026-06-18,35.00,USD,eBay,best offer,TRUE,,,2000 DARK WEEZING HOLO RARE TEAM ROCKET POKEMON TCG PSA 8 NEAR MINT-MINT #14/82 #14,https://www.ebay.es/itm/276387606928,PriceCharting
Team Rocket,Dark Weezing,14/82,Unlimited,PSA 8,2026-06-17,55.00,USD,eBay,unknown,FALSE,,,2000 Pokemon Dark Weezing 14/82 Team Rocket Holo PSA 8 14/82,https://www.ebay.es/itm/127867092297,PriceCharting
Team Rocket,Dark Weezing,14/82,Unlimited,PSA 8,2026-06-16,43.18,USD,eBay,unknown,FALSE,,,Pokemon TCG Dark Weezing 14/82 Team Rocket Holo PSA 8 WOTC Card 14/82,https://www.ebay.es/itm/398072845307,PriceCharting
Team Rocket,Dark Weezing,14/82,Unlimited,PSA 8,2026-06-10,45.00,USD,eBay,unknown,FALSE,,,2000 Pokémon Team Rocket Dark Weezing Holo PSA 8 14/82,https://www.ebay.es/itm/377161030273,PriceCharting
Team Rocket,Dark Weezing,14/82,Unlimited,PSA 8,2026-06-10,38.00,USD,eBay,unknown,FALSE,,,Pokémon TCG Dark Weezing Team Rocket Holo Rare PSA 8 14/82 2000 Unlimited 14/82,https://www.ebay.es/itm/178076049773,PriceCharting
Team Rocket,Dark Weezing,14/82,Unlimited,PSA 8,2026-05-31,43.14,USD,eBay,unknown,FALSE,,,Pokemon TCG Dark Weezing 14/82 Team Rocket Holo PSA 8 WOTC Card 14/82,https://www.ebay.es/itm/366423893980,PriceCharting
Team Rocket,Dark Weezing,14/82,Unlimited,PSA 9,2026-07-09,80.00,USD,eBay,best offer,TRUE,,,PSA 9 DARK WEEZING 14/82 Holo Rare Team Rocket 2000 - Pokemon Card WOTC 14/82,https://www.ebay.es/itm/377206003608,PriceCharting
Team Rocket,Dark Weezing,14/82,Unlimited,PSA 9,2026-07-07,75.00,USD,eBay,unknown,FALSE,,,2000 POKEMON TEAM ROCKET #14 DARK WEEZING-HOLO PSA 9 MINT 14/82,https://www.ebay.es/itm/187646765248,PriceCharting
Team Rocket,Dark Weezing,14/82,Unlimited,PSA 9,2026-06-29,74.99,USD,eBay,unknown,FALSE,,,2000 POKEMON TCG TEAM ROCKET DARK WEEZING HOLO RARE #14/82 PSA 9 EN 14/82,https://www.ebay.es/itm/227365509245,PriceCharting
Team Rocket,Dark Weezing,14/82,Unlimited,PSA 9,2026-06-29,80.00,USD,eBay,unknown,FALSE,,,Pokémon Dark Weezing Team Rocket 14/82 Holo Rare PSA 9 Graded 2000 14/82,https://www.ebay.es/itm/188299808823,PriceCharting
Team Rocket,Dark Weezing,14/82,Unlimited,PSA 9,2026-06-29,70.00,USD,eBay,unknown,FALSE,,,Pokemon 2000 Team Rocket Dark Weezing 14/82 Holo Rare English PSA 9 14/82,https://www.ebay.es/itm/398100763998,PriceCharting
Team Rocket,Dark Weezing,14/82,Unlimited,PSA 9,2026-06-20,57.00,USD,eBay,unknown,FALSE,,,Pokemon TCG - Dark Weezing 14/82 - Team Rocket Holo - PSA 9 - Vintage WOtC 14/82,https://www.ebay.es/itm/318450853965,PriceCharting
Team Rocket,Dark Weezing,14/82,Unlimited,PSA 9,2026-06-19,74.99,USD,eBay,unknown,FALSE,,,PSA 9 2000 POKEMON TEAM ROCKET UNLIMITED DARK WEEZING HOLO #14 14/82,https://www.ebay.es/itm/227392116180,PriceCharting
Team Rocket,Dark Weezing,14/82,Unlimited,PSA 9,2026-05-30,79.99,USD,eBay,unknown,FALSE,,,Dark Weezing Holo PSA 9 - 2000 Pokémon Team Rocket #14 14/82,https://www.ebay.es/itm/366377896620,PriceCharting
Team Rocket,Dark Weezing,14/82,Unlimited,PSA 9,2026-05-26,81.02,USD,eBay,unknown,FALSE,,,PSA 9 Dark Weezing Team Rocket Holo Rare Pokémon TCG 14/82,https://www.ebay.es/itm/327165574794,PriceCharting
Team Rocket,Dark Weezing,14/82,Unlimited,PSA 9,2026-05-25,73.10,USD,eBay,best offer,TRUE,,,Pokemon Dark Weezing 14/82 Holo Team Rocket PSA 9 Unlimited WOTC good sub grades 14/82,https://www.ebay.es/itm/178162143357,PriceCharting
Team Rocket,Dark Weezing,14/82,Unlimited,PSA 9,2026-05-10,86.00,USD,eBay,unknown,FALSE,,,Pokemon Dark Weezing Team Rocket Unlimited Holo Rare #14 PSA 9 Mint,https://www.ebay.es/itm/287301492323,PriceCharting
Team Rocket,Dark Weezing,14/82,Unlimited,PSA 9,2026-04-19,65.00,USD,eBay,best offer,TRUE,,,2000 POKEMON TEAM ROCKET #14 DARK WEEZING-HOLO PSA 9 MINT 14/82,https://www.ebay.es/itm/366333301886,PriceCharting
Team Rocket,Dark Weezing,14/82,Unlimited,PSA 9,2026-04-13,64.99,USD,eBay,unknown,FALSE,,,2000 POKEMON TEAM ROCKET #14 DARK WEEZING-HOLO PSA 9 MINT 14/82,https://www.ebay.es/itm/157713322458,PriceCharting
Team Rocket,Dark Weezing,14/82,Unlimited,PSA 9,2026-04-06,75.00,USD,eBay,best offer,TRUE,,,Pokémon TCG Dark Weezing Holo Rare Card Team Rocket 14/82 2000 Unlimited PSA 9 14/82,https://www.ebay.es/itm/306863750709,PriceCharting
Team Rocket,Dark Weezing,14/82,Unlimited,PSA 9,2026-04-05,56.00,USD,eBay,unknown,FALSE,,,Dark Weezing HOLO - PSA 9 - Pokemon Team Rocket 14/82 2000 MINT 14/82,https://www.ebay.es/itm/117115488219,PriceCharting
Team Rocket,Dark Weezing,14/82,Unlimited,PSA 9,2026-04-03,79.99,USD,eBay,unknown,FALSE,,,2000 Pokemon Team Rocket Dark Weezing Holo #14/82 PSA 9 14/82,https://www.ebay.es/itm/205955764443,PriceCharting
Team Rocket,Dark Weezing,14/82,Unlimited,PSA 9,2026-03-22,77.90,USD,eBay,unknown,FALSE,,,PSA 9 Dark Weezing Pokemon Card Holo WOTC 14/82 Team Rocket Rare Vintage 2000 14/82,https://www.ebay.es/itm/156957852417,PriceCharting
Team Rocket,Dark Weezing,14/82,Unlimited,PSA 9,2026-03-17,50.00,USD,eBay,best offer,TRUE,,,Dark Weezing HOLO - PSA 9 - Pokemon Team Rocket 14/82 14/82,https://www.ebay.es/itm/317976185038,PriceCharting
Team Rocket,Dark Weezing,14/82,Unlimited,PSA 9,2026-03-08,50.00,USD,eBay,unknown,FALSE,,,Dark Weezing HOLO - PSA 9 - Pokemon Team Rocket 14/82 14/82,https://www.ebay.es/itm/177911146631,PriceCharting
Team Rocket,Dark Weezing,14/82,Unlimited,PSA 9,2026-03-03,63.84,USD,eBay,best offer,TRUE,,,PSA 9 DARK WEEZING 14/82 Holo Rare Team Rocket 2000 - Pokemon Card WOTC 14/82,https://www.ebay.es/itm/203243961900,PriceCharting
Team Rocket,Dark Weezing,14/82,Unlimited,PSA 10,2026-03-09,379.47,USD,eBay,unknown,FALSE,,,PSA 10 Dark Weezing Pokemon TCG 14/82 Holo 14 Rare Team Rocket #14 2000 Pop 169 14/82,https://www.ebay.es/itm/389720523736,PriceCharting
Team Rocket,Dark Weezing,14/82,Unlimited,PSA 10,2026-01-09,250.00,USD,eBay,unknown,FALSE,,,PSA 10 GEM MINT Pokemon DARK WEEZING Holo Rare Team Rocket 14/82 Unlimited 14/82,https://www.ebay.es/itm/297691859070,PriceCharting
Team Rocket,Dark Weezing,14/82,Unlimited,PSA 10,2025-12-28,249.00,USD,eBay,unknown,FALSE,,,PSA 10 GEM MINT Pokemon DARK WEEZING Holo Rare Team Rocket 14/82 Unlimited WOTC 14/82,https://www.ebay.es/itm/376793829204,PriceCharting
Team Rocket,Dark Weezing,14/82,Unlimited,PSA 10,2025-12-13,251.50,USD,eBay,unknown,FALSE,,,PSA 10 GEM MINT Pokemon DARK WEEZING Holo Rare Team Rocket 14/82 Unlimited 14/82,https://www.ebay.es/itm/376755755914,PriceCharting
Team Rocket,Dark Weezing,14/82,Unlimited,PSA 10,2025-08-31,223.50,USD,eBay,unknown,FALSE,,,Pokemon Dark Weezing Team Rocket Unlimited Holo Rare #14 PSA 10 Gem Mint,https://www.ebay.es/itm/286776307863,PriceCharting
Team Rocket,Dark Weezing,14/82,Unlimited,PSA 10,2025-08-25,165.50,USD,eBay,unknown,FALSE,,,Pokemon Dark Weezing Team Rocket Unlimited Holo Rare #14 PSA 10 Gem Mint,https://www.ebay.es/itm/286766446554,PriceCharting
Team Rocket,Dark Weezing,14/82,Unlimited,PSA 10,2025-06-14,149.97,USD,eBay,unknown,FALSE,,,Dark Weezing Team Rocket 14/82 Holo Pokemon Card 2000 PSA 10 GEM MINT 14/82,https://www.ebay.es/itm/236122817527,PriceCharting
Team Rocket,Dark Weezing,14/82,Unlimited,PSA 10,2025-05-21,154.00,USD,eBay,unknown,FALSE,,,Dark Weezing PSA 10 Pokemon 2000 WOTC Team Rocket 14/82 Holo Swirl Low POP 162! #162,https://www.ebay.es/itm/187059556296,PriceCharting
Team Rocket,Dark Weezing,14/82,Unlimited,PSA 10,2025-03-12,125.00,USD,eBay,unknown,FALSE,,,Dark Weezing 14/82 Team Rocket PSA 10 GEM MINT Holo SWIRL Vintage Rare Pokémon 14/82,https://www.ebay.es/itm/167370828032,PriceCharting
Team Rocket,Dark Weezing,14/82,Unlimited,PSA 10,2025-03-02,86.00,USD,eBay,unknown,FALSE,,,PSA 10 GEM MINT Pokemon DARK WEEZING Holo Rare Team Rocket 14/82 Unlimited 14/82,https://www.ebay.es/itm/116492430080,PriceCharting
Team Rocket,Dark Weezing,14/82,Unlimited,PSA 10,2024-09-01,125.00,USD,eBay,unknown,FALSE,,,Dark Weezing Team Rocket PSA 10 GEM MINT 💎 14/82 Holo Rare SWIRL - Pokemon Card 14/82,https://www.ebay.es/itm/186653420621,PriceCharting
Team Rocket,Dark Weezing,14/82,Unlimited,PSA 10,2024-07-30,125.00,USD,Fanatics,unknown,FALSE,,,2000 Pokemon Team Rocket Holo Dark Weezing #14 PSA 10 GEM MINT,,PriceCharting
Team Rocket,Dark Weezing,14/82,Unlimited,PSA 10,2024-06-09,110.00,USD,eBay,unknown,FALSE,,,PSA 10 2000 Dark Weezing Holo 14/82 Team Rocket Pokemon GEM MINT 14/82,https://www.ebay.es/itm/126504113324,PriceCharting
Team Rocket,Dark Weezing,14/82,Unlimited,PSA 10,2024-05-01,149.99,USD,eBay,unknown,FALSE,,,PSA 10 2000 Dark Weezing Holo 14/82 Team Rocket Pokemon GEM MINT,https://www.ebay.es/itm/204228866913,PriceCharting
Team Rocket,Dark Weezing,14/82,Unlimited,PSA 10,2024-04-28,74.23,USD,eBay,unknown,FALSE,,,PSA 10 Dark Weezing (Swirl) #14 Team Rocket 2000 Pokémon TCG,https://www.ebay.es/itm/166725419132,PriceCharting
Team Rocket,Dark Weezing,14/82,Unlimited,PSA 10,2024-04-25,105.00,USD,eBay,unknown,FALSE,,,2000 DARK WEEZING HOLO RARE TEAM ROCKET POKEMON TCG PSA 10 GEM MINT #14/82 #14,https://www.ebay.es/itm/276435844312,PriceCharting
Team Rocket,Dark Weezing,14/82,Unlimited,PSA 10,2024-03-03,71.00,USD,eBay,unknown,FALSE,,,PSA 10 Dark Weezing Holo Rare Team Rocket 2000 Pokemon Card #14,https://www.ebay.es/itm/315184367628,PriceCharting
Team Rocket,Dark Weezing,14/82,Unlimited,PSA 10,2023-11-11,125.00,USD,eBay,unknown,FALSE,,,Pokemon TCG WOTC Team Rocket Dark Weezing Holo #14 PSA 10 #14,https://www.ebay.es/itm/275914969034,PriceCharting
Team Rocket,Here Comes Team Rocket!,15/82,1st Edition,PSA 8,2026-09-14,75.00,USD,eBay,best offer,TRUE,,,2000 Pokemon Rocket Here Comes Team Rocket! 1st Edition Holo 15/82 PSA 8 15/82,https://www.ebay.es/itm/117392096780,PriceCharting
Team Rocket,Here Comes Team Rocket!,15/82,1st Edition,PSA 8,2026-08-30,92.00,USD,eBay,unknown,FALSE,,,2000 POKEMON ROCKET 1ST EDITION #15 HERE COMES TEAM ROCKET!-HOLO PSA 8 #15,https://www.ebay.es/itm/117366561663,PriceCharting
Team Rocket,Here Comes Team Rocket!,15/82,1st Edition,PSA 8,2026-08-14,83.99,USD,eBay,unknown,FALSE,,,2000 Pokemon Team Rocket First Edition Here Comes Rocket! #15/82 PSA 8,https://www.ebay.es/itm/377404112657,PriceCharting
Team Rocket,Here Comes Team Rocket!,15/82,1st Edition,PSA 8,2026-08-14,60.00,USD,eBay,unknown,FALSE,,,Pokemon 1st Edition Here Comes Team Rocket Holo 2000 PSA 8 15/82,https://www.ebay.es/itm/407125635804,PriceCharting
Team Rocket,Here Comes Team Rocket!,15/82,1st Edition,PSA 8,2026-08-06,105.00,USD,eBay,best offer,TRUE,,,2000 POKEMON ROCKET 1ST EDITION #15 HERE COMES TEAM ROCKET!-HOLO PSA 8 15/82,https://www.ebay.es/itm/377367654932,PriceCharting
Team Rocket,Here Comes Team Rocket!,15/82,1st Edition,PSA 8,2026-07-27,104.95,USD,eBay,unknown,FALSE,,,2000 Pokemon Rocket Here Comes Team Rocket! 1st edition Holo 15/82 PSA 8,https://www.ebay.es/itm/198466431280,PriceCharting
Team Rocket,Here Comes Team Rocket!,15/82,1st Edition,PSA 8,2026-07-20,115.00,USD,eBay,unknown,FALSE,,,2000 POKEMON ROCKET 1ST EDITION #15 HERE COMES TEAM ROCKET!-HOLO PSA 8 #15,https://www.ebay.es/itm/377300994550,PriceCharting
Team Rocket,Here Comes Team Rocket!,15/82,1st Edition,PSA 8,2026-07-17,52.51,USD,eBay,unknown,FALSE,,,2000 Pokemon Team Rocket First Edition Here Comes Rocket! #15/82 PSA 8,https://www.ebay.es/itm/127969704557,PriceCharting
Team Rocket,Here Comes Team Rocket!,15/82,1st Edition,PSA 8,2026-07-14,65.00,USD,eBay,unknown,FALSE,,,2000 Pokemon Rocket Here Comes Team Rocket 1st Edition Holo Psa 8 15/82,https://www.ebay.es/itm/318555064945,PriceCharting
Team Rocket,Here Comes Team Rocket!,15/82,1st Edition,PSA 8,2026-07-09,89.00,USD,eBay,unknown,FALSE,,,2000 POKEMON ROCKET 1ST EDITION #15 HERE COMES TEAM ROCKET!-HOLO PSA 8 #15,https://www.ebay.es/itm/298468033366,PriceCharting
Team Rocket,Here Comes Team Rocket!,15/82,1st Edition,PSA 8,2026-06-18,88.00,USD,eBay,unknown,FALSE,,,HERE COMES TEAM ROCKET 2000 POKEMON TEAM ROCKET #15 1ST ED HOLO PSA 8 Q3963 #15,https://www.ebay.es/itm/278074985660,PriceCharting
Team Rocket,Here Comes Team Rocket!,15/82,1st Edition,PSA 8,2026-06-09,100.00,USD,eBay,best offer,TRUE,,,2000 POKEMON ROCKET 1ST ED #15 HERE COMES TEAM ROCKET!-HOLO PSA 8 #15,https://www.ebay.es/itm/116915198931,PriceCharting
Team Rocket,Here Comes Team Rocket!,15/82,1st Edition,PSA 8,2026-05-30,100.00,USD,eBay,unknown,FALSE,,,Pokemon 1st Edition Team Rocket Here Comes Team Rocket Holo 15/82 - PSA 8 NM-MT 15/82,https://www.ebay.es/itm/800042766645,PriceCharting
Team Rocket,Here Comes Team Rocket!,15/82,1st Edition,PSA 8,2026-05-10,100.00,USD,eBay,unknown,FALSE,,,2000 POKEMON ROCKET 1ST EDITION #15 HERE COMES TEAM ROCKET!-HOLO PSA 8,https://www.ebay.es/itm/336489582713,PriceCharting
Team Rocket,Here Comes Team Rocket!,15/82,1st Edition,PSA 8,2026-05-02,115.00,USD,eBay,unknown,FALSE,,,2000 POKEMON ROCKET 1ST EDITION #15 HERE COMES TEAM ROCKET!-HOLO PSA 8 #15,https://www.ebay.es/itm/306883414778,PriceCharting
Team Rocket,Here Comes Team Rocket!,15/82,1st Edition,PSA 8,2026-04-28,99.95,USD,eBay,unknown,FALSE,,,2000 Pokemon 1st Edition Here Comes Team Rocket! Holo #15 PSA 8 Graded Card 15/82,https://www.ebay.es/itm/297549096403,PriceCharting
Team Rocket,Here Comes Team Rocket!,15/82,1st Edition,PSA 8,2026-04-26,104.99,USD,eBay,unknown,FALSE,,,2000 Pokemon Rocket HERE COMES TEAM ROCKET! HOLO 1st Edition 15/82 PSA 8 NM-MT 15/82,https://www.ebay.es/itm/306716518925,PriceCharting
Team Rocket,Here Comes Team Rocket!,15/82,1st Edition,PSA 8,2026-04-25,95.00,USD,eBay,unknown,FALSE,,,Here Comes Team Rocket! Holo 15/82 PSA 8 - 2000 Pokemon 1st Edition 15/82,https://www.ebay.es/itm/366360844130,PriceCharting
Team Rocket,Here Comes Team Rocket!,15/82,1st Edition,PSA 8,2026-04-19,90.00,USD,eBay,unknown,FALSE,,,Pokémon Here Comes Team Rocket! Team Rocket 1st Edition Holo PSA 8 #15/82 15/82,https://www.ebay.es/itm/358338631962,PriceCharting
Team Rocket,Here Comes Team Rocket!,15/82,1st Edition,PSA 9,2026-09-23,110.00,USD,eBay,best offer,TRUE,,,2000 Pokemon Team Rocket Here Comes Team Rocket! 1st Ed Holo 15/82 PSA 9 15/82,https://www.ebay.es/itm/398096426608,PriceCharting
Team Rocket,Here Comes Team Rocket!,15/82,1st Edition,PSA 9,2026-09-21,128.50,USD,eBay,unknown,FALSE,,,Pokemon Here Comes Team Rocket! Holo Team Rocket #15 1st Edition PSA 9 Mint #15,https://www.ebay.es/itm/188930086400,PriceCharting
Team Rocket,Here Comes Team Rocket!,15/82,1st Edition,PSA 9,2026-09-15,125.00,USD,eBay,best offer,TRUE,,,Pokemon TCG Team Rocket Here Comes Team Rocket! 1st Ed Holo 15/82 PSA 9 15/82,https://www.ebay.es/itm/318820939135,PriceCharting
Team Rocket,Here Comes Team Rocket!,15/82,1st Edition,PSA 9,2026-09-11,121.99,USD,eBay,unknown,FALSE,,,2000 Pokemon 1st Edition Here Comes Team Rocket Holo PSA 9 15/82,https://www.ebay.es/itm/820103239900,PriceCharting
Team Rocket,Here Comes Team Rocket!,15/82,1st Edition,PSA 9,2026-08-31,155.00,USD,eBay,best offer,TRUE,,,2000 Pokemon Rocket Here Comes Team Rocket! 15/82 1st Edition Holo PSA 9 Mint 15/82,https://www.ebay.es/itm/327316453684,PriceCharting
Team Rocket,Here Comes Team Rocket!,15/82,1st Edition,PSA 9,2026-08-31,130.50,USD,eBay,unknown,FALSE,,,Pokemon Here Comes Team Rocket! Holo Team Rocket 15/82 1st Edition PSA 9 Mint 15/82,https://www.ebay.es/itm/287538830715,PriceCharting
Team Rocket,Here Comes Team Rocket!,15/82,1st Edition,PSA 9,2026-08-30,164.51,USD,eBay,unknown,FALSE,,,2000 Pokémon Team Rocket 1st Edition 15/82 Here Comes Team Rocket! Holo PSA 9 15/82,https://www.ebay.es/itm/188828534160,PriceCharting
Team Rocket,Here Comes Team Rocket!,15/82,1st Edition,PSA 9,2026-08-16,155.50,USD,eBay,unknown,FALSE,,,Pokemon Here Comes Team Rocket! Holo Team Rocket 15 1st Edition PSA 9 Mint #15,https://www.ebay.es/itm/287511098731,PriceCharting
Team Rocket,Here Comes Team Rocket!,15/82,1st Edition,PSA 9,2026-08-16,152.50,USD,eBay,unknown,FALSE,,,Pokemon Here Comes Team Rocket! Holo Team Rocket 15/82 1st Edition PSA 9 Mint 15/82,https://www.ebay.es/itm/287511099218,PriceCharting
Team Rocket,Here Comes Team Rocket!,15/82,1st Edition,PSA 9,2026-08-12,150.00,USD,eBay,best offer,TRUE,,,2000 POKEMON TEAM ROCKET #15 HERE COMES TEAM ROCKET! 1ST EDITION HOLO PSA 9 15/82,https://www.ebay.es/itm/800468408288,PriceCharting
Team Rocket,Here Comes Team Rocket!,15/82,1st Edition,PSA 9,2026-08-10,208.95,USD,eBay,unknown,FALSE,,,PSA 9 MINT Pokemon Here Comes Team Rocket! Team Rocket Holo 1st Edition 15/82,https://www.ebay.es/itm/198500284554,PriceCharting
Team Rocket,Here Comes Team Rocket!,15/82,1st Edition,PSA 9,2026-07-25,150.00,USD,eBay,best offer,TRUE,,,Pokemon TCG Team Rocket Here Comes Team Rocket! 15/82 Holo Rare PSA 9 15/82,https://www.ebay.es/itm/198409277531,PriceCharting
Team Rocket,Here Comes Team Rocket!,15/82,1st Edition,PSA 9,2026-07-19,140.85,USD,eBay,unknown,FALSE,,,2000 POKEMON TEAM ROCKET FIRST EDITION #15/82 HERE COMES ROCKET! HOLO RARE PSA 9 15/82,https://www.ebay.es/itm/206408436255,PriceCharting
Team Rocket,Here Comes Team Rocket!,15/82,1st Edition,PSA 9,2026-07-06,150.00,USD,eBay,unknown,FALSE,,,2000 POKEMON ROCKET 1ST EDITION #15 HERE COMES TEAM ROCKET!-HOLO PSA 9 #15,https://www.ebay.es/itm/307029127979,PriceCharting
Team Rocket,Here Comes Team Rocket!,15/82,1st Edition,PSA 9,2026-07-06,150.00,USD,eBay,best offer,TRUE,,,2000 POKEMON TEAM ROCKET #15 HERE COMES TEAM ROCKET! 1ST EDITION HOLO PSA 9 15/82,https://www.ebay.es/itm/298298633184,PriceCharting
Team Rocket,Here Comes Team Rocket!,15/82,1st Edition,PSA 9,2026-07-05,131.50,USD,eBay,unknown,FALSE,,,Pokemon Here Comes Team Rocket! Holo Rocket 15/82 1st Edition PSA 9 Mint 15/82,https://www.ebay.es/itm/287424621991,PriceCharting
Team Rocket,Here Comes Team Rocket!,15/82,1st Edition,PSA 9,2026-07-01,120.00,USD,eBay,unknown,FALSE,,,PSA 9 MINT Here Comes Team Rocket! 15 Team Rocket 1st Edition Holo Pokemon Card #15,https://www.ebay.es/itm/147407896538,PriceCharting
Team Rocket,Here Comes Team Rocket!,15/82,1st Edition,PSA 9,2026-06-30,129.00,USD,eBay,unknown,FALSE,,,Pokemon - Here Comes Team Rocket 15/82 Card - Holo first 1st edition ed - PSA 9 15/82,https://www.ebay.es/itm/336653829614,PriceCharting
Team Rocket,Here Comes Team Rocket!,15/82,1st Edition,PSA 9,2026-06-26,101.90,USD,eBay,unknown,FALSE,,,POKEMON | 1ST EDITION ROCKET 2000 | #15 HERE COMES TEAM ROCKET!-HOLO PSA 9 MINT #15,https://www.ebay.es/itm/358715653396,PriceCharting
Team Rocket,Here Comes Team Rocket!,15/82,1st Edition,PSA 9,2026-06-19,145.00,USD,eBay,unknown,FALSE,,,Pokemon TCG 2000 Team Rocket Here Comes Team Rocket! 15/82 1st Ed Holo PSA 9 15/82,https://www.ebay.es/itm/366438977230,PriceCharting
Team Rocket,Here Comes Team Rocket!,15/82,1st Edition,PSA 9,2026-06-16,130.00,USD,eBay,best offer,TRUE,,,Pokemon TCG 2000 Team Rocket Here Comes Team Rocket! 15/82 1st Ed Holo PSA 9 15/82,https://www.ebay.es/itm/206334365502,PriceCharting
Team Rocket,Here Comes Team Rocket!,15/82,1st Edition,PSA 9,2026-06-07,160.00,USD,eBay,best offer,TRUE,,,Here Comes Team Rocket! Holo 15/82 1st Edition Rocket Pokemon PSA 9 15/82,https://www.ebay.es/itm/318298747193,PriceCharting
Team Rocket,Here Comes Team Rocket!,15/82,1st Edition,PSA 9,2026-06-07,150.00,USD,eBay,best offer,TRUE,,,HERE COMES TEAM ROCKET! HOLO 15/82 1ST EDITION ROCKET POKEMON PSA 9 15/82,https://www.ebay.es/itm/377237543652,PriceCharting
Team Rocket,Here Comes Team Rocket!,15/82,1st Edition,PSA 9,2026-06-07,132.50,USD,eBay,unknown,FALSE,,,HERE COMES TEAM ROCKET 2000 POKEMON TEAM ROCKET HOLO 1ST ED #15 PSA 9 Q3963 #15,https://www.ebay.es/itm/278031650770,PriceCharting
Team Rocket,Here Comes Team Rocket!,15/82,1st Edition,PSA 10,2026-09-27,749.99,USD,eBay,unknown,FALSE,,,Pokemon PSA 10 Gem Mint 1st Ed. Team Rocket Holo Here Comes Team Rocket! 15/82 15/82,https://www.ebay.es/itm/327347430507,PriceCharting
Team Rocket,Here Comes Team Rocket!,15/82,1st Edition,PSA 10,2026-08-30,799.99,USD,eBay,unknown,FALSE,,,Pokemon PSA 10 GEM Here Comes Team Rocket! 15/82 Team Rocket 1st Edition Holo #6376,https://www.ebay.es/itm/377431229811,PriceCharting
Team Rocket,Here Comes Team Rocket!,15/82,1st Edition,PSA 10,2026-08-24,611.00,USD,eBay,unknown,FALSE,,,Pokemon Here Comes Team Rocket! Holo Team Rocket 15 1st Edition PSA 10 Gem Mint #15,https://www.ebay.es/itm/287524901203,PriceCharting
Team Rocket,Here Comes Team Rocket!,15/82,1st Edition,PSA 10,2026-08-12,799.99,USD,eBay,unknown,FALSE,,,2000 Pokemon Rocket Here Comes Team Rocket Holo 1st Edition #15 PSA 10 GEM MINT #15,https://www.ebay.es/itm/117323558095,PriceCharting
Team Rocket,Here Comes Team Rocket!,15/82,1st Edition,PSA 10,2026-08-03,598.00,USD,eBay,unknown,FALSE,,,2000 POKEMON ROCKET 1ST EDITION #15 HERE COMES TEAM ROCKET!-HOLO PSA 10 #15,https://www.ebay.es/itm/307086218302,PriceCharting
Team Rocket,Here Comes Team Rocket!,15/82,1st Edition,PSA 10,2026-07-31,600.10,USD,eBay,unknown,FALSE,,,2000 POKEMON ROCKET 1ST EDITION #15 HERE COMES TEAM ROCKET! HOLO PSA 10 Gem Mint #15,https://www.ebay.es/itm/407102911996,PriceCharting
Team Rocket,Here Comes Team Rocket!,15/82,1st Edition,PSA 10,2026-07-26,696.69,USD,eBay,best offer,TRUE,,,2000 Pokemon Rocket Here Comes Team Rocket Holo 1st Edition #15 PSA 10 GEM MINT #15,https://www.ebay.es/itm/117205817773,PriceCharting
Team Rocket,Here Comes Team Rocket!,15/82,1st Edition,PSA 10,2026-07-25,740.00,USD,eBay,unknown,FALSE,,,1st Edition PSA 10 Here Comes Team Rocket! Holo 15/82 2000 GEM MINT WOTC Pokemon 15/82,https://www.ebay.es/itm/377365963945,PriceCharting
Team Rocket,Here Comes Team Rocket!,15/82,1st Edition,PSA 10,2026-07-17,720.00,USD,eBay,unknown,FALSE,,,2000 POKEMON ROCKET 1ST EDITION #15 HERE COMES TEAM ROCKET!-HOLO PSA 10 #15,https://www.ebay.es/itm/298492272779,PriceCharting
Team Rocket,Here Comes Team Rocket!,15/82,1st Edition,PSA 10,2026-06-21,725.00,USD,eBay,unknown,FALSE,,,Pokemon PSA 10 Here Comes Team Rocket! 15/82 Team Rocket 1st Edition Holo,https://www.ebay.es/itm/318287020136,PriceCharting
Team Rocket,Here Comes Team Rocket!,15/82,1st Edition,PSA 10,2026-06-20,729.99,USD,eBay,unknown,FALSE,,,2000 POKEMON ROCKET 1ST EDITION #15 HERE COMES TEAM ROCKET!-HOLO PSA 10 #15,https://www.ebay.es/itm/307009857298,PriceCharting
Team Rocket,Here Comes Team Rocket!,15/82,1st Edition,PSA 10,2026-06-16,700.00,USD,eBay,unknown,FALSE,,,PSA 10 1st Edition Here Comes Team Rocket Trainer 15/82 Team Rocket Pokemon 2000 15/82,https://www.ebay.es/itm/127901770217,PriceCharting
Team Rocket,Here Comes Team Rocket!,15/82,1st Edition,PSA 10,2026-06-16,735.00,USD,eBay,unknown,FALSE,,,PSA 10 Here Comes Team Rocket 15/82 1st Edition Holo 2000 Pokémon Card Graded 15/82,https://www.ebay.es/itm/327162223061,PriceCharting
Team Rocket,Here Comes Team Rocket!,15/82,1st Edition,PSA 10,2026-06-01,560.00,USD,eBay,unknown,FALSE,,,2000 Pokemon Team Rocket First Edition Here Comes Rocket! Holo #15/82 PSA 10,https://www.ebay.es/itm/127886562803,PriceCharting
Team Rocket,Here Comes Team Rocket!,15/82,1st Edition,PSA 10,2026-05-14,740.00,USD,eBay,unknown,FALSE,,,2000 Pokemon Rocket Here Comes Team Rocket Holo 1st Edition #15 PSA 10 GEM MINT,https://www.ebay.es/itm/366392895704,PriceCharting
Team Rocket,Here Comes Team Rocket!,15/82,1st Edition,PSA 10,2026-05-11,635.00,USD,eBay,unknown,FALSE,,,2000 Pokemon Rocket 1st Edition Here Comes Team Rocket 1st Edition #15 PSA 10 15/82,https://www.ebay.es/itm/377169445398,PriceCharting
Team Rocket,Here Comes Team Rocket!,15/82,1st Edition,PSA 10,2026-05-08,745.00,USD,eBay,unknown,FALSE,,,2000 POKEMON ROCKET 1ST EDITION #15 HERE COMES TEAM ROCKET!-HOLO PSA 10 #15,https://www.ebay.es/itm/117168114930,PriceCharting
Team Rocket,Here Comes Team Rocket!,15/82,1st Edition,PSA 10,2026-05-06,649.99,USD,eBay,unknown,FALSE,,,2000 POKEMON ROCKET 1ST EDITION #15 HERE COMES TEAM ROCKET!-HOLO PSA 10 #15,https://www.ebay.es/itm/306920543805,PriceCharting
Team Rocket,Here Comes Team Rocket!,15/82,1st Edition,PSA 10,2026-04-30,750.00,USD,eBay,best offer,TRUE,,,Pokemon PSA 10 GEM Here Comes Team Rocket! 15/82 Team Rocket 1st Ed Holo S#6376,https://www.ebay.es/itm/257453458856,PriceCharting
Team Rocket,Here Comes Team Rocket!,15/82,1st Edition,PSA 10,2026-04-28,700.00,USD,eBay,unknown,FALSE,,,2000 Pokemon Rocket Here Comes Team Rocket Holo 1st Edition #15 PSA 10,https://www.ebay.es/itm/377147681369,PriceCharting
Team Rocket,Here Comes Team Rocket!,15/82,1st Edition,PSA 10,2026-04-24,750.00,USD,eBay,best offer,TRUE,,,Pokémon TCG Rocket HERE COMES TEAM ROCKET 1st Ed. Holo PSA 10 15/82,https://www.ebay.es/itm/267586953484,PriceCharting
Team Rocket,Here Comes Team Rocket!,15/82,1st Edition,PSA 10,2026-04-18,608.00,USD,eBay,best offer,TRUE,,,2000 Pokemon Rocket Here Comes Team Rocket! Holo 1st Edition PSA 10 15/82 15/82,https://www.ebay.es/itm/157840747564,PriceCharting
Team Rocket,Here Comes Team Rocket!,15/82,1st Edition,PSA 10,2026-04-12,510.00,USD,eBay,unknown,FALSE,,,PSA 10 1st Edition Here Comes Team Rocket Trainer #15 Team Rocket Pokemon 2000 15/82,https://www.ebay.es/itm/236738492985,PriceCharting
Team Rocket,Here Comes Team Rocket!,15/82,1st Edition,PSA 10,2026-04-12,586.96,USD,eBay,unknown,FALSE,,,Pokemon Here Comes Team Rocket Team Rocket 1st Edition Holo Rare #15 PSA 10,https://www.ebay.es/itm/287247568930,PriceCharting
Team Rocket,Here Comes Team Rocket!,15/82,1st Edition,PSA 10,2026-04-12,565.55,USD,eBay,unknown,FALSE,,,Pokemon Here Comes Team Rocket Team Rocket 1st Edition Holo Rare #15 PSA 10,https://www.ebay.es/itm/287251599697,PriceCharting
Team Rocket,Here Comes Team Rocket!,15/82,1st Edition,PSA 10,2026-03-28,599.99,USD,eBay,unknown,FALSE,,,PSA 10 1st Edition Here Comes Team Rocket Trainer 15/82 Team Rocket Pokemon 2000 15/82,https://www.ebay.es/itm/188066707907,PriceCharting
Team Rocket,Here Comes Team Rocket!,15/82,1st Edition,PSA 10,2026-03-26,575.00,USD,eBay,unknown,FALSE,,,Pokemon Here Comes Team Rocket Team Rocket 1st Edition Holo Rare #15 PSA 10,https://www.ebay.es/itm/287232988436,PriceCharting
Team Rocket,Here Comes Team Rocket!,15/82,Unlimited,PSA 8,2026-09-22,53.00,USD,eBay,unknown,FALSE,,,2000 POKEMON ROCKET #15 HERE COMES TEAM ROCKET!-HOLO PSA 8 #15,https://www.ebay.es/itm/307169087886,PriceCharting
Team Rocket,Here Comes Team Rocket!,15/82,Unlimited,PSA 8,2026-09-14,40.00,USD,eBay,best offer,TRUE,,,Pokémon TCG Here Comes Team Rocket! Team Rocket Holo Rare Eng 2000 PSA 8 15/82 15/82,https://www.ebay.es/itm/117411371718,PriceCharting
Team Rocket,Here Comes Team Rocket!,15/82,Unlimited,PSA 8,2026-09-12,42.76,USD,eBay,best offer,TRUE,,,2000 Pokemon Team Rocket - Here Comes Team Rocket! Holo - 15/82 - PSA 8 NM-MT 15/82,https://www.ebay.es/itm/287574359396,PriceCharting
Team Rocket,Here Comes Team Rocket!,15/82,Unlimited,PSA 8,2026-08-27,32.69,USD,eBay,unknown,FALSE,,,Pokemon Team Rocket Here Comes Team Rocket! Holo 15/82 PSA 8 EN 2000 15/82,https://www.ebay.es/itm/137650553872,PriceCharting
Team Rocket,Here Comes Team Rocket!,15/82,Unlimited,PSA 8,2026-07-27,53.00,USD,eBay,unknown,FALSE,,,2000 POKEMON ROCKET #15 HERE COMES TEAM ROCKET!-HOLO PSA 8 #15,https://www.ebay.es/itm/298502345988,PriceCharting
Team Rocket,Here Comes Team Rocket!,15/82,Unlimited,PSA 8,2026-07-11,60.00,USD,eBay,best offer,TRUE,,,Here Comes Team Rocket! 15/82 Team Rocket Holo PSA 8 NM-MT Condition Pokemon 15/82,https://www.ebay.es/itm/206250735902,PriceCharting
Team Rocket,Here Comes Team Rocket!,15/82,Unlimited,PSA 8,2026-07-04,60.00,USD,eBay,unknown,FALSE,,,2000 Pokemon Team Rocket Here Comes Team Rocket! Holo #15 Unlimited PSA 8 WOTC 15/82,https://www.ebay.es/itm/227407332864,PriceCharting
Team Rocket,Here Comes Team Rocket!,15/82,Unlimited,PSA 8,2026-06-14,46.08,USD,eBay,unknown,FALSE,,,2000 POKEMON ROCKET #15 HERE COMES TEAM ROCKET!-HOLO PSA 8 #15,https://www.ebay.es/itm/306985107644,PriceCharting
Team Rocket,Here Comes Team Rocket!,15/82,Unlimited,PSA 8,2026-06-07,59.99,USD,eBay,unknown,FALSE,,,2000 Pokemon Team Rocket Here Comes Team Rocket! Holo #15 Unlimited PSA 8 WOTC #15,https://www.ebay.es/itm/127894004258,PriceCharting
Team Rocket,Here Comes Team Rocket!,15/82,Unlimited,PSA 8,2026-05-29,59.99,USD,eBay,unknown,FALSE,,,2000 Pokemon Team Rocket Here Comes Team Rocket! Holo #15 Unlimited PSA 8 WOTC #15,https://www.ebay.es/itm/127328785068,PriceCharting
Team Rocket,Here Comes Team Rocket!,15/82,Unlimited,PSA 8,2026-05-11,36.00,USD,eBay,unknown,FALSE,,,2000 Pokemon Team Rocket Holo Here Comes Team Rocket! PSA 8 NM-MT #15,https://www.ebay.es/itm/287298085078,PriceCharting
Team Rocket,Here Comes Team Rocket!,15/82,Unlimited,PSA 8,2026-05-06,39.99,USD,eBay,unknown,FALSE,,,POKEMON 2000 TEAM ROCKET HERE COMES TEAM ROCKET! HOLO 15 PSA 8 15/82,https://www.ebay.es/itm/236774838144,PriceCharting
Team Rocket,Here Comes Team Rocket!,15/82,Unlimited,PSA 8,2026-04-29,38.00,USD,eBay,unknown,FALSE,,,Pokémon Here Comes Team Rocket! 15/82 Team Rocket Holo Rare Unlimited PSA 8 15/82,https://www.ebay.es/itm/298144607211,PriceCharting
Team Rocket,Here Comes Team Rocket!,15/82,Unlimited,PSA 8,2026-04-19,64.00,USD,eBay,unknown,FALSE,,,2000 POKEMON ROCKET #15 HERE COMES TEAM ROCKET!-HOLO PSA 8 #15,https://www.ebay.es/itm/306865898897,PriceCharting
Team Rocket,Here Comes Team Rocket!,15/82,Unlimited,PSA 8,2026-04-07,47.44,USD,eBay,unknown,FALSE,,,Pokemon Here Comes Team Rocket 15/82 PSA 8 NM-MT Unlimited Holo Rare WOTC 2000,https://www.ebay.es/itm/406111288283,PriceCharting
Team Rocket,Here Comes Team Rocket!,15/82,Unlimited,PSA 8,2026-04-06,41.00,USD,eBay,unknown,FALSE,,,Here Comes Team Rocket! Trainer Holo 2000 Pokemon Team Rocket #15 PSA 8 New Cert #15,https://www.ebay.es/itm/198228663962,PriceCharting
Team Rocket,Here Comes Team Rocket!,15/82,Unlimited,PSA 8,2026-04-03,34.00,USD,eBay,unknown,FALSE,,,2000 POKEMON ROCKET #15 HERE COMES TEAM ROCKET!-HOLO PSA 8 #15,https://www.ebay.es/itm/298142720730,PriceCharting
Team Rocket,Here Comes Team Rocket!,15/82,Unlimited,PSA 8,2026-03-23,49.00,USD,eBay,unknown,FALSE,,,Pokémon Here Comes Team Rocket! PSA 8 Team Rocket 15/82 Holo Rare 2000 TCG 15/82,https://www.ebay.es/itm/127749389233,PriceCharting
Team Rocket,Here Comes Team Rocket!,15/82,Unlimited,PSA 9,2026-09-09,82.00,USD,eBay,unknown,FALSE,,,Pokemon Team Rocket Here Comes Team Rocket #15 Holo PSA 9 15/82,https://www.ebay.es/itm/147533424465,PriceCharting
Team Rocket,Here Comes Team Rocket!,15/82,Unlimited,PSA 9,2026-08-17,47.00,USD,eBay,unknown,FALSE,,,2000 Pokemon TCG Team Rocket Here Comes Team Rocket! 15/82 Holo PSA 9 15/82,https://www.ebay.es/itm/147494317691,PriceCharting
Team Rocket,Here Comes Team Rocket!,15/82,Unlimited,PSA 9,2026-08-04,55.00,USD,eBay,unknown,FALSE,,,Wizards of the Coast Pokémon TCG Here Comes Team Rocket! 15/82 Holo Eng PSA 9 15/82,https://www.ebay.es/itm/227459095628,PriceCharting
Team Rocket,Here Comes Team Rocket!,15/82,Unlimited,PSA 9,2026-07-18,61.00,USD,eBay,unknown,FALSE,,,Pokemon 2000 Here Comes Team Rocket 15/82 Holo Team Rocket PSA 9 15/82,https://www.ebay.es/itm/407064536281,PriceCharting
Team Rocket,Here Comes Team Rocket!,15/82,Unlimited,PSA 9,2026-07-17,159.99,USD,eBay,unknown,FALSE,,,2000 Pokemon Here Comes Team Rocket! 15/82 Team Rocket Holo PSA 9 15/82,https://www.ebay.es/itm/398183165265,PriceCharting
Team Rocket,Here Comes Team Rocket!,15/82,Unlimited,PSA 9,2026-07-15,62.01,USD,eBay,unknown,FALSE,,,2000 Pokemon Team Rocket Unlimited #15 Here Comes Team Rocket HOLO PSA 9,https://www.ebay.es/itm/147423503162,PriceCharting
Team Rocket,Here Comes Team Rocket!,15/82,Unlimited,PSA 9,2026-06-26,135.00,USD,eBay,unknown,FALSE,,,2000 POKEMON ROCKET 15 HERE COMES TEAM ROCKET!-HOLO PSA 9 #15,https://www.ebay.es/itm/287417410407,PriceCharting
Team Rocket,Here Comes Team Rocket!,15/82,Unlimited,PSA 9,2026-06-19,61.00,USD,eBay,best offer,TRUE,,,PSA 9 2000 Pokemon Team Rocket Here Comes Team Rocket! Holo Trainer 15/82 15/82,https://www.ebay.es/itm/227374080293,PriceCharting
Team Rocket,Here Comes Team Rocket!,15/82,Unlimited,PSA 9,2026-05-15,61.95,USD,eBay,best offer,TRUE,,,PSA 9 Here Comes Team Rocket Holo #15 - 2000 Pokemon Rocket Unlimited #15,https://www.ebay.es/itm/178089531615,PriceCharting
Team Rocket,Here Comes Team Rocket!,15/82,Unlimited,PSA 9,2026-05-02,65.00,USD,eBay,best offer,TRUE,,,PSA 9 Pokémon Team Rocket Here Comes Team Rocket! Holo Rare 15/82 2000 15/82,https://www.ebay.es/itm/406860215638,PriceCharting
Team Rocket,Here Comes Team Rocket!,15/82,Unlimited,PSA 9,2026-04-27,55.00,USD,eBay,unknown,FALSE,,,PSA 9 Here Comes Team Rocket Holo #15 - 2000 Pokemon Rocket Unlimited #15,https://www.ebay.es/itm/206159595117,PriceCharting
Team Rocket,Here Comes Team Rocket!,15/82,Unlimited,PSA 9,2026-04-24,80.00,USD,eBay,best offer,TRUE,,,PSA 9 Here Comes Team Rocket Holo #15 - 2000 Pokemon Rocket Unlimited #15,https://www.ebay.es/itm/327095448742,PriceCharting
Team Rocket,Here Comes Team Rocket!,15/82,Unlimited,PSA 9,2026-04-05,79.99,USD,eBay,unknown,FALSE,,,PSA 9 Here Comes Team Rocket Holo #15 - 2000 Pokemon Rocket Unlimited #15,https://www.ebay.es/itm/357487585506,PriceCharting
Team Rocket,Here Comes Team Rocket!,15/82,Unlimited,PSA 9,2026-03-29,32.00,USD,eBay,unknown,FALSE,,,2000 Pokémon Rocket #15 Here Comes Team Rocket! Holo Rare PSA 9 Mint 15/82,https://www.ebay.es/itm/366294153908,PriceCharting
Team Rocket,Here Comes Team Rocket!,15/82,Unlimited,PSA 9,2026-03-19,52.00,USD,eBay,unknown,FALSE,,,PSA 9 Here Comes Team Rocket Holo #15 - 2000 Pokemon Rocket Unlimited #15,https://www.ebay.es/itm/287194510974,PriceCharting
Team Rocket,Here Comes Team Rocket!,15/82,Unlimited,PSA 9,2026-03-15,79.99,USD,eBay,unknown,FALSE,,,2000 Pokemon Rocket #15 Here Comes Team Rocket! Holo PSA 9 MINT #15,https://www.ebay.es/itm/177716425820,PriceCharting
Team Rocket,Here Comes Team Rocket!,15/82,Unlimited,PSA 9,2026-03-10,70.00,USD,eBay,unknown,FALSE,,,2000 POKEMON ROCKET #15 HERE COMES TEAM ROCKET!-HOLO PSA 9 #15,https://www.ebay.es/itm/306802576719,PriceCharting
Team Rocket,Here Comes Team Rocket!,15/82,Unlimited,PSA 9,2026-03-08,53.00,USD,eBay,unknown,FALSE,,,2000 Pokémon Rocket #15 Here Comes Team Rocket! Holo Rare PSA 9 Mint 15/82,https://www.ebay.es/itm/157717938444,PriceCharting
Team Rocket,Here Comes Team Rocket!,15/82,Unlimited,PSA 9,2026-02-05,70.00,USD,eBay,best offer,TRUE,,,2000 Pokémon Here Comes Team Rocket Holo #15 PSA 9 Mint Vintage WOTC! 15/82,https://www.ebay.es/itm/397486514170,PriceCharting
Team Rocket,Here Comes Team Rocket!,15/82,Unlimited,PSA 9,2026-02-04,45.00,USD,eBay,best offer,TRUE,,,PSA 9 Here Comes Team Rocket Holo #15 - 2000 Pokemon Rocket Unlimited #15,https://www.ebay.es/itm/157570891359,PriceCharting
Team Rocket,Here Comes Team Rocket!,15/82,Unlimited,PSA 10,2026-09-27,318.19,USD,eBay,unknown,FALSE,,,Here Comes Team Rocket! #15/82 Holo Team Rocket Unlimited Pokemon 2000 PSA 10 15/82,https://www.ebay.es/itm/398254354350,PriceCharting
Team Rocket,Here Comes Team Rocket!,15/82,Unlimited,PSA 10,2026-09-20,318.19,USD,eBay,unknown,FALSE,,,Here Comes Team Rocket! #15/82 Holo Team Rocket Unlimited Pokemon 2000 PSA 10 15/82,https://www.ebay.es/itm/398254354104,PriceCharting
Team Rocket,Here Comes Team Rocket!,15/82,Unlimited,PSA 10,2026-09-19,401.84,USD,eBay,unknown,FALSE,,,Here Comes Team Rocket! Holo 15/82 PSA 10 Rocket Pokemon Card Game #15,https://www.ebay.es/itm/287543732678,PriceCharting
Team Rocket,Here Comes Team Rocket!,15/82,Unlimited,PSA 10,2026-08-08,250.00,USD,eBay,unknown,FALSE,,,Pokemon 2000 Here Comes Team Rocket! 15/82 Holo Trainer PSA 10 15/82,https://www.ebay.es/itm/227467425617,PriceCharting
Team Rocket,Here Comes Team Rocket!,15/82,Unlimited,PSA 10,2026-07-13,261.89,USD,eBay,unknown,FALSE,,,Pokemon Here Comes Team Rocket! Holo Team Rocket 15/82 PSA 10 Gem Mint 15/82,https://www.ebay.es/itm/287435737235,PriceCharting
Team Rocket,Here Comes Team Rocket!,15/82,Unlimited,PSA 10,2026-06-21,400.00,USD,eBay,unknown,FALSE,,,2000 POKEMON ROCKET UNLIMITED #15/82 HERE COMES TEAM ROCKET!-HOLO PSA 10 #15,https://www.ebay.es/itm/358700150966,PriceCharting
Team Rocket,Here Comes Team Rocket!,15/82,Unlimited,PSA 10,2026-05-22,390.00,USD,eBay,best offer,TRUE,,,2000 POKEMON ROCKET #15 HERE COMES TEAM ROCKET!-HOLO PSA 10 #15,https://www.ebay.es/itm/117202835198,PriceCharting
Team Rocket,Here Comes Team Rocket!,15/82,Unlimited,PSA 10,2026-04-29,300.00,USD,eBay,best offer,TRUE,,,2000 POKEMON ROCKET #15 HERE COMES TEAM ROCKET!-HOLO PSA 10 #15,https://www.ebay.es/itm/147269684074,PriceCharting
Team Rocket,Here Comes Team Rocket!,15/82,Unlimited,PSA 10,2026-04-27,260.55,USD,eBay,unknown,FALSE,,,2000 POKEMON ROCKET #15 HERE COMES TEAM ROCKET!-HOLO PSA 10 #15,https://www.ebay.es/itm/117146864990,PriceCharting
Team Rocket,Here Comes Team Rocket!,15/82,Unlimited,PSA 10,2026-04-19,51.00,USD,eBay,unknown,FALSE,,,Pokémon TCG Here Comes Team Rocket! 15/82 Classic Holo PSA 10 English 15/82,https://www.ebay.es/itm/336526667991,PriceCharting
Team Rocket,Here Comes Team Rocket!,15/82,Unlimited,PSA 10,2026-04-12,350.00,USD,eBay,unknown,FALSE,,,Pokémon 2000 Rocket #10 Here Comes Team Rocket Holo PSA 10 15/82,https://www.ebay.es/itm/377103327574,PriceCharting
Team Rocket,Here Comes Team Rocket!,15/82,Unlimited,PSA 10,2026-04-09,305.00,USD,eBay,unknown,FALSE,,,2000 Pokemon Rocket #15 Here Comes Team Rocket! Holo PSA 10 GEM MINT 15/82,https://www.ebay.es/itm/389832983120,PriceCharting
Team Rocket,Here Comes Team Rocket!,15/82,Unlimited,PSA 10,2026-03-22,244.50,USD,eBay,unknown,FALSE,,,Pokemon - PSA 10 - Here Comes Team Rocket! #15 - 2000 Rocket Unlimited - Holo #15,https://www.ebay.es/itm/358334972793,PriceCharting
Team Rocket,Here Comes Team Rocket!,15/82,Unlimited,PSA 10,2026-02-14,285.00,USD,eBay,unknown,FALSE,,,Pokemon TCG Here Comes Team Rocket (Unlimited) 15/82 PSA 10 GEM MINT 15/82,https://www.ebay.es/itm/205761535621,PriceCharting
Team Rocket,Here Comes Team Rocket!,15/82,Unlimited,PSA 10,2026-02-08,300.00,USD,eBay,unknown,FALSE,,,PSA 10 Pokemon 2000 Team Rocket - Here Comes Team Rocket! 15/82,https://www.ebay.es/itm/389471253736,PriceCharting
Team Rocket,Here Comes Team Rocket!,15/82,Unlimited,PSA 10,2026-02-03,289.99,USD,eBay,unknown,FALSE,,,PSA 10 Here Comes Team Rocket #15 Holo 2000 Pokemon Rocket GEM MINT 15/82,https://www.ebay.es/itm/257150234543,PriceCharting
Team Rocket,Here Comes Team Rocket!,15/82,Unlimited,PSA 10,2025-12-04,39.00,USD,eBay,unknown,FALSE,,,2021 Pokemon Celebration Here Comes Team Rocket Classic Collection #15 PSA 10 #15,https://www.ebay.es/itm/389296635073,PriceCharting
Team Rocket,Here Comes Team Rocket!,15/82,Unlimited,PSA 10,2025-12-01,260.00,USD,eBay,unknown,FALSE,,,PSA 10 Pokemon 2000 Team Rocket - Here Comes Team Rocket! 15/82,https://www.ebay.es/itm/277488059390,PriceCharting
Team Rocket,Here Comes Team Rocket!,15/82,Unlimited,PSA 10,2025-11-06,200.00,USD,eBay,unknown,FALSE,,,Pokemon 2000 Team Rocket Here Comes Team Rocket Holo Trainer 15/82 PSA 10 Gem Mt 15/82,https://www.ebay.es/itm/136488891260,PriceCharting
Team Rocket,Here Comes Team Rocket!,15/82,Unlimited,PSA 10,2025-10-14,269.12,USD,eBay,unknown,FALSE,,,Pokémon Here comes team rocket 15/82 Vintage Holo 2000 Jessie James PSA 10 15/82,https://www.ebay.es/itm/286816147414,PriceCharting
Team Rocket,Here Comes Team Rocket!,15/82,Unlimited,PSA 10,2025-10-02,49.99,USD,eBay,unknown,FALSE,,,2021 Pokemon Celebration Here Comes Team Rocket Classic Collection #15 PSA 10 #15,https://www.ebay.es/itm/316833083440,PriceCharting
Team Rocket,Here Comes Team Rocket!,15/82,Unlimited,PSA 10,2025-09-25,49.99,USD,eBay,unknown,FALSE,,,2021 Pokemon Celebration Here Comes Team Rocket Classic Collection #15 PSA 10 #15,https://www.ebay.es/itm/316833084429,PriceCharting
Team Rocket,Here Comes Team Rocket!,15/82,Unlimited,PSA 10,2025-09-19,202.08,USD,eBay,unknown,FALSE,,,Pokémon Here comes team rocket 15/82 Vintage Holo 2000 Jessie James PSA 10 15/82,https://www.ebay.es/itm/286826987622,PriceCharting
Team Rocket,Here Comes Team Rocket!,15/82,Unlimited,PSA 10,2025-09-17,249.97,USD,eBay,unknown,FALSE,,,Here Comes Team Rocket 15/82 Trainer Holo Pokemon Card 2000 PSA 10 GEM MINT 15/82,https://www.ebay.es/itm/236123672376,PriceCharting
Team Rocket,Here Comes Team Rocket!,15/82,Unlimited,PSA 10,2025-09-01,220.12,USD,eBay,unknown,FALSE,,,Here Comes Team Rocket Unlimited Team Rocket Holo PSA 10 Pokemon card #15 Mint #SWSH261,https://www.ebay.es/itm/317202291234,PriceCharting
Team Rocket,Here Comes Team Rocket!,15/82,Unlimited,PSA 10,2025-08-10,27.02,USD,eBay,unknown,FALSE,,,2021 Pokemon SWSH Here Comes Team Rocket! Classic Collection #15/82 PSA 10,https://www.ebay.es/itm/127288380516,PriceCharting
Team Rocket,Here Comes Team Rocket!,15/82,Unlimited,PSA 10,2025-08-07,375.00,USD,eBay,unknown,FALSE,,,2000 POKEMON ROCKET #15 HERE COMES TEAM ROCKET!-HOLO PSA 10 #15,https://www.ebay.es/itm/297295985208,PriceCharting
Team Rocket,Here Comes Team Rocket!,15/82,Unlimited,PSA 10,2025-07-27,220.00,USD,eBay,unknown,FALSE,,,2000 Pokemon Rocket Here Comes Team Rocket Non-holo 71 Gem Mint PSA 10 #15,https://www.ebay.es/itm/127212438740,PriceCharting
Team Rocket,Here Comes Team Rocket!,15/82,Unlimited,PSA 10,2025-06-01,289.99,USD,eBay,unknown,FALSE,,,2000 Pokémon Here Comes Team Rocket Holo #15 Team Rocket Card PSA 10 #15,https://www.ebay.es/itm/297332167353,PriceCharting
Team Rocket,Here Comes Team Rocket!,15/82,Unlimited,PSA 10,2025-05-22,289.99,USD,eBay,unknown,FALSE,,,2000 Pokémon Here Comes Team Rocket Holo #15 Team Rocket Card PSA 10 #15,https://www.ebay.es/itm/297226294804,PriceCharting
Team Rocket,Rocket's Sneak Attack,16/82,1st Edition,PSA 8,2026-09-06,79.99,USD,eBay,unknown,FALSE,,,2000 Pokemon Team Rocket - 1st Edition Rocket's Sneak Attack Holo 16/82 - PSA 8 16/82,https://www.ebay.es/itm/287565774929,PriceCharting
Team Rocket,Rocket's Sneak Attack,16/82,1st Edition,PSA 8,2026-08-10,56.99,USD,eBay,best offer,TRUE,,,Pokemon Rocket's Sneak Attack (16) Team Rocket 16 1st Edition Holo PSA 8 16/82,https://www.ebay.es/itm/278263615383,PriceCharting
Team Rocket,Rocket's Sneak Attack,16/82,1st Edition,PSA 8,2026-08-07,62.50,USD,eBay,best offer,TRUE,,,2000 Pokemon Rocket's Sneak Attack Team Rocket Holo 1st Ed 16/82 PSA 8 16/82,https://www.ebay.es/itm/366592896283,PriceCharting
Team Rocket,Rocket's Sneak Attack,16/82,1st Edition,PSA 8,2026-08-05,70.67,USD,eBay,best offer,TRUE,,,Rocket’s Sneak Attack 16/82 - 1st Edition - Team Rocket - PSA 8 - Graded Pokemon,https://www.ebay.es/itm/197815220908,PriceCharting
Team Rocket,Rocket's Sneak Attack,16/82,1st Edition,PSA 8,2026-07-27,90.00,USD,eBay,unknown,FALSE,,,2000 Pokémon Team Rocket 1st Edition Rocket’s Sneak Attack Holo #16 PSA 8 16/82,https://www.ebay.es/itm/287376856490,PriceCharting
Team Rocket,Rocket's Sneak Attack,16/82,1st Edition,PSA 8,2026-07-26,89.99,USD,eBay,unknown,FALSE,,,2000 Pokemon Team Rocket 1st edition #16 Rocket's Sneak Attack Holo PSA 8 NM-MT #16,https://www.ebay.es/itm/197701075901,PriceCharting
Team Rocket,Rocket's Sneak Attack,16/82,1st Edition,PSA 8,2026-06-08,112.47,USD,eBay,unknown,FALSE,,,PSA 8 1st Edition Rocket's Sneak Attack Holo 16/82 Team Rocket Pokémon Card 16/82,https://www.ebay.es/itm/358645617518,PriceCharting
Team Rocket,Rocket's Sneak Attack,16/82,1st Edition,PSA 8,2026-05-30,50.00,USD,eBay,best offer,TRUE,,,Pokemon TCG 2000 Team Rocket Rocket's Sneak Attack Holo 1st Ed 16/82 PSA 8 16/82,https://www.ebay.es/itm/178178467557,PriceCharting
Team Rocket,Rocket's Sneak Attack,16/82,1st Edition,PSA 8,2026-05-26,55.00,USD,eBay,unknown,FALSE,,,Pokemon 1st Edition Team Rocket Rocket's Sneak Attack Holo 16/82 - PSA 8 NM-MT 16/82,https://www.ebay.es/itm/800042776665,PriceCharting
Team Rocket,Rocket's Sneak Attack,16/82,1st Edition,PSA 8,2026-04-21,70.00,USD,eBay,best offer,TRUE,,,PSA 8 Rocket's Sneak Attack Holo 16/82 1st Edition Team Rocket 2000 Pokemon Card 16/82,https://www.ebay.es/itm/358338593333,PriceCharting
Team Rocket,Rocket's Sneak Attack,16/82,1st Edition,PSA 8,2026-04-12,51.02,USD,eBay,unknown,FALSE,,,Pokemon Rocket's Sneak Attack Team Rocket 1st Edition Holo Rare #16 PSA 8,https://www.ebay.es/itm/287247568908,PriceCharting
Team Rocket,Rocket's Sneak Attack,16/82,1st Edition,PSA 8,2026-03-22,56.08,USD,eBay,unknown,FALSE,,,2000 Pokemon Team Rocket First Edition Rocket's Sneak Attack #16/82 PSA 8,https://www.ebay.es/itm/377039414380,PriceCharting
Team Rocket,Rocket's Sneak Attack,16/82,1st Edition,PSA 8,2026-03-21,55.00,USD,eBay,best offer,TRUE,,,Pokémon Rocket's Sneak Attack #16 Team Rocket 1st Edition Holo Rare PSA 8 16/82,https://www.ebay.es/itm/366280831077,PriceCharting
Team Rocket,Rocket's Sneak Attack,16/82,1st Edition,PSA 8,2026-03-19,84.99,USD,eBay,unknown,FALSE,,,PSA 8 Rocket's Sneak Attack Holo 16/82 1st Edition Team Rocket 2000 Pokemon Card 16/82,https://www.ebay.es/itm/227245191245,PriceCharting
Team Rocket,Rocket's Sneak Attack,16/82,1st Edition,PSA 8,2026-03-08,65.00,USD,eBay,unknown,FALSE,,,2000 Pokémon Team Rocket Holo Rocket’s Sneak Attack First Edition 16/82 PSA 8 16/82,https://www.ebay.es/itm/397664642363,PriceCharting
Team Rocket,Rocket's Sneak Attack,16/82,1st Edition,PSA 8,2026-01-04,64.95,USD,eBay,unknown,FALSE,,,2000 Pokemon Team Rocket Rockets Sneak Attack 1st Edition Holo Trainer #16 PSA 8 #16,https://www.ebay.es/itm/405624399877,PriceCharting
Team Rocket,Rocket's Sneak Attack,16/82,1st Edition,PSA 9,2026-08-30,107.13,USD,eBay,unknown,FALSE,,,2000 Pokémon Team Rocket 1st Edition 16/82 Rocket’s Sneak Attack Holo PSA 9 16/82,https://www.ebay.es/itm/188828537138,PriceCharting
Team Rocket,Rocket's Sneak Attack,16/82,1st Edition,PSA 9,2026-08-04,115.00,USD,eBay,best offer,TRUE,,,Pokemon TCG 2000 Team Rocket Rocket's Sneak Attack 16/82 Holo 1st Ed PSA 9 16/82,https://www.ebay.es/itm/407046944440,PriceCharting
Team Rocket,Rocket's Sneak Attack,16/82,1st Edition,PSA 9,2026-07-28,125.00,USD,eBay,unknown,FALSE,,,2000 POKEMON TEAM ROCKET 1ST EDITION ROCKET'S SNEAK ATTACK 16/82 HOLO RARE PSA 9 16/82,https://www.ebay.es/itm/286697117486,PriceCharting
Team Rocket,Rocket's Sneak Attack,16/82,1st Edition,PSA 9,2026-07-19,98.06,USD,eBay,unknown,FALSE,,,2000 POKEMON TEAM ROCKET 1ST EDITION #16/82 ROCKETS SNEAK ATTACK HOLO RARE PSA 9 16/82,https://www.ebay.es/itm/206408435992,PriceCharting
Team Rocket,Rocket's Sneak Attack,16/82,1st Edition,PSA 9,2026-07-14,95.00,USD,eBay,unknown,FALSE,,,PSA 9 MINT Rocket's Sneak Attack 16 Team Rocket 1st Edition Holo Pokemon Card #16,https://www.ebay.es/itm/147407911518,PriceCharting
Team Rocket,Rocket's Sneak Attack,16/82,1st Edition,PSA 9,2026-07-07,89.98,USD,eBay,unknown,FALSE,,,2000 Pokemon Rocket's Sneak Attack 16/82 Team Rocket Holo 1st Ed Psa 9 16/82,https://www.ebay.es/itm/137489231989,PriceCharting
Team Rocket,Rocket's Sneak Attack,16/82,1st Edition,PSA 9,2026-07-01,146.81,USD,eBay,unknown,FALSE,,,Pokemon Team Rocket 1st Edition Rocket's Sneak Attack Holo Card 16/82 PSA 9 16/82,https://www.ebay.es/itm/168444376158,PriceCharting
Team Rocket,Rocket's Sneak Attack,16/82,1st Edition,PSA 9,2026-06-20,122.71,USD,eBay,unknown,FALSE,,,Pokemon Rocket's Sneak Attack Team Rocket 1st Edition PSA 9 Holo Rare #16,https://www.ebay.es/itm/127860740868,PriceCharting
Team Rocket,Rocket's Sneak Attack,16/82,1st Edition,PSA 9,2026-06-18,87.99,USD,eBay,unknown,FALSE,,,Pokemon TCG 2000 Team Rocket Rocket's Sneak Attack 1st Ed Holo PSA 9 #16/82 16/82,https://www.ebay.es/itm/206347646420,PriceCharting
Team Rocket,Rocket's Sneak Attack,16/82,1st Edition,PSA 9,2026-06-06,125.00,USD,eBay,unknown,FALSE,,,PSA 9 MINT 2000 Pokemon Rocket's Sneak Attack 16/82 Team Rocket Holo 1st Ed 16/82,https://www.ebay.es/itm/147282814318,PriceCharting
Team Rocket,Rocket's Sneak Attack,16/82,1st Edition,PSA 9,2026-06-04,90.00,USD,eBay,best offer,TRUE,,,Pokémon Team Rocket Rockets Sneak Attack 1st Edition Holo PSA 9 16/82,https://www.ebay.es/itm/236848576833,PriceCharting
Team Rocket,Rocket's Sneak Attack,16/82,1st Edition,PSA 9,2026-05-30,89.98,USD,eBay,unknown,FALSE,,,2000 Pokemon Rocket's Sneak Attack 16/82 Team Rocket Holo 1st Ed Psa 9 16/82,https://www.ebay.es/itm/800004999222,PriceCharting
Team Rocket,Rocket's Sneak Attack,16/82,1st Edition,PSA 9,2026-05-05,100.00,USD,eBay,best offer,TRUE,,,2000 Pokemon TCG Rocket's Sneak Attack 16/82 Team Rocket 1st Ed Holo PSA 9 16/82,https://www.ebay.es/itm/327094543620,PriceCharting
Team Rocket,Rocket's Sneak Attack,16/82,1st Edition,PSA 9,2026-05-05,109.00,USD,eBay,unknown,FALSE,,,Pokémon Team Rocket Rocket's Sneak Attack 16/82 Holo 1st Edition PSA 9 Rare 2000 16/82,https://www.ebay.es/itm/318220858000,PriceCharting
Team Rocket,Rocket's Sneak Attack,16/82,1st Edition,PSA 9,2026-05-04,73.00,USD,eBay,unknown,FALSE,,,Pokemon Rocket's Sneak Attack Team Rocket 1st Edition Holo Rare #16 PSA 9 Mint,https://www.ebay.es/itm/287292261784,PriceCharting
Team Rocket,Rocket's Sneak Attack,16/82,1st Edition,PSA 9,2026-04-27,120.00,USD,eBay,best offer,TRUE,,,PSA 9 MINT 2000 Pokemon Rocket's Sneak Attack 16/82 Team Rocket Holo 1st Ed 16/82,https://www.ebay.es/itm/358466877494,PriceCharting
Team Rocket,Rocket's Sneak Attack,16/82,1st Edition,PSA 9,2026-04-26,73.59,USD,eBay,unknown,FALSE,,,Pokemon Rocket's Sneak Attack Team Rocket 1st Edition Holo Rare #16 PSA 9 Mint,https://www.ebay.es/itm/287278126282,PriceCharting
Team Rocket,Rocket's Sneak Attack,16/82,1st Edition,PSA 9,2026-04-23,100.00,USD,eBay,best offer,TRUE,,,PSA 9 MINT 2000 Pokemon Rocket's Sneak Attack 16/82 Team Rocket Holo 1st Ed 16/82,https://www.ebay.es/itm/318182937553,PriceCharting
Team Rocket,Rocket's Sneak Attack,16/82,1st Edition,PSA 9,2026-04-22,84.50,USD,eBay,unknown,FALSE,,,2000 Pokemon Team Rocket First Edition Rocket's Sneak Attack Holo #16/82 PSA 9 16/82,https://www.ebay.es/itm/366346873300,PriceCharting
Team Rocket,Rocket's Sneak Attack,16/82,1st Edition,PSA 9,2026-04-21,79.00,USD,eBay,unknown,FALSE,,,2000 Pokemon Team Rocket First Edition Rocket's Sneak Attack #16/82 PSA 9,https://www.ebay.es/itm/127812205593,PriceCharting
Team Rocket,Rocket's Sneak Attack,16/82,1st Edition,PSA 9,2026-04-20,150.00,USD,eBay,unknown,FALSE,,,PSA 9 MINT 2000 Pokemon Rocket's Sneak Attack 16/82 Team Rocket Holo 1st Ed 16/82,https://www.ebay.es/itm/177987585449,PriceCharting
Team Rocket,Rocket's Sneak Attack,16/82,1st Edition,PSA 10,2026-06-15,568.00,USD,eBay,unknown,FALSE,,,Rocket’s Sneak Attack 2000 Team Rocket #16 🔥 1st Edition HOLO PSA 10 🔥 Pokemon #16,https://www.ebay.es/itm/366455600613,PriceCharting
Team Rocket,Rocket's Sneak Attack,16/82,1st Edition,PSA 10,2026-06-01,556.66,USD,eBay,unknown,FALSE,,,ROCKET'S SNEAK ATTACK 2000 POKEMON TEAM ROCKET HOLO 1ST ED #16 PSA 10 Q3963 #16,https://www.ebay.es/itm/278009502459,PriceCharting
Team Rocket,Rocket's Sneak Attack,16/82,1st Edition,PSA 10,2026-04-03,675.00,USD,eBay,best offer,TRUE,,,PSA 10 1st Edition Rocket's Sneak Attack 16/82 Team Rocket 2000 Holo Pokémon 16/82,https://www.ebay.es/itm/188226400427,PriceCharting
Team Rocket,Rocket's Sneak Attack,16/82,1st Edition,PSA 10,2026-03-19,650.00,USD,eBay,best offer,TRUE,,,Pokémon TCG Rocket's Sneak Attack Team Rocket 1st Edition PSA 10 16/82 Holo Rare 16/82,https://www.ebay.es/itm/267611085305,PriceCharting
Team Rocket,Rocket's Sneak Attack,16/82,1st Edition,PSA 10,2026-03-17,525.00,USD,eBay,unknown,FALSE,,,Pokémon Rocket's Sneak Attack Team Rocket 1st Edition Holo PSA 10 16/82 16/82,https://www.ebay.es/itm/168239610066,PriceCharting
Team Rocket,Rocket's Sneak Attack,16/82,1st Edition,PSA 10,2026-03-08,1547.00,USD,eBay,unknown,FALSE,,,Pokemon TCG Rocket's Sneak Attack Holo Rare 16 1st Edition Team Rocket PSA 10 #16,https://www.ebay.es/itm/157698559593,PriceCharting
Team Rocket,Rocket's Sneak Attack,16/82,1st Edition,PSA 10,2026-03-07,599.95,USD,eBay,unknown,FALSE,,,PSA 10 1st Edition Rocket's Sneak Attack Trainer 16/82 Team Rocket Pokemon 2000 16/82,https://www.ebay.es/itm/177869820021,PriceCharting
Team Rocket,Rocket's Sneak Attack,16/82,1st Edition,PSA 10,2025-12-31,399.99,USD,eBay,unknown,FALSE,,,Pokemon Rocket's Sneak Attack Team Rocket 1st Edition Holo Rare #16 PSA 10,https://www.ebay.es/itm/286447000703,PriceCharting
Team Rocket,Rocket's Sneak Attack,16/82,1st Edition,PSA 10,2025-11-15,400.00,USD,eBay,unknown,FALSE,,,Pokemon Rocket's Sneak Attack Team Rocket 1st Edition Holo Rare #16 PSA 10 #16,https://www.ebay.es/itm/167916537093,PriceCharting
Team Rocket,Rocket's Sneak Attack,16/82,1st Edition,PSA 10,2025-10-10,317.67,USD,eBay,unknown,FALSE,,,Pokemon Rocket's Sneak Attack Team Rocket 1st Edition Holo Rare #16 PSA 10 #16,https://www.ebay.es/itm/306529087828,PriceCharting
Team Rocket,Rocket's Sneak Attack,16/82,1st Edition,PSA 10,2025-09-01,339.26,USD,eBay,unknown,FALSE,,,Rocket's Sneak Attack 1st Edition Team Rocket Holo PSA 10 Pokemon card #16 Mint #SWSH261,https://www.ebay.es/itm/317202292016,PriceCharting
Team Rocket,Rocket's Sneak Attack,16/82,1st Edition,PSA 10,2025-08-25,306.00,USD,eBay,unknown,FALSE,,,Pokemon Rocket's Sneak Attack Team Rocket 1st Edition Holo Rare #16 PSA 10,https://www.ebay.es/itm/286764125976,PriceCharting
Team Rocket,Rocket's Sneak Attack,16/82,1st Edition,PSA 10,2025-08-14,460.00,USD,eBay,unknown,FALSE,,,Rocket's Sneak Attack Holo Team Rocket PSA 10 First Edition 2000 Pokemon 16/82,https://www.ebay.es/itm/286672240281,PriceCharting
Team Rocket,Rocket's Sneak Attack,16/82,1st Edition,PSA 10,2025-07-27,415.00,USD,eBay,unknown,FALSE,,,Pokemon Rocket's Sneak Attack Team Rocket 1st Edition Holo Rare #16 PSA 10 #16,https://www.ebay.es/itm/317122009830,PriceCharting
Team Rocket,Rocket's Sneak Attack,16/82,1st Edition,PSA 10,2025-07-21,410.00,USD,eBay,unknown,FALSE,,,Pokemon Rocket's Sneak Attack Team Rocket 1st Edition Holo Rare #16 PSA 10,https://www.ebay.es/itm/286700493745,PriceCharting
Team Rocket,Rocket's Sneak Attack,16/82,1st Edition,PSA 10,2025-04-06,440.00,USD,eBay,unknown,FALSE,,,PSA 10- 2000 Pokemon Team Rocket 1st Edition 16/82 Rocket's Sneak Attack 16/82,https://www.ebay.es/itm/267209471423,PriceCharting
Team Rocket,Rocket's Sneak Attack,16/82,1st Edition,PSA 10,2025-03-24,355.00,USD,eBay,unknown,FALSE,,,Pokemon Rocket's Sneak Attack Team Rocket 1st Edition Holo Rare #16 PSA 10,https://www.ebay.es/itm/286409492250,PriceCharting
Team Rocket,Rocket's Sneak Attack,16/82,1st Edition,PSA 10,2025-03-16,400.00,USD,eBay,unknown,FALSE,,,Pokemon Rocket's Sneak Attack Team Rocket 1st Edition Holo Rare #16 PSA 10,https://www.ebay.es/itm/286396715404,PriceCharting
Team Rocket,Rocket's Sneak Attack,16/82,1st Edition,PSA 10,2025-03-02,425.00,USD,eBay,unknown,FALSE,,,Pokemon Rocket's Sneak Attack Team Rocket 1st Edition Holo Rare #16 PSA 10,https://www.ebay.es/itm/286349681455,PriceCharting
Team Rocket,Rocket's Sneak Attack,16/82,1st Edition,PSA 10,2025-02-01,350.00,USD,eBay,unknown,FALSE,,,PSA 10 Rocket's Sneak Attack 1st Edition Holo Rare Team Rocket 2000 Pokemon #16 #16,https://www.ebay.es/itm/156666124855,PriceCharting
Team Rocket,Rocket's Sneak Attack,16/82,1st Edition,PSA 10,2025-01-05,200.00,USD,eBay,unknown,FALSE,,,PSA 10 Rocket's Sneak Attack 1st Edition Holo Rare Team Rocket 2000 Pokemon #16 #16,https://www.ebay.es/itm/316106372297,PriceCharting
Team Rocket,Rocket's Sneak Attack,16/82,1st Edition,PSA 10,2024-09-29,299.00,USD,eBay,unknown,FALSE,,,Pokemon 2000 Rocket's Sneak Attack #16 Team Rocket 1st Edition Holo PSA 10 #16,https://www.ebay.es/itm/196619028651,PriceCharting
Team Rocket,Rocket's Sneak Attack,16/82,1st Edition,PSA 10,2024-09-01,152.45,USD,eBay,unknown,FALSE,,,1st Edition Rocket's Sneak Attack Holo | 16/82 | PSA 10 | Team Rocket | Pokemon,https://www.ebay.es/itm/166936880108,PriceCharting
Team Rocket,Rocket's Sneak Attack,16/82,1st Edition,PSA 10,2024-07-11,199.99,USD,eBay,unknown,FALSE,,,2000 Pokemon Team Rocket Rockets Sneak Attack Holo 16/82 1st Edition - PSA 10 16/82,https://www.ebay.es/itm/145871106197,PriceCharting
Team Rocket,Rocket's Sneak Attack,16/82,1st Edition,PSA 10,2024-07-01,194.83,USD,eBay,unknown,FALSE,,,2000 Pokemon Team Rocket 1st Edition #16 Rocket's Sneak Attack PSA 10 Gem Mint #16,https://www.ebay.es/itm/166507833534,PriceCharting
Team Rocket,Rocket's Sneak Attack,16/82,1st Edition,PSA 10,2024-06-16,179.99,USD,eBay,unknown,FALSE,,,Pokemon Rocket’s Sneak Attack 1st Edition PSA 10 Gem Mint Holo Team Rocket 16/82,https://www.ebay.es/itm/226192051994,PriceCharting
Team Rocket,Rocket's Sneak Attack,16/82,1st Edition,PSA 10,2024-05-21,247.99,USD,eBay,unknown,FALSE,,,2000 Rocket’s Sneak Attack Rare Holo 1st Edition Pokémon Team Rocket #16 PSA 10 #16,https://www.ebay.es/itm/115256879160,PriceCharting
Team Rocket,Rocket's Sneak Attack,16/82,1st Edition,PSA 10,2024-04-28,195.00,USD,eBay,unknown,FALSE,,,2000 Pokemon Team Rocket Rockets Sneak Attack Holo 16/82 1st Edition - PSA 10,https://www.ebay.es/itm/145739011348,PriceCharting
Team Rocket,Rocket's Sneak Attack,16/82,1st Edition,PSA 10,2024-04-18,140.00,USD,eBay,unknown,FALSE,,,PSA 10 Rocket's Sneak Attack 16/82 1st Edition Team Rocket 2000 English Pokemon #16,https://www.ebay.es/itm/134586389733,PriceCharting
Team Rocket,Rocket's Sneak Attack,16/82,Unlimited,PSA 8,2026-08-17,60.69,USD,eBay,unknown,FALSE,,,Pokemon TCG Team Rocket Rocket's Sneak Attack Holo PSA 8 NM 16/82 2000 16/82,https://www.ebay.es/itm/178203289782,PriceCharting
Team Rocket,Rocket's Sneak Attack,16/82,Unlimited,PSA 8,2026-07-03,45.00,USD,eBay,best offer,TRUE,,,2000 Pokemon TCG Team Rocket Rocket's Sneak Attack Holo PSA 8 NM-Mint 16/82 Rare 16/82,https://www.ebay.es/itm/266755572249,PriceCharting
Team Rocket,Rocket's Sneak Attack,16/82,Unlimited,PSA 8,2026-06-08,45.00,USD,eBay,unknown,FALSE,,,Pokemon Rocket's Sneak Attack 16/82 Team Rocket Holo PSA 8 16/82,https://www.ebay.es/itm/318140264704,PriceCharting
Team Rocket,Rocket's Sneak Attack,16/82,Unlimited,PSA 8,2026-06-05,48.00,USD,eBay,unknown,FALSE,,,Pokemon TCG Team Rocket Rocket's Sneak Attack Holo PSA 8 NM 16/82 2000 16/82,https://www.ebay.es/itm/177977814638,PriceCharting
Team Rocket,Rocket's Sneak Attack,16/82,Unlimited,PSA 8,2026-06-01,35.00,USD,eBay,best offer,TRUE,,,PSA 8 - Team Rocket - Rocket's Sneak Attack HOLO #16/82 Pokemon TCG 2000 #16,https://www.ebay.es/itm/287353599781,PriceCharting
Team Rocket,Rocket's Sneak Attack,16/82,Unlimited,PSA 8,2026-05-26,44.99,USD,eBay,unknown,FALSE,,,PSA 8 - Team Rocket - Rocket's Sneak Attack HOLO #16/82 Pokemon TCG 2000 #16,https://www.ebay.es/itm/287339867865,PriceCharting
Team Rocket,Rocket's Sneak Attack,16/82,Unlimited,PSA 8,2026-03-08,28.00,USD,eBay,unknown,FALSE,,,Pokemon Rocket's Sneak Attack Team Rocket Unlimited Holo Rare #16 PSA 8,https://www.ebay.es/itm/287167117973,PriceCharting
Team Rocket,Rocket's Sneak Attack,16/82,Unlimited,PSA 8,2026-02-16,40.00,USD,eBay,unknown,FALSE,,,Pokemon Rocket's Sneak Attack Holo 16/82 Psa 8 Team Rocket Set Rare 2000 16/82,https://www.ebay.es/itm/317066804666,PriceCharting
Team Rocket,Rocket's Sneak Attack,16/82,Unlimited,PSA 8,2026-02-08,50.00,USD,eBay,unknown,FALSE,,,Rocket's Sneak Attack Team Rocket Holo #16 PSA 8 NM-MT 2000 Vintage Pokémon 16/82,https://www.ebay.es/itm/116695767659,PriceCharting
Team Rocket,Rocket's Sneak Attack,16/82,Unlimited,PSA 8,2026-01-22,32.00,USD,eBay,best offer,TRUE,,,Pokemon Rocket's Sneak Attack Holo 16/82 Psa 8 Team Rocket Set Rare 2000 16/82,https://www.ebay.es/itm/157579966790,PriceCharting
Team Rocket,Rocket's Sneak Attack,16/82,Unlimited,PSA 8,2025-12-04,9.99,USD,eBay,unknown,FALSE,,,PSA 8 NM-MINT | Pokemon TCG | Rocket's Sneak Attack | Team Rocket 16/82 | Holo,https://www.ebay.es/itm/306629938506,PriceCharting
Team Rocket,Rocket's Sneak Attack,16/82,Unlimited,PSA 8,2025-11-26,29.99,USD,eBay,unknown,FALSE,,,Pokemon Team Rocket Rocket's Sneak Attack 16/82 Holo PSA 8 Near Mint 16/82,https://www.ebay.es/itm/197898273772,PriceCharting
Team Rocket,Rocket's Sneak Attack,16/82,Unlimited,PSA 8,2025-11-16,32.00,USD,eBay,unknown,FALSE,,,Pokemon Rocket's Sneak Attack Team Rocket Unlimited Holo Rare #16 PSA 8,https://www.ebay.es/itm/286925806767,PriceCharting
Team Rocket,Rocket's Sneak Attack,16/82,Unlimited,PSA 8,2025-11-02,26.00,USD,eBay,unknown,FALSE,,,Pokemon Rocket's Sneak Attack Team Rocket Unlimited Holo Rare #16 PSA 8,https://www.ebay.es/itm/286892910330,PriceCharting
Team Rocket,Rocket's Sneak Attack,16/82,Unlimited,PSA 8,2025-10-19,48.89,USD,eBay,unknown,FALSE,,,PSA 8 - Pokemon Card - Team Rocket 16/82 - ROCKET'S SNEAK ATTACK (holo) - NM-MT,https://www.ebay.es/itm/365679621991,PriceCharting
Team Rocket,Rocket's Sneak Attack,16/82,Unlimited,PSA 8,2025-10-14,28.00,USD,eBay,unknown,FALSE,,,2000 Wotc #16 Pokemon Team Rocket Holo Rocket’s Sneak Attack PSA 8 16/82,https://www.ebay.es/itm/257143804469,PriceCharting
Team Rocket,Rocket's Sneak Attack,16/82,Unlimited,PSA 8,2025-10-04,31.51,USD,eBay,unknown,FALSE,,,PSA 8 Rocket's Sneak Attack HOLO 2000 Team Rocket 16/82 Pokemon 16/82,https://www.ebay.es/itm/267418058851,PriceCharting
Team Rocket,Rocket's Sneak Attack,16/82,Unlimited,PSA 8,2025-06-30,39.00,USD,eBay,unknown,FALSE,,,PSA 8 - Pokemon ROCKET'S SNEAK ATTACK 16/82 - TEAM ROCKET Trainer - Holo 16/82,https://www.ebay.es/itm/376358657541,PriceCharting
Team Rocket,Rocket's Sneak Attack,16/82,Unlimited,PSA 8,2025-06-18,47.89,USD,eBay,unknown,FALSE,,,PSA 8 - Pokemon Card - Team Rocket 16/82 - ROCKET'S SNEAK ATTACK (holo) - NM-MT,https://www.ebay.es/itm/365417051180,PriceCharting
Team Rocket,Rocket's Sneak Attack,16/82,Unlimited,PSA 9,2026-09-10,74.99,USD,eBay,unknown,FALSE,,,PSA 9 Rocket's Sneak Attack 16/82 2000 Team Rocket Holo Rare Pokemon Card 16/82,https://www.ebay.es/itm/227504994299,PriceCharting
Team Rocket,Rocket's Sneak Attack,16/82,Unlimited,PSA 9,2026-08-24,60.51,USD,eBay,unknown,FALSE,,,Pokemon 2000 Rocket's Sneak Attack 16/82 Holo Team Rocket PSA 9 16/82,https://www.ebay.es/itm/407142938641,PriceCharting
Team Rocket,Rocket's Sneak Attack,16/82,Unlimited,PSA 9,2026-07-18,67.00,USD,eBay,unknown,FALSE,,,Pokemon 2000 Rocket's Sneak Attack 16/82 Holo Team Rocket PSA 9 16/82,https://www.ebay.es/itm/407064526304,PriceCharting
Team Rocket,Rocket's Sneak Attack,16/82,Unlimited,PSA 9,2026-06-28,50.00,USD,eBay,best offer,TRUE,,,Pokemon TCG 2000 Team Rocket Rocket's Sneak Attack Holo PSA 9 #16/82 16/82,https://www.ebay.es/itm/800192289635,PriceCharting
Team Rocket,Rocket's Sneak Attack,16/82,Unlimited,PSA 9,2026-03-10,57.95,USD,eBay,unknown,FALSE,,,2000 Pokemon Rocket's Sneak Attack 16/82 Team Rocket Holo Rare PSA 9 MINT 16/82,https://www.ebay.es/itm/267594056863,PriceCharting
Team Rocket,Rocket's Sneak Attack,16/82,Unlimited,PSA 9,2026-02-26,64.99,USD,eBay,unknown,FALSE,,,Pokemon PSA 9 Rocket's Sneak Attack 16/82 Holo Rare Team Rocket Mint,https://www.ebay.es/itm/177852268702,PriceCharting
Team Rocket,Rocket's Sneak Attack,16/82,Unlimited,PSA 9,2026-02-05,77.60,USD,eBay,best offer,TRUE,,,Rocket's Sneak Attack - Holo - PSA 9 - Team Rocket - 2000 - #16/82 Pokemon 16/82,https://www.ebay.es/itm/205869621221,PriceCharting
Team Rocket,Rocket's Sneak Attack,16/82,Unlimited,PSA 9,2026-01-27,59.99,USD,eBay,unknown,FALSE,,,2000 Pokemon Team Rocket 16/82 Rocket's Sneak Attack Holo PSA 9 MINT 16/82,https://www.ebay.es/itm/336028405288,PriceCharting
Team Rocket,Rocket's Sneak Attack,16/82,Unlimited,PSA 9,2026-01-14,40.00,USD,eBay,unknown,FALSE,,,2000 Pokemon Team Rocket Unlimited #16 Rocket's Sneak Attack HOLO R PSA 9 MINT,https://www.ebay.es/itm/136926460284,PriceCharting
Team Rocket,Rocket's Sneak Attack,16/82,Unlimited,PSA 9,2025-12-26,55.00,USD,eBay,best offer,TRUE,,,Pokemon Rocket's Sneak Attack Team Rocket Unlimited Holo Rare #16 PSA 9 #16,https://www.ebay.es/itm/336284202180,PriceCharting
Team Rocket,Rocket's Sneak Attack,16/82,Unlimited,PSA 9,2025-11-17,33.00,USD,eBay,unknown,FALSE,,,Pokemon Rocket's Sneak Attack Team Rocket Unlimited Holo Rare #16 PSA 9 Mint,https://www.ebay.es/itm/286922256532,PriceCharting
Team Rocket,Rocket's Sneak Attack,16/82,Unlimited,PSA 9,2025-06-18,57.95,USD,eBay,unknown,FALSE,,,Pokemon Team Rocket Rocket's Sneak Attack 16/82 PSA 9,https://www.ebay.es/itm/335740007446,PriceCharting
Team Rocket,Rocket's Sneak Attack,16/82,Unlimited,PSA 10,2026-08-13,308.44,USD,eBay,unknown,FALSE,,,Rocket's Sneak Attack #16/82 Holo Team Rocket Unlimited Pokemon 2000 PSA 10 16/82,https://www.ebay.es/itm/398254353956,PriceCharting
Team Rocket,Rocket's Sneak Attack,16/82,Unlimited,PSA 10,2026-04-12,289.77,USD,eBay,unknown,FALSE,,,Pokemon Rocket's Sneak Attack Team Rocket Unlimited Holo Rare #16 PSA 10,https://www.ebay.es/itm/287247660715,PriceCharting
Team Rocket,Rocket's Sneak Attack,16/82,Unlimited,PSA 10,2026-01-03,300.00,USD,eBay,best offer,TRUE,,,Pokemon Team Rocket Rocket's Sneak Attack 16/82 PSA 10 GEM MINT,https://www.ebay.es/itm/336372056234,PriceCharting
Team Rocket,Rocket's Sneak Attack,16/82,Unlimited,PSA 10,2025-12-05,220.00,USD,eBay,best offer,TRUE,,,2000 Pokemon Team Rocket Rocket's Sneak Attack #16 PSA 10 #16,https://www.ebay.es/itm/357249625024,PriceCharting
Team Rocket,Rocket's Sneak Attack,16/82,Unlimited,PSA 10,2025-11-06,200.00,USD,eBay,unknown,FALSE,,,Pokemon 2000 Team Rocket Rocket's Sneak Attack Trainer Holo 16/82 PSA 10 Gem Mt. 16/82,https://www.ebay.es/itm/136568241146,PriceCharting
Team Rocket,Rocket's Sneak Attack,16/82,Unlimited,PSA 10,2025-10-10,280.00,USD,eBay,unknown,FALSE,,,Pokemon 2000 Team Rocket Rocket's Sneak Attack Trainer Holo 16/82 PSA 10 Gem Mt. 16/82,https://www.ebay.es/itm/136488911763,PriceCharting
Team Rocket,Rocket's Sneak Attack,16/82,Unlimited,PSA 10,2025-06-09,199.97,USD,eBay,unknown,FALSE,,,Rocket's Sneak Attack Team Rocket 16/82 Holo Pokemon Card 2000 PSA 10 POP 77 16/82,https://www.ebay.es/itm/236123654291,PriceCharting
Team Rocket,Rocket's Sneak Attack,16/82,Unlimited,PSA 10,2025-04-22,149.99,USD,eBay,unknown,FALSE,,,Rocket's Sneak Attack 16/82 Team Rocket Holo Unlimited Pokemon PSA 10 Gem Mint 16/82,https://www.ebay.es/itm/135715905919,PriceCharting
Team Rocket,Rocket's Sneak Attack,16/82,Unlimited,PSA 10,2025-02-24,103.50,USD,eBay,unknown,FALSE,,,Pokemon Rocket's Sneak Attack Team Rocket Unlimited Holo Rare #16 PSA 10,https://www.ebay.es/itm/286330086242,PriceCharting
Team Rocket,Rocket's Sneak Attack,16/82,Unlimited,PSA 10,2024-09-08,82.00,USD,eBay,unknown,FALSE,,,Pokemon Rocket's Sneak Attack Team Rocket Unlimited Holo Rare #16 PSA 10,https://www.ebay.es/itm/286035918653,PriceCharting
Team Rocket,Rocket's Sneak Attack,16/82,Unlimited,PSA 10,2024-05-01,149.99,USD,eBay,unknown,FALSE,,,Rocket's Sneak Attack 16/82 Team Rocket Holo Unlimited Pokemon PSA 10 Gem Mint,https://www.ebay.es/itm/276365947674,PriceCharting
Team Rocket,Rocket's Sneak Attack,16/82,Unlimited,PSA 10,2024-04-20,114.39,USD,eBay,unknown,FALSE,,,Pokemon - Rocket's Sneak Attack - 16/82 - PSA 10 - Team Rocket - 88074482,https://www.ebay.es/itm/395324877384,PriceCharting
Team Rocket,Rainbow Energy,17/82,1st Edition,PSA 8,2026-08-30,46.00,USD,eBay,unknown,FALSE,,,2000 Pokemon Team Rocket First Edition Rainbow Energy #17/82 Holo PSA 8 17/82,https://www.ebay.es/itm/206499001070,PriceCharting
Team Rocket,Rainbow Energy,17/82,1st Edition,PSA 8,2026-08-23,66.42,USD,eBay,unknown,FALSE,,,RAINBOW ENERGY POKEMON 17 2000 TEAM ROCKET 1st EDITION HOLO ENGLISH PSA 8,https://www.ebay.es/itm/137595877636,PriceCharting
Team Rocket,Rainbow Energy,17/82,1st Edition,PSA 8,2026-08-12,60.00,USD,eBay,unknown,FALSE,,,2000 Pokemon TCG Team Rocket 1st Edition #17 Rainbow Energy Holo PSA 8 - SWIRL #17,https://www.ebay.es/itm/257664002072,PriceCharting
Team Rocket,Rainbow Energy,17/82,1st Edition,PSA 8,2026-07-27,40.00,USD,eBay,unknown,FALSE,,,Pokemon TCG Team Rocket Rainbow Energy 17/82 Holo Rare 1st Ed PSA 8 EN 2000 17/82,https://www.ebay.es/itm/800385321471,PriceCharting
Team Rocket,Rainbow Energy,17/82,1st Edition,PSA 8,2026-07-24,50.00,USD,eBay,unknown,FALSE,,,Rainbow Energy 2000 Pokemon Team Rocket First Edition #17/82 Holo PSA 8 17/82,https://www.ebay.es/itm/158041905961,PriceCharting
Team Rocket,Rainbow Energy,17/82,1st Edition,PSA 8,2026-07-20,49.99,USD,eBay,unknown,FALSE,,,Rainbow Energy 2000 Team Rocket #17 🔥 1st Edition HOLO PSA 8 🔥 Vintage Pokemon #17,https://www.ebay.es/itm/287472599512,PriceCharting
Team Rocket,Rainbow Energy,17/82,1st Edition,PSA 8,2026-06-28,40.00,USD,eBay,unknown,FALSE,,,2000 Pokemon TCG Team Rocket Rainbow Energy 1st Edition Holo 17/82 PSA 8 17/82,https://www.ebay.es/itm/188561181358,PriceCharting
Team Rocket,Rainbow Energy,17/82,1st Edition,PSA 8,2026-06-28,42.00,USD,eBay,best offer,TRUE,,,2000 POKEMON ROCKET #17 RAINBOW ENERGY-HOLO PSA 8 #17,https://www.ebay.es/itm/306523352464,PriceCharting
Team Rocket,Rainbow Energy,17/82,1st Edition,PSA 8,2026-06-12,52.00,USD,eBay,unknown,FALSE,,,Rainbow Energy 2000 Team Rocket #17 🔥 1st Edition HOLO PSA 8 🔥 Vintage Pokemon #17,https://www.ebay.es/itm/366449733727,PriceCharting
Team Rocket,Rainbow Energy,17/82,1st Edition,PSA 8,2026-06-11,51.00,USD,eBay,unknown,FALSE,,,POKEMON RAINBOW ENERGY 2000 ROCKET 1ST EDITION #17 HOLO PSA 8 #17,https://www.ebay.es/itm/800113312623,PriceCharting
Team Rocket,Rainbow Energy,17/82,1st Edition,PSA 8,2026-06-08,82.47,USD,eBay,unknown,FALSE,,,Pokemon TCG Rainbow Energy 17/82 Holo Team Rocket 1st Edition 2000 Vintage PSA 8 17/82,https://www.ebay.es/itm/278063372597,PriceCharting
Team Rocket,Rainbow Energy,17/82,1st Edition,PSA 8,2026-05-17,65.00,USD,eBay,best offer,TRUE,,,2000 POKEMON ROCKET 1ST EDITION #17 RAINBOW ENERGY-HOLO PSA 8 #17,https://www.ebay.es/itm/306916670278,PriceCharting
Team Rocket,Rainbow Energy,17/82,1st Edition,PSA 8,2026-05-04,46.00,USD,eBay,unknown,FALSE,,,2000 POKEMON ROCKET 1ST EDITION #17 RAINBOW ENERGY-HOLO PSA 8 #17,https://www.ebay.es/itm/117162548131,PriceCharting
Team Rocket,Rainbow Energy,17/82,1st Edition,PSA 8,2026-04-21,39.99,USD,eBay,unknown,FALSE,,,2000 POKEMON ROCKET #17 RAINBOW ENERGY-HOLO PSA 8 #17,https://www.ebay.es/itm/306798577533,PriceCharting
Team Rocket,Rainbow Energy,17/82,1st Edition,PSA 8,2026-04-09,51.00,USD,eBay,unknown,FALSE,,,2000 POKEMON ROCKET 1ST EDITION #17 RAINBOW ENERGY-HOLO PSA 8 #17,https://www.ebay.es/itm/298179406244,PriceCharting
Team Rocket,Rainbow Energy,17/82,1st Edition,PSA 8,2026-03-30,54.00,USD,eBay,best offer,TRUE,,,2000 Pokemon Team Rocket First Edition Rainbow Energy Holo #17/82 PSA 8 17/82,https://www.ebay.es/itm/127716412077,PriceCharting
Team Rocket,Rainbow Energy,17/82,1st Edition,PSA 8,2026-03-30,50.39,USD,eBay,unknown,FALSE,,,2000 Pokémon Team Rocket Holo Rare Rainbow Energy First Edition 17/82 PSA 8,https://www.ebay.es/itm/358365984906,PriceCharting
Team Rocket,Rainbow Energy,17/82,1st Edition,PSA 8,2026-03-22,51.00,USD,eBay,unknown,FALSE,,,2000 Pokemon Team Rocket First Edition Rainbow Energy Holo #17/82 PSA 8,https://www.ebay.es/itm/127748859452,PriceCharting
Team Rocket,Rainbow Energy,17/82,1st Edition,PSA 8,2026-03-14,74.99,USD,eBay,unknown,FALSE,,,PSA 8 1st Edition Rainbow Energy Holo 17/82 Team Rocket Set Pokemon 2000 17/82,https://www.ebay.es/itm/188059587257,PriceCharting
Team Rocket,Rainbow Energy,17/82,1st Edition,PSA 8,2026-03-12,40.00,USD,eBay,best offer,TRUE,,,2000 Pokémon Team Rocket Holo Rare Rainbow Energy First Edition 17/82 PSA 8 17/82,https://www.ebay.es/itm/397664874158,PriceCharting
Team Rocket,Rainbow Energy,17/82,1st Edition,PSA 9,2026-08-18,105.50,USD,eBay,unknown,FALSE,,,Pokémon Team Rocket Rainbow Energy 17/82 First Edition Holo Rare PSA 9 17/82,https://www.ebay.es/itm/358893423770,PriceCharting
Team Rocket,Rainbow Energy,17/82,1st Edition,PSA 9,2026-08-04,144.51,USD,eBay,unknown,FALSE,,,PSA 9 MINT Pokemon Rainbow Energy Team Rocket Holo 1st Edition 17/82,https://www.ebay.es/itm/198500284406,PriceCharting
Team Rocket,Rainbow Energy,17/82,1st Edition,PSA 9,2026-08-03,132.50,USD,eBay,unknown,FALSE,,,Pokémon Team Rocket Rainbow Energy 17/82 First Edition Holo Rare PSA 9 17/82,https://www.ebay.es/itm/358838809594,PriceCharting
Team Rocket,Rainbow Energy,17/82,1st Edition,PSA 9,2026-07-19,71.40,USD,eBay,unknown,FALSE,,,Pokemon Rainbow Energy Holo Team Rocket 17 1st Edition PSA 9 Mint #17,https://www.ebay.es/itm/287450316894,PriceCharting
Team Rocket,Rainbow Energy,17/82,1st Edition,PSA 9,2026-07-18,105.07,USD,eBay,unknown,FALSE,,,2000 POKEMON ROCKET 1ST EDITION #17 RAINBOW ENERGY-HOLO PSA 9 #17,https://www.ebay.es/itm/307052338679,PriceCharting
Team Rocket,Rainbow Energy,17/82,1st Edition,PSA 9,2026-07-13,130.00,USD,eBay,unknown,FALSE,,,PSA 9 MINT Rainbow Energy 17 Team Rocket 1st Edition Holo Pokemon Card #17,https://www.ebay.es/itm/287453493232,PriceCharting
Team Rocket,Rainbow Energy,17/82,1st Edition,PSA 9,2026-07-10,130.00,USD,eBay,unknown,FALSE,,,PSA 9 MINT Rainbow Energy 17 Team Rocket 1st Edition Holo Pokemon Card #17,https://www.ebay.es/itm/147422793313,PriceCharting
Team Rocket,Rainbow Energy,17/82,1st Edition,PSA 9,2026-06-23,120.00,USD,eBay,best offer,TRUE,,,Pokemon TCG 2000 Team Rocket Rainbow Energy 17/82 Holo 1st Ed PSA 9 17/82,https://www.ebay.es/itm/407013283317,PriceCharting
Team Rocket,Rainbow Energy,17/82,1st Edition,PSA 9,2026-06-21,130.00,USD,eBay,unknown,FALSE,,,Pokemon Rainbow Energy Team Rocket 1st Edition Holo Rare #17 PSA 9 Mint,https://www.ebay.es/itm/287386658388,PriceCharting
Team Rocket,Rainbow Energy,17/82,1st Edition,PSA 9,2026-06-15,115.49,USD,eBay,unknown,FALSE,,,2000 Pokemon 1st FIRST Edition - HOLO PSA 9 - Rainbow Energy 17/82 Team Rocket 17/82,https://www.ebay.es/itm/336628267381,PriceCharting
Team Rocket,Rainbow Energy,17/82,1st Edition,PSA 9,2026-05-30,154.99,USD,eBay,unknown,FALSE,,,2000 POKEMON TEAM ROCKET #17 RAINBOW ENERGY 1ST EDITION HOLO PSA 9 17/82,https://www.ebay.es/itm/298298648389,PriceCharting
Team Rocket,Rainbow Energy,17/82,1st Edition,PSA 9,2026-05-22,155.00,USD,eBay,unknown,FALSE,,,Pokemon Rainbow Energy Team Rocket 1st Edition Holo Rare #17 PSA 9 Mint,https://www.ebay.es/itm/287232988477,PriceCharting
Team Rocket,Rainbow Energy,17/82,1st Edition,PSA 9,2026-05-22,130.00,USD,eBay,best offer,TRUE,,,Pokemon Rainbow Energy 17/82 Team Rocket Holo 1st Edition Psa 9 17/82,https://www.ebay.es/itm/168346720788,PriceCharting
Team Rocket,Rainbow Energy,17/82,1st Edition,PSA 9,2026-05-14,127.50,USD,eBay,unknown,FALSE,,,POKEMON RAINBOW ENERGY 2000 ROCKET #17 HOLO 1ST EDITION PSA 9 #17,https://www.ebay.es/itm/389980426381,PriceCharting
Team Rocket,Rainbow Energy,17/82,1st Edition,PSA 9,2026-05-09,65.07,USD,eBay,unknown,FALSE,,,Pokemon Rainbow Energy Team Rocket 1st Edition Holo Rare #17 PSA 9 Mint,https://www.ebay.es/itm/146458806003,PriceCharting
Team Rocket,Rainbow Energy,17/82,1st Edition,PSA 9,2026-05-04,86.50,USD,eBay,unknown,FALSE,,,Pokemon Rainbow Energy Team Rocket 1st Edition Holo Rare #17 PSA 9 Mint,https://www.ebay.es/itm/287292261798,PriceCharting
Team Rocket,Rainbow Energy,17/82,1st Edition,PSA 9,2026-04-26,142.50,USD,eBay,unknown,FALSE,,,Pokemon TCG Team Rocket Rainbow Energy 17/82 Holo Rare 1st Ed PSA 9 English 2000 17/82,https://www.ebay.es/itm/178062381823,PriceCharting
Team Rocket,Rainbow Energy,17/82,1st Edition,PSA 9,2026-04-23,161.00,USD,eBay,unknown,FALSE,,,Pokémon PSA 9 1st Edition Rainbow Energy 17/82 Team Rocket Holo 17/82,https://www.ebay.es/itm/168325494017,PriceCharting
Team Rocket,Rainbow Energy,17/82,1st Edition,PSA 9,2026-04-12,58.12,USD,eBay,unknown,FALSE,,,Pokemon Rainbow Energy Team Rocket 1st Edition Holo Rare #17 PSA 9 Mint,https://www.ebay.es/itm/287247568906,PriceCharting
Team Rocket,Rainbow Energy,17/82,1st Edition,PSA 9,2026-04-12,134.99,USD,eBay,unknown,FALSE,,,Pokemon PSA 9 Mint 1st Edition Team Rocket Holo Rainbow Energy 17/82 17/82,https://www.ebay.es/itm/326953665994,PriceCharting
Team Rocket,Rainbow Energy,17/82,1st Edition,PSA 10,2025-11-15,2200.00,USD,eBay,unknown,FALSE,,,Pokemon Rainbow Energy Team Rocket 1st Edition HOLO SWIRL #17 PSA 10 Gem Mint #17,https://www.ebay.es/itm/167916554297,PriceCharting
Team Rocket,Rainbow Energy,17/82,1st Edition,PSA 10,2025-08-25,1699.99,USD,eBay,unknown,FALSE,,,Pokemon Rainbow Energy 1st Edition PSA 10 Gem Mint Holo Team Rocket 17/82 17/82,https://www.ebay.es/itm/226939861754,PriceCharting
Team Rocket,Rainbow Energy,17/82,1st Edition,PSA 10,2025-07-01,1251.00,USD,eBay,unknown,FALSE,,,2000 Pokemon Rocket 1st Edition #17 Rainbow Energy Holo PSA 10 GEM MINT,https://www.ebay.es/itm/388624492307,PriceCharting
Team Rocket,Rainbow Energy,17/82,1st Edition,PSA 10,2025-05-13,1699.99,USD,eBay,unknown,FALSE,,,PSA 10 GEM MINT Pokemon RAINBOW ENERGY Holo Rare Team Rocket First Edition 17/82 #17,https://www.ebay.es/itm/316484083197,PriceCharting
Team Rocket,Rainbow Energy,17/82,1st Edition,PSA 10,2025-03-02,1825.00,USD,eBay,unknown,FALSE,,,Pokemon Rainbow Energy Team Rocket 1st Edition Holo Rare #17 PSA 10 Gem Mint,https://www.ebay.es/itm/286349681225,PriceCharting
Team Rocket,Rainbow Energy,17/82,1st Edition,PSA 10,2024-12-16,1395.00,USD,eBay,unknown,FALSE,,,2000 Pokémon TCG 1st Edition Team Rocket Rainbow Energy Holo Card #17 Psa 10 Gem #17,https://www.ebay.es/itm/356224841895,PriceCharting
Team Rocket,Rainbow Energy,17/82,1st Edition,PSA 10,2024-09-28,999.00,USD,eBay,unknown,FALSE,,,PSA 10 GEM MINT Rainbow Energy 17/82 Holo 1st Edition Team Rocket 2000 Pokemon 17/82,https://www.ebay.es/itm/326193099207,PriceCharting
Team Rocket,Rainbow Energy,17/82,1st Edition,PSA 10,2024-09-26,1200.00,USD,eBay,unknown,FALSE,,,PSA 10 GEM MINT Rainbow Energy 17/82 Holo 1st Edition Team Rocket 2000 Pokemon 17/82,https://www.ebay.es/itm/395688322547,PriceCharting
Team Rocket,Rainbow Energy,17/82,1st Edition,PSA 10,2024-05-18,800.00,USD,eBay,unknown,FALSE,,,2000 Team Rocket 17 Rainbow Energy 1st Edition Holo Rare Pokemon TCG Card PSA 10 #17,https://www.ebay.es/itm/226137662050,PriceCharting
Team Rocket,Rainbow Energy,17/82,1st Edition,PSA 10,2024-05-06,999.99,USD,eBay,unknown,FALSE,,,2000 Team Rocket 17 Rainbow Energy 1st Edition Holo Rare Pokemon TCG Card PSA 10 #17,https://www.ebay.es/itm/116014398234,PriceCharting
Team Rocket,Rainbow Energy,17/82,Unlimited,PSA 8,2026-09-11,37.00,USD,eBay,best offer,TRUE,,,Wizards of the Coast Pokemon Team Rocket Rainbow Energy Holo 17/82 PSA 8 17/82,https://www.ebay.es/itm/407122652378,PriceCharting
Team Rocket,Rainbow Energy,17/82,Unlimited,PSA 8,2026-08-02,49.00,USD,eBay,best offer,TRUE,,,Pokémon Rainbow Energy Holo Rare 17/82 Team Rocket PSA 8 English ⚡️⚡️⚡️ 17/82,https://www.ebay.es/itm/168425483245,PriceCharting
Team Rocket,Rainbow Energy,17/82,Unlimited,PSA 8,2026-07-04,41.00,USD,eBay,best offer,TRUE,,,Graded Vintage Pokemon - Rainbow Energy 17/82 Team Rocket Holo - PSA 8 17/82,https://www.ebay.es/itm/318540401490,PriceCharting
Team Rocket,Rainbow Energy,17/82,Unlimited,PSA 8,2026-06-29,44.99,USD,eBay,unknown,FALSE,,,Pokemon TCG Rainbow Energy Team Rocket Holo Rare #17 PSA 8 2000 Wizards Holo 17/82,https://www.ebay.es/itm/137215182139,PriceCharting
Team Rocket,Rainbow Energy,17/82,Unlimited,PSA 8,2026-05-20,40.00,USD,eBay,unknown,FALSE,,,2000 Pokemon TEAM ROCKET #17 RAINBOW ENERGY - Holo PSA 8 NM-MT 17/82,https://www.ebay.es/itm/257242263625,PriceCharting
Team Rocket,Rainbow Energy,17/82,Unlimited,PSA 8,2026-03-20,50.26,USD,eBay,unknown,FALSE,,,2000 Pokemon Rocket Rainbow Energy 17/82 - Holo - Team Rocket - PSA 8,https://www.ebay.es/itm/168208362923,PriceCharting
Team Rocket,Rainbow Energy,17/82,Unlimited,PSA 8,2026-02-11,55.00,USD,eBay,unknown,FALSE,,,PSA 8 Team Rocket Rainbow Energy Holo 17/82 NM-MT 2000 Pokemon Card 17/82,https://www.ebay.es/itm/267566839618,PriceCharting
Team Rocket,Rainbow Energy,17/82,Unlimited,PSA 8,2026-02-02,39.99,USD,eBay,unknown,FALSE,,,2000 Pokemon TEAM ROCKET #17 RAINBOW ENERGY - Holo PSA 8 NM-MT 17/82,https://www.ebay.es/itm/287088955949,PriceCharting
Team Rocket,Rainbow Energy,17/82,Unlimited,PSA 8,2026-01-26,17.52,USD,eBay,unknown,FALSE,,,Pokemon Rainbow Energy Team Rocket Unlimited Holo Rare #17 PSA 8,https://www.ebay.es/itm/287073037580,PriceCharting
Team Rocket,Rainbow Energy,17/82,Unlimited,PSA 8,2025-11-27,32.00,USD,eBay,best offer,TRUE,,,Rainbow Energy Holo Team Rocket PSA 8 2000 WOTC Pokémon Card #17 17/82,https://www.ebay.es/itm/317341692856,PriceCharting
Team Rocket,Rainbow Energy,17/82,Unlimited,PSA 8,2025-10-24,40.00,USD,eBay,best offer,TRUE,,,Pokemon Team Rocket Rainbow Energy 17/82 PSA 8,https://www.ebay.es/itm/375877735052,PriceCharting
Team Rocket,Rainbow Energy,17/82,Unlimited,PSA 9,2026-05-17,85.00,USD,eBay,best offer,TRUE,,,Pokémon TCG 2000 Team Rocket Rainbow Energy Holo Rare 17/82 PSA 9 English 17/82,https://www.ebay.es/itm/168364573779,PriceCharting
Team Rocket,Rainbow Energy,17/82,Unlimited,PSA 9,2026-04-17,94.61,USD,eBay,unknown,FALSE,,,Pokémon TCG Rainbow Energy 17/82 Team Rocket Holo PSA 9 MINT 17/82,https://www.ebay.es/itm/137051617607,PriceCharting
Team Rocket,Rainbow Energy,17/82,Unlimited,PSA 9,2026-04-01,59.87,USD,eBay,unknown,FALSE,,,CRACKED Pokémon TCG Rainbow Energy 17/82 Team Rocket Holo PSA 9 MINT 17/82,https://www.ebay.es/itm/136976012115,PriceCharting
Team Rocket,Rainbow Energy,17/82,Unlimited,PSA 9,2026-02-19,94.36,USD,eBay,unknown,FALSE,,,Pokémon TCG Rainbow Energy 17/82 Team Rocket Holo PSA 9 MINT 17/82,https://www.ebay.es/itm/136975977561,PriceCharting
Team Rocket,Rainbow Energy,17/82,Unlimited,PSA 9,2025-11-17,16.50,USD,eBay,unknown,FALSE,,,Pokemon Rainbow Energy Team Rocket Unlimited Holo Rare #17 PSA 9 Mint,https://www.ebay.es/itm/286922256469,PriceCharting
Team Rocket,Rainbow Energy,17/82,Unlimited,PSA 9,2025-10-30,86.97,USD,eBay,best offer,TRUE,,,Pokémon TCG Rainbow Energy 17/82 Team Rocket Holo PSA 9 MINT 17/82,https://www.ebay.es/itm/136623355459,PriceCharting
Team Rocket,Rainbow Energy,17/82,Unlimited,PSA 9,2025-09-29,30.00,USD,eBay,unknown,FALSE,,,💫SWIRL PSA 9 HOLO Rainbow Energy 17/82 Team Rocket Holo 2000 Pokemon. MINT WOTC 17/82,https://www.ebay.es/itm/267407096139,PriceCharting
Team Rocket,Rainbow Energy,17/82,Unlimited,PSA 9,2025-08-30,110.00,USD,eBay,unknown,FALSE,,,2000 Pokemon Rainbow Energy Holo Team Rocket 17/82 PSA 9 17/82,https://www.ebay.es/itm/286779124176,PriceCharting
Team Rocket,Rainbow Energy,17/82,Unlimited,PSA 9,2025-07-23,171.00,USD,eBay,unknown,FALSE,,,Rainbow Energy 17/82 Team Rocket Holo *1 SWIRL* 200 Pokémon Card PSA 9 MINT 17/82,https://www.ebay.es/itm/156669300344,PriceCharting
Team Rocket,Rainbow Energy,17/82,Unlimited,PSA 9,2025-07-01,80.00,USD,eBay,unknown,FALSE,,,PSA 9 - Pokemon RAINBOW ENERGY 17/82 - TEAM ROCKET - Holo MINT 17/82,https://www.ebay.es/itm/357159872952,PriceCharting
Team Rocket,Rainbow Energy,17/82,Unlimited,PSA 9,2025-04-09,91.60,USD,eBay,unknown,FALSE,,,Pokemon Card Rainbow Energy 17/82 Team Rocket Holo Rare PSA 9 MINT,https://www.ebay.es/itm/266992778348,PriceCharting
Team Rocket,Rainbow Energy,17/82,Unlimited,PSA 9,2025-03-04,58.00,USD,eBay,unknown,FALSE,,,Rainbow Energy 17/82 PSA 9 Mint Holo Rare Pokemon Card Unlimited Team Rocket 17/82,https://www.ebay.es/itm/235973872424,PriceCharting
Team Rocket,Rainbow Energy,17/82,Unlimited,PSA 9,2025-02-15,59.10,USD,eBay,unknown,FALSE,,,Pokemon Card Rainbow Energy 17/82 Team Rocket Holo Rare PSA 9 MINT,https://www.ebay.es/itm/167313354274,PriceCharting
Team Rocket,Rainbow Energy,17/82,Unlimited,PSA 10,2025-10-02,960.00,USD,eBay,unknown,FALSE,,,PSA 10 GEM MINT Pokemon Rainbow Energy Holo Rare Team Rocket 17/82 Unlimited,https://www.ebay.es/itm/376573745220,PriceCharting
Team Rocket,Dark Raichu,83/82,1st Edition,PSA 8,2026-09-12,375.00,USD,eBay,unknown,FALSE,,,PSA 8 NM-MT Dark Raichu #83 1st Edition 2000 Pokemon Team Rocket Holo 83/82,https://www.ebay.es/itm/820114778336,PriceCharting
Team Rocket,Dark Raichu,83/82,1st Edition,PSA 8,2026-09-12,385.00,USD,eBay,best offer,TRUE,,,2000 Pokemon Team Rocket Dark Raichu #83 PSA 8 1st Edition Holo NM-MT #83,https://www.ebay.es/itm/398375204837,PriceCharting
Team Rocket,Dark Raichu,83/82,1st Edition,PSA 8,2026-09-11,399.00,USD,eBay,unknown,FALSE,,,2000 Pokemon Team Rocket First Edition #83/82 Dark Raichu Holo PSA 8 w/ SWIRL!,https://www.ebay.es/itm/336710187000,PriceCharting
Team Rocket,Dark Raichu,83/82,1st Edition,PSA 8,2026-09-09,376.20,USD,eBay,best offer,TRUE,,,Pokémon TCG - Dark Raichu Holo 83/82 - 1st Edition - PSA 8 83/82,https://www.ebay.es/itm/800625781686,PriceCharting
Team Rocket,Dark Raichu,83/82,1st Edition,PSA 8,2026-09-01,345.00,USD,eBay,unknown,FALSE,,,2000 Pokemon Team Rocket First Edition Dark Raichu Rare Holo #83/82 PSA 8,https://www.ebay.es/itm/128046263566,PriceCharting
Team Rocket,Dark Raichu,83/82,1st Edition,PSA 8,2026-09-01,379.99,USD,eBay,unknown,FALSE,,,2000 Pokemon Team Rocket Dark Raichu 1st Edition Holo PSA 8 #83/82 83/82,https://www.ebay.es/itm/158243589235,PriceCharting
Team Rocket,Dark Raichu,83/82,1st Edition,PSA 8,2026-08-30,442.64,USD,eBay,unknown,FALSE,,,2000 Pokémon Team Rocket 1st Edition 83/82 Dark Raichu Holo PSA 8 83/82,https://www.ebay.es/itm/188828540047,PriceCharting
Team Rocket,Dark Raichu,83/82,1st Edition,PSA 8,2026-08-28,381.60,USD,eBay,unknown,FALSE,,,The Pokémon Company 2000 Dark Raichu 83/82 Team Rocket Holo 1st Edition PSA 8 83/82,https://www.ebay.es/itm/188827326595,PriceCharting
Team Rocket,Dark Raichu,83/82,1st Edition,PSA 8,2026-08-14,399.00,USD,eBay,unknown,FALSE,,,2000 Pokemon TCG Team Rocket 1st Edition #83 Dark Raichu Holo PSA 8 - SWIRL #83,https://www.ebay.es/itm/257664012584,PriceCharting
Team Rocket,Dark Raichu,83/82,1st Edition,PSA 8,2026-08-02,357.00,USD,eBay,unknown,FALSE,,,Pokemon Dark Raichu Holo Secret Rare Team Rocket 83 1st Edition PSA 8 #83,https://www.ebay.es/itm/287481268391,PriceCharting
Team Rocket,Dark Raichu,83/82,1st Edition,PSA 8,2026-07-27,425.00,USD,eBay,unknown,FALSE,,,Pokemon Dark Raichu #83 Team Rocket 1st Edition PSA 8 NM-MT,https://www.ebay.es/itm/188640081057,PriceCharting
Team Rocket,Dark Raichu,83/82,1st Edition,PSA 8,2026-07-21,395.00,USD,eBay,unknown,FALSE,,,SWIRL! 2000 Pokemon Team Rocket Dark Raichu Holo 1st Edition 83/82 PSA 8 83/82,https://www.ebay.es/itm/227424142724,PriceCharting
Team Rocket,Dark Raichu,83/82,1st Edition,PSA 8,2026-07-16,355.00,USD,eBay,unknown,FALSE,,,2000 Pokemon Team Rocket First Edition Dark Raichu Holo #83/82 PSA 8,https://www.ebay.es/itm/127968251264,PriceCharting
Team Rocket,Dark Raichu,83/82,1st Edition,PSA 8,2026-07-06,311.89,USD,eBay,unknown,FALSE,,,PSA 8 NM-MT Dark Raichu #83 1st Edition 2000 Pokemon Team Rocket Holo 83/82,https://www.ebay.es/itm/407027754396,PriceCharting
Team Rocket,Dark Raichu,83/82,1st Edition,PSA 8,2026-07-04,420.00,USD,eBay,unknown,FALSE,,,Pokemon Dark Raichu Team Rocket 1st Edition Holo Secret Rare #83 PSA 8 83/82,https://www.ebay.es/itm/158032500668,PriceCharting
Team Rocket,Dark Raichu,83/82,1st Edition,PSA 9,2026-09-15,920.00,USD,eBay,best offer,TRUE,,,2000 Pokemon Dark Raichu 1st Edition Team Rocket Holo #83 PSA 9 #83,https://www.ebay.es/itm/168553010203,PriceCharting
Team Rocket,Dark Raichu,83/82,1st Edition,PSA 9,2026-09-14,899.35,USD,eBay,unknown,FALSE,,,Pokémon TCG - Dark Raichu Holo 83/82 -Team Rocket 1st Edition - PSA 9 83/82,https://www.ebay.es/itm/287526687944,PriceCharting
Team Rocket,Dark Raichu,83/82,1st Edition,PSA 9,2026-09-10,1060.00,USD,eBay,unknown,FALSE,,,2000 POKEMON ROCKET 1ST EDITION #83 DARK RAICHU-HOLO PSA 9 #83,https://www.ebay.es/itm/117389975620,PriceCharting
Team Rocket,Dark Raichu,83/82,1st Edition,PSA 9,2026-08-31,810.00,USD,eBay,unknown,FALSE,,,Pokemon Dark Raichu Holo Team Rocket 83 1st Edition PSA 9 Mint #83,https://www.ebay.es/itm/287541277607,PriceCharting
Team Rocket,Dark Raichu,83/82,1st Edition,PSA 9,2026-08-22,1026.62,USD,eBay,unknown,FALSE,,,⚡ Dark Raichu ⚡ 1st Edition Pokemon Card Holo PSA 9 Mint Team Rocket 83/82 #83,https://www.ebay.es/itm/158208509068,PriceCharting
Team Rocket,Dark Raichu,83/82,1st Edition,PSA 9,2026-08-22,901.08,USD,eBay,unknown,FALSE,,,2000 POKEMON TCG TEAM ROCKET DARK RAICHU HOLO 1ST EDITION 83/82 PSA 9 83/82,https://www.ebay.es/itm/178407940845,PriceCharting
Team Rocket,Dark Raichu,83/82,1st Edition,PSA 9,2026-08-17,848.00,USD,eBay,unknown,FALSE,,,Pokemon Dark Raichu Holo Secret Rare Team Rocket 83 1st Edition PSA 9 Mint #83,https://www.ebay.es/itm/287511103176,PriceCharting
Team Rocket,Dark Raichu,83/82,1st Edition,PSA 9,2026-08-10,862.00,USD,eBay,unknown,FALSE,,,2000 Pokemon Team Rocket First Edition Dark Raichu Holo #83/82 PSA 9,https://www.ebay.es/itm/377388206579,PriceCharting
Team Rocket,Dark Raichu,83/82,1st Edition,PSA 9,2026-08-02,850.00,USD,eBay,best offer,TRUE,,,Dark Raichu Holo 83/82 1st Edition Pokemon Team Rocket English Mint PSA 9 83/82,https://www.ebay.es/itm/298518356267,PriceCharting
Team Rocket,Dark Raichu,83/82,1st Edition,PSA 9,2026-08-02,752.68,USD,eBay,unknown,FALSE,,,2000 Pokemon Team Rocket First Edition Dark Raichu Holo #83/82 PSA 9,https://www.ebay.es/itm/377374205324,PriceCharting
Team Rocket,Dark Raichu,83/82,1st Edition,PSA 9,2026-07-20,840.00,USD,eBay,unknown,FALSE,,,Dark Raichu 2000 Team Rocket #83🔥 1st Edition HOLO PSA 9 🔥RARE Vintage Pokemon #83,https://www.ebay.es/itm/366538941314,PriceCharting
Team Rocket,Dark Raichu,83/82,1st Edition,PSA 9,2026-07-19,830.00,USD,eBay,unknown,FALSE,,,Pokemon Dark Raichu Holo Secret Rare Team Rocket 83 1st Edition PSA 9 Mint #83,https://www.ebay.es/itm/287450313406,PriceCharting
Team Rocket,Dark Raichu,83/82,1st Edition,PSA 9,2026-07-19,801.00,USD,eBay,unknown,FALSE,,,Pokemon Dark Raichu Holo Team Rocket 83 1st Edition PSA 9 Mint #83,https://www.ebay.es/itm/287450316823,PriceCharting
Team Rocket,Dark Raichu,83/82,1st Edition,PSA 9,2026-07-16,849.50,USD,eBay,unknown,FALSE,,,Dark Raichu 83/82 Team Rocket 1st Edition Holo PSA 9 SWIRL 2000 Pokemon WOTC #83,https://www.ebay.es/itm/327252006071,PriceCharting
Team Rocket,Dark Raichu,83/82,1st Edition,PSA 10,2026-08-03,9100.00,USD,eBay,unknown,FALSE,,,2000 Pokemon Rocket 1st Edition #83 Dark Raichu Holo PSA 10 GEM MINT #83,https://www.ebay.es/itm/800413329219,PriceCharting
Team Rocket,Dark Raichu,83/82,1st Edition,PSA 10,2026-07-22,8000.00,USD,eBay,best offer,TRUE,,,2000 Pokemon Team Rocket Dark Raichu - Holo 1st Edition #83 PSA 10 - POP-246,https://www.ebay.es/itm/158003280251,PriceCharting
Team Rocket,Dark Raichu,83/82,1st Edition,PSA 10,2026-07-20,7000.00,USD,eBay,best offer,TRUE,,,Dark Raichu 2000 Pokemon Team Rocket 1st Edition #83 Holo PSA 10 83/82,https://www.ebay.es/itm/157981983590,PriceCharting
Team Rocket,Dark Raichu,83/82,1st Edition,PSA 10,2026-06-14,5955.00,USD,eBay,unknown,FALSE,,,Pokemon Dark Raichu Team Rocket 1st Edition Holo Secret Rare #83 SUNFADED PSA 10,https://www.ebay.es/itm/287372396151,PriceCharting
Team Rocket,Dark Raichu,83/82,1st Edition,PSA 10,2026-05-20,6422.00,USD,eBay,unknown,FALSE,,,2000 Pokemon Rocket 1st Edition #83 Dark Raichu Holo PSA 10 GEM MINT,https://www.ebay.es/itm/800010170998,PriceCharting
Team Rocket,Dark Raichu,83/82,1st Edition,PSA 10,2026-05-11,8200.00,USD,eBay,unknown,FALSE,,,2000 Pokemon Rocket 1st Edition #83 Dark Raichu Holo PSA 10 GEM MINT,https://www.ebay.es/itm/366385693033,PriceCharting
Team Rocket,Dark Raichu,83/82,1st Edition,PSA 10,2026-05-04,7758.00,USD,eBay,unknown,FALSE,,,Pokemon Dark Raichu Team Rocket 1st Edition Holo Rare #83/82 PSA 10 GEM MINT 83/82,https://www.ebay.es/itm/157841012062,PriceCharting
Team Rocket,Dark Raichu,83/82,1st Edition,PSA 10,2026-04-06,8300.00,USD,eBay,unknown,FALSE,,,Pokemon Dark Raichu Team Rocket 1st Edition Holo Secret Rare #83 PSA 10 Gem Mint,https://www.ebay.es/itm/287232915998,PriceCharting
Team Rocket,Dark Raichu,83/82,1st Edition,PSA 10,2026-03-29,6808.81,USD,eBay,unknown,FALSE,,,2000 POKEMON ROCKET 1ST EDITION #83 DARK RAICHU HOLO PSA 10 #83,https://www.ebay.es/itm/306835703008,PriceCharting
Team Rocket,Dark Raichu,83/82,1st Edition,PSA 10,2026-03-16,9136.00,USD,eBay,unknown,FALSE,,,Pokemon Dark Raichu Team Rocket 1st Edition Holo Secret Rare #83 PSA 10 Gem Mint,https://www.ebay.es/itm/287182392111,PriceCharting
Team Rocket,Dark Raichu,83/82,1st Edition,PSA 10,2026-02-13,6000.00,USD,eBay,unknown,FALSE,,,Pokemon Raichu Team Rocket 1st Edition Holo Secret Rare #83 PSA 10 Gem Mint,https://www.ebay.es/itm/286991075949,PriceCharting
Team Rocket,Dark Raichu,83/82,1st Edition,PSA 10,2026-01-15,4500.00,USD,eBay,unknown,FALSE,,,Pokemon Dark Raichu Team Rocket 1st Edition Holo Secret Rare #83 PSA 10 Gem Mint,https://www.ebay.es/itm/286991075954,PriceCharting
Team Rocket,Dark Raichu,83/82,1st Edition,PSA 10,2025-12-23,4900.00,USD,eBay,best offer,TRUE,,,1ST EDITION 2000 POKEMON TEAM ROCKET #83/82 DARK RAICHU HOLO PSA 10 83/82,https://www.ebay.es/itm/227104282595,PriceCharting
Team Rocket,Dark Raichu,83/82,1st Edition,PSA 10,2025-11-28,5206.81,USD,eBay,unknown,FALSE,,,2000 POKEMON TEAM ROCKET 1ST EDITION #83/82 DARK RAICHU HOLO PSA 10 83/82,https://www.ebay.es/itm/205860702959,PriceCharting
Team Rocket,Dark Raichu,83/82,1st Edition,PSA 10,2025-11-12,4700.00,USD,eBay,best offer,TRUE,,,Pokemon Dark Raichu #83 Team Rocket 1st Edition PSA 10 Gem Mint,https://www.ebay.es/itm/187732350657,PriceCharting
Team Rocket,Dark Raichu,83/82,1st Edition,PSA 10,2025-10-16,5000.00,USD,eBay,unknown,FALSE,,,Pokemon Dark Raichu Team Rocket 1st Edition #83 PSA 10 Gem Mint,https://www.ebay.es/itm/187364889166,PriceCharting
Team Rocket,Dark Raichu,83/82,1st Edition,PSA 10,2025-09-30,4000.00,USD,eBay,unknown,FALSE,,,Pokemon Dark Raichu Team Rocket 1st Edition Secret Rare Holo #83 PSA 10 Gem Mint #83,https://www.ebay.es/itm/167739673529,PriceCharting
Team Rocket,Dark Raichu,83/82,1st Edition,PSA 10,2025-09-01,3150.00,USD,eBay,unknown,FALSE,,,Pokemon Dark Raichu Team Rocket 1st Edition Secret Rare Holo #83 PSA 10 Gem Mint,https://www.ebay.es/itm/286778155360,PriceCharting
Team Rocket,Dark Raichu,83/82,1st Edition,PSA 10,2025-09-01,4161.00,USD,eBay,unknown,FALSE,,,Pokemon Dark Raichu Team Rocket 1st Edition Secret Rare Holo #83 PSA 10 Gem Mint #83,https://www.ebay.es/itm/317208284155,PriceCharting
Team Rocket,Dark Raichu,83/82,1st Edition,PSA 10,2025-08-04,3700.00,USD,eBay,unknown,FALSE,,,Pokemon Dark Raichu Team Rocket 1st Edition Secret Rare Holo #83 PSA 10 Gem Mint,https://www.ebay.es/itm/286726471334,PriceCharting
Team Rocket,Dark Raichu,83/82,1st Edition,PSA 10,2025-07-14,3686.00,USD,eBay,unknown,FALSE,,,Pokemon Dark Raichu Team Rocket 1st Edition Secret Rare Holo #83 PSA 10 Gem Mint,https://www.ebay.es/itm/286689934766,PriceCharting
Team Rocket,Dark Raichu,83/82,1st Edition,PSA 10,2025-07-13,4200.00,USD,eBay,unknown,FALSE,,,Pokemon Dark Raichu Team Rocket 1st Edition Holo Rare #83 PSA 10 Gem Mint #83,https://www.ebay.es/itm/286705064934,PriceCharting
Team Rocket,Dark Raichu,83/82,1st Edition,PSA 10,2025-03-12,5678.69,USD,eBay,unknown,FALSE,,,Swirl PSA 10 Dark Raichu 83/82 1st ED. Team Rocket Secret Holo Rare 2000 Pokemon #83,https://www.ebay.es/itm/135132923864,PriceCharting
Team Rocket,Dark Raichu,83/82,1st Edition,PSA 10,2025-02-18,2250.00,USD,eBay,unknown,FALSE,,,Pokemon Team Rocket 1st Edition Dark Raichu Secret Rare 83/82 Holo PSA 10 #83,https://www.ebay.es/itm/276861109754,PriceCharting
Team Rocket,Dark Raichu,83/82,1st Edition,PSA 10,2025-02-01,1799.00,USD,eBay,unknown,FALSE,,,POKEMON DARK RAICHU TEAM ROCKET FIRST EDITION PSA 10 HOLO #83 SECRET RARE GEM #83,https://www.ebay.es/itm/285797707333,PriceCharting
Team Rocket,Dark Raichu,83/82,1st Edition,PSA 10,2025-01-28,1599.95,USD,eBay,unknown,FALSE,,,Pokémon - Dark Raichu Team Rocket 1st Edition #83 PSA 10,https://www.ebay.es/itm/175844931758,PriceCharting
Team Rocket,Dark Raichu,83/82,1st Edition,PSA 10,2025-01-07,1250.00,USD,eBay,unknown,FALSE,,,Pokémon - Dark Raichu Team Rocket 1st Edition #83 PSA 10 #83,https://www.ebay.es/itm/356439134033,PriceCharting
Team Rocket,Dark Raichu,83/82,1st Edition,PSA 10,2024-08-28,1450.00,USD,eBay,unknown,FALSE,,,2000 Pokemon Team Rocket 1st Edition #83 Dark Raichu Holo PSA 10 GEM MINT,https://www.ebay.es/itm/375602725997,PriceCharting
Team Rocket,Dark Raichu,83/82,Unlimited,PSA 8,2026-09-23,231.67,USD,eBay,unknown,FALSE,,,Pokémon TCG Team Rocket Dark Raichu Holo 83/82 PSA 8 English 2000,https://www.ebay.es/itm/398413550879,PriceCharting
Team Rocket,Dark Raichu,83/82,Unlimited,PSA 8,2026-09-18,190.19,USD,eBay,unknown,FALSE,,,Pokemon Dark Raichu Team Rocket Unlimited Secret Rare Holo #83 PSA 8 - (W/Swirl) 83/82,https://www.ebay.es/itm/336784313919,PriceCharting
Team Rocket,Dark Raichu,83/82,Unlimited,PSA 8,2026-09-01,250.00,USD,eBay,unknown,FALSE,,,Pokemon PSA 8 Dark Raichu 83/82 Team Rocket EN Holo Secret Rare Unlimited 83/82,https://www.ebay.es/itm/800559158511,PriceCharting
Team Rocket,Dark Raichu,83/82,Unlimited,PSA 8,2026-09-01,189.99,USD,eBay,unknown,FALSE,,,Dark Raichu 83/82 Team Rocket Holo Pokémon TCG - PSA 8 83/82,https://www.ebay.es/itm/318787303579,PriceCharting
Team Rocket,Dark Raichu,83/82,Unlimited,PSA 8,2026-08-30,463.63,USD,eBay,unknown,FALSE,,,🔹PSA 8 NM-MT🔹Dark Raichu 83/82 Holo🔸2000 Team Rocket Pokemon TCG Graded Card 83/82,https://www.ebay.es/itm/800270282250,PriceCharting
Team Rocket,Dark Raichu,83/82,Unlimited,PSA 8,2026-08-25,199.98,USD,eBay,unknown,FALSE,,,Dark Raichu 83/82 Team Rocket Holo *TAIL SWIRL* Pokémon TCG - PSA 8 83/82,https://www.ebay.es/itm/188814786946,PriceCharting
Team Rocket,Dark Raichu,83/82,Unlimited,PSA 8,2026-08-22,130.00,USD,eBay,best offer,TRUE,,,Pokemon Team Rocket Dark Raichu 83/82 Holo Unlimited PSA 8 English 2000 83/82,https://www.ebay.es/itm/137648466851,PriceCharting
Team Rocket,Dark Raichu,83/82,Unlimited,PSA 8,2026-08-22,297.53,USD,eBay,best offer,TRUE,,,PSA 8 Pokemon Team Rocket Dark Raichu Holo Secret Rare 83/82 #83,https://www.ebay.es/itm/287436383234,PriceCharting
Team Rocket,Dark Raichu,83/82,Unlimited,PSA 8,2026-08-13,200.00,USD,eBay,unknown,FALSE,,,Pokemon PSA 8 Dark Raichu 83/82 Team Rocket EN Holo Secret Rare Unlimited 83/82,https://www.ebay.es/itm/800469802841,PriceCharting
Team Rocket,Dark Raichu,83/82,Unlimited,PSA 8,2026-07-29,205.00,USD,eBay,unknown,FALSE,,,Pokemon Team Rocket Dark Raichu ⚡️ 83/82 PSA 8 ⚡️ 83/82,https://www.ebay.es/itm/147425670501,PriceCharting
Team Rocket,Dark Raichu,83/82,Unlimited,PSA 8,2026-07-20,138.50,USD,eBay,unknown,FALSE,,,Pokemon 2000 Dark Raichu 83/82 Holo Secret Rare Team Rocket PSA 8 83/82,https://www.ebay.es/itm/407062125449,PriceCharting
Team Rocket,Dark Raichu,83/82,Unlimited,PSA 8,2026-07-03,152.50,USD,eBay,unknown,FALSE,,,2000 POKEMON TEAM ROCKET UNLIMITED EDITION #83 DARK RAICHU-HOLO PSA 8 w/ SWIRL #83,https://www.ebay.es/itm/227405126352,PriceCharting
Team Rocket,Dark Raichu,83/82,Unlimited,PSA 8,2026-06-22,195.50,USD,eBay,unknown,FALSE,,,2000 POKEMON ROCKET #83 DARK RAICHU-HOLO PSA 8 #83,https://www.ebay.es/itm/117247158972,PriceCharting
Team Rocket,Dark Raichu,83/82,Unlimited,PSA 9,2026-09-24,428.00,USD,eBay,best offer,TRUE,,,Pokemon Team Rocket Dark Raichu 83/82 PSA 9 *437,https://www.ebay.es/itm/398417532894,PriceCharting
Team Rocket,Dark Raichu,83/82,Unlimited,PSA 9,2026-09-08,260.00,USD,eBay,best offer,TRUE,,,2000 Pokemon Team Rocket Dark Raichu 83/82 Holo Secret Rare PSA 9 ENG 83/82,https://www.ebay.es/itm/147558109749,PriceCharting
Team Rocket,Dark Raichu,83/82,Unlimited,PSA 9,2026-09-01,300.00,USD,eBay,unknown,FALSE,,,Pokemon Dark Raichu Holo Team Rocket 83 PSA 9 Mint #83,https://www.ebay.es/itm/147540832694,PriceCharting
Team Rocket,Dark Raichu,83/82,Unlimited,PSA 9,2026-08-30,315.00,USD,eBay,unknown,FALSE,,,Pokemon Dark Raichu Holo Team Rocket 83 PSA 9 Mint #83,https://www.ebay.es/itm/287541280322,PriceCharting
Team Rocket,Dark Raichu,83/82,Unlimited,PSA 9,2026-08-30,349.00,USD,eBay,unknown,FALSE,,,Pokemon Team Rocket Dark Raichu PSA 9 83/82,https://www.ebay.es/itm/147509997516,PriceCharting
Team Rocket,Dark Raichu,83/82,Unlimited,PSA 9,2026-08-18,250.00,USD,eBay,best offer,TRUE,,,Pokemon Team Rocket Dark Raichu 83/82 Holo Secret Rare PSA 9 English 2000 83/82,https://www.ebay.es/itm/137636348153,PriceCharting
Team Rocket,Dark Raichu,83/82,Unlimited,PSA 9,2026-08-08,275.00,USD,eBay,unknown,FALSE,,,Pokemon 2000 Dark Raichu 83/82 Holo Team Rocket PSA 9 83/82,https://www.ebay.es/itm/407111813889,PriceCharting
Team Rocket,Dark Raichu,83/82,Unlimited,PSA 9,2026-07-25,310.00,USD,eBay,best offer,TRUE,,,Pokémon TCG 2000 Team Rocket Dark Raichu Holo Secret Rare #83/82 PSA 9 English 83/82,https://www.ebay.es/itm/377365853346,PriceCharting
Team Rocket,Dark Raichu,83/82,Unlimited,PSA 9,2026-07-14,305.00,USD,eBay,unknown,FALSE,,,Pokemon Dark Raichu Holo Secret Rare Team Rocket 83 PSA 9 Mint #83,https://www.ebay.es/itm/127970948524,PriceCharting
Team Rocket,Dark Raichu,83/82,Unlimited,PSA 9,2026-07-12,311.00,USD,eBay,unknown,FALSE,,,Pokemon Dark Raichu Holo Secret Rare Team Rocket 83 PSA 9 Mint #83,https://www.ebay.es/itm/287433881629,PriceCharting
Team Rocket,Dark Raichu,83/82,Unlimited,PSA 9,2026-07-07,330.00,USD,eBay,best offer,TRUE,,,Pokemon TCG Dark Raichu 83/82 Team Rocket Holo Secret Rare Unlimited PSA 9 83/82,https://www.ebay.es/itm/358764281350,PriceCharting
Team Rocket,Dark Raichu,83/82,Unlimited,PSA 9,2026-06-27,376.95,USD,eBay,unknown,FALSE,,,Pokemon Team Rocket Dark Raichu 83/82 PSA 9 *949,https://www.ebay.es/itm/397923206990,PriceCharting
Team Rocket,Dark Raichu,83/82,Unlimited,PSA 9,2026-06-12,301.00,USD,eBay,unknown,FALSE,,,2000 WOTC POKEMON TEAM ROCKET UNLIMITED DARK RAICHU #83/82 HOLO RARE PSA 9 MINT 83/82,https://www.ebay.es/itm/358622527702,PriceCharting
Team Rocket,Dark Raichu,83/82,Unlimited,PSA 9,2026-06-11,349.99,USD,eBay,unknown,FALSE,,,Pokemon Dark Raichu Team Rocket Unlimited Holo Secret Rare #83 PSA 9 Mint,https://www.ebay.es/itm/287136299546,PriceCharting
Team Rocket,Dark Raichu,83/82,Unlimited,PSA 9,2026-06-06,306.00,USD,eBay,unknown,FALSE,,,2000 POKEMON ROCKET #83 DARK RAICHU-HOLO PSA 9 #83,https://www.ebay.es/itm/306968905335,PriceCharting
Team Rocket,Dark Raichu,83/82,Unlimited,PSA 9,2026-05-24,304.99,USD,eBay,unknown,FALSE,,,Pokemon Dark Raichu Team Rocket Unlimited Holo Secret Rare #83 PSA 9 Mint #83,https://www.ebay.es/itm/157916862232,PriceCharting
Team Rocket,Dark Raichu,83/82,Unlimited,PSA 9,2026-05-12,352.04,USD,eBay,unknown,FALSE,,,PSA 9 Dark Raichu Holo 2000 Team Rocket Pokemon - English Unlimited #83 Secret 83/82,https://www.ebay.es/itm/227328493410,PriceCharting
Team Rocket,Dark Raichu,83/82,Unlimited,PSA 10,2026-07-23,7877.77,USD,eBay,unknown,FALSE,,,2000 Pokemon Team Rocket Unlimited Dark Raichu Holo PSA 10 POP 33!!!,https://www.ebay.es/itm/800348428261,PriceCharting
Team Rocket,Dark Raichu,83/82,Unlimited,PSA 10,2026-02-22,3618.00,USD,eBay,unknown,FALSE,,,Pokemon Dark Raichu Team Rocket Unlimited Holo Secret Rare #83 PSA 10 Gem Mint,https://www.ebay.es/itm/287140622643,PriceCharting
Team Rocket,Dark Raichu,83/82,Unlimited,PSA 10,2025-08-25,2801.00,USD,eBay,unknown,FALSE,,,Pokemon Dark Raichu Team Rocket Unlimited Secret Rare Holo #83 PSA 10 Gem Mint,https://www.ebay.es/itm/286766001580,PriceCharting
Team Rocket,Dark Raichu,83/82,Unlimited,PSA 10,2024-10-15,600.00,USD,eBay,unknown,FALSE,,,PSA 10 Dark Raichu 83/82 Team Rocket Pokemon Card 2000 Swirl🌀 83/82,https://www.ebay.es/itm/405286936115,PriceCharting
